barcode	in_tissue	array_row	array_col	pxl_row_in_fullres	pxl_col_in_fullres	spot_compartment	annotation_confidence	is_candidate_sender_compartment	is_candidate_receiver_compartment	MIF	CD74	CXCR4	CXCR2	NFKBIA	IL1B	mif_target_sum	mif_target_mean	mif_cd74_both_positive	mif_cd74_min_expr
AACAATCCGAGTGGAC-1	1	103	47	24439	35462	tumor_like	medium	1	1	194	112	2	0	21	0	135	27	1	112
AACAATGTGCTCCGAG-1	1	98	158	35549	34502	tumor_like	medium	1	1	28	46	0	0	10	0	56	11.2	1	28
AACACCATACGATAGT-1	1	4	154	35010	18218	tumor_like	medium	1	1	16	1	0	0	1	0	2	0.4	1	1
AACACCATTCGCATAC-1	1	53	139	33580	26720	tumor_like	medium	1	1	3	0	0	0	2	0	2	0.4	0	0
AACACCGAATGTCTCA-1	1	34	176	37257	23397	tumor_like	medium	1	1	49	4	0	0	2	0	6	1.2	1	4
AACACCGAGCTTGGAT-1	1	56	24	22066	27339	tumor_like	medium	1	1	0	0	0	0	0	0	0	0	0	0
AACACGACAACGGAGT-1	1	71	203	40016	29784	tumor_like	medium	1	1	12	1	1	0	2	0	4	0.8	1	1
AACACGCAGATAACAA-1	1	56	142	33885	27238	tumor_like	medium	1	1	8	0	0	0	3	0	3	0.6	0	0
AACACGGAACGAGTTA-1	1	97	9	20624	34455	tumor_like	medium	1	1	5	1	0	0	3	0	4	0.8	1	1
AACACGGCACCGATAG-1	1	125	73	27076	39252	tumor_like	medium	1	1	48	3	0	0	5	0	8	1.6	1	3
AACACGTTGATACCGC-1	1	85	87	28419	32309	tumor_like	medium	1	1	82	3	0	0	12	0	15	3	1	3
AACACTCGAAGTATCA-1	1	64	18	21477	28730	tumor_like	medium	1	1	0	0	0	0	0	0	0	0	0	0
AACACTCGTGAGCTTC-1	1	89	127	32431	32968	tumor_like	medium	1	1	41	3	0	0	10	0	13	2.6	1	3
AACACTCGTTGTGACG-1	1	16	214	41037	20246	tumor_like	medium	1	1	0	1	0	0	0	0	1	0.2	0	0
AACAGCCTCCTGACTA-1	1	104	118	31552	35576	tumor_like	medium	1	1	21	1	0	0	7	0	8	1.6	1	1
AACAGCGATGCTTCAA-1	1	0	36	23185	17626	tumor_like	medium	1	1	0	0	0	0	0	0	0	0	0	0
AACAGCTGTCGCAGAA-1	1	6	96	29204	18614	tumor_like	medium	1	1	2	0	0	0	0	0	0	0	0	0
AACAGGAATTCTGTGA-1	1	50	128	32474	26211	tumor_like	medium	1	1	35	1	0	0	7	0	8	1.6	1	1
AACAGGATACTCTTAG-1	1	101	71	26840	35095	tumor_like	medium	1	1	182	41	1	0	27	0	69	13.8	1	41
AACAGGATGCTGGCAT-1	1	21	85	28124	21222	tumor_like	medium	1	1	0	0	0	0	0	0	0	0	0	0
AACAGGCCAGGCCGCT-1	1	96	94	29136	34210	tumor_like	medium	1	1	234	26	1	0	29	0	56	11.2	1	26
AACAGGCCATTGTCAC-1	1	70	82	27896	29715	tumor_like	medium	1	1	50	2	0	0	4	0	6	1.2	1	2
AACAGTATCCGCCTGG-1	1	84	50	24712	32168	tumor_like	medium	1	1	97	9	0	0	18	0	27	5.4	1	9
AACAGTCAATGTGATA-1	1	75	25	22194	30629	tumor_like	medium	1	1	0	0	0	0	0	0	0	0	0	0
AACAGTCCAGCATACC-1	1	0	182	37808	17501	tumor_like	medium	1	1	3	0	0	0	1	1	2	0.4	0	0
AACAGTCTGACGAATT-1	1	111	167	36470	36746	ambiguous_or_low_signal	low	0	0	0	0	0	0	0	0	0	0	0	0
AACATACTAACACGTC-1	1	118	92	28968	38024	tumor_like	medium	1	1	88	16	2	0	11	0	29	5.8	1	16
AACATACTCCACAGTT-1	1	71	75	27196	29894	tumor_like	medium	1	1	21	0	0	0	1	0	1	0.2	0	0
AACATAGAAGACTGTT-1	1	104	120	31752	35574	tumor_like	medium	1	1	21	1	1	0	3	0	5	1	1	1
AACATAGAAGGTGAGT-1	1	61	137	33391	28108	tumor_like	medium	1	1	25	18	0	0	4	0	22	4.4	1	18
AACATAGGAGGCGTCC-1	1	87	145	34231	32606	tumor_like	medium	1	1	51	10	0	0	6	0	16	3.2	1	10
AACATAGGTCCATAGC-1	1	70	122	31902	29681	tumor_like	medium	1	1	46	1	0	0	4	0	5	1	1	1
AACATAGGTTCCGCAC-1	1	55	143	33983	27063	tumor_like	medium	1	1	9	0	0	0	0	0	0	0	0	0
AACATAGGTTGGCACC-1	1	69	119	31600	29509	tumor_like	medium	1	1	23	0	0	0	1	0	1	0.2	0	0
AACATAGTGCAGGAAC-1	1	125	117	31482	39214	tumor_like	medium	1	1	65	18	0	0	9	1	28	5.6	1	18
AACATATGCTGACTGT-1	1	117	105	30269	37838	tumor_like	medium	1	1	44	3	0	0	7	0	10	2	1	3
AACATCAAGGCTGGCT-1	1	94	64	26128	33889	tumor_like	medium	1	1	120	11	4	0	28	0	43	8.6	1	11
AACATCAAGTCGTATG-1	1	99	117	31444	34709	tumor_like	medium	1	1	72	1	0	0	9	0	10	2	1	1
AACATCAATCCAGTCA-1	1	11	47	24303	19521	tumor_like	medium	1	1	0	0	0	0	0	0	0	0	0	0
AACATCAGATAGGCTC-1	1	92	154	35140	33466	tumor_like	medium	1	1	16	4	0	0	6	0	10	2	1	4
AACATCTATCGTCTGC-1	1	124	106	30379	39051	tumor_like	medium	1	1	23	8	0	0	2	0	10	2	1	8
AACATCTGGCACTAGC-1	1	104	106	30350	35586	tumor_like	medium	1	1	133	8	1	0	19	0	28	5.6	1	8
AACATGACCGTACGGA-1	1	51	127	32375	26384	tumor_like	medium	1	1	18	0	0	0	3	0	3	0.6	0	0
AACATGACGCCTGGAC-1	1	66	94	29092	29012	tumor_like	medium	1	1	154	1	0	0	1	0	2	0.4	1	1
AACATGAGGAGTCCAC-1	1	96	130	32742	34179	tumor_like	medium	1	1	56	5	0	0	7	0	12	2.4	1	5
AACATGATAGTGTATC-1	1	76	216	41326	30641	tumor_like	medium	1	1	26	5	0	0	1	0	6	1.2	1	5
AACATGCACTTCGGAT-1	1	49	115	31170	26047	tumor_like	medium	1	1	56	3	0	0	9	0	12	2.4	1	3
AACATGCCATACGATA-1	1	112	138	33567	36945	tumor_like	medium	1	1	25	1	1	0	3	0	5	1	1	1
AACATGCGGCGTATGT-1	1	10	216	41228	19205	tumor_like	medium	1	1	1	0	0	0	0	0	0	0	0	0
AACATGGTCAGCCACC-1	1	2	90	28597	17926	tumor_like	medium	1	1	0	0	0	0	1	0	1	0.2	0	0
AACCAACAAGAATGAC-1	1	8	146	34214	18918	tumor_like	medium	1	1	21	4	0	0	4	0	8	1.6	1	4
AACCAACAATCGGTAC-1	1	91	105	30230	33333	tumor_like	medium	1	1	56	2	0	0	11	0	13	2.6	1	2
AACCAACTTCTGTATT-1	1	18	158	35431	20640	tumor_like	medium	1	1	4	1	0	0	2	0	3	0.6	1	1
AACCAAGACCAACTGA-1	1	96	80	27734	34222	tumor_like	medium	1	1	236	15	0	0	38	0	53	10.6	1	15
AACCAAGCATCTTGGA-1	1	23	113	30931	21544	tumor_like	medium	1	1	12	1	0	0	6	0	7	1.4	1	1
AACCAAGCGTATACCG-1	1	59	107	30384	27787	tumor_like	medium	1	1	55	3	0	0	6	0	9	1.8	1	3
AACCAAGCTAGATACG-1	1	75	91	28805	30573	tumor_like	medium	1	1	54	2	1	0	3	0	6	1.2	1	2
AACCAAGTAAGTCTCG-1	1	114	74	27160	37346	tumor_like	medium	1	1	196	11	1	0	30	0	42	8.4	1	11
AACCAAGTGACCGAAG-1	1	72	20	21689	30115	tumor_like	medium	1	1	0	0	0	0	0	0	0	0	0	0
AACCAATCAGTTCCTC-1	1	83	91	28816	31959	tumor_like	medium	1	1	91	1	0	0	7	0	8	1.6	1	1
AACCAATCCGATCGCT-1	1	97	47	24430	34422	tumor_like	medium	1	1	171	37	1	0	14	0	52	10.4	1	37
AACCATACCATAGACG-1	1	98	22	21928	34618	tumor_like	medium	1	1	5	0	0	0	1	0	1	0.2	0	0
AACCATAGATTCTGGC-1	1	34	188	38459	23387	tumor_like	medium	1	1	2	3	0	0	2	0	5	1	1	2
AACCATAGGTGAGTAC-1	1	118	108	30571	38010	tumor_like	medium	1	1	48	3	0	0	12	0	15	3	1	3
AACCATAGTGAGTTGC-1	1	16	76	27215	20364	tumor_like	medium	1	1	0	0	0	0	1	0	1	0.2	0	0
AACCATCGCCGATACA-1	1	125	69	26675	39255	tumor_like	medium	1	1	40	3	0	0	5	0	8	1.6	1	3
AACCATGAATCTGAGG-1	1	88	4	20110	32901	tumor_like	medium	1	1	54	10	0	0	3	0	13	2.6	1	10
AACCGAAGTAGCCTGC-1	1	45	171	36773	25307	tumor_like	medium	1	1	17	13	1	0	2	0	16	3.2	1	13
AACCGCAACTCAACGC-1	1	98	172	36951	34490	tumor_like	medium	1	1	0	0	0	1	0	0	1	0.2	0	0
AACCGTACTTCAAGGT-1	1	121	5	20259	38617	tumor_like	medium	1	1	26	0	0	0	10	0	10	2	0	0
AACCGTCAGTCGGTTG-1	1	109	131	32861	36430	tumor_like	medium	1	1	8	0	0	0	1	0	1	0.2	0	0
AACCGTGCGAATTGTA-1	1	15	107	30319	20163	tumor_like	medium	1	1	16	13	1	0	1	0	15	3	1	13
AACCGTTCAAGGTCAG-1	1	74	96	29304	30396	tumor_like	medium	1	1	30	0	0	0	8	0	8	1.6	0	0
AACCGTTGTAGAGCTC-1	1	22	52	24820	21424	tumor_like	medium	1	1	0	0	0	0	0	0	0	0	0	0
AACCGTTGTCCTTGCT-1	1	101	155	35253	35023	tumor_like	medium	1	1	14	2	1	1	6	0	10	2	1	2
AACCTAATGTAGCCGG-1	1	112	112	30963	36967	tumor_like	medium	1	1	55	2	0	0	5	0	7	1.4	1	2
AACCTCCGTAATTCTG-1	1	73	153	35011	30174	tumor_like	medium	1	1	17	3	0	0	3	0	6	1.2	1	3
AACCTGTCCTGCGAGC-1	1	82	82	27914	31795	tumor_like	medium	1	1	27	0	0	2	3	0	5	1	0	0
AACCTGTCTACCTATC-1	1	112	8	20546	37056	tumor_like	medium	1	1	3	8	0	1	0	0	9	1.8	1	3
AACCTTAACGACAGTC-1	1	93	199	39648	33600	tumor_like	medium	1	1	28	3	0	0	3	0	6	1.2	1	3
AACCTTCTGTGCTGAA-1	1	117	11	20854	37919	tumor_like	medium	1	1	41	7	1	0	3	0	11	2.2	1	7
AACCTTGTCCGTAATT-1	1	111	9	20645	36881	tumor_like	medium	1	1	3	4	0	0	2	0	6	1.2	1	3
AACGAACAAGGCCGAG-1	1	67	149	34602	29137	tumor_like	medium	1	1	76	2	0	0	4	0	6	1.2	1	2
AACGACCAGCCGGCGA-1	1	113	57	25455	37186	tumor_like	medium	1	1	184	12	1	0	30	0	43	8.6	1	12
AACGACCGCTTGCGGT-1	1	39	29	22542	24388	tumor_like	medium	1	1	0	0	0	0	0	0	0	0	0	0
AACGACGGAGATTAAT-1	1	76	190	38722	30663	tumor_like	medium	1	1	30	1	0	0	2	0	3	0.6	1	1
AACGAGCGGTTGTAGG-1	1	102	10	20732	35321	tumor_like	medium	1	1	29	3	0	0	3	0	6	1.2	1	3
AACGAGCTGTAATATT-1	1	50	182	37882	26165	tumor_like	medium	1	1	7	16	1	0	3	0	20	4	1	7
AACGAGGAATCTAGAA-1	1	87	59	25617	32680	tumor_like	medium	1	1	105	5	0	0	21	0	26	5.2	1	5
AACGAGGACATATTAA-1	1	62	84	28084	28327	tumor_like	medium	1	1	63	0	0	0	1	0	1	0.2	0	0
AACGCAACATTAATAC-1	1	126	122	31985	39384	tumor_like	medium	1	1	145	12	0	0	13	0	25	5	1	12
AACGCAACTGCAAGGC-1	1	122	136	33381	38679	tumor_like	medium	1	1	2	4	0	0	2	0	6	1.2	1	2
AACGCACGAACGGTAT-1	1	102	198	39561	35161	tumor_like	medium	1	1	1	0	0	0	0	0	0	0	0	0
AACGCACGTAACATGC-1	1	58	142	33888	27585	tumor_like	medium	1	1	9	1	0	0	0	0	1	0.2	1	1
AACGCATACAAGGCGA-1	1	63	85	28186	28499	tumor_like	medium	1	1	49	0	0	0	4	0	4	0.8	0	0
AACGCTAACTCATATC-1	1	21	189	38540	21133	tumor_like	medium	1	1	42	8	1	0	5	0	14	2.8	1	8
AACGCTCAGGAGTCAG-1	1	90	92	28927	33172	tumor_like	medium	1	1	260	4	1	1	26	0	32	6.4	1	4
AACGCTCGTGGTCGAC-1	1	18	56	25215	20727	tumor_like	medium	1	1	2	0	0	0	0	0	0	0	0	0
AACGCTGGAACATGCA-1	1	23	131	32734	21529	tumor_like	medium	1	1	19	4	0	0	4	0	8	1.6	1	4
AACGCTTGAGAATTAA-1	1	107	135	33259	36080	tumor_like	medium	1	1	22	0	0	0	3	0	3	0.6	0	0
AACGGAGCTCTGTTGA-1	1	125	49	24672	39272	tumor_like	medium	1	1	132	22	1	0	18	0	41	8.2	1	22
AACGGCAATTGTGGTC-1	1	62	158	35496	28264	tumor_like	medium	1	1	26	1	0	0	4	0	5	1	1	1
AACGGCCGTACTTCCT-1	1	86	92	28921	32479	tumor_like	medium	1	1	79	2	0	0	4	0	6	1.2	1	2
AACGGCGACGTCCACC-1	1	71	89	28598	29882	tumor_like	medium	1	1	14	0	0	0	4	1	5	1	0	0
AACGGCGAGTGCCGAG-1	1	81	135	33220	31575	tumor_like	medium	1	1	28	2	0	0	2	0	4	0.8	1	2
AACGGCGATACGCCAC-1	1	5	15	21089	18509	immune	medium	0	0	0	0	0	0	0	0	0	0	0	0
AACGTAAGACGGTTAG-1	1	53	181	37786	26684	tumor_like	medium	1	1	2	13	0	0	1	0	14	2.8	1	2
AACGTGAAGTAACTGG-1	1	67	15	21181	29252	tumor_like	medium	1	1	0	0	0	0	0	0	0	0	0	0
AACGTGGCCGACAATC-1	1	21	117	31329	21194	tumor_like	medium	1	1	26	0	0	1	3	0	4	0.8	0	0
AACGTGTATCGTGCAA-1	1	92	182	37944	33442	tumor_like	medium	1	1	3	0	0	0	3	0	3	0.6	0	0
AACGTTAGTCACAACT-1	1	65	105	30192	28828	tumor_like	medium	1	1	53	1	0	0	10	0	11	2.2	1	1
AACTAGCAAGCCATTA-1	1	95	153	35044	33986	tumor_like	medium	1	1	25	15	0	0	7	0	22	4.4	1	15
AACTAGGCACAGGCTG-1	1	86	72	26918	32496	tumor_like	medium	1	1	122	15	1	0	25	0	41	8.2	1	15
AACTAGTCGTCCGGCT-1	1	63	25	22177	28550	tumor_like	medium	1	1	1	0	0	0	0	0	0	0	0	0
AACTAGTTCTAATAGA-1	1	127	81	27880	39592	tumor_like	medium	1	1	41	2	0	0	10	0	12	2.4	1	2
AACTAGTTGTCTACTT-1	1	118	144	34176	37979	tumor_like	medium	1	1	0	0	0	0	1	0	1	0.2	0	0
AACTATAACAATAACC-1	1	62	116	31289	28300	tumor_like	medium	1	1	20	0	0	0	0	0	0	0	0	0
AACTATAAGACTCGGT-1	1	13	109	30516	19815	tumor_like	medium	1	1	19	2	0	0	1	0	3	0.6	1	2
AACTATAGCAAGTGTT-1	1	112	150	34768	36935	tumor_like	medium	1	1	9	0	0	0	1	0	1	0.2	0	0
AACTATAGGATGTTCC-1	1	88	186	38339	32745	tumor_like	medium	1	1	4	3	0	0	0	0	3	0.6	1	3
AACTATCTTCGGTGGC-1	1	58	48	24473	27665	tumor_like	medium	1	1	0	0	0	0	1	0	1	0.2	0	0
AACTATGCCACGGTAC-1	1	92	16	21318	33584	tumor_like	medium	1	1	52	13	0	1	7	0	21	4.2	1	13
AACTATGTCAGTTAAG-1	1	95	109	30637	34023	tumor_like	medium	1	1	90	4	0	0	7	0	11	2.2	1	4
AACTATTCAGGATGTT-1	1	32	172	36854	23054	tumor_like	medium	1	1	32	3	1	0	7	0	11	2.2	1	3
AACTCAACTAATAGGT-1	1	51	149	34578	26365	tumor_like	medium	1	1	5	0	0	0	2	0	2	0.4	0	0
AACTCACCTATCGATC-1	1	102	156	35355	35197	tumor_like	medium	1	1	16	3	0	0	4	0	7	1.4	1	3
AACTCACGGACGTGCC-1	1	121	53	25067	38576	tumor_like	medium	1	1	170	6	0	0	30	1	37	7.4	1	6
AACTCAGCACTCCTAC-1	1	10	156	35219	19256	tumor_like	medium	1	1	8	0	0	0	2	0	2	0.4	0	0
AACTCAGTAGGTGCAG-1	1	83	195	39233	31870	tumor_like	medium	1	1	35	1	0	0	2	0	3	0.6	1	1
AACTCATCAGGCCGAT-1	1	120	120	31776	38346	tumor_like	medium	1	1	67	6	0	0	4	0	10	2	1	6
AACTCATGATCCAACG-1	1	90	94	29127	33171	tumor_like	medium	1	1	180	8	0	0	17	0	25	5	1	8
AACTCATGCGTCCTAA-1	1	85	205	40237	32208	tumor_like	medium	1	1	16	1	0	0	3	0	4	0.8	1	1
AACTCGCTTAGCTGCC-1	1	32	186	38256	23042	tumor_like	medium	1	1	26	10	0	0	5	0	15	3	1	10
AACTGAAGTGGATGGT-1	1	87	67	26419	32673	tumor_like	medium	1	1	49	2	2	0	6	0	10	2	1	2
AACTGACATTCAGAGC-1	1	98	208	40557	34459	tumor_like	medium	1	1	0	0	0	0	0	0	0	0	0	0
AACTGCAATCGGACTA-1	1	90	150	34736	33123	tumor_like	medium	1	1	26	6	0	0	5	0	11	2.2	1	6
AACTGCAATTCCTAGA-1	1	102	146	34353	35205	tumor_like	medium	1	1	30	2	0	0	5	0	7	1.4	1	2
AACTGCCGATGAACTT-1	1	30	110	30641	22761	tumor_like	medium	1	1	1	0	0	0	0	0	0	0	0	0
AACTGCCGCTACATCT-1	1	38	168	36462	24097	tumor_like	medium	1	1	26	4	0	0	4	0	8	1.6	1	4
AACTGCCTCGGCCTCC-1	1	73	151	34811	30175	tumor_like	medium	1	1	53	5	1	0	6	0	12	2.4	1	5
AACTGCCTGACAATCC-1	1	43	187	38372	24946	tumor_like	medium	1	1	4	15	2	0	3	0	20	4	1	4
AACTGCTTCTGTTGAC-1	1	65	91	28790	28840	tumor_like	medium	1	1	65	0	0	1	3	0	4	0.8	0	0
AACTGGATTCCAAGGC-1	1	32	178	37455	23049	tumor_like	medium	1	1	29	5	0	0	2	0	7	1.4	1	5
AACTGGTCTGGATAGA-1	1	3	107	30301	18084	tumor_like	medium	1	1	2	1	1	0	0	0	2	0.4	1	1
AACTTCACGTGAACGA-1	1	29	117	31341	22580	tumor_like	medium	1	1	0	0	0	0	0	0	0	0	0	0
AACTTCACTCTGATGG-1	1	72	72	26897	30070	tumor_like	medium	1	1	16	0	1	0	6	0	7	1.4	0	0
AACTTCAGCATACAGA-1	1	103	107	30448	35411	tumor_like	medium	1	1	194	24	0	1	16	0	41	8.2	1	24
AACTTCATAACCTAAT-1	1	89	161	35836	32939	tumor_like	medium	1	1	19	0	0	1	2	0	3	0.6	0	0
AACTTCGTTAGCCGCT-1	1	41	55	25149	24713	tumor_like	medium	1	1	2	0	0	0	3	0	3	0.6	0	0
AACTTGAATAGCACAT-1	1	123	135	33282	38852	tumor_like	medium	1	1	11	5	0	0	3	0	8	1.6	1	5
AACTTGCAACAGCTGC-1	1	60	170	36695	27908	tumor_like	medium	1	1	2	4	0	0	1	0	5	1	1	2
AACTTGCAATAGTACA-1	1	108	70	26750	36310	tumor_like	medium	1	1	176	33	2	0	19	0	54	10.8	1	33
AACTTGGTGATATTCT-1	1	31	145	34148	22903	tumor_like	medium	1	1	1	3	0	0	0	0	3	0.6	1	1
AAGAACCGCACGTAAC-1	1	85	195	39236	32217	tumor_like	medium	1	1	19	2	0	0	2	0	4	0.8	1	2
AAGAACCTATCCAACT-1	1	1	51	24689	17785	tumor_like	medium	1	1	0	0	0	0	0	0	0	0	0	0
AAGAATAAGTCGTTCA-1	1	72	132	32907	30019	tumor_like	medium	1	1	25	1	0	0	0	0	1	0.2	1	1
AAGAATACTCGATGAC-1	1	75	189	38620	30489	tumor_like	medium	1	1	29	6	0	0	3	0	9	1.8	1	6
AAGAATCCATACTTGA-1	1	75	215	41224	30467	tumor_like	medium	1	1	17	4	0	0	2	0	6	1.2	1	4
AAGAATCTATGATATC-1	1	13	65	26109	19852	tumor_like	medium	1	1	0	0	0	0	0	0	0	0	0	0
AAGAATGTAGGTATTG-1	1	62	142	33893	28278	tumor_like	medium	1	1	10	1	0	0	1	0	2	0.4	1	1
AAGAATTGGTAGAATG-1	1	97	105	30239	34373	tumor_like	medium	1	1	128	21	5	0	12	0	38	7.6	1	21
AAGACATCTAAGTATC-1	1	68	134	33101	29324	tumor_like	medium	1	1	18	0	0	0	1	0	1	0.2	0	0
AAGACTAACGCTAGAC-1	1	90	170	36739	33106	tumor_like	medium	1	1	7	0	0	0	1	0	1	0.2	0	0
AAGACTCACGTCGCAG-1	1	87	133	33029	32616	tumor_like	medium	1	1	32	1	0	0	4	0	5	1	1	1
AAGACTGAAGCTTGTT-1	1	20	50	24617	21079	tumor_like	medium	1	1	0	0	0	1	0	0	1	0.2	0	0
AAGACTGAGTGAGCCA-1	1	8	218	41426	18857	tumor_like	medium	1	1	1	0	0	0	0	0	0	0	0	0
AAGACTGATGTAACTG-1	1	2	24	21986	17982	tumor_like	medium	1	1	1	1	0	0	0	0	1	0.2	1	1
AAGACTGGCCGAACGT-1	1	94	106	30335	33853	tumor_like	medium	1	1	88	4	0	0	16	0	20	4	1	4
AAGACTTGATAAGATA-1	1	48	52	24859	25929	tumor_like	medium	1	1	0	0	0	0	0	0	0	0	0	0
AAGACTTGTCGGTCCT-1	1	19	169	36534	20803	tumor_like	medium	1	1	12	0	0	0	0	0	0	0	0	0
AAGAGCACCTAAGTCT-1	1	90	78	27525	33184	tumor_like	medium	1	1	165	5	0	0	17	0	22	4.4	1	5
AAGAGCCGGCTGCAAG-1	1	26	166	36244	22020	tumor_like	medium	1	1	5	0	0	0	0	0	0	0	0	0
AAGAGCTAAGCAGTCT-1	1	69	129	32602	29501	tumor_like	medium	1	1	31	4	0	0	4	0	8	1.6	1	4
AAGAGCTCATAAGAGG-1	1	88	20	21713	32887	tumor_like	medium	1	1	17	3	0	0	2	0	5	1	1	3
AAGATACAGACCAGTA-1	1	46	178	37475	25475	tumor_like	medium	1	1	4	8	0	0	1	0	9	1.8	1	4
AAGATAGGCCAAGTCA-1	1	117	89	28666	37852	tumor_like	medium	1	1	169	12	2	0	8	0	22	4.4	1	12
AAGATAGGTCGGACGC-1	1	43	33	22948	25078	tumor_like	medium	1	1	0	0	0	0	0	0	0	0	0	0
AAGATGAAGACCTCCA-1	1	21	223	41946	21104	tumor_like	medium	1	1	3	1	0	0	0	0	1	0.2	1	1
AAGATGACATGTTGCG-1	1	19	77	27320	20882	tumor_like	medium	1	1	3	1	0	0	0	0	1	0.2	1	1
AAGATGTCGCATCGGC-1	1	81	183	38028	31534	tumor_like	medium	1	1	10	5	0	0	1	0	6	1.2	1	5
AAGATGTTAGTGCTTA-1	1	56	144	34085	27237	tumor_like	medium	1	1	8	1	0	0	1	0	2	0.4	1	1
AAGATGTTGACTCAAC-1	1	108	136	33360	36254	tumor_like	medium	1	1	17	0	0	0	0	0	0	0	0	0
AAGATTATACTCTTCA-1	1	86	148	34530	32431	tumor_like	medium	1	1	15	3	0	0	7	0	10	2	1	3
AAGATTATAGTGCCGT-1	1	71	115	31202	29859	tumor_like	medium	1	1	3	0	0	0	2	0	2	0.4	0	0
AAGATTATGTCTAAGT-1	1	89	87	28425	33002	tumor_like	medium	1	1	50	6	0	0	10	0	16	3.2	1	6
AAGATTGAGTACGTCG-1	1	90	134	33134	33136	tumor_like	medium	1	1	79	2	0	0	5	0	7	1.4	1	2
AAGATTGGTTGATTAC-1	1	113	139	33668	37116	tumor_like	medium	1	1	23	0	0	0	2	0	2	0.4	0	0
AAGCACGCGACGAGAT-1	1	48	56	25259	25926	tumor_like	medium	1	1	3	0	0	0	0	0	0	0	0	0
AAGCACGGATTGGTGA-1	1	47	111	30766	25704	tumor_like	medium	1	1	65	0	0	0	2	0	2	0.4	0	0
AAGCACGGTGATCACG-1	1	91	109	30631	33330	tumor_like	medium	1	1	45	1	0	0	4	0	5	1	1	1
AAGCACGTAATTGACT-1	1	0	138	33401	17539	tumor_like	medium	1	1	20	4	0	0	3	0	7	1.4	1	4
AAGCACGTATCTCCAG-1	1	71	151	34808	29829	tumor_like	medium	1	1	20	2	0	0	6	0	8	1.6	1	2
AAGCACTAAGAAGGAG-1	1	90	142	33935	33130	tumor_like	medium	1	1	65	5	1	0	11	0	17	3.4	1	5
AAGCACTCGTTCGCCA-1	1	68	100	29696	29353	tumor_like	medium	1	1	51	1	0	0	7	0	8	1.6	1	1
AAGCAGAAGGCCGAAC-1	1	48	116	31269	25874	tumor_like	medium	1	1	26	3	1	0	2	0	6	1.2	1	3
AAGCAGACGTCGAGTA-1	1	34	186	38259	23389	tumor_like	medium	1	1	5	8	0	0	0	0	8	1.6	1	5
AAGCAGATCATAATGT-1	1	79	71	26807	31283	tumor_like	medium	1	1	43	2	0	0	6	0	8	1.6	1	2
AAGCAGCCAAGCACGT-1	1	126	46	24373	39449	tumor_like	medium	1	1	238	17	3	0	23	0	43	8.6	1	17
AAGCAGTACAATACGT-1	1	71	129	32605	29848	tumor_like	medium	1	1	23	4	0	1	3	0	8	1.6	1	4
AAGCAGTATCGTAGCG-1	1	87	193	39038	32565	tumor_like	medium	1	1	29	3	1	0	3	0	7	1.4	1	3
AAGCAGTGATCTCCTA-1	1	72	24	22090	30111	tumor_like	medium	1	1	2	0	0	0	0	0	0	0	0	0
AAGCAGTGGTCCTACA-1	1	17	157	35329	20467	tumor_like	medium	1	1	9	0	0	0	1	1	2	0.4	0	0
AAGCCACCGCAGGCCT-1	1	75	27	22395	30628	tumor_like	medium	1	1	1	0	0	0	0	0	0	0	0	0
AAGCCACGGAACCATC-1	1	103	71	26843	35442	tumor_like	medium	1	1	280	32	4	0	30	0	66	13.2	1	32
AAGCCACTCAGGCAGA-1	1	32	192	38857	23037	tumor_like	medium	1	1	2	3	1	1	0	0	5	1	1	2
AAGCCATCTAGAAGTT-1	1	71	199	39616	29788	tumor_like	medium	1	1	6	0	0	0	0	0	0	0	0	0
AAGCCGACCGAGTATG-1	1	92	4	20116	33594	tumor_like	medium	1	1	46	44	2	1	9	0	56	11.2	1	44
AAGCCGACTCGCTCGA-1	1	12	110	30615	19642	tumor_like	medium	1	1	8	4	0	0	1	0	5	1	1	4
AAGCCTATCTAACCTC-1	1	28	170	36648	22363	tumor_like	medium	1	1	19	3	0	0	3	0	6	1.2	1	3
AAGCGAAGTTAGCTCA-1	1	101	109	30646	35063	tumor_like	medium	1	1	138	33	4	0	17	0	54	10.8	1	33
AAGCGACCGCCACTGG-1	1	85	127	32425	32275	tumor_like	medium	1	1	93	6	1	0	6	0	13	2.6	1	6
AAGCGACGAGCGCCTA-1	1	113	99	29662	37150	tumor_like	medium	1	1	25	4	0	0	3	0	7	1.4	1	4
AAGCGACGCTCACGCA-1	1	86	78	27519	32491	tumor_like	medium	1	1	64	2	0	0	7	0	9	1.8	1	2
AAGCGACTGCAAGTCC-1	1	6	194	39019	18530	tumor_like	medium	1	1	3	0	0	0	0	0	0	0	0	0
AAGCGACTTAATCCGA-1	1	1	181	37710	17674	tumor_like	medium	1	1	3	1	0	0	1	0	2	0.4	1	1
AAGCGAGCAAGATAGA-1	1	80	180	37726	31364	tumor_like	medium	1	1	7	7	0	0	0	0	7	1.4	1	7
AAGCGAGCGTAACGAG-1	1	77	193	39024	30833	tumor_like	medium	1	1	28	1	0	0	2	0	3	0.6	1	1
AAGCGAGCTATCACGG-1	1	107	19	21641	36179	tumor_like	medium	1	1	9	2	0	0	3	0	5	1	1	2
AAGCGAGGACGCGGCA-1	1	114	80	27760	37341	tumor_like	medium	1	1	253	10	0	0	15	0	25	5	1	10
AAGCGTCGTATGATGG-1	1	54	50	24667	26970	tumor_like	medium	1	1	0	0	0	0	0	0	0	0	0	0
AAGCGTCTTCCTCAGG-1	1	100	2	19928	34982	tumor_like	medium	1	1	27	4	0	0	4	0	8	1.6	1	4
AAGGAATTAATATGAG-1	1	86	164	36132	32418	tumor_like	medium	1	1	12	3	0	0	5	0	8	1.6	1	3
AAGGACAAGAGTCTCA-1	1	58	172	36892	27559	tumor_like	medium	1	1	3	13	0	0	2	0	15	3	1	3
AAGGACATCAACTGTC-1	1	26	66	26228	22105	tumor_like	medium	1	1	0	0	0	0	0	0	0	0	0	0
AAGGACCGTGAGCCTC-1	1	54	120	31678	26911	tumor_like	medium	1	1	15	5	0	0	2	0	7	1.4	1	5
AAGGACCTGAATAGAA-1	1	2	10	20584	17994	tumor_like	medium	1	1	0	0	0	0	0	0	0	0	0	0
AAGGACTGCAGACCTC-1	1	67	155	35203	29132	tumor_like	medium	1	1	11	1	0	0	3	0	4	0.8	1	1
AAGGACTTCGAGACTG-1	1	3	171	36711	18029	tumor_like	medium	1	1	28	0	0	0	2	0	2	0.4	0	0
AAGGAGAACACTGATG-1	1	17	111	30722	20506	tumor_like	medium	1	1	8	11	0	0	4	0	15	3	1	8
AAGGAGCGTACCAGTA-1	1	99	207	40458	34633	tumor_like	medium	1	1	0	0	0	0	0	0	0	0	0	0
AAGGAGGCAGCGGTGA-1	1	9	211	40726	19035	tumor_like	medium	1	1	2	0	0	1	0	0	1	0.2	0	0
AAGGAGTGCTCCATGG-1	1	59	105	30183	27789	tumor_like	medium	1	1	52	7	1	0	6	0	14	2.8	1	7
AAGGCAACCATCGCAG-1	1	92	212	40949	33416	tumor_like	medium	1	1	11	1	0	0	0	0	1	0.2	1	1
AAGGCACCAACGCACT-1	1	83	49	24610	31995	tumor_like	medium	1	1	81	6	0	0	14	0	20	4	1	6
AAGGCACGGAGGAACC-1	1	121	107	30475	38530	tumor_like	medium	1	1	78	11	0	0	21	1	33	6.6	1	11
AAGGCAGTAATTCGTC-1	1	127	129	32687	39551	tumor_like	medium	1	1	59	13	1	0	4	0	18	3.6	1	13
AAGGCCAGATCTTCCT-1	1	90	4	20113	33247	tumor_like	medium	1	1	23	5	2	0	6	0	13	2.6	1	5
AAGGCCGAGGCGGTAG-1	1	79	113	31014	31247	tumor_like	medium	1	1	16	3	0	0	1	0	4	0.8	1	3
AAGGCCGATAGAGTGA-1	1	29	115	31141	22582	tumor_like	medium	1	1	1	0	0	0	0	0	0	0	0	0
AAGGCCGGATGTCGGC-1	1	65	217	41410	28733	tumor_like	medium	1	1	76	3	0	0	5	0	8	1.6	1	3
AAGGCCTCACTGGTTA-1	1	46	166	36274	25485	tumor_like	medium	1	1	5	6	0	0	1	0	7	1.4	1	5
AAGGCCTCTATCTAGA-1	1	104	110	30750	35583	tumor_like	medium	1	1	85	2	1	0	15	0	18	3.6	1	2
AAGGCGAGGCTCCATA-1	1	90	110	30730	33157	tumor_like	medium	1	1	57	2	0	0	6	0	8	1.6	1	2
AAGGCGCTACCGTTGT-1	1	64	138	33496	28628	tumor_like	medium	1	1	38	14	1	0	4	0	19	3.8	1	14
AAGGCGGAACGTTACT-1	1	1	211	40714	17649	tumor_like	medium	1	1	1	0	0	1	0	1	2	0.4	0	0
AAGGCGGAGCTCATAG-1	1	60	148	34491	27926	tumor_like	medium	1	1	24	1	0	0	2	0	3	0.6	1	1
AAGGCGGATATTCAAG-1	1	59	193	38997	27714	tumor_like	medium	1	1	32	0	0	0	3	0	3	0.6	0	0
AAGGCGTGAGCGAGTG-1	1	88	106	30326	32814	tumor_like	medium	1	1	53	1	0	0	1	0	2	0.4	1	1
AAGGCGTGGAAGCGAC-1	1	18	146	34229	20651	tumor_like	medium	1	1	19	3	0	0	2	0	5	1	1	3
AAGGCGTGGTATGGCT-1	1	61	103	29986	28137	tumor_like	medium	1	1	103	2	0	0	16	0	18	3.6	1	2
AAGGTAGTATGGAAGC-1	1	12	144	34020	19613	tumor_like	medium	1	1	22	3	0	0	2	0	5	1	1	3
AAGGTCATCCAATAGA-1	1	16	122	31822	20325	tumor_like	medium	1	1	14	2	0	0	3	0	5	1	1	2
AAGGTGAATCTAGACT-1	1	92	172	36942	33451	tumor_like	medium	1	1	5	0	0	0	0	0	0	0	0	0
AAGGTGACAACTACTG-1	1	37	51	24742	24023	tumor_like	medium	1	1	2	0	0	0	0	0	0	0	0	0
AAGGTGAGACGGCTTA-1	1	6	108	30405	18604	tumor_like	medium	1	1	3	1	0	0	0	0	1	0.2	1	1
AAGGTGAGATCCACAT-1	1	80	56	25307	31470	tumor_like	medium	1	1	41	1	0	0	7	0	8	1.6	1	1
AAGGTGCCAACCTAAG-1	1	64	190	38704	28584	tumor_like	medium	1	1	50	2	0	0	4	0	6	1.2	1	2
AAGGTTACTTGTGGAA-1	1	92	42	23922	33561	tumor_like	medium	1	1	102	12	0	0	16	0	28	5.6	1	12
AAGGTTATAAGTACAA-1	1	96	48	24529	34249	tumor_like	medium	1	1	160	46	3	0	9	0	58	11.6	1	46
AAGGTTATCGTTCGGC-1	1	1	133	32902	17715	tumor_like	medium	1	1	5	1	0	0	1	0	2	0.4	1	1
AAGGTTATTGACATTC-1	1	113	7	20448	37229	tumor_like	medium	1	1	10	7	0	0	3	0	10	2	1	7
AAGGTTCACCGGCTCA-1	1	65	159	35601	28782	tumor_like	medium	1	1	7	1	0	0	0	0	1	0.2	1	1
AAGGTTCGGTTCTGAT-1	1	63	191	38803	28408	tumor_like	medium	1	1	12	1	0	0	1	0	2	0.4	1	1
AAGGTTGCCTGACGGC-1	1	87	211	40841	32550	tumor_like	medium	1	1	22	0	1	0	5	0	6	1.2	0	0
AAGGTTGGCGAGGTTC-1	1	49	175	37179	25996	tumor_like	medium	1	1	8	10	0	0	4	0	14	2.8	1	8
AAGTACCTCCGACATT-1	1	43	31	22748	25080	tumor_like	medium	1	1	0	0	0	0	0	0	0	0	0	0
AAGTACGTACCATCAC-1	1	14	160	35625	19946	tumor_like	medium	1	1	15	1	0	0	1	0	2	0.4	1	1
AAGTACGTGCTAAGCG-1	1	103	163	36057	35363	tumor_like	medium	1	1	3	0	0	0	2	0	2	0.4	0	0
AAGTACTCGCGAATTA-1	1	16	204	40035	20255	tumor_like	medium	1	1	5	0	1	0	1	0	2	0.4	0	0
AAGTACTCTATTGCCG-1	1	62	46	24278	28360	tumor_like	medium	1	1	1	0	0	0	0	0	0	0	0	0
AAGTCCACTAAGCGCT-1	1	72	218	41520	29946	tumor_like	medium	1	1	15	6	0	0	3	0	9	1.8	1	6
AAGTCCTCCGACGGTA-1	1	83	117	31421	31937	tumor_like	medium	1	1	36	1	1	0	3	0	5	1	1	1
AAGTCGAGATAACTCA-1	1	126	84	28179	39417	tumor_like	medium	1	1	50	6	1	0	6	0	13	2.6	1	6
AAGTCGCACGCCTTCG-1	1	46	156	35272	25494	tumor_like	medium	1	1	6	7	0	0	2	0	9	1.8	1	6
AAGTCGCAGTTACCGA-1	1	111	7	20445	36882	tumor_like	medium	1	1	4	4	1	0	1	0	6	1.2	1	4
AAGTCGCTCGAACGGC-1	1	116	56	25360	37708	tumor_like	medium	1	1	128	4	0	0	23	0	27	5.4	1	4
AAGTCGTTAATGCAGG-1	1	50	56	25262	26272	tumor_like	medium	1	1	1	0	0	0	0	0	0	0	0	0
AAGTCTACTTATTCAT-1	1	11	127	32316	19453	tumor_like	medium	1	1	9	1	0	0	1	0	2	0.4	1	1
AAGTCTGTCAGAATCT-1	1	63	133	32993	28458	tumor_like	medium	1	1	26	6	0	0	3	0	9	1.8	1	6
AAGTGACCGTCGGACT-1	1	81	127	32419	31582	tumor_like	medium	1	1	36	2	0	1	3	0	6	1.2	1	2
AAGTGCCATCGCGTGC-1	1	34	112	30847	23452	tumor_like	medium	1	1	3	0	0	0	0	0	0	0	0	0
AAGTGGCTAATAGATA-1	1	33	185	38157	23215	tumor_like	medium	1	1	26	6	2	0	2	0	10	2	1	6
AAGTGGTATGAGCGTG-1	1	27	115	31138	22236	tumor_like	medium	1	1	2	2	0	0	1	0	3	0.6	1	2
AAGTTAAGCGTGCTCG-1	1	61	215	41203	28041	tumor_like	medium	1	1	42	15	1	0	4	0	20	4	1	15
AAGTTAGTACTACGAA-1	1	78	206	40327	30996	tumor_like	medium	1	1	20	0	0	0	2	0	2	0.4	0	0
AAGTTCAGCGATAGCA-1	1	96	122	31940	34186	tumor_like	medium	1	1	70	17	1	0	8	0	26	5.2	1	17
AAGTTCAGTCCGCCGA-1	1	53	171	36785	26693	tumor_like	medium	1	1	5	16	1	1	1	0	19	3.8	1	5
AAGTTCCGGCTGTAGA-1	1	50	126	32273	26212	tumor_like	medium	1	1	15	2	0	0	4	0	6	1.2	1	2
AAGTTCCTGTCCTTCT-1	1	56	104	30079	27271	tumor_like	medium	1	1	39	1	0	0	6	0	7	1.4	1	1
AATAACATACTAGGAT-1	1	121	145	34281	38497	tumor_like	medium	1	1	0	0	0	0	0	0	0	0	0	0
AATAACATCCATGTGG-1	1	30	184	38053	22698	tumor_like	medium	1	1	27	7	0	1	4	0	12	2.4	1	7
AATAACATTCAATGCA-1	1	111	75	27255	36824	tumor_like	medium	1	1	143	22	0	0	30	0	52	10.4	1	22
AATAACATTCTTCCGT-1	1	106	156	35361	35890	tumor_like	medium	1	1	19	0	0	0	4	0	4	0.8	0	0
AATAACCAGATCCAAG-1	1	12	112	30815	19640	tumor_like	medium	1	1	3	1	0	0	0	0	1	0.2	1	1
AATAACGTAGATACTC-1	1	108	150	34763	36242	tumor_like	medium	1	1	6	0	0	0	0	0	0	0	0	0
AATAACTCACCTGTCG-1	1	30	194	39054	22689	tumor_like	medium	1	1	8	4	0	0	3	0	7	1.4	1	4
AATAACTGCCGTTACC-1	1	91	49	24622	33381	tumor_like	medium	1	1	128	25	3	0	8	0	36	7.2	1	25
AATACATGCTCAGTGA-1	1	99	149	34649	34682	tumor_like	medium	1	1	31	3	0	0	9	0	12	2.4	1	3
AATACATGGTTGACCA-1	1	24	48	24423	21774	tumor_like	medium	1	1	0	1	0	0	0	0	1	0.2	0	0
AATACGATGTTGCCAA-1	1	109	11	20842	36532	tumor_like	medium	1	1	7	3	0	0	1	0	4	0.8	1	3
AATACGATTCACGGCG-1	1	19	151	34731	20819	tumor_like	medium	1	1	12	0	0	0	1	0	1	0.2	0	0
AATACGCAGATTGTGC-1	1	100	198	39558	34815	tumor_like	medium	1	1	0	0	0	0	0	0	0	0	0	0
AATACGCATAGCTTAC-1	1	106	132	32957	35910	tumor_like	medium	1	1	11	0	0	0	3	0	3	0.6	0	0
AATACGTAACTGAGCG-1	1	25	185	38146	21829	tumor_like	medium	1	1	27	4	0	0	2	0	6	1.2	1	4
AATACGTCGCTCAAGA-1	1	19	105	30124	20858	tumor_like	medium	1	1	10	3	0	0	1	0	4	0.8	1	3
AATACTAACCTGTATG-1	1	19	157	35332	20814	tumor_like	medium	1	1	7	0	0	0	1	0	1	0.2	0	0
AATACTAACGGCCTTC-1	1	2	138	33404	17885	tumor_like	medium	1	1	17	3	0	0	4	0	7	1.4	1	3
AATACTAAGCGGATTA-1	1	77	95	29208	30916	tumor_like	medium	1	1	57	0	0	0	3	0	3	0.6	0	0
AATACTAAGTAGTGAA-1	1	3	43	23891	18138	tumor_like	medium	1	1	1	0	0	0	0	0	0	0	0	0
AATACTAATAGAGCGG-1	1	106	56	25345	35975	tumor_like	medium	1	1	210	3	1	0	23	0	27	5.4	1	3
AATACTAATGTTGCAT-1	1	23	65	26124	21585	tumor_like	medium	1	1	0	0	0	0	0	0	0	0	0	0
AATACTCAACAGGAGC-1	1	116	58	25560	37706	tumor_like	medium	1	1	116	11	1	0	30	0	42	8.4	1	11
AATACTCAAGTGACTC-1	1	11	59	25505	19511	tumor_like	medium	1	1	0	0	0	0	0	0	0	0	0	0
AATACTCACGCTAATT-1	1	62	216	41305	28215	tumor_like	medium	1	1	63	23	2	0	18	0	43	8.6	1	23
AATACTGCAACACCGT-1	1	127	67	26478	39604	tumor_like	medium	1	1	46	6	0	0	17	0	23	4.6	1	6
AATACTGTTAGAACAA-1	1	2	38	23389	17970	tumor_like	medium	1	1	0	0	0	0	0	0	0	0	0	0
AATAGCACCAATCAAG-1	1	56	76	27274	27295	tumor_like	medium	1	1	2	0	1	0	1	0	2	0.4	0	0
AATAGCCGAATTCGGT-1	1	127	83	28080	39590	tumor_like	medium	1	1	38	2	1	0	11	0	14	2.8	1	2
AATAGCGAGTAGATAC-1	1	68	130	32700	29328	tumor_like	medium	1	1	20	1	0	0	0	0	1	0.2	1	1
AATAGGCGCCGGAAGG-1	1	81	201	39831	31519	tumor_like	medium	1	1	37	1	0	0	1	0	2	0.4	1	1
AATAGTACATCGTGAT-1	1	89	167	36437	32934	tumor_like	medium	1	1	11	4	0	0	2	0	6	1.2	1	4
AATAGTACCGCTTGCG-1	1	116	54	25159	37710	tumor_like	medium	1	1	130	2	0	0	30	1	33	6.6	1	2
AATAGTGCCAACGGTC-1	1	88	64	26120	32850	tumor_like	medium	1	1	93	10	0	0	17	0	27	5.4	1	10
AATAGTTCTGCAAGTG-1	1	47	185	38178	25641	tumor_like	medium	1	1	4	15	1	0	2	0	18	3.6	1	4
AATAGTTGATAACCGC-1	1	38	32	22841	24213	tumor_like	medium	1	1	0	0	0	1	0	0	1	0.2	0	0
AATATCATGGCTTCAT-1	1	75	83	28003	30580	tumor_like	medium	1	1	24	0	0	0	4	0	4	0.8	0	0
AATCAAGGAATGGTCG-1	1	83	107	30419	31946	tumor_like	medium	1	1	76	2	0	0	5	0	7	1.4	1	2
AATCACCATGCCTATC-1	1	109	61	25850	36490	tumor_like	medium	1	1	168	11	2	0	25	0	38	7.6	1	11
AATCCGCCTCTAGATG-1	1	112	132	32966	36950	tumor_like	medium	1	1	12	1	0	0	5	0	6	1.2	1	1
AATCCTCGCACTACGC-1	1	90	160	35738	33114	tumor_like	medium	1	1	22	1	0	0	2	0	3	0.6	1	1
AATCCTGACGGCGTCT-1	1	115	91	28864	37504	tumor_like	medium	1	1	34	5	0	0	5	0	10	2	1	5
AATCCTGTCTACATGG-1	1	76	134	33113	30711	tumor_like	medium	1	1	57	7	1	1	11	0	20	4	1	7
AATCCTTACGAAGGCA-1	1	108	80	27752	36301	tumor_like	medium	1	1	117	7	0	0	15	0	22	4.4	1	7
AATCGACAGCGGTGCG-1	1	9	127	32313	19106	tumor_like	medium	1	1	16	4	1	0	3	0	8	1.6	1	4
AATCGACTGGAGCGTG-1	1	60	192	38898	27889	tumor_like	medium	1	1	19	1	0	0	2	0	3	0.6	1	1
AATCGCATGATACTTG-1	1	119	111	30873	38180	tumor_like	medium	1	1	38	10	0	0	6	0	16	3.2	1	10
AATCGCTACGGCATAG-1	1	38	176	37263	24090	tumor_like	medium	1	1	31	1	1	0	1	0	3	0.6	1	1
AATCGGCGCATGTCAC-1	1	105	5	20235	35844	tumor_like	medium	1	1	13	5	0	0	4	0	9	1.8	1	5
AATCTAAGTGAAGAGT-1	1	35	171	36758	23574	tumor_like	medium	1	1	18	0	0	1	4	0	5	1	0	0
AATCTAATAGTGGTAT-1	1	76	132	32913	30712	tumor_like	medium	1	1	40	22	2	0	2	0	26	5.2	1	22
AATCTACGTCAACTTA-1	1	10	198	39425	19220	tumor_like	medium	1	1	17	1	0	0	3	0	4	0.8	1	1
AATCTACTTGCGACTA-1	1	24	118	31434	21714	tumor_like	medium	1	1	9	0	0	0	2	0	2	0.4	0	0
AATCTAGTCACCGAGC-1	1	89	19	21614	33060	tumor_like	medium	1	1	16	0	0	0	3	0	3	0.6	0	0
AATCTATCAGTGAATA-1	1	28	176	37249	22358	tumor_like	medium	1	1	17	5	0	0	3	0	8	1.6	1	5
AATCTATTCTAGATAG-1	1	13	51	24707	19864	tumor_like	medium	1	1	0	0	0	0	0	0	0	0	0	0
AATCTATTGGACCGCA-1	1	117	155	35277	37796	ambiguous_or_low_signal	low	0	0	0	0	0	0	0	0	0	0	0	0
AATCTGAATTAGTTCC-1	1	73	93	29002	30225	tumor_like	medium	1	1	4	0	0	0	2	0	2	0.4	0	0
AATCTGCCAGTAATTG-1	1	52	152	34880	26537	tumor_like	medium	1	1	6	4	0	0	3	0	7	1.4	1	4
AATCTGGACGATGCGT-1	1	20	206	40241	20946	tumor_like	medium	1	1	2	4	0	0	0	0	4	0.8	1	2
AATCTGGTACATCTTA-1	1	2	104	29999	17914	tumor_like	medium	1	1	1	1	0	0	0	0	1	0.2	1	1
AATCTTCCGGCAACTT-1	1	122	4	20160	38792	tumor_like	medium	1	1	20	3	0	0	4	0	7	1.4	1	3
AATGAACATGAAGAAC-1	1	80	138	33519	31400	tumor_like	medium	1	1	64	3	0	0	2	0	5	1	1	3
AATGAACCGCGTAGTC-1	1	100	94	29142	34903	tumor_like	medium	1	1	380	23	1	0	15	0	39	7.8	1	23
AATGAACTTATCAGTC-1	1	20	112	30827	21026	tumor_like	medium	1	1	20	5	0	0	6	0	11	2.2	1	5
AATGAAGACTCAGTAG-1	1	64	82	27887	28676	tumor_like	medium	1	1	8	1	0	0	0	0	1	0.2	1	1
AATGAAGGTAGTCTTG-1	1	26	170	36645	22016	tumor_like	medium	1	1	28	0	1	0	5	0	6	1.2	0	0
AATGAAGGTCACGATA-1	1	80	156	35322	31385	tumor_like	medium	1	1	33	0	0	0	8	0	8	1.6	0	0
AATGAAGTCTAGGCAT-1	1	124	84	28176	39070	tumor_like	medium	1	1	42	17	1	0	10	0	28	5.6	1	17
AATGAATATTCCTAGA-1	1	99	127	32446	34701	tumor_like	medium	1	1	62	19	0	0	9	0	28	5.6	1	19
AATGAATGATAGGTTA-1	1	88	126	32329	32797	tumor_like	medium	1	1	42	0	0	0	4	0	4	0.8	0	0
AATGAGACGATGGTTG-1	1	59	169	36593	27734	tumor_like	medium	1	1	5	8	3	0	2	0	13	2.6	1	5
AATGAGGCCACGGAGC-1	1	86	108	30524	32465	tumor_like	medium	1	1	104	0	1	0	7	0	8	1.6	0	0
AATGATTGCGTATCTA-1	1	116	70	26762	37696	tumor_like	medium	1	1	71	2	1	0	9	0	12	2.4	1	2
AATGATTGGAGTGGCC-1	1	118	42	23960	38066	tumor_like	medium	1	1	251	8	3	0	16	0	27	5.4	1	8
AATGATTGGATACTCG-1	1	114	102	29964	37322	tumor_like	medium	1	1	40	18	2	0	7	0	27	5.4	1	18
AATGCACTAGCCACGG-1	1	54	112	30877	26917	tumor_like	medium	1	1	88	8	0	0	9	0	17	3.4	1	8
AATGGAAGGCAAGTAC-1	1	53	179	37586	26686	tumor_like	medium	1	1	6	7	3	0	0	0	10	2	1	6
AATGGAGGACCGACCA-1	1	50	170	36680	26175	tumor_like	medium	1	1	4	11	0	0	4	0	15	3	1	4
AATGGCAAGACATATT-1	1	105	9	20636	35841	tumor_like	medium	1	1	39	1	0	0	4	0	5	1	1	1
AATGGTATGGCTAGAC-1	1	77	109	30610	30904	tumor_like	medium	1	1	55	3	0	0	6	0	9	1.8	1	3
AATGGTATGTGGCTTC-1	1	76	92	28906	30746	tumor_like	medium	1	1	33	0	0	0	4	0	4	0.8	0	0
AATGGTATTGCTTATT-1	1	76	106	30308	30734	tumor_like	medium	1	1	86	0	0	0	16	0	16	3.2	0	0
AATGGTCGCAATCTCA-1	1	86	156	35331	32425	tumor_like	medium	1	1	25	1	1	0	5	0	7	1.4	1	1
AATGGTCGGCAGTCCA-1	1	57	173	36991	27384	ambiguous_or_low_signal	low	0	0	1	23	2	0	1	0	26	5.2	1	1
AATGGTCGTGGCGACC-1	1	39	143	33960	24291	tumor_like	medium	1	1	0	1	0	0	0	0	1	0.2	0	0
AATGGTCTACTCGCCA-1	1	10	196	39225	19222	tumor_like	medium	1	1	8	1	0	0	0	0	1	0.2	1	1
AATGGTGCACAGACAG-1	1	77	73	27005	30935	tumor_like	medium	1	1	60	2	0	0	2	0	4	0.8	1	2
AATGGTGCTTGGCTAA-1	1	59	35	23172	27848	tumor_like	medium	1	1	1	0	0	0	0	0	0	0	0	0
AATGGTGCTTGTTATG-1	1	93	11	20819	33760	tumor_like	medium	1	1	49	2	0	0	7	0	9	1.8	1	2
AATGGTTAAGAAGCGA-1	1	125	137	33486	39197	tumor_like	medium	1	1	9	6	0	0	3	0	9	1.8	1	6
AATGGTTAGTAACGGT-1	1	71	219	41619	29771	tumor_like	medium	1	1	12	6	0	0	2	1	9	1.8	1	6
AATGGTTGACCGGCAT-1	1	48	58	25460	25924	tumor_like	medium	1	1	1	0	0	0	2	0	2	0.4	0	0
AATGGTTGAGGACTCA-1	1	116	50	24759	37713	tumor_like	medium	1	1	166	7	2	0	34	0	43	8.6	1	7
AATGGTTGTCACATGA-1	1	60	138	33490	27935	tumor_like	medium	1	1	34	8	0	0	4	0	12	2.4	1	8
AATTAGCTGTCGAATA-1	1	92	160	35741	33461	tumor_like	medium	1	1	24	1	0	0	6	0	7	1.4	1	1
AATTATACAGTCTACA-1	1	102	128	32550	35221	tumor_like	medium	1	1	21	1	0	0	3	0	4	0.8	1	1
AATTATAGGCTCCGCA-1	1	26	184	38047	22004	tumor_like	medium	1	1	9	4	1	0	2	0	7	1.4	1	4
AATTATCCGACCGTAA-1	1	109	3	20041	36539	tumor_like	medium	1	1	25	2	1	0	5	0	8	1.6	1	2
AATTATGAAGATGCAG-1	1	100	104	30144	34895	tumor_like	medium	1	1	106	10	2	0	8	0	20	4	1	10
AATTATGAATCCTGTC-1	1	102	12	20932	35320	tumor_like	medium	1	1	15	5	0	0	3	0	8	1.6	1	5
AATTATTCATAACTCG-1	1	78	138	33516	31054	tumor_like	medium	1	1	64	4	1	0	7	0	12	2.4	1	4
AATTCAGAACCTCATA-1	1	78	134	33116	31057	tumor_like	medium	1	1	29	15	0	0	7	0	22	4.4	1	15
AATTCAGTATGCATGC-1	1	52	178	37484	26515	tumor_like	medium	1	1	3	10	1	0	1	0	12	2.4	1	3
AATTCCAGTCTAGACG-1	1	100	46	24334	34944	tumor_like	medium	1	1	165	33	0	0	14	0	47	9.4	1	33
AATTCCTCCGCACTAA-1	1	79	221	41831	31155	tumor_like	medium	1	1	48	2	1	0	3	0	6	1.2	1	2
AATTCGGACTGAGCAT-1	1	6	92	28803	18617	tumor_like	medium	1	1	2	0	0	0	0	0	0	0	0	0
AATTCTAATGGTCGGT-1	1	36	34	23038	23865	stroma_fibroblast	medium	0	0	0	0	0	0	0	0	0	0	0	0
AATTCTATCTAGTACC-1	1	78	94	29110	31091	tumor_like	medium	1	1	30	0	0	0	1	0	1	0.2	0	0
AATTCTCACTGGTGAC-1	1	82	58	25510	31815	tumor_like	medium	1	1	173	1	0	0	20	0	21	4.2	1	1
AATTCTCAGGACCTCA-1	1	102	92	28945	35251	tumor_like	medium	1	1	205	16	1	0	28	0	45	9	1	16
AATTCTCCAGCCTCGC-1	1	86	62	25916	32505	tumor_like	medium	1	1	35	4	1	0	2	0	7	1.4	1	4
AATTCTGCCGACTATG-1	1	105	151	34858	35720	tumor_like	medium	1	1	7	1	0	0	2	0	3	0.6	1	1
AATTCTGGTACCGCGG-1	1	21	113	30928	21198	tumor_like	medium	1	1	19	1	0	0	1	0	2	0.4	1	1
AATTCTTGATCGGTAC-1	1	60	58	25477	28003	tumor_like	medium	1	1	4	0	0	0	2	0	2	0.4	0	0
AATTCTTGGAGCGAAC-1	1	30	148	34447	22728	tumor_like	medium	1	1	23	0	0	0	2	0	2	0.4	0	0
AATTCTTGTCAGTAGG-1	1	108	8	20540	36363	tumor_like	medium	1	1	1	1	0	0	1	1	3	0.6	1	1
AATTGCCGCACTTATT-1	1	26	126	32238	22054	tumor_like	medium	1	1	5	2	0	0	2	0	4	0.8	1	2
AATTGCCGTTGTCGAT-1	1	123	61	25871	38916	tumor_like	medium	1	1	77	1	0	0	12	0	13	2.6	1	1
AATTGGAACGTGCTAC-1	1	11	223	41931	19371	tumor_like	medium	1	1	0	0	0	2	0	0	2	0.4	0	0
AATTGGACAGACGTTA-1	1	26	60	25627	22110	stroma_fibroblast	medium	0	0	0	0	0	0	0	0	0	0	0	0
AATTGGAGTGTTAGGA-1	1	102	84	28143	35258	tumor_like	medium	1	1	232	10	1	0	32	0	43	8.6	1	10
AATTGGATGACTACAA-1	1	112	124	32164	36957	tumor_like	medium	1	1	14	1	0	0	3	0	4	0.8	1	1
AATTGGCTTACTCCTT-1	1	41	53	24949	24714	tumor_like	medium	1	1	4	1	0	0	0	1	2	0.4	1	1
AATTGGTTAGACTATT-1	1	1	31	22686	17802	tumor_like	medium	1	1	0	0	0	0	0	1	1	0.2	0	0
AATTGTCCGGCAATCA-1	1	105	99	29650	35764	tumor_like	medium	1	1	88	6	0	0	15	0	21	4.2	1	6
ACAACCATACCTCGAA-1	1	20	52	24817	21077	tumor_like	medium	1	1	0	0	0	0	0	0	0	0	0	0
ACAACGAGGCCTAATG-1	1	57	177	37392	27381	tumor_like	medium	1	1	43	5	1	0	1	0	7	1.4	1	5
ACAACGAGTGAATTAT-1	1	20	128	32429	21013	tumor_like	medium	1	1	36	24	1	0	8	0	33	6.6	1	24
ACAACGCAGATGCACC-1	1	10	120	31613	19287	tumor_like	medium	1	1	11	4	1	0	5	0	10	2	1	4
ACAACGGACGTTCAGG-1	1	111	159	35668	36753	tumor_like	medium	1	1	0	0	0	0	0	0	0	0	0	0
ACAACGGATTGGAGTG-1	1	59	69	26578	27819	tumor_like	medium	1	1	13	1	0	0	1	0	2	0.4	1	1
ACAACGGCTAAGAATT-1	1	91	201	39845	33252	tumor_like	medium	1	1	52	2	0	0	5	0	7	1.4	1	2
ACAACGTGCAGCACTC-1	1	121	73	27070	38559	tumor_like	medium	1	1	84	27	2	0	16	0	45	9	1	27
ACAACTACAGGCTCAT-1	1	40	26	22243	24565	tumor_like	medium	1	1	0	0	0	0	0	0	0	0	0	0
ACAACTATCGATAGCC-1	1	13	205	40131	19733	tumor_like	medium	1	1	3	0	0	0	0	0	0	0	0	0
ACAACTATCTACTCCA-1	1	69	17	21384	29596	tumor_like	medium	1	1	1	0	0	0	0	0	0	0	0	0
ACAACTATGCGTCTAG-1	1	95	103	30036	34028	tumor_like	medium	1	1	209	10	0	0	10	0	20	4	1	10
ACAACTATTCGAGGTA-1	1	56	48	24470	27319	tumor_like	medium	1	1	4	0	0	0	0	1	1	0.2	0	0
ACAACTATTGCTTAAC-1	1	70	74	27095	29722	tumor_like	medium	1	1	34	1	1	0	1	0	3	0.6	1	1
ACAACTCCTTAGTGCC-1	1	117	5	20253	37924	tumor_like	medium	1	1	70	19	0	0	9	0	28	5.6	1	19
ACAACTTAACGCATAA-1	1	88	158	35534	32769	tumor_like	medium	1	1	37	2	1	0	6	0	9	1.8	1	2
ACAAGCAATCCGGCGA-1	1	41	201	39772	24588	tumor_like	medium	1	1	4	1	0	0	1	0	2	0.4	1	1
ACAAGCGTCACTCATG-1	1	27	213	40953	22152	tumor_like	medium	1	1	1	0	0	0	0	0	0	0	0	0
ACAAGTAGACCTTAGC-1	1	82	214	41134	31682	tumor_like	medium	1	1	30	2	0	0	3	0	5	1	1	2
ACAAGTAGCATCTATC-1	1	90	190	38742	33089	tumor_like	medium	1	1	3	0	0	0	1	0	1	0.2	0	0
ACAAGTAGCTCCTTGG-1	1	126	88	28579	39413	tumor_like	medium	1	1	19	6	0	0	6	0	12	2.4	1	6
ACAAGTAGGCTGCATA-1	1	99	3	20026	34807	tumor_like	medium	1	1	12	0	0	1	3	0	4	0.8	0	0
ACAAGTAGTGAGAAGT-1	1	77	55	25202	30950	tumor_like	medium	1	1	41	0	0	0	6	0	6	1.2	0	0
ACAAGTCACCGCGTTC-1	1	105	101	29850	35763	tumor_like	medium	1	1	114	12	2	1	9	0	24	4.8	1	12
ACAAGTCTACAGGTCA-1	1	21	107	30327	21203	tumor_like	medium	1	1	8	0	0	1	2	0	3	0.6	0	0
ACAAGTCTTCAACAGT-1	1	101	117	31447	35056	tumor_like	medium	1	1	40	2	0	0	5	0	7	1.4	1	2
ACAAGTTAGGCACGTA-1	1	18	64	26016	20721	tumor_like	medium	1	1	0	0	0	0	0	0	0	0	0	0
ACAATAAGTGACATTA-1	1	75	39	23596	30617	tumor_like	medium	1	1	22	1	0	0	2	0	3	0.6	1	1
ACAATACAGAGGAACA-1	1	56	38	23468	27327	tumor_like	medium	1	1	0	1	0	0	0	0	1	0.2	0	0
ACAATACGAGAATTAC-1	1	7	53	24898	18823	tumor_like	medium	1	1	0	0	0	0	0	0	0	0	0	0
ACAATACGGCTCTGGC-1	1	1	39	23487	17795	tumor_like	medium	1	1	0	0	0	0	0	0	0	0	0	0
ACAATACGGTAACAGG-1	1	100	130	32748	34873	tumor_like	medium	1	1	84	44	1	0	9	0	54	10.8	1	44
ACAATACTGCTACGTA-1	1	97	145	34246	34339	tumor_like	medium	1	1	38	4	0	0	2	0	6	1.2	1	4
ACAATAGCGGTTGGAC-1	1	89	197	39442	32908	tumor_like	medium	1	1	21	0	0	0	1	0	1	0.2	0	0
ACAATAGCTAAGATAG-1	1	95	89	28634	34040	tumor_like	medium	1	1	174	10	1	0	18	1	30	6	1	10
ACAATATCGAACAAGG-1	1	40	188	38468	24427	tumor_like	medium	1	1	5	19	0	0	2	0	21	4.2	1	5
ACAATATCGCAGTTAA-1	1	78	122	31914	31067	tumor_like	medium	1	1	25	1	0	0	2	0	3	0.6	1	1
ACAATATGAGAACACT-1	1	60	196	39299	27885	tumor_like	medium	1	1	11	1	0	0	3	0	4	0.8	1	1
ACAATATGAGCTACTC-1	1	124	144	34185	39019	tumor_like	medium	1	1	1	0	0	0	0	0	0	0	0	0
ACAATATTCCAATTGT-1	1	90	50	24720	33208	tumor_like	medium	1	1	139	9	1	0	13	0	23	4.6	1	9
ACAATATTGTACCTCA-1	1	33	147	34351	23248	tumor_like	medium	1	1	0	0	0	1	0	0	1	0.2	0	0
ACAATATTGTCCTCGT-1	1	119	3	20056	38272	tumor_like	medium	1	1	31	5	0	0	9	0	14	2.8	1	5
ACAATCAACCTCGGCG-1	1	114	132	32969	37297	tumor_like	medium	1	1	18	1	0	0	5	0	6	1.2	1	1
ACAATCGGACGTTAAG-1	1	111	133	33064	36775	tumor_like	medium	1	1	17	1	0	0	3	0	4	0.8	1	1
ACAATCTAGGCGCACG-1	1	22	106	30229	21378	tumor_like	medium	1	1	4	0	0	0	1	0	1	0.2	0	0
ACAATGACGCGTCCGC-1	1	98	108	30541	34545	tumor_like	medium	1	1	115	12	1	0	8	0	21	4.2	1	12
ACAATGACTAAGCGAA-1	1	38	24	22040	24220	tumor_like	medium	1	1	1	0	0	0	1	0	1	0.2	0	0
ACAATGACTAGTTCCA-1	1	55	109	30578	27092	tumor_like	medium	1	1	39	3	0	0	11	0	14	2.8	1	3
ACAATGCTGACCGGTC-1	1	69	37	23387	29579	tumor_like	medium	1	1	1	0	0	0	0	0	0	0	0	0
ACAATGGCCGATTGAA-1	1	110	168	36568	36573	tumor_like	medium	1	1	2	0	0	0	0	0	0	0	0	0
ACAATGTCATAATCCT-1	1	52	62	25866	26614	tumor_like	medium	1	1	7	0	0	0	1	0	1	0.2	0	0
ACAATTGGCTATGAGG-1	1	25	219	41551	21800	tumor_like	medium	1	1	3	0	0	0	0	0	0	0	0	0
ACAGAACACTCGTAAT-1	1	113	125	32266	37128	tumor_like	medium	1	1	17	4	1	0	7	0	12	2.4	1	4
ACAGAACACTGGCGCC-1	1	15	121	31721	20151	tumor_like	medium	1	1	8	3	0	0	2	0	5	1	1	3
ACAGAACTACAGGCAT-1	1	81	125	32219	31584	tumor_like	medium	1	1	74	1	0	0	6	0	7	1.4	1	1
ACAGAACTTCGTGGAC-1	1	59	47	24374	27838	tumor_like	medium	1	1	3	0	0	0	1	0	1	0.2	0	0
ACAGAAGTCGGTTGTC-1	1	95	113	31038	34020	tumor_like	medium	1	1	67	2	1	0	4	0	7	1.4	1	2
ACAGAAGTCTGTAAGG-1	1	64	96	29289	28664	tumor_like	medium	1	1	12	0	0	0	2	0	2	0.4	0	0
ACAGAAGTGAACCTAA-1	1	42	54	25050	24888	tumor_like	medium	1	1	2	0	0	0	1	1	2	0.4	0	0
ACAGAAGTTCCGTGAT-1	1	70	102	29899	29698	tumor_like	medium	1	1	52	2	0	0	7	0	9	1.8	1	2
ACAGAATAAGCCGGAC-1	1	78	222	41930	30982	tumor_like	medium	1	1	94	2	0	0	7	0	9	1.8	1	2
ACAGAATAGACAGAAG-1	1	96	208	40554	34113	tumor_like	medium	1	1	1	0	0	0	0	0	0	0	0	0
ACAGAATATCTGTATC-1	1	4	38	23392	18317	ambiguous_or_low_signal	low	0	0	0	0	0	0	0	0	0	0	0	0
ACAGAATCACCGTTCC-1	1	10	144	34017	19266	tumor_like	medium	1	1	10	1	0	0	3	0	4	0.8	1	1
ACAGAATCATACCTTC-1	1	40	158	35463	24452	tumor_like	medium	1	1	25	0	0	0	7	0	7	1.4	0	0
ACAGAATGCGCAGGTG-1	1	20	188	38439	20961	tumor_like	medium	1	1	46	7	2	0	8	0	17	3.4	1	7
ACAGACAACCAGTCCG-1	1	71	197	39415	29790	tumor_like	medium	1	1	12	0	0	0	2	0	2	0.4	0	0
ACAGACAGGACATAGT-1	1	43	63	25953	25052	tumor_like	medium	1	1	0	0	0	0	0	0	0	0	0	0
ACAGATACTAATGGAC-1	1	76	122	31911	30721	tumor_like	medium	1	1	96	1	0	0	3	0	4	0.8	1	1
ACAGATGAGTTCCACT-1	1	45	63	25956	25399	tumor_like	medium	1	1	2	1	0	0	0	0	1	0.2	1	1
ACAGCCAACTATACTA-1	1	86	214	41140	32375	tumor_like	medium	1	1	130	1	0	0	4	0	5	1	1	1
ACAGCCAATCCATGAT-1	1	78	148	34518	31045	tumor_like	medium	1	1	24	3	0	0	3	0	6	1.2	1	3
ACAGCCAGTCGGCCGT-1	1	112	140	33767	36943	tumor_like	medium	1	1	17	0	0	0	9	0	9	1.8	0	0
ACAGCCGTGCGACATA-1	1	119	5	20256	38270	tumor_like	medium	1	1	63	18	0	0	4	0	22	4.4	1	18
ACAGCCTTCCTCATTC-1	1	3	11	20686	18166	tumor_like	medium	1	1	0	0	0	0	0	0	0	0	0	0
ACAGCCTTGGAGACTC-1	1	11	129	32516	19451	tumor_like	medium	1	1	10	2	1	0	1	1	5	1	1	2
ACAGCGAGCTCATCAC-1	1	101	59	25638	35105	tumor_like	medium	1	1	212	36	7	0	24	0	67	13.4	1	36
ACAGCGGCTACTAACC-1	1	64	92	28889	28667	tumor_like	medium	1	1	103	0	0	0	11	0	11	2.2	0	0
ACAGCGGTGCATCACG-1	1	104	78	27545	35610	tumor_like	medium	1	1	234	15	1	0	21	0	37	7.4	1	15
ACAGCTGACACCAGGT-1	1	120	100	29772	38364	tumor_like	medium	1	1	60	6	0	0	18	0	24	4.8	1	6
ACAGGAACCTTACGTC-1	1	36	180	37661	23741	tumor_like	medium	1	1	23	5	0	0	2	0	7	1.4	1	5
ACAGGAATCCTCAGCA-1	1	39	49	24545	24371	tumor_like	medium	1	1	0	0	0	0	0	0	0	0	0	0
ACAGGAATGCGAACAG-1	1	75	135	33212	30535	tumor_like	medium	1	1	192	0	0	0	10	0	10	2	0	0
ACAGGACATGGAAGCC-1	1	22	56	25221	21421	tumor_like	medium	1	1	1	0	0	0	0	0	0	0	0	0
ACAGGAGTCTGGTCAT-1	1	124	42	23969	39106	tumor_like	medium	1	1	169	30	5	0	18	0	53	10.6	1	30
ACAGGATACGCTAACG-1	1	90	100	29728	33165	tumor_like	medium	1	1	174	2	1	0	22	0	25	5	1	2
ACAGGATTGCTATGCT-1	1	0	32	22785	17629	tumor_like	medium	1	1	0	0	0	0	0	0	0	0	0	0
ACAGGCACAGTGCGCA-1	1	100	158	35552	34849	tumor_like	medium	1	1	22	1	0	0	2	0	3	0.6	1	1
ACAGGCACAGTTATTG-1	1	42	174	37069	24785	tumor_like	medium	1	1	26	6	1	0	2	0	9	1.8	1	6
ACAGGCCTGCACCAGG-1	1	123	59	25670	38917	tumor_like	medium	1	1	89	15	0	0	14	0	29	5.8	1	15
ACAGGCGGAATCCGTA-1	1	13	55	25108	19861	tumor_like	medium	1	1	0	0	0	0	0	0	0	0	0	0
ACAGGCGGCAAGCTTC-1	1	24	68	26426	21757	tumor_like	medium	1	1	0	0	0	0	0	0	0	0	0	0
ACAGGCTGCAGAGCTT-1	1	125	103	30080	39226	tumor_like	medium	1	1	12	3	0	0	8	0	11	2.2	1	3
ACAGGTACGGCCAAGA-1	1	2	44	23990	17965	tumor_like	medium	1	1	1	0	0	0	0	0	0	0	0	0
ACAGGTACTATCTTAA-1	1	97	59	25632	34412	tumor_like	medium	1	1	190	40	3	1	28	0	72	14.4	1	40
ACAGGTATACCAACTA-1	1	91	85	28227	33350	tumor_like	medium	1	1	289	4	0	0	9	0	13	2.6	1	4
ACAGGTATAGATAATT-1	1	15	53	24910	20209	tumor_like	medium	1	1	1	0	0	0	0	0	0	0	0	0
ACAGGTATCAGCCTAG-1	1	113	47	24454	37195	tumor_like	medium	1	1	286	14	0	0	29	1	44	8.8	1	14
ACAGGTCAGCCACTCG-1	1	98	154	35148	34505	tumor_like	medium	1	1	32	13	1	0	12	0	26	5.2	1	13
ACAGGTCAGCGTGAGT-1	1	73	103	30004	30216	tumor_like	medium	1	1	95	2	0	0	11	0	13	2.6	1	2
ACAGGTCCATAAGCGG-1	1	61	49	24577	28183	tumor_like	medium	1	1	8	0	0	0	0	0	0	0	0	0
ACAGGTCTAGACGTTG-1	1	122	128	32580	38686	tumor_like	medium	1	1	27	5	0	0	2	0	7	1.4	1	5
ACAGGTCTGTCGGCCA-1	1	64	208	40507	28568	tumor_like	medium	1	1	14	1	0	0	0	0	1	0.2	1	1
ACAGGTGGACCGGACG-1	1	14	144	34023	19959	tumor_like	medium	1	1	60	2	0	0	1	0	3	0.6	1	2
ACAGGTGGATGTTGCT-1	1	102	130	32751	35219	tumor_like	medium	1	1	34	3	1	0	7	0	11	2.2	1	3
ACAGTACCGGAACCGA-1	1	76	112	30909	30729	tumor_like	medium	1	1	16	3	1	0	6	0	10	2	1	3
ACAGTACGATCGAGCG-1	1	103	19	21635	35486	tumor_like	medium	1	1	3	0	0	0	2	0	2	0.4	0	0
ACAGTATGCTCGTTAG-1	1	127	43	24074	39624	tumor_like	medium	1	1	191	34	1	0	30	0	65	13	1	34
ACAGTCGACATGCTGT-1	1	54	98	29475	26929	tumor_like	medium	1	1	45	0	0	0	5	0	5	1	0	0
ACAGTGTATCATGCTC-1	1	10	44	24001	19351	tumor_like	medium	1	1	0	0	0	0	0	0	0	0	0	0
ACATAACCGGAAGTCA-1	1	28	70	26632	22448	tumor_like	medium	1	1	0	1	0	0	0	0	1	0.2	0	0
ACATAAGAACGTAGAA-1	1	115	55	25258	37535	tumor_like	medium	1	1	202	14	1	0	26	0	41	8.2	1	14
ACATAAGACAGAGCAT-1	1	35	159	35556	23584	tumor_like	medium	1	1	31	1	1	0	6	0	8	1.6	1	1
ACATAAGATCCGATCT-1	1	92	52	24924	33553	tumor_like	medium	1	1	140	35	3	0	12	0	50	10	1	35
ACATAAGTATAGTGAC-1	1	89	95	29226	32995	tumor_like	medium	1	1	174	8	0	0	20	0	28	5.6	1	8
ACATACGAAGATCTAG-1	1	72	36	23292	30101	tumor_like	medium	1	1	3	0	0	0	0	0	0	0	0	0
ACATAGCACGAGGTTA-1	1	0	142	33802	17535	tumor_like	medium	1	1	18	0	0	0	3	0	3	0.6	0	0
ACATAGCATACGGCAC-1	1	52	132	32877	26554	tumor_like	medium	1	1	28	4	0	0	0	0	4	0.8	1	4
ACATAGCTCACCTCAA-1	1	122	106	30376	38705	tumor_like	medium	1	1	31	4	1	0	12	0	17	3.4	1	4
ACATAGCTCGTGCGAA-1	1	90	58	25522	33201	tumor_like	medium	1	1	144	5	2	0	27	0	34	6.8	1	5
ACATCGAACATTCCAA-1	1	36	172	36860	23747	tumor_like	medium	1	1	53	4	0	0	4	0	8	1.6	1	4
ACATCGACATTACACC-1	1	53	155	35182	26706	tumor_like	medium	1	1	23	5	0	0	3	0	8	1.6	1	5
ACATCGAGAACCTAGA-1	1	71	83	27997	29887	tumor_like	medium	1	1	26	0	0	0	0	0	0	0	0	0
ACATCGAGTGCATCTG-1	1	47	61	25759	25747	tumor_like	medium	1	1	2	0	1	0	0	0	1	0.2	0	0
ACATCGCTAAGTTATC-1	1	33	201	39760	23202	tumor_like	medium	1	1	1	0	0	0	0	0	0	0	0	0
ACATCGCTTCTAGGAT-1	1	17	127	32325	20493	tumor_like	medium	1	1	24	3	0	0	1	0	4	0.8	1	3
ACATCGTAATCTTGGA-1	1	112	72	26956	37001	tumor_like	medium	1	1	170	19	4	0	15	0	38	7.6	1	19
ACATCGTCAGCTGTTA-1	1	38	182	37864	24085	tumor_like	medium	1	1	4	7	0	0	2	0	9	1.8	1	4
ACATCTAATAGCAATG-1	1	103	131	32852	35390	tumor_like	medium	1	1	23	2	0	0	7	0	9	1.8	1	2
ACATCTCGAAGTACAA-1	1	119	125	32275	38168	tumor_like	medium	1	1	28	5	0	0	5	0	10	2	1	5
ACATCTGACCACATTC-1	1	0	190	38609	17494	tumor_like	medium	1	1	12	0	0	0	6	0	6	1.2	0	0
ACATCTGGCGGTCCGA-1	1	91	75	27226	33359	tumor_like	medium	1	1	177	3	0	0	17	0	20	4	1	3
ACATCTGGCGTATTAC-1	1	34	32	22835	23520	ambiguous_or_low_signal	low	0	0	0	0	0	0	0	0	0	0	0	0
ACATCTTCTATGGAGG-1	1	107	67	26448	36138	tumor_like	medium	1	1	358	10	3	0	17	0	30	6	1	10
ACATGAAGCCATTACC-1	1	53	95	29173	26758	tumor_like	medium	1	1	39	2	0	0	3	0	5	1	1	2
ACATGAGTCTATTGCT-1	1	38	204	40068	24067	tumor_like	medium	1	1	2	0	0	0	0	0	0	0	0	0
ACATGCCAATAGCTGT-1	1	123	127	32481	38859	tumor_like	medium	1	1	38	0	0	0	10	0	10	2	0	0
ACATGCCAGCCGGTCC-1	1	98	198	39555	34468	tumor_like	medium	1	1	26	1	0	0	3	0	4	0.8	1	1
ACATGCCTGTACATAC-1	1	5	135	33108	18407	tumor_like	medium	1	1	1	0	0	0	1	0	1	0.2	0	0
ACATGCCTTCTGTCGG-1	1	2	42	23789	17967	tumor_like	medium	1	1	0	0	0	0	0	0	0	0	0	0
ACATGCGTGAAGTCTA-1	1	117	135	33273	37813	tumor_like	medium	1	1	6	2	1	0	0	0	3	0.6	1	2
ACATGTCGACTCGCCG-1	1	70	204	40115	29611	tumor_like	medium	1	1	6	0	0	0	1	0	1	0.2	0	0
ACATGTCGTGTTCATC-1	1	55	111	30778	27091	tumor_like	medium	1	1	40	12	2	0	2	0	16	3.2	1	12
ACATGTCTATCTCACG-1	1	79	223	42031	31154	tumor_like	medium	1	1	159	1	0	0	16	1	18	3.6	1	1
ACATGTTGAGTGCAGT-1	1	65	45	24183	28880	tumor_like	medium	1	1	1	0	0	0	0	0	0	0	0	0
ACATGTTGGCATAGTA-1	1	93	193	39047	33605	tumor_like	medium	1	1	5	1	0	0	1	0	2	0.4	1	1
ACATTCCAATCCGCGT-1	1	0	24	21983	17636	tumor_like	medium	1	1	0	0	0	0	0	0	0	0	0	0
ACATTCTACTTAGATT-1	1	29	105	30139	22591	tumor_like	medium	1	1	0	0	0	0	0	0	0	0	0	0
ACATTGATAACAGCAC-1	1	111	107	30460	36797	tumor_like	medium	1	1	50	1	1	0	2	0	4	0.8	1	1
ACATTGTCACTCCGGT-1	1	106	140	33758	35904	tumor_like	medium	1	1	23	0	0	0	2	0	2	0.4	0	0
ACATTGTCTAAGTACT-1	1	40	50	24647	24544	tumor_like	medium	1	1	0	0	0	0	1	0	1	0.2	0	0
ACCAACAGGAGCTACG-1	1	55	151	34785	27056	tumor_like	medium	1	1	11	5	0	0	0	0	5	1	1	5
ACCAACAGGATCGCAA-1	1	107	145	34260	36072	tumor_like	medium	1	1	18	1	0	0	0	0	1	0.2	1	1
ACCAACAGTGGCGAAC-1	1	26	52	24826	22117	tumor_like	medium	1	1	0	0	0	0	0	0	0	0	0	0
ACCAACGATACATGAC-1	1	107	151	34861	36066	tumor_like	medium	1	1	5	0	0	0	1	0	1	0.2	0	0
ACCAACGCGGTTAACT-1	1	18	212	40839	20594	tumor_like	medium	1	1	4	1	0	0	0	0	1	0.2	1	1
ACCAACGCTGGAGGCG-1	1	5	93	28902	18442	tumor_like	medium	1	1	1	1	0	0	0	0	1	0.2	1	1
ACCAACGTCGCAGCGT-1	1	69	213	41015	29429	tumor_like	medium	1	1	6	2	0	0	2	0	4	0.8	1	2
ACCAAGATCTCAACGC-1	1	56	146	34285	27235	tumor_like	medium	1	1	29	0	0	0	1	0	1	0.2	0	0
ACCAAGATTCGTGGCA-1	1	71	73	26996	29895	tumor_like	medium	1	1	17	0	0	0	3	0	3	0.6	0	0
ACCAAGCAGTCTGATA-1	1	105	133	33055	35735	tumor_like	medium	1	1	15	2	0	0	4	0	6	1.2	1	2
ACCAAGCATGGACTCC-1	1	66	208	40510	28915	tumor_like	medium	1	1	3	2	0	0	0	0	2	0.4	1	2
ACCAAGCCGCACGGAA-1	1	69	29	22586	29586	tumor_like	medium	1	1	1	0	0	0	0	0	0	0	0	0
ACCAAGCCTGTACAGA-1	1	113	111	30864	37140	tumor_like	medium	1	1	20	11	0	0	2	0	13	2.6	1	11
ACCAAGCGCTCGTTCC-1	1	97	103	30039	34375	tumor_like	medium	1	1	109	10	0	0	17	0	27	5.4	1	10
ACCAAGCGGAAGGCGG-1	1	99	161	35851	34672	tumor_like	medium	1	1	23	2	0	0	0	0	2	0.4	1	2
ACCAAGGCCAGGAGGC-1	1	76	88	28506	30750	tumor_like	medium	1	1	134	2	0	0	7	0	9	1.8	1	2
ACCAAGGCGAATGGTG-1	1	71	133	33005	29844	tumor_like	medium	1	1	150	5	0	0	4	0	9	1.8	1	5
ACCAAGTGCATATGTC-1	1	84	158	35528	32076	tumor_like	medium	1	1	55	2	1	0	7	0	10	2	1	2
ACCAAGTGCTACCGAA-1	1	102	22	21934	35311	tumor_like	medium	1	1	4	0	0	0	0	0	0	0	0	0
ACCAAGTGCTGTTATT-1	1	120	140	33779	38329	tumor_like	medium	1	1	0	1	0	0	0	0	1	0.2	0	0
ACCAAGTTAGCTAGTA-1	1	103	21	21835	35484	tumor_like	medium	1	1	3	1	0	0	0	0	1	0.2	1	1
ACCAATAATCACTATG-1	1	62	144	34094	28276	tumor_like	medium	1	1	12	1	0	0	4	0	5	1	1	1
ACCAATACTAGCTCAC-1	1	121	139	33680	38503	tumor_like	medium	1	1	1	1	0	0	1	0	2	0.4	1	1
ACCAATGGTAAGCACC-1	1	119	141	33877	38154	tumor_like	medium	1	1	0	0	0	0	2	0	2	0.4	0	0
ACCACGAAGGCTATTA-1	1	56	96	29277	27278	tumor_like	medium	1	1	20	0	0	0	2	0	2	0.4	0	0
ACCACGTCCTGGCGGA-1	1	18	126	32226	20668	tumor_like	medium	1	1	18	5	1	0	7	0	13	2.6	1	5
ACCACGTGATCTCCAC-1	1	84	206	40336	32035	tumor_like	medium	1	1	16	0	0	0	6	0	6	1.2	0	0
ACCACGTGCCTCCGCC-1	1	115	51	24857	37538	tumor_like	medium	1	1	199	9	0	0	39	0	48	9.6	1	9
ACCACTATTAGCGTGA-1	1	98	148	34547	34511	tumor_like	medium	1	1	34	2	0	0	5	0	7	1.4	1	2
ACCAGATTGCTCTAGC-1	1	74	26	22293	30456	tumor_like	medium	1	1	0	0	0	0	0	0	0	0	0	0
ACCAGCCATAACGGAT-1	1	71	35	23190	29928	tumor_like	medium	1	1	1	0	0	0	0	0	0	0	0	0
ACCAGCCGCACGTGCA-1	1	106	2	19936	36021	tumor_like	medium	1	1	28	5	0	0	5	0	10	2	1	5
ACCAGCCGCAGAATGA-1	1	58	38	23471	27674	tumor_like	medium	1	1	0	0	0	0	0	0	0	0	0	0
ACCAGCGGCTTAAGGC-1	1	74	118	31507	30378	tumor_like	medium	1	1	21	0	0	0	0	0	0	0	0	0
ACCAGCTTAATCGATT-1	1	12	52	24806	19691	tumor_like	medium	1	1	0	0	0	0	0	0	0	0	0	0
ACCAGCTTCAGATCTA-1	1	37	123	31954	23961	tumor_like	medium	1	1	4	0	0	0	1	0	1	0.2	0	0
ACCAGTAGGTGGCTCG-1	1	116	126	32371	37648	tumor_like	medium	1	1	15	3	1	0	7	0	11	2.2	1	3
ACCATAACTTGCTTCG-1	1	16	148	34427	20302	tumor_like	medium	1	1	8	0	0	0	2	0	2	0.4	0	0
ACCATAGTCCTCGGTC-1	1	73	71	26799	30244	tumor_like	medium	1	1	40	0	0	0	8	0	8	1.6	0	0
ACCATATGAAGATATG-1	1	43	185	38172	24948	tumor_like	medium	1	1	4	14	0	0	1	0	15	3	1	4
ACCATCGGCGCACTCA-1	1	58	92	28880	27628	tumor_like	medium	1	1	11	0	0	0	1	0	1	0.2	0	0
ACCATCGGTCACGGCA-1	1	30	192	38854	22691	tumor_like	medium	1	1	19	1	1	1	5	0	8	1.6	1	1
ACCATCTAAGCGTTAA-1	1	101	173	37056	35008	tumor_like	medium	1	1	2	1	0	0	1	0	2	0.4	1	1
ACCATGCTTCTAGACT-1	1	59	201	39798	27707	tumor_like	medium	1	1	12	0	0	0	6	0	6	1.2	0	0
ACCATTAGGCCTACAT-1	1	41	171	36767	24614	tumor_like	medium	1	1	26	2	0	0	4	1	7	1.4	1	2
ACCATTCGTCTAGCAC-1	1	120	128	32577	38340	tumor_like	medium	1	1	24	8	1	0	5	0	14	2.8	1	8
ACCGAACTGAACAGAC-1	1	72	206	40318	29956	tumor_like	medium	1	1	31	0	0	0	0	0	0	0	0	0
ACCGAAGAATCAGGCG-1	1	73	223	42022	30114	tumor_like	medium	1	1	128	47	1	1	18	0	67	13.4	1	47
ACCGAAGCGGTGTACC-1	1	79	163	36022	31205	tumor_like	medium	1	1	67	0	0	1	8	0	9	1.8	0	0
ACCGAGATCGTGACCA-1	1	52	164	36082	26527	tumor_like	medium	1	1	14	9	0	0	6	0	15	3	1	9
ACCGAGTATCACGTGA-1	1	43	53	24951	25061	tumor_like	medium	1	1	2	1	0	0	0	0	1	0.2	1	1
ACCGATCGTCAGACGC-1	1	22	84	28025	21397	tumor_like	medium	1	1	0	0	0	0	0	0	0	0	0	0
ACCGATGGCTGCATAG-1	1	21	177	37338	21143	tumor_like	medium	1	1	13	2	1	0	5	0	8	1.6	1	2
ACCGATGTAATTAAGG-1	1	16	46	24211	20389	tumor_like	medium	1	1	0	0	0	0	0	0	0	0	0	0
ACCGATGTCAGTGCAA-1	1	108	2	19939	36368	tumor_like	medium	1	1	19	2	0	0	10	0	12	2.4	1	2
ACCGATGTCCTATCAT-1	1	61	131	32790	28113	tumor_like	medium	1	1	51	9	0	0	4	0	13	2.6	1	9
ACCGATTAGTTAGCCG-1	1	82	144	34123	31742	tumor_like	medium	1	1	45	6	0	0	4	0	10	2	1	6
ACCGATTATGTAACGA-1	1	25	183	37945	21831	tumor_like	medium	1	1	22	6	1	0	4	0	11	2.2	1	6
ACCGATTCGTAGCAGT-1	1	122	118	31578	38695	tumor_like	medium	1	1	47	2	1	0	9	0	12	2.4	1	2
ACCGCAGGACAGTCCG-1	1	50	60	25663	26269	tumor_like	medium	1	1	2	0	0	0	1	0	1	0.2	0	0
ACCGCATCCGTGGACG-1	1	106	128	32556	35914	tumor_like	medium	1	1	10	2	0	0	4	0	6	1.2	1	2
ACCGCTGCCAAGCGGA-1	1	123	113	31079	38871	tumor_like	medium	1	1	44	5	0	0	3	0	8	1.6	1	5
ACCGGAAGGACGATGG-1	1	52	120	31675	26564	tumor_like	medium	1	1	64	5	0	0	3	0	8	1.6	1	5
ACCGGAGGTACGCAGC-1	1	57	83	27977	27461	tumor_like	medium	1	1	26	3	0	0	1	0	4	0.8	1	3
ACCGGATACCATGTAT-1	1	93	141	33839	33649	tumor_like	medium	1	1	147	8	0	0	9	0	17	3.4	1	8
ACCGGATAGCCAATTA-1	1	49	109	30569	26053	tumor_like	medium	1	1	47	1	0	0	3	0	4	0.8	1	1
ACCGGATATTAGTTGG-1	1	81	65	26209	31635	tumor_like	medium	1	1	136	3	0	0	9	0	12	2.4	1	3
ACCGGATTAATACACT-1	1	123	133	33082	38854	tumor_like	medium	1	1	39	13	0	0	2	0	15	3	1	13
ACCGGCAGATCAATAG-1	1	58	194	39096	27541	tumor_like	medium	1	1	13	1	0	0	1	0	2	0.4	1	1
ACCGGCCGAGTGCACT-1	1	99	103	30042	34721	tumor_like	medium	1	1	121	13	1	0	13	0	27	5.4	1	13
ACCGGCCTCGTAATCA-1	1	97	121	31842	34359	tumor_like	medium	1	1	138	23	0	0	12	0	35	7	1	23
ACCGGCTAGCCGTCTG-1	1	104	92	28948	35598	tumor_like	medium	1	1	133	13	1	1	13	0	28	5.6	1	13
ACCGGTATCGGACGCC-1	1	82	78	27513	31798	tumor_like	medium	1	1	31	2	0	0	7	0	9	1.8	1	2
ACCGTAATTCAGATTA-1	1	107	47	24445	36155	tumor_like	medium	1	1	183	7	0	0	27	0	34	6.8	1	7
ACCGTAATTGGCGGTC-1	1	15	149	34525	20127	tumor_like	medium	1	1	5	0	0	0	0	0	0	0	0	0
ACCGTACATACGTGTC-1	1	108	6	20340	36364	tumor_like	medium	1	1	5	2	0	0	4	0	6	1.2	1	2
ACCGTACATGAATCTA-1	1	69	95	29196	29530	tumor_like	medium	1	1	62	0	0	0	2	0	2	0.4	0	0
ACCGTAGACATGAGCG-1	1	41	185	38169	24602	tumor_like	medium	1	1	5	13	1	0	0	0	14	2.8	1	5
ACCGTAGAGGATAGCT-1	1	4	104	30002	18261	tumor_like	medium	1	1	2	0	0	0	1	0	1	0.2	0	0
ACCGTGAAGACTCCTG-1	1	80	182	37926	31363	tumor_like	medium	1	1	10	11	1	0	1	0	13	2.6	1	10
ACCGTGGAACCATTCG-1	1	109	159	35665	36406	tumor_like	medium	1	1	0	1	0	0	0	0	1	0.2	0	0
ACCGTGTTAGTACAGG-1	1	123	7	20462	38962	tumor_like	medium	1	1	20	6	0	0	5	0	11	2.2	1	6
ACCGTTATCAGAGGAT-1	1	57	87	28377	27458	tumor_like	medium	1	1	14	0	0	0	2	0	2	0.4	0	0
ACCGTTATGTGGACCA-1	1	45	177	37374	25302	tumor_like	medium	1	1	14	10	1	0	5	0	16	3.2	1	10
ACCGTTCGTGAAGTCT-1	1	2	48	24390	17962	tumor_like	medium	1	1	0	0	0	0	0	0	0	0	0	0
ACCGTTGTGACGTGCC-1	1	46	160	35673	25490	tumor_like	medium	1	1	15	6	0	0	1	0	7	1.4	1	6
ACCTAAGACCGACGTA-1	1	75	33	22996	30622	tumor_like	medium	1	1	4	0	0	0	1	0	1	0.2	0	0
ACCTAATTATGTCCGC-1	1	107	77	27450	36130	tumor_like	medium	1	1	143	4	0	0	22	0	26	5.2	1	4
ACCTAATTCATCTTAG-1	1	67	25	22183	29243	tumor_like	medium	1	1	0	0	0	0	0	0	0	0	0	0
ACCTCATCTGCAGGCA-1	1	17	161	35730	20464	tumor_like	medium	1	1	10	0	0	1	2	0	3	0.6	0	0
ACCTCCAGGATATCTT-1	1	23	213	40947	21459	tumor_like	medium	1	1	4	2	0	0	0	0	2	0.4	1	2
ACCTCCAGTTATGCGT-1	1	84	92	28918	32133	tumor_like	medium	1	1	87	2	1	0	7	0	10	2	1	2
ACCTCCGACGTGAGGC-1	1	9	41	23699	19180	tumor_like	medium	1	1	0	0	0	0	0	0	0	0	0	0
ACCTCCGATCAGCCTC-1	1	61	47	24377	28185	tumor_like	medium	1	1	3	0	0	0	1	0	1	0.2	0	0
ACCTCGAATGCCACAG-1	1	115	101	29865	37495	tumor_like	medium	1	1	36	18	0	0	10	0	28	5.6	1	18
ACCTCGTCTTGTGCTC-1	1	27	75	27131	22270	tumor_like	medium	1	1	0	0	0	0	0	0	0	0	0	0
ACCTCGTTAGGAAGTC-1	1	69	85	28195	29538	tumor_like	medium	1	1	12	2	0	0	1	0	3	0.6	1	2
ACCTGCACGCTCCATC-1	1	102	200	39762	35159	tumor_like	medium	1	1	0	0	0	0	0	0	0	0	0	0
ACCTGCACTAACGTTA-1	1	106	44	24143	35985	tumor_like	medium	1	1	150	2	2	0	13	0	17	3.4	1	2
ACCTGCAGCGTTATGC-1	1	111	161	35869	36751	tumor_like	medium	1	1	0	0	0	0	0	0	0	0	0	0
ACCTGCAGGCGATTCA-1	1	112	52	24953	37018	tumor_like	medium	1	1	154	6	1	0	16	0	23	4.6	1	6
ACCTGCATTCGAACGT-1	1	68	114	31098	29341	tumor_like	medium	1	1	7	0	0	0	1	0	1	0.2	0	0
ACCTGCCATAAGTCGT-1	1	106	20	21739	36006	tumor_like	medium	1	1	7	9	1	0	2	0	12	2.4	1	7
ACCTGCGGATGCCAAG-1	1	77	223	42028	30807	tumor_like	medium	1	1	109	10	1	0	23	0	34	6.8	1	10
ACCTGCGGTTGTAGGT-1	1	94	4	20119	33940	tumor_like	medium	1	1	73	45	0	0	9	0	54	10.8	1	45
ACCTGGCAGCGTACTC-1	1	103	171	36858	35356	tumor_like	medium	1	1	0	0	0	0	0	0	0	0	0	0
ACCTGGCAGTTAGCGG-1	1	91	119	31633	33321	tumor_like	medium	1	1	139	6	1	0	10	0	17	3.4	1	6
ACCTGGCGCAATAGGC-1	1	64	150	34698	28618	tumor_like	medium	1	1	14	0	0	0	6	0	6	1.2	0	0
ACCTGGTCACAGCCAA-1	1	110	96	29357	36634	tumor_like	medium	1	1	54	17	6	0	7	0	30	6	1	17
ACCTGGTCACGCAACG-1	1	20	124	32029	21016	tumor_like	medium	1	1	38	3	1	1	14	0	19	3.8	1	3
ACCTGGTCTGCGCTGG-1	1	93	75	27229	33706	tumor_like	medium	1	1	89	9	0	0	38	0	47	9.4	1	9
ACCTGTAACCAGTTGG-1	1	27	63	25929	22280	tumor_like	medium	1	1	0	0	0	0	0	0	0	0	0	0
ACCTGTAATTGTACCT-1	1	102	54	25139	35284	tumor_like	medium	1	1	180	10	2	0	26	1	39	7.8	1	10
ACCTGTCTCATTCTAC-1	1	80	116	31316	31419	tumor_like	medium	1	1	24	0	0	0	5	0	5	1	0	0
ACCTGTGAGTAAGATT-1	1	95	143	34042	33994	tumor_like	medium	1	1	59	7	0	0	8	0	15	3	1	7
ACCTGTGCAGCTAACC-1	1	59	155	35191	27746	tumor_like	medium	1	1	7	15	1	0	2	0	18	3.6	1	7
ACCTGTGGCTATTCGG-1	1	23	181	37742	21486	tumor_like	medium	1	1	34	4	0	1	5	0	10	2	1	4
ACCTTAGGATTCCTCG-1	1	113	123	32066	37130	tumor_like	medium	1	1	47	0	0	0	12	0	12	2.4	0	0
ACCTTCAAGTCGCAGC-1	1	83	133	33023	31923	tumor_like	medium	1	1	23	3	0	0	1	0	4	0.8	1	3
ACCTTCAGAAGGTGTC-1	1	83	181	37831	31882	tumor_like	medium	1	1	7	6	0	0	0	0	6	1.2	1	6
ACCTTCCTAGTCATCG-1	1	12	158	35422	19601	tumor_like	medium	1	1	12	1	0	0	3	0	4	0.8	1	1
ACCTTCGCCGGTATCC-1	1	127	45	24274	39622	tumor_like	medium	1	1	150	23	1	0	23	0	47	9.4	1	23
ACCTTCGGCCGTTACA-1	1	126	118	31584	39388	tumor_like	medium	1	1	37	14	2	0	11	0	27	5.4	1	14
ACCTTCGTTAAGCTAC-1	1	62	128	32491	28290	tumor_like	medium	1	1	45	12	1	0	3	0	16	3.2	1	12
ACCTTCTACGCCAGTG-1	1	2	98	29398	17919	tumor_like	medium	1	1	0	2	0	0	1	0	3	0.6	0	0
ACCTTCTAGTCAGCGA-1	1	97	157	35447	34329	tumor_like	medium	1	1	32	25	1	0	11	0	37	7.4	1	25
ACCTTCTATCAATGTC-1	1	28	198	39452	22339	tumor_like	medium	1	1	1	0	0	0	1	0	1	0.2	0	0
ACCTTCTGTTAGTAGC-1	1	35	107	30348	23629	tumor_like	medium	1	1	1	0	0	0	0	0	0	0	0	0
ACGAACAACTGACCAG-1	1	33	129	32549	23263	tumor_like	medium	1	1	15	0	0	0	0	0	0	0	0	0
ACGAACGCGTGGTCCA-1	1	37	59	25544	24016	tumor_like	medium	1	1	4	0	0	1	0	0	1	0.2	0	0
ACGAAGATTAATCGGT-1	1	43	171	36770	24960	tumor_like	medium	1	1	19	5	0	0	4	0	9	1.8	1	5
ACGAAGCCTTCAGGCG-1	1	62	112	30889	28304	tumor_like	medium	1	1	35	1	1	0	5	0	7	1.4	1	1
ACGAAGCTACGAGTCG-1	1	55	163	35986	27046	tumor_like	medium	1	1	8	2	0	1	1	0	4	0.8	1	2
ACGAAGTAGATCTGTT-1	1	92	162	35941	33459	tumor_like	medium	1	1	15	0	1	0	3	0	4	0.8	0	0
ACGAAGTGTATTAGTG-1	1	108	168	36565	36226	tumor_like	medium	1	1	0	0	0	0	0	0	0	0	0	0
ACGACAATGTCGGTGG-1	1	30	200	39655	22684	tumor_like	medium	1	1	1	0	0	0	1	0	1	0.2	0	0
ACGACAATTAGCTCGC-1	1	87	121	31827	32627	tumor_like	medium	1	1	158	9	0	0	7	0	16	3.2	1	9
ACGACAGACCTGCGGC-1	1	54	184	38088	26856	tumor_like	medium	1	1	108	5	0	0	1	0	6	1.2	1	5
ACGACAGTTACGTGTC-1	1	63	27	22377	28548	tumor_like	medium	1	1	0	0	0	0	0	0	0	0	0	0
ACGACCGAACTGATTG-1	1	83	125	32222	31930	tumor_like	medium	1	1	48	3	2	0	5	0	10	2	1	3
ACGACTCATACCTGTT-1	1	84	154	35128	32080	tumor_like	medium	1	1	16	2	0	0	1	0	3	0.6	1	2
ACGACTGTGCACTCCG-1	1	8	120	31610	18940	tumor_like	medium	1	1	15	7	0	0	1	0	8	1.6	1	7
ACGAGCGTATACTTAG-1	1	78	116	31313	31072	tumor_like	medium	1	1	8	0	0	0	1	0	1	0.2	0	0
ACGAGGACAACCGCTG-1	1	83	145	34225	31913	tumor_like	medium	1	1	59	1	0	0	9	0	10	2	1	1
ACGAGGCATCTTGGCG-1	1	115	15	21252	37569	tumor_like	medium	1	1	30	14	0	0	7	0	21	4.2	1	14
ACGAGGCGACAACTTG-1	1	23	175	37141	21491	tumor_like	medium	1	1	14	0	0	0	2	0	2	0.4	0	0
ACGAGGCTCGAAGTAG-1	1	65	103	29992	28830	tumor_like	medium	1	1	28	2	0	0	5	0	7	1.4	1	2
ACGAGGTGCCTGGTTG-1	1	26	174	37045	22013	tumor_like	medium	1	1	70	1	0	0	7	0	8	1.6	1	1
ACGAGGTGGAGGAATA-1	1	112	98	29560	36979	tumor_like	medium	1	1	40	7	0	0	6	0	13	2.6	1	7
ACGAGTAACAAGTATG-1	1	59	89	28581	27802	tumor_like	medium	1	1	15	1	0	0	3	0	4	0.8	1	1
ACGAGTAACGCACCGA-1	1	70	190	38713	29623	tumor_like	medium	1	1	35	3	0	0	3	0	6	1.2	1	3
ACGAGTATACGGTGCT-1	1	16	156	35228	20296	tumor_like	medium	1	1	1	0	0	0	1	0	1	0.2	0	0
ACGAGTCAGGACGATT-1	1	92	202	39947	33425	tumor_like	medium	1	1	31	1	0	0	4	0	5	1	1	1
ACGAGTGCGGTTCATC-1	1	63	79	27585	28504	tumor_like	medium	1	1	4	1	0	0	1	0	2	0.4	1	1
ACGAGTGCTGGTTCGA-1	1	43	179	37571	24953	tumor_like	medium	1	1	13	4	0	0	3	0	7	1.4	1	4
ACGAGTTACATACTCG-1	1	76	78	27504	30758	tumor_like	medium	1	1	12	1	0	0	2	0	3	0.6	1	1
ACGATAAGTTCCTATC-1	1	117	59	25662	37878	tumor_like	medium	1	1	93	5	1	0	17	1	24	4.8	1	5
ACGATCGGAATGATAC-1	1	74	52	24897	30434	tumor_like	medium	1	1	50	2	0	0	9	0	11	2.2	1	2
ACGATGACAGGCGAGC-1	1	73	193	39018	30139	tumor_like	medium	1	1	13	1	0	0	2	0	3	0.6	1	1
ACGATGCTCCTGGTAT-1	1	120	72	26968	38387	tumor_like	medium	1	1	77	20	1	0	20	0	41	8.2	1	20
ACGATGTTGAGTATTC-1	1	71	101	29800	29871	tumor_like	medium	1	1	72	3	0	0	5	0	8	1.6	1	3
ACGATGTTGGTGTAAG-1	1	6	104	30005	18607	tumor_like	medium	1	1	0	3	1	0	2	0	6	1.2	0	0
ACGATTCCAGGCCTCC-1	1	84	72	26915	32150	tumor_like	medium	1	1	64	8	0	0	13	0	21	4.2	1	8
ACGCAACGCAACGTGC-1	1	19	219	41542	20761	tumor_like	medium	1	1	0	0	0	0	0	0	0	0	0	0
ACGCAACGTGGTCTGC-1	1	6	196	39219	18529	tumor_like	medium	1	1	4	0	0	0	2	1	3	0.6	0	0
ACGCAAGCAGCTCATC-1	1	70	68	26494	29727	tumor_like	medium	1	1	70	1	0	0	8	0	9	1.8	1	1
ACGCAAGCTACGAACC-1	1	75	117	31409	30551	tumor_like	medium	1	1	7	0	0	0	0	0	0	0	0	0
ACGCAAGCTATCTGGA-1	1	109	89	28654	36466	tumor_like	medium	1	1	47	7	2	0	17	0	26	5.2	1	7
ACGCAAGGCGCAGACC-1	1	124	104	30179	39053	tumor_like	medium	1	1	19	7	0	0	4	0	11	2.2	1	7
ACGCAATATTGACCTT-1	1	99	69	26637	34750	tumor_like	medium	1	1	129	54	4	1	25	0	84	16.8	1	54
ACGCACGCGTTGCAAC-1	1	124	86	28376	39069	tumor_like	medium	1	1	35	5	0	0	10	0	15	3	1	5
ACGCACTATCTGTCTG-1	1	117	85	28266	37855	tumor_like	medium	1	1	83	3	0	0	19	0	22	4.4	1	3
ACGCCATGACTCAGTG-1	1	27	191	38749	22171	tumor_like	medium	1	1	28	1	0	0	7	0	8	1.6	1	1
ACGCCATGCGGTTAGA-1	1	106	164	36162	35883	tumor_like	medium	1	1	6	0	0	0	4	0	4	0.8	0	0
ACGCCGCACTAGATCC-1	1	93	131	32837	33658	tumor_like	medium	1	1	9	0	0	0	3	0	3	0.6	0	0
ACGCCGGATACCTTAC-1	1	73	115	31205	30206	tumor_like	medium	1	1	5	0	0	0	3	0	3	0.6	0	0
ACGCCGTATTCCATTG-1	1	72	214	41119	29949	tumor_like	medium	1	1	5	2	0	0	0	0	2	0.4	1	2
ACGCCTACTTGCGAAC-1	1	62	208	40504	28222	tumor_like	medium	1	1	25	0	0	0	4	0	4	0.8	0	0
ACGCCTCATCGCAGGT-1	1	36	62	25843	23841	tumor_like	medium	1	1	0	0	0	1	0	0	1	0.2	0	0
ACGCGGAATGGACGCA-1	1	70	70	26694	29726	tumor_like	medium	1	1	94	0	0	0	12	0	12	2.4	0	0
ACGCGGCAAGTTCGCC-1	1	53	45	24165	26800	tumor_like	medium	1	1	0	0	0	0	0	0	0	0	0	0
ACGCGGCCGAGCTTAG-1	1	103	115	31250	35404	tumor_like	medium	1	1	115	0	1	0	5	0	6	1.2	0	0
ACGCGGCCTGGTGACG-1	1	57	149	34587	27405	tumor_like	medium	1	1	109	1	0	0	2	0	3	0.6	1	1
ACGCGTACGCAGTGGT-1	1	77	191	38823	30834	tumor_like	medium	1	1	14	1	1	0	1	0	3	0.6	1	1
ACGCGTCGACCAGGAA-1	1	13	167	36325	19765	tumor_like	medium	1	1	9	0	0	0	1	0	1	0.2	0	0
ACGCGTGACACTCCGG-1	1	115	79	27662	37514	tumor_like	medium	1	1	151	3	1	0	10	0	14	2.8	1	3
ACGCGTGCCGAGACCT-1	1	13	131	32719	19796	tumor_like	medium	1	1	24	4	0	0	3	0	7	1.4	1	4
ACGCGTTCTATGGCAT-1	1	61	59	25579	28175	tumor_like	medium	1	1	40	0	0	0	0	0	0	0	0	0
ACGCGTTCTGAGATGC-1	1	74	108	30506	30386	tumor_like	medium	1	1	45	1	0	0	10	0	11	2.2	1	1
ACGCGTTCTTATGAAG-1	1	56	92	28877	27281	tumor_like	medium	1	1	17	0	0	0	1	0	1	0.2	0	0
ACGCGTTGAGAATCCT-1	1	93	129	32637	33659	tumor_like	medium	1	1	20	1	0	0	2	0	3	0.6	1	1
ACGCGTTGATTAAGGC-1	1	105	123	32054	35744	tumor_like	medium	1	1	26	1	0	0	2	0	3	0.6	1	1
ACGCTCACATGCAGCC-1	1	92	98	29531	33514	tumor_like	medium	1	1	221	10	0	0	18	0	28	5.6	1	10
ACGCTCAGGTCACGTC-1	1	34	54	25038	23501	tumor_like	medium	1	1	0	0	0	0	0	0	0	0	0	0
ACGCTCCTGCGATCGC-1	1	2	36	23188	17972	tumor_like	medium	1	1	0	0	0	0	0	0	0	0	0	0
ACGCTCGCCGGACGTC-1	1	125	43	24071	39277	tumor_like	medium	1	1	142	16	3	0	15	0	34	6.8	1	16
ACGCTCGGAGGCGGTT-1	1	60	84	28081	27981	tumor_like	medium	1	1	19	0	0	0	1	0	1	0.2	0	0
ACGCTGCGATCATATG-1	1	38	210	40669	24061	tumor_like	medium	1	1	1	1	0	0	0	0	1	0.2	1	1
ACGCTGTCCTATGCCT-1	1	81	165	36225	31550	tumor_like	medium	1	1	13	0	0	0	3	0	3	0.6	0	0
ACGCTTCTATAGGCTG-1	1	105	139	33656	35730	tumor_like	medium	1	1	13	0	0	0	3	0	3	0.6	0	0
ACGGAGAAGTAACCAC-1	1	39	203	39969	24240	tumor_like	medium	1	1	3	3	0	0	0	0	3	0.6	1	3
ACGGAGACGACATGAT-1	1	49	111	30769	26051	tumor_like	medium	1	1	92	1	0	0	2	0	3	0.6	1	1
ACGGATGAGGTGCGGT-1	1	107	133	33058	36082	tumor_like	medium	1	1	8	0	0	0	1	0	1	0.2	0	0
ACGGATGATCAACGCA-1	1	102	122	31949	35226	tumor_like	medium	1	1	42	2	0	0	4	0	6	1.2	1	2
ACGGATGTTGGCAACA-1	1	87	57	25417	32681	tumor_like	medium	1	1	101	4	0	0	16	0	20	4	1	4
ACGGCAGATGCACGTA-1	1	52	144	34079	26544	tumor_like	medium	1	1	4	0	0	0	2	0	2	0.4	0	0
ACGGCCATCTGCCTAA-1	1	73	39	23594	30271	tumor_like	medium	1	1	6	2	0	0	1	0	3	0.6	1	2
ACGGCCATGATACCTG-1	1	83	137	33424	31920	tumor_like	medium	1	1	60	2	0	0	8	0	10	2	1	2
ACGGCCGTGCTCTTGC-1	1	120	56	25366	38401	tumor_like	medium	1	1	69	6	1	0	10	0	17	3.4	1	6
ACGGCCTGCAGGCAAC-1	1	62	60	25681	28348	tumor_like	medium	1	1	12	0	0	0	1	0	1	0.2	0	0
ACGGCGAGGATGCAAT-1	1	101	53	25037	35110	tumor_like	medium	1	1	280	13	0	0	34	0	47	9.4	1	13
ACGGCTATCCGCTTGT-1	1	98	136	33346	34521	tumor_like	medium	1	1	22	0	0	0	7	0	7	1.4	0	0
ACGGCTCGCCTTGCTA-1	1	82	104	30117	31776	tumor_like	medium	1	1	15	0	0	0	3	0	3	0.6	0	0
ACGGCTGCAATAACGA-1	1	104	82	27946	35607	tumor_like	medium	1	1	256	10	2	0	34	0	46	9.2	1	10
ACGGCTGCTTCATAGC-1	1	97	55	25231	34416	tumor_like	medium	1	1	139	76	3	0	37	0	116	23.2	1	76
ACGGCTTCCTCGGAGG-1	1	100	72	26939	34922	tumor_like	medium	1	1	144	82	3	0	31	0	116	23.2	1	82
ACGGCTTGTTATACGT-1	1	17	205	40137	20426	tumor_like	medium	1	1	2	4	0	0	1	1	6	1.2	1	2
ACGGTATGTTAGAACT-1	1	0	80	27592	17588	tumor_like	medium	1	1	1	0	0	0	0	0	0	0	0	0
ACGGTGATAAGCAACA-1	1	39	135	33158	24298	tumor_like	medium	1	1	5	0	0	0	2	0	2	0.4	0	0
ACGGTGATACAACCGC-1	1	100	52	24935	34939	tumor_like	medium	1	1	213	39	1	0	27	0	67	13.4	1	39
ACGGTGCTGGAGACTA-1	1	21	221	41745	21106	tumor_like	medium	1	1	1	0	0	0	0	0	0	0	0	0
ACGGTTACTGCTTGCG-1	1	69	209	40614	29433	tumor_like	medium	1	1	3	0	0	0	1	0	1	0.2	0	0
ACGGTTACTGGCACGG-1	1	121	149	34682	38494	immune	medium	0	0	1	3	0	0	0	0	3	0.6	1	1
ACGGTTCCAGCTGCTC-1	1	103	95	29247	35421	tumor_like	medium	1	1	115	9	0	0	18	0	27	5.4	1	9
ACGGTTCGCATCCTAT-1	1	26	114	31036	22064	tumor_like	medium	1	1	1	0	0	0	0	0	0	0	0	0
ACGGTTGTGGATTGGT-1	1	90	144	34135	33128	tumor_like	medium	1	1	40	1	2	0	8	0	11	2.2	1	1
ACGTAGGATTGTACGA-1	1	57	101	29780	27446	tumor_like	medium	1	1	82	1	0	0	10	0	11	2.2	1	1
ACGTAGGCCAAGCGTG-1	1	102	80	27743	35262	tumor_like	medium	1	1	260	55	9	0	30	1	95	19	1	55
ACGTATACTAGGCAAT-1	1	66	126	32297	28985	tumor_like	medium	1	1	23	1	0	0	2	0	3	0.6	1	1
ACGTATCAGCGACGGT-1	1	78	160	35720	31035	tumor_like	medium	1	1	65	2	0	0	6	0	8	1.6	1	2
ACGTATCCGTACAATG-1	1	64	134	33095	28631	tumor_like	medium	1	1	53	2	0	0	7	0	9	1.8	1	2
ACGTATGCATGGCCGG-1	1	66	22	21881	29073	tumor_like	medium	1	1	4	0	0	0	0	0	0	0	0	0
ACGTATGCGACGTGTA-1	1	87	167	36434	32587	tumor_like	medium	1	1	24	0	0	0	3	0	3	0.6	0	0
ACGTCACTGGACGAAG-1	1	100	120	31746	34881	tumor_like	medium	1	1	74	1	1	0	5	0	7	1.4	1	1
ACGTCAGGTACCAGAT-1	1	18	52	24814	20731	tumor_like	medium	1	1	0	0	0	0	0	0	0	0	0	0
ACGTCATACGGACTTG-1	1	3	31	22689	18149	tumor_like	medium	1	1	0	0	0	0	0	0	0	0	0	0
ACGTCGCCACTCGACA-1	1	54	128	32479	26904	tumor_like	medium	1	1	22	1	0	0	0	0	1	0.2	1	1
ACGTGCACCTGAATCG-1	1	109	109	30658	36449	tumor_like	medium	1	1	49	2	0	0	5	0	7	1.4	1	2
ACGTGCTCACAATACA-1	1	55	153	34985	27055	tumor_like	medium	1	1	4	3	0	0	2	0	5	1	1	3
ACGTGGTACAATTCGA-1	1	80	52	24906	31474	tumor_like	medium	1	1	144	1	0	0	19	0	20	4	1	1
ACGTGGTCGCGGCTTA-1	1	14	216	41234	19898	tumor_like	medium	1	1	0	0	0	0	0	0	0	0	0	0
ACGTGGTCGCTACAGC-1	1	75	205	40222	30476	tumor_like	medium	1	1	18	0	0	0	0	0	0	0	0	0
ACGTGGTTCTATCCAC-1	1	9	161	35718	19077	tumor_like	medium	1	1	11	1	0	0	0	0	1	0.2	1	1
ACGTTAACCACTTATG-1	1	0	170	36606	17511	tumor_like	medium	1	1	17	0	0	0	2	0	2	0.4	0	0
ACGTTAATCATACTCA-1	1	54	168	36486	26870	tumor_like	medium	1	1	6	9	0	0	2	0	11	2.2	1	6
ACGTTAATCCACTCCA-1	1	60	152	34892	27923	tumor_like	medium	1	1	19	0	0	0	2	0	2	0.4	0	0
ACGTTAATGAGTGCCA-1	1	75	85	28204	30578	tumor_like	medium	1	1	128	6	0	0	7	0	13	2.6	1	6
ACGTTACAACGTTATC-1	1	67	85	28192	29192	tumor_like	medium	1	1	4	0	0	0	1	0	1	0.2	0	0
ACGTTACAACTCCACG-1	1	74	68	26500	30420	tumor_like	medium	1	1	82	1	0	0	5	0	6	1.2	1	1
ACGTTACAGTGCGAGG-1	1	78	56	25304	31124	tumor_like	medium	1	1	74	0	0	0	8	0	8	1.6	0	0
ACGTTACGACGTATGA-1	1	97	163	36048	34324	tumor_like	medium	1	1	45	0	1	0	8	0	9	1.8	0	0
ACGTTACGATTCAATA-1	1	106	114	31154	35926	tumor_like	medium	1	1	75	2	0	0	10	0	12	2.4	1	2
ACGTTACTCAATTCGG-1	1	5	19	21490	18505	tumor_like	medium	1	1	2	0	0	0	0	0	0	0	0	0
ACGTTAGGCTGCTACG-1	1	83	73	27014	31975	tumor_like	medium	1	1	77	4	1	0	14	0	19	3.8	1	4
ACGTTAGGTTGGCGCT-1	1	55	121	31780	27082	tumor_like	medium	1	1	18	5	1	0	1	0	7	1.4	1	5
ACGTTATCGCACCTTG-1	1	12	48	24405	19695	tumor_like	medium	1	1	0	0	0	1	0	0	1	0.2	0	0
ACGTTATGACTATCAG-1	1	57	209	40597	27353	tumor_like	medium	1	1	16	2	0	0	6	0	8	1.6	1	2
ACGTTATGGACTAAGG-1	1	51	175	37182	26343	tumor_like	medium	1	1	11	9	0	0	0	0	9	1.8	1	9
ACGTTCACTCTATGCC-1	1	76	218	41526	30639	tumor_like	medium	1	1	27	4	0	0	5	0	9	1.8	1	4
ACGTTCAGGATCTACA-1	1	23	197	39344	21473	tumor_like	medium	1	1	77	0	0	0	7	0	7	1.4	0	0
ACGTTCCACCGATTCG-1	1	86	60	25716	32506	tumor_like	medium	1	1	49	1	0	0	14	0	15	3	1	1
ACGTTCGGTTCCGTAC-1	1	29	147	34346	22555	tumor_like	medium	1	1	19	2	0	0	5	0	7	1.4	1	2
ACGTTCTTATTGCACT-1	1	58	166	36291	27564	tumor_like	medium	1	1	2	10	0	0	3	0	13	2.6	1	2
ACTAACAACCGCTCGA-1	1	102	6	20331	35325	tumor_like	medium	1	1	9	1	0	0	0	0	1	0.2	1	1
ACTAAGACTTAACTTG-1	1	0	158	35404	17522	tumor_like	medium	1	1	12	0	0	0	5	0	5	1	0	0
ACTAATACGTATTGTT-1	1	11	147	34319	19436	tumor_like	medium	1	1	2	1	0	0	0	0	1	0.2	1	1
ACTAATAGGATGCCTG-1	1	22	60	25622	21417	tumor_like	medium	1	1	0	0	0	0	0	0	0	0	0	0
ACTAATAGGCGGAAGC-1	1	108	106	30356	36279	tumor_like	medium	1	1	26	1	0	0	7	0	8	1.6	1	1
ACTAATCGAGCAACTG-1	1	50	152	34877	26190	tumor_like	medium	1	1	4	4	0	0	2	0	6	1.2	1	4
ACTAATCGCACTTGAA-1	1	98	166	36350	34495	tumor_like	medium	1	1	20	4	0	0	3	0	7	1.4	1	4
ACTAATCTACCGCACT-1	1	91	121	31833	33320	tumor_like	medium	1	1	83	7	2	0	13	0	22	4.4	1	7
ACTAATCTAGTAGAAC-1	1	39	57	25346	24364	tumor_like	medium	1	1	3	0	0	0	1	0	1	0.2	0	0
ACTAATCTGGATCTAC-1	1	91	111	30831	33328	tumor_like	medium	1	1	66	4	0	0	5	0	9	1.8	1	4
ACTAATTAGTGACAGG-1	1	74	102	29905	30391	tumor_like	medium	1	1	135	5	0	0	8	0	13	2.6	1	5
ACTAATTCCGAGCGGC-1	1	12	214	41031	19553	tumor_like	medium	1	1	4	0	0	0	0	0	0	0	0	0
ACTACCGCTACCAGGA-1	1	120	70	26768	38389	tumor_like	medium	1	1	87	25	3	0	18	0	46	9.2	1	25
ACTACCTCAGGAAGCC-1	1	41	169	36567	24615	tumor_like	medium	1	1	22	7	1	0	8	0	16	3.2	1	7
ACTAGGAGACGGATCG-1	1	93	91	28831	33692	tumor_like	medium	1	1	151	7	0	0	14	0	21	4.2	1	7
ACTAGGTTCATACCTG-1	1	108	94	29154	36289	tumor_like	medium	1	1	39	12	2	0	6	0	20	4	1	12
ACTATGCCGATCCGTG-1	1	91	183	38043	33267	tumor_like	medium	1	1	4	0	0	0	1	0	1	0.2	0	0
ACTATTACATAGATGG-1	1	14	204	40032	19908	tumor_like	medium	1	1	4	1	0	0	0	0	1	0.2	1	1
ACTATTCCATTCACAA-1	1	122	54	25168	38749	tumor_like	medium	1	1	127	7	1	0	20	0	28	5.6	1	7
ACTCAACCTCATTGCA-1	1	117	13	21054	37917	tumor_like	medium	1	1	49	7	2	0	6	0	15	3	1	7
ACTCAGCGGAACGGCG-1	1	23	183	37942	21484	tumor_like	medium	1	1	21	3	0	0	2	0	5	1	1	3
ACTCAGCTCAGTTACA-1	1	82	194	39131	31699	tumor_like	medium	1	1	43	8	1	0	4	0	13	2.6	1	8
ACTCAGGAACGCGGTT-1	1	108	86	28353	36296	tumor_like	medium	1	1	307	6	0	0	16	0	22	4.4	1	6
ACTCAGGCAGTGAGGA-1	1	23	47	24321	21600	tumor_like	medium	1	1	0	0	0	0	0	0	0	0	0	0
ACTCAGGCGGCCTTAT-1	1	109	155	35265	36410	tumor_like	medium	1	1	0	0	0	0	0	0	0	0	0	0
ACTCAGGCTTCGTTCA-1	1	64	64	26084	28691	tumor_like	medium	1	1	16	1	0	0	5	0	6	1.2	1	1
ACTCAGGTTATTAATC-1	1	95	129	32640	34006	tumor_like	medium	1	1	29	1	0	0	1	0	2	0.4	1	1
ACTCAGTGTCGTATGT-1	1	32	164	36053	23061	tumor_like	medium	1	1	20	0	0	0	4	0	4	0.8	0	0
ACTCCAATGTGCATGA-1	1	96	198	39552	34121	tumor_like	medium	1	1	15	0	1	0	2	0	3	0.6	0	0
ACTCCACGCCAATGTT-1	1	94	164	36144	33804	tumor_like	medium	1	1	28	1	0	0	1	0	2	0.4	1	1
ACTCCAGGCACTCAAC-1	1	118	70	26765	38043	tumor_like	medium	1	1	75	7	0	0	7	0	14	2.8	1	7
ACTCCATAACCGTTAA-1	1	51	129	32575	26382	tumor_like	medium	1	1	14	1	0	0	0	0	1	0.2	1	1
ACTCCGAGCATCGTAT-1	1	124	50	24771	39099	tumor_like	medium	1	1	129	5	1	0	10	0	16	3.2	1	5
ACTCCTAAGTCTCCTG-1	1	117	49	24660	37886	tumor_like	medium	1	1	147	10	0	0	14	0	24	4.8	1	10
ACTCCTACGATCGCCT-1	1	106	64	26146	35968	tumor_like	medium	1	1	148	11	0	0	28	0	39	7.8	1	11
ACTCCTACGCACGTGA-1	1	54	68	26470	26955	tumor_like	medium	1	1	5	0	0	0	0	0	0	0	0	0
ACTCCTGACCTAATGC-1	1	26	146	34241	22037	tumor_like	medium	1	1	43	3	0	0	2	0	5	1	1	3
ACTCCTTACTGGACTT-1	1	53	133	32979	26725	tumor_like	medium	1	1	11	2	0	0	5	0	7	1.4	1	2
ACTCCTTGGCTAACTA-1	1	19	211	40741	20767	tumor_like	medium	1	1	1	0	0	0	0	0	0	0	0	0
ACTCCTTGTCGCCTGA-1	1	12	116	31216	19637	tumor_like	medium	1	1	5	3	0	0	0	0	3	0.6	1	3
ACTCGAACCACGCTAC-1	1	85	153	35029	32253	tumor_like	medium	1	1	20	1	1	0	4	0	6	1.2	1	1
ACTCGAACCTATAGAC-1	1	89	77	27423	33011	tumor_like	medium	1	1	236	6	1	0	19	0	26	5.2	1	6
ACTCGAATGCAGTACC-1	1	67	147	34402	29139	tumor_like	medium	1	1	6	2	0	0	2	0	4	0.8	1	2
ACTCGACGCACTTCCA-1	1	98	18	21527	34621	tumor_like	medium	1	1	3	0	0	0	0	0	0	0	0	0
ACTCGATACATCGCAA-1	1	125	93	29079	39235	tumor_like	medium	1	1	11	2	0	0	1	0	3	0.6	1	2
ACTCGATATGAGTGGA-1	1	54	110	30677	26919	tumor_like	medium	1	1	35	6	0	0	3	1	10	2	1	6
ACTCGATTACCTTATG-1	1	5	157	35312	18388	tumor_like	medium	1	1	13	4	1	0	3	0	8	1.6	1	4
ACTCGCGAAGGAGCTG-1	1	73	89	28601	30228	tumor_like	medium	1	1	14	2	0	0	3	0	5	1	1	2
ACTCGTCAGATGACCT-1	1	103	15	21234	35489	tumor_like	medium	1	1	22	0	0	1	4	0	5	1	0	0
ACTCGTCAGCAATACG-1	1	66	42	23884	29056	tumor_like	medium	1	1	0	0	0	0	0	0	0	0	0	0
ACTCGTCCACGCGAAG-1	1	85	59	25614	32333	tumor_like	medium	1	1	42	3	0	0	14	0	17	3.4	1	3
ACTCGTCCACTCAGGC-1	1	22	202	39844	21296	tumor_like	medium	1	1	2	0	0	0	0	0	0	0	0	0
ACTCGTCCGACGAATG-1	1	118	66	26364	38046	tumor_like	medium	1	1	73	8	0	0	12	1	21	4.2	1	8
ACTCGTCCGATAGTCA-1	1	85	159	35630	32248	tumor_like	medium	1	1	40	1	1	0	4	0	6	1.2	1	1
ACTCGTCCTCGTTGAC-1	1	95	67	26430	34059	tumor_like	medium	1	1	106	21	0	0	20	1	42	8.4	1	21
ACTCGTGGCAGCGTCG-1	1	68	210	40713	29260	tumor_like	medium	1	1	1	0	0	0	1	0	1	0.2	0	0
ACTCGTTCGCCAGATA-1	1	65	197	39406	28750	tumor_like	medium	1	1	12	0	0	0	0	0	0	0	0	0
ACTCGTTGGAAGATGT-1	1	0	44	23987	17619	tumor_like	medium	1	1	0	0	0	0	0	0	0	0	0	0
ACTCGTTGGCTTGACG-1	1	95	57	25429	34067	tumor_like	medium	1	1	190	24	2	0	21	0	47	9.4	1	24
ACTCGTTGGTGCAGAC-1	1	121	51	24866	38578	tumor_like	medium	1	1	240	9	2	0	33	0	44	8.8	1	9
ACTCTAGCGGCCTGCA-1	1	0	42	23786	17620	tumor_like	medium	1	1	0	0	0	0	1	0	1	0.2	0	0
ACTCTAGTCTGGCTAT-1	1	60	88	28482	27978	tumor_like	medium	1	1	11	0	0	0	0	0	0	0	0	0
ACTCTATCACCTGGAG-1	1	124	94	29177	39062	tumor_like	medium	1	1	6	0	0	0	1	0	1	0.2	0	0
ACTCTGGTACGAGCCG-1	1	98	142	33947	34516	tumor_like	medium	1	1	29	1	0	0	2	0	3	0.6	1	1
ACTGAAGAACTTCATG-1	1	85	103	30021	32295	tumor_like	medium	1	1	44	2	0	0	5	0	7	1.4	1	2
ACTGACATCGGAACCT-1	1	55	97	29376	27102	tumor_like	medium	1	1	25	1	0	0	4	0	5	1	1	1
ACTGACCTCACCAAGG-1	1	76	196	39323	30658	tumor_like	medium	1	1	15	1	0	0	3	0	4	0.8	1	1
ACTGACCTTCCGCAAG-1	1	122	104	30176	38707	tumor_like	medium	1	1	39	5	0	0	7	0	12	2.4	1	5
ACTGACGGCAGATCCG-1	1	17	79	27517	20534	tumor_like	medium	1	1	0	0	0	0	0	0	0	0	0	0
ACTGACGGCCTGTTGC-1	1	95	95	29235	34035	tumor_like	medium	1	1	230	8	0	0	23	0	31	6.2	1	8
ACTGACGGCGTGGCTG-1	1	99	201	39857	34638	tumor_like	medium	1	1	2	2	0	0	1	0	3	0.6	1	2
ACTGACTAGCTTGTAT-1	1	100	168	36554	34840	tumor_like	medium	1	1	6	2	0	0	2	0	4	0.8	1	2
ACTGACTAGTATGGCG-1	1	87	173	37035	32582	tumor_like	medium	1	1	1	0	0	0	0	0	0	0	0	0
ACTGACTCCGTGATCA-1	1	32	118	31445	23100	tumor_like	medium	1	1	0	0	0	0	1	0	1	0.2	0	0
ACTGACTCGATAAGGT-1	1	14	48	24408	20041	tumor_like	medium	1	1	0	0	0	0	0	0	0	0	0	0
ACTGACTCGTAATACT-1	1	23	223	41949	21450	tumor_like	medium	1	1	5	0	0	0	2	0	2	0.4	0	0
ACTGACTGGAACGCTG-1	1	65	83	27989	28847	tumor_like	medium	1	1	50	0	1	0	3	0	4	0.8	0	0
ACTGACTTCTCATCTA-1	1	95	127	32440	34008	tumor_like	medium	1	1	40	5	0	1	14	0	20	4	1	5
ACTGAGACTCTGCGTA-1	1	11	55	25105	19514	tumor_like	medium	1	1	0	0	0	0	0	0	0	0	0	0
ACTGAGCGGCGAACCA-1	1	83	147	34425	31911	tumor_like	medium	1	1	33	3	0	0	4	0	7	1.4	1	3
ACTGAGGCTGAGGTCG-1	1	4	114	31003	18252	tumor_like	medium	1	1	2	1	0	0	0	0	1	0.2	1	1
ACTGATAGCCAGGCGA-1	1	70	38	23489	29753	tumor_like	medium	1	1	2	0	0	0	0	0	0	0	0	0
ACTGCAACGGTCGTGC-1	1	94	76	27330	33879	tumor_like	medium	1	1	65	4	0	0	11	0	15	3	1	4
ACTGCAACTTAATGGC-1	1	21	119	31529	21193	tumor_like	medium	1	1	25	3	0	0	6	0	9	1.8	1	3
ACTGCAAGACGAGGCT-1	1	70	32	22888	29758	tumor_like	medium	1	1	0	0	0	0	0	0	0	0	0	0
ACTGCACCATTGATCC-1	1	2	94	28997	17923	tumor_like	medium	1	1	2	0	0	0	0	0	0	0	0	0
ACTGCACGCTCATGCC-1	1	2	196	39213	17836	tumor_like	medium	1	1	3	1	0	0	0	0	1	0.2	1	1
ACTGCATAGAACGCGT-1	1	114	92	28962	37331	tumor_like	medium	1	1	92	2	1	0	5	0	8	1.6	1	2
ACTGCCTCGCCGGCGA-1	1	84	198	39535	32042	tumor_like	medium	1	1	10	0	0	0	0	0	0	0	0	0
ACTGCTCGTGCTCAGC-1	1	90	140	33734	33131	tumor_like	medium	1	1	60	6	0	0	3	0	9	1.8	1	6
ACTGGACCAAGTCGCA-1	1	108	18	21542	36354	tumor_like	medium	1	1	4	1	0	0	0	0	1	0.2	1	1
ACTGGTAACGAGCTGC-1	1	29	179	37551	22527	tumor_like	medium	1	1	15	3	0	0	6	0	9	1.8	1	3
ACTGGTCTCCTTCTCG-1	1	58	122	31884	27602	tumor_like	medium	1	1	43	4	0	0	11	0	15	3	1	4
ACTGGTCTGGAGTCGG-1	1	119	107	30472	38183	tumor_like	medium	1	1	55	6	0	0	12	0	18	3.6	1	6
ACTGGTGAGGACCTAT-1	1	71	111	30802	29863	tumor_like	medium	1	1	7	0	0	0	0	0	0	0	0	0
ACTGTAATAGTGTCAG-1	1	61	119	31588	28123	tumor_like	medium	1	1	18	1	0	0	1	0	2	0.4	1	1
ACTGTAATTACCTTGT-1	1	58	128	32485	27597	tumor_like	medium	1	1	22	3	0	0	1	0	4	0.8	1	3
ACTGTAGATCATTAAG-1	1	126	130	32786	39378	tumor_like	medium	1	1	24	2	0	0	8	0	10	2	1	2
ACTGTAGCAGGACATA-1	1	22	124	32032	21363	tumor_like	medium	1	1	40	9	0	0	3	0	12	2.4	1	9
ACTGTAGCCTCGTGAA-1	1	98	200	39756	34466	tumor_like	medium	1	1	19	1	1	0	3	0	5	1	1	1
ACTGTAGGTACGAGGT-1	1	84	114	31122	32114	tumor_like	medium	1	1	47	4	0	0	9	0	13	2.6	1	4
ACTGTATCAATCGACC-1	1	56	170	36689	27214	tumor_like	medium	1	1	2	21	1	0	2	0	24	4.8	1	2
ACTGTATGGTGCAATG-1	1	110	44	24149	36679	tumor_like	medium	1	1	243	10	2	0	24	0	36	7.2	1	10
ACTGTCGCTAGTTACG-1	1	20	38	23415	21089	tumor_like	medium	1	1	0	0	0	0	0	0	0	0	0	0
ACTGTCGTTAGACGGA-1	1	96	194	39152	34125	tumor_like	medium	1	1	2	1	0	0	0	0	1	0.2	1	1
ACTTACAATTCCTCAT-1	1	66	108	30494	29000	tumor_like	medium	1	1	52	2	0	0	9	0	11	2.2	1	2
ACTTACGCGAATGAAG-1	1	90	22	21916	33232	tumor_like	medium	1	1	4	0	0	0	1	0	1	0.2	0	0
ACTTACGCTAGCGACA-1	1	100	56	25336	34936	tumor_like	medium	1	1	234	34	2	0	28	0	64	12.8	1	34
ACTTCAAGATTACGTA-1	1	81	131	32820	31579	tumor_like	medium	1	1	67	1	1	0	5	0	7	1.4	1	1
ACTTCAAGTCCTTATT-1	1	44	150	34668	25152	tumor_like	medium	1	1	3	0	0	0	1	0	1	0.2	0	0
ACTTCACTATCTAATA-1	1	55	71	26772	27125	tumor_like	medium	1	1	2	1	0	0	0	0	1	0.2	1	1
ACTTCATCAACGCACG-1	1	123	63	26071	38914	tumor_like	medium	1	1	210	2	0	0	13	0	15	3	1	2
ACTTCCTCATTGTAGC-1	1	3	27	22288	18152	tumor_like	medium	1	1	0	0	0	0	0	0	0	0	0	0
ACTTCCTGGCGGCTGT-1	1	109	117	31459	36442	tumor_like	medium	1	1	41	1	0	1	11	0	13	2.6	1	1
ACTTCTCGGCTCGGCC-1	1	22	208	40445	21291	tumor_like	medium	1	1	2	0	0	1	1	0	2	0.4	0	0
ACTTGACAAGGTAGCT-1	1	123	143	34084	38846	tumor_like	medium	1	1	1	0	0	0	0	1	1	0.2	0	0
ACTTGACAATAGAACC-1	1	105	53	25043	35804	tumor_like	medium	1	1	249	18	1	0	12	0	31	6.2	1	18
ACTTGAGCGACATCCG-1	1	91	137	33435	33306	tumor_like	medium	1	1	135	4	2	0	8	0	14	2.8	1	4
ACTTGATAACCGACTC-1	1	112	116	31363	36964	tumor_like	medium	1	1	60	3	0	0	6	0	9	1.8	1	3
ACTTGATAGTCTCGCA-1	1	96	210	40754	34111	tumor_like	medium	1	1	0	0	0	0	0	0	0	0	0	0
ACTTGATAGTGAAGTG-1	1	24	112	30833	21719	tumor_like	medium	1	1	10	4	0	0	2	0	6	1.2	1	4
ACTTGATCGAACGATA-1	1	6	148	34412	18570	tumor_like	medium	1	1	3	2	0	0	1	0	3	0.6	1	2
ACTTGGACCGTCGATC-1	1	93	69	26628	33711	tumor_like	medium	1	1	123	9	2	0	23	0	34	6.8	1	9
ACTTGGTGGATCGAGT-1	1	67	23	21982	29245	tumor_like	medium	1	1	0	0	0	0	0	0	0	0	0	0
ACTTGTAACAGATTGC-1	1	90	104	30129	33162	tumor_like	medium	1	1	40	1	0	0	4	0	5	1	1	1
ACTTGTCCATTGTTCG-1	1	83	57	25411	31988	tumor_like	medium	1	1	65	0	0	0	10	0	10	2	0	0
ACTTGTCGTGTCTGGC-1	1	66	158	35502	28957	tumor_like	medium	1	1	10	1	0	0	1	0	2	0.4	1	1
ACTTGTGAGGATCATG-1	1	92	200	39747	33427	tumor_like	medium	1	1	21	2	0	1	3	0	6	1.2	1	2
AGAACAAGAATTGAGG-1	1	113	97	29462	37152	tumor_like	medium	1	1	114	10	0	0	15	0	25	5	1	10
AGAACAGCTGCGTGAC-1	1	64	194	39105	28580	tumor_like	medium	1	1	26	0	0	0	8	0	8	1.6	0	0
AGAACAGGAGGCTCTT-1	1	109	81	27853	36473	tumor_like	medium	1	1	103	3	0	0	19	0	22	4.4	1	3
AGAACATACTTAACTA-1	1	85	135	33226	32268	tumor_like	medium	1	1	31	3	0	0	4	0	7	1.4	1	3
AGAACCAGCATAATAG-1	1	93	43	24024	33733	tumor_like	medium	1	1	138	33	1	0	23	1	58	11.6	1	33
AGAACCGATCAGGTCG-1	1	86	204	40139	32384	tumor_like	medium	1	1	9	0	0	0	1	0	1	0.2	0	0
AGAACCTTCATCTAGA-1	1	53	141	33780	26718	tumor_like	medium	1	1	4	0	0	0	0	0	0	0	0	0
AGAAGCCAATAGTGGC-1	1	50	114	31071	26223	tumor_like	medium	1	1	41	2	0	0	3	0	5	1	1	2
AGAAGCTAATACGACA-1	1	57	195	39194	27365	tumor_like	medium	1	1	49	1	0	0	2	0	3	0.6	1	1
AGAAGGATAGCAGGCT-1	1	49	179	37580	25993	tumor_like	medium	1	1	3	8	0	2	2	1	13	2.6	1	3
AGAAGGCACTTGCATA-1	1	98	46	24332	34598	tumor_like	medium	1	1	162	19	4	0	15	0	38	7.6	1	19
AGAAGGCGACTACCGC-1	1	2	8	20384	17996	ambiguous_or_low_signal	low	0	0	0	0	0	0	0	0	0	0	0	0
AGAAGGCGATACGTAC-1	1	4	14	20988	18337	ambiguous_or_low_signal	low	0	0	0	0	0	0	0	0	0	0	0	0
AGAAGGCGGTGCCGCT-1	1	18	132	32827	20663	tumor_like	medium	1	1	2	4	0	0	1	0	5	1	1	2
AGAAGGTAATAGATGT-1	1	43	181	37771	24952	tumor_like	medium	1	1	7	7	0	0	5	0	12	2.4	1	7
AGAAGGTAGATAGACC-1	1	89	3	20012	33074	tumor_like	medium	1	1	21	7	0	0	2	0	9	1.8	1	7
AGAAGGTCACAGTGTT-1	1	101	1	19829	35155	tumor_like	medium	1	1	24	4	1	0	3	0	8	1.6	1	4
AGAAGGTCGACCGGCA-1	1	79	133	33017	31230	tumor_like	medium	1	1	34	0	0	0	4	0	4	0.8	0	0
AGAAGTGCGTACTCAG-1	1	14	200	39632	19912	tumor_like	medium	1	1	3	2	0	0	0	0	2	0.4	1	2
AGAATAACTTAGCCTG-1	1	65	115	31194	28820	tumor_like	medium	1	1	31	1	0	0	7	0	8	1.6	1	1
AGAATCTTCAGTGGCG-1	1	71	191	38814	29795	tumor_like	medium	1	1	16	1	0	0	5	0	6	1.2	1	1
AGACAACGACAATGTC-1	1	53	119	31577	26737	tumor_like	medium	1	1	25	2	1	0	0	0	3	0.6	1	2
AGACAACGACTAGTAA-1	1	88	130	32730	32793	tumor_like	medium	1	1	89	3	0	0	10	0	13	2.6	1	3
AGACAACGAGACTCGT-1	1	46	182	37876	25472	tumor_like	medium	1	1	1	5	1	0	1	0	7	1.4	1	1
AGACAAGGAATTCACC-1	1	48	64	26061	25919	tumor_like	medium	1	1	12	1	0	0	1	0	2	0.4	1	1
AGACCACTGCATTGTT-1	1	95	201	39851	33945	tumor_like	medium	1	1	12	2	0	0	2	0	4	0.8	1	2
AGACCGACAAGGCGTA-1	1	108	128	32559	36260	tumor_like	medium	1	1	22	1	0	0	1	0	2	0.4	1	1
AGACCGAGAATCCTTG-1	1	98	52	24932	34592	tumor_like	medium	1	1	159	218	12	0	22	0	252	50.4	1	159
AGACCGAGCTGTATGG-1	1	66	204	40109	28918	tumor_like	medium	1	1	8	0	0	0	1	0	1	0.2	0	0
AGACCGATAGCCGCAT-1	1	82	200	39732	31694	tumor_like	medium	1	1	20	0	1	0	4	0	5	1	0	0
AGACCGCAAGGAGCGT-1	1	72	116	31304	30033	tumor_like	medium	1	1	1	0	0	0	1	0	1	0.2	0	0
AGACCGGATGTCAACG-1	1	124	0	19763	39142	tumor_like	medium	1	1	4	0	0	0	0	0	0	0	0	0
AGACCGGTTCACCTAA-1	1	122	62	25969	38742	tumor_like	medium	1	1	70	11	2	0	10	0	23	4.6	1	11
AGACCGTACTAAGCCG-1	1	17	149	34528	20474	tumor_like	medium	1	1	8	0	0	0	0	0	0	0	0	0
AGACCGTAGTTGCAAC-1	1	61	75	27181	28161	tumor_like	medium	1	1	1	2	1	0	0	0	3	0.6	1	1
AGACCGTATCCATAAC-1	1	71	125	32204	29851	tumor_like	medium	1	1	31	4	0	0	6	0	10	2	1	4
AGACCGTGCGTTACCG-1	1	25	109	30534	21894	tumor_like	medium	1	1	3	1	0	0	1	0	2	0.4	1	1
AGACCTCAGGTCGAGG-1	1	48	106	30267	25883	tumor_like	medium	1	1	11	0	0	0	3	0	3	0.6	0	0
AGACCTCATCTGGTTC-1	1	94	140	33740	33824	tumor_like	medium	1	1	70	1	2	0	9	0	12	2.4	1	1
AGACCTCCAGCACTAA-1	1	105	93	29049	35769	tumor_like	medium	1	1	121	9	3	0	14	0	26	5.2	1	9
AGACCTCCTTAAGCAA-1	1	76	186	38321	30666	tumor_like	medium	1	1	10	2	0	0	2	0	4	0.8	1	2
AGACCTGCTAATACGC-1	1	67	37	23384	29233	tumor_like	medium	1	1	1	0	0	0	0	0	0	0	0	0
AGACCTGGTAGCGTGA-1	1	33	193	38959	23209	tumor_like	medium	1	1	6	5	0	0	0	0	5	1	1	5
AGACCTTCTGCGTTGC-1	1	71	15	21187	29945	tumor_like	medium	1	1	0	0	0	0	0	0	0	0	0	0
AGACCTTGTTCACGGA-1	1	46	152	34871	25497	tumor_like	medium	1	1	6	4	1	0	1	0	6	1.2	1	4
AGACGCTAGACTGTGC-1	1	1	27	22285	17806	tumor_like	medium	1	1	0	0	0	1	0	0	1	0.2	0	0
AGACGCTCACGACAGA-1	1	106	112	30954	35927	tumor_like	medium	1	1	151	5	0	0	8	0	13	2.6	1	5
AGACGGAACAATGAGG-1	1	97	69	26634	34404	tumor_like	medium	1	1	294	97	10	0	38	0	145	29	1	97
AGACGGCTCCTTACTT-1	1	106	148	34559	35897	tumor_like	medium	1	1	10	2	0	0	2	0	4	0.8	1	2
AGACGGTTATGACTCA-1	1	96	146	34344	34166	tumor_like	medium	1	1	27	2	0	0	4	0	6	1.2	1	2
AGACGTCCATCGAAGG-1	1	2	22	21786	17984	tumor_like	medium	1	1	0	0	0	0	0	0	0	0	0	0
AGACGTGCAATCCTAA-1	1	58	34	23071	27677	tumor_like	medium	1	1	0	0	0	0	0	0	0	0	0	0
AGACTACACTTCGCTG-1	1	92	50	24723	33555	tumor_like	medium	1	1	127	19	3	0	24	0	46	9.2	1	19
AGACTACCAGCAACGT-1	1	13	67	26309	19851	tumor_like	medium	1	1	1	0	0	0	0	0	0	0	0	0
AGACTAGAGTTCGTGC-1	1	14	54	25009	20036	tumor_like	medium	1	1	0	0	0	0	0	0	0	0	0	0
AGACTAGGCACTGTAT-1	1	25	43	23923	21950	ambiguous_or_low_signal	low	0	0	0	0	0	0	0	0	0	0	0	0
AGACTCACTATTCTCC-1	1	102	86	28344	35257	tumor_like	medium	1	1	211	8	0	0	16	0	24	4.8	1	8
AGACTCCACGGTAGTG-1	1	15	109	30519	20161	tumor_like	medium	1	1	9	2	0	0	3	0	5	1	1	2
AGACTCCAGAGGCCGG-1	1	55	171	36788	27039	tumor_like	medium	1	1	8	23	1	0	0	0	24	4.8	1	8
AGACTCCATCCACCTT-1	1	101	143	34051	35034	tumor_like	medium	1	1	54	5	1	0	5	0	11	2.2	1	5
AGACTCCGGCCGCTAT-1	1	18	74	27018	20712	tumor_like	medium	1	1	0	0	0	0	0	0	0	0	0	0
AGACTCCGTGATCGGA-1	1	75	105	30207	30561	tumor_like	medium	1	1	84	4	0	0	6	0	10	2	1	4
AGACTCCGTGCTGTCG-1	1	51	139	33577	26374	tumor_like	medium	1	1	1	1	0	0	1	0	2	0.4	1	1
AGACTCCTATCCTATC-1	1	104	74	27145	35613	tumor_like	medium	1	1	179	16	1	0	24	0	41	8.2	1	16
AGACTCCTCGCTTAGG-1	1	90	16	21315	33237	tumor_like	medium	1	1	35	5	1	0	5	0	11	2.2	1	5
AGACTCGCAATGACCA-1	1	110	120	31761	36614	tumor_like	medium	1	1	37	2	0	0	14	0	16	3.2	1	2
AGACTCTACGTCTTGC-1	1	75	125	32210	30544	tumor_like	medium	1	1	35	0	0	0	3	0	3	0.6	0	0
AGACTCTGATGCTAGA-1	1	119	15	21258	38262	tumor_like	medium	1	1	28	4	0	0	4	0	8	1.6	1	4
AGACTGCGCCACGGCT-1	1	104	108	30550	35584	tumor_like	medium	1	1	153	14	2	0	12	0	28	5.6	1	14
AGACTGTAGCTACTCC-1	1	71	201	39816	29786	tumor_like	medium	1	1	10	0	0	0	2	0	2	0.4	0	0
AGACTGTCTGAGCGTG-1	1	65	191	38806	28755	tumor_like	medium	1	1	13	2	0	0	1	0	3	0.6	1	2
AGACTGTTGGTCAATT-1	1	117	119	31671	37826	tumor_like	medium	1	1	46	2	1	0	2	0	5	1	1	2
AGACTTAATCCTCGCT-1	1	3	83	27897	18104	tumor_like	medium	1	1	0	0	0	0	0	0	0	0	0	0
AGATAACACGGTATAA-1	1	89	175	37238	32927	tumor_like	medium	1	1	0	0	0	0	0	0	0	0	0	0
AGATAACTCAACTGGT-1	1	87	209	40641	32552	tumor_like	medium	1	1	19	0	0	0	3	0	3	0.6	0	0
AGATAACTCAGACTTC-1	1	18	48	24414	20734	tumor_like	medium	1	1	1	0	0	0	0	0	0	0	0	0
AGATAAGCGTCATAAC-1	1	28	180	37649	22354	tumor_like	medium	1	1	18	2	0	0	3	0	5	1	1	2
AGATAAGCTCACTACA-1	1	127	127	32487	39552	tumor_like	medium	1	1	74	13	1	0	7	0	21	4.2	1	13
AGATAAGGCATACAGG-1	1	8	204	40023	18868	tumor_like	medium	1	1	2	0	0	0	0	0	0	0	0	0
AGATAAGGCCGCATTC-1	1	90	118	31531	33150	tumor_like	medium	1	1	72	5	0	0	8	0	13	2.6	1	5
AGATAAGTGAGTGGTA-1	1	63	207	40405	28395	tumor_like	medium	1	1	7	2	0	0	1	0	3	0.6	1	2
AGATACAAGGTAACCT-1	1	95	197	39451	33948	tumor_like	medium	1	1	8	2	0	0	1	0	3	0.6	1	2
AGATACGCCATATGAT-1	1	87	55	25217	32683	tumor_like	medium	1	1	137	4	0	0	18	0	22	4.4	1	4
AGATACGCGGCCATGC-1	1	113	83	28059	37164	tumor_like	medium	1	1	571	8	0	0	17	0	25	5	1	8
AGATACGGTGGCCAGG-1	1	47	183	37978	25643	tumor_like	medium	1	1	13	9	1	0	1	0	11	2.2	1	9
AGATACTCAGAACTAT-1	1	61	83	27983	28154	tumor_like	medium	1	1	20	0	0	0	4	0	4	0.8	0	0
AGATAGATAACGATAC-1	1	114	10	20750	37401	tumor_like	medium	1	1	35	14	1	0	2	0	17	3.4	1	14
AGATAGGTCTTAGGTC-1	1	117	103	30068	37840	tumor_like	medium	1	1	40	6	0	0	9	0	15	3	1	6
AGATCAGCCAGGACCA-1	1	66	134	33098	28978	tumor_like	medium	1	1	100	1	0	0	1	0	2	0.4	1	1
AGATCGGACAATTCTA-1	1	112	10	20747	37054	tumor_like	medium	1	1	9	10	0	0	1	0	11	2.2	1	9
AGATCGGATTGGTTCG-1	1	40	166	36265	24446	tumor_like	medium	1	1	20	9	0	0	2	0	11	2.2	1	9
AGATCTAAGATCTATC-1	1	37	143	33957	23944	tumor_like	medium	1	1	1	1	0	0	0	0	1	0.2	1	1
AGATCTACAATATGCT-1	1	56	64	26072	27305	tumor_like	medium	1	1	4	0	0	0	1	0	1	0.2	0	0
AGATCTACATTCGTTC-1	1	112	68	26556	37005	tumor_like	medium	1	1	123	11	1	0	19	0	31	6.2	1	11
AGATCTATAAGGCTTC-1	1	15	63	25912	20201	tumor_like	medium	1	1	0	0	0	0	0	0	0	0	0	0
AGATCTCCACCGGTCC-1	1	58	200	39697	27535	tumor_like	medium	1	1	5	0	0	0	2	0	2	0.4	0	0
AGATCTCCTTACTATC-1	1	25	81	27729	21918	tumor_like	medium	1	1	0	0	1	0	0	0	1	0.2	0	0
AGATCTGCGATCACCT-1	1	87	207	40440	32553	tumor_like	medium	1	1	8	0	0	0	2	0	2	0.4	0	0
AGATGAACAGTATTGC-1	1	97	81	27836	34393	tumor_like	medium	1	1	190	11	2	0	23	0	36	7.2	1	11
AGATGAAGGTAATCTA-1	1	90	154	35137	33119	tumor_like	medium	1	1	21	1	0	0	6	0	7	1.4	1	1
AGATGACATATGCCTA-1	1	69	71	26793	29550	tumor_like	medium	1	1	25	0	0	0	4	0	4	0.8	0	0
AGATGACATCAGGACA-1	1	106	86	28350	35950	tumor_like	medium	1	1	141	5	1	0	18	1	25	5	1	5
AGATGAGCTCATAGTT-1	1	55	31	22766	27159	tumor_like	medium	1	1	0	0	0	0	0	0	0	0	0	0
AGATGAGGCTACGGCG-1	1	94	120	31737	33841	tumor_like	medium	1	1	59	7	0	0	6	0	13	2.6	1	7
AGATGAGGTCGTGATA-1	1	111	15	21246	36876	tumor_like	medium	1	1	6	3	0	0	5	0	8	1.6	1	3
AGATGCAACACGATGC-1	1	77	215	41227	30814	tumor_like	medium	1	1	10	2	0	0	2	0	4	0.8	1	2
AGATGCCATCTTGATG-1	1	61	91	28784	28147	tumor_like	medium	1	1	12	0	0	0	1	0	1	0.2	0	0
AGATGCGTTAGTCTTA-1	1	72	32	22891	30105	tumor_like	medium	1	1	1	0	0	0	0	0	0	0	0	0
AGATGGCGTAACCAGA-1	1	84	56	25312	32163	tumor_like	medium	1	1	79	2	1	0	12	0	15	3	1	2
AGATGGTCTGGTCTGC-1	1	73	21	21791	30286	tumor_like	medium	1	1	0	0	0	0	0	0	0	0	0	0
AGATGTAGATCGAACT-1	1	89	181	37839	32922	tumor_like	medium	1	1	23	0	0	0	5	0	5	1	0	0
AGATGTGACCTGCTAA-1	1	83	97	29417	31954	tumor_like	medium	1	1	114	2	0	0	10	0	12	2.4	1	2
AGATGTGATGGTAGTC-1	1	84	106	30320	32121	tumor_like	medium	1	1	37	3	0	0	6	0	9	1.8	1	3
AGATTCTTCATACATC-1	1	57	165	36190	27391	tumor_like	medium	1	1	5	12	0	0	1	0	13	2.6	1	5
AGATTGGCAAGCAACT-1	1	114	84	28161	37338	tumor_like	medium	1	1	106	13	2	0	19	0	34	6.8	1	13
AGCAACGGACGTTGCA-1	1	69	97	29397	29528	tumor_like	medium	1	1	11	0	0	0	2	0	2	0.4	0	0
AGCAAGGTCGTGTTCG-1	1	13	73	26910	19846	tumor_like	medium	1	1	0	0	0	0	0	0	0	0	0	0
AGCAATTCTAAGTGTC-1	1	14	156	35225	19949	tumor_like	medium	1	1	11	0	0	0	2	0	2	0.4	0	0
AGCACGATAGTGAGGT-1	1	56	50	24670	27317	tumor_like	medium	1	1	2	0	0	0	0	0	0	0	0	0
AGCACGATCCGACGAG-1	1	35	111	30749	23625	tumor_like	medium	1	1	4	0	0	0	1	0	1	0.2	0	0
AGCACGCCTTACCTGA-1	1	83	141	33824	31917	tumor_like	medium	1	1	62	6	0	0	8	0	14	2.8	1	6
AGCACGCTCCGCAGCT-1	1	100	150	34751	34855	tumor_like	medium	1	1	10	3	0	0	3	0	6	1.2	1	3
AGCACGCTGTGGTCTG-1	1	57	43	23971	27495	tumor_like	medium	1	1	1	1	0	0	0	0	1	0.2	1	1
AGCACGTGAGTGCCAG-1	1	67	199	39610	29095	tumor_like	medium	1	1	15	0	0	0	3	0	3	0.6	0	0
AGCACGTGGTATGAAC-1	1	41	189	38570	24598	tumor_like	medium	1	1	2	21	0	0	4	0	25	5	1	2
AGCACTAACTTAGACA-1	1	16	164	36029	20289	tumor_like	medium	1	1	20	1	0	0	1	0	2	0.4	1	1
AGCACTAAGATTCTCG-1	1	112	142	33967	36942	tumor_like	medium	1	1	62	1	0	0	15	0	16	3.2	1	1
AGCACTGAAGGTAGCA-1	1	34	108	30447	23455	tumor_like	medium	1	1	0	1	0	0	0	0	1	0.2	0	0
AGCACTGACCGGCTTA-1	1	0	10	20581	17648	tumor_like	medium	1	1	1	0	0	0	0	0	0	0	0	0
AGCACTTCAACCACTA-1	1	97	119	31641	34361	tumor_like	medium	1	1	78	13	2	1	5	0	21	4.2	1	13
AGCACTTCCTGAGGAC-1	1	99	75	27238	34745	tumor_like	medium	1	1	206	66	1	0	37	0	104	20.8	1	66
AGCAGACTGCAGTCCG-1	1	82	184	38130	31708	tumor_like	medium	1	1	10	7	0	0	5	0	12	2.4	1	7
AGCAGGAGGCGATCGA-1	1	11	105	30112	19472	tumor_like	medium	1	1	1	3	0	0	1	0	4	0.8	1	1
AGCAGGCCGTCAGTAC-1	1	73	87	28401	30230	tumor_like	medium	1	1	30	0	0	0	2	0	2	0.4	0	0
AGCAGGCGTCGCAATA-1	1	92	124	32135	33491	tumor_like	medium	1	1	81	13	1	0	12	0	26	5.2	1	13
AGCATCACGGCTAAGG-1	1	96	158	35546	34156	tumor_like	medium	1	1	56	14	0	0	11	0	25	5	1	14
AGCATGAGATCTCGCC-1	1	122	148	34583	38669	tumor_like	medium	1	1	0	0	0	0	0	0	0	0	0	0
AGCATGAGATGTGATT-1	1	100	136	33349	34867	tumor_like	medium	1	1	41	5	0	0	10	0	15	3	1	5
AGCATTGTCGAATAGA-1	1	16	112	30821	20333	tumor_like	medium	1	1	2	2	0	0	2	0	4	0.8	1	2
AGCCACAGAACTCACG-1	1	104	84	28146	35605	tumor_like	medium	1	1	232	10	1	0	37	0	48	9.6	1	10
AGCCAGACGTTAGCCT-1	1	76	32	22897	30798	tumor_like	medium	1	1	2	0	1	0	2	0	3	0.6	0	0
AGCCAGATAGGCGTGA-1	1	60	80	27681	27984	tumor_like	medium	1	1	1	2	0	0	0	0	2	0.4	1	1
AGCCAGATCTAATTAT-1	1	88	48	24517	32863	tumor_like	medium	1	1	122	10	1	0	11	0	22	4.4	1	10
AGCCAGCCTATGAGAT-1	1	0	164	36005	17516	tumor_like	medium	1	1	43	1	0	0	4	0	5	1	1	1
AGCCAGCGACCAAGTT-1	1	79	211	40829	31164	tumor_like	medium	1	1	36	3	1	0	7	0	11	2.2	1	3
AGCCAGCGGCGAATCG-1	1	48	54	25059	25927	tumor_like	medium	1	1	0	1	0	0	0	0	1	0.2	0	0
AGCCAGGACTTACGAC-1	1	99	63	26036	34755	tumor_like	medium	1	1	737	35	1	0	27	0	63	12.6	1	35
AGCCAGTAGACAACCT-1	1	92	22	21919	33578	tumor_like	medium	1	1	0	1	0	0	0	0	1	0.2	0	0
AGCCAGTCACTCTGCC-1	1	54	116	31278	26914	tumor_like	medium	1	1	51	2	0	0	10	0	12	2.4	1	2
AGCCAGTCGATGCTAG-1	1	85	57	25414	32335	tumor_like	medium	1	1	70	2	0	0	17	0	19	3.8	1	2
AGCCAGTTCTGCCGGC-1	1	87	101	29824	32644	tumor_like	medium	1	1	49	1	0	0	6	0	7	1.4	1	1
AGCCATAACTTAATGG-1	1	47	119	31568	25698	tumor_like	medium	1	1	8	4	0	0	2	0	6	1.2	1	4
AGCCATACGCACTAGC-1	1	88	68	26520	32846	tumor_like	medium	1	1	56	1	1	0	10	0	12	2.4	1	1
AGCCATACGGATGCGT-1	1	70	100	29699	29700	tumor_like	medium	1	1	54	5	0	0	11	0	16	3.2	1	5
AGCCATCCGATGCATC-1	1	92	104	30132	33509	tumor_like	medium	1	1	46	3	0	0	4	0	7	1.4	1	3
AGCCATCGTATTACGG-1	1	21	203	39942	21121	tumor_like	medium	1	1	0	0	0	0	0	0	0	0	0	0
AGCCATCTTGCAGCGG-1	1	116	88	28565	37681	tumor_like	medium	1	1	139	19	2	0	20	0	41	8.2	1	19
AGCCATGTTAATTATC-1	1	42	196	39272	24767	tumor_like	medium	1	1	2	0	0	1	0	0	1	0.2	0	0
AGCCATTCCAACAGTT-1	1	109	123	32060	36437	tumor_like	medium	1	1	21	4	0	0	5	0	9	1.8	1	4
AGCCGAATGACCTCGT-1	1	33	145	34151	23250	tumor_like	medium	1	1	1	3	0	0	1	0	4	0.8	1	1
AGCCGCTCAAGTCTTG-1	1	87	95	29223	32649	tumor_like	medium	1	1	110	5	0	0	17	0	22	4.4	1	5
AGCCGCTTGATCAACT-1	1	92	166	36341	33456	tumor_like	medium	1	1	28	2	0	0	2	0	4	0.8	1	2
AGCCGGCTGACTGATG-1	1	62	70	26682	28339	tumor_like	medium	1	1	7	0	0	0	3	0	3	0.6	0	0
AGCCGGTAGCCTACAA-1	1	80	158	35523	31383	tumor_like	medium	1	1	35	2	0	0	7	0	9	1.8	1	2
AGCCGTAATGTAGATT-1	1	66	106	30294	29002	tumor_like	medium	1	1	35	0	0	0	1	0	1	0.2	0	0
AGCCGTACTCGGTGTC-1	1	48	156	35275	25840	tumor_like	medium	1	1	9	2	0	0	0	0	2	0.4	1	2
AGCCGTATAATTGTGC-1	1	38	194	39066	24075	tumor_like	medium	1	1	3	4	0	0	2	0	6	1.2	1	3
AGCCGTGATGTCATAG-1	1	67	43	23985	29228	tumor_like	medium	1	1	3	0	0	0	2	0	2	0.4	0	0
AGCCTAAGTAGCACTG-1	1	22	182	37841	21313	tumor_like	medium	1	1	13	3	0	0	4	0	7	1.4	1	3
AGCCTCAATAGCGTGG-1	1	102	140	33752	35211	tumor_like	medium	1	1	28	3	0	0	7	0	10	2	1	3
AGCCTCAGGAAGCATG-1	1	22	50	24620	21426	tumor_like	medium	1	1	0	0	0	0	0	0	0	0	0	0
AGCCTCATTCGTTGAG-1	1	96	102	29937	34203	tumor_like	medium	1	1	128	7	0	0	17	1	25	5	1	7
AGCCTCCAAGGCCTGT-1	1	120	92	28971	38370	tumor_like	medium	1	1	36	15	0	0	8	0	23	4.6	1	15
AGCCTCCAGGTGACTG-1	1	51	133	32976	26379	tumor_like	medium	1	1	17	3	0	0	1	0	4	0.8	1	3
AGCCTCCGCACCATGG-1	1	74	72	26900	30417	tumor_like	medium	1	1	49	0	0	0	7	0	7	1.4	0	0
AGCCTCCGTCTGAGGC-1	1	126	68	26576	39430	tumor_like	medium	1	1	14	1	0	0	9	0	10	2	1	1
AGCCTCGAGCATACCT-1	1	66	38	23483	29060	tumor_like	medium	1	1	0	0	0	0	0	0	0	0	0	0
AGCCTCGCAGTTAGCG-1	1	9	219	41527	19028	tumor_like	medium	1	1	2	0	0	0	0	0	0	0	0	0
AGCCTCGCTAGCTGCC-1	1	22	118	31431	21368	tumor_like	medium	1	1	2	1	1	0	3	2	7	1.4	1	1
AGCCTCGCTGTACACC-1	1	36	128	32453	23785	tumor_like	medium	1	1	4	0	0	0	2	0	2	0.4	0	0
AGCCTCGTAATGTCTG-1	1	6	28	22393	18672	tumor_like	medium	1	1	0	0	0	0	0	0	0	0	0	0
AGCCTCGTCCTATGTC-1	1	54	150	34683	26885	tumor_like	medium	1	1	5	0	0	0	0	0	0	0	0	0
AGCCTCTAACAGTTCA-1	1	60	166	36294	27911	tumor_like	medium	1	1	1	10	0	0	2	0	12	2.4	1	1
AGCGAACGTCTGAAGT-1	1	93	89	28631	33694	tumor_like	medium	1	1	118	7	1	0	16	0	24	4.8	1	7
AGCGAAGATACGGCGA-1	1	77	141	33815	30877	tumor_like	medium	1	1	58	9	1	0	6	0	16	3.2	1	9
AGCGACAACCGCCATG-1	1	0	216	41214	17472	tumor_like	medium	1	1	1	0	1	0	0	0	1	0.2	0	0
AGCGACAGAATGAGCC-1	1	88	66	26320	32848	tumor_like	medium	1	1	106	5	0	0	12	0	17	3.4	1	5
AGCGACAGGAGTCAAT-1	1	110	114	31160	36619	tumor_like	medium	1	1	142	1	0	0	10	0	11	2.2	1	1
AGCGACATCCGCAGAC-1	1	118	54	25162	38056	tumor_like	medium	1	1	195	11	0	0	27	0	38	7.6	1	11
AGCGACATCTGGTTCC-1	1	108	160	35764	36233	tumor_like	medium	1	1	2	1	0	0	3	0	4	0.8	1	1
AGCGACATGGTGATCG-1	1	52	106	30273	26576	tumor_like	medium	1	1	101	2	2	0	9	0	13	2.6	1	2
AGCGACGCAAGCTGAT-1	1	68	94	29095	29359	tumor_like	medium	1	1	35	1	0	0	3	0	4	0.8	1	1
AGCGACGCAGCGTCGC-1	1	110	104	30158	36627	tumor_like	medium	1	1	23	4	2	0	2	0	8	1.6	1	4
AGCGACGCTATTAATC-1	1	65	221	41810	28729	tumor_like	medium	1	1	30	4	0	0	3	0	7	1.4	1	4
AGCGACTGCCAACCGT-1	1	47	193	38979	25634	tumor_like	medium	1	1	5	29	1	0	1	0	31	6.2	1	5
AGCGAGCCTGTCACTC-1	1	66	186	38306	28934	tumor_like	medium	1	1	39	2	0	0	4	0	6	1.2	1	2
AGCGAGTTACGTACCT-1	1	66	122	31896	28988	tumor_like	medium	1	1	27	0	0	0	3	0	3	0.6	0	0
AGCGCACTCATGTCTT-1	1	29	67	26333	22623	endothelial	medium	0	0	0	0	0	0	0	0	0	0	0	0
AGCGCTACTTCCGCTG-1	1	104	148	34556	35550	tumor_like	medium	1	1	21	2	0	0	2	0	4	0.8	1	2
AGCGCTAGCATCGAAT-1	1	109	73	27052	36480	tumor_like	medium	1	1	168	14	1	0	18	0	33	6.6	1	14
AGCGGAAGTTCGATTA-1	1	43	199	39574	24936	tumor_like	medium	1	1	5	1	0	0	1	0	2	0.4	1	1
AGCGGAGTGGCCGTCC-1	1	78	130	32715	31061	tumor_like	medium	1	1	38	2	0	0	3	0	5	1	1	2
AGCGGATCAACGCCAC-1	1	7	45	24097	18830	tumor_like	medium	1	1	0	0	0	0	1	0	1	0.2	0	0
AGCGGATGAGACCGCT-1	1	34	166	36256	23406	tumor_like	medium	1	1	22	1	0	0	6	0	7	1.4	1	1
AGCGGTACCAGGAACG-1	1	14	112	30818	19987	tumor_like	medium	1	1	19	3	0	0	2	0	5	1	1	3
AGCGGTCTCACGACTC-1	1	25	67	26327	21930	tumor_like	medium	1	1	0	0	0	0	0	0	0	0	0	0
AGCGGTCTGCCGGTGC-1	1	97	143	34045	34341	tumor_like	medium	1	1	87	3	0	0	5	0	8	1.6	1	3
AGCGGTCTTGCCTGCA-1	1	67	197	39409	29096	tumor_like	medium	1	1	24	0	0	0	3	0	3	0.6	0	0
AGCGGTGGAGTTGGCC-1	1	73	91	28802	30226	tumor_like	medium	1	1	16	0	0	0	0	0	0	0	0	0
AGCGGTTACGTACTCC-1	1	112	152	34969	36933	tumor_like	medium	1	1	8	0	0	0	1	0	1	0.2	0	0
AGCGGTTCGCTCGGCA-1	1	60	150	34692	27925	tumor_like	medium	1	1	46	2	0	1	6	0	9	1.8	1	2
AGCGGTTCTTGGTTGT-1	1	102	160	35755	35193	tumor_like	medium	1	1	22	2	0	0	4	0	6	1.2	1	2
AGCGTGATGCGATGCA-1	1	30	176	37252	22704	tumor_like	medium	1	1	26	8	0	0	3	0	11	2.2	1	8
AGCGTGCGACCTAGAC-1	1	119	17	21458	38260	tumor_like	medium	1	1	15	5	0	0	3	0	8	1.6	1	5
AGCGTGCGTAACGCCT-1	1	69	107	30398	29520	tumor_like	medium	1	1	35	3	0	0	2	0	5	1	1	3
AGCGTGGATAGTATGT-1	1	64	44	24081	28708	tumor_like	medium	1	1	2	0	0	0	1	1	2	0.4	0	0
AGCGTGGCGACTCACG-1	1	121	47	24466	38581	tumor_like	medium	1	1	178	7	0	0	41	0	48	9.6	1	7
AGCGTGTACAGTAACG-1	1	100	8	20529	34977	tumor_like	medium	1	1	18	1	0	0	4	0	5	1	1	1
AGCGTGTATTAATCCT-1	1	27	67	26330	22276	tumor_like	medium	1	1	0	0	0	0	0	0	0	0	0	0
AGCGTGTCGACCTCCA-1	1	4	46	24193	18310	tumor_like	medium	1	1	0	0	0	0	0	0	0	0	0	0
AGCGTTACGATCCATT-1	1	71	17	21387	29943	tumor_like	medium	1	1	0	0	0	0	0	0	0	0	0	0
AGCGTTCCACTAGGAT-1	1	3	29	22489	18150	tumor_like	medium	1	1	1	0	0	0	0	0	0	0	0	0
AGCGTTCTAACCTTCC-1	1	86	58	25516	32508	tumor_like	medium	1	1	47	2	0	0	15	0	17	3.4	1	2
AGCGTTCTGGTGGCAT-1	1	37	49	24542	24025	tumor_like	medium	1	1	1	1	0	0	0	0	1	0.2	1	1
AGCTACCAGCTACCGC-1	1	91	145	34237	33299	tumor_like	medium	1	1	41	4	0	0	6	0	10	2	1	4
AGCTACCTGTGGCGTT-1	1	66	192	38907	28928	tumor_like	medium	1	1	27	0	0	0	2	0	2	0.4	0	0
AGCTAGATTGGTCAGC-1	1	4	142	33808	18228	tumor_like	medium	1	1	37	0	0	0	4	1	5	1	0	0
AGCTAGCGGCCTGGTA-1	1	63	199	39604	28402	tumor_like	medium	1	1	77	0	0	0	7	0	7	1.4	0	0
AGCTAGTTCGTTCCAA-1	1	121	13	21060	38610	tumor_like	medium	1	1	14	1	0	0	6	0	7	1.4	1	1
AGCTATACATGTTCGT-1	1	121	137	33480	38504	tumor_like	medium	1	1	5	0	0	2	0	0	2	0.4	0	0
AGCTCAAGACGTAGCT-1	1	7	223	41925	18678	tumor_like	medium	1	1	1	3	0	0	0	0	3	0.6	1	1
AGCTCACTTAGACGAT-1	1	97	91	28837	34385	tumor_like	medium	1	1	181	17	1	0	38	0	56	11.2	1	17
AGCTCAGAATCAAGTC-1	1	78	102	29911	31084	tumor_like	medium	1	1	52	1	0	0	5	0	6	1.2	1	1
AGCTCAGAGTCGGACA-1	1	61	189	38599	28064	tumor_like	medium	1	1	46	1	0	0	3	0	4	0.8	1	1
AGCTCAGATACAATGA-1	1	54	178	37487	26861	tumor_like	medium	1	1	10	10	1	0	3	0	14	2.8	1	10
AGCTCAGATGAATCAT-1	1	79	55	25205	31297	tumor_like	medium	1	1	36	0	0	0	3	1	4	0.8	0	0
AGCTCAGCAACATCAC-1	1	59	147	34390	27753	tumor_like	medium	1	1	32	1	0	0	4	0	5	1	1	1
AGCTCAGCGAGTGATT-1	1	115	119	31668	37480	tumor_like	medium	1	1	28	1	0	0	12	0	13	2.6	1	1
AGCTCAGGCCTTAAGA-1	1	32	202	39859	23029	tumor_like	medium	1	1	4	0	0	0	0	0	0	0	0	0
AGCTCAGGTGCGCTTC-1	1	98	156	35349	34504	tumor_like	medium	1	1	29	11	1	0	5	0	17	3.4	1	11
AGCTCATAGAGCTCGT-1	1	19	81	27720	20878	tumor_like	medium	1	1	0	0	0	0	0	0	0	0	0	0
AGCTCATCCTGCCTAC-1	1	72	78	27498	30065	tumor_like	medium	1	1	7	0	0	0	3	0	3	0.6	0	0
AGCTCATTGGTTAAGT-1	1	82	188	38530	31704	tumor_like	medium	1	1	25	7	0	0	6	0	13	2.6	1	7
AGCTCCGTTCGTCAGG-1	1	47	109	30566	25706	tumor_like	medium	1	1	15	3	0	0	4	0	7	1.4	1	3
AGCTCGCCTTCTTGGT-1	1	19	203	39940	20774	tumor_like	medium	1	1	1	1	0	0	0	0	1	0.2	1	1
AGCTGCCGAACGTCTA-1	1	86	76	27319	32493	tumor_like	medium	1	1	89	2	0	0	12	0	14	2.8	1	2
AGCTGTACATAGGATG-1	1	125	77	27476	39248	tumor_like	medium	1	1	34	7	0	0	6	0	13	2.6	1	7
AGCTGTACATTACCTT-1	1	78	194	39125	31006	tumor_like	medium	1	1	12	0	0	0	2	0	2	0.4	0	0
AGCTGTACGGAAGCAC-1	1	58	102	29881	27619	tumor_like	medium	1	1	66	0	0	0	10	0	10	2	0	0
AGCTGTACGGCGTTCG-1	1	53	107	30375	26747	tumor_like	medium	1	1	53	1	0	0	5	0	6	1.2	1	1
AGCTGTCAAGCGCTTG-1	1	55	41	23767	27150	ambiguous_or_low_signal	low	0	0	0	0	0	0	0	0	0	0	0	0
AGCTGTCATGTATGGT-1	1	16	120	31622	20326	tumor_like	medium	1	1	10	1	0	0	2	0	3	0.6	1	1
AGCTGTCGGCCATCAG-1	1	59	59	25576	27828	tumor_like	medium	1	1	18	0	0	0	3	0	3	0.6	0	0
AGCTGTCGTAGTGGTA-1	1	92	20	21719	33580	tumor_like	medium	1	1	2	0	0	0	0	0	0	0	0	0
AGCTGTCGTTATCCTC-1	1	69	45	24189	29573	tumor_like	medium	1	1	8	0	0	0	0	0	0	0	0	0
AGCTGTCTACTTCCAG-1	1	17	47	24312	20561	tumor_like	medium	1	1	0	0	0	0	0	0	0	0	0	0
AGCTGTCTAGTAAGTA-1	1	87	1	19808	32729	tumor_like	medium	1	1	29	8	0	0	4	0	12	2.4	1	8
AGCTGTGCAATTGAAC-1	1	117	71	26863	37867	tumor_like	medium	1	1	59	12	2	0	13	0	27	5.4	1	12
AGCTGTGCAGTGACAT-1	1	57	155	35188	27400	tumor_like	medium	1	1	13	8	0	0	1	0	9	1.8	1	8
AGCTGTGCGACAGACG-1	1	56	156	35287	27226	tumor_like	medium	1	1	12	11	0	1	4	0	16	3.2	1	11
AGCTGTTGTCCTGATC-1	1	15	167	36328	20112	tumor_like	medium	1	1	7	0	0	0	0	0	0	0	0	0
AGCTTCCTTCCAGTAC-1	1	82	48	24508	31824	tumor_like	medium	1	1	47	2	0	0	9	0	11	2.2	1	2
AGCTTCTGCCGGTCAA-1	1	12	72	26809	19674	tumor_like	medium	1	1	3	0	0	0	0	0	0	0	0	0
AGGAACGCCACGCCTA-1	1	75	197	39421	30483	tumor_like	medium	1	1	28	0	0	0	0	0	0	0	0	0
AGGAACGCCGCAGGAA-1	1	64	186	38303	28587	tumor_like	medium	1	1	99	3	1	0	6	0	10	2	1	3
AGGAATCCTACCAGCA-1	1	110	16	21345	36702	tumor_like	medium	1	1	1	7	0	0	3	0	10	2	1	1
AGGAATCGTTCGTTCG-1	1	115	63	26059	37528	tumor_like	medium	1	1	129	12	1	0	19	0	32	6.4	1	12
AGGACACTGTGGAAGA-1	1	79	189	38626	31183	tumor_like	medium	1	1	36	4	1	0	9	0	14	2.8	1	4
AGGACATTAGTGGAAC-1	1	105	11	20836	35839	tumor_like	medium	1	1	18	1	0	0	2	0	3	0.6	1	1
AGGACCAACCACGATA-1	1	102	94	29145	35250	tumor_like	medium	1	1	208	35	0	0	18	0	53	10.6	1	35
AGGACCAAGCCTATCA-1	1	25	179	37545	21834	tumor_like	medium	1	1	19	21	0	0	1	0	22	4.4	1	19
AGGACCAAGTGACAGG-1	1	9	45	24100	19176	tumor_like	medium	1	1	1	0	0	0	0	0	0	0	0	0
AGGACCAGCGAACGCA-1	1	85	197	39436	32215	tumor_like	medium	1	1	27	3	0	0	3	0	6	1.2	1	3
AGGACCGCAACATAAG-1	1	63	47	24380	28531	tumor_like	medium	1	1	3	1	0	1	1	0	3	0.6	1	1
AGGACCGCTAAGTACA-1	1	24	216	41249	21631	tumor_like	medium	1	1	4	1	0	2	0	0	3	0.6	1	1
AGGACCGCTAGGACTC-1	1	126	112	30983	39393	tumor_like	medium	1	1	26	21	2	0	10	0	33	6.6	1	21
AGGACCGTCAACTTGG-1	1	74	94	29104	30398	tumor_like	medium	1	1	33	0	0	0	2	0	2	0.4	0	0
AGGACCGTGGACAGTG-1	1	38	180	37664	24087	tumor_like	medium	1	1	53	24	1	0	1	0	26	5.2	1	24
AGGACCGTTCGCTGGT-1	1	49	129	32572	26036	tumor_like	medium	1	1	30	11	0	0	8	0	19	3.8	1	11
AGGACCTACGCATATC-1	1	42	32	22847	24906	tumor_like	medium	1	1	0	0	0	0	0	0	0	0	0	0
AGGACGCACGTTAACT-1	1	80	122	31917	31414	tumor_like	medium	1	1	35	0	0	0	9	0	9	1.8	0	0
AGGACGCCGACTCAAG-1	1	4	42	23792	18314	tumor_like	medium	1	1	0	0	0	0	0	0	0	0	0	0
AGGACGGCGATAGGAG-1	1	108	74	27151	36306	tumor_like	medium	1	1	188	18	2	0	26	0	46	9.2	1	18
AGGACGGCGTTGTAAC-1	1	107	129	32658	36085	tumor_like	medium	1	1	10	0	0	0	1	0	1	0.2	0	0
AGGACGTACAGTCTAC-1	1	103	145	34254	35379	tumor_like	medium	1	1	49	5	0	0	3	0	8	1.6	1	5
AGGACGTACCATCGCT-1	1	50	104	30070	26231	tumor_like	medium	1	1	22	0	0	0	4	0	4	0.8	0	0
AGGACGTAGGACCTCG-1	1	84	162	35929	32073	tumor_like	medium	1	1	30	1	0	0	5	0	6	1.2	1	1
AGGACGTCCTGATACC-1	1	20	168	36436	20978	tumor_like	medium	1	1	4	0	0	0	1	0	1	0.2	0	0
AGGACGTCGAACCAGC-1	1	107	79	27650	36128	tumor_like	medium	1	1	135	5	0	0	19	0	24	4.8	1	5
AGGACGTCTTCGTGAG-1	1	31	43	23932	22990	tumor_like	medium	1	1	0	0	0	0	0	0	0	0	0	0
AGGACTAGCGTTGGTG-1	1	97	171	36850	34317	tumor_like	medium	1	1	2	0	0	0	0	0	0	0	0	0
AGGACTAGGCTTCAGA-1	1	11	157	35321	19427	tumor_like	medium	1	1	18	0	0	0	2	0	2	0.4	0	0
AGGACTGATGGCTTGA-1	1	94	134	33139	33829	tumor_like	medium	1	1	42	2	0	0	16	0	18	3.6	1	2
AGGACTGGTGTACTCG-1	1	41	63	25950	24706	tumor_like	medium	1	1	0	1	0	0	1	0	2	0.4	0	0
AGGACTTATCCTAGTG-1	1	56	52	24871	27315	tumor_like	medium	1	1	0	0	0	0	1	0	1	0.2	0	0
AGGAGCCGCTGCAGTC-1	1	24	178	37443	21663	tumor_like	medium	1	1	8	3	0	0	4	0	7	1.4	1	3
AGGAGCCGGATAAGGC-1	1	92	40	23722	33563	tumor_like	medium	1	1	120	11	1	0	23	0	35	7	1	11
AGGAGCCTCAGGTGAC-1	1	23	43	23920	21604	tumor_like	medium	1	1	0	0	0	0	0	0	0	0	0	0
AGGAGCCTCCAATTCC-1	1	52	116	31275	26567	tumor_like	medium	1	1	33	1	1	0	4	0	6	1.2	1	1
AGGAGCCTGCTCAATT-1	1	87	49	24616	32688	tumor_like	medium	1	1	127	17	0	0	20	2	39	7.8	1	17
AGGAGCGACTAATAGA-1	1	40	208	40471	24410	tumor_like	medium	1	1	2	1	0	0	1	0	2	0.4	1	1
AGGAGCTGCCATGTAA-1	1	99	205	40258	34634	tumor_like	medium	1	1	1	0	0	0	1	0	1	0.2	0	0
AGGAGCTGGTGCGATT-1	1	92	92	28930	33519	tumor_like	medium	1	1	139	14	0	0	21	0	35	7	1	14
AGGATAATGCTCTAAG-1	1	68	90	28694	29362	tumor_like	medium	1	1	44	1	0	0	2	0	3	0.6	1	1
AGGATACCTACCACAT-1	1	91	13	21016	33412	tumor_like	medium	1	1	69	3	0	0	8	0	11	2.2	1	3
AGGATACCTATTGGAA-1	1	71	123	32004	29853	tumor_like	medium	1	1	56	4	0	1	7	0	12	2.4	1	4
AGGATATCACGCACGA-1	1	10	46	24202	19350	tumor_like	medium	1	1	0	0	0	0	0	0	0	0	0	0
AGGATATGGCCGCTCG-1	1	61	85	28183	28152	tumor_like	medium	1	1	16	0	0	0	2	0	2	0.4	0	0
AGGATCAAGATAAGAA-1	1	35	179	37559	23567	tumor_like	medium	1	1	17	12	0	0	3	0	15	3	1	12
AGGATCAGCCGCATAC-1	1	115	53	25058	37536	tumor_like	medium	1	1	181	19	1	0	25	0	45	9	1	19
AGGATCAGTCTATGGT-1	1	91	47	24421	33383	tumor_like	medium	1	1	111	21	2	1	19	0	43	8.6	1	21
AGGATCCGTTAGCGTC-1	1	109	125	32260	36435	tumor_like	medium	1	1	16	2	0	0	1	0	3	0.6	1	2
AGGATCGAGTGGCCTC-1	1	77	219	41628	30810	tumor_like	medium	1	1	53	6	0	0	5	0	11	2.2	1	6
AGGATCGGCCAACTAT-1	1	26	78	27430	22095	tumor_like	medium	1	1	1	1	0	0	0	0	1	0.2	1	1
AGGATCTTATACCTCG-1	1	77	75	27205	30933	tumor_like	medium	1	1	36	1	0	0	5	0	6	1.2	1	1
AGGATGGTAGAAGCAC-1	1	41	27	22344	24736	tumor_like	medium	1	1	0	0	0	0	0	0	0	0	0	0
AGGATGGTTGGCGTAG-1	1	76	198	39523	30656	tumor_like	medium	1	1	13	2	0	0	1	0	3	0.6	1	2
AGGATTACGCTCAGAT-1	1	120	48	24564	38408	tumor_like	medium	1	1	165	9	1	0	18	0	28	5.6	1	9
AGGATTCACGATGGAT-1	1	68	186	38309	29280	tumor_like	medium	1	1	54	4	0	0	4	0	8	1.6	1	4
AGGATTCCAACACGAT-1	1	87	169	36635	32586	tumor_like	medium	1	1	4	0	0	1	1	0	2	0.4	0	0
AGGATTCCGGCTCGGC-1	1	30	78	27436	22788	tumor_like	medium	1	1	0	1	0	0	0	0	1	0.2	0	0
AGGATTCTCAAGAAGT-1	1	37	195	39165	23900	tumor_like	medium	1	1	12	1	0	0	1	0	2	0.4	1	1
AGGATTGTGAATACGC-1	1	97	1	19823	34462	tumor_like	medium	1	1	116	50	0	0	12	0	62	12.4	1	50
AGGCAAGGAGGCCTCG-1	1	73	203	40019	30131	tumor_like	medium	1	1	12	0	0	0	0	0	0	0	0	0
AGGCAAGTCCTGCAAG-1	1	121	123	32078	38516	tumor_like	medium	1	1	29	4	0	0	4	0	8	1.6	1	4
AGGCAATCATAGGTAG-1	1	51	109	30572	26399	tumor_like	medium	1	1	26	7	0	0	3	0	10	2	1	7
AGGCACTCCTTAAGGC-1	1	35	177	37359	23569	tumor_like	medium	1	1	27	3	0	0	7	0	10	2	1	3
AGGCAGATACGGTTCC-1	1	113	87	28460	37161	tumor_like	medium	1	1	35	7	1	0	19	0	27	5.4	1	7
AGGCAGTCGTATAACA-1	1	71	217	41418	29772	tumor_like	medium	1	1	9	9	0	0	2	0	11	2.2	1	9
AGGCAGTGGACATTCG-1	1	90	148	34536	33124	tumor_like	medium	1	1	132	16	1	1	23	0	41	8.2	1	16
AGGCATCCTCTGAACT-1	1	61	159	35595	28089	tumor_like	medium	1	1	6	6	0	0	0	0	6	1.2	1	6
AGGCATCTGAGCCTCC-1	1	81	95	29214	31609	tumor_like	medium	1	1	46	1	0	0	9	0	10	2	1	1
AGGCATGCGATTCGAC-1	1	65	131	32796	28806	tumor_like	medium	1	1	40	2	0	0	2	0	4	0.8	1	2
AGGCATGGAATTCCTT-1	1	105	165	36260	35708	tumor_like	medium	1	1	7	0	0	0	0	0	0	0	0	0
AGGCATTAGACCAAGC-1	1	5	103	29903	18434	tumor_like	medium	1	1	2	9	0	0	0	0	9	1.8	1	2
AGGCCAAGGTGAACGA-1	1	55	167	36387	27043	tumor_like	medium	1	1	21	16	1	0	2	0	19	3.8	1	16
AGGCCAAGTTCTGCAA-1	1	90	218	41547	33065	tumor_like	medium	1	1	34	0	1	0	2	0	3	0.6	0	0
AGGCCGAGCTAATGCG-1	1	50	48	24461	26279	ambiguous_or_low_signal	low	0	0	0	0	0	0	0	0	0	0	0	0
AGGCCTTGCAGGCTAT-1	1	106	62	25946	35970	tumor_like	medium	1	1	218	8	1	0	34	0	43	8.6	1	8
AGGCCTTGGTACCTGT-1	1	66	190	38707	28930	tumor_like	medium	1	1	17	0	0	0	3	0	3	0.6	0	0
AGGCTAAGTCACGGAT-1	1	11	21	21699	19543	ambiguous_or_low_signal	low	0	0	0	0	0	0	0	0	0	0	0	0
AGGCTAGATTGGATCT-1	1	108	122	31958	36265	tumor_like	medium	1	1	21	2	0	0	8	0	10	2	1	2
AGGCTGCACGGCTGAG-1	1	96	44	24128	34253	tumor_like	medium	1	1	112	20	1	0	16	0	37	7.4	1	20
AGGCTGTACAGGAGTG-1	1	78	118	31513	31071	tumor_like	medium	1	1	7	1	0	0	1	0	2	0.4	1	1
AGGCTTCCATAACTCG-1	1	93	113	31035	33673	tumor_like	medium	1	1	135	5	1	0	12	0	18	3.6	1	5
AGGCTTCCTCGCCGAT-1	1	47	189	38579	25638	tumor_like	medium	1	1	7	20	1	0	1	0	22	4.4	1	7
AGGTACAAGCTTCAGT-1	1	99	145	34248	34685	tumor_like	medium	1	1	28	2	0	0	5	0	7	1.4	1	2
AGGTACCATCGCTCGA-1	1	44	194	39075	25115	tumor_like	medium	1	1	8	17	1	0	2	0	20	4	1	8
AGGTACCTGGACCTAA-1	1	81	81	27812	31621	tumor_like	medium	1	1	22	1	0	0	4	0	5	1	1	1
AGGTACTAAGCTGCAG-1	1	81	149	34623	31563	tumor_like	medium	1	1	7	3	0	0	4	0	7	1.4	1	3
AGGTACTCAATCGCAT-1	1	35	187	38361	23560	tumor_like	medium	1	1	1	11	1	0	2	0	14	2.8	1	1
AGGTACTCGGAGACGT-1	1	16	222	41838	20239	tumor_like	medium	1	1	0	0	0	0	1	0	1	0.2	0	0
AGGTACTTAAGGTTAC-1	1	108	118	31558	36269	tumor_like	medium	1	1	27	3	0	0	5	0	8	1.6	1	3
AGGTACTTACGACCGA-1	1	68	76	27292	29374	tumor_like	medium	1	1	18	0	0	0	1	0	1	0.2	0	0
AGGTACTTAGCATCTT-1	1	89	93	29026	32997	tumor_like	medium	1	1	113	6	0	0	21	1	28	5.6	1	6
AGGTATGCCTGTCCAC-1	1	70	200	39714	29615	tumor_like	medium	1	1	9	0	1	0	0	0	1	0.2	0	0
AGGTCACGTGTCACTA-1	1	95	161	35845	33979	tumor_like	medium	1	1	24	1	0	0	17	0	18	3.6	1	1
AGGTCCGCCTGGTACT-1	1	31	117	31344	22927	tumor_like	medium	1	1	0	0	0	0	0	0	0	0	0	0
AGGTCCTGTAGGTTGA-1	1	97	67	26433	34405	tumor_like	medium	1	1	158	40	3	0	21	0	64	12.8	1	40
AGGTCCTTCCACAGGT-1	1	84	108	30521	32119	tumor_like	medium	1	1	37	3	0	0	8	0	11	2.2	1	3
AGGTCGAAGATAGCCT-1	1	103	105	30248	35413	tumor_like	medium	1	1	151	11	0	0	12	0	23	4.6	1	11
AGGTCGCAGGCGACTG-1	1	26	202	39850	21989	tumor_like	medium	1	1	31	0	0	0	7	0	7	1.4	0	0
AGGTCGCATATCGAGT-1	1	102	56	25339	35282	tumor_like	medium	1	1	246	15	2	0	30	0	47	9.4	1	15
AGGTGAATAATCGAAC-1	1	0	72	26791	17595	tumor_like	medium	1	1	0	0	0	0	1	0	1	0.2	0	0
AGGTGACAGAGTGCGG-1	1	15	221	41736	20066	tumor_like	medium	1	1	1	0	0	0	0	0	0	0	0	0
AGGTGACGCTGTGCTC-1	1	47	177	37377	25648	tumor_like	medium	1	1	8	16	0	0	0	0	16	3.2	1	8
AGGTGAGCCTAGTAAG-1	1	85	123	32024	32278	tumor_like	medium	1	1	28	2	0	0	6	0	8	1.6	1	2
AGGTGAGCGACAATTG-1	1	124	148	34586	39016	ambiguous_or_low_signal	low	0	0	0	0	0	0	0	0	0	0	0	0
AGGTGAGGCACGACGT-1	1	124	114	31181	39045	tumor_like	medium	1	1	15	9	1	0	4	0	14	2.8	1	9
AGGTGATTAGATAAGC-1	1	64	62	25884	28693	tumor_like	medium	1	1	16	0	0	0	2	0	2	0.4	0	0
AGGTGGTAGCTGCCTG-1	1	78	126	32315	31064	tumor_like	medium	1	1	29	1	1	0	3	0	5	1	1	1
AGGTGGTATCCAACTT-1	1	57	31	22769	27505	ambiguous_or_low_signal	low	0	0	0	0	0	0	0	0	0	0	0	0
AGGTTAACAGTGGCAC-1	1	30	106	30241	22764	tumor_like	medium	1	1	0	0	0	0	0	0	0	0	0	0
AGGTTAATGACCGGAA-1	1	28	152	34845	22378	tumor_like	medium	1	1	17	0	0	0	3	0	3	0.6	0	0
AGGTTACACTCATATT-1	1	91	123	32033	33318	tumor_like	medium	1	1	81	10	1	0	15	0	26	5.2	1	10
AGGTTACAGGTATTGA-1	1	75	137	33412	30534	tumor_like	medium	1	1	54	3	0	0	6	0	9	1.8	1	3
AGGTTACAGTACAGCT-1	1	21	59	25520	21244	tumor_like	medium	1	1	0	0	0	0	0	0	0	0	0	0
AGGTTCCATAGTTAGC-1	1	18	54	25015	20729	tumor_like	medium	1	1	0	0	0	0	0	0	0	0	0	0
AGGTTCCGTGGATTCA-1	1	117	77	27464	37862	tumor_like	medium	1	1	64	4	1	0	15	0	20	4	1	4
AGGTTCTGCGTCGATT-1	1	19	179	37536	20795	tumor_like	medium	1	1	19	0	2	0	1	0	3	0.6	0	0
AGGTTGAGGCACCAGG-1	1	42	198	39473	24765	tumor_like	medium	1	1	5	1	0	0	1	0	2	0.4	1	1
AGGTTGATTGTAAGGT-1	1	64	60	25684	28694	tumor_like	medium	1	1	26	0	0	0	3	0	3	0.6	0	0
AGGTTGCCTCACTGTC-1	1	96	214	41155	34108	tumor_like	medium	1	1	0	0	0	0	0	0	0	0	0	0
AGGTTGGCTCGTATAC-1	1	93	211	40850	33590	tumor_like	medium	1	1	1	0	0	0	0	0	0	0	0	0
AGTAAGGTACAGACTT-1	1	62	62	25881	28346	tumor_like	medium	1	1	15	1	0	0	4	0	5	1	1	1
AGTAAGTGCGATAGGA-1	1	119	105	30272	38185	tumor_like	medium	1	1	71	18	0	0	10	0	28	5.6	1	18
AGTACACGCTCCAGGC-1	1	44	202	39876	25108	tumor_like	medium	1	1	7	0	0	0	1	0	1	0.2	0	0
AGTACATCCTATTGGT-1	1	123	49	24669	38926	tumor_like	medium	1	1	159	4	3	0	21	0	28	5.6	1	4
AGTACCACGAGCTTGG-1	1	13	163	35924	19769	tumor_like	medium	1	1	17	0	0	0	5	0	5	1	0	0
AGTACCACTGACGGCA-1	1	88	136	33331	32788	tumor_like	medium	1	1	46	0	0	0	7	0	7	1.4	0	0
AGTACCGAATGATTGC-1	1	79	141	33818	31223	tumor_like	medium	1	1	97	6	0	0	8	0	14	2.8	1	6
AGTACCGACGTCACAA-1	1	114	98	29563	37326	tumor_like	medium	1	1	22	4	0	0	5	0	9	1.8	1	4
AGTACCGATGAGCGAA-1	1	59	123	31986	27773	tumor_like	medium	1	1	21	2	0	0	2	0	4	0.8	1	2
AGTACCGTATACCTAA-1	1	24	84	28028	21743	tumor_like	medium	1	1	0	0	0	0	0	0	0	0	0	0
AGTACTATCCTGTCGT-1	1	73	139	33609	30186	tumor_like	medium	1	1	27	0	0	0	8	0	8	1.6	0	0
AGTAGAAGTCAGCACC-1	1	44	56	25253	25232	tumor_like	medium	1	1	0	1	0	0	0	0	1	0.2	0	0
AGTAGACATCCGGATT-1	1	52	60	25666	26615	tumor_like	medium	1	1	3	0	0	0	0	0	0	0	0	0
AGTAGACATGCTTAGC-1	1	124	58	25572	39092	tumor_like	medium	1	1	157	53	6	0	20	0	79	15.8	1	53
AGTAGACGGAAGTCGC-1	1	43	145	34166	24982	tumor_like	medium	1	1	0	1	0	0	0	0	1	0.2	0	0
AGTAGACTTACACCTC-1	1	114	48	24555	37368	tumor_like	medium	1	1	188	8	1	0	32	0	41	8.2	1	8
AGTAGAGCCACCAGCA-1	1	45	27	22350	25429	tumor_like	medium	1	1	1	0	0	0	0	0	0	0	0	0
AGTAGAGCCTGTGCCA-1	1	35	41	23738	23685	tumor_like	medium	1	1	1	2	0	0	0	0	2	0.4	1	1
AGTAGAGCTTAGTTCT-1	1	95	137	33441	33999	tumor_like	medium	1	1	65	2	0	0	12	0	14	2.8	1	2
AGTAGAGTTAAGATGC-1	1	43	51	24751	25062	tumor_like	medium	1	1	0	0	0	0	0	0	0	0	0	0
AGTAGAGTTGTATTAA-1	1	77	187	38423	30838	tumor_like	medium	1	1	10	3	0	0	0	0	3	0.6	1	3
AGTAGATTGAGCCGTG-1	1	33	115	31146	23275	tumor_like	medium	1	1	1	0	0	0	0	0	0	0	0	0
AGTAGATTGCCAACCA-1	1	8	46	24199	19003	tumor_like	medium	1	1	0	0	0	0	0	0	0	0	0	0
AGTATTACAGTACCAC-1	1	89	53	25019	33031	tumor_like	medium	1	1	136	13	1	0	13	0	27	5.4	1	13
AGTATTCATCGCGACG-1	1	102	136	33352	35214	tumor_like	medium	1	1	42	1	0	0	8	0	9	1.8	1	1
AGTATTCTGTATAGTT-1	1	18	68	26417	20717	tumor_like	medium	1	1	0	0	0	0	1	0	1	0.2	0	0
AGTATTGACGCACCGG-1	1	76	194	39122	30659	tumor_like	medium	1	1	28	0	0	0	1	0	1	0.2	0	0
AGTATTGCTCCGGATG-1	1	36	52	24841	23850	tumor_like	medium	1	1	0	0	0	0	0	0	0	0	0	0
AGTATTGGTCCACGTT-1	1	64	120	31693	28643	tumor_like	medium	1	1	7	0	0	0	4	0	4	0.8	0	0
AGTCAACCTTAGGAAC-1	1	71	209	40617	29779	tumor_like	medium	1	1	11	0	0	0	1	0	1	0.2	0	0
AGTCATGCTTCCGACG-1	1	63	149	34596	28444	tumor_like	medium	1	1	12	1	0	0	3	0	4	0.8	1	1
AGTCATGGCCGTCGAT-1	1	63	209	40605	28393	tumor_like	medium	1	1	14	2	0	0	3	0	5	1	1	2
AGTCATTCCTCGGTGG-1	1	67	77	27391	29199	tumor_like	medium	1	1	16	0	0	1	3	0	4	0.8	0	0
AGTCGAGCAATTGGTA-1	1	96	106	30338	34200	tumor_like	medium	1	1	138	8	1	0	15	0	24	4.8	1	8
AGTCGAGGTCACCTCA-1	1	98	118	31543	34536	tumor_like	medium	1	1	37	4	1	1	4	0	10	2	1	4
AGTCGATCATAACTGG-1	1	117	107	30469	37837	tumor_like	medium	1	1	59	8	0	0	17	0	25	5	1	8
AGTCGCACTTAGCTTG-1	1	105	157	35459	35715	tumor_like	medium	1	1	18	0	0	0	4	0	4	0.8	0	0
AGTCGCCAGCGGCCAC-1	1	90	198	39544	33082	tumor_like	medium	1	1	45	4	0	0	3	0	7	1.4	1	4
AGTCGCTACCTTGAGC-1	1	39	25	22141	24392	tumor_like	medium	1	1	2	0	0	0	0	0	0	0	0	0
AGTCGGACGTGACAGG-1	1	113	15	21249	37222	tumor_like	medium	1	1	19	3	0	0	4	0	7	1.4	1	3
AGTCGGCAACCAACGC-1	1	33	149	34552	23246	tumor_like	medium	1	1	11	1	0	0	1	0	2	0.4	1	1
AGTCGGCATGTATCAC-1	1	13	213	40932	19726	tumor_like	medium	1	1	0	0	0	0	0	0	0	0	0	0
AGTCGGCCACTCTGTT-1	1	70	136	33304	29669	tumor_like	medium	1	1	14	1	0	0	6	0	7	1.4	1	1
AGTCGGCTAATATCCT-1	1	105	81	27847	35780	tumor_like	medium	1	1	163	2	0	0	22	0	24	4.8	1	2
AGTCGGCTGCGGAAGT-1	1	35	193	38962	23555	tumor_like	medium	1	1	7	2	0	0	2	0	4	0.8	1	2
AGTCGGTTGAATTGTA-1	1	65	25	22180	28897	tumor_like	medium	1	1	0	0	0	0	0	0	0	0	0	0
AGTCGTATTAGTCAGC-1	1	92	150	34739	33469	tumor_like	medium	1	1	33	9	1	0	4	0	14	2.8	1	9
AGTCGTCTGTTGAGAT-1	1	21	81	27723	21225	ambiguous_or_low_signal	low	0	0	0	0	0	0	0	0	0	0	0	0
AGTCGTGCATTCTAAT-1	1	81	193	39029	31526	tumor_like	medium	1	1	30	3	0	0	3	0	6	1.2	1	3
AGTCTAAGACGTGCGA-1	1	23	211	40747	21461	tumor_like	medium	1	1	3	0	0	0	2	0	2	0.4	0	0
AGTCTAGCTTGTTACA-1	1	101	45	24236	35117	tumor_like	medium	1	1	157	14	1	0	22	0	37	7.4	1	14
AGTCTAGTCAGGATCA-1	1	126	102	29982	39401	tumor_like	medium	1	1	16	3	0	1	7	0	11	2.2	1	3
AGTCTGCGGAATCTGC-1	1	14	78	27413	20016	tumor_like	medium	1	1	1	0	0	0	0	0	0	0	0	0
AGTGAGTGCGGACACT-1	1	57	139	33586	27413	tumor_like	medium	1	1	50	0	0	0	6	0	6	1.2	0	0
AGTGATCGGACATACT-1	1	98	140	33746	34517	tumor_like	medium	1	1	42	2	1	0	10	0	13	2.6	1	2
AGTGATGCTAGGAGGC-1	1	49	105	30168	26056	tumor_like	medium	1	1	11	4	0	0	4	0	8	1.6	1	4
AGTGATGGAGCTCCGT-1	1	4	28	22390	18326	tumor_like	medium	1	1	0	0	0	0	0	0	0	0	0	0
AGTGATTAACCTTGTT-1	1	92	94	29130	33517	tumor_like	medium	1	1	129	3	1	1	14	0	19	3.8	1	3
AGTGCAACCTAGAAGC-1	1	102	52	24938	35286	tumor_like	medium	1	1	200	9	1	0	23	0	33	6.6	1	9
AGTGCACCGTATGGAC-1	1	113	81	27859	37166	tumor_like	medium	1	1	140	25	0	0	20	0	45	9	1	25
AGTGCAGCTTCTCGTA-1	1	55	39	23567	27152	tumor_like	medium	1	1	0	0	0	0	0	0	0	0	0	0
AGTGCATTGGAACTAA-1	1	102	172	36957	35183	tumor_like	medium	1	1	0	1	0	0	0	0	1	0.2	0	0
AGTGCGAATTGTCGAC-1	1	20	48	24417	21081	tumor_like	medium	1	1	0	0	0	0	0	0	0	0	0	0
AGTGCGACATTGCTCG-1	1	68	38	23486	29406	tumor_like	medium	1	1	5	1	0	1	1	0	3	0.6	1	1
AGTGCGACTCCTCAGT-1	1	60	46	24275	28013	tumor_like	medium	1	1	0	0	0	0	0	0	0	0	0	0
AGTGCGATCACGAGCC-1	1	65	97	29391	28835	tumor_like	medium	1	1	30	1	0	0	7	0	8	1.6	1	1
AGTGCGATCTGTACGT-1	1	60	38	23474	28020	tumor_like	medium	1	1	1	0	0	0	0	0	0	0	0	0
AGTGCGCAAGGAACTC-1	1	69	81	27794	29542	tumor_like	medium	1	1	26	0	0	1	3	0	4	0.8	0	0
AGTGCGCAGATTAGTA-1	1	122	52	24968	38751	tumor_like	medium	1	1	162	4	0	0	15	0	19	3.8	1	4
AGTGCGGAACAACGTA-1	1	76	74	27103	30762	tumor_like	medium	1	1	15	0	0	0	2	0	2	0.4	0	0
AGTGCGGAATTCGAGC-1	1	15	161	35727	20117	tumor_like	medium	1	1	35	0	0	0	4	0	4	0.8	0	0
AGTGCGGTAACTGCTA-1	1	1	183	37910	17673	tumor_like	medium	1	1	5	0	0	0	1	0	1	0.2	0	0
AGTGCTAAGACCGCTT-1	1	15	197	39333	20086	tumor_like	medium	1	1	1	0	1	1	0	0	2	0.4	0	0
AGTGCTACCTAATTAA-1	1	122	68	26570	38737	tumor_like	medium	1	1	102	17	0	0	26	0	43	8.6	1	17
AGTGCTACGAAGCAAG-1	1	75	93	29005	30571	tumor_like	medium	1	1	14	0	0	0	4	0	4	0.8	0	0
AGTGCTACGAGGTGTA-1	1	71	41	23791	29923	tumor_like	medium	1	1	4	1	0	0	0	0	1	0.2	1	1
AGTGCTGTAGGAATGA-1	1	102	114	31148	35233	tumor_like	medium	1	1	72	3	1	1	15	0	20	4	1	3
AGTGGACTCAAGGCAA-1	1	80	200	39729	31347	tumor_like	medium	1	1	30	1	0	0	2	0	3	0.6	1	1
AGTGGCTTAAGGTGTC-1	1	22	42	23819	21432	tumor_like	medium	1	1	0	0	0	0	0	0	0	0	0	0
AGTGGTAACAGCGATC-1	1	57	117	31382	27432	tumor_like	medium	1	1	21	4	0	0	3	0	7	1.4	1	4
AGTGGTATTGAGTGAC-1	1	40	30	22643	24562	tumor_like	medium	1	1	0	0	0	0	0	0	0	0	0	0
AGTGGTGATCCACTTA-1	1	88	212	40943	32723	tumor_like	medium	1	1	47	0	0	1	5	0	6	1.2	0	0
AGTGTAACGTGCGAAG-1	1	121	91	28873	38543	tumor_like	medium	1	1	32	2	0	0	5	0	7	1.4	1	2
AGTGTAAGAACGCCTT-1	1	35	143	33954	23598	tumor_like	medium	1	1	0	4	0	0	1	0	5	1	0	0
AGTGTAAGACGCGGAC-1	1	67	143	34001	29142	tumor_like	medium	1	1	59	4	0	0	3	0	7	1.4	1	4
AGTGTAAGTGACGATG-1	1	48	144	34073	25850	tumor_like	medium	1	1	6	2	1	0	0	0	3	0.6	1	2
AGTGTAATGCTCGCCG-1	1	12	104	30014	19647	tumor_like	medium	1	1	3	2	0	0	2	0	4	0.8	1	2
AGTGTACCAGATGTCA-1	1	18	152	34830	20646	tumor_like	medium	1	1	11	0	0	0	0	0	0	0	0	0
AGTGTAGAAGGCCTAG-1	1	95	169	36646	33972	tumor_like	medium	1	1	1	0	0	0	0	0	0	0	0	0
AGTGTCACGAAGACAA-1	1	0	112	30797	17561	tumor_like	medium	1	1	1	1	0	0	0	0	1	0.2	1	1
AGTGTCACTAATCATG-1	1	30	180	37652	22701	tumor_like	medium	1	1	19	5	0	0	4	0	9	1.8	1	5
AGTGTCATTCTACGCT-1	1	64	154	35098	28614	tumor_like	medium	1	1	21	2	0	0	0	0	2	0.4	1	2
AGTGTCCAAGTGATGG-1	1	88	218	41544	32718	tumor_like	medium	1	1	106	0	0	0	9	0	9	1.8	0	0
AGTGTCGGATAGTCGT-1	1	123	101	29877	38881	tumor_like	medium	1	1	24	2	0	0	4	0	6	1.2	1	2
AGTGTCGGTTGCGTAG-1	1	73	101	29803	30218	tumor_like	medium	1	1	68	0	0	0	10	0	10	2	0	0
AGTGTCGTGGCGCCAC-1	1	22	64	26022	21414	tumor_like	medium	1	1	0	0	0	0	1	0	1	0.2	0	0
AGTGTCTAACCGCCGT-1	1	15	75	27114	20190	tumor_like	medium	1	1	0	0	0	0	0	0	0	0	0	0
AGTGTCTGCAAGATGT-1	1	84	98	29519	32127	tumor_like	medium	1	1	106	3	0	0	14	0	17	3.4	1	3
AGTTAACCGCGAGGTT-1	1	104	14	21135	35665	tumor_like	medium	1	1	11	1	0	0	0	0	1	0.2	1	1
AGTTAACCTAATGGCC-1	1	127	141	33889	39540	tumor_like	medium	1	1	0	0	0	0	1	0	1	0.2	0	0
AGTTAACCTCTAGCAA-1	1	109	83	28054	36471	tumor_like	medium	1	1	82	12	1	0	10	0	23	4.6	1	12
AGTTAACGATTCTTGC-1	1	71	39	23591	29924	tumor_like	medium	1	1	3	1	0	1	0	0	2	0.4	1	1
AGTTAAGGATCTGATT-1	1	92	60	25725	33546	tumor_like	medium	1	1	107	15	0	0	20	0	35	7	1	15
AGTTAAGGCATCCGCA-1	1	50	162	35879	26182	tumor_like	medium	1	1	7	5	0	0	1	0	6	1.2	1	5
AGTTAAGTACCACTTG-1	1	72	192	38916	29968	tumor_like	medium	1	1	7	1	0	0	3	0	4	0.8	1	1
AGTTAAGTGCACTTGT-1	1	88	118	31528	32803	tumor_like	medium	1	1	36	5	0	0	5	0	10	2	1	5
AGTTAATTCTTAGACG-1	1	95	149	34643	33989	tumor_like	medium	1	1	37	1	0	0	7	0	8	1.6	1	1
AGTTAGCTAGAATAAC-1	1	38	198	39467	24072	tumor_like	medium	1	1	3	2	1	0	0	0	3	0.6	1	2
AGTTAGCTAGTCACCG-1	1	68	92	28894	29360	tumor_like	medium	1	1	30	2	0	0	3	0	5	1	1	2
AGTTAGGCTACGAGCT-1	1	114	118	31566	37309	tumor_like	medium	1	1	28	3	0	0	5	0	8	1.6	1	3
AGTTATAACCGTATGT-1	1	113	153	35070	37104	tumor_like	medium	1	1	3	0	1	0	0	0	1	0.2	0	0
AGTTATTGAGACGGTC-1	1	93	65	26227	33714	tumor_like	medium	1	1	91	15	0	0	13	0	28	5.6	1	15
AGTTATTGAGTACCAG-1	1	79	187	38426	31184	tumor_like	medium	1	1	29	3	0	0	6	0	9	1.8	1	3
AGTTCAGCAAGTAGAT-1	1	91	143	34036	33301	tumor_like	medium	1	1	42	4	1	0	9	1	15	3	1	4
AGTTCGCTCCAGCGTG-1	1	56	174	37090	27211	ambiguous_or_low_signal	low	0	0	3	23	0	0	1	0	24	4.8	1	3
AGTTCGCTGTAAGATA-1	1	89	199	39642	32907	tumor_like	medium	1	1	11	0	0	0	2	0	2	0.4	0	0
AGTTCGGTTCGACAAC-1	1	54	152	34883	26883	tumor_like	medium	1	1	8	4	0	2	0	0	6	1.2	1	4
AGTTCGTGAGATTACA-1	1	88	100	29725	32819	tumor_like	medium	1	1	72	2	0	1	17	0	20	4	1	2
AGTTGACTGTCCGTGA-1	1	64	192	38904	28582	tumor_like	medium	1	1	23	3	0	0	3	0	6	1.2	1	3
AGTTGCACCGGAATGA-1	1	0	140	33602	17537	tumor_like	medium	1	1	37	1	0	0	4	0	5	1	1	1
AGTTGGAACAATCTGA-1	1	101	73	27040	35093	tumor_like	medium	1	1	176	58	1	0	30	0	89	17.8	1	58
AGTTGGACGCAAGGAA-1	1	83	135	33223	31922	tumor_like	medium	1	1	41	2	0	0	7	0	9	1.8	1	2
AGTTGGAGGTCGCCGG-1	1	97	115	31241	34364	tumor_like	medium	1	1	64	0	0	0	16	0	16	3.2	0	0
AGTTGGAGTATGTAGG-1	1	57	201	39795	27360	tumor_like	medium	1	1	11	0	0	0	1	0	1	0.2	0	0
AGTTGGCTCAGTGAGT-1	1	93	171	36844	33624	tumor_like	medium	1	1	7	2	0	0	0	0	2	0.4	1	2
AGTTGGTATCTTATAC-1	1	24	212	40848	21634	tumor_like	medium	1	1	0	0	0	0	1	0	1	0.2	0	0
ATAACATATCACTTCT-1	1	94	78	27531	33877	tumor_like	medium	1	1	114	6	0	0	22	0	28	5.6	1	6
ATAACCATGCCGATTA-1	1	62	66	26282	28343	tumor_like	medium	1	1	33	1	0	0	3	0	4	0.8	1	1
ATAACCTAAGGCGTCA-1	1	0	12	20782	17646	tumor_like	medium	1	1	0	0	0	0	0	0	0	0	0	0
ATAACCTAAGTGCAAC-1	1	8	162	35817	18904	tumor_like	medium	1	1	9	1	0	0	4	0	5	1	1	1
ATAACGAACACCTAGG-1	1	127	71	26878	39600	tumor_like	medium	1	1	48	6	1	0	6	0	13	2.6	1	6
ATAACGAACTATTGAT-1	1	122	10	20761	38787	tumor_like	medium	1	1	10	4	0	0	3	0	7	1.4	1	4
ATAACGAAGGAAGGCG-1	1	10	22	21798	19370	ambiguous_or_low_signal	low	0	0	0	0	0	0	0	0	0	0	0	0
ATAACGAATCGCTGAC-1	1	116	48	24558	37715	tumor_like	medium	1	1	249	8	3	0	22	0	33	6.6	1	8
ATAACGAGCCGCTCCT-1	1	27	181	37748	22179	tumor_like	medium	1	1	26	4	1	0	4	0	9	1.8	1	4
ATAACGAGGACTTAAC-1	1	56	138	33484	27242	tumor_like	medium	1	1	31	1	0	0	6	0	7	1.4	1	1
ATAACGAGGCGAATGT-1	1	106	160	35761	35887	tumor_like	medium	1	1	61	0	0	0	9	0	9	1.8	0	0
ATAACGCAGCTTCAGT-1	1	98	116	31342	34538	tumor_like	medium	1	1	48	0	0	0	7	0	7	1.4	0	0
ATAACGCCGGCTAACT-1	1	60	216	41302	27868	tumor_like	medium	1	1	68	7	0	0	7	0	14	2.8	1	7
ATAACGCTCAATCACT-1	1	111	163	36069	36749	tumor_like	medium	1	1	1	0	0	0	0	0	0	0	0	0
ATAACGGTCTTGTAAT-1	1	86	68	26517	32500	tumor_like	medium	1	1	67	0	0	0	16	0	16	3.2	0	0
ATAACTAGCTACGGAC-1	1	12	148	34421	19609	tumor_like	medium	1	1	27	2	0	0	2	0	4	0.8	1	2
ATAACTCGAAGTCCGC-1	1	89	75	27223	33012	tumor_like	medium	1	1	107	7	1	0	22	0	30	6	1	7
ATAACTCGTCACGCCG-1	1	75	211	40823	30471	tumor_like	medium	1	1	12	0	1	0	0	0	1	0.2	0	0
ATAAGAACTCGTTAGA-1	1	75	59	25600	30600	tumor_like	medium	1	1	36	1	0	0	2	0	3	0.6	1	1
ATAAGACTCGGCCTCG-1	1	68	218	41514	29253	tumor_like	medium	1	1	18	4	0	0	3	0	7	1.4	1	4
ATAAGAGCACCGAGCA-1	1	17	65	26115	20545	tumor_like	medium	1	1	1	0	0	0	0	0	0	0	0	0
ATAAGAGCCGTATGAC-1	1	34	128	32450	23438	tumor_like	medium	1	1	3	0	0	0	0	0	0	0	0	0
ATAAGAGCCTCCGACA-1	1	100	110	30745	34890	tumor_like	medium	1	1	174	17	0	0	19	0	36	7.2	1	17
ATAAGAGCTCGATCCT-1	1	25	169	36543	21843	tumor_like	medium	1	1	11	0	1	0	2	0	3	0.6	0	0
ATAAGCCGCTGAATCC-1	1	75	35	23196	30621	tumor_like	medium	1	1	5	0	0	0	0	0	0	0	0	0
ATAAGGAAGATGAATA-1	1	61	37	23376	28193	tumor_like	medium	1	1	0	0	0	0	0	0	0	0	0	0
ATAAGGAGTCCGCCGG-1	1	78	114	31113	31074	tumor_like	medium	1	1	12	2	0	0	1	0	3	0.6	1	2
ATAATCTACACCATCC-1	1	33	113	30946	23277	tumor_like	medium	1	1	0	0	0	0	0	0	0	0	0	0
ATAATTATCAGCTGGC-1	1	54	36	23265	26982	tumor_like	medium	1	1	0	0	0	0	0	0	0	0	0	0
ATAATTGTCGCTGGCC-1	1	79	185	38225	31186	tumor_like	medium	1	1	30	5	0	0	2	0	7	1.4	1	5
ATAATTGTGCCATGTT-1	1	30	168	36450	22711	tumor_like	medium	1	1	39	2	1	0	2	0	5	1	1	2
ATACAATACTTGGATG-1	1	95	211	40853	33936	tumor_like	medium	1	1	1	0	0	0	0	0	0	0	0	0
ATACAATAGTCGAGCT-1	1	6	214	41022	18513	tumor_like	medium	1	1	0	0	0	1	1	0	2	0.4	0	0
ATACAATATTGGTCCG-1	1	62	162	35897	28261	tumor_like	medium	1	1	4	4	1	0	1	0	6	1.2	1	4
ATACAATTGCTTGCCA-1	1	75	29	22595	30626	tumor_like	medium	1	1	2	0	0	0	0	0	0	0	0	0
ATACAGATGACTAACG-1	1	24	170	36642	21670	tumor_like	medium	1	1	42	0	0	0	1	0	1	0.2	0	0
ATACAGTAGGCGTTGT-1	1	17	221	41739	20412	tumor_like	medium	1	1	0	0	0	0	0	1	1	0.2	0	0
ATACAGTGCTCGTACC-1	1	24	72	26826	21753	tumor_like	medium	1	1	0	0	0	0	0	0	0	0	0	0
ATACATAATCTGAGTC-1	1	9	215	41127	19031	tumor_like	medium	1	1	0	0	1	0	0	0	1	0.2	0	0
ATACATCAACGTGATT-1	1	40	164	36064	24447	tumor_like	medium	1	1	131	4	0	0	3	0	7	1.4	1	4
ATACATCCAACTCAAT-1	1	13	149	34522	19781	tumor_like	medium	1	1	6	1	1	0	0	0	2	0.4	1	1
ATACATCGACAGGTGG-1	1	88	144	34132	32781	tumor_like	medium	1	1	91	1	2	0	8	1	12	2.4	1	1
ATACATCTCAATAAGA-1	1	36	54	25041	23848	tumor_like	medium	1	1	1	0	0	0	0	0	0	0	0	0
ATACATGCACGGTAAC-1	1	31	121	31744	22924	tumor_like	medium	1	1	12	0	0	0	4	0	4	0.8	0	0
ATACATGCGAGCCAGC-1	1	57	73	26975	27469	tumor_like	medium	1	1	2	1	0	0	1	0	2	0.4	1	1
ATACATTCAGTGAGCC-1	1	33	169	36555	23229	tumor_like	medium	1	1	15	2	0	0	4	0	6	1.2	1	2
ATACATTCCTATACCA-1	1	118	64	26164	38048	tumor_like	medium	1	1	66	1	2	0	10	0	13	2.6	1	1
ATACCGCTGCTCTACA-1	1	47	115	31167	25701	tumor_like	medium	1	1	24	2	0	0	2	0	4	0.8	1	2
ATACCGTGTATCGCCA-1	1	41	205	40172	24585	tumor_like	medium	1	1	3	4	0	0	1	1	6	1.2	1	3
ATACCTTAGCATGGCG-1	1	67	209	40611	29086	tumor_like	medium	1	1	4	0	0	0	1	0	1	0.2	0	0
ATACGGCACTACGCGG-1	1	23	189	38543	21479	tumor_like	medium	1	1	146	0	3	0	11	0	14	2.8	0	0
ATACGGTATCATCTCG-1	1	72	100	29702	30047	tumor_like	medium	1	1	73	3	0	1	4	0	8	1.6	1	3
ATACGGTCCAACGCTA-1	1	59	143	33989	27756	tumor_like	medium	1	1	5	1	0	0	0	0	1	0.2	1	1
ATACGGTCCATAAGGA-1	1	80	194	39128	31353	tumor_like	medium	1	1	49	1	0	0	3	0	4	0.8	1	1
ATACGTACATAGTGTT-1	1	100	146	34350	34859	tumor_like	medium	1	1	34	0	0	0	6	0	6	1.2	0	0
ATACTAATTATGGAAC-1	1	95	53	25028	34071	tumor_like	medium	1	1	159	67	6	0	21	0	94	18.8	1	67
ATACTAATTGTCCGCC-1	1	31	195	39156	22860	tumor_like	medium	1	1	2	0	0	0	3	0	3	0.6	0	0
ATACTACCGCTACGAC-1	1	80	218	41532	31332	tumor_like	medium	1	1	22	1	0	0	0	0	1	0.2	1	1
ATACTAGACATACAGC-1	1	12	68	26408	19678	tumor_like	medium	1	1	1	0	0	0	0	0	0	0	0	0
ATACTAGATTAACTCC-1	1	95	91	28834	34038	tumor_like	medium	1	1	147	18	4	0	24	0	46	9.2	1	18
ATACTAGCACATCTCG-1	1	51	103	29971	26404	tumor_like	medium	1	1	51	1	0	0	9	0	10	2	1	1
ATACTAGTCATCACCA-1	1	116	68	26562	37698	tumor_like	medium	1	1	60	4	0	0	13	0	17	3.4	1	4
ATACTATGAGGACCGA-1	1	92	198	39546	33428	tumor_like	medium	1	1	12	1	0	0	1	0	2	0.4	1	1
ATACTATGATAGCGCA-1	1	118	58	25563	38053	tumor_like	medium	1	1	105	5	0	0	17	0	22	4.4	1	5
ATACTATTCACGCCAA-1	1	34	192	38860	23384	tumor_like	medium	1	1	6	1	1	0	2	0	4	0.8	1	1
ATACTCGGCGGATAGA-1	1	65	17	21378	28903	tumor_like	medium	1	1	0	0	0	0	0	0	0	0	0	0
ATACTGACGCCGAGCA-1	1	60	146	34291	27928	tumor_like	medium	1	1	10	2	0	0	4	0	6	1.2	1	2
ATACTGCTGTCGTTGC-1	1	88	84	28123	32832	tumor_like	medium	1	1	30	0	0	0	4	0	4	0.8	0	0
ATACTGGCGTCCAAGA-1	1	67	87	28392	29190	tumor_like	medium	1	1	17	0	0	1	3	0	4	0.8	0	0
ATACTGGCTACCATCC-1	1	121	141	33880	38501	tumor_like	medium	1	1	1	0	0	0	0	0	0	0	0	0
ATACTGGCTCATGTGA-1	1	19	131	32728	20836	tumor_like	medium	1	1	13	6	0	0	3	0	9	1.8	1	6
ATACTGGCTCTGACCT-1	1	15	111	30719	20160	tumor_like	medium	1	1	8	0	0	0	5	0	5	1	0	0
ATACTGTATGGCGTCC-1	1	78	70	26706	31112	tumor_like	medium	1	1	35	0	0	0	5	0	5	1	0	0
ATACTGTTAACAAGAC-1	1	32	34	23032	23172	tumor_like	medium	1	1	0	0	0	0	0	0	0	0	0	0
ATACTGTTAAGTCACC-1	1	111	103	30060	36801	tumor_like	medium	1	1	16	1	1	0	5	0	7	1.4	1	1
ATACTTCTCATCCAAT-1	1	60	106	30285	27962	tumor_like	medium	1	1	57	2	0	0	7	0	9	1.8	1	2
ATAGAACCATCCAGCC-1	1	10	214	41028	19206	tumor_like	medium	1	1	1	0	0	0	0	0	0	0	0	0
ATAGAACGAAGAGGTT-1	1	15	115	31120	20156	tumor_like	medium	1	1	3	1	0	0	2	0	3	0.6	1	1
ATAGAACGTTATCCAC-1	1	89	5	20212	33072	tumor_like	medium	1	1	33	10	0	1	1	0	12	2.4	1	10
ATAGAAGTCCGCCATG-1	1	17	115	31123	20503	tumor_like	medium	1	1	5	2	0	0	1	0	3	0.6	1	2
ATAGAATATGCGGTCC-1	1	25	165	36142	21846	tumor_like	medium	1	1	21	0	0	0	0	0	0	0	0	0
ATAGAATATTACTACC-1	1	35	145	34154	23596	tumor_like	medium	1	1	0	0	0	0	0	0	0	0	0	0
ATAGAATCATGACCAC-1	1	7	149	34513	18741	tumor_like	medium	1	1	3	1	0	0	2	0	3	0.6	1	1
ATAGAATCGTGCGTGG-1	1	13	157	35323	19774	tumor_like	medium	1	1	9	1	1	0	4	0	6	1.2	1	1
ATAGACGATGTTGACC-1	1	53	103	29974	26751	tumor_like	medium	1	1	33	0	0	0	2	0	2	0.4	0	0
ATAGACTAATCAGTAA-1	1	116	4	20152	37752	tumor_like	medium	1	1	26	4	2	0	3	0	9	1.8	1	4
ATAGATTAGTCTGCGT-1	1	97	5	20224	34458	tumor_like	medium	1	1	19	3	0	0	3	0	6	1.2	1	3
ATAGCCGACCAAGTTC-1	1	26	116	31236	22062	tumor_like	medium	1	1	0	0	0	0	0	0	0	0	0	0
ATAGCGAACGGTGACG-1	1	107	165	36263	36055	tumor_like	medium	1	1	6	0	0	0	0	0	0	0	0	0
ATAGCGTCAATAGCAT-1	1	58	110	30683	27612	tumor_like	medium	1	1	68	0	0	0	7	0	7	1.4	0	0
ATAGCTAACAGGCCGC-1	1	84	220	41738	32023	tumor_like	medium	1	1	1	0	0	0	2	0	2	0.4	0	0
ATAGCTATGAGTGCTT-1	1	1	41	23688	17794	tumor_like	medium	1	1	0	0	0	0	0	0	0	0	0	0
ATAGCTATGTAGCATA-1	1	97	41	23829	34428	tumor_like	medium	1	1	105	7	0	0	18	0	25	5	1	7
ATAGCTGTATGACGCT-1	1	95	119	31639	34015	tumor_like	medium	1	1	47	15	1	0	9	0	25	5	1	15
ATAGCTGTCAAGAATT-1	1	70	208	40516	29608	tumor_like	medium	1	1	14	0	1	1	0	0	2	0.4	0	0
ATAGCTGTCTTGACAA-1	1	115	125	32269	37475	tumor_like	medium	1	1	30	3	0	0	8	0	11	2.2	1	3
ATAGCTGTGACCATTC-1	1	103	7	20433	35496	tumor_like	medium	1	1	4	1	0	0	0	0	1	0.2	1	1
ATAGCTGTTCTGGTTA-1	1	93	127	32437	33661	tumor_like	medium	1	1	27	2	0	0	7	0	9	1.8	1	2
ATAGGACTCATATGGC-1	1	101	69	26640	35097	tumor_like	medium	1	1	181	35	2	0	23	0	60	12	1	35
ATAGGAGTTGGAAGAT-1	1	117	147	34475	37803	tumor_like	medium	1	1	2	0	1	0	0	0	1	0.2	0	0
ATAGGCAAGCCAACTG-1	1	121	101	29874	38535	tumor_like	medium	1	1	70	8	1	0	12	0	21	4.2	1	8
ATAGGCACAATCACTC-1	1	93	15	21219	33757	tumor_like	medium	1	1	73	16	1	0	7	0	24	4.8	1	16
ATAGGCACGTATGCAG-1	1	88	194	39140	32739	tumor_like	medium	1	1	29	2	0	0	6	0	8	1.6	1	2
ATAGGCCAGCTTCTAA-1	1	12	196	39228	19568	tumor_like	medium	1	1	5	0	0	0	0	0	0	0	0	0
ATAGGCGGTTCAGGAA-1	1	67	213	41012	29083	tumor_like	medium	1	1	9	2	1	0	2	0	5	1	1	2
ATAGGCTACGCAGACT-1	1	112	56	25354	37015	tumor_like	medium	1	1	161	10	1	0	30	0	41	8.2	1	10
ATAGGCTACTATTCTG-1	1	82	222	41935	31675	tumor_like	medium	1	1	38	0	0	0	6	0	6	1.2	0	0
ATAGGCTATGCCAGCC-1	1	123	121	31880	38864	tumor_like	medium	1	1	52	10	1	0	8	0	19	3.8	1	10
ATAGGTATGCTGCCGG-1	1	84	88	28517	32136	tumor_like	medium	1	1	60	4	0	0	12	0	16	3.2	1	4
ATAGTCCGTCATTCTA-1	1	115	77	27461	37516	tumor_like	medium	1	1	53	5	0	0	10	0	15	3	1	5
ATAGTCGCTCAGTGCA-1	1	127	79	27679	39593	tumor_like	medium	1	1	34	1	0	0	9	0	10	2	1	1
ATAGTCTGCAACCAGC-1	1	0	96	29195	17574	tumor_like	medium	1	1	6	0	0	0	0	0	0	0	0	0
ATAGTGACGCTGGTCT-1	1	10	66	26205	19333	tumor_like	medium	1	1	0	0	0	0	0	0	0	0	0	0
ATAGTGAGCACGTCTT-1	1	9	223	41928	19025	tumor_like	medium	1	1	2	0	0	1	1	0	2	0.4	0	0
ATAGTGCACGCCGGCG-1	1	28	190	38651	22346	tumor_like	medium	1	1	33	3	0	0	6	0	9	1.8	1	3
ATAGTGCCGCCAGATA-1	1	4	16	21188	18336	tumor_like	medium	1	1	0	0	1	0	0	0	1	0.2	0	0
ATAGTGGAATAGACCA-1	1	5	115	31105	18424	tumor_like	medium	1	1	1	2	0	0	1	0	3	0.6	1	1
ATAGTGTCTTACTGAC-1	1	102	18	21533	35315	tumor_like	medium	1	1	3	0	0	0	0	0	0	0	0	0
ATAGTTAACTAGGATG-1	1	0	128	32400	17547	tumor_like	medium	1	1	0	1	0	0	1	0	2	0.4	0	0
ATAGTTAATACAGAGG-1	1	64	58	25483	28696	tumor_like	medium	1	1	17	0	0	0	4	0	4	0.8	0	0
ATAGTTACCAGAGTCG-1	1	17	215	41138	20418	tumor_like	medium	1	1	1	2	0	0	1	1	4	0.8	1	1
ATAGTTACCTTCGTAA-1	1	66	140	33699	28973	tumor_like	medium	1	1	17	1	0	0	1	0	2	0.4	1	1
ATAGTTACGTTAAGTA-1	1	104	86	28347	35603	tumor_like	medium	1	1	139	10	1	0	20	0	31	6.2	1	10
ATAGTTACTCTGTTGC-1	1	119	65	26265	38219	tumor_like	medium	1	1	88	6	1	0	9	0	16	3.2	1	6
ATAGTTACTGGCGAGC-1	1	87	73	27020	32668	tumor_like	medium	1	1	94	12	0	0	24	1	37	7.4	1	12
ATAGTTAGGATGTCAA-1	1	91	9	20615	33415	tumor_like	medium	1	1	63	1	0	0	9	0	10	2	1	1
ATAGTTCAGGTATTAA-1	1	108	92	28953	36291	tumor_like	medium	1	1	45	5	0	0	5	0	10	2	1	5
ATAGTTCATCTACGGT-1	1	45	169	36573	25308	tumor_like	medium	1	1	5	2	0	0	3	0	5	1	1	2
ATAGTTCGAGCACGCA-1	1	97	65	26233	34407	tumor_like	medium	1	1	156	40	0	0	26	0	66	13.2	1	40
ATAGTTCGGCCTGGTT-1	1	83	119	31621	31935	tumor_like	medium	1	1	38	3	0	0	4	0	7	1.4	1	3
ATAGTTCGGCGTCTCG-1	1	48	182	37879	25818	tumor_like	medium	1	1	12	3	0	0	4	0	7	1.4	1	3
ATAGTTGCAGACCTAT-1	1	64	140	33696	28626	tumor_like	medium	1	1	21	17	1	0	3	0	21	4.2	1	17
ATAGTTGCCGCAAGAC-1	1	105	103	30051	35761	tumor_like	medium	1	1	118	20	1	0	9	0	30	6	1	20
ATAGTTGCTACAGCTT-1	1	73	209	40620	30126	tumor_like	medium	1	1	4	0	0	0	0	0	0	0	0	0
ATAGTTGGCGCTTCCT-1	1	23	53	24922	21595	tumor_like	medium	1	1	0	0	0	0	0	0	0	0	0	0
ATAGTTGGTGCACTGC-1	1	53	123	31977	26734	tumor_like	medium	1	1	17	3	0	0	1	0	4	0.8	1	3
ATCAACGCCTGAAGTC-1	1	122	126	32379	38688	tumor_like	medium	1	1	67	2	0	0	8	0	10	2	1	2
ATCAAGACATACGCGG-1	1	85	189	38635	32222	tumor_like	medium	1	1	128	4	0	0	2	0	6	1.2	1	4
ATCAAGACCTGCCAAC-1	1	90	12	20914	33240	tumor_like	medium	1	1	71	15	0	0	9	0	24	4.8	1	15
ATCAAGACTGAGCGAC-1	1	83	127	32422	31928	tumor_like	medium	1	1	77	1	0	0	2	0	3	0.6	1	1
ATCAAGGAACGCATCG-1	1	77	69	26604	30938	tumor_like	medium	1	1	57	0	0	0	9	0	9	1.8	0	0
ATCAAGGACTGATCTA-1	1	90	116	31331	33152	tumor_like	medium	1	1	58	4	1	0	9	0	14	2.8	1	4
ATCAAGGTCTGTCGTT-1	1	124	56	25371	39094	tumor_like	medium	1	1	126	23	4	0	20	0	47	9.4	1	23
ATCAAGGTCTTCGTAC-1	1	127	57	25476	39612	tumor_like	medium	1	1	112	5	0	1	20	0	26	5.2	1	5
ATCAAGTGACTTACTG-1	1	82	130	32721	31754	tumor_like	medium	1	1	29	3	0	0	1	0	4	0.8	1	3
ATCAAGTTGGCTCAGA-1	1	91	53	25022	33378	tumor_like	medium	1	1	123	27	1	0	26	0	54	10.8	1	27
ATCAATCTATGGTAGG-1	1	11	195	39126	19395	tumor_like	medium	1	1	3	0	0	0	0	0	0	0	0	0
ATCACCAGTATCGTAT-1	1	99	129	32646	34699	tumor_like	medium	1	1	63	36	2	0	6	0	44	8.8	1	36
ATCACGAGATGAACAT-1	1	72	140	33708	30012	tumor_like	medium	1	1	163	3	0	0	3	0	6	1.2	1	3
ATCACGAGCGATTACC-1	1	63	29	22577	28547	tumor_like	medium	1	1	0	0	0	0	0	0	0	0	0	0
ATCACGCAATACCTCC-1	1	39	157	35362	24279	tumor_like	medium	1	1	17	1	0	0	4	0	5	1	1	1
ATCACGTGGCACAACC-1	1	107	71	26849	36135	tumor_like	medium	1	1	233	12	3	0	36	0	51	10.2	1	12
ATCAGAATGCTGAGAA-1	1	30	114	31042	22757	tumor_like	medium	1	1	0	0	0	0	1	0	1	0.2	0	0
ATCAGAATTACTATTC-1	1	88	82	27922	32834	tumor_like	medium	1	1	67	5	0	0	5	0	10	2	1	5
ATCAGAATTGGAACCT-1	1	12	162	35823	19597	tumor_like	medium	1	1	18	0	0	0	4	0	4	0.8	0	0
ATCAGACAACCGCTTC-1	1	111	71	26855	36828	tumor_like	medium	1	1	192	19	1	0	25	0	45	9	1	19
ATCAGAGGACAATGAG-1	1	59	23	21970	27859	tumor_like	medium	1	1	2	0	0	0	0	0	0	0	0	0
ATCAGATCAAGAGTAG-1	1	82	132	32921	31752	tumor_like	medium	1	1	21	2	0	0	3	0	5	1	1	2
ATCAGATTCCACATCA-1	1	88	6	20311	32899	tumor_like	medium	1	1	31	4	1	0	8	0	13	2.6	1	4
ATCAGATTGTCATAGA-1	1	82	84	28114	31793	tumor_like	medium	1	1	28	1	0	0	6	0	7	1.4	1	1
ATCAGGCTCAGGCCGC-1	1	67	17	21381	29250	tumor_like	medium	1	1	2	0	0	0	0	0	0	0	0	0
ATCAGTACTCTGATCT-1	1	73	95	29202	30223	tumor_like	medium	1	1	17	0	0	0	4	0	4	0.8	0	0
ATCATTACAGGCTCCG-1	1	98	134	33145	34523	tumor_like	medium	1	1	40	0	0	0	10	0	10	2	0	0
ATCATTACGAACCGAG-1	1	25	217	41351	21802	tumor_like	medium	1	1	0	1	0	0	1	0	2	0.4	0	0
ATCATTACGAGCACTC-1	1	69	187	38411	29451	tumor_like	medium	1	1	49	3	0	0	6	0	9	1.8	1	3
ATCATTACGCAGGTCA-1	1	55	53	24969	27140	tumor_like	medium	1	1	8	0	0	0	0	0	0	0	0	0
ATCATTCACCTATCAG-1	1	82	126	32320	31757	tumor_like	medium	1	1	63	5	0	0	7	0	12	2.4	1	5
ATCATTCATGCATAAT-1	1	56	118	31481	27259	tumor_like	medium	1	1	16	0	0	0	0	0	0	0	0	0
ATCATTCCACATCCTG-1	1	26	74	27030	22098	tumor_like	medium	1	1	0	0	1	0	0	0	1	0.2	0	0
ATCATTCCACCGTTCT-1	1	102	134	33151	35216	tumor_like	medium	1	1	31	2	0	0	4	0	6	1.2	1	2
ATCATTCGCTGGCGGA-1	1	118	18	21557	38087	tumor_like	medium	1	1	27	2	0	0	6	0	8	1.6	1	2
ATCATTCGTCGGTGCG-1	1	115	11	20851	37572	tumor_like	medium	1	1	34	8	1	0	3	0	12	2.4	1	8
ATCATTGGCGTATTGC-1	1	73	205	40220	30129	tumor_like	medium	1	1	8	2	0	0	1	0	3	0.6	1	2
ATCATTGTACGTCCGC-1	1	76	118	31510	30724	tumor_like	medium	1	1	12	0	0	0	0	0	0	0	0	0
ATCCAACGTACCGGCC-1	1	1	127	32301	17720	tumor_like	medium	1	1	5	0	0	1	2	0	3	0.6	0	0
ATCCACAACCGGTATC-1	1	63	213	41006	28390	tumor_like	medium	1	1	27	10	1	1	6	0	18	3.6	1	10
ATCCACATAGGTTACA-1	1	77	197	39424	30829	tumor_like	medium	1	1	14	0	0	0	1	0	1	0.2	0	0
ATCCACCGAATAAGCA-1	1	41	161	35765	24622	tumor_like	medium	1	1	22	2	0	0	10	0	12	2.4	1	2
ATCCACCGAGCGTGAA-1	1	29	195	39153	22514	tumor_like	medium	1	1	19	6	0	0	3	0	9	1.8	1	6
ATCCACCTCAGCATCT-1	1	68	220	41714	29251	tumor_like	medium	1	1	13	5	0	0	1	0	6	1.2	1	5
ATCCACGAGGTGCTGT-1	1	45	187	38375	25293	tumor_like	medium	1	1	6	17	1	0	3	0	21	4.2	1	6
ATCCACGCTAGTACTG-1	1	106	162	35961	35885	tumor_like	medium	1	1	11	0	0	0	3	0	3	0.6	0	0
ATCCACTCCGCCGTAG-1	1	56	182	37891	27204	tumor_like	medium	1	1	8	1	0	0	3	0	4	0.8	1	1
ATCCACTCTATCACGC-1	1	94	198	39549	33775	tumor_like	medium	1	1	28	2	0	0	2	0	4	0.8	1	2
ATCCGAACTCCTTGGT-1	1	94	74	27130	33881	tumor_like	medium	1	1	93	5	0	0	35	0	40	8	1	5
ATCCGAACTTGGTTGC-1	1	91	169	36640	33279	tumor_like	medium	1	1	24	0	0	0	3	0	3	0.6	0	0
ATCCGAAGGTTAGTGA-1	1	85	165	36231	32243	tumor_like	medium	1	1	5	1	0	0	3	0	4	0.8	1	1
ATCCGATTCTGGTCCA-1	1	62	154	35095	28268	tumor_like	medium	1	1	9	0	0	0	1	0	1	0.2	0	0
ATCCGCAGAACCAACC-1	1	85	161	35830	32246	tumor_like	medium	1	1	36	1	1	0	7	0	9	1.8	1	1
ATCCGGATGTGAAGGC-1	1	101	83	28042	35085	tumor_like	medium	1	1	195	34	4	0	22	0	60	12	1	34
ATCCGGCCTCAATGCG-1	1	4	110	30603	18256	tumor_like	medium	1	1	9	1	0	0	2	0	3	0.6	1	1
ATCCGGCCTGGTATAG-1	1	21	109	30528	21201	tumor_like	medium	1	1	20	4	1	0	0	0	5	1	1	4
ATCCGGCGAGGAATTC-1	1	61	199	39601	28055	tumor_like	medium	1	1	65	2	0	0	5	0	7	1.4	1	2
ATCCGGCGGTCTGGCT-1	1	99	21	21829	34791	tumor_like	medium	1	1	55	14	0	0	7	1	22	4.4	1	14
ATCCGGCGTCGCTGAT-1	1	59	37	23373	27847	tumor_like	medium	1	1	0	0	0	0	0	0	0	0	0	0
ATCCGGCTCCGTCGCA-1	1	10	48	24402	19348	tumor_like	medium	1	1	0	0	0	0	1	0	1	0.2	0	0
ATCCGGTCTACCACCT-1	1	61	213	41003	28043	tumor_like	medium	1	1	21	5	0	0	4	0	9	1.8	1	5
ATCCGGTGCGTCGAGC-1	1	18	150	34630	20647	tumor_like	medium	1	1	6	0	0	0	1	0	1	0.2	0	0
ATCCGTAGAACACCGC-1	1	80	68	26508	31460	tumor_like	medium	1	1	43	2	0	0	5	0	7	1.4	1	2
ATCCGTCACTCAGACA-1	1	91	135	33235	33308	tumor_like	medium	1	1	99	2	2	0	11	0	15	3	1	2
ATCCGTCATTATGTAA-1	1	72	188	38515	29971	tumor_like	medium	1	1	33	0	0	0	8	0	8	1.6	0	0
ATCCGTCTCCGTTATC-1	1	38	56	25245	24193	tumor_like	medium	1	1	1	1	0	0	0	0	1	0.2	1	1
ATCCGTGGACTTGTCG-1	1	113	55	25255	37188	tumor_like	medium	1	1	197	9	1	0	40	0	50	10	1	9
ATCCGTGGTACAAGTC-1	1	21	65	26121	21239	tumor_like	medium	1	1	0	0	0	0	0	0	0	0	0	0
ATCCGTTAAGATAGTA-1	1	71	29	22589	29933	tumor_like	medium	1	1	1	0	0	0	0	0	0	0	0	0
ATCCGTTATGCTCACT-1	1	121	131	32879	38509	tumor_like	medium	1	1	25	7	0	0	3	0	10	2	1	7
ATCCGTTCAACAATCA-1	1	82	172	36928	31718	tumor_like	medium	1	1	6	0	0	0	3	1	4	0.8	0	0
ATCCGTTCACCTGACC-1	1	97	101	29839	34376	tumor_like	medium	1	1	135	6	0	0	25	0	31	6.2	1	6
ATCCGTTCGTGACCTC-1	1	73	99	29603	30220	tumor_like	medium	1	1	38	1	0	0	6	0	7	1.4	1	1
ATCCTACATAGTAAGG-1	1	55	175	37188	27036	tumor_like	medium	1	1	8	7	0	0	2	0	9	1.8	1	7
ATCCTCAACCGACGCC-1	1	87	91	28822	32652	tumor_like	medium	1	1	99	2	1	0	16	0	19	3.8	1	2
ATCCTCCAACTACATT-1	1	64	144	34097	28623	tumor_like	medium	1	1	6	5	0	0	6	0	11	2.2	1	5
ATCCTCTGCCGCCAGA-1	1	83	143	34025	31915	tumor_like	medium	1	1	53	4	0	0	3	1	8	1.6	1	4
ATCCTGGAATCCGAAG-1	1	51	167	36381	26350	tumor_like	medium	1	1	4	12	3	0	4	0	19	3.8	1	4
ATCCTGGAGCTTCAGG-1	1	10	164	36020	19249	tumor_like	medium	1	1	6	0	0	0	3	0	3	0.6	0	0
ATCCTGGCTCAGCACG-1	1	3	155	35108	18043	tumor_like	medium	1	1	28	0	0	0	8	0	8	1.6	0	0
ATCGAACTGGAGGTAC-1	1	48	112	30868	25878	tumor_like	medium	1	1	29	0	0	0	6	0	6	1.2	0	0
ATCGAACTGGCATATC-1	1	84	178	37532	32059	tumor_like	medium	1	1	23	2	0	0	0	0	2	0.4	1	2
ATCGAATAACCTACCG-1	1	55	137	33382	27068	tumor_like	medium	1	1	16	2	0	0	1	0	3	0.6	1	2
ATCGACCGGATCCGGA-1	1	127	131	32888	39549	tumor_like	medium	1	1	14	1	1	0	0	0	2	0.4	1	1
ATCGAGTGGATAGCAG-1	1	35	37	23337	23688	tumor_like	medium	1	1	0	0	0	0	0	0	0	0	0	0
ATCGATGAACTACGAC-1	1	22	82	27825	21398	tumor_like	medium	1	1	1	0	0	0	0	0	0	0	0	0
ATCGATGAAGGTATGA-1	1	67	203	40010	29091	tumor_like	medium	1	1	9	0	0	0	2	0	2	0.4	0	0
ATCGCAACGCGTGCCT-1	1	63	113	30990	28475	tumor_like	medium	1	1	91	0	0	0	3	0	3	0.6	0	0
ATCGCAACTGCCTTCC-1	1	92	78	27528	33531	tumor_like	medium	1	1	125	1	0	0	24	0	25	5	1	1
ATCGCAAGCCATAACG-1	1	41	151	34764	24631	tumor_like	medium	1	1	7	4	0	0	0	0	4	0.8	1	4
ATCGCAATCGACCGAT-1	1	109	141	33863	36422	tumor_like	medium	1	1	12	0	0	0	4	0	4	0.8	0	0
ATCGCAATCGGTTGGA-1	1	42	146	34265	24809	tumor_like	medium	1	1	4	0	0	0	0	0	0	0	0	0
ATCGCACCATAAGCCT-1	1	22	108	30429	21376	tumor_like	medium	1	1	11	3	1	0	3	0	7	1.4	1	3
ATCGCACCGACGTCAG-1	1	41	29	22545	24735	tumor_like	medium	1	1	1	0	0	0	0	0	0	0	0	0
ATCGCACCTATCTACA-1	1	94	104	30135	33855	tumor_like	medium	1	1	116	6	1	0	12	0	19	3.8	1	6
ATCGCAGCAAGTCTGT-1	1	67	127	32398	29156	tumor_like	medium	1	1	24	1	0	0	0	0	1	0.2	1	1
ATCGCAGCCGGAACCG-1	1	81	189	38629	31529	tumor_like	medium	1	1	39	1	0	0	5	0	6	1.2	1	1
ATCGCAGCGTCTAGGC-1	1	78	184	38124	31014	tumor_like	medium	1	1	16	4	1	0	3	0	8	1.6	1	4
ATCGCAGGTTCCGCCA-1	1	53	147	34381	26713	tumor_like	medium	1	1	1	1	0	0	1	0	2	0.4	1	1
ATCGCAGTAACAAGCC-1	1	24	76	27227	21750	tumor_like	medium	1	1	1	0	0	0	0	0	0	0	0	0
ATCGCATGGCATAGTT-1	1	88	204	40142	32730	tumor_like	medium	1	1	3	1	0	0	1	0	2	0.4	1	1
ATCGCATTCCTATCCA-1	1	98	50	24732	34594	tumor_like	medium	1	1	186	86	2	0	25	0	113	22.6	1	86
ATCGCCACGATATGCG-1	1	100	134	33148	34869	tumor_like	medium	1	1	67	1	0	0	8	0	9	1.8	1	1
ATCGCCGATAATCTAG-1	1	82	204	40133	31691	tumor_like	medium	1	1	30	1	0	0	6	0	7	1.4	1	1
ATCGCCGTTGGAATAA-1	1	30	202	39856	22682	tumor_like	medium	1	1	3	0	0	0	1	0	1	0.2	0	0
ATCGCTCGAGTATCGC-1	1	50	66	26264	26264	tumor_like	medium	1	1	0	0	0	0	1	0	1	0.2	0	0
ATCGGCTCATTGGCAG-1	1	92	6	20316	33592	tumor_like	medium	1	1	84	11	0	0	15	0	26	5.2	1	11
ATCGGTACTAAGTTGG-1	1	64	206	40306	28570	tumor_like	medium	1	1	7	0	0	0	3	0	3	0.6	0	0
ATCGGTACTTCGAGCC-1	1	110	132	32963	36604	tumor_like	medium	1	1	14	1	0	0	1	0	2	0.4	1	1
ATCGGTAGCCATCAAC-1	1	2	210	40616	17824	tumor_like	medium	1	1	0	0	0	0	0	0	0	0	0	0
ATCGGTGCGGATACCT-1	1	112	128	32565	36953	tumor_like	medium	1	1	11	0	0	0	0	0	0	0	0	0
ATCGTAACATACCATT-1	1	114	104	30164	37320	tumor_like	medium	1	1	30	6	2	0	2	0	10	2	1	6
ATCGTAACGCTTCTAG-1	1	0	132	32800	17544	tumor_like	medium	1	1	2	1	0	0	0	0	1	0.2	1	1
ATCGTAAGTACAATTG-1	1	5	49	24495	18480	tumor_like	medium	1	1	0	0	0	0	0	0	0	0	0	0
ATCGTAATAGTCACTC-1	1	85	113	31023	32287	tumor_like	medium	1	1	29	1	0	1	3	0	5	1	1	1
ATCGTAATGCCTAATA-1	1	63	193	39003	28407	tumor_like	medium	1	1	12	1	0	0	1	0	2	0.4	1	1
ATCGTACACCATGAAG-1	1	63	89	28587	28495	tumor_like	medium	1	1	35	2	0	0	5	0	7	1.4	1	2
ATCGTACACCGGCTAC-1	1	107	171	36864	36049	tumor_like	medium	1	1	0	0	0	0	0	0	0	0	0	0
ATCGTACAGATTACCT-1	1	104	54	25142	35630	tumor_like	medium	1	1	167	23	2	1	23	0	49	9.8	1	23
ATCGTACCGGAAGGCC-1	1	116	2	19951	37754	tumor_like	medium	1	1	30	9	0	1	2	0	12	2.4	1	9
ATCGTAGCGTCTTAAG-1	1	75	55	25199	30604	tumor_like	medium	1	1	39	1	0	0	11	0	12	2.4	1	1
ATCGTATTACAATAGG-1	1	55	183	37990	27029	tumor_like	medium	1	1	20	4	0	0	1	0	5	1	1	4
ATCGTATTACCGGTTC-1	1	56	206	40295	27184	tumor_like	medium	1	1	14	3	0	0	1	0	4	0.8	1	3
ATCGTATTGTATGCAG-1	1	110	72	26953	36655	tumor_like	medium	1	1	160	23	2	0	28	0	53	10.6	1	23
ATCGTCACCTGACTAT-1	1	71	113	31002	29861	tumor_like	medium	1	1	3	1	0	0	1	0	2	0.4	1	1
ATCGTCACGCTGACCG-1	1	52	128	32476	26557	tumor_like	medium	1	1	16	4	0	1	0	0	5	1	1	4
ATCGTCACGTTAGATT-1	1	58	112	30883	27610	tumor_like	medium	1	1	49	0	1	1	3	0	5	1	0	0
ATCGTCAGCTGGAGAC-1	1	82	140	33723	31745	tumor_like	medium	1	1	63	8	2	0	5	0	15	3	1	8
ATCGTCAGGCAACTAA-1	1	70	198	39514	29616	tumor_like	medium	1	1	12	0	0	0	1	0	1	0.2	0	0
ATCGTCAGTGCATATC-1	1	11	205	40128	19386	tumor_like	medium	1	1	3	1	0	0	0	0	1	0.2	1	1
ATCGTCGACCAATCAT-1	1	86	84	28120	32486	tumor_like	medium	1	1	51	3	0	0	10	0	13	2.6	1	3
ATCGTCGATATCATGG-1	1	107	127	32457	36087	tumor_like	medium	1	1	14	0	0	0	3	0	3	0.6	0	0
ATCGTCGATTCACCAG-1	1	103	45	24239	35464	tumor_like	medium	1	1	169	48	0	0	21	0	69	13.8	1	48
ATCGTCGGAAGCTATC-1	1	121	71	26869	38561	tumor_like	medium	1	1	91	44	7	0	22	0	73	14.6	1	44
ATCGTCGGTCTACTCG-1	1	94	48	24526	33903	tumor_like	medium	1	1	200	26	2	0	21	1	50	10	1	26
ATCGTCTATTCTTACT-1	1	127	65	26277	39605	tumor_like	medium	1	1	40	3	1	0	7	0	11	2.2	1	3
ATCGTCTTCGTGTCTT-1	1	17	159	35530	20465	tumor_like	medium	1	1	12	0	1	0	2	0	3	0.6	0	0
ATCGTCTTGGCCACGC-1	1	19	133	32929	20834	tumor_like	medium	1	1	7	1	0	0	3	0	4	0.8	1	1
ATCGTGCACGGCCGAT-1	1	108	104	30155	36281	tumor_like	medium	1	1	51	9	0	0	5	0	14	2.8	1	9
ATCGTGCCTGAGTTGC-1	1	65	117	31394	28818	tumor_like	medium	1	1	31	1	0	0	1	0	2	0.4	1	1
ATCGTGGCGTTCAGTT-1	1	123	99	29677	38883	tumor_like	medium	1	1	25	2	0	1	5	0	8	1.6	1	2
ATCTACAACTTCTGCA-1	1	102	64	26140	35275	tumor_like	medium	1	1	282	18	1	0	27	0	46	9.2	1	18
ATCTACAGTCGCTGCC-1	1	64	204	40106	28572	tumor_like	medium	1	1	6	0	0	0	8	0	8	1.6	0	0
ATCTACCGCATGACTA-1	1	51	151	34779	26363	tumor_like	medium	1	1	2	5	0	0	2	0	7	1.4	1	2
ATCTACCGTACAGATC-1	1	89	45	24218	33038	tumor_like	medium	1	1	107	10	1	0	12	0	23	4.6	1	10
ATCTACGGAACGCAGC-1	1	102	14	21132	35318	tumor_like	medium	1	1	47	9	0	0	3	0	12	2.4	1	9
ATCTACGGATGGTCTA-1	1	74	186	38318	30320	tumor_like	medium	1	1	24	3	1	0	4	0	8	1.6	1	3
ATCTAGACTACAACGA-1	1	46	174	37075	25478	tumor_like	medium	1	1	23	6	0	0	2	0	8	1.6	1	6
ATCTATACAGCCAGAC-1	1	106	76	27348	35958	tumor_like	medium	1	1	241	7	0	0	21	0	28	5.6	1	7
ATCTATGCTGCGACGC-1	1	5	35	23093	18492	ambiguous_or_low_signal	low	0	0	0	0	0	0	0	0	0	0	0	0
ATCTATGTTGAAGGCT-1	1	74	150	34712	30350	tumor_like	medium	1	1	25	1	1	0	4	0	6	1.2	1	1
ATCTATTAGGTGCGCT-1	1	84	166	36330	32069	tumor_like	medium	1	1	8	2	0	0	3	0	5	1	1	2
ATCTCAACGGATTGCC-1	1	13	211	40732	19728	tumor_like	medium	1	1	0	3	1	0	0	0	4	0.8	0	0
ATCTCACGGAAGATTC-1	1	123	91	28875	38890	tumor_like	medium	1	1	15	5	1	0	1	0	7	1.4	1	5
ATCTCACTACCGCTGG-1	1	21	125	32130	21187	tumor_like	medium	1	1	32	12	0	0	6	0	18	3.6	1	12
ATCTCACTATGAGCTC-1	1	14	42	23807	20046	ambiguous_or_low_signal	low	0	0	0	0	0	0	0	0	0	0	0	0
ATCTCATTACCTTCGC-1	1	83	163	36028	31898	tumor_like	medium	1	1	17	0	0	0	2	0	2	0.4	0	0
ATCTCCGCAAGACGCT-1	1	66	156	35302	28959	tumor_like	medium	1	1	25	2	1	0	4	0	7	1.4	1	2
ATCTCCGCGTACATTC-1	1	118	122	31973	37998	tumor_like	medium	1	1	26	3	1	0	4	0	8	1.6	1	3
ATCTCCTGAGCGGCTG-1	1	99	67	26436	34752	tumor_like	medium	1	1	201	86	8	0	30	0	124	24.8	1	86
ATCTCCTGCCTTGATC-1	1	74	114	31107	30381	tumor_like	medium	1	1	4	0	1	0	2	0	3	0.6	0	0
ATCTCCTTAAGACTGA-1	1	8	222	41826	18853	tumor_like	medium	1	1	2	0	0	0	1	0	1	0.2	0	0
ATCTCGGAATCCGGCA-1	1	82	114	31119	31767	tumor_like	medium	1	1	46	1	0	0	5	0	6	1.2	1	1
ATCTGAACAGCTAGTA-1	1	20	42	23816	21086	ambiguous_or_low_signal	low	0	0	0	0	0	0	0	0	0	0	0	0
ATCTGACCAGGTGAGT-1	1	99	109	30643	34716	tumor_like	medium	1	1	106	9	1	0	11	0	21	4.2	1	9
ATCTGATAATACTAAC-1	1	85	67	26416	32326	tumor_like	medium	1	1	57	2	0	0	13	0	15	3	1	2
ATCTGATAGTGAACCA-1	1	75	87	28404	30576	tumor_like	medium	1	1	32	2	0	0	3	0	5	1	1	2
ATCTGATCCGCCGGTG-1	1	54	42	23866	26977	ambiguous_or_low_signal	low	0	0	1	0	0	0	0	0	0	0	0	0
ATCTGGAACTGTCGCT-1	1	23	123	31933	21536	tumor_like	medium	1	1	11	3	0	0	4	0	7	1.4	1	3
ATCTGGAATGAAGACT-1	1	86	46	24314	32518	tumor_like	medium	1	1	141	9	1	0	18	0	28	5.6	1	9
ATCTGGAGACGGAGGC-1	1	113	107	30463	37144	tumor_like	medium	1	1	26	5	1	0	4	0	10	2	1	5
ATCTGGCTTGCGTCGG-1	1	1	33	22886	17800	ambiguous_or_low_signal	low	0	0	0	0	0	0	0	0	0	0	0	0
ATCTGGTGTACAATCG-1	1	20	74	27021	21059	tumor_like	medium	1	1	1	0	0	0	0	0	0	0	0	0
ATCTTAGAACGCGAAT-1	1	58	164	36091	27566	tumor_like	medium	1	1	11	5	0	0	1	0	6	1.2	1	5
ATCTTAGACACGAAGA-1	1	10	118	31413	19288	tumor_like	medium	1	1	6	0	0	0	4	0	4	0.8	0	0
ATCTTAGATTCTTGAT-1	1	19	125	32127	20841	tumor_like	medium	1	1	28	8	0	0	6	0	14	2.8	1	8
ATCTTAGCGTACTGAC-1	1	94	12	20920	33934	tumor_like	medium	1	1	18	2	1	1	3	0	7	1.4	1	2
ATCTTAGCTCACAACT-1	1	0	186	38209	17498	tumor_like	medium	1	1	18	1	0	0	4	0	5	1	1	1
ATCTTAGGTTGGATAC-1	1	55	103	29977	27097	tumor_like	medium	1	1	30	2	0	0	5	0	7	1.4	1	2
ATCTTAGTGGTTCTCA-1	1	102	74	27142	35267	tumor_like	medium	1	1	132	23	4	0	17	0	44	8.8	1	23
ATCTTATCGCTTGGAT-1	1	49	55	25161	26099	tumor_like	medium	1	1	0	0	0	0	0	0	0	0	0	0
ATCTTATGATCACGAG-1	1	6	32	22794	18669	ambiguous_or_low_signal	low	0	0	0	0	0	0	0	0	0	0	0	0
ATCTTATTGTACTCGA-1	1	92	112	30933	33502	tumor_like	medium	1	1	62	0	0	0	6	0	6	1.2	0	0
ATCTTATTGTGGCCAC-1	1	47	31	22754	25773	tumor_like	medium	1	1	0	0	0	0	0	0	0	0	0	0
ATCTTCCTCAGGAGCA-1	1	87	111	30825	32635	tumor_like	medium	1	1	22	1	0	0	4	0	5	1	1	1
ATCTTCTAGAATCAAT-1	1	102	0	19730	35330	tumor_like	medium	1	1	15	11	3	0	7	0	21	4.2	1	11
ATCTTGATGTCGGCCG-1	1	44	28	22449	25256	tumor_like	medium	1	1	0	0	0	0	0	0	0	0	0	0
ATCTTGCGCTTCCGTA-1	1	25	121	31736	21884	tumor_like	medium	1	1	3	2	0	0	1	0	3	0.6	1	2
ATCTTGTAATTACCAT-1	1	64	80	27687	28677	tumor_like	medium	1	1	1	2	0	0	0	0	2	0.4	1	1
ATCTTGTAGAACTTAG-1	1	72	42	23893	30096	tumor_like	medium	1	1	7	2	0	0	2	0	4	0.8	1	2
ATCTTGTCATCTACGC-1	1	17	199	39536	20431	tumor_like	medium	1	1	0	1	0	0	0	0	1	0.2	0	0
ATCTTGTCGCATCCTC-1	1	78	198	39526	31003	tumor_like	medium	1	1	21	3	0	0	2	0	5	1	1	3
ATGAACCAACGCCGAT-1	1	77	129	32614	30887	tumor_like	medium	1	1	110	7	0	0	13	0	20	4	1	7
ATGACACGGTATACCG-1	1	105	55	25243	35802	tumor_like	medium	1	1	141	8	1	1	22	0	32	6.4	1	8
ATGACACTCAGACTCA-1	1	111	109	30661	36795	tumor_like	medium	1	1	27	5	0	0	16	0	21	4.2	1	5
ATGACAGAACATGATA-1	1	65	107	30392	28827	tumor_like	medium	1	1	93	5	0	0	4	0	9	1.8	1	5
ATGACAGAGTAGTCAT-1	1	116	110	30768	37662	tumor_like	medium	1	1	22	9	0	0	16	0	25	5	1	9
ATGACATCCGGAGCTC-1	1	21	207	40343	21117	tumor_like	medium	1	1	2	2	0	0	0	0	2	0.4	1	2
ATGACATTCGACCAGA-1	1	91	51	24822	33379	tumor_like	medium	1	1	158	19	2	0	14	0	35	7	1	19
ATGACCAGACAACTTA-1	1	16	126	32223	20321	tumor_like	medium	1	1	21	14	0	0	14	0	28	5.6	1	14
ATGACCATCTGGATGG-1	1	93	149	34640	33642	tumor_like	medium	1	1	30	5	0	0	7	0	12	2.4	1	5
ATGACCGGCGCCACGC-1	1	110	80	27755	36648	tumor_like	medium	1	1	115	16	0	0	27	0	43	8.6	1	16
ATGACCGTAGAAGTGC-1	1	19	127	32328	20839	tumor_like	medium	1	1	28	11	0	0	6	0	17	3.4	1	11
ATGACCGTGCGTATCT-1	1	95	55	25229	34069	tumor_like	medium	1	1	214	57	3	0	22	0	82	16.4	1	57
ATGACCGTGCTGTCAG-1	1	44	146	34268	25156	tumor_like	medium	1	1	1	1	0	0	0	1	2	0.4	1	1
ATGACCTCAACACGCA-1	1	86	116	31325	32459	tumor_like	medium	1	1	68	4	0	0	8	0	12	2.4	1	4
ATGACCTCAAGGTCGC-1	1	89	177	37439	32925	tumor_like	medium	1	1	0	0	0	0	0	0	0	0	0	0
ATGACCTCTATGAGAA-1	1	35	55	25140	23673	tumor_like	medium	1	1	1	0	0	0	1	0	1	0.2	0	0
ATGACCTGAAGATGAG-1	1	27	65	26130	22278	tumor_like	medium	1	1	0	0	0	0	0	0	0	0	0	0
ATGACGCCTACATGGC-1	1	2	100	29598	17918	tumor_like	medium	1	1	1	3	0	0	2	0	5	1	1	1
ATGAGCATGGTCATAA-1	1	73	125	32207	30197	tumor_like	medium	1	1	17	1	0	0	2	0	3	0.6	1	1
ATGAGCCAATTGCGTT-1	1	26	118	31437	22061	tumor_like	medium	1	1	2	0	0	0	0	1	1	0.2	0	0
ATGAGCCACTGGTGGA-1	1	20	136	33231	21006	tumor_like	medium	1	1	7	3	0	0	5	2	10	2	1	3
ATGAGCCATACGCTAA-1	1	70	214	41117	29603	tumor_like	medium	1	1	5	1	0	0	1	0	2	0.4	1	1
ATGAGCCATACTGCTT-1	1	55	113	30979	27089	tumor_like	medium	1	1	51	15	0	2	7	0	24	4.8	1	15
ATGAGCGAATTAAGGA-1	1	25	177	37344	21836	tumor_like	medium	1	1	15	2	0	0	3	0	5	1	1	2
ATGAGCGATACCTGCG-1	1	6	212	40822	18515	tumor_like	medium	1	1	1	0	0	0	0	0	0	0	0	0
ATGAGCGGCCGATGTC-1	1	118	82	27967	38032	tumor_like	medium	1	1	156	9	1	0	7	0	17	3.4	1	9
ATGAGCGTATGTAACA-1	1	23	195	39144	21474	tumor_like	medium	1	1	52	0	0	0	9	0	9	1.8	0	0
ATGAGCGTGACTTATT-1	1	123	111	30879	38873	tumor_like	medium	1	1	30	10	1	0	4	0	15	3	1	10
ATGAGCTAGGCGCCTA-1	1	5	29	22492	18497	ambiguous_or_low_signal	low	0	0	0	0	0	0	0	0	0	0	0	0
ATGAGCTCTAGCCAAG-1	1	91	43	24021	33386	tumor_like	medium	1	1	112	10	0	1	16	0	27	5.4	1	10
ATGAGTAACCTGCCGT-1	1	14	116	31219	19983	tumor_like	medium	1	1	6	7	0	0	3	0	10	2	1	6
ATGAGTAGATAGCCAT-1	1	103	153	35056	35372	tumor_like	medium	1	1	15	1	0	0	5	0	6	1.2	1	1
ATGAGTATAACCACTT-1	1	7	221	41725	18680	tumor_like	medium	1	1	1	0	0	0	0	1	1	0.2	0	0
ATGAGTCAATTCGGAG-1	1	2	156	35207	17870	tumor_like	medium	1	1	19	1	0	0	2	0	3	0.6	1	1
ATGAGTCAGTCTCACT-1	1	5	27	22291	18499	tumor_like	medium	1	1	0	0	0	0	1	0	1	0.2	0	0
ATGAGTCATTGCGTGA-1	1	7	173	36917	18721	tumor_like	medium	1	1	0	0	0	0	2	0	2	0.4	0	0
ATGAGTCCAACCTTGG-1	1	2	130	32603	17892	tumor_like	medium	1	1	2	1	0	0	1	0	2	0.4	1	1
ATGAGTCTGTTGAACC-1	1	67	41	23785	29229	tumor_like	medium	1	1	1	0	0	0	0	0	0	0	0	0
ATGAGTCTTCCAAGTT-1	1	127	75	27279	39597	tumor_like	medium	1	1	50	6	1	1	20	0	28	5.6	1	6
ATGAGTGGCCATTAGC-1	1	82	162	35926	31726	tumor_like	medium	1	1	37	2	0	0	7	0	9	1.8	1	2
ATGAGTTCGACAGGCG-1	1	41	173	36967	24612	tumor_like	medium	1	1	43	3	1	0	6	0	10	2	1	3
ATGAGTTGAGACAGGA-1	1	108	102	29955	36283	tumor_like	medium	1	1	118	10	0	0	11	0	21	4.2	1	10
ATGAGTTGATGGTAAC-1	1	60	204	40100	27879	tumor_like	medium	1	1	12	0	0	0	3	0	3	0.6	0	0
ATGAGTTGCATAACGC-1	1	127	111	30884	39566	tumor_like	medium	1	1	51	11	1	0	7	0	19	3.8	1	11
ATGAGTTGTAGGCGAA-1	1	55	161	35786	27048	tumor_like	medium	1	1	6	6	0	0	1	0	7	1.4	1	6
ATGATATTGAGTAACA-1	1	67	187	38408	29105	tumor_like	medium	1	1	21	0	0	0	4	0	4	0.8	0	0
ATGATTAGCCAATATG-1	1	41	181	37769	24605	tumor_like	medium	1	1	19	10	1	0	0	0	11	2.2	1	10
ATGATTAGTACAAGCC-1	1	104	154	35157	35545	tumor_like	medium	1	1	10	1	0	0	0	0	1	0.2	1	1
ATGATTCATTGGTTCC-1	1	113	101	29862	37149	tumor_like	medium	1	1	14	3	0	0	6	0	9	1.8	1	3
ATGCAACTAGATGTCC-1	1	29	167	36349	22538	tumor_like	medium	1	1	19	0	0	0	4	0	4	0.8	0	0
ATGCAATCACGAGCTG-1	1	80	108	30515	31426	tumor_like	medium	1	1	37	4	0	0	5	0	9	1.8	1	4
ATGCAATTATAGGATA-1	1	70	222	41918	29596	tumor_like	medium	1	1	17	16	3	0	6	0	25	5	1	16
ATGCATCAGATTCCTC-1	1	100	194	39158	34818	tumor_like	medium	1	1	3	0	0	0	0	0	0	0	0	0
ATGCATCAGGAGCTGA-1	1	74	86	28302	30405	tumor_like	medium	1	1	22	1	0	0	2	0	3	0.6	1	1
ATGCATGACTAGGTTA-1	1	106	78	27548	35956	tumor_like	medium	1	1	152	2	1	0	15	0	18	3.6	1	2
ATGCATGTGCGATAGC-1	1	82	198	39532	31696	tumor_like	medium	1	1	14	1	0	0	3	0	4	0.8	1	1
ATGCATTAACTCATGG-1	1	102	106	30347	35240	tumor_like	medium	1	1	166	7	4	0	14	0	25	5	1	7
ATGCATTACTTCTACG-1	1	54	162	35885	26875	tumor_like	medium	1	1	6	3	0	0	2	0	5	1	1	3
ATGCATTAGCGTATCT-1	1	20	118	31428	21021	tumor_like	medium	1	1	3	0	1	0	0	0	1	0.2	0	0
ATGCCAAGGATTGATC-1	1	101	19	21632	35139	tumor_like	medium	1	1	3	0	0	0	0	0	0	0	0	0
ATGCCAAGTGATAGAA-1	1	92	144	34138	33474	tumor_like	medium	1	1	93	11	1	1	15	1	29	5.8	1	11
ATGCCAGGTGTACGCA-1	1	63	21	21776	28553	tumor_like	medium	1	1	0	0	0	0	0	0	0	0	0	0
ATGCCAGTCTTGCCTT-1	1	0	162	35805	17518	tumor_like	medium	1	1	14	1	0	0	1	0	2	0.4	1	1
ATGCCTCGCCGATGTA-1	1	11	123	31915	19456	tumor_like	medium	1	1	10	5	0	1	3	0	9	1.8	1	5
ATGCCTCGGCTATTAC-1	1	108	126	32359	36262	tumor_like	medium	1	1	34	1	0	0	1	0	2	0.4	1	1
ATGCCTGTCAACATTA-1	1	122	124	32179	38690	tumor_like	medium	1	1	66	2	0	0	9	0	11	2.2	1	2
ATGCGAACAATCTGGC-1	1	98	68	26535	34579	tumor_like	medium	1	1	227	85	4	0	35	1	125	25	1	85
ATGCGATACGATAGCT-1	1	5	147	34310	18396	tumor_like	medium	1	1	3	0	0	0	2	0	2	0.4	0	0
ATGCGATGCGCACTAC-1	1	57	161	35789	27394	tumor_like	medium	1	1	6	6	0	0	2	0	8	1.6	1	6
ATGCGATGTTCCGTGG-1	1	2	82	27796	17933	tumor_like	medium	1	1	0	0	0	0	0	0	0	0	0	0
ATGCGGATAATGGCAC-1	1	119	99	29671	38190	tumor_like	medium	1	1	177	13	0	0	17	0	30	6	1	13
ATGCGTATTGCGCCTG-1	1	14	152	34824	19952	tumor_like	medium	1	1	3	1	0	0	0	0	1	0.2	1	1
ATGCTCAACTCATAGC-1	1	111	121	31862	36785	tumor_like	medium	1	1	46	4	0	0	3	0	7	1.4	1	4
ATGCTCATACCACGAT-1	1	93	61	25826	33717	tumor_like	medium	1	1	123	10	3	0	28	0	41	8.2	1	10
ATGCTCCAGGCCAGGT-1	1	51	59	25564	26442	tumor_like	medium	1	1	3	0	0	0	0	0	0	0	0	0
ATGCTCCTCGTTAGAA-1	1	48	178	37478	25821	tumor_like	medium	1	1	7	15	0	0	0	1	16	3.2	1	7
ATGCTCGCCATTGCTG-1	1	10	142	33817	19268	tumor_like	medium	1	1	22	6	0	0	2	0	8	1.6	1	6
ATGCTGACATAGGTGC-1	1	4	194	39016	18184	tumor_like	medium	1	1	1	1	0	0	1	0	2	0.4	1	1
ATGCTGACCTCGTGTC-1	1	38	132	32856	24128	tumor_like	medium	1	1	5	0	0	0	2	0	2	0.4	0	0
ATGCTGCGCACCAGTC-1	1	114	54	25156	37363	tumor_like	medium	1	1	150	17	0	0	19	0	36	7.2	1	17
ATGCTGCGCTTATCAC-1	1	99	57	25435	34760	tumor_like	medium	1	1	198	51	5	0	22	0	78	15.6	1	51
ATGCTGCGGACGTGAA-1	1	5	111	30704	18427	tumor_like	medium	1	1	7	2	0	0	0	0	2	0.4	1	2
ATGCTGGCGGAGGCTC-1	1	21	57	25320	21245	tumor_like	medium	1	1	0	0	0	1	0	0	1	0.2	0	0
ATGCTGTATCCACTGC-1	1	35	195	39162	23553	tumor_like	medium	1	1	1	2	0	0	0	0	2	0.4	1	1
ATGCTTACGGCAGCAT-1	1	79	207	40429	31167	tumor_like	medium	1	1	25	1	0	0	1	0	2	0.4	1	1
ATGCTTAGCCGACTAC-1	1	113	41	23853	37200	tumor_like	medium	1	1	219	33	6	0	48	0	87	17.4	1	33
ATGCTTCACTCGCTAA-1	1	90	54	25121	33205	tumor_like	medium	1	1	141	10	0	0	13	0	23	4.6	1	10
ATGCTTCAGGACGAAG-1	1	5	141	33709	18401	tumor_like	medium	1	1	36	3	0	0	6	0	9	1.8	1	3
ATGGAACAGCTCAGGT-1	1	91	7	20415	33417	tumor_like	medium	1	1	79	9	2	0	8	0	19	3.8	1	9
ATGGAACCGTGAACGA-1	1	70	138	33505	29668	tumor_like	medium	1	1	41	2	0	0	3	0	5	1	1	2
ATGGAACCTCCGAGGC-1	1	113	117	31465	37135	tumor_like	medium	1	1	37	4	0	0	11	0	15	3	1	4
ATGGAATATCGCCTAA-1	1	93	7	20418	33764	tumor_like	medium	1	1	89	18	1	1	7	0	27	5.4	1	18
ATGGAGCGAGCCAAGA-1	1	92	82	27928	33527	tumor_like	medium	1	1	374	14	1	0	25	0	40	8	1	14
ATGGAGCGTGAGGTGG-1	1	82	210	40734	31685	tumor_like	medium	1	1	53	0	0	0	3	0	3	0.6	0	0
ATGGAGCGTTCGAATG-1	1	84	132	32924	32098	tumor_like	medium	1	1	39	3	0	0	4	0	7	1.4	1	3
ATGGAGGCAACTTCAA-1	1	68	194	39110	29273	tumor_like	medium	1	1	22	1	1	0	3	0	5	1	1	1
ATGGAGGCGACGAGCG-1	1	91	101	29830	33337	tumor_like	medium	1	1	88	1	0	0	11	0	12	2.4	1	1
ATGGAGGCTTCACGTG-1	1	92	10	20717	33589	tumor_like	medium	1	1	45	1	1	0	11	0	13	2.6	1	1
ATGGAGGTCAAGTCGC-1	1	101	81	27841	35087	tumor_like	medium	1	1	153	29	3	0	27	0	59	11.8	1	29
ATGGAGTAGAGCGGAA-1	1	46	154	35072	25495	tumor_like	medium	1	1	3	3	0	0	2	0	5	1	1	3
ATGGAGTATGCAACCT-1	1	60	218	41502	27867	tumor_like	medium	1	1	74	11	0	0	15	0	26	5.2	1	11
ATGGAGTTGTACCTTA-1	1	10	154	35019	19258	tumor_like	medium	1	1	6	0	0	0	2	0	2	0.4	0	0
ATGGATACCTGAATGC-1	1	111	49	24651	36847	tumor_like	medium	1	1	244	16	1	0	72	0	89	17.8	1	16
ATGGATAGACCATGGC-1	1	87	47	24415	32690	tumor_like	medium	1	1	109	24	0	0	19	0	43	8.6	1	24
ATGGCTCCACGTTACG-1	1	94	6	20319	33939	tumor_like	medium	1	1	60	4	0	0	11	1	16	3.2	1	4
ATGGTAAGACATGCTC-1	1	120	88	28571	38374	tumor_like	medium	1	1	72	4	0	0	8	0	12	2.4	1	4
ATGGTATGCGACCGCC-1	1	111	165	36269	36748	tumor_like	medium	1	1	0	0	0	0	0	0	0	0	0	0
ATGTAATTCCTGCTCC-1	1	64	200	39705	28575	tumor_like	medium	1	1	31	0	0	0	8	0	8	1.6	0	0
ATGTACAGACTAGGTT-1	1	72	16	21288	30118	tumor_like	medium	1	1	0	0	0	0	0	0	0	0	0	0
ATGTACAGGATGGCCT-1	1	101	139	33651	35037	tumor_like	medium	1	1	26	3	1	0	6	0	10	2	1	3
ATGTACAGTTGTAGTG-1	1	28	172	36848	22361	tumor_like	medium	1	1	22	1	0	0	1	0	2	0.4	1	1
ATGTACATCCAATTAA-1	1	99	95	29241	34728	tumor_like	medium	1	1	172	32	4	0	14	0	50	10	1	32
ATGTACATCTCCAGCG-1	1	91	117	31432	33323	tumor_like	medium	1	1	71	6	0	0	6	0	12	2.4	1	6
ATGTACATGTAGAATA-1	1	117	65	26263	37873	tumor_like	medium	1	1	43	7	0	0	6	0	13	2.6	1	7
ATGTACCAAGCTAACA-1	1	51	163	35980	26353	tumor_like	medium	1	1	10	4	0	0	0	0	4	0.8	1	4
ATGTACCAATTGGTGC-1	1	80	94	29112	31438	tumor_like	medium	1	1	71	4	0	0	10	0	14	2.8	1	4
ATGTACCGGCTCGTTC-1	1	120	148	34580	38323	tumor_like	medium	1	1	6	0	0	0	0	0	0	0	0	0
ATGTACCTACCGCCAA-1	1	101	171	36856	35010	tumor_like	medium	1	1	1	0	0	0	0	0	0	0	0	0
ATGTACCTCAAGCCTC-1	1	68	200	39711	29268	tumor_like	medium	1	1	16	1	0	0	2	0	3	0.6	1	1
ATGTACGATCCAGTAG-1	1	97	201	39854	34291	tumor_like	medium	1	1	20	2	0	0	0	0	2	0.4	1	2
ATGTACGATGAGTCTT-1	1	113	155	35271	37103	tumor_like	medium	1	1	1	0	0	0	0	0	0	0	0	0
ATGTACGATTCACGCC-1	1	88	182	37938	32749	tumor_like	medium	1	1	29	1	0	0	5	0	6	1.2	1	1
ATGTACGCATCGTGAC-1	1	95	131	32840	34004	tumor_like	medium	1	1	40	1	0	0	6	0	7	1.4	1	1
ATGTACGCATCTGCGG-1	1	36	130	32653	23783	tumor_like	medium	1	1	7	0	0	0	0	0	0	0	0	0
ATGTACGGAGTATCCA-1	1	107	45	24245	36157	tumor_like	medium	1	1	207	13	0	0	21	0	34	6.8	1	13
ATGTACGGCGGTAATA-1	1	98	20	21727	34620	tumor_like	medium	1	1	2	0	0	0	0	0	0	0	0	0
ATGTACTAGACAGCCG-1	1	105	129	32655	35739	tumor_like	medium	1	1	19	0	0	0	3	0	3	0.6	0	0
ATGTACTCGCCACGTT-1	1	119	9	20657	38267	tumor_like	medium	1	1	28	8	1	0	10	0	19	3.8	1	8
ATGTACTGTCGGCAGA-1	1	8	220	41626	18855	tumor_like	medium	1	1	1	0	0	0	0	0	0	0	0	0
ATGTACTTACTGACGC-1	1	16	152	34827	20299	tumor_like	medium	1	1	6	1	0	0	1	0	2	0.4	1	1
ATGTACTTAGATACAT-1	1	13	47	24306	19868	tumor_like	medium	1	1	0	0	0	0	0	0	0	0	0	0
ATGTACTTGAGTTGTA-1	1	119	85	28269	38202	tumor_like	medium	1	1	65	8	1	0	12	0	21	4.2	1	8
ATGTAGAACAGGTTGC-1	1	93	45	24224	33731	tumor_like	medium	1	1	149	21	0	0	13	0	34	6.8	1	21
ATGTAGAAGCTGGCTA-1	1	121	153	35082	38491	ambiguous_or_low_signal	low	0	0	0	0	0	0	0	0	0	0	0	0
ATGTAGAATATGAGCG-1	1	111	143	34066	36766	tumor_like	medium	1	1	15	1	0	0	4	0	5	1	1	1
ATGTAGACTCTGATTC-1	1	115	99	29665	37497	tumor_like	medium	1	1	60	4	0	0	6	0	10	2	1	4
ATGTAGATCTCCTAGC-1	1	13	117	31317	19808	tumor_like	medium	1	1	2	1	0	0	3	0	4	0.8	1	1
ATGTAGATCTGGAGTC-1	1	15	45	24109	20216	tumor_like	medium	1	1	0	0	0	0	0	0	0	0	0	0
ATGTAGCATTACCGCT-1	1	15	159	35527	20119	tumor_like	medium	1	1	10	0	0	0	1	0	1	0.2	0	0
ATGTAGCCTCTTACCG-1	1	71	99	29600	29873	tumor_like	medium	1	1	22	2	0	0	6	0	8	1.6	1	2
ATGTAGGAACGCAGGC-1	1	79	169	36623	31200	tumor_like	medium	1	1	39	1	0	0	2	0	3	0.6	1	1
ATGTAGTGATGTGCCT-1	1	110	126	32362	36609	tumor_like	medium	1	1	18	0	0	0	4	0	4	0.8	0	0
ATGTAGTGCCGCCAAG-1	1	122	78	27572	38729	tumor_like	medium	1	1	81	23	1	0	10	0	34	6.8	1	23
ATGTAGTGTACGTACT-1	1	73	221	41822	30116	tumor_like	medium	1	1	42	22	1	0	12	0	35	7	1	22
ATGTAGTGTCAAGATT-1	1	127	101	29883	39575	tumor_like	medium	1	1	29	7	0	0	4	0	11	2.2	1	7
ATGTATAGTAGCAACT-1	1	15	165	36128	20114	tumor_like	medium	1	1	5	0	0	0	5	1	6	1.2	0	0
ATGTATCCGAGCAGTT-1	1	120	74	27168	38386	tumor_like	medium	1	1	46	26	2	0	15	0	43	8.6	1	26
ATGTATCCGGTGATTG-1	1	57	115	31182	27434	tumor_like	medium	1	1	34	4	0	0	3	0	7	1.4	1	4
ATGTATCCTCCGTTAA-1	1	108	66	26349	36313	tumor_like	medium	1	1	170	15	2	0	23	0	40	8	1	15
ATGTATCCTTCCGAAG-1	1	35	161	35757	23582	tumor_like	medium	1	1	20	5	0	0	4	0	9	1.8	1	5
ATGTATGGACCATAAG-1	1	21	73	26922	21232	tumor_like	medium	1	1	1	0	0	0	0	0	0	0	0	0
ATGTATGTCCGACACG-1	1	55	55	25169	27138	tumor_like	medium	1	1	2	1	0	0	0	0	1	0.2	1	1
ATGTATGTGGAGTTCC-1	1	84	144	34126	32088	tumor_like	medium	1	1	53	6	0	0	16	0	22	4.4	1	6
ATGTATTCTACCGTGA-1	1	125	123	32083	39209	tumor_like	medium	1	1	5	0	0	0	1	0	1	0.2	0	0
ATGTATTCTGCGCTCC-1	1	59	49	24574	27836	tumor_like	medium	1	1	2	1	0	0	0	0	1	0.2	1	1
ATGTCAACCATAAGCA-1	1	69	139	33603	29492	tumor_like	medium	1	1	19	1	0	0	1	0	2	0.4	1	1
ATGTCACGCTATCTAT-1	1	17	211	40738	20421	tumor_like	medium	1	1	1	0	0	1	0	0	1	0.2	0	0
ATGTCACTGGTTCAAC-1	1	96	114	31139	34193	tumor_like	medium	1	1	44	0	0	0	2	0	2	0.4	0	0
ATGTCATCGCCATTAT-1	1	97	111	30840	34368	tumor_like	medium	1	1	74	1	0	0	5	0	6	1.2	1	1
ATGTCGAGTCACTACA-1	1	31	165	36151	22886	tumor_like	medium	1	1	22	0	0	0	3	0	3	0.6	0	0
ATGTCGAGTTGGCCAC-1	1	105	59	25644	35798	tumor_like	medium	1	1	221	13	0	0	31	0	44	8.8	1	13
ATGTCGCACGTCCGAG-1	1	112	12	20947	37052	tumor_like	medium	1	1	12	25	1	0	3	0	29	5.8	1	12
ATGTCGCAGAGCTGTC-1	1	53	117	31376	26739	tumor_like	medium	1	1	16	3	0	1	4	0	8	1.6	1	3
ATGTCGGCTGTATCTT-1	1	60	44	24075	28015	tumor_like	medium	1	1	0	0	0	0	0	0	0	0	0	0
ATGTCGTAGAATCTGG-1	1	53	159	35583	26703	tumor_like	medium	1	1	6	3	0	0	1	0	4	0.8	1	3
ATGTCGTAGGTAATCA-1	1	27	55	25128	22287	tumor_like	medium	1	1	1	0	0	0	0	0	0	0	0	0
ATGTCTCCTGGACTAG-1	1	34	114	31048	23450	tumor_like	medium	1	1	3	0	0	0	0	0	0	0	0	0
ATGTCTCGTTACAGTG-1	1	81	173	37026	31543	tumor_like	medium	1	1	5	0	1	0	0	0	1	0.2	0	0
ATGTCTGGCCTCTGTT-1	1	33	33	22934	23345	tumor_like	medium	1	1	0	0	0	0	0	0	0	0	0	0
ATGTCTGGTCCTTATC-1	1	85	133	33026	32270	tumor_like	medium	1	1	22	3	0	0	4	0	7	1.4	1	3
ATGTGAAGTCTAACCG-1	1	65	219	41610	28731	tumor_like	medium	1	1	66	4	1	0	10	0	15	3	1	4
ATGTGACACGTTAATT-1	1	49	169	36578	26001	tumor_like	medium	1	1	1	9	0	0	3	0	12	2.4	1	1
ATGTGATACAAGGCAA-1	1	85	191	38835	32220	tumor_like	medium	1	1	26	2	0	0	4	0	6	1.2	1	2
ATGTGATAGTGGTCGG-1	1	96	166	36347	34149	tumor_like	medium	1	1	8	1	0	0	2	0	3	0.6	1	1
ATGTGCAACAGGAAGA-1	1	57	45	24171	27493	tumor_like	medium	1	1	0	0	0	0	0	0	0	0	0	0
ATGTGCAAGGATTAAC-1	1	59	113	30984	27782	tumor_like	medium	1	1	69	2	0	0	6	0	8	1.6	1	2
ATGTGCCGCAAGTCCA-1	1	80	202	39929	31346	tumor_like	medium	1	1	24	1	0	0	2	0	3	0.6	1	1
ATGTGCCGTATCTGAC-1	1	57	157	35388	27398	tumor_like	medium	1	1	2	10	1	0	0	0	11	2.2	1	2
ATGTGCTTGCGTAAGG-1	1	24	50	24623	21772	tumor_like	medium	1	1	0	0	0	0	0	0	0	0	0	0
ATGTGCTTGGTGAGGT-1	1	64	110	30691	28652	tumor_like	medium	1	1	48	4	0	0	10	0	14	2.8	1	4
ATGTGGTCGGCGACCT-1	1	80	54	25106	31472	tumor_like	medium	1	1	17	1	0	0	4	0	5	1	1	1
ATGTTAACAAGGATAC-1	1	95	193	39050	33951	tumor_like	medium	1	1	2	0	0	0	0	0	0	0	0	0
ATGTTAACGCTAACTT-1	1	68	140	33702	29319	tumor_like	medium	1	1	10	3	0	0	3	0	6	1.2	1	3
ATGTTACGCTTAAGTG-1	1	94	138	33540	33826	tumor_like	medium	1	1	42	3	0	0	3	0	6	1.2	1	3
ATGTTACTAATGATGT-1	1	75	147	34413	30525	tumor_like	medium	1	1	14	3	0	0	0	0	3	0.6	1	3
ATGTTACTTCAACGGC-1	1	57	213	40997	27350	tumor_like	medium	1	1	35	5	0	0	5	0	10	2	1	5
ATGTTAGACGGCAGTT-1	1	3	109	30501	18082	tumor_like	medium	1	1	1	2	0	0	3	0	5	1	1	1
ATGTTAGGTCAATGTA-1	1	110	6	20343	36711	tumor_like	medium	1	1	19	2	1	0	2	0	5	1	1	2
ATGTTAGTTGTATGAT-1	1	59	203	39999	27705	tumor_like	medium	1	1	13	0	0	0	3	0	3	0.6	0	0
ATGTTCACTGCAATCC-1	1	37	169	36561	23922	tumor_like	medium	1	1	19	6	0	0	3	0	9	1.8	1	6
ATGTTCAGCATATGCT-1	1	98	94	29139	34557	tumor_like	medium	1	1	133	15	3	0	12	0	30	6	1	15
ATGTTCGAGCTTAATA-1	1	122	12	20962	38785	tumor_like	medium	1	1	19	4	0	0	4	0	8	1.6	1	4
ATGTTCGCAATATTAA-1	1	19	223	41943	20757	tumor_like	medium	1	1	2	0	0	0	0	0	0	0	0	0
ATGTTCGCACCTCACC-1	1	127	113	31085	39564	tumor_like	medium	1	1	30	15	0	1	8	0	24	4.8	1	15
ATGTTCGTCTGTGACC-1	1	75	107	30407	30559	tumor_like	medium	1	1	71	1	0	0	3	0	4	0.8	1	1
ATGTTCTAAGGCTCTT-1	1	54	108	30476	26921	tumor_like	medium	1	1	29	0	1	0	5	0	6	1.2	0	0
ATGTTCTTGCAGTCGT-1	1	80	88	28512	31443	tumor_like	medium	1	1	69	3	0	0	7	0	10	2	1	3
ATGTTCTTGGTACTAT-1	1	19	161	35733	20810	tumor_like	medium	1	1	3	0	0	0	2	0	2	0.4	0	0
ATGTTGAAGACATGGA-1	1	71	103	30001	29870	tumor_like	medium	1	1	174	0	0	0	9	0	9	1.8	0	0
ATGTTGTACATACACT-1	1	107	141	33860	36075	tumor_like	medium	1	1	11	0	0	0	3	0	3	0.6	0	0
ATTAACGGTCCTGAGC-1	1	97	131	32843	34351	tumor_like	medium	1	1	43	6	0	0	10	0	16	3.2	1	6
ATTAAGAACTAGTACA-1	1	30	44	24031	22817	tumor_like	medium	1	1	0	0	0	0	0	0	0	0	0	0
ATTAAGCAGTGAATAC-1	1	9	129	32513	19105	tumor_like	medium	1	1	4	3	0	1	0	0	4	0.8	1	3
ATTAAGTAATAGTCTG-1	1	118	114	31172	38005	tumor_like	medium	1	1	19	2	0	0	2	0	4	0.8	1	2
ATTAATGCATGTAAGC-1	1	121	95	29273	38540	tumor_like	medium	1	1	56	7	0	0	6	0	13	2.6	1	7
ATTACAACTGTCCGTA-1	1	43	157	35368	24972	tumor_like	medium	1	1	10	5	0	0	5	0	10	2	1	5
ATTACAACTTCATATC-1	1	36	30	22638	23868	stroma_fibroblast	medium	0	0	0	0	0	0	0	0	0	0	0	0
ATTACACGCCTAAGTC-1	1	67	139	33600	29146	tumor_like	medium	1	1	27	4	0	0	2	0	6	1.2	1	4
ATTACAGCTACGGTAT-1	1	82	116	31319	31766	tumor_like	medium	1	1	51	2	0	0	5	0	7	1.4	1	2
ATTACCATGGATGATA-1	1	60	92	28883	27974	tumor_like	medium	1	1	12	0	0	0	1	0	1	0.2	0	0
ATTACCGAATGTGAAC-1	1	77	185	38222	30839	tumor_like	medium	1	1	84	4	0	0	3	0	7	1.4	1	4
ATTACCGGCCTGGATA-1	1	67	47	24386	29224	tumor_like	medium	1	1	64	0	0	0	0	0	0	0	0	0
ATTACCGGTACGACGT-1	1	77	205	40225	30822	tumor_like	medium	1	1	18	1	0	0	2	0	3	0.6	1	1
ATTACCTTGCTCACAT-1	1	23	59	25523	21590	ambiguous_or_low_signal	low	0	0	0	0	0	0	0	0	0	0	0	0
ATTACTATTACAGGCG-1	1	89	187	38440	32917	tumor_like	medium	1	1	4	0	0	0	1	0	1	0.2	0	0
ATTACTCAACAGTGCG-1	1	12	44	24004	19698	ambiguous_or_low_signal	low	0	0	0	0	0	0	0	0	0	0	0	0
ATTACTCAAGACATGC-1	1	84	104	30120	32122	tumor_like	medium	1	1	134	0	0	0	2	0	2	0.4	0	0
ATTACTCAATCGCCAT-1	1	110	14	21144	36704	tumor_like	medium	1	1	2	0	0	0	0	0	0	0	0	0
ATTACTCATGGATTGG-1	1	13	107	30316	19817	tumor_like	medium	1	1	12	4	1	0	0	0	5	1	1	4
ATTACTGACTGCTAGT-1	1	16	206	40236	20253	tumor_like	medium	1	1	4	1	0	0	1	0	2	0.4	1	1
ATTACTTAATGTCGGC-1	1	61	141	33792	28105	tumor_like	medium	1	1	23	1	0	0	3	0	4	0.8	1	1
ATTACTTCCGGTGGCG-1	1	87	179	37636	32577	tumor_like	medium	1	1	27	3	0	0	5	0	8	1.6	1	3
ATTACTTCTAGCCGGT-1	1	106	12	20938	36013	tumor_like	medium	1	1	2	2	0	0	1	0	3	0.6	1	2
ATTACTTCTGTTCACT-1	1	23	203	39945	21467	tumor_like	medium	1	1	1	0	0	0	0	0	0	0	0	0
ATTACTTGCCTACAGG-1	1	61	139	33591	28106	tumor_like	medium	1	1	22	5	1	0	1	0	7	1.4	1	5
ATTAGAACCGGCTCTT-1	1	63	205	40205	28397	tumor_like	medium	1	1	9	1	0	0	3	0	4	0.8	1	1
ATTAGAACGGCCGCGG-1	1	24	186	38244	21656	tumor_like	medium	1	1	24	2	0	0	5	0	7	1.4	1	2
ATTAGAACTCAGTATT-1	1	108	78	27551	36303	tumor_like	medium	1	1	134	3	0	0	12	0	15	3	1	3
ATTAGAAGTGAACGAA-1	1	21	181	37739	21140	tumor_like	medium	1	1	30	1	0	0	3	0	4	0.8	1	1
ATTAGACACCAGTCCA-1	1	21	43	23917	21257	tumor_like	medium	1	1	0	0	0	0	0	0	0	0	0	0
ATTAGACGTTGCTTGG-1	1	100	88	28541	34908	tumor_like	medium	1	1	213	9	3	0	28	0	40	8	1	9
ATTAGACTCACGTTGG-1	1	27	147	34343	22208	tumor_like	medium	1	1	39	1	0	0	3	0	4	0.8	1	1
ATTAGAGTCTGGCGCA-1	1	65	209	40608	28740	tumor_like	medium	1	1	4	1	0	0	0	0	1	0.2	1	1
ATTAGATCACCATACG-1	1	106	158	35561	35888	tumor_like	medium	1	1	17	0	0	0	7	0	7	1.4	0	0
ATTAGATCAGGCAACT-1	1	25	199	39548	21817	tumor_like	medium	1	1	13	0	0	0	10	0	10	2	0	0
ATTAGATCGATCTGGT-1	1	56	160	35687	27223	tumor_like	medium	1	1	6	4	1	0	1	0	6	1.2	1	4
ATTAGATCTTAAGACT-1	1	66	78	27489	29026	tumor_like	medium	1	1	5	1	0	0	0	0	1	0.2	1	1
ATTAGATGTCCACCTT-1	1	86	110	30724	32464	tumor_like	medium	1	1	29	0	0	0	5	0	5	1	0	0
ATTAGATTACAGGACC-1	1	13	77	27311	19842	tumor_like	medium	1	1	0	0	1	0	0	0	1	0.2	0	0
ATTAGATTATGGACTG-1	1	64	28	22479	28722	tumor_like	medium	1	1	0	0	0	0	0	0	0	0	0	0
ATTAGCAACACTTGAG-1	1	114	112	30965	37314	tumor_like	medium	1	1	33	3	0	0	8	0	11	2.2	1	3
ATTAGCAGTGCAGCAT-1	1	117	9	20654	37920	tumor_like	medium	1	1	31	6	3	0	6	0	15	3	1	6
ATTAGCCGCATATTAC-1	1	11	113	30914	19465	tumor_like	medium	1	1	7	1	0	0	1	1	3	0.6	1	1
ATTAGCCGCTTGATGG-1	1	116	6	20352	37751	tumor_like	medium	1	1	47	8	0	0	7	1	16	3.2	1	8
ATTAGCTAAGTTGGTT-1	1	81	63	26009	31637	tumor_like	medium	1	1	63	0	1	0	15	0	16	3.2	0	0
ATTAGGTGTCCGCTCA-1	1	55	101	29777	27099	tumor_like	medium	1	1	32	0	0	0	4	0	4	0.8	0	0
ATTAGTCGACGCCTAT-1	1	69	217	41415	29426	tumor_like	medium	1	1	9	3	0	0	1	0	4	0.8	1	3
ATTAGTGCCAGTACGA-1	1	123	129	32681	38858	tumor_like	medium	1	1	88	6	0	0	9	0	15	3	1	6
ATTATCAAGGCGAGTC-1	1	87	45	24215	32691	tumor_like	medium	1	1	82	9	1	0	10	0	20	4	1	9
ATTATCAATTCTGGAT-1	1	41	25	22144	24738	tumor_like	medium	1	1	1	0	0	0	0	0	0	0	0	0
ATTATCACTTACAGTG-1	1	33	41	23735	23338	tumor_like	medium	1	1	0	1	0	0	0	0	1	0.2	0	0
ATTATCCGAATCTAGT-1	1	118	12	20956	38092	tumor_like	medium	1	1	23	2	2	0	6	0	10	2	1	2
ATTATCCGCCTGGCGT-1	1	100	108	30544	34891	tumor_like	medium	1	1	87	11	0	0	5	0	16	3.2	1	11
ATTATCGAAGGCATGA-1	1	57	109	30581	27439	tumor_like	medium	1	1	122	4	0	0	9	0	13	2.6	1	4
ATTATCGTGATAGATG-1	1	62	218	41505	28213	tumor_like	medium	1	1	129	24	1	2	14	0	41	8.2	1	24
ATTATCGTGGACTACA-1	1	74	48	24496	30437	tumor_like	medium	1	1	38	2	0	1	5	0	8	1.6	1	2
ATTATCTACTTGCACC-1	1	92	194	39146	33432	tumor_like	medium	1	1	8	1	0	0	0	0	1	0.2	1	1
ATTATCTATCTGGCCA-1	1	22	122	31831	21364	tumor_like	medium	1	1	9	3	0	0	3	0	6	1.2	1	3
ATTATCTGAACCGGAG-1	1	76	34	23097	30796	tumor_like	medium	1	1	14	2	0	0	1	0	3	0.6	1	2
ATTATCTGGCCTCCAT-1	1	51	41	23761	26457	stroma_fibroblast	medium	0	0	0	1	0	0	0	0	1	0.2	0	0
ATTATCTTATGAGTCG-1	1	40	176	37266	24437	tumor_like	medium	1	1	16	8	0	0	2	0	10	2	1	8
ATTATGATCTTCGAGT-1	1	116	8	20552	37749	tumor_like	medium	1	1	31	9	0	0	8	0	17	3.4	1	9
ATTATGATTCGTGGTT-1	1	102	202	39962	35158	ambiguous_or_low_signal	low	0	0	1	0	0	0	0	0	0	0	0	0
ATTATGCCGTAATCGA-1	1	1	139	33503	17710	tumor_like	medium	1	1	12	2	0	0	4	0	6	1.2	1	2
ATTATGCCTATCGCAG-1	1	76	130	32712	30714	tumor_like	medium	1	1	86	12	0	0	6	0	18	3.6	1	12
ATTATGCGCTATCAGA-1	1	75	79	27603	30583	tumor_like	medium	1	1	15	0	0	0	2	0	2	0.4	0	0
ATTATGTTATGCTCAC-1	1	125	47	24472	39274	tumor_like	medium	1	1	121	9	2	0	16	0	27	5.4	1	9
ATTCAACCAGGCTTAC-1	1	86	198	39538	32389	tumor_like	medium	1	1	6	0	0	0	0	0	0	0	0	0
ATTCAACGAATCAGTG-1	1	40	24	22043	24567	tumor_like	medium	1	1	3	0	0	0	0	0	0	0	0	0
ATTCAAGAGCTCCTGA-1	1	82	96	29316	31783	tumor_like	medium	1	1	70	1	0	0	11	0	12	2.4	1	1
ATTCACATAATGATCG-1	1	65	157	35400	28784	tumor_like	medium	1	1	33	0	0	0	0	0	0	0	0	0
ATTCACCTGTCAGATG-1	1	40	206	40271	24411	tumor_like	medium	1	1	3	2	0	0	0	0	2	0.4	1	2
ATTCACGACATGGTCA-1	1	44	186	38274	25122	tumor_like	medium	1	1	15	12	2	0	2	0	16	3.2	1	12
ATTCACGCGGCTCACT-1	1	114	60	25757	37358	tumor_like	medium	1	1	516	7	0	0	34	0	41	8.2	1	7
ATTCACGCTATTCATA-1	1	19	215	41141	20764	tumor_like	medium	1	1	1	1	0	0	0	0	1	0.2	1	1
ATTCACGTGCATCGTA-1	1	90	2	19913	33249	tumor_like	medium	1	1	11	5	0	0	2	0	7	1.4	1	5
ATTCACGTGGTCCATG-1	1	88	134	33131	32790	tumor_like	medium	1	1	126	2	1	0	10	0	13	2.6	1	2
ATTCACGTTCGATCAT-1	1	104	44	24140	35639	tumor_like	medium	1	1	191	16	2	0	18	0	36	7.2	1	16
ATTCACGTTGAGGATC-1	1	25	145	34139	21863	tumor_like	medium	1	1	23	0	0	0	1	0	1	0.2	0	0
ATTCACGTTGCCATAC-1	1	69	197	39412	29443	tumor_like	medium	1	1	3	2	0	0	1	0	3	0.6	1	2
ATTCACTCATCGAATG-1	1	105	137	33456	35732	tumor_like	medium	1	1	29	3	0	0	6	0	9	1.8	1	3
ATTCACTCCAATCGAA-1	1	89	165	36237	32936	tumor_like	medium	1	1	27	2	0	1	5	0	8	1.6	1	2
ATTCACTCGGTAGCAG-1	1	100	204	40159	34809	tumor_like	medium	1	1	0	0	0	0	0	0	0	0	0	0
ATTCACTCGTATGTTG-1	1	51	173	36982	26345	tumor_like	medium	1	1	8	9	2	0	3	0	14	2.8	1	8
ATTCACTGAATGCGGC-1	1	113	9	20648	37227	tumor_like	medium	1	1	50	4	0	0	2	0	6	1.2	1	4
ATTCACTGAGACTGCT-1	1	65	121	31795	28815	tumor_like	medium	1	1	17	1	0	0	3	0	4	0.8	1	1
ATTCACTGAGCCGATC-1	1	47	121	31768	25696	tumor_like	medium	1	1	7	2	0	0	0	0	2	0.4	1	2
ATTCACTGATCCACAT-1	1	40	184	38068	24430	tumor_like	medium	1	1	0	2	0	1	2	0	5	1	0	0
ATTCACTGGCAATGAC-1	1	42	164	36067	24794	tumor_like	medium	1	1	24	4	0	0	5	0	9	1.8	1	4
ATTCACTGTCGTTCTA-1	1	85	3	20006	32381	tumor_like	medium	1	1	16	1	0	0	2	0	3	0.6	1	1
ATTCACTGTTAGACTC-1	1	69	205	40214	29436	tumor_like	medium	1	1	7	0	0	0	1	0	1	0.2	0	0
ATTCACTGTTGCTTAG-1	1	24	56	25224	21767	tumor_like	medium	1	1	1	0	0	0	1	0	1	0.2	0	0
ATTCAGATGTGATAGA-1	1	109	165	36266	36401	tumor_like	medium	1	1	1	0	0	0	2	0	2	0.4	0	0
ATTCAGCCAACTATAG-1	1	27	111	30737	22239	tumor_like	medium	1	1	1	0	0	0	0	0	0	0	0	0
ATTCAGCCGTAACACG-1	1	18	84	28019	20704	tumor_like	medium	1	1	0	0	0	0	0	0	0	0	0	0
ATTCAGCGCAGCCGCA-1	1	110	10	20744	36708	tumor_like	medium	1	1	7	3	1	0	1	0	5	1	1	3
ATTCAGCTCATCGCAC-1	1	107	73	27049	36133	tumor_like	medium	1	1	199	9	0	0	28	0	37	7.4	1	9
ATTCAGCTGACTGAGT-1	1	22	80	27625	21400	tumor_like	medium	1	1	0	0	0	0	0	0	0	0	0	0
ATTCAGCTGTAGGTCC-1	1	57	193	38994	27367	tumor_like	medium	1	1	1	0	0	0	1	0	1	0.2	0	0
ATTCAGGCACCGAGCC-1	1	54	78	27472	26946	tumor_like	medium	1	1	5	0	1	0	1	0	2	0.4	0	0
ATTCAGGCGAATTAGG-1	1	39	33	22942	24385	tumor_like	medium	1	1	1	0	0	0	0	0	0	0	0	0
ATTCAGTGAACATCGG-1	1	71	85	28198	29885	tumor_like	medium	1	1	33	0	0	0	0	0	0	0	0	0
ATTCAGTGACTCAGAC-1	1	76	208	40524	30647	tumor_like	medium	1	1	25	0	0	0	1	0	1	0.2	0	0
ATTCCAATGAGGTTCG-1	1	17	59	25514	20551	tumor_like	medium	1	1	0	0	0	0	0	0	0	0	0	0
ATTCCAGAGCCGTGGA-1	1	94	42	23925	33908	tumor_like	medium	1	1	63	6	0	0	12	0	18	3.6	1	6
ATTCCAGTGGAATAAG-1	1	14	62	25810	20029	tumor_like	medium	1	1	0	0	0	0	0	0	0	0	0	0
ATTCCATTGTAATGTA-1	1	20	62	25819	21069	tumor_like	medium	1	1	0	0	0	0	0	0	0	0	0	0
ATTCCGACTGGAAGCC-1	1	15	43	23909	20218	ambiguous_or_low_signal	low	0	0	0	0	0	0	0	0	0	0	0	0
ATTCCGCACGAGCTGG-1	1	28	196	39252	22341	tumor_like	medium	1	1	21	1	0	0	2	0	3	0.6	1	1
ATTCCGCACGCTGGCT-1	1	84	44	24111	32174	tumor_like	medium	1	1	68	8	0	0	9	0	17	3.4	1	8
ATTCCGCAGCGGTGAC-1	1	73	131	32808	30192	tumor_like	medium	1	1	42	9	0	0	2	0	11	2.2	1	9
ATTCCGCATTGGTACG-1	1	85	99	29621	32299	tumor_like	medium	1	1	120	2	0	0	13	0	15	3	1	2
ATTCCGGACGGTATGC-1	1	125	111	30882	39219	tumor_like	medium	1	1	30	7	0	0	5	0	12	2.4	1	7
ATTCCGGTATGATTGT-1	1	70	26	22287	29763	tumor_like	medium	1	1	0	0	0	0	1	0	1	0.2	0	0
ATTCCGGTCTATCCTG-1	1	61	67	26380	28168	tumor_like	medium	1	1	10	1	0	0	3	0	4	0.8	1	1
ATTCCGGTTCGCTGGA-1	1	15	145	34125	20131	tumor_like	medium	1	1	12	1	0	0	1	0	2	0.4	1	1
ATTCCGTCACCTACCA-1	1	21	135	33132	21179	tumor_like	medium	1	1	5	1	0	0	4	0	5	1	1	1
ATTCCGTCCGGTGCTT-1	1	111	115	31262	36790	tumor_like	medium	1	1	47	2	0	0	8	0	10	2	1	2
ATTCCGTCCTTCGGTA-1	1	29	65	26133	22625	tumor_like	medium	1	1	0	0	0	0	0	0	0	0	0	0
ATTCCTGCACCAGAGC-1	1	124	78	27575	39075	tumor_like	medium	1	1	36	3	0	0	10	0	13	2.6	1	3
ATTCCTGTAGACTCGC-1	1	21	41	23717	21259	ambiguous_or_low_signal	low	0	0	0	0	0	0	0	0	0	0	0	0
ATTCCTTACGCCGGTG-1	1	91	19	21617	33407	tumor_like	medium	1	1	3	0	0	0	0	0	0	0	0	0
ATTCCTTCATGGTTGA-1	1	110	56	25351	36668	tumor_like	medium	1	1	66	9	2	1	9	0	21	4.2	1	9
ATTCGCAACTGGTAAG-1	1	58	60	25675	27655	tumor_like	medium	1	1	10	0	0	0	3	0	3	0.6	0	0
ATTCGTAATTGCATGT-1	1	104	8	20534	35670	tumor_like	medium	1	1	9	3	0	0	0	0	3	0.6	1	3
ATTCGTGCCAGGCAAT-1	1	33	43	23935	23337	tumor_like	medium	1	1	0	0	0	0	0	0	0	0	0	0
ATTCTAATAGATGCTG-1	1	119	91	28870	38197	tumor_like	medium	1	1	35	7	1	0	7	0	15	3	1	7
ATTCTAATAGGTCGGC-1	1	115	43	24056	37545	tumor_like	medium	1	1	117	28	3	0	14	0	45	9	1	28
ATTCTAATGTGAAGAT-1	1	83	53	25010	31992	tumor_like	medium	1	1	48	5	0	0	10	0	15	3	1	5
ATTCTACGGCGAGTCT-1	1	68	88	28494	29364	tumor_like	medium	1	1	20	0	0	0	5	0	5	1	0	0
ATTCTACTCGAACGAA-1	1	68	48	24488	29398	tumor_like	medium	1	1	20	0	0	0	0	0	0	0	0	0
ATTCTGAGTGATGCCA-1	1	76	86	28305	30752	tumor_like	medium	1	1	67	4	0	0	9	0	13	2.6	1	4
ATTCTGGAATCCTGGT-1	1	64	104	30090	28657	tumor_like	medium	1	1	35	0	0	0	8	0	8	1.6	0	0
ATTCTGTTATAACTGA-1	1	96	154	35145	34159	tumor_like	medium	1	1	12	6	0	0	3	0	9	1.8	1	6
ATTCTTAACGAGCAAG-1	1	57	141	33786	27411	tumor_like	medium	1	1	9	1	0	0	0	0	1	0.2	1	1
ATTCTTAACGCATTGA-1	1	88	190	38739	32742	tumor_like	medium	1	1	18	0	0	0	5	0	5	1	0	0
ATTCTTCCGGTCAGCG-1	1	115	123	32069	37477	tumor_like	medium	1	1	32	2	0	0	2	0	4	0.8	1	2
ATTCTTGTAGAAGGAT-1	1	102	96	29345	35248	tumor_like	medium	1	1	109	11	0	0	9	0	20	4	1	11
ATTCTTGTAGGCATCT-1	1	79	87	28410	31269	tumor_like	medium	1	1	52	0	1	0	2	0	3	0.6	0	0
ATTGAACGTTGCACAG-1	1	125	79	27677	39247	tumor_like	medium	1	1	182	9	0	0	17	0	26	5.2	1	9
ATTGAAGACCTCGCAG-1	1	66	142	33899	28971	tumor_like	medium	1	1	17	4	0	1	2	0	7	1.4	1	4
ATTGACCTATAACTAC-1	1	20	172	36836	20975	tumor_like	medium	1	1	16	0	1	0	4	0	5	1	0	0
ATTGACGGAATCGCAC-1	1	69	149	34605	29484	tumor_like	medium	1	1	13	0	0	0	2	0	2	0.4	0	0
ATTGACTTGGATGCGT-1	1	1	11	20683	17819	ambiguous_or_low_signal	low	0	0	1	0	0	0	0	0	0	0	0	0
ATTGATAACAGGATAG-1	1	19	181	37736	20793	tumor_like	medium	1	1	27	3	0	0	2	0	5	1	1	3
ATTGATCAGTTGAAGG-1	1	99	89	28640	34733	tumor_like	medium	1	1	206	11	2	0	26	0	39	7.8	1	11
ATTGATCTCGGCGAGT-1	1	43	61	25753	25054	tumor_like	medium	1	1	0	0	0	0	0	0	0	0	0	0
ATTGATGTGCAAGCGA-1	1	123	77	27473	38902	tumor_like	medium	1	1	47	6	0	0	17	0	23	4.6	1	6
ATTGCACGGCGTACTA-1	1	34	190	38660	23385	tumor_like	medium	1	1	1	3	0	0	2	0	5	1	1	1
ATTGCAGAGTTAGAGT-1	1	88	94	29124	32824	tumor_like	medium	1	1	130	2	0	0	30	0	32	6.4	1	2
ATTGCAGGATGTCTAC-1	1	22	204	40044	21294	tumor_like	medium	1	1	1	1	0	0	0	0	1	0.2	1	1
ATTGCAGTCTGCGGTT-1	1	79	125	32216	31237	tumor_like	medium	1	1	44	2	0	0	2	0	4	0.8	1	2
ATTGCATAGAATCGAT-1	1	55	117	31379	27085	tumor_like	medium	1	1	35	1	0	0	7	0	8	1.6	1	1
ATTGCATGATCGAGCC-1	1	20	220	41644	20934	tumor_like	medium	1	1	0	0	0	0	0	0	0	0	0	0
ATTGCATTCGGTCGAC-1	1	95	173	37047	33968	tumor_like	medium	1	1	0	1	0	0	0	0	1	0.2	0	0
ATTGCCAAGCACGCAA-1	1	73	191	38817	30141	tumor_like	medium	1	1	29	3	0	0	2	0	5	1	1	3
ATTGCCAAGGCGCTCG-1	1	119	97	29470	38192	tumor_like	medium	1	1	131	22	3	0	20	0	45	9	1	22
ATTGCCAATGCCACTG-1	1	12	130	32618	19625	tumor_like	medium	1	1	9	4	0	0	0	0	4	0.8	1	4
ATTGCCAGCAGTATGT-1	1	81	87	28413	31616	tumor_like	medium	1	1	39	6	0	0	8	0	14	2.8	1	6
ATTGCCGACTGCTTAA-1	1	9	53	24901	19170	tumor_like	medium	1	1	0	0	0	0	0	0	0	0	0	0
ATTGCCGATTAGACAG-1	1	37	197	39365	23898	tumor_like	medium	1	1	8	0	0	0	5	0	5	1	0	0
ATTGCCGATTGTCGTG-1	1	30	198	39455	22686	tumor_like	medium	1	1	9	0	0	0	1	1	2	0.4	0	0
ATTGCCGCAGGCTCTA-1	1	60	128	32488	27943	tumor_like	medium	1	1	27	6	0	0	4	0	10	2	1	6
ATTGCCGCGAATGGTA-1	1	81	55	25208	31643	tumor_like	medium	1	1	78	0	0	0	9	0	9	1.8	0	0
ATTGCCGCGGAATCCG-1	1	26	70	26629	22102	tumor_like	medium	1	1	0	0	0	0	0	0	0	0	0	0
ATTGCCGCGTCTTCGA-1	1	58	36	23271	27675	tumor_like	medium	1	1	0	0	0	0	0	0	0	0	0	0
ATTGCCGCTCTTGCTG-1	1	53	49	24566	26797	tumor_like	medium	1	1	1	0	0	0	1	0	1	0.2	0	0
ATTGCCGTAGTGATTA-1	1	35	203	39963	23547	tumor_like	medium	1	1	2	1	0	0	2	0	3	0.6	1	1
ATTGCCGTTAACAGCT-1	1	126	140	33788	39369	tumor_like	medium	1	1	1	0	0	0	0	1	1	0.2	0	0
ATTGCCTGCAACAGTG-1	1	59	115	31185	27780	tumor_like	medium	1	1	21	1	1	0	4	0	6	1.2	1	1
ATTGGAAGTTGAGTGC-1	1	61	207	40402	28048	tumor_like	medium	1	1	19	2	1	0	5	0	8	1.6	1	2
ATTGGCAAGCGGAAGG-1	1	37	175	37162	23917	tumor_like	medium	1	1	19	5	1	0	3	0	9	1.8	1	5
ATTGGCATAGCCGGCG-1	1	89	51	24819	33033	tumor_like	medium	1	1	136	10	1	0	19	0	30	6	1	10
ATTGGCCTTGAGACGC-1	1	59	199	39598	27709	tumor_like	medium	1	1	12	0	0	0	2	0	2	0.4	0	0
ATTGGCTACAGTGAGG-1	1	19	207	40340	20771	tumor_like	medium	1	1	3	1	0	1	0	0	2	0.4	1	1
ATTGGCTACGATAATT-1	1	99	209	40659	34631	ambiguous_or_low_signal	low	0	0	0	0	0	0	0	0	0	0	0	0
ATTGGCTCGTATTGTT-1	1	98	88	28538	34562	tumor_like	medium	1	1	181	5	1	0	33	0	39	7.8	1	5
ATTGGCTTCTCGGTCA-1	1	13	207	40331	19731	tumor_like	medium	1	1	2	0	0	0	2	1	3	0.6	0	0
ATTGTTAACGGCAGGA-1	1	46	32	22853	25599	tumor_like	medium	1	1	0	0	0	0	0	0	0	0	0	0
ATTGTTACTTGATCTG-1	1	101	165	36255	35015	tumor_like	medium	1	1	1	1	0	0	2	0	3	0.6	1	1
ATTGTTATACAAGCCT-1	1	92	74	27127	33534	tumor_like	medium	1	1	94	14	0	0	18	0	32	6.4	1	14
ATTGTTATCAGTCTTC-1	1	81	69	26610	31631	tumor_like	medium	1	1	36	1	0	1	5	0	7	1.4	1	1
ATTGTTCAGAAGCTAA-1	1	118	16	21356	38089	tumor_like	medium	1	1	38	2	1	0	8	0	11	2.2	1	2
ATTGTTCGCAGAGGCA-1	1	91	171	36841	33277	tumor_like	medium	1	1	7	0	0	0	2	0	2	0.4	0	0
ATTGTTCGCTCGCCTA-1	1	101	169	36655	35012	tumor_like	medium	1	1	1	0	0	0	0	0	0	0	0	0
ATTGTTCGTGGTCTGA-1	1	59	161	35792	27741	tumor_like	medium	1	1	6	19	2	0	0	0	21	4.2	1	6
ATTGTTCTGCGTGAGC-1	1	85	211	40838	32203	tumor_like	medium	1	1	20	0	0	0	4	0	4	0.8	0	0
ATTGTTGGCCGGATCC-1	1	15	153	34926	20124	tumor_like	medium	1	1	1	0	0	0	1	0	1	0.2	0	0
ATTGTTGGCTAGTGCT-1	1	117	7	20453	37922	tumor_like	medium	1	1	32	2	1	0	6	0	9	1.8	1	2
CAACAGCTCCTGAGTG-1	1	35	29	22536	23695	tumor_like	medium	1	1	0	0	0	0	0	0	0	0	0	0
CAACAGTTCTTACCGT-1	1	93	87	28431	33695	tumor_like	medium	1	1	78	9	1	0	12	0	22	4.4	1	9
CAACAGTTGCCGAATC-1	1	64	78	27486	28679	tumor_like	medium	1	1	2	1	0	0	1	0	2	0.4	1	1
CAACCATGCCTGGTAG-1	1	79	149	34620	31217	tumor_like	medium	1	1	25	7	1	1	3	0	12	2.4	1	7
CAACCGAACACCAGAT-1	1	65	147	34399	28793	tumor_like	medium	1	1	5	0	0	0	0	0	0	0	0	0
CAACCGATCGCATAGA-1	1	16	110	30621	20335	tumor_like	medium	1	1	7	2	0	0	0	0	2	0.4	1	2
CAACCGGACCTCGGCC-1	1	110	118	31561	36615	tumor_like	medium	1	1	85	7	1	0	9	0	17	3.4	1	7
CAACCGGAGGTGTATT-1	1	117	91	28867	37850	tumor_like	medium	1	1	87	19	1	0	9	0	29	5.8	1	19
CAACCGGCTAACTTCC-1	1	119	127	32475	38166	tumor_like	medium	1	1	21	10	1	0	2	0	13	2.6	1	10
CAACCGTACACTCATC-1	1	10	108	30411	19297	tumor_like	medium	1	1	8	2	0	0	0	0	2	0.4	1	2
CAACCGTTGAGGCTGT-1	1	90	186	38342	33092	tumor_like	medium	1	1	1	0	0	0	0	0	0	0	0	0
CAACCTCAGTAAGGTT-1	1	11	203	39928	19388	tumor_like	medium	1	1	4	0	0	0	3	0	3	0.6	0	0
CAACGCGTTGTCACGT-1	1	103	69	26643	35443	tumor_like	medium	1	1	164	11	1	1	21	0	34	6.8	1	11
CAACGGACTGCTTCGA-1	1	99	137	33447	34692	tumor_like	medium	1	1	84	4	1	0	12	0	17	3.4	1	4
CAACGTAATACGGTTG-1	1	77	139	33615	30879	tumor_like	medium	1	1	58	5	0	0	8	0	13	2.6	1	5
CAACGTCCGAGGTATC-1	1	69	117	31400	29511	tumor_like	medium	1	1	5	0	0	0	0	0	0	0	0	0
CAACGTCTTGTACCTG-1	1	71	223	42019	29767	tumor_like	medium	1	1	81	46	1	1	17	0	65	13	1	46
CAACGTGATGACCGTC-1	1	54	154	35084	26882	tumor_like	medium	1	1	5	4	0	0	1	0	5	1	1	4
CAACTAACAACTTATT-1	1	85	187	38434	32224	tumor_like	medium	1	1	24	20	1	0	6	0	27	5.4	1	20
CAACTCTGAGTGCAGA-1	1	122	44	24167	38758	tumor_like	medium	1	1	98	9	1	0	25	0	35	7	1	9
CAACTGACTGAGAACA-1	1	83	71	26813	31976	tumor_like	medium	1	1	116	3	2	0	24	0	29	5.8	1	3
CAACTGCTGGCTATCC-1	1	64	122	31893	28642	tumor_like	medium	1	1	12	2	0	0	3	0	5	1	1	2
CAACTTACATCCTCAA-1	1	23	185	38143	21483	tumor_like	medium	1	1	23	1	0	0	6	0	7	1.4	1	1
CAACTTGTAGGTTAGG-1	1	88	160	35735	32768	tumor_like	medium	1	1	42	2	0	0	2	0	4	0.8	1	2
CAACTTGTTCCAGAAT-1	1	68	74	27092	29376	tumor_like	medium	1	1	25	0	0	1	2	0	3	0.6	0	0
CAAGACCAGCCAATCA-1	1	69	147	34405	29486	tumor_like	medium	1	1	42	4	0	0	4	0	8	1.6	1	4
CAAGACGATTAGCAGG-1	1	116	108	30568	37664	tumor_like	medium	1	1	73	12	0	0	7	0	19	3.8	1	12
CAAGACGCAGTATGGT-1	1	59	133	32988	27765	tumor_like	medium	1	1	31	7	0	0	2	0	9	1.8	1	7
CAAGATAACACTAGCC-1	1	21	219	41545	21107	tumor_like	medium	1	1	0	1	0	0	0	0	1	0.2	0	0
CAAGATAACGTCGCCT-1	1	117	109	30669	37835	tumor_like	medium	1	1	49	11	1	0	7	0	19	3.8	1	11
CAAGATAATTGCCTAA-1	1	2	102	29799	17916	tumor_like	medium	1	1	2	0	0	0	0	0	0	0	0	0
CAAGATCCAACCTAAT-1	1	118	50	24762	38060	tumor_like	medium	1	1	194	6	0	0	23	0	29	5.8	1	6
CAAGATCGCATCGTCA-1	1	118	10	20755	38094	tumor_like	medium	1	1	29	2	1	0	4	0	7	1.4	1	2
CAAGATGGAATGGACT-1	1	127	117	31485	39561	tumor_like	medium	1	1	51	37	2	0	11	0	50	10	1	37
CAAGATTAACAGCAAC-1	1	73	129	32608	30194	tumor_like	medium	1	1	78	5	0	0	6	0	11	2.2	1	5
CAAGATTAAGCGGCAT-1	1	97	133	33044	34349	tumor_like	medium	1	1	89	1	1	0	4	0	6	1.2	1	1
CAAGATTACTAATATG-1	1	2	124	32002	17897	tumor_like	medium	1	1	0	1	0	0	2	0	3	0.6	0	0
CAAGATTACTGTGCCG-1	1	70	116	31301	29686	tumor_like	medium	1	1	2	0	0	0	3	0	3	0.6	0	0
CAAGCCAGACGCAGAA-1	1	118	104	30170	38014	tumor_like	medium	1	1	76	8	1	0	17	0	26	5.2	1	8
CAAGCCTCTTACAGGA-1	1	92	86	28329	33524	tumor_like	medium	1	1	108	15	0	0	17	0	32	6.4	1	15
CAAGCCTGTCGTTCAC-1	1	84	128	32524	32102	tumor_like	medium	1	1	40	10	0	0	6	0	16	3.2	1	10
CAAGCTTCCATACATT-1	1	16	108	30420	20337	tumor_like	medium	1	1	12	3	0	0	1	0	4	0.8	1	3
CAAGGATTATTCTGAG-1	1	54	130	32680	26902	tumor_like	medium	1	1	14	2	0	0	1	0	3	0.6	1	2
CAAGGCAGAATAGCGG-1	1	95	203	40052	33943	tumor_like	medium	1	1	35	6	0	0	2	0	8	1.6	1	6
CAAGGCCTATCGAGTG-1	1	106	66	26346	35967	tumor_like	medium	1	1	223	13	1	0	27	0	41	8.2	1	13
CAAGGCCTCGCTGGCT-1	1	94	2	19919	33942	tumor_like	medium	1	1	67	71	3	0	4	0	78	15.6	1	67
CAAGGCCTGCCTATAC-1	1	56	212	40896	27179	tumor_like	medium	1	1	44	2	0	0	4	0	6	1.2	1	2
CAAGGCGGTTGCCTAC-1	1	79	191	38826	31181	tumor_like	medium	1	1	28	1	0	0	2	0	3	0.6	1	1
CAAGGCTCGTAAGGCT-1	1	104	170	36760	35531	tumor_like	medium	1	1	0	0	0	0	0	0	0	0	0	0
CAAGGCTCTAGATGTA-1	1	1	47	24289	17788	tumor_like	medium	1	1	0	1	0	0	0	0	1	0.2	0	0
CAAGGTCACTCCAACA-1	1	103	147	34455	35377	tumor_like	medium	1	1	31	3	0	0	4	0	7	1.4	1	3
CAAGGTCATTGTGAGG-1	1	32	40	23633	23167	tumor_like	medium	1	1	0	0	0	0	0	0	0	0	0	0
CAAGGTTGCGCATCCA-1	1	51	51	24763	26449	tumor_like	medium	1	1	1	0	0	0	0	0	0	0	0	0
CAAGTAAGAACCACCT-1	1	72	106	30303	30041	tumor_like	medium	1	1	71	14	2	0	13	0	29	5.8	1	14
CAAGTAAGCTGCACAA-1	1	109	169	36667	36398	tumor_like	medium	1	1	0	0	0	0	0	0	0	0	0	0
CAAGTAAGTGCATCAC-1	1	82	112	30918	31769	tumor_like	medium	1	1	69	1	0	0	9	0	10	2	1	1
CAAGTAGAAGCGTAGG-1	1	69	91	28796	29533	tumor_like	medium	1	1	39	0	0	0	1	0	1	0.2	0	0
CAAGTAGACGAGACAA-1	1	118	4	20154	38099	tumor_like	medium	1	1	53	3	0	0	7	0	10	2	1	3
CAAGTAGCAATAACGG-1	1	49	123	31971	26041	tumor_like	medium	1	1	25	3	0	0	3	0	6	1.2	1	3
CAAGTAGCCACTGGAA-1	1	92	122	31935	33493	tumor_like	medium	1	1	298	25	1	0	23	0	49	9.8	1	25
CAAGTAGCCGTACCTT-1	1	64	34	23079	28717	tumor_like	medium	1	1	0	0	0	0	0	0	0	0	0	0
CAAGTAGCGGAAGTCG-1	1	15	203	39934	20081	tumor_like	medium	1	1	5	4	0	0	0	0	4	0.8	1	4
CAAGTATCATACTCGG-1	1	31	107	30342	22935	tumor_like	medium	1	1	3	0	0	1	0	0	1	0.2	0	0
CAAGTATCGGAGTTAC-1	1	102	50	24738	35287	tumor_like	medium	1	1	178	8	0	0	22	0	30	6	1	8
CAAGTATCGTCCGTAT-1	1	19	205	40140	20773	tumor_like	medium	1	1	1	1	0	0	1	0	2	0.4	1	1
CAAGTCACAACGCTAT-1	1	60	98	29484	27969	tumor_like	medium	1	1	26	1	0	0	6	0	7	1.4	1	1
CAAGTCCATACTCGTA-1	1	78	140	33717	31052	tumor_like	medium	1	1	44	6	2	0	2	0	10	2	1	6
CAAGTCCGTATGATTA-1	1	79	121	31815	31240	tumor_like	medium	1	1	18	0	0	0	6	0	6	1.2	0	0
CAAGTCGGAGGTTGTA-1	1	14	46	24208	20043	tumor_like	medium	1	1	0	0	0	0	0	0	0	0	0	0
CAAGTCTATTGTGCTC-1	1	24	44	24022	21777	tumor_like	medium	1	1	0	0	0	0	0	0	0	0	0	0
CAAGTCTGGCTCAACA-1	1	51	125	32175	26386	tumor_like	medium	1	1	9	5	0	0	2	0	7	1.4	1	5
CAAGTGAATACTGAGC-1	1	118	52	24962	38058	tumor_like	medium	1	1	149	18	0	0	24	0	42	8.4	1	18
CAAGTGAATTATACCA-1	1	94	10	20720	33935	tumor_like	medium	1	1	16	0	0	0	3	0	3	0.6	0	0
CAAGTGACAGATGGAC-1	1	27	185	38149	22176	tumor_like	medium	1	1	42	12	1	0	10	0	23	4.6	1	12
CAAGTGACTGGACGCA-1	1	35	165	36157	23579	tumor_like	medium	1	1	87	3	1	0	4	0	8	1.6	1	3
CAAGTGACTGTCTAAT-1	1	106	4	20137	36020	tumor_like	medium	1	1	20	4	0	0	3	0	7	1.4	1	4
CAAGTGAGCTCGCCAT-1	1	16	118	31422	20328	tumor_like	medium	1	1	2	2	0	0	0	0	2	0.4	1	2
CAAGTGATAAGTATGG-1	1	90	8	20514	33244	tumor_like	medium	1	1	97	26	2	0	18	0	46	9.2	1	26
CAAGTGATGGCCTCTT-1	1	87	75	27220	32666	tumor_like	medium	1	1	98	1	1	0	15	0	17	3.4	1	1
CAAGTGCGACATAAGA-1	1	106	84	28149	35951	tumor_like	medium	1	1	210	3	0	1	25	0	29	5.8	1	3
CAAGTGCGCATCTAGC-1	1	96	140	33743	34171	tumor_like	medium	1	1	76	5	2	1	11	0	19	3.8	1	5
CAAGTGCTAATCGCGA-1	1	13	143	33921	19786	tumor_like	medium	1	1	16	0	0	0	0	0	0	0	0	0
CAAGTGCTCGAAGTTC-1	1	47	143	33971	25677	tumor_like	medium	1	1	1	2	0	0	0	0	2	0.4	1	1
CAAGTGGACCTTAACA-1	1	73	33	22993	30276	tumor_like	medium	1	1	0	1	1	0	0	0	2	0.4	0	0
CAAGTGGAGTGCAGCC-1	1	66	216	41311	28908	tumor_like	medium	1	1	33	0	0	0	8	0	8	1.6	0	0
CAAGTGTCAATCAGGT-1	1	5	193	38917	18357	tumor_like	medium	1	1	7	1	0	0	2	0	3	0.6	1	1
CAAGTGTCTGTAGCCG-1	1	96	120	31740	34188	tumor_like	medium	1	1	48	18	2	0	4	0	24	4.8	1	18
CAATAAGACGCTTGAA-1	1	65	15	21178	28905	tumor_like	medium	1	1	1	0	0	0	0	0	0	0	0	0
CAATAAGGTTCTGGTT-1	1	51	143	33977	26370	tumor_like	medium	1	1	6	1	0	0	0	0	1	0.2	1	1
CAATACCATGACGTCT-1	1	56	114	31080	27262	tumor_like	medium	1	1	37	14	0	0	7	0	21	4.2	1	14
CAATACTTAAGTGGAA-1	1	70	88	28497	29710	tumor_like	medium	1	1	21	0	0	0	2	0	2	0.4	0	0
CAATACTTCAGCCGTG-1	1	98	104	30141	34548	tumor_like	medium	1	1	132	17	2	0	15	0	34	6.8	1	17
CAATAGCAACAGCCTA-1	1	23	67	26324	21583	tumor_like	medium	1	1	1	0	0	0	0	0	0	0	0	0
CAATCAGCACCTTAGT-1	1	42	156	35266	24801	tumor_like	medium	1	1	9	1	0	0	0	0	1	0.2	1	1
CAATCATACCAGGACC-1	1	5	159	35512	18386	tumor_like	medium	1	1	6	1	0	0	3	0	4	0.8	1	1
CAATCATATTAAGGAT-1	1	53	55	25167	26792	tumor_like	medium	1	1	2	0	0	0	0	0	0	0	0	0
CAATCCTCGTTCGTTA-1	1	6	50	24596	18653	tumor_like	medium	1	1	0	0	0	0	0	0	0	0	0	0
CAATCGAAGTAGGACA-1	1	78	210	40728	30992	tumor_like	medium	1	1	30	1	0	0	3	0	4	0.8	1	1
CAATCTAGGCAGGAGC-1	1	59	211	40800	27698	tumor_like	medium	1	1	30	2	1	0	9	0	12	2.4	1	2
CAATCTCGGTACTGCG-1	1	70	50	24691	29743	tumor_like	medium	1	1	15	1	1	0	2	0	4	0.8	1	1
CAATCTGCCGCTCAAG-1	1	116	136	33372	37640	tumor_like	medium	1	1	4	1	1	0	1	0	3	0.6	1	1
CAATCTGGAGCGTGCC-1	1	91	95	29229	33342	tumor_like	medium	1	1	248	3	0	0	15	0	18	3.6	1	3
CAATCTTAAGATGCTC-1	1	120	138	33578	38331	tumor_like	medium	1	1	3	0	0	0	1	0	1	0.2	0	0
CAATCTTACGGCAGAA-1	1	91	5	20215	33419	tumor_like	medium	1	1	124	6	0	0	6	0	12	2.4	1	6
CAATCTTATCGATGAC-1	1	97	53	25031	34417	tumor_like	medium	1	1	173	92	6	0	23	0	121	24.2	1	92
CAATCTTATTGCCAAT-1	1	90	178	37540	33099	tumor_like	medium	1	1	5	0	0	0	0	0	0	0	0	0
CAATGACTAGCAATCT-1	1	16	166	36229	20287	tumor_like	medium	1	1	5	0	0	0	1	0	1	0.2	0	0
CAATGCACAATTAGTG-1	1	3	209	40517	17997	tumor_like	medium	1	1	0	0	0	0	1	1	2	0.4	0	0
CAATGCATCACGGACT-1	1	24	52	24823	21770	tumor_like	medium	1	1	0	0	0	1	1	0	2	0.4	0	0
CAATGCATTAATCAAC-1	1	83	129	32622	31927	tumor_like	medium	1	1	67	1	0	0	9	0	10	2	1	1
CAATGCCATATTACAG-1	1	76	188	38521	30665	tumor_like	medium	1	1	40	1	0	0	5	0	6	1.2	1	1
CAATGCCGAATGTAAG-1	1	95	83	28033	34045	tumor_like	medium	1	1	192	6	1	0	27	0	34	6.8	1	6
CAATGCCGTCGAGGTT-1	1	36	178	37461	23742	tumor_like	medium	1	1	37	5	0	0	4	0	9	1.8	1	5
CAATGCCGTGACATTA-1	1	119	133	33076	38161	tumor_like	medium	1	1	31	5	0	0	6	0	11	2.2	1	5
CAATGCCGTTCGTGCA-1	1	95	125	32239	34009	tumor_like	medium	1	1	56	12	0	0	7	0	19	3.8	1	12
CAATGCTACGTGCCAC-1	1	63	129	32593	28461	tumor_like	medium	1	1	31	27	0	0	4	0	31	6.2	1	27
CAATGGACTTACTTGT-1	1	78	62	25905	31119	tumor_like	medium	1	1	46	1	0	1	15	0	17	3.4	1	1
CAATGGATAGTCCAGC-1	1	122	64	26170	38741	tumor_like	medium	1	1	101	17	1	2	18	0	38	7.6	1	17
CAATGGCCGAATCGGT-1	1	57	135	33185	27417	tumor_like	medium	1	1	33	8	1	0	7	0	16	3.2	1	8
CAATGGCCGCTTACGA-1	1	68	124	32099	29333	tumor_like	medium	1	1	40	0	0	0	5	0	5	1	0	0
CAATGGTATGTATCTA-1	1	93	155	35241	33637	tumor_like	medium	1	1	17	6	0	0	6	0	12	2.4	1	6
CAATGGTCCTGGCCGG-1	1	15	117	31320	20155	tumor_like	medium	1	1	5	1	0	0	5	0	6	1.2	1	1
CAATGGTCTAATGTAC-1	1	92	110	30733	33503	tumor_like	medium	1	1	115	2	0	0	6	0	8	1.6	1	2
CAATGGTTGTATGTGA-1	1	16	52	24811	20384	tumor_like	medium	1	1	1	0	0	0	0	0	0	0	0	0
CAATTCGCGTGAGCCA-1	1	53	111	30775	26744	tumor_like	medium	1	1	86	4	0	0	7	0	11	2.2	1	4
CAATTCTATCTGACTA-1	1	24	130	32635	21704	tumor_like	medium	1	1	9	4	0	0	3	0	7	1.4	1	4
CAATTGAAGTTGATTA-1	1	124	146	34386	39017	tumor_like	medium	1	1	0	0	0	0	0	0	0	0	0	0
CAATTGATACTCAACG-1	1	57	131	32784	27420	tumor_like	medium	1	1	26	6	1	0	2	0	9	1.8	1	6
CAATTGCTATGCACGC-1	1	21	213	40944	21112	tumor_like	medium	1	1	7	0	0	0	0	0	0	0	0	0
CAATTGCTTAAGTCAC-1	1	50	136	33275	26204	tumor_like	medium	1	1	4	0	0	0	2	0	2	0.4	0	0
CAATTGCTTATTGCCG-1	1	70	22	21886	29767	tumor_like	medium	1	1	0	0	0	1	0	0	1	0.2	0	0
CAATTGGACAGTAGAC-1	1	125	121	31883	39211	tumor_like	medium	1	1	84	12	0	0	12	0	24	4.8	1	12
CAATTGGAGTCCTTCA-1	1	85	71	26816	32323	tumor_like	medium	1	1	92	12	1	0	11	0	24	4.8	1	12
CAATTGGATAGAGGTG-1	1	120	134	33178	38335	tumor_like	medium	1	1	21	5	0	0	2	0	7	1.4	1	5
CAATTGGTAGGTTCCA-1	1	99	5	20227	34805	tumor_like	medium	1	1	1	0	0	0	0	0	0	0	0	0
CAATTGTATCGACGGA-1	1	50	116	31272	26221	tumor_like	medium	1	1	62	1	1	0	6	0	8	1.6	1	1
CAATTGTTCGCTGGCA-1	1	94	148	34542	33818	tumor_like	medium	1	1	41	3	0	0	8	0	11	2.2	1	3
CACCAGAACGTATTCA-1	1	119	87	28469	38200	tumor_like	medium	1	1	75	4	1	0	7	0	12	2.4	1	4
CACCATCTATAGACAT-1	1	14	222	41835	19893	tumor_like	medium	1	1	1	0	0	0	0	0	0	0	0	0
CACCATGAGGATCAGC-1	1	125	53	25072	39269	tumor_like	medium	1	1	149	10	3	0	29	0	42	8.4	1	10
CACCGACAAGTCCGTA-1	1	10	212	40828	19208	tumor_like	medium	1	1	1	0	0	0	1	0	1	0.2	0	0
CACCGATGAGTATGGC-1	1	80	198	39529	31349	tumor_like	medium	1	1	17	0	0	0	5	0	5	1	0	0
CACCGCTCTTGCCTAA-1	1	25	45	24124	21949	tumor_like	medium	1	1	0	0	0	0	0	0	0	0	0	0
CACCGGCCGGCTAAGC-1	1	127	89	28681	39585	tumor_like	medium	1	1	44	12	1	0	10	0	23	4.6	1	12
CACCGGCGTCGATTAC-1	1	123	115	31279	38870	tumor_like	medium	1	1	40	8	1	0	5	0	14	2.8	1	8
CACCTAATACGCGTCA-1	1	104	76	27345	35612	tumor_like	medium	1	1	173	20	1	0	28	0	49	9.8	1	20
CACCTAATGTTCCTGA-1	1	86	180	37735	32404	tumor_like	medium	1	1	26	3	0	0	4	0	7	1.4	1	3
CACCTAGATACTTAGG-1	1	103	13	21034	35491	tumor_like	medium	1	1	15	0	0	0	5	0	5	1	0	0
CACCTATTCCTTGTGG-1	1	6	100	29604	18611	tumor_like	medium	1	1	1	1	0	0	0	0	1	0.2	1	1
CACCTCACCTAGTTGG-1	1	96	160	35746	34154	tumor_like	medium	1	1	32	6	4	0	6	0	16	3.2	1	6
CACCTCAGCTTGAGTT-1	1	6	146	34211	18571	tumor_like	medium	1	1	7	0	0	0	4	0	4	0.8	0	0
CACCTCCACCAATCGA-1	1	109	145	34263	36418	tumor_like	medium	1	1	4	0	0	0	0	0	0	0	0	0
CACCTCCAGTTGATAA-1	1	106	124	32156	35917	tumor_like	medium	1	1	23	2	0	0	2	0	4	0.8	1	2
CACCTCCATCCAATTG-1	1	80	112	30915	31422	tumor_like	medium	1	1	33	3	0	0	6	0	9	1.8	1	3
CACCTCGAACCTGGAT-1	1	83	101	29818	31951	tumor_like	medium	1	1	59	1	0	0	6	0	7	1.4	1	1
CACCTCGAAGCAGATA-1	1	64	42	23881	28710	tumor_like	medium	1	1	1	0	0	0	1	0	1	0.2	0	0
CACCTCGAATGGTACC-1	1	4	44	23993	18312	tumor_like	medium	1	1	0	1	0	0	0	0	1	0.2	0	0
CACCTCGAGCGTCAAC-1	1	96	196	39352	34123	tumor_like	medium	1	1	7	1	0	0	0	0	1	0.2	1	1
CACCTCGATTATAGTG-1	1	67	71	26790	29204	ambiguous_or_low_signal	low	0	0	12	1	0	0	0	0	1	0.2	1	1
CACCTCGCCTGCACTT-1	1	80	206	40330	31342	tumor_like	medium	1	1	20	1	0	0	1	0	2	0.4	1	1
CACCTCGGCAGTCGAA-1	1	84	196	39334	32044	tumor_like	medium	1	1	21	4	0	0	2	0	6	1.2	1	4
CACCTCGGTCGGCTAT-1	1	37	157	35359	23932	tumor_like	medium	1	1	21	2	0	0	4	0	6	1.2	1	2
CACCTCGTCCGCTCGG-1	1	115	109	30666	37488	tumor_like	medium	1	1	60	6	1	0	7	0	14	2.8	1	6
CACCTTCCGTCCTTGG-1	1	1	15	21084	17816	tumor_like	medium	1	1	1	0	0	0	0	0	0	0	0	0
CACCTTCCTCATCCGT-1	1	97	141	33845	34342	tumor_like	medium	1	1	49	3	0	0	5	0	8	1.6	1	3
CACCTTCGGTCTGTAA-1	1	91	41	23820	33388	tumor_like	medium	1	1	90	12	1	0	21	1	35	7	1	12
CACGAACCGGTGATAC-1	1	117	41	23859	37893	tumor_like	medium	1	1	228	14	1	0	29	1	45	9	1	14
CACGAACCTTGACCGC-1	1	127	47	24474	39621	tumor_like	medium	1	1	276	17	3	0	24	0	44	8.8	1	17
CACGAACGATAGTGGC-1	1	38	162	35861	24102	tumor_like	medium	1	1	46	5	0	0	8	0	13	2.6	1	5
CACGAACGTTGTTATT-1	1	25	201	39748	21816	tumor_like	medium	1	1	52	0	0	0	6	0	6	1.2	0	0
CACGAAGACCGTGAAT-1	1	90	138	33534	33133	tumor_like	medium	1	1	55	2	0	0	7	0	9	1.8	1	2
CACGAATCAATACTTC-1	1	71	69	26595	29899	tumor_like	medium	1	1	76	0	0	0	7	0	7	1.4	0	0
CACGAATGCCAAGAGC-1	1	69	221	41816	29422	tumor_like	medium	1	1	20	6	0	0	3	0	9	1.8	1	6
CACGATAAGATGTCGC-1	1	7	171	36717	18722	tumor_like	medium	1	1	4	0	0	0	1	0	1	0.2	0	0
CACGATAATTATCCGG-1	1	102	154	35154	35199	tumor_like	medium	1	1	22	5	0	0	2	0	7	1.4	1	5
CACGATACCACGTCAT-1	1	94	126	32338	33836	tumor_like	medium	1	1	73	7	0	0	9	0	16	3.2	1	7
CACGATACTCTAACAT-1	1	79	99	29612	31259	tumor_like	medium	1	1	43	1	0	0	8	0	9	1.8	1	1
CACGATCTATCTCAAC-1	1	85	145	34228	32260	tumor_like	medium	1	1	56	8	0	0	6	0	14	2.8	1	8
CACGATGAAGGAACGG-1	1	60	64	26078	27998	tumor_like	medium	1	1	44	0	0	0	2	0	2	0.4	0	0
CACGATGAGGTTGTGA-1	1	62	152	34895	28269	tumor_like	medium	1	1	33	1	0	0	5	0	6	1.2	1	1
CACGATGAGTCCTGGC-1	1	55	169	36587	27041	tumor_like	medium	1	1	5	18	1	0	2	0	21	4.2	1	5
CACGATGCGTATCGTA-1	1	77	123	32013	30892	tumor_like	medium	1	1	29	2	0	0	1	0	3	0.6	1	2
CACGATGGTGTCTGAA-1	1	94	200	39750	33773	tumor_like	medium	1	1	33	3	1	1	3	0	8	1.6	1	3
CACGATTAGTCTGACT-1	1	110	112	30960	36621	tumor_like	medium	1	1	49	2	0	0	2	0	4	0.8	1	2
CACGATTGCCTATTGA-1	1	74	64	26099	30424	tumor_like	medium	1	1	88	0	0	0	13	0	13	2.6	0	0
CACGATTGCGGAGTAC-1	1	93	137	33438	33653	tumor_like	medium	1	1	91	2	0	0	6	0	8	1.6	1	2
CACGCCACCGGTATGT-1	1	39	55	25146	24366	tumor_like	medium	1	1	2	2	0	0	0	0	2	0.4	1	2
CACGCCACTTAGTATT-1	1	113	79	27659	37168	tumor_like	medium	1	1	122	18	0	0	20	0	38	7.6	1	18
CACGCCATCACCAATT-1	1	51	101	29771	26406	tumor_like	medium	1	1	55	2	0	0	6	0	8	1.6	1	2
CACGCCATGTTAACCT-1	1	72	134	33107	30018	tumor_like	medium	1	1	23	2	1	0	3	0	6	1.2	1	2
CACGCCATTCTTGTCA-1	1	68	40	23686	29405	tumor_like	medium	1	1	0	0	0	0	0	0	0	0	0	0
CACGCCGGACAGATAC-1	1	57	163	35989	27393	tumor_like	medium	1	1	16	8	0	1	3	0	12	2.4	1	8
CACGCCGTCGGTCCTC-1	1	100	102	29943	34896	tumor_like	medium	1	1	97	5	0	0	15	0	20	4	1	5
CACGCCTAAGGTCACG-1	1	108	48	24547	36329	tumor_like	medium	1	1	190	7	0	0	25	0	32	6.4	1	7
CACGCCTGTACGGCAT-1	1	103	117	31450	35402	tumor_like	medium	1	1	31	0	0	0	8	0	8	1.6	0	0
CACGCCTTAGGCCTGA-1	1	15	151	34725	20126	tumor_like	medium	1	1	2	0	0	0	1	0	1	0.2	0	0
CACGCTATGGTCAAGG-1	1	69	77	27394	29545	tumor_like	medium	1	1	33	0	0	0	2	0	2	0.4	0	0
CACGGCAACCTTGGTA-1	1	25	223	41952	21797	tumor_like	medium	1	1	12	3	0	0	2	0	5	1	1	3
CACGGCAATGCCGTGA-1	1	116	96	29366	37674	tumor_like	medium	1	1	16	1	0	0	4	0	5	1	1	1
CACGGCAGCGCACGAG-1	1	16	60	25613	20377	tumor_like	medium	1	1	0	0	0	0	0	0	0	0	0	0
CACGGCAGTCAACTGG-1	1	97	99	29638	34378	tumor_like	medium	1	1	412	13	0	0	24	0	37	7.4	1	13
CACGGCATACCACTAT-1	1	6	116	31207	18597	tumor_like	medium	1	1	10	3	0	0	3	0	6	1.2	1	3
CACGGCGATATTGGAG-1	1	44	184	38073	25123	tumor_like	medium	1	1	6	6	1	0	1	0	8	1.6	1	6
CACGGCTCAGGTAGTC-1	1	24	132	32836	21702	tumor_like	medium	1	1	41	6	0	0	6	0	12	2.4	1	6
CACGGCTCAGTGAACA-1	1	32	122	31846	23097	tumor_like	medium	1	1	23	0	0	0	6	0	6	1.2	0	0
CACGGCTCATAGGCTA-1	1	49	147	34375	26020	tumor_like	medium	1	1	5	3	1	0	1	0	5	1	1	3
CACGGCTCATGCCAGT-1	1	23	49	24521	21599	tumor_like	medium	1	1	0	0	0	0	0	0	0	0	0	0
CACGGTACGATACAAG-1	1	91	23	22018	33403	tumor_like	medium	1	1	0	0	0	0	0	0	0	0	0	0
CACGGTCCGCTAGCTC-1	1	79	53	25005	31298	tumor_like	medium	1	1	54	1	0	0	12	1	14	2.8	1	1
CACGTAGCGGTTACAT-1	1	17	83	27918	20530	ambiguous_or_low_signal	low	0	0	0	0	0	0	0	1	1	0.2	0	0
CACGTATCGGCGGAGT-1	1	33	191	38758	23210	tumor_like	medium	1	1	3	1	0	1	2	0	4	0.8	1	1
CACGTATGGACGTCTG-1	1	9	49	24501	19173	tumor_like	medium	1	1	0	0	0	0	0	0	0	0	0	0
CACGTCACATAGAACC-1	1	116	18	21554	37740	tumor_like	medium	1	1	43	13	0	0	8	0	21	4.2	1	13
CACGTCCAGCAAGGAT-1	1	65	39	23582	28885	tumor_like	medium	1	1	0	0	0	0	0	0	0	0	0	0
CACGTCCAGGTTCTCC-1	1	110	82	27955	36646	tumor_like	medium	1	1	91	8	1	0	21	0	30	6	1	8
CACGTCGAGTTAGGTG-1	1	58	100	29681	27621	tumor_like	medium	1	1	91	2	0	0	8	0	10	2	1	2
CACGTGACGACTTCCT-1	1	56	198	39493	27191	tumor_like	medium	1	1	8	0	0	0	2	0	2	0.4	0	0
CACGTGCCGTCGTACA-1	1	117	99	29668	37844	tumor_like	medium	1	1	46	7	1	0	5	0	13	2.6	1	7
CACGTGCGTCTTCGAA-1	1	79	91	28811	31266	tumor_like	medium	1	1	87	4	1	1	5	0	11	2.2	1	4
CACGTGGATCCTCAGA-1	1	50	164	36079	26180	tumor_like	medium	1	1	11	6	1	0	3	0	10	2	1	6
CACGTGGCCGCTTCGA-1	1	57	113	30982	27435	tumor_like	medium	1	1	76	10	0	0	6	0	16	3.2	1	10
CACGTGGTACCGTGGC-1	1	93	83	28030	33699	tumor_like	medium	1	1	127	5	0	0	17	0	22	4.4	1	5
CACGTTAGCTCCATTC-1	1	54	94	29074	26933	tumor_like	medium	1	1	16	0	0	0	4	0	4	0.8	0	0
CACGTTCCTCTTGAAC-1	1	109	75	27252	36478	tumor_like	medium	1	1	216	19	0	0	19	0	38	7.6	1	19
CACGTTCTTAGGAAGT-1	1	79	123	32016	31239	tumor_like	medium	1	1	40	1	0	0	5	0	6	1.2	1	1
CACTACAAGCATGTCA-1	1	47	147	34372	25674	tumor_like	medium	1	1	3	7	0	0	1	0	8	1.6	1	3
CACTACCGCAAGAACT-1	1	78	72	26906	31110	tumor_like	medium	1	1	45	2	0	0	3	0	5	1	1	2
CACTACCTCATGCAAC-1	1	63	161	35798	28434	tumor_like	medium	1	1	10	1	0	0	2	0	3	0.6	1	1
CACTACGCATTAGTAT-1	1	51	157	35380	26358	tumor_like	medium	1	1	10	4	0	0	1	0	5	1	1	4
CACTACGTGGACTTCG-1	1	100	144	34150	34861	tumor_like	medium	1	1	61	5	0	0	9	0	14	2.8	1	5
CACTACTGGAACGCGA-1	1	97	199	39654	34293	tumor_like	medium	1	1	33	2	0	0	1	0	3	0.6	1	2
CACTCAACTGTCCATG-1	1	114	88	28562	37334	tumor_like	medium	1	1	67	7	0	0	4	0	11	2.2	1	7
CACTCAAGCGAGCGTG-1	1	0	94	28994	17576	tumor_like	medium	1	1	1	0	0	0	0	0	0	0	0	0
CACTCAAGGTGACGTA-1	1	4	214	41019	18167	tumor_like	medium	1	1	1	0	1	0	0	0	1	0.2	0	0
CACTCAATAGCTGAAT-1	1	40	60	25648	24536	tumor_like	medium	1	1	4	0	1	0	1	0	2	0.4	0	0
CACTCAATCGGAGGAC-1	1	123	103	30077	38880	tumor_like	medium	1	1	17	6	0	0	3	0	9	1.8	1	6
CACTCAATTGGTAACC-1	1	39	195	39168	24247	tumor_like	medium	1	1	6	1	3	0	0	0	4	0.8	1	1
CACTCAGTACCTTCAA-1	1	107	155	35262	36063	tumor_like	medium	1	1	8	0	0	0	3	0	3	0.6	0	0
CACTCAGTCCAGCGGA-1	1	99	135	33247	34694	tumor_like	medium	1	1	73	1	0	0	5	0	6	1.2	1	1
CACTCAGTCTTCGGAA-1	1	77	103	30009	30909	tumor_like	medium	1	1	76	2	0	0	4	0	6	1.2	1	2
CACTCAGTTACCTGAG-1	1	92	216	41349	33413	tumor_like	medium	1	1	18	0	0	0	7	0	7	1.4	0	0
CACTCATCCTCGTAGA-1	1	23	215	41147	21457	tumor_like	medium	1	1	2	0	0	0	2	0	2	0.4	0	0
CACTCATCTTGCGTGG-1	1	26	200	39649	21991	tumor_like	medium	1	1	11	1	0	0	5	0	6	1.2	1	1
CACTCCGAATTATCCG-1	1	4	210	40619	18170	tumor_like	medium	1	1	1	0	0	0	0	0	0	0	0	0
CACTCGAACTTGTTAC-1	1	42	166	36268	24792	tumor_like	medium	1	1	29	9	0	0	2	0	11	2.2	1	9
CACTCGCACTATTAGG-1	1	28	118	31440	22407	tumor_like	medium	1	1	5	0	0	0	0	0	0	0	0	0
CACTCGTAATCGAGTT-1	1	85	171	36832	32237	tumor_like	medium	1	1	4	0	0	0	2	0	2	0.4	0	0
CACTGAATGTGGACGA-1	1	117	63	26062	37874	tumor_like	medium	1	1	150	3	0	0	17	0	20	4	1	3
CACTGACTAAGGTTGA-1	1	104	64	26143	35622	tumor_like	medium	1	1	278	17	3	1	29	0	50	10	1	17
CACTGACTGGCGTACC-1	1	20	130	32630	21011	tumor_like	medium	1	1	15	8	0	0	4	0	12	2.4	1	8
CACTGCAGGTCCAACG-1	1	115	117	31468	37482	tumor_like	medium	1	1	32	4	0	0	6	0	10	2	1	4
CACTGGAAGATGGCCG-1	1	114	66	26358	37353	tumor_like	medium	1	1	136	24	6	0	16	0	46	9.2	1	24
CACTGGAATGAAGTTA-1	1	30	124	32043	22749	tumor_like	medium	1	1	11	1	0	0	2	0	3	0.6	1	1
CACTGGACAGGTGAAC-1	1	70	98	29498	29702	tumor_like	medium	1	1	180	1	0	0	7	0	8	1.6	1	1
CACTGGCCAGTCTTCC-1	1	0	184	38009	17499	tumor_like	medium	1	1	8	1	0	0	4	0	5	1	1	1
CACTGGCCGCATAGAC-1	1	55	159	35586	27050	tumor_like	medium	1	1	5	5	0	0	3	0	8	1.6	1	5
CACTGGCGAGTAACTC-1	1	14	196	39231	19915	tumor_like	medium	1	1	1	0	0	0	0	0	0	0	0	0
CACTGGCGCCGAACCT-1	1	26	50	24626	22119	tumor_like	medium	1	1	0	0	0	0	0	0	0	0	0	0
CACTGGCTTGCGATTG-1	1	32	182	37855	23046	tumor_like	medium	1	1	19	6	0	0	4	0	10	2	1	6
CACTGGTGATGTCCGC-1	1	123	53	25070	38922	tumor_like	medium	1	1	124	13	1	0	21	0	35	7	1	13
CACTGGTGCTCGAGCA-1	1	53	175	37185	26689	tumor_like	medium	1	1	4	9	1	0	2	0	12	2.4	1	4
CACTGGTGGCTGGCGT-1	1	6	106	30205	18606	tumor_like	medium	1	1	6	2	1	0	1	0	4	0.8	1	2
CACTGTGGATAGATTC-1	1	103	199	39663	35332	tumor_like	medium	1	1	0	0	0	0	0	0	0	0	0	0
CACTTCCGTATCCGGT-1	1	97	83	28036	34392	tumor_like	medium	1	1	143	17	0	0	26	0	43	8.6	1	17
CACTTGAGTTACAATG-1	1	56	126	32282	27252	tumor_like	medium	1	1	39	4	0	0	3	0	7	1.4	1	4
CAGAACATTCACGCAC-1	1	53	109	30575	26746	tumor_like	medium	1	1	50	4	0	0	6	0	10	2	1	4
CAGAACCACGGTACGC-1	1	67	69	26589	29206	tumor_like	medium	1	1	22	1	0	0	4	0	5	1	1	1
CAGAACCGTGAGCGGA-1	1	13	141	33721	19788	tumor_like	medium	1	1	14	0	0	0	1	0	1	0.2	0	0
CAGAACCGTGTAATTA-1	1	57	53	24972	27487	tumor_like	medium	1	1	1	0	0	0	0	0	0	0	0	0
CAGAACGAACTTGGTA-1	1	30	72	26835	22793	tumor_like	medium	1	1	0	0	0	0	0	0	0	0	0	0
CAGAACGCACGGAGTG-1	1	100	128	32547	34874	tumor_like	medium	1	1	73	17	0	0	8	0	25	5	1	17
CAGAACGCTCACTTAT-1	1	115	105	30266	37492	tumor_like	medium	1	1	53	9	0	0	7	0	16	3.2	1	9
CAGAACGCTTACAACC-1	1	77	221	41828	30809	tumor_like	medium	1	1	90	10	1	0	11	0	22	4.4	1	10
CAGAAGGACCGCCTAG-1	1	57	93	28978	27452	tumor_like	medium	1	1	6	3	0	0	0	0	3	0.6	1	3
CAGAAGTACTCAGGAA-1	1	4	158	35410	18215	tumor_like	medium	1	1	26	0	0	0	4	0	4	0.8	0	0
CAGAAGTTCGTGTCTT-1	1	3	99	29500	18091	tumor_like	medium	1	1	0	0	0	0	0	0	0	0	0	0
CAGAATACCGACTCCT-1	1	63	49	24580	28530	tumor_like	medium	1	1	1	0	0	0	0	0	0	0	0	0
CAGAATACGCAGTACG-1	1	81	199	39630	31521	tumor_like	medium	1	1	34	2	0	0	0	0	2	0.4	1	2
CAGACACGGAGCAGCG-1	1	100	166	36353	34842	tumor_like	medium	1	1	13	0	0	0	4	0	4	0.8	0	0
CAGACGAAGAGTCGGA-1	1	117	149	34676	37801	tumor_like	medium	1	1	0	0	0	0	0	0	0	0	0	0
CAGACGAAGCGAGTTG-1	1	90	52	24921	33206	tumor_like	medium	1	1	167	15	0	0	19	0	34	6.8	1	15
CAGACGAAGTCAGCAC-1	1	81	79	27612	31623	tumor_like	medium	1	1	33	1	0	0	3	0	4	0.8	1	1
CAGACGATTCATTAGC-1	1	54	166	36285	26871	tumor_like	medium	1	1	2	9	1	0	3	0	13	2.6	1	2
CAGACGCAGTGGCAGC-1	1	94	60	25728	33893	tumor_like	medium	1	1	155	17	0	1	32	0	50	10	1	17
CAGACGCATGCTCGGT-1	1	54	44	24066	26975	tumor_like	medium	1	1	0	0	0	0	0	0	0	0	0	0
CAGACGCTATCTGCCT-1	1	125	57	25473	39266	tumor_like	medium	1	1	90	23	8	0	16	0	47	9.4	1	23
CAGACGCTGCGTATCC-1	1	107	3	20038	36193	tumor_like	medium	1	1	13	0	0	0	3	0	3	0.6	0	0
CAGACGCTTGAAGACG-1	1	1	121	31700	17725	tumor_like	medium	1	1	2	1	0	0	0	0	1	0.2	1	1
CAGACGGAAGGTTAGG-1	1	102	16	21333	35316	tumor_like	medium	1	1	29	1	1	0	5	0	7	1.4	1	1
CAGACGGCTGCCATCA-1	1	52	170	36683	26521	tumor_like	medium	1	1	2	14	0	1	0	0	15	3	1	2
CAGACGGTCAATAGTG-1	1	101	85	28242	35083	tumor_like	medium	1	1	304	10	2	0	27	0	39	7.8	1	10
CAGACGTCAACCGATT-1	1	80	134	33119	31404	tumor_like	medium	1	1	19	2	0	0	4	0	6	1.2	1	2
CAGACGTCCGCAGCCA-1	1	19	163	35933	20808	tumor_like	medium	1	1	11	1	0	0	0	0	1	0.2	1	1
CAGAGCAACAGTATAC-1	1	1	171	36708	17683	tumor_like	medium	1	1	13	0	0	0	2	0	2	0.4	0	0
CAGAGCGGCTCGGACT-1	1	88	192	38940	32740	tumor_like	medium	1	1	46	2	0	0	2	0	4	0.8	1	2
CAGAGCTCCGAACCTA-1	1	110	92	28956	36638	tumor_like	medium	1	1	25	13	1	0	6	0	20	4	1	13
CAGAGCTCGACATACA-1	1	88	102	29926	32817	tumor_like	medium	1	1	73	0	0	0	10	0	10	2	0	0
CAGAGCTCGCTTATCG-1	1	126	138	33587	39371	tumor_like	medium	1	1	1	6	0	0	0	0	6	1.2	1	1
CAGAGCTGATCAACGA-1	1	56	106	30279	27269	tumor_like	medium	1	1	46	4	0	0	9	0	13	2.6	1	4
CAGAGGAACTTGACCG-1	1	83	65	26212	31981	tumor_like	medium	1	1	75	2	0	0	8	0	10	2	1	2
CAGAGGAAGATACTAT-1	1	5	37	23293	18490	ambiguous_or_low_signal	low	0	0	0	0	0	0	0	0	0	0	0	0
CAGAGGAAGCAGTAAT-1	1	34	210	40663	23368	tumor_like	medium	1	1	1	0	0	0	0	0	0	0	0	0
CAGAGGATAGCGAGAT-1	1	76	72	26903	30763	tumor_like	medium	1	1	33	0	0	0	4	0	4	0.8	0	0
CAGAGGATAGGCCAAG-1	1	68	32	22885	29411	tumor_like	medium	1	1	2	0	0	0	0	0	0	0	0	0
CAGAGGCAACAGAACA-1	1	74	38	23495	30446	tumor_like	medium	1	1	14	1	1	0	0	0	2	0.4	1	1
CAGAGGCTGGTATGCC-1	1	16	200	39635	20258	tumor_like	medium	1	1	3	0	0	0	0	0	0	0	0	0
CAGAGGTAGTAATCTG-1	1	102	118	31549	35229	tumor_like	medium	1	1	21	0	0	0	4	0	4	0.8	0	0
CAGAGGTCATGCCATA-1	1	35	209	40564	23542	tumor_like	medium	1	1	1	1	0	0	1	0	2	0.4	1	1
CAGAGGTCGCTACGTA-1	1	13	123	31918	19803	tumor_like	medium	1	1	11	0	0	0	3	0	3	0.6	0	0
CAGAGGTGTACGTAGC-1	1	0	6	20181	17651	ambiguous_or_low_signal	low	0	0	0	0	0	0	0	0	0	0	0	0
CAGAGTAGATGCGGTT-1	1	64	66	26284	28689	tumor_like	medium	1	1	24	0	0	0	4	0	4	0.8	0	0
CAGAGTCAACATTGGC-1	1	79	73	27008	31281	tumor_like	medium	1	1	55	1	1	0	6	0	8	1.6	1	1
CAGAGTCCATGGAACC-1	1	97	169	36649	34318	tumor_like	medium	1	1	4	1	0	0	1	0	2	0.4	1	1
CAGAGTCCTCTGCCAC-1	1	106	54	25145	35977	tumor_like	medium	1	1	167	5	0	0	30	0	35	7	1	5
CAGATAAGATGCTGGA-1	1	20	186	38238	20963	tumor_like	medium	1	1	26	2	1	0	2	0	5	1	1	2
CAGATATCTAGAGCCT-1	1	9	59	25502	19164	ambiguous_or_low_signal	low	0	0	0	0	0	0	0	0	0	0	0	0
CAGATATGCGGCTATG-1	1	20	116	31227	21023	tumor_like	medium	1	1	19	0	0	0	3	0	3	0.6	0	0
CAGATATTAGATCTAA-1	1	112	46	24352	37023	tumor_like	medium	1	1	113	10	1	0	19	0	30	6	1	10
CAGATCATGTGAATTC-1	1	30	182	37852	22699	tumor_like	medium	1	1	43	22	0	0	7	0	29	5.8	1	22
CAGATCATGTGCGACT-1	1	96	2	19922	34289	tumor_like	medium	1	1	109	46	1	0	7	5	59	11.8	1	46
CAGATCGCATAGTGAT-1	1	115	13	21051	37570	tumor_like	medium	1	1	25	11	4	0	8	0	23	4.6	1	11
CAGATCTTACTCGCCA-1	1	41	157	35365	24626	tumor_like	medium	1	1	25	3	0	0	5	0	8	1.6	1	3
CAGATGGAGTACGGTT-1	1	95	99	29635	34032	tumor_like	medium	1	1	138	12	2	0	10	0	24	4.8	1	12
CAGATGGTTAGACGAG-1	1	59	141	33789	27758	tumor_like	medium	1	1	19	3	0	0	1	0	4	0.8	1	3
CAGATTAGACAGGTTC-1	1	104	168	36559	35533	tumor_like	medium	1	1	1	0	0	0	0	0	0	0	0	0
CAGATTGCAGACATAG-1	1	116	146	34374	37631	tumor_like	medium	1	1	7	1	0	0	0	0	1	0.2	1	1
CAGCACATGGTGGCAG-1	1	110	84	28155	36644	tumor_like	medium	1	1	106	6	1	0	9	0	16	3.2	1	6
CAGCACTGGATACGTC-1	1	114	136	33369	37293	tumor_like	medium	1	1	24	2	0	0	3	0	5	1	1	2
CAGCACTGTAAGGTGC-1	1	101	101	29845	35070	tumor_like	medium	1	1	102	8	0	0	12	0	20	4	1	8
CAGCATAATCACTCGA-1	1	21	169	36537	21150	tumor_like	medium	1	1	14	0	0	0	3	0	3	0.6	0	0
CAGCATTACAGCCGAC-1	1	110	0	19742	36716	tumor_like	medium	1	1	55	2	0	0	14	0	16	3.2	1	2
CAGCCAACCATTACCG-1	1	120	84	28170	38377	tumor_like	medium	1	1	58	6	2	0	4	0	12	2.4	1	6
CAGCCAACGTTCCAAT-1	1	79	105	30213	31254	tumor_like	medium	1	1	39	2	0	1	1	0	4	0.8	1	2
CAGCCATGAGTTGTTC-1	1	56	116	31281	27261	tumor_like	medium	1	1	38	1	0	0	2	0	3	0.6	1	1
CAGCCGCATACGGCCT-1	1	25	221	41751	21799	tumor_like	medium	1	1	1	0	0	0	1	0	1	0.2	0	0
CAGCCGGTTAGCATGT-1	1	110	102	29958	36629	tumor_like	medium	1	1	35	8	0	0	9	0	17	3.4	1	8
CAGCGACCACTCGGCT-1	1	93	111	30834	33675	tumor_like	medium	1	1	153	3	0	0	11	0	14	2.8	1	3
CAGCGAGCCGTGCAGG-1	1	19	65	26118	20892	tumor_like	medium	1	1	0	0	0	0	0	0	0	0	0	0
CAGCGAGTCATAACCT-1	1	24	64	26025	21760	tumor_like	medium	1	1	0	0	0	0	0	0	0	0	0	0
CAGCGAGTGGTATGAT-1	1	32	148	34450	23075	tumor_like	medium	1	1	13	0	0	0	1	0	1	0.2	0	0
CAGCGATCGGCGATGT-1	1	69	23	21985	29591	tumor_like	medium	1	1	1	0	0	0	1	0	1	0.2	0	0
CAGCGATGAGATCAGG-1	1	99	71	26837	34749	tumor_like	medium	1	1	103	121	6	0	16	0	143	28.6	1	103
CAGCGATGCTCAGAGT-1	1	65	71	26787	28857	ambiguous_or_low_signal	low	0	0	10	0	0	0	3	0	3	0.6	0	0
CAGCGATGTAGGCTGG-1	1	61	69	26581	28166	tumor_like	medium	1	1	8	2	0	0	2	0	4	0.8	1	2
CAGCTACGACCGTTAA-1	1	12	62	25807	19683	tumor_like	medium	1	1	0	0	0	0	1	0	1	0.2	0	0
CAGCTCGGACATGTGG-1	1	109	63	26050	36488	tumor_like	medium	1	1	752	26	5	1	30	0	62	12.4	1	26
CAGCTCTATTGAACTG-1	1	73	195	39218	30138	tumor_like	medium	1	1	8	0	0	0	2	0	2	0.4	0	0
CAGCTCTGGCCGTGCC-1	1	112	64	26155	37008	tumor_like	medium	1	1	153	10	2	0	18	0	30	6	1	10
CAGCTCTGGTGACACT-1	1	6	94	29003	18616	tumor_like	medium	1	1	3	0	1	0	0	0	1	0.2	0	0
CAGCTCTTATAGACAA-1	1	121	85	28272	38549	tumor_like	medium	1	1	45	2	0	0	8	0	10	2	1	2
CAGCTGAGCATAGGTT-1	1	9	117	31311	19115	tumor_like	medium	1	1	1	1	0	0	1	0	2	0.4	1	1
CAGCTGAGCGGTTATC-1	1	36	186	38262	23735	tumor_like	medium	1	1	1	3	0	0	2	0	5	1	1	1
CAGCTGCAACATACTC-1	1	16	128	32423	20319	tumor_like	medium	1	1	17	8	0	0	1	0	9	1.8	1	8
CAGCTGGACGAGATCT-1	1	8	150	34615	18915	tumor_like	medium	1	1	2	0	0	0	3	0	3	0.6	0	0
CAGCTGGCGGCCTTCT-1	1	21	191	38741	21131	tumor_like	medium	1	1	55	3	0	0	8	0	11	2.2	1	3
CAGCTGTACGATAAGG-1	1	84	122	31923	32107	tumor_like	medium	1	1	41	4	0	0	8	0	12	2.4	1	4
CAGCTGTACTTGAATA-1	1	74	36	23295	30448	tumor_like	medium	1	1	4	0	0	0	0	0	0	0	0	0
CAGCTGTCCGACAGTA-1	1	87	17	21411	32715	tumor_like	medium	1	1	59	2	1	1	5	0	9	1.8	1	2
CAGCTGTTATGTAACG-1	1	77	85	28207	30925	tumor_like	medium	1	1	75	1	0	0	5	0	6	1.2	1	1
CAGCTTAAGCGGTGTA-1	1	5	143	33909	18400	tumor_like	medium	1	1	22	1	1	0	3	0	5	1	1	1
CAGCTTACGAACAGCT-1	1	80	152	34922	31388	tumor_like	medium	1	1	30	2	0	0	5	0	7	1.4	1	2
CAGCTTACGAGTCTGT-1	1	86	208	40539	32380	tumor_like	medium	1	1	15	0	1	0	1	0	2	0.4	0	0
CAGCTTACGCAGCCAT-1	1	82	128	32521	31755	tumor_like	medium	1	1	62	1	0	0	6	0	7	1.4	1	1
CAGCTTCGCACGCTAC-1	1	66	40	23683	29058	tumor_like	medium	1	1	1	0	0	0	0	0	0	0	0	0
CAGCTTGACCAGGTAG-1	1	111	45	24251	36850	tumor_like	medium	1	1	181	7	0	0	34	0	41	8.2	1	7
CAGCTTGGAGCTGAAG-1	1	100	86	28341	34910	tumor_like	medium	1	1	131	6	0	0	13	0	19	3.8	1	6
CAGGAGATGTCGGCAT-1	1	96	170	36748	34145	tumor_like	medium	1	1	2	0	0	1	0	0	1	0.2	0	0
CAGGAGTTATGTATAA-1	1	101	77	27441	35090	tumor_like	medium	1	1	160	31	4	0	21	0	56	11.2	1	31
CAGGCCAAGTTGGCTA-1	1	76	76	27304	30760	tumor_like	medium	1	1	11	0	1	0	0	0	1	0.2	0	0
CAGGCCACGGAGTTGT-1	1	101	9	20630	35148	tumor_like	medium	1	1	20	1	0	0	5	0	6	1.2	1	1
CAGGCCATCGATTATC-1	1	30	166	36250	22713	tumor_like	medium	1	1	43	1	0	0	6	0	7	1.4	1	1
CAGGCCGTTCAGCTTC-1	1	97	87	28436	34388	tumor_like	medium	1	1	174	10	2	0	23	0	35	7	1	10
CAGGCCTTAATTACGG-1	1	5	91	28701	18444	tumor_like	medium	1	1	4	0	0	0	2	0	2	0.4	0	0
CAGGCTATGAATGTTG-1	1	4	152	34809	18220	tumor_like	medium	1	1	12	2	0	0	3	0	5	1	1	2
CAGGCTCGCATCTGCG-1	1	65	87	28389	28844	tumor_like	medium	1	1	30	0	0	1	4	0	5	1	0	0
CAGGTCAGCAATCCGA-1	1	73	149	34611	30177	tumor_like	medium	1	1	35	2	0	0	5	1	8	1.6	1	2
CAGGTCCTATGCCTGT-1	1	79	183	38025	31188	tumor_like	medium	1	1	7	4	0	0	1	0	5	1	1	4
CAGGTGAACACGGTCA-1	1	72	76	27298	30067	tumor_like	medium	1	1	98	0	0	0	5	0	5	1	0	0
CAGGTTGCCGCATGCA-1	1	63	17	21375	28557	tumor_like	medium	1	1	0	0	0	1	0	0	1	0.2	0	0
CAGGTTGTCTCATTAT-1	1	22	210	40645	21289	tumor_like	medium	1	1	1	1	0	0	1	0	2	0.4	1	1
CAGTAACGACCAGAAG-1	1	112	6	20346	37058	tumor_like	medium	1	1	9	4	0	0	0	0	4	0.8	1	4
CAGTAACTACAGGATT-1	1	89	15	21213	33064	tumor_like	medium	1	1	33	1	0	0	8	0	9	1.8	1	1
CAGTAAGATATCCTAA-1	1	105	7	20436	35843	tumor_like	medium	1	1	13	1	0	0	3	0	4	0.8	1	1
CAGTACAGGTGGCTAT-1	1	32	204	40059	23027	tumor_like	medium	1	1	3	1	1	0	2	0	4	0.8	1	1
CAGTAGAAGTCCGTCT-1	1	59	95	29182	27797	tumor_like	medium	1	1	7	2	0	0	1	0	3	0.6	1	2
CAGTAGACCGCCTGAG-1	1	12	206	40230	19560	tumor_like	medium	1	1	3	0	0	0	0	0	0	0	0	0
CAGTAGATGTTACGAG-1	1	24	128	32435	21706	tumor_like	medium	1	1	23	5	0	0	3	0	8	1.6	1	5
CAGTAGGAAGACGTAG-1	1	6	20	21592	18679	tumor_like	medium	1	1	0	1	2	0	0	0	3	0.6	0	0
CAGTAGGACTTCTGTC-1	1	60	210	40701	27873	tumor_like	medium	1	1	55	6	0	0	9	0	15	3	1	6
CAGTAGTGTACTATAC-1	1	91	61	25824	33371	tumor_like	medium	1	1	113	12	1	0	18	0	31	6.2	1	12
CAGTAGTTATTGCCAC-1	1	127	53	25075	39615	tumor_like	medium	1	1	158	23	0	0	31	0	54	10.8	1	23
CAGTAGTTGGAACTCA-1	1	77	79	27606	30930	tumor_like	medium	1	1	16	0	0	0	1	0	1	0.2	0	0
CAGTATACGGATCGTT-1	1	74	188	38518	30318	tumor_like	medium	1	1	23	3	0	0	2	0	5	1	1	3
CAGTATGCAGTAACAT-1	1	124	76	27375	39077	tumor_like	medium	1	1	44	3	0	0	10	0	13	2.6	1	3
CAGTATGCTAGTGAGC-1	1	92	90	28730	33520	tumor_like	medium	1	1	97	5	0	0	14	0	19	3.8	1	5
CAGTATTAATGCGACA-1	1	58	136	33287	27590	tumor_like	medium	1	1	61	8	0	0	4	0	12	2.4	1	8
CAGTCTATCAAGACGG-1	1	38	208	40468	24063	tumor_like	medium	1	1	2	1	0	0	0	0	1	0.2	1	1
CAGTCTATTGTAAGGC-1	1	91	193	39044	33258	tumor_like	medium	1	1	8	2	0	0	0	0	2	0.4	1	2
CAGTCTCAACTCCTTC-1	1	108	16	21342	36356	tumor_like	medium	1	1	1	1	0	0	0	0	1	0.2	1	1
CAGTCTCAACTTACCG-1	1	57	85	28177	27459	tumor_like	medium	1	1	19	0	0	0	2	0	2	0.4	0	0
CAGTCTCAAGCATAAT-1	1	45	197	39377	25284	tumor_like	medium	1	1	2	0	0	0	2	0	2	0.4	0	0
CAGTCTCAGAGCCTGA-1	1	18	78	27419	20709	tumor_like	medium	1	1	0	0	0	0	0	0	0	0	0	0
CAGTCTCAGCACTTCT-1	1	117	111	30870	37833	tumor_like	medium	1	1	28	5	0	0	11	0	16	3.2	1	5
CAGTCTGAGCTTGTGG-1	1	89	213	41044	32895	tumor_like	medium	1	1	82	0	0	0	10	1	11	2.2	0	0
CAGTCTGCGTCATGGA-1	1	77	121	31812	30894	tumor_like	medium	1	1	55	5	0	0	4	0	9	1.8	1	5
CAGTCTGGCATAGCTC-1	1	73	25	22191	30283	tumor_like	medium	1	1	1	0	0	0	0	0	0	0	0	0
CAGTCTGTCTCCTGCG-1	1	26	112	30836	22066	tumor_like	medium	1	1	0	3	0	0	0	0	3	0.6	0	0
CAGTCTTCTACTAGGA-1	1	53	157	35382	26705	tumor_like	medium	1	1	6	3	0	0	2	0	5	1	1	3
CAGTGAATCGGCGTTC-1	1	123	149	34685	38841	tumor_like	medium	1	1	1	0	0	0	0	0	0	0	0	0
CAGTGAGGTTCCTGGA-1	1	122	140	33782	38676	tumor_like	medium	1	1	3	0	0	0	1	0	1	0.2	0	0
CAGTGATGAAGACGAA-1	1	67	93	28993	29185	tumor_like	medium	1	1	52	1	0	0	6	0	7	1.4	1	1
CAGTGCTAACCGCCGT-1	1	36	192	38863	23730	tumor_like	medium	1	1	4	2	1	1	4	0	8	1.6	1	2
CAGTTATGTATCGGTT-1	1	46	148	34471	25501	tumor_like	medium	1	1	2	2	1	0	1	0	4	0.8	1	2
CAGTTATTGCAAGTGA-1	1	57	71	26775	27471	tumor_like	medium	1	1	5	1	0	0	0	0	1	0.2	1	1
CAGTTGACAGACCTAA-1	1	107	115	31256	36097	tumor_like	medium	1	1	55	6	0	0	6	0	12	2.4	1	6
CAGTTGACGTGGAGCG-1	1	83	173	37029	31889	tumor_like	medium	1	1	4	1	0	0	0	0	1	0.2	1	1
CAGTTGACTCCTTCAG-1	1	92	130	32736	33486	tumor_like	medium	1	1	20	0	1	0	4	0	5	1	0	0
CAGTTGAGATAGCGTG-1	1	60	28	22473	28029	tumor_like	medium	1	1	0	0	0	0	0	0	0	0	0	0
CAGTTGATCTGTCACC-1	1	101	153	35053	35025	tumor_like	medium	1	1	23	7	0	0	6	0	13	2.6	1	7
CAGTTGCAGCGTTCGG-1	1	13	57	25308	19859	tumor_like	medium	1	1	0	0	0	0	0	0	0	0	0	0
CAGTTGCTTCGGAGTG-1	1	85	209	40638	32205	tumor_like	medium	1	1	27	0	0	0	3	0	3	0.6	0	0
CAGTTGGTACATAGGC-1	1	115	137	33471	37465	tumor_like	medium	1	1	15	0	1	0	3	0	4	0.8	0	0
CAGTTGGTCGGCATCC-1	1	66	118	31496	28992	tumor_like	medium	1	1	17	0	0	0	2	0	2	0.4	0	0
CAGTTGGTGCAGTCAT-1	1	106	92	28951	35945	tumor_like	medium	1	1	108	9	2	0	14	0	25	5	1	9
CATAAGCGCACCAGCC-1	1	69	31	22786	29585	tumor_like	medium	1	1	1	0	1	0	0	0	1	0.2	0	0
CATAAGGTAATCATGG-1	1	38	158	35461	24106	tumor_like	medium	1	1	24	5	0	0	5	0	10	2	1	5
CATAAGTGTAAGTCCT-1	1	123	147	34484	38842	tumor_like	medium	1	1	0	1	0	1	0	0	2	0.4	0	0
CATAATCAGATATCTG-1	1	99	125	32245	34703	tumor_like	medium	1	1	44	33	3	0	5	0	41	8.2	1	33
CATAATGGAGGCAGTA-1	1	75	65	26201	30595	tumor_like	medium	1	1	57	2	0	0	11	0	13	2.6	1	2
CATAATTAACGCCGTT-1	1	81	115	31217	31592	tumor_like	medium	1	1	21	4	0	0	0	0	4	0.8	1	4
CATACAAGTACTATAA-1	1	39	35	23143	24383	tumor_like	medium	1	1	0	0	0	0	0	0	0	0	0	0
CATACAGAGCATCCTA-1	1	5	89	28501	18446	tumor_like	medium	1	1	0	0	0	0	0	0	0	0	0	0
CATACATAATACAACC-1	1	44	142	33867	25159	tumor_like	medium	1	1	0	1	1	0	0	0	2	0.4	0	0
CATACCGCAGTGACTT-1	1	114	0	19748	37409	tumor_like	medium	1	1	42	13	1	0	9	0	23	4.6	1	13
CATACCGGCTTAAGTT-1	1	95	1	19820	34115	tumor_like	medium	1	1	72	77	0	0	6	0	83	16.6	1	72
CATACCTCCGTATTGT-1	1	49	159	35577	26010	tumor_like	medium	1	1	3	5	0	0	1	0	6	1.2	1	3
CATACTCGTTCTTGAA-1	1	68	82	27893	29369	tumor_like	medium	1	1	8	2	0	1	0	0	3	0.6	1	2
CATAGAAGGACACCTT-1	1	47	55	25158	25752	tumor_like	medium	1	1	1	1	0	1	1	0	3	0.6	1	1
CATAGAAGTGGACCGC-1	1	84	80	27716	32143	tumor_like	medium	1	1	56	8	1	0	9	0	18	3.6	1	8
CATAGACCGCCTTAAG-1	1	44	62	25854	25227	tumor_like	medium	1	1	0	0	0	0	1	0	1	0.2	0	0
CATAGACCTAGTAACA-1	1	102	60	25740	35279	tumor_like	medium	1	1	213	32	4	0	32	0	68	13.6	1	32
CATAGACCTCAGGCCT-1	1	118	56	25363	38054	tumor_like	medium	1	1	83	10	0	0	12	0	22	4.4	1	10
CATAGACTATTCGGTC-1	1	105	17	21437	35834	tumor_like	medium	1	1	3	3	1	0	1	0	5	1	1	3
CATAGATTAAGTCACT-1	1	113	119	31665	37133	tumor_like	medium	1	1	37	4	0	0	4	0	8	1.6	1	4
CATATCCATGCGTTAA-1	1	33	199	39560	23204	tumor_like	medium	1	1	5	1	0	0	0	0	1	0.2	1	1
CATATCCGAACTGTTA-1	1	63	155	35197	28439	tumor_like	medium	1	1	13	0	0	0	0	0	0	0	0	0
CATATCGCTAAGTTAC-1	1	11	19	21499	19545	ambiguous_or_low_signal	low	0	0	0	0	0	0	0	0	0	0	0	0
CATATCGTCATAAGCG-1	1	27	119	31538	22232	tumor_like	medium	1	1	2	0	0	0	1	0	1	0.2	0	0
CATATCTGAGCGTAGG-1	1	42	192	38872	24770	tumor_like	medium	1	1	5	17	1	0	0	0	18	3.6	1	5
CATATGAACGCTTAGC-1	1	120	152	34981	38319	stroma_fibroblast	medium	0	0	0	1	0	0	0	0	1	0.2	0	0
CATATGAAGTTCATGC-1	1	50	154	35078	26189	tumor_like	medium	1	1	0	1	0	0	0	0	1	0.2	0	0
CATATGCTGAAGTGCT-1	1	91	167	36440	33281	tumor_like	medium	1	1	14	3	0	0	2	0	5	1	1	3
CATATGCTGATTCTAA-1	1	64	68	26485	28688	tumor_like	medium	1	1	10	1	0	0	3	0	4	0.8	1	1
CATATGTCGGCTCCAG-1	1	46	184	38076	25470	tumor_like	medium	1	1	3	8	1	0	3	0	12	2.4	1	3
CATATGTTAATATGAG-1	1	49	171	36779	26000	tumor_like	medium	1	1	3	4	0	0	0	0	4	0.8	1	3
CATATTCTCGCAGAAG-1	1	60	132	32889	27940	tumor_like	medium	1	1	34	10	0	0	1	0	11	2.2	1	10
CATATTCTTGCTTCGA-1	1	27	117	31338	22234	tumor_like	medium	1	1	1	0	0	0	0	0	0	0	0	0
CATATTGCATTCCGTT-1	1	84	210	40737	32032	tumor_like	medium	1	1	17	0	0	0	4	0	4	0.8	0	0
CATATTGTATCAGCTG-1	1	74	204	40121	30304	tumor_like	medium	1	1	14	0	0	0	1	0	1	0.2	0	0
CATATTGTATCGATGT-1	1	110	4	20143	36713	tumor_like	medium	1	1	27	2	0	0	6	0	8	1.6	1	2
CATCACAGGCGTCACT-1	1	53	161	35783	26701	tumor_like	medium	1	1	9	2	0	0	1	0	3	0.6	1	2
CATCACCTCCGGCGGT-1	1	58	158	35490	27571	tumor_like	medium	1	1	4	14	0	0	2	0	16	3.2	1	4
CATCAGAACTATCCTG-1	1	52	98	29472	26583	tumor_like	medium	1	1	31	0	0	0	2	0	2	0.4	0	0
CATCAGAAGTTGCACG-1	1	33	163	35954	23234	tumor_like	medium	1	1	40	1	1	0	2	0	4	0.8	1	1
CATCAGACAAGATCTT-1	1	87	89	28622	32654	tumor_like	medium	1	1	56	1	0	0	11	0	12	2.4	1	1
CATCAGCAACTACCTT-1	1	63	139	33594	28453	tumor_like	medium	1	1	32	42	1	0	2	0	45	9	1	32
CATCAGCATTGGATGG-1	1	106	136	33357	35907	tumor_like	medium	1	1	20	0	2	0	1	0	3	0.6	0	0
CATCAGCGAGCCTACG-1	1	110	148	34565	36590	tumor_like	medium	1	1	6	0	0	0	1	0	1	0.2	0	0
CATCAGGTCACGGCTC-1	1	126	76	27378	39424	tumor_like	medium	1	1	23	2	0	0	7	0	9	1.8	1	2
CATCAGTAAGTCGCAC-1	1	2	26	22187	17981	tumor_like	medium	1	1	0	0	0	0	0	0	0	0	0	0
CATCAGTAGGCGGTCG-1	1	105	71	26846	35788	tumor_like	medium	1	1	212	7	1	0	21	0	29	5.8	1	7
CATCAGTCAGGAATAC-1	1	42	30	22646	24908	tumor_like	medium	1	1	0	1	0	0	1	0	2	0.4	0	0
CATCAGTCGCATACGG-1	1	8	148	34415	18916	tumor_like	medium	1	1	4	1	0	1	0	0	2	0.4	1	1
CATCCGAATGTCATTG-1	1	0	52	24788	17612	tumor_like	medium	1	1	0	0	0	0	0	0	0	0	0	0
CATCCGATAGACCGAG-1	1	41	163	35966	24620	tumor_like	medium	1	1	39	8	0	0	8	0	16	3.2	1	8
CATCCGATGATCGTAA-1	1	81	163	36025	31551	tumor_like	medium	1	1	22	0	0	0	3	0	3	0.6	0	0
CATCCGTATGTAACAA-1	1	33	37	23334	23342	tumor_like	medium	1	1	0	1	0	0	0	0	1	0.2	0	0
CATCCTATTGCCGCGG-1	1	103	87	28445	35428	tumor_like	medium	1	1	189	11	1	0	23	0	35	7	1	11
CATCCTTCATGTATCG-1	1	40	48	24446	24546	tumor_like	medium	1	1	1	0	0	0	0	0	0	0	0	0
CATCCTTCGCGAGTTA-1	1	27	59	25529	22283	tumor_like	medium	1	1	0	0	0	0	0	0	0	0	0	0
CATCCTTGCGAATTGC-1	1	5	109	30504	18429	tumor_like	medium	1	1	2	0	0	0	1	0	1	0.2	0	0
CATCGCAATGTACCAC-1	1	108	12	20941	36359	tumor_like	medium	1	1	1	2	1	0	1	0	4	0.8	1	1
CATCGCCGGATTGCAG-1	1	102	88	28544	35255	tumor_like	medium	1	1	214	5	2	0	18	0	25	5	1	5
CATCGCCGTAGTCAAC-1	1	122	46	24367	38756	tumor_like	medium	1	1	137	10	1	0	36	0	47	9.4	1	10
CATCGCCTATCCGCAG-1	1	98	100	29740	34552	tumor_like	medium	1	1	182	12	3	0	9	0	24	4.8	1	12
CATCGCTCTGTCCGTT-1	1	17	213	40938	20419	tumor_like	medium	1	1	0	0	0	0	1	0	1	0.2	0	0
CATCGCTCTTAGTGCT-1	1	54	138	33481	26895	tumor_like	medium	1	1	5	1	0	0	1	0	2	0.4	1	1
CATCGCTGTTGCTCTA-1	1	27	79	27532	22266	tumor_like	medium	1	1	0	0	0	0	0	0	0	0	0	0
CATCGGATGAATTGAG-1	1	96	86	28335	34217	tumor_like	medium	1	1	178	12	0	0	22	0	34	6.8	1	12
CATCGGATGTCTGCCT-1	1	110	70	26753	36656	tumor_like	medium	1	1	171	9	2	0	26	0	37	7.4	1	9
CATCGGCAGTGGAACC-1	1	107	13	21040	36184	tumor_like	medium	1	1	2	0	0	0	1	0	1	0.2	0	0
CATCGGCATCCGTAAT-1	1	69	121	31800	29508	tumor_like	medium	1	1	27	2	0	0	6	0	8	1.6	1	2
CATCGGCCTATTGTAT-1	1	94	56	25327	33896	tumor_like	medium	1	1	221	12	0	0	23	0	35	7	1	12
CATCGGCCTGACATCA-1	1	126	54	25174	39442	tumor_like	medium	1	1	154	9	2	0	19	0	30	6	1	9
CATCGGTATGCGCTTC-1	1	122	74	27171	38732	tumor_like	medium	1	1	73	35	4	0	17	0	56	11.2	1	35
CATCGGTCCGAAGCTC-1	1	84	172	36931	32064	tumor_like	medium	1	1	4	0	0	0	3	0	3	0.6	0	0
CATCGGTCTGGTTCAC-1	1	63	201	39804	28400	tumor_like	medium	1	1	19	0	1	0	6	0	7	1.4	0	0
CATCGGTGTAAGCACC-1	1	14	128	32420	19973	tumor_like	medium	1	1	10	2	0	0	3	0	5	1	1	2
CATCGGTGTCGACCTC-1	1	62	34	23077	28370	tumor_like	medium	1	1	0	0	0	0	0	0	0	0	0	0
CATCGTGAGCCTCACT-1	1	0	84	27993	17585	tumor_like	medium	1	1	0	0	0	0	0	0	0	0	0	0
CATCTACGTAAGGACT-1	1	6	152	34812	18566	tumor_like	medium	1	1	15	2	0	0	5	0	7	1.4	1	2
CATCTGAACGGTGAAG-1	1	30	46	24231	22815	tumor_like	medium	1	1	1	0	0	0	0	0	0	0	0	0
CATCTGCCAATCTGAT-1	1	37	133	32955	23953	tumor_like	medium	1	1	16	0	0	0	1	0	1	0.2	0	0
CATCTGTTATTGACGC-1	1	11	69	26507	19502	tumor_like	medium	1	1	0	0	0	0	0	0	0	0	0	0
CATCTTAGACCAGCCG-1	1	111	171	36870	36743	tumor_like	medium	1	1	0	0	0	0	0	0	0	0	0	0
CATCTTAGGAATACGA-1	1	91	191	38844	33260	tumor_like	medium	1	1	6	0	0	0	2	0	2	0.4	0	0
CATCTTAGGACCTAGG-1	1	100	124	32147	34878	tumor_like	medium	1	1	60	18	2	0	6	0	26	5.2	1	18
CATCTTATACAGAACC-1	1	58	90	28679	27629	tumor_like	medium	1	1	5	0	0	0	1	0	1	0.2	0	0
CATCTTCAATAATTCC-1	1	104	0	19733	35676	tumor_like	medium	1	1	14	3	0	0	3	0	6	1.2	1	3
CATCTTCGGTAATCAA-1	1	91	151	34838	33294	tumor_like	medium	1	1	11	2	0	0	2	0	4	0.8	1	2
CATGACGTCAATTGCA-1	1	104	112	30951	35581	tumor_like	medium	1	1	80	4	0	0	7	0	11	2.2	1	4
CATGCACGAAGTCTAG-1	1	76	120	31711	30723	tumor_like	medium	1	1	22	0	0	0	2	0	2	0.4	0	0
CATGCAGGATTCGCGT-1	1	59	119	31585	27777	tumor_like	medium	1	1	10	1	0	0	2	0	3	0.6	1	1
CATGCAGTGCTTCCGT-1	1	9	199	39524	19045	tumor_like	medium	1	1	10	6	0	0	2	0	8	1.6	1	6
CATGCGAACGTGTAGT-1	1	27	177	37347	22183	tumor_like	medium	1	1	2	1	0	0	2	0	3	0.6	1	1
CATGCGGCACGCAAGT-1	1	85	179	37633	32231	tumor_like	medium	1	1	20	6	0	0	1	0	7	1.4	1	6
CATGCGGCATACATTG-1	1	103	55	25240	35455	tumor_like	medium	1	1	308	21	2	1	28	0	52	10.4	1	21
CATGCGGCGAACGAAG-1	1	59	149	34590	27751	tumor_like	medium	1	1	53	0	0	0	6	0	6	1.2	0	0
CATGCGTTCTCCAGCT-1	1	42	210	40675	24755	tumor_like	medium	1	1	20	4	0	0	3	0	7	1.4	1	4
CATGGTAATACCACTG-1	1	12	222	41832	19546	tumor_like	medium	1	1	0	1	0	1	0	0	2	0.4	0	0
CATGGTTCACGTTCAG-1	1	84	148	34527	32085	tumor_like	medium	1	1	20	0	1	0	3	0	4	0.8	0	0
CATGTAGCTGCGCTAA-1	1	66	194	39107	28927	tumor_like	medium	1	1	18	2	0	0	4	0	6	1.2	1	2
CATGTCTGGCCACTAA-1	1	84	60	25713	32160	tumor_like	medium	1	1	55	1	0	1	10	0	12	2.4	1	1
CATGTTATACAGCCGG-1	1	92	152	34939	33468	tumor_like	medium	1	1	22	6	0	0	3	0	9	1.8	1	6
CATGTTATCTCGCTTA-1	1	125	135	33285	39199	tumor_like	medium	1	1	10	10	0	0	2	0	12	2.4	1	10
CATGTTGAAGCCTGTA-1	1	113	13	21048	37224	tumor_like	medium	1	1	29	12	1	0	2	0	15	3	1	12
CATTAACACCGAACGA-1	1	65	43	23982	28881	tumor_like	medium	1	1	1	0	0	0	0	0	0	0	0	0
CATTAACCTGGAGTAG-1	1	65	29	22580	28893	tumor_like	medium	1	1	0	0	0	0	0	1	1	0.2	0	0
CATTACGTTCGAACCA-1	1	81	137	33421	31573	tumor_like	medium	1	1	9	2	0	0	2	0	4	0.8	1	2
CATTAGGCAGTTAGCA-1	1	95	195	39250	33950	tumor_like	medium	1	1	6	5	1	0	1	0	7	1.4	1	5
CATTAGTCGCGACGCT-1	1	91	209	40647	33245	tumor_like	medium	1	1	7	1	0	0	2	0	3	0.6	1	1
CATTAGTCGTCCGTGA-1	1	11	221	41731	19373	tumor_like	medium	1	1	0	0	0	0	1	0	1	0.2	0	0
CATTATCAATGTACTT-1	1	58	86	28279	27633	tumor_like	medium	1	1	24	1	1	0	4	0	6	1.2	1	1
CATTATGATCCTGCGG-1	1	87	83	28021	32659	tumor_like	medium	1	1	71	7	0	0	8	0	15	3	1	7
CATTCTACTCAGCGGC-1	1	72	34	23091	30103	tumor_like	medium	1	1	4	0	0	0	0	0	0	0	0	0
CATTCTATCTAACGAG-1	1	80	172	36925	31371	tumor_like	medium	1	1	6	0	0	0	2	0	2	0.4	0	0
CATTCTCCAGGATTCC-1	1	99	197	39457	34641	tumor_like	medium	1	1	3	0	1	0	2	0	3	0.6	0	0
CATTCTGTCTGCACTG-1	1	78	164	36120	31032	tumor_like	medium	1	1	50	3	0	0	10	0	13	2.6	1	3
CATTGAACTGCCAGCA-1	1	58	140	33687	27587	tumor_like	medium	1	1	30	0	0	0	2	0	2	0.4	0	0
CATTGAAGGAGCCGCA-1	1	101	55	25237	35109	tumor_like	medium	1	1	219	21	1	0	19	0	41	8.2	1	21
CATTGACACGTCTAAC-1	1	83	51	24810	31993	tumor_like	medium	1	1	83	5	1	0	8	0	14	2.8	1	5
CATTGACTTACACTCG-1	1	115	9	20651	37574	tumor_like	medium	1	1	45	15	0	0	4	0	19	3.8	1	15
CATTGAGCGAGTACGC-1	1	58	26	22269	27684	tumor_like	medium	1	1	0	0	0	0	0	0	0	0	0	0
CATTGAGTGACTGGAG-1	1	122	134	33181	38681	tumor_like	medium	1	1	19	8	0	0	7	0	15	3	1	8
CATTGATGCTGGCGGA-1	1	56	90	28676	27283	tumor_like	medium	1	1	13	0	0	0	1	0	1	0.2	0	0
CATTGCCATCCTAATT-1	1	34	170	36657	23403	tumor_like	medium	1	1	29	6	0	0	7	0	13	2.6	1	6
CATTGCGTAACTATGG-1	1	3	25	22088	18154	tumor_like	medium	1	1	1	0	0	0	0	0	0	0	0	0
CATTGCGTTGAGGCGG-1	1	15	101	29718	20168	tumor_like	medium	1	1	1	0	0	0	0	0	0	0	0	0
CATTGCGTTGCGCACC-1	1	120	90	28771	38372	tumor_like	medium	1	1	25	3	0	0	3	0	6	1.2	1	3
CATTGCTAAGAAGGCA-1	1	87	119	31627	32628	tumor_like	medium	1	1	74	4	0	0	9	0	13	2.6	1	4
CATTGCTCGGTATCAG-1	1	56	102	29878	27272	tumor_like	medium	1	1	103	1	0	0	5	0	6	1.2	1	1
CATTGCTGAGGTCTGA-1	1	112	160	35770	36926	tumor_like	medium	1	1	0	0	0	0	0	0	0	0	0	0
CATTGCTGATGTGCCG-1	1	35	31	22736	23693	tumor_like	medium	1	1	0	0	0	0	0	0	0	0	0	0
CATTGCTGGTTCGATC-1	1	49	143	33974	26024	tumor_like	medium	1	1	5	0	0	0	1	0	1	0.2	0	0
CATTGTAAGATCTAGA-1	1	125	119	31683	39213	tumor_like	medium	1	1	51	13	0	0	10	0	23	4.6	1	13
CATTGTAATCGCGGCT-1	1	5	101	29703	18436	tumor_like	medium	1	1	18	0	0	0	1	0	1	0.2	0	0
CATTGTAGCCGCGAAC-1	1	70	130	32703	29674	tumor_like	medium	1	1	28	3	0	0	2	0	5	1	1	3
CATTGTCATAGACCGA-1	1	103	91	28846	35425	tumor_like	medium	1	1	263	13	0	0	16	0	29	5.8	1	13
CCAACACCTCCGTGAT-1	1	80	220	41732	31330	tumor_like	medium	1	1	78	0	0	0	9	0	9	1.8	0	0
CCAACCGCAACGCACG-1	1	105	115	31253	35751	tumor_like	medium	1	1	82	6	0	0	8	0	14	2.8	1	6
CCAACTGAGGCTCGCC-1	1	29	171	36749	22534	tumor_like	medium	1	1	19	9	0	1	3	0	13	2.6	1	9
CCAACTTCAATCTGAG-1	1	78	132	32915	31059	tumor_like	medium	1	1	30	24	1	0	9	0	34	6.8	1	24
CCAACTTGCCAGTCCT-1	1	108	110	30756	36276	tumor_like	medium	1	1	59	5	0	0	23	0	28	5.6	1	5
CCAAGACGTGATGGCT-1	1	13	45	24106	19869	tumor_like	medium	1	1	0	0	0	0	0	0	0	0	0	0
CCAAGATGCTCCGTTG-1	1	110	136	33363	36600	tumor_like	medium	1	1	4	2	0	0	2	0	4	0.8	1	2
CCAAGCTGCAGGACTA-1	1	91	65	26224	33368	tumor_like	medium	1	1	154	13	0	0	18	0	31	6.2	1	13
CCAAGCTGGCTCCATT-1	1	106	72	26947	35962	tumor_like	medium	1	1	163	3	1	0	34	0	38	7.6	1	3
CCAAGGATCGCTTGGC-1	1	108	68	26550	36312	tumor_like	medium	1	1	173	24	3	0	18	0	45	9	1	24
CCAAGGCTTGTTCCAT-1	1	121	63	26068	38567	tumor_like	medium	1	1	82	4	3	0	14	0	21	4.2	1	4
CCAAGGTAAGGCATCG-1	1	74	128	32509	30369	tumor_like	medium	1	1	63	5	0	0	9	0	14	2.8	1	5
CCAAGTTACCTCATGA-1	1	70	142	33905	29664	tumor_like	medium	1	1	19	1	1	0	1	0	3	0.6	1	1
CCAATACCACAAGATA-1	1	45	181	37774	25298	tumor_like	medium	1	1	6	10	0	0	0	0	10	2	1	6
CCAATACCGGTGAGGC-1	1	75	75	27202	30587	tumor_like	medium	1	1	13	0	0	0	6	0	6	1.2	0	0
CCAATACCGTACTAGT-1	1	63	73	26984	28509	tumor_like	medium	1	1	1	2	1	0	0	0	3	0.6	1	1
CCAATACCTACGTCGC-1	1	93	77	27429	33704	tumor_like	medium	1	1	126	12	0	0	15	0	27	5.4	1	12
CCAATACCTTACGCTG-1	1	88	206	40342	32728	tumor_like	medium	1	1	4	0	0	0	0	0	0	0	0	0
CCAATAGCTGAATGAC-1	1	66	32	22882	29065	tumor_like	medium	1	1	0	0	0	0	0	0	0	0	0	0
CCAATAGGTGTACCGA-1	1	61	115	31188	28127	tumor_like	medium	1	1	16	0	0	0	4	0	4	0.8	0	0
CCAATAGTCACCTTGT-1	1	10	52	24803	19345	stroma_fibroblast	medium	0	0	0	0	0	0	0	0	0	0	0	0
CCAATATTACGGTAGC-1	1	117	61	25862	37876	tumor_like	medium	1	1	118	9	0	0	15	1	25	5	1	9
CCAATCAGCCAGCAAC-1	1	81	213	41033	31509	tumor_like	medium	1	1	56	0	0	0	8	0	8	1.6	0	0
CCAATCAGGTCGCAGA-1	1	9	57	25302	19166	tumor_like	medium	1	1	0	0	0	0	0	0	0	0	0	0
CCAATCCTCATGTTCC-1	1	126	86	28379	39415	tumor_like	medium	1	1	14	6	0	0	4	0	10	2	1	6
CCACAAGGTGAGCCGG-1	1	111	123	32063	36783	tumor_like	medium	1	1	26	1	0	0	6	0	7	1.4	1	1
CCACAGATAATTACCA-1	1	79	77	27408	31278	tumor_like	medium	1	1	26	1	0	0	2	0	3	0.6	1	1
CCACAGGTCGAAGACA-1	1	125	71	26875	39254	tumor_like	medium	1	1	29	0	0	0	3	0	3	0.6	0	0
CCACAGTGCGTAACAA-1	1	12	128	32417	19626	tumor_like	medium	1	1	14	5	0	0	4	0	9	1.8	1	5
CCACATTGTAGGTCGA-1	1	42	158	35466	24799	tumor_like	medium	1	1	12	0	0	0	2	0	2	0.4	0	0
CCACCGACAGCAAGCT-1	1	43	147	34366	24981	tumor_like	medium	1	1	3	2	0	0	1	0	3	0.6	1	2
CCACCGCCATCTAGTG-1	1	125	147	34487	39189	immune	medium	0	0	0	0	0	0	0	0	0	0	0	0
CCACCGCTCAGTAGAC-1	1	44	148	34468	25154	tumor_like	medium	1	1	3	3	0	0	0	0	3	0.6	1	3
CCACCGTAAGCATCGT-1	1	29	173	36950	22533	tumor_like	medium	1	1	23	0	0	0	5	0	5	1	0	0
CCACCGTATGAATGCG-1	1	66	136	33298	28976	tumor_like	medium	1	1	111	1	0	0	6	0	7	1.4	1	1
CCACCTCCTATGACTC-1	1	96	74	27133	34227	tumor_like	medium	1	1	194	17	0	0	32	0	49	9.8	1	17
CCACCTCGCATTCGTC-1	1	9	121	31712	19112	tumor_like	medium	1	1	9	3	0	0	3	0	6	1.2	1	3
CCACGACAACTCGCTC-1	1	41	191	38770	24597	tumor_like	medium	1	1	4	23	0	0	2	0	25	5	1	4
CCACGTCACTAGATAA-1	1	51	137	33376	26375	tumor_like	medium	1	1	2	0	0	0	1	0	1	0.2	0	0
CCACGTGCTTGTTCGC-1	1	55	47	24368	27145	tumor_like	medium	1	1	0	0	0	0	0	0	0	0	0	0
CCACGTTCCATTCCAT-1	1	70	112	30901	29690	tumor_like	medium	1	1	1	1	0	0	1	0	2	0.4	1	1
CCACGTTCGAGTTCCG-1	1	14	44	24007	20045	tumor_like	medium	1	1	0	0	0	0	0	0	0	0	0	0
CCACGTTGCCGCTTCG-1	1	125	45	24271	39276	tumor_like	medium	1	1	144	11	1	0	18	0	30	6	1	11
CCACGTTGTAGCGGAT-1	1	64	216	41308	28561	tumor_like	medium	1	1	75	15	1	0	14	0	30	6	1	15
CCACTGAGCCGACCTG-1	1	1	75	27093	17765	tumor_like	medium	1	1	0	0	0	0	0	0	0	0	0	0
CCACTGAGTCGAATGC-1	1	94	102	29934	33857	tumor_like	medium	1	1	144	15	0	0	25	0	40	8	1	15
CCACTGCTAACAGTTA-1	1	3	153	34908	18045	tumor_like	medium	1	1	13	0	0	0	3	0	3	0.6	0	0
CCACTGGTCTACTGAC-1	1	89	99	29627	32992	tumor_like	medium	1	1	162	7	0	0	10	0	17	3.4	1	7
CCAGACAGCGCCGGTC-1	1	59	85	28180	27806	tumor_like	medium	1	1	33	0	0	0	6	0	6	1.2	0	0
CCAGACAGGTATTGCC-1	1	54	170	36686	26868	tumor_like	medium	1	1	5	14	0	0	4	0	18	3.6	1	5
CCAGACAGTGACTTGT-1	1	20	216	41243	20938	tumor_like	medium	1	1	3	0	0	0	1	0	1	0.2	0	0
CCAGACTGTCCACGTT-1	1	73	211	40820	30124	tumor_like	medium	1	1	3	0	0	0	3	0	3	0.6	0	0
CCAGATAAGTCGTGTC-1	1	18	218	41440	20589	tumor_like	medium	1	1	0	0	0	0	0	0	0	0	0	0
CCAGATTGTCTAACTC-1	1	73	73	26999	30242	tumor_like	medium	1	1	37	1	0	0	6	0	7	1.4	1	1
CCAGCAGGACCTCCTT-1	1	29	79	27535	22613	tumor_like	medium	1	1	0	0	0	0	0	0	0	0	0	0
CCAGCATATGCAATCC-1	1	81	85	28213	31618	tumor_like	medium	1	1	30	3	0	0	7	0	10	2	1	3
CCAGCATTGACGAGTC-1	1	97	89	28637	34387	tumor_like	medium	1	1	171	18	1	0	21	0	40	8	1	18
CCAGCCGATGGCACAG-1	1	87	203	40040	32557	tumor_like	medium	1	1	11	0	1	1	3	0	5	1	0	0
CCAGCCTGATCCGAGT-1	1	87	85	28221	32657	tumor_like	medium	1	1	41	4	0	0	12	0	16	3.2	1	4
CCAGCGAAGCGTCAGG-1	1	72	146	34309	30007	tumor_like	medium	1	1	21	5	0	0	1	0	6	1.2	1	5
CCAGCGTATCCATGTC-1	1	67	21	21782	29247	tumor_like	medium	1	1	1	0	0	0	1	0	1	0.2	0	0
CCAGGATAATCAATAG-1	1	64	128	32494	28636	tumor_like	medium	1	1	54	6	0	0	3	0	9	1.8	1	6
CCAGGATAGACCATCT-1	1	49	53	24960	26100	tumor_like	medium	1	1	0	0	0	0	0	0	0	0	0	0
CCAGGATGCATAGCAC-1	1	94	8	20520	33937	tumor_like	medium	1	1	31	1	1	0	4	1	7	1.4	1	1
CCAGGCGAACATTCCA-1	1	73	19	21590	30288	tumor_like	medium	1	1	0	0	0	0	0	0	0	0	0	0
CCAGGTGATATGCTTA-1	1	90	196	39343	33084	tumor_like	medium	1	1	22	3	1	0	7	0	11	2.2	1	3
CCAGGTTATGCTTAGA-1	1	18	204	40038	20601	tumor_like	medium	1	1	1	0	1	0	0	0	1	0.2	0	0
CCAGTGTCCGCACGAG-1	1	119	95	29270	38194	tumor_like	medium	1	1	63	21	1	0	12	0	34	6.8	1	21
CCATACAGCTCATATC-1	1	12	200	39629	19565	tumor_like	medium	1	1	11	6	0	0	2	1	9	1.8	1	6
CCATACATGTACCGAA-1	1	114	12	20950	37399	tumor_like	medium	1	1	21	3	0	0	4	1	8	1.6	1	3
CCATACCTTCCAATCT-1	1	43	197	39374	24938	tumor_like	medium	1	1	5	0	0	0	4	0	4	0.8	0	0
CCATACGGCACTGTCT-1	1	72	216	41320	29948	tumor_like	medium	1	1	11	4	1	0	0	0	5	1	1	4
CCATACGGCGATGGTG-1	1	109	55	25249	36495	tumor_like	medium	1	1	141	7	0	0	21	1	29	5.8	1	7
CCATAGACCGAATTAC-1	1	92	118	31534	33497	tumor_like	medium	1	1	90	9	0	0	5	0	14	2.8	1	9
CCATAGACCTGGCAAG-1	1	26	194	39048	21996	tumor_like	medium	1	1	49	2	0	0	4	0	6	1.2	1	2
CCATAGATCGCTCCGG-1	1	3	113	30902	18079	tumor_like	medium	1	1	0	1	0	0	0	0	1	0.2	0	0
CCATAGATTACGCCTC-1	1	87	171	36835	32584	tumor_like	medium	1	1	7	0	0	0	0	0	0	0	0	0
CCATAGCCACGGCGTG-1	1	69	219	41616	29424	tumor_like	medium	1	1	9	4	0	0	0	0	4	0.8	1	4
CCATAGCCACTGGCAA-1	1	86	186	38336	32399	tumor_like	medium	1	1	11	20	0	0	1	0	21	4.2	1	11
CCATAGCGATCTCATC-1	1	22	110	30629	21374	tumor_like	medium	1	1	19	5	1	0	4	0	10	2	1	5
CCATAGGATCAAGAAT-1	1	98	202	39956	34465	tumor_like	medium	1	1	5	0	0	0	0	0	0	0	0	0
CCATAGTAACCTATGA-1	1	14	158	35425	19947	tumor_like	medium	1	1	7	0	0	0	1	0	1	0.2	0	0
CCATAGTGAACACTCA-1	1	20	70	26620	21062	tumor_like	medium	1	1	1	0	0	0	0	0	0	0	0	0
CCATAGTTATGGACAA-1	1	13	121	31718	19805	tumor_like	medium	1	1	16	6	0	0	1	0	7	1.4	1	6
CCATCAGCTAGATTCG-1	1	52	168	36483	26523	tumor_like	medium	1	1	8	14	1	0	1	0	16	3.2	1	8
CCATCCATCCGCGAAG-1	1	54	72	26871	26952	tumor_like	medium	1	1	4	6	1	0	1	0	8	1.6	1	4
CCATCTGTCCAGCACG-1	1	85	207	40438	32207	tumor_like	medium	1	1	17	0	0	1	2	0	3	0.6	0	0
CCATGAACAGCAATTC-1	1	15	103	29918	20167	tumor_like	medium	1	1	8	0	0	0	3	0	3	0.6	0	0
CCATGAACTCCATATG-1	1	115	95	29264	37500	tumor_like	medium	1	1	47	7	0	0	6	0	13	2.6	1	7
CCATGACAATGTCTAC-1	1	61	195	39200	28059	tumor_like	medium	1	1	22	1	0	0	2	0	3	0.6	1	1
CCATGACACCGGTTCG-1	1	0	108	30397	17564	tumor_like	medium	1	1	1	3	0	0	1	0	4	0.8	1	1
CCATGATAACGCAGGA-1	1	111	79	27656	36821	tumor_like	medium	1	1	212	22	2	0	48	0	72	14.4	1	22
CCATGGAATGGCTGGC-1	1	43	57	25352	25057	tumor_like	medium	1	1	1	2	0	0	1	0	3	0.6	1	1
CCATGGAGGTGGTTAG-1	1	91	17	21417	33408	tumor_like	medium	1	1	19	0	0	0	5	0	5	1	0	0
CCATGGCACTTCTGGT-1	1	90	14	21115	33239	tumor_like	medium	1	1	42	11	0	0	26	0	37	7.4	1	11
CCATGGCAGTAGCGGC-1	1	102	112	30948	35234	tumor_like	medium	1	1	154	5	0	0	9	0	14	2.8	1	5
CCATGGCGTGTTGACG-1	1	115	83	28062	37511	tumor_like	medium	1	1	120	16	2	0	19	0	37	7.4	1	16
CCATGTAGGTCAGTAA-1	1	69	145	34204	29487	tumor_like	medium	1	1	10	2	0	0	2	0	4	0.8	1	2
CCATGTTCTTCATCGA-1	1	39	137	33359	24296	tumor_like	medium	1	1	5	0	0	0	0	0	0	0	0	0
CCATTAGTACTTACAA-1	1	111	57	25452	36840	tumor_like	medium	1	1	111	10	1	0	23	0	34	6.8	1	10
CCATTCAGACTCTGCA-1	1	74	90	28703	30402	tumor_like	medium	1	1	20	3	0	0	2	0	5	1	1	3
CCATTCAGCATATGGC-1	1	51	43	23962	26455	stroma_fibroblast	medium	0	0	0	0	0	0	0	0	0	0	0	0
CCATTCTAGCCTCATC-1	1	104	70	26744	35617	tumor_like	medium	1	1	210	12	4	0	16	0	32	6.4	1	12
CCATTCTGGATTGACG-1	1	79	215	41230	31160	tumor_like	medium	1	1	12	4	0	0	1	0	5	1	1	4
CCGAACCATAGATCTA-1	1	105	105	30251	35759	tumor_like	medium	1	1	101	17	4	0	9	0	30	6	1	17
CCGAAGGTGAGTCTGG-1	1	60	126	32288	27945	tumor_like	medium	1	1	33	9	0	0	9	0	18	3.6	1	9
CCGACAATGTCGAGCT-1	1	79	143	34019	31222	tumor_like	medium	1	1	48	12	1	0	4	0	17	3.4	1	12
CCGACAATTGCAACAG-1	1	37	159	35559	23931	tumor_like	medium	1	1	31	8	0	0	4	0	12	2.4	1	8
CCGACACCAGTCACAT-1	1	60	140	33690	27933	tumor_like	medium	1	1	11	3	1	0	1	0	5	1	1	3
CCGACAGAGGACCATT-1	1	101	91	28843	35078	tumor_like	medium	1	1	238	39	0	0	27	0	66	13.2	1	39
CCGACATAACCAACCG-1	1	44	168	36471	25137	tumor_like	medium	1	1	19	8	0	0	3	0	11	2.2	1	8
CCGACATAAGTATCAA-1	1	0	16	21182	17643	tumor_like	medium	1	1	0	0	0	0	0	0	0	0	0	0
CCGACATCGCTCACTC-1	1	115	149	34673	37454	ambiguous_or_low_signal	low	0	0	0	0	0	0	0	0	0	0	0	0
CCGACCGGAGAATCCG-1	1	17	53	24913	20556	tumor_like	medium	1	1	0	0	0	0	0	0	0	0	0	0
CCGACCTCTAGCCGTC-1	1	100	76	27339	34919	tumor_like	medium	1	1	167	93	5	0	32	0	130	26	1	93
CCGACTTAGAAGACTC-1	1	65	205	40208	28743	tumor_like	medium	1	1	7	0	0	0	0	0	0	0	0	0
CCGAGCCAGACCGGTG-1	1	91	103	30030	33335	tumor_like	medium	1	1	112	4	0	0	6	0	10	2	1	4
CCGATAATGGCCTAGT-1	1	108	138	33561	36252	tumor_like	medium	1	1	13	0	1	0	5	0	6	1.2	0	0
CCGATACCTCGCGAAT-1	1	86	134	33128	32443	tumor_like	medium	1	1	27	1	0	0	8	0	9	1.8	1	1
CCGATACTGTAAGGTC-1	1	88	216	41343	32720	tumor_like	medium	1	1	114	0	0	0	16	0	16	3.2	0	0
CCGATAGTTAGCGGTC-1	1	43	191	38773	24943	tumor_like	medium	1	1	7	20	1	0	1	0	22	4.4	1	7
CCGATTAACCTTATGC-1	1	95	73	27031	34054	tumor_like	medium	1	1	128	8	0	0	17	0	25	5	1	8
CCGCAACGAGCCAGAT-1	1	81	223	42034	31500	tumor_like	medium	1	1	125	1	1	0	22	1	25	5	1	1
CCGCAAGGATTGCAGG-1	1	102	104	30147	35241	tumor_like	medium	1	1	110	4	0	0	16	0	20	4	1	4
CCGCAAGGTTAGATTC-1	1	40	174	37066	24439	tumor_like	medium	1	1	32	11	0	0	2	0	13	2.6	1	11
CCGCAAGTAGGCATCA-1	1	2	214	41016	17820	tumor_like	medium	1	1	0	0	1	0	0	0	1	0.2	0	0
CCGCAAGTCCGATTAT-1	1	46	180	37676	25473	tumor_like	medium	1	1	4	8	0	0	0	0	8	1.6	1	4
CCGCAATATCGTTCAA-1	1	80	70	26709	31458	tumor_like	medium	1	1	43	1	1	0	11	1	14	2.8	1	1
CCGCAATCGCAGCTCC-1	1	113	43	24053	37198	tumor_like	medium	1	1	224	50	5	0	29	0	84	16.8	1	50
CCGCACATAACGTGTC-1	1	122	88	28574	38720	tumor_like	medium	1	1	26	1	0	0	5	0	6	1.2	1	1
CCGCAGGACCAAGTCG-1	1	55	91	28775	27108	tumor_like	medium	1	1	16	0	0	0	3	0	3	0.6	0	0
CCGCATAGTAATCTCC-1	1	29	123	31942	22575	tumor_like	medium	1	1	11	0	0	0	1	0	1	0.2	0	0
CCGCCACTGTGACTTG-1	1	89	69	26622	33018	tumor_like	medium	1	1	64	0	0	0	17	0	17	3.4	0	0
CCGCCTGTGAATGCCG-1	1	93	173	37044	33622	tumor_like	medium	1	1	0	0	0	0	0	0	0	0	0	0
CCGCGACCAAGACCTG-1	1	112	134	33166	36948	tumor_like	medium	1	1	34	4	0	0	1	0	5	1	1	4
CCGCGAGCGAACGCAC-1	1	117	133	33073	37815	tumor_like	medium	1	1	6	0	0	0	4	0	4	0.8	0	0
CCGCGAGTATTGTCTT-1	1	89	49	24619	33035	tumor_like	medium	1	1	106	9	0	0	6	0	15	3	1	9
CCGCGATCGTAACCGA-1	1	42	50	24650	24891	tumor_like	medium	1	1	1	0	0	0	0	0	0	0	0	0
CCGCGGACCACGAGCT-1	1	60	24	22072	28032	tumor_like	medium	1	1	0	0	0	0	1	0	1	0.2	0	0
CCGCGTAATAGATGTC-1	1	75	131	32811	30539	tumor_like	medium	1	1	41	15	0	0	6	0	21	4.2	1	15
CCGCGTAATAGCAAGG-1	1	26	72	26829	22100	ambiguous_or_low_signal	low	0	0	0	0	0	0	0	0	0	0	0	0
CCGCGTCTAGACCTCA-1	1	39	193	38967	24248	tumor_like	medium	1	1	3	2	0	0	3	0	5	1	1	2
CCGCGTCTAGCTCAAT-1	1	17	77	27317	20535	tumor_like	medium	1	1	0	0	0	0	0	0	0	0	0	0
CCGCGTCTGATTAAGC-1	1	74	152	34913	30349	tumor_like	medium	1	1	14	1	0	0	7	0	8	1.6	1	1
CCGCGTGCGACGGAAG-1	1	22	120	31631	21366	tumor_like	medium	1	1	8	2	0	0	2	0	4	0.8	1	2
CCGCGTTAAGCAATTG-1	1	105	119	31653	35747	tumor_like	medium	1	1	9	5	0	0	1	0	6	1.2	1	5
CCGCGTTAATGTAGAA-1	1	116	52	24959	37711	tumor_like	medium	1	1	165	5	0	0	38	0	43	8.6	1	5
CCGCGTTCCTGCGGTG-1	1	95	43	24027	34079	tumor_like	medium	1	1	47	10	0	0	9	0	19	3.8	1	10
CCGCGTTGCATGAGTT-1	1	31	183	37954	22871	tumor_like	medium	1	1	20	10	0	0	8	0	18	3.6	1	10
CCGCTCAAGATCCGGC-1	1	0	40	23586	17622	ambiguous_or_low_signal	low	0	0	0	0	0	0	0	0	0	0	0	0
CCGCTCACGTGCTGTA-1	1	48	118	31469	25873	tumor_like	medium	1	1	7	2	0	0	1	0	3	0.6	1	2
CCGCTCAGCGCAAGCT-1	1	61	25	22174	28204	tumor_like	medium	1	1	0	0	0	0	0	0	0	0	0	0
CCGCTCAGTTCCTCAA-1	1	79	201	39828	31172	tumor_like	medium	1	1	19	2	0	0	1	0	3	0.6	1	2
CCGCTCCGGTCAGAAC-1	1	64	124	32094	28640	tumor_like	medium	1	1	23	2	0	0	4	0	6	1.2	1	2
CCGCTCCGTAGTGCTT-1	1	98	174	37152	34488	tumor_like	medium	1	1	0	1	0	0	0	0	1	0.2	0	0
CCGCTCGCTACCAGGT-1	1	87	155	35232	32598	tumor_like	medium	1	1	16	3	0	0	4	0	7	1.4	1	3
CCGCTCGGCCAATATT-1	1	48	108	30467	25881	tumor_like	medium	1	1	48	2	0	0	1	0	3	0.6	1	2
CCGCTCGGTCACAGTC-1	1	37	167	36360	23924	tumor_like	medium	1	1	24	2	1	0	6	0	9	1.8	1	2
CCGCTCGGTTGAGGTG-1	1	68	20	21683	29422	tumor_like	medium	1	1	0	0	0	0	0	0	0	0	0	0
CCGCTCTAGTATTAGC-1	1	81	123	32018	31585	tumor_like	medium	1	1	16	2	0	0	3	0	5	1	1	2
CCGCTGGTCACTAGTA-1	1	29	185	38151	22522	tumor_like	medium	1	1	15	4	0	0	5	0	9	1.8	1	4
CCGCTGGTTAGATTGG-1	1	50	46	24261	26281	tumor_like	medium	1	1	0	0	0	0	0	0	0	0	0	0
CCGGACGAAGTTAACT-1	1	40	186	38268	24429	tumor_like	medium	1	1	2	8	1	0	1	0	10	2	1	2
CCGGACGACCTGTAGT-1	1	82	216	41335	31680	tumor_like	medium	1	1	11	1	1	0	3	0	5	1	1	1
CCGGACGAGTTCCAAG-1	1	127	103	30083	39573	tumor_like	medium	1	1	14	4	0	0	4	0	8	1.6	1	4
CCGGACTAACTTACTG-1	1	100	112	30945	34888	tumor_like	medium	1	1	131	0	0	0	7	0	7	1.4	0	0
CCGGACTAGGATGCAA-1	1	96	84	28135	34219	tumor_like	medium	1	1	271	7	0	0	37	0	44	8.8	1	7
CCGGAGACGTCCAGAA-1	1	112	86	28358	36989	tumor_like	medium	1	1	39	5	0	0	4	0	9	1.8	1	5
CCGGAGGTAATTCTTA-1	1	7	125	32110	18762	tumor_like	medium	1	1	8	4	0	0	0	0	4	0.8	1	4
CCGGAGGTTACGATGC-1	1	18	60	25616	20724	tumor_like	medium	1	1	1	0	0	0	0	0	0	0	0	0
CCGGAGTATGTTCCAG-1	1	73	83	28000	30233	tumor_like	medium	1	1	18	0	0	0	1	0	1	0.2	0	0
CCGGAGTCCACGCTTC-1	1	78	168	36521	31028	tumor_like	medium	1	1	20	0	0	0	3	0	3	0.6	0	0
CCGGAGTCCGTTACGC-1	1	103	135	33253	35387	tumor_like	medium	1	1	31	0	0	0	2	0	2	0.4	0	0
CCGGAGTCTTCGTGGC-1	1	105	73	27046	35786	tumor_like	medium	1	1	182	3	3	0	23	0	29	5.8	1	3
CCGGAGTTCATAGCGG-1	1	85	61	25815	32331	tumor_like	medium	1	1	65	1	0	0	12	0	13	2.6	1	1
CCGGATCACCTGCGGC-1	1	34	204	40062	23374	tumor_like	medium	1	1	2	1	0	0	0	0	1	0.2	1	1
CCGGATCATATGTCAC-1	1	84	78	27516	32145	tumor_like	medium	1	1	66	4	0	0	4	0	8	1.6	1	4
CCGGATCGCCACTTGC-1	1	88	214	41143	32722	tumor_like	medium	1	1	89	2	0	0	11	0	13	2.6	1	2
CCGGATTGCGAGTGCG-1	1	4	26	22190	18327	tumor_like	medium	1	1	0	0	0	0	0	0	0	0	0	0
CCGGATTGGTGCTTCT-1	1	39	183	37966	24257	tumor_like	medium	1	1	3	9	1	0	1	0	11	2.2	1	3
CCGGCAATTGGAGGTG-1	1	72	112	30904	30036	tumor_like	medium	1	1	11	0	0	0	0	0	0	0	0	0
CCGGCACGAGTGTTCA-1	1	87	103	30024	32642	tumor_like	medium	1	1	47	1	0	0	7	0	8	1.6	1	1
CCGGCACGTTGACATT-1	1	52	176	37284	26516	tumor_like	medium	1	1	17	11	2	0	1	0	14	2.8	1	11
CCGGCAGAGTACGTCT-1	1	74	138	33511	30361	tumor_like	medium	1	1	36	4	0	0	2	0	6	1.2	1	4
CCGGCAGCCGGTGAAG-1	1	76	148	34515	30699	tumor_like	medium	1	1	10	2	0	0	1	0	3	0.6	1	2
CCGGCAGCTCCAATCG-1	1	24	58	25424	21765	tumor_like	medium	1	1	1	0	0	0	0	0	0	0	0	0
CCGGCAGCTCTAGGAT-1	1	29	203	39954	22507	tumor_like	medium	1	1	7	2	0	0	0	0	2	0.4	1	2
CCGGCATAATACAAGG-1	1	32	110	30644	23107	tumor_like	medium	1	1	1	1	0	0	0	0	1	0.2	1	1
CCGGCATAGCAGGCTG-1	1	105	113	31052	35752	tumor_like	medium	1	1	61	1	0	0	10	0	11	2.2	1	1
CCGGCATAGGAGAACC-1	1	73	23	21991	30284	tumor_like	medium	1	1	0	0	0	0	0	0	0	0	0	0
CCGGCATGGTCGCCAC-1	1	97	15	21225	34450	tumor_like	medium	1	1	9	0	1	0	5	0	6	1.2	0	0
CCGGCGAATACATGGT-1	1	17	71	26716	20540	tumor_like	medium	1	1	1	0	0	0	0	0	0	0	0	0
CCGGCGAATCTTAGGC-1	1	44	144	34067	25157	tumor_like	medium	1	1	1	4	0	0	0	0	4	0.8	1	1
CCGGCGAGCGTAGAAT-1	1	111	85	28257	36816	tumor_like	medium	1	1	62	17	1	0	12	0	30	6	1	17
CCGGCGAGGCAACGAT-1	1	12	156	35222	19603	tumor_like	medium	1	1	14	0	0	0	2	0	2	0.4	0	0
CCGGCGAGGTCTGTCG-1	1	110	2	19942	36714	tumor_like	medium	1	1	45	2	0	0	12	0	14	2.8	1	2
CCGGCGAGTTATCATG-1	1	104	144	34156	35554	tumor_like	medium	1	1	13	1	0	0	2	0	3	0.6	1	1
CCGGCGCATTCGCTGC-1	1	69	105	30198	29521	tumor_like	medium	1	1	66	9	0	0	8	0	17	3.4	1	9
CCGGCGGTACATCCAG-1	1	108	142	33961	36248	tumor_like	medium	1	1	4	1	0	0	1	0	2	0.4	1	1
CCGGCGTCAAGGTCTG-1	1	55	131	32781	27073	tumor_like	medium	1	1	20	4	1	0	4	0	9	1.8	1	4
CCGGCGTCCGATAGTG-1	1	74	104	30105	30390	tumor_like	medium	1	1	112	1	0	0	10	0	11	2.2	1	1
CCGGCGTCGGCCGTTA-1	1	110	74	27154	36653	tumor_like	medium	1	1	132	28	4	0	15	0	47	9.4	1	28
CCGGCGTTCTGTATCC-1	1	70	140	33705	29666	tumor_like	medium	1	1	4	2	1	0	4	0	7	1.4	1	2
CCGGTAACGGCATTCC-1	1	9	23	21897	19195	tumor_like	medium	1	1	0	0	0	0	0	0	0	0	0	0
CCGGTAACTGAGTGGC-1	1	85	75	27217	32319	tumor_like	medium	1	1	79	2	0	0	14	0	16	3.2	1	2
CCGGTTACGGAGACCG-1	1	18	156	35231	20642	tumor_like	medium	1	1	2	0	0	0	1	0	1	0.2	0	0
CCGGTTGTCTAGCGGC-1	1	81	191	38829	31527	tumor_like	medium	1	1	50	3	1	0	1	0	5	1	1	3
CCGTAACAATTATGCG-1	1	95	77	27432	34050	tumor_like	medium	1	1	150	24	0	0	19	0	43	8.6	1	24
CCGTAACATCGAATGC-1	1	60	124	32088	27947	tumor_like	medium	1	1	32	8	0	0	3	0	11	2.2	1	8
CCGTAACTGTAGACTT-1	1	114	64	26158	37355	tumor_like	medium	1	1	160	9	4	0	17	0	30	6	1	9
CCGTAACTTGAATGGT-1	1	80	140	33720	31399	tumor_like	medium	1	1	75	3	0	0	6	0	9	1.8	1	3
CCGTAAGACTGGCGGT-1	1	126	72	26977	39427	tumor_like	medium	1	1	27	4	1	0	2	0	7	1.4	1	4
CCGTAAGATAGTCCAC-1	1	45	189	38576	25291	tumor_like	medium	1	1	2	15	0	0	2	0	17	3.4	1	2
CCGTAAGCAGGTCAGT-1	1	31	189	38555	22866	tumor_like	medium	1	1	14	8	0	0	2	0	10	2	1	8
CCGTATACCTTATGGC-1	1	7	19	21493	18852	tumor_like	medium	1	1	0	0	0	0	0	0	0	0	0	0
CCGTATCATTGGCCTT-1	1	21	217	41345	21109	tumor_like	medium	1	1	0	0	1	0	1	0	2	0.4	0	0
CCGTATCTCGAAGGTG-1	1	20	132	32830	21009	tumor_like	medium	1	1	20	5	0	0	1	0	6	1.2	1	5
CCGTATGTAATCTAGA-1	1	25	79	27529	21920	tumor_like	medium	1	1	0	0	0	0	0	0	0	0	0	0
CCGTATGTTGCACGAT-1	1	28	150	34645	22380	tumor_like	medium	1	1	57	0	0	0	10	0	10	2	0	0
CCGTATTCAATCCTGC-1	1	68	144	34103	29316	tumor_like	medium	1	1	5	2	0	0	0	0	2	0.4	1	2
CCGTCCGACGCACGCT-1	1	11	111	30713	19467	tumor_like	medium	1	1	6	1	0	0	5	0	6	1.2	1	1
CCGTCGACAATTCTGG-1	1	97	11	20825	34453	tumor_like	medium	1	1	13	1	0	0	3	0	4	0.8	1	1
CCGTCGGTAGGCCGTG-1	1	70	18	21486	29770	tumor_like	medium	1	1	0	0	0	0	0	0	0	0	0	0
CCGTGAGCCACTATAG-1	1	108	146	34362	36245	tumor_like	medium	1	1	5	0	0	0	0	0	0	0	0	0
CCGTGATGACCTATCA-1	1	20	174	37036	20973	tumor_like	medium	1	1	11	1	0	0	3	0	4	0.8	1	1
CCGTGATGTAAGCAAC-1	1	82	168	36527	31721	tumor_like	medium	1	1	3	0	0	0	0	0	0	0	0	0
CCGTGCTCGATATGAT-1	1	110	144	34165	36593	tumor_like	medium	1	1	4	0	0	0	0	0	0	0	0	0
CCGTGCTGAGCATGGC-1	1	61	201	39801	28053	tumor_like	medium	1	1	17	0	0	0	6	0	6	1.2	0	0
CCGTGCTGCACGGATT-1	1	88	60	25719	32853	tumor_like	medium	1	1	36	3	0	0	10	0	13	2.6	1	3
CCGTGGAAGGAATTAT-1	1	81	203	40031	31517	tumor_like	medium	1	1	61	1	0	0	5	0	6	1.2	1	1
CCGTGGCCAATTGGAT-1	1	64	214	41108	28563	tumor_like	medium	1	1	93	13	1	0	9	0	23	4.6	1	13
CCGTTAAGTGATGCAG-1	1	101	199	39660	34986	tumor_like	medium	1	1	0	0	0	0	0	0	0	0	0	0
CCGTTCTTCGATGCCA-1	1	40	22	21842	24568	tumor_like	medium	1	1	2	0	0	0	1	0	1	0.2	0	0
CCGTTGTAACGAAGTA-1	1	32	38	23433	23169	tumor_like	medium	1	1	0	1	0	0	0	0	1	0.2	0	0
CCTAACGCTACACGTT-1	1	116	46	24358	37716	tumor_like	medium	1	1	220	6	0	0	32	1	39	7.8	1	6
CCTAACGCTTAATGAA-1	1	112	84	28158	36991	tumor_like	medium	1	1	138	6	0	0	15	0	21	4.2	1	6
CCTAACTACCGGTACA-1	1	64	72	26885	28684	tumor_like	medium	1	1	8	3	1	0	0	0	4	0.8	1	3
CCTAACTACGCTCGGA-1	1	62	146	34294	28275	tumor_like	medium	1	1	32	1	0	0	1	0	2	0.4	1	1
CCTAACTTGGACTCGT-1	1	49	139	33574	26027	tumor_like	medium	1	1	5	1	0	0	2	0	3	0.6	1	1
CCTAAGCCACTCGAAC-1	1	114	6	20349	37404	tumor_like	medium	1	1	9	7	0	0	5	0	12	2.4	1	7
CCTAAGCGTAGGTCGC-1	1	94	66	26329	33887	tumor_like	medium	1	1	80	11	1	0	12	0	24	4.8	1	11
CCTAATCGGAGGTACT-1	1	31	205	40158	22852	tumor_like	medium	1	1	1	0	0	0	1	0	1	0.2	0	0
CCTAATGGCAATACAA-1	1	8	216	41225	18858	tumor_like	medium	1	1	0	0	0	0	1	0	1	0.2	0	0
CCTAATTGCCATCAAC-1	1	105	19	21638	35833	tumor_like	medium	1	1	20	1	0	0	1	0	2	0.4	1	1
CCTACCAAGATGAGGA-1	1	20	114	31027	21024	tumor_like	medium	1	1	8	4	0	0	0	0	4	0.8	1	4
CCTACCACAGGCGTGG-1	1	101	121	31848	35052	tumor_like	medium	1	1	60	1	0	0	11	0	12	2.4	1	1
CCTACCGCGACCATTG-1	1	90	76	27324	33186	tumor_like	medium	1	1	397	4	0	0	18	0	22	4.4	1	4
CCTACCGCGGAGTCAT-1	1	24	176	37243	21665	tumor_like	medium	1	1	13	0	0	0	4	0	4	0.8	0	0
CCTACGAGTAATACAT-1	1	40	200	39670	24417	tumor_like	medium	1	1	11	0	0	0	1	0	1	0.2	0	0
CCTACGCTGAAGTATC-1	1	14	102	29816	19995	tumor_like	medium	1	1	2	3	0	0	0	1	4	0.8	1	2
CCTACGCTGCTCAGAA-1	1	65	123	31995	28813	tumor_like	medium	1	1	22	5	0	0	3	0	8	1.6	1	5
CCTACGGCGTATCCTC-1	1	19	183	37936	20791	tumor_like	medium	1	1	13	0	0	0	2	0	2	0.4	0	0
CCTACGTAAGTGAACC-1	1	35	123	31951	23615	tumor_like	medium	1	1	34	0	0	0	7	0	7	1.4	0	0
CCTACGTGCGAGTTAG-1	1	110	54	25150	36670	tumor_like	medium	1	1	108	7	0	0	21	1	29	5.8	1	7
CCTACGTGTCGGAAGG-1	1	64	152	34898	28616	tumor_like	medium	1	1	22	0	0	0	2	0	2	0.4	0	0
CCTAGACACGTTAATA-1	1	120	82	27970	38379	tumor_like	medium	1	1	26	3	1	0	4	0	8	1.6	1	3
CCTAGACTCGAAGACC-1	1	23	85	28127	21568	ambiguous_or_low_signal	low	0	0	0	0	0	0	0	0	0	0	0	0
CCTAGAGTGCTCGACT-1	1	62	110	30688	28305	tumor_like	medium	1	1	50	0	0	0	6	0	6	1.2	0	0
CCTAGCTCTTGGCCGT-1	1	58	120	31684	27604	tumor_like	medium	1	1	10	0	0	0	1	0	1	0.2	0	0
CCTAGTCAACGCGACC-1	1	60	212	40901	27872	tumor_like	medium	1	1	38	2	0	0	4	0	6	1.2	1	2
CCTAGTTCGAGTACAT-1	1	94	170	36745	33799	tumor_like	medium	1	1	6	0	0	0	0	0	0	0	0	0
CCTATCAACGCCTCAT-1	1	83	175	37230	31888	tumor_like	medium	1	1	3	1	0	0	0	0	1	0.2	1	1
CCTATGATCCGCTTCT-1	1	106	18	21539	36008	tumor_like	medium	1	1	4	3	0	0	1	0	4	0.8	1	3
CCTATGGCAGATGTGG-1	1	87	149	34631	32603	tumor_like	medium	1	1	11	6	1	0	3	0	10	2	1	6
CCTATGTCAATCCGCT-1	1	83	153	35026	31906	tumor_like	medium	1	1	4	2	1	0	2	0	5	1	1	2
CCTATGTTATCCTTCG-1	1	36	124	32052	23788	tumor_like	medium	1	1	30	0	0	0	6	0	6	1.2	0	0
CCTCACAAGTCTGTAG-1	1	63	69	26583	28513	tumor_like	medium	1	1	9	3	0	0	2	0	5	1	1	3
CCTCACATCAATACGT-1	1	15	147	34325	20129	tumor_like	medium	1	1	11	1	0	0	0	0	1	0.2	1	1
CCTCACCGCCACAACT-1	1	62	42	23878	28363	tumor_like	medium	1	1	0	0	0	0	0	0	0	0	0	0
CCTCACCTAACGTTCA-1	1	67	129	32599	29154	tumor_like	medium	1	1	20	1	0	0	1	0	2	0.4	1	1
CCTCACGTCTGTGCCA-1	1	80	84	28111	31446	tumor_like	medium	1	1	70	0	0	0	9	0	9	1.8	0	0
CCTCACTAGTTCTTAC-1	1	65	81	27788	28849	tumor_like	medium	1	1	3	0	0	0	1	0	1	0.2	0	0
CCTCACTATGCGGTGA-1	1	55	149	34584	27058	tumor_like	medium	1	1	9	2	0	0	1	0	3	0.6	1	2
CCTCACTCTGCACTTC-1	1	30	112	30842	22759	tumor_like	medium	1	1	1	0	0	0	1	0	1	0.2	0	0
CCTCAGATCTGCGTAA-1	1	77	117	31412	30897	tumor_like	medium	1	1	11	0	0	0	3	0	3	0.6	0	0
CCTCCACCGAGCACCA-1	1	7	141	33712	18748	tumor_like	medium	1	1	49	9	0	1	8	0	18	3.6	1	9
CCTCCACGGCTGACAA-1	1	13	153	34923	19777	tumor_like	medium	1	1	8	1	0	0	1	0	2	0.4	1	1
CCTCCAGAGGTCTTAA-1	1	87	147	34431	32604	tumor_like	medium	1	1	35	4	0	0	3	0	7	1.4	1	4
CCTCCATCAGTTACGC-1	1	83	81	27815	31968	tumor_like	medium	1	1	83	5	0	0	6	1	12	2.4	1	5
CCTCCATCGCAGTCGA-1	1	54	38	23465	26981	ambiguous_or_low_signal	low	0	0	0	0	0	1	0	0	1	0.2	0	0
CCTCCATTATCAGTCT-1	1	125	101	29880	39228	tumor_like	medium	1	1	18	3	1	0	2	0	6	1.2	1	3
CCTCCGCTCCACGACA-1	1	4	108	30403	18257	tumor_like	medium	1	1	5	2	0	0	0	0	2	0.4	1	2
CCTCCGCTTGCCTGGA-1	1	61	81	27782	28156	tumor_like	medium	1	1	9	0	0	0	1	0	1	0.2	0	0
CCTCCGGTGGCATTGG-1	1	23	177	37341	21490	tumor_like	medium	1	1	11	0	1	0	2	0	3	0.6	0	0
CCTCCGGTTGTCCGTT-1	1	5	105	30104	18432	tumor_like	medium	1	1	1	0	0	0	1	0	1	0.2	0	0
CCTCGCAGCCTGTATC-1	1	1	129	32501	17719	tumor_like	medium	1	1	3	1	0	0	1	0	2	0.4	1	1
CCTCGCAGTGCGAGTA-1	1	43	155	35167	24974	tumor_like	medium	1	1	3	4	0	0	6	0	10	2	1	3
CCTCGCGACGATCCTG-1	1	62	24	22075	28379	tumor_like	medium	1	1	0	0	0	0	0	0	0	0	0	0
CCTCGCGACGCTTACT-1	1	67	135	33200	29149	tumor_like	medium	1	1	18	3	0	0	1	0	4	0.8	1	3
CCTCGCGAGGTCGGTG-1	1	95	121	31839	34013	tumor_like	medium	1	1	39	9	2	0	13	0	24	4.8	1	9
CCTCGCGATTCCGCCT-1	1	62	26	22275	28377	tumor_like	medium	1	1	0	0	1	0	0	0	1	0.2	0	0
CCTCGCGGATCGTTAG-1	1	63	135	33194	28456	tumor_like	medium	1	1	49	5	0	0	8	0	13	2.6	1	5
CCTCGCTTCAACCTTG-1	1	100	78	27539	34917	tumor_like	medium	1	1	194	30	3	0	24	0	57	11.4	1	30
CCTCGGAATACCGCGA-1	1	15	219	41536	20068	tumor_like	medium	1	1	1	0	0	0	0	0	0	0	0	0
CCTCGGAATTCCTATG-1	1	97	197	39454	34295	tumor_like	medium	1	1	11	0	0	1	1	0	2	0.4	0	0
CCTCGGCAGATCATCC-1	1	63	101	29788	28485	tumor_like	medium	1	1	37	2	0	0	6	0	8	1.6	1	2
CCTCGGCAGCGTAGTG-1	1	25	107	30333	21896	tumor_like	medium	1	1	0	0	0	0	0	0	0	0	0	0
CCTCGGCGGTTCCAAG-1	1	81	181	37828	31536	tumor_like	medium	1	1	12	9	2	0	1	0	12	2.4	1	9
CCTCGGTAGGATCGAG-1	1	109	93	29055	36463	tumor_like	medium	1	1	54	12	0	0	2	0	14	2.8	1	12
CCTCGGTAGTCACTTA-1	1	24	82	27828	21745	tumor_like	medium	1	1	0	0	0	0	0	0	0	0	0	0
CCTCGGTTGTATTCTG-1	1	87	63	26018	32676	tumor_like	medium	1	1	33	5	0	0	7	0	12	2.4	1	5
CCTCTAAGATCTCGTT-1	1	124	64	26173	39087	tumor_like	medium	1	1	40	0	0	0	8	0	8	1.6	0	0
CCTCTACCTCAATATT-1	1	89	43	24018	33040	tumor_like	medium	1	1	117	9	0	1	11	0	21	4.2	1	9
CCTCTAGAACCTATAC-1	1	86	154	35131	32426	tumor_like	medium	1	1	16	1	0	0	2	0	3	0.6	1	1
CCTCTAGACGTAGGCC-1	1	86	118	31525	32457	tumor_like	medium	1	1	41	0	0	0	5	0	5	1	0	0
CCTCTAGCCGGACAAT-1	1	40	142	33861	24466	tumor_like	medium	1	1	11	2	0	0	1	0	3	0.6	1	2
CCTCTAGCTCCACTGA-1	1	127	73	27079	39598	tumor_like	medium	1	1	35	6	0	0	11	0	17	3.4	1	6
CCTCTAGGATAGATGG-1	1	71	63	25994	29904	tumor_like	medium	1	1	34	1	0	0	3	0	4	0.8	1	1
CCTCTATGGATTGGCC-1	1	74	76	27301	30414	tumor_like	medium	1	1	7	0	0	0	2	0	2	0.4	0	0
CCTCTATGTTAGACCA-1	1	76	136	33313	30709	tumor_like	medium	1	1	58	0	0	0	6	0	6	1.2	0	0
CCTCTATTAATACCGA-1	1	31	77	27338	22961	tumor_like	medium	1	1	0	0	0	0	0	0	0	0	0	0
CCTCTATTCGTGATCC-1	1	91	83	28027	33352	tumor_like	medium	1	1	65	2	0	1	19	0	22	4.4	1	2
CCTCTATTGCCTGTTC-1	1	29	69	26533	22621	tumor_like	medium	1	1	0	0	0	0	0	0	0	0	0	0
CCTCTATTGGAGCGTC-1	1	104	166	36359	35535	tumor_like	medium	1	1	0	0	0	0	1	0	1	0.2	0	0
CCTCTATTGTGCACCG-1	1	115	129	32670	37471	tumor_like	medium	1	1	12	0	0	0	2	1	3	0.6	0	0
CCTCTTCGCTGTAGGT-1	1	71	93	28999	29878	tumor_like	medium	1	1	14	0	0	0	1	0	1	0.2	0	0
CCTGAACAGCGTCAGA-1	1	108	130	32759	36259	tumor_like	medium	1	1	13	2	0	0	1	0	3	0.6	1	2
CCTGAACCAGTCCGGC-1	1	46	162	35873	25489	tumor_like	medium	1	1	16	3	0	0	1	0	4	0.8	1	3
CCTGAAGCGGCCATCT-1	1	102	82	27943	35260	tumor_like	medium	1	1	725	7	0	0	25	0	32	6.4	1	7
CCTGAAGTGAACAAGA-1	1	101	119	31647	35054	tumor_like	medium	1	1	50	2	0	0	6	0	8	1.6	1	2
CCTGAAGTGCTCTGAA-1	1	73	123	32007	30199	tumor_like	medium	1	1	15	0	0	0	3	0	3	0.6	0	0
CCTGAAGTTGGCACTC-1	1	27	113	30937	22237	tumor_like	medium	1	1	0	0	0	0	2	0	2	0.4	0	0
CCTGAATACGTCTACA-1	1	83	167	36428	31894	tumor_like	medium	1	1	15	0	0	0	3	0	3	0.6	0	0
CCTGAATAGGCCAGGA-1	1	83	85	28215	31964	tumor_like	medium	1	1	162	2	0	0	8	0	10	2	1	2
CCTGCGGAGGCTATGC-1	1	95	11	20822	34107	tumor_like	medium	1	1	14	1	0	0	2	0	3	0.6	1	1
CCTGCTACCTGAGTTG-1	1	28	110	30638	22414	tumor_like	medium	1	1	0	0	0	0	3	0	3	0.6	0	0
CCTGCTACGCAGAAGC-1	1	72	136	33307	30016	tumor_like	medium	1	1	22	2	1	0	2	0	5	1	1	2
CCTGCTCCGCAACATT-1	1	86	64	26117	32503	tumor_like	medium	1	1	39	2	0	0	7	0	9	1.8	1	2
CCTGCTCGCTAACGTG-1	1	88	208	40542	32727	tumor_like	medium	1	1	10	4	0	0	1	0	5	1	1	4
CCTGCTCGGTTGTCCG-1	1	12	42	23804	19700	tumor_like	medium	1	1	0	0	0	0	0	0	0	0	0	0
CCTGCTGGCTTGAGCA-1	1	81	91	28813	31613	tumor_like	medium	1	1	99	3	0	0	9	0	12	2.4	1	3
CCTGCTTAGACTAGTT-1	1	37	37	23340	24035	stroma_fibroblast	medium	0	0	0	0	0	0	0	0	0	0	0	0
CCTGCTTAGTGCATGT-1	1	115	69	26660	37523	tumor_like	medium	1	1	91	5	2	1	11	0	19	3.8	1	5
CCTGCTTCTGGCCTCC-1	1	112	122	31964	36959	tumor_like	medium	1	1	23	5	0	0	4	0	9	1.8	1	5
CCTGGACTAATTAGCT-1	1	4	34	22991	18320	tumor_like	medium	1	1	0	0	0	0	0	0	0	0	0	0
CCTGGACTGTAGTGTT-1	1	88	142	33932	32783	tumor_like	medium	1	1	97	1	0	0	4	0	5	1	1	1
CCTGGATAACCTAGAA-1	1	91	67	26424	33366	tumor_like	medium	1	1	138	14	0	0	18	0	32	6.4	1	14
CCTGGCACCTCACGCT-1	1	52	182	37885	26511	tumor_like	medium	1	1	7	8	2	0	2	0	12	2.4	1	7
CCTGGCATGTACTATG-1	1	122	56	25369	38748	tumor_like	medium	1	1	146	11	1	0	13	0	25	5	1	11
CCTGGCCAGGTTATTC-1	1	93	151	34841	33641	tumor_like	medium	1	1	28	7	0	0	2	0	9	1.8	1	7
CCTGGCCATATGCGGA-1	1	76	126	32312	30717	tumor_like	medium	1	1	77	1	0	1	7	0	9	1.8	1	1
CCTGGCGAATCCTAGG-1	1	102	138	33552	35212	tumor_like	medium	1	1	21	0	0	0	9	0	9	1.8	0	0
CCTGGCTTAATGTTCT-1	1	72	196	39317	29965	tumor_like	medium	1	1	14	2	0	0	0	0	2	0.4	1	2
CCTGTCCACGTAGTGA-1	1	90	114	31130	33153	tumor_like	medium	1	1	34	4	0	0	3	0	7	1.4	1	4
CCTGTCCTGCGACAAC-1	1	94	110	30736	33850	tumor_like	medium	1	1	101	2	0	0	11	0	13	2.6	1	2
CCTGTCCTTCGAATGT-1	1	5	23	21891	18502	tumor_like	medium	1	1	0	0	0	0	0	0	0	0	0	0
CCTGTCGATGGCTCTA-1	1	99	55	25234	34762	tumor_like	medium	1	1	223	39	2	1	32	0	74	14.8	1	39
CCTGTCTATGCGAGCG-1	1	2	30	22587	17977	tumor_like	medium	1	1	0	0	0	0	0	0	0	0	0	0
CCTGTCTGTCTAACCG-1	1	85	101	29821	32297	tumor_like	medium	1	1	58	1	0	0	8	0	9	1.8	1	1
CCTGTTCCATGTGCAT-1	1	77	143	34016	30875	tumor_like	medium	1	1	58	9	1	0	7	0	17	3.4	1	9
CCTGTTGAATCTAAGA-1	1	109	71	26852	36481	tumor_like	medium	1	1	170	19	0	0	19	0	38	7.6	1	19
CCTTAATTACTGGAGC-1	1	103	111	30849	35408	tumor_like	medium	1	1	100	7	1	0	16	0	24	4.8	1	7
CCTTAGACAGTCGCCA-1	1	26	82	27831	22091	tumor_like	medium	1	1	0	1	0	0	0	0	1	0.2	0	0
CCTTAGATCGCCACCT-1	1	94	92	28933	33865	tumor_like	medium	1	1	128	8	1	0	17	0	26	5.2	1	8
CCTTAGCCGGTATCAC-1	1	60	26	22272	28030	tumor_like	medium	1	1	0	0	0	0	0	0	0	0	0	0
CCTTAGCGCAAGATTA-1	1	6	46	24196	18657	tumor_like	medium	1	1	0	0	0	0	0	0	0	0	0	0
CCTTAGCGCTTCACAA-1	1	35	167	36358	23577	tumor_like	medium	1	1	26	4	0	0	6	0	10	2	1	4
CCTTAGCGGAACTTAC-1	1	8	202	39823	18870	tumor_like	medium	1	1	5	0	0	0	0	0	0	0	0	0
CCTTAGCGTCCAAGGT-1	1	92	132	32936	33485	tumor_like	medium	1	1	69	1	0	0	2	0	3	0.6	1	1
CCTTAGCGTTGAATTG-1	1	120	16	21359	38435	tumor_like	medium	1	1	35	4	1	0	5	0	10	2	1	4
CCTTAGTAACAGTTGC-1	1	107	159	35662	36060	tumor_like	medium	1	1	9	1	0	0	3	0	4	0.8	1	1
CCTTAGTACTAACGGT-1	1	49	177	37380	25995	tumor_like	medium	1	1	8	9	0	0	0	0	9	1.8	1	8
CCTTAGTATGTAGTCG-1	1	74	82	27902	30408	tumor_like	medium	1	1	24	0	0	0	3	0	3	0.6	0	0
CCTTAGTCTACTAACC-1	1	123	97	29476	38885	tumor_like	medium	1	1	23	2	2	0	2	0	6	1.2	1	2
CCTTAGTGAACAGCAT-1	1	63	95	29188	28490	tumor_like	medium	1	1	12	1	0	0	6	0	7	1.4	1	1
CCTTAGTTGCCGTAGG-1	1	34	58	25439	23498	tumor_like	medium	1	1	0	0	0	0	1	0	1	0.2	0	0
CCTTATCCGCTCATCC-1	1	13	215	41133	19724	tumor_like	medium	1	1	0	0	0	0	0	0	0	0	0	0
CCTTATGTTCATTGGC-1	1	62	132	32892	28287	tumor_like	medium	1	1	32	6	0	0	7	0	13	2.6	1	6
CCTTCAACAGATGTCT-1	1	113	121	31865	37132	tumor_like	medium	1	1	32	5	2	0	13	0	20	4	1	5
CCTTCAACCTACGATA-1	1	50	186	38283	26161	tumor_like	medium	1	1	15	6	0	0	2	0	8	1.6	1	6
CCTTCAACGGAATCTA-1	1	79	65	26206	31288	tumor_like	medium	1	1	44	1	0	0	3	0	4	0.8	1	1
CCTTCAACGGTCGGTT-1	1	56	168	36489	27216	tumor_like	medium	1	1	4	12	0	0	1	0	13	2.6	1	4
CCTTCAATAATTCACC-1	1	96	148	34545	34164	tumor_like	medium	1	1	26	3	0	0	5	0	8	1.6	1	3
CCTTCACTCAGTGCTT-1	1	39	133	32958	24299	tumor_like	medium	1	1	8	1	0	0	0	0	1	0.2	1	1
CCTTCAGCACAACGTT-1	1	120	18	21560	38433	tumor_like	medium	1	1	28	5	0	0	5	0	10	2	1	5
CCTTCAGGCGGTACGG-1	1	94	80	27731	33876	tumor_like	medium	1	1	149	6	1	0	20	0	27	5.4	1	6
CCTTCAGGTCCGTTAG-1	1	16	160	35628	20292	tumor_like	medium	1	1	7	0	0	0	1	0	1	0.2	0	0
CCTTCATAGCTACACG-1	1	101	99	29644	35071	tumor_like	medium	1	1	101	10	0	0	23	0	33	6.6	1	10
CCTTCATAGCTGTTAT-1	1	4	170	36612	18204	tumor_like	medium	1	1	9	0	0	0	3	0	3	0.6	0	0
CCTTCATGACATTCAT-1	1	21	175	37138	21145	tumor_like	medium	1	1	12	1	0	0	1	0	2	0.4	1	1
CCTTCATGATGCCAAT-1	1	79	161	35821	31206	tumor_like	medium	1	1	98	0	0	0	3	0	3	0.6	0	0
CCTTCCACTCTTATCA-1	1	60	108	30485	27960	tumor_like	medium	1	1	53	1	0	1	9	0	11	2.2	1	1
CCTTCCGCATCCGTTC-1	1	77	147	34416	30872	tumor_like	medium	1	1	10	3	0	0	3	0	6	1.2	1	3
CCTTCCGTAAGGAGTA-1	1	89	211	40844	32896	tumor_like	medium	1	1	17	1	0	0	4	0	5	1	1	1
CCTTCCGTGCTGGTAG-1	1	84	142	33926	32090	tumor_like	medium	1	1	45	5	0	0	4	0	9	1.8	1	5
CCTTCGAGATTGGCGT-1	1	65	201	39807	28746	tumor_like	medium	1	1	24	0	0	0	0	1	1	0.2	0	0
CCTTCGAGTTACGAGG-1	1	18	124	32026	20669	tumor_like	medium	1	1	23	7	1	0	6	0	14	2.8	1	7
CCTTCGCACGCTGTAT-1	1	4	92	28800	18271	tumor_like	medium	1	1	0	0	0	0	0	0	0	0	0	0
CCTTCTGGATCTACCA-1	1	62	38	23477	28367	tumor_like	medium	1	1	0	0	0	0	1	0	1	0.2	0	0
CCTTGTCCAACCTATC-1	1	22	48	24420	21427	tumor_like	medium	1	1	0	0	0	0	0	0	0	0	0	0
CCTTGTCGCATCTTAG-1	1	36	26	22237	23872	tumor_like	medium	1	1	0	0	0	0	0	0	0	0	0	0
CCTTGTTAAGCAGAAC-1	1	57	37	23370	27500	tumor_like	medium	1	1	0	0	0	0	0	0	0	0	0	0
CGAACCACTTAGGATC-1	1	52	136	33278	26550	tumor_like	medium	1	1	8	4	0	0	2	0	6	1.2	1	4
CGAACCGAACGGCGAG-1	1	89	23	22015	33057	tumor_like	medium	1	1	3	2	0	0	0	0	2	0.4	1	2
CGAACCGATAGTATCT-1	1	121	3	20059	38619	tumor_like	medium	1	1	56	9	0	0	12	0	21	4.2	1	9
CGAACCGTTGGTTGAC-1	1	85	185	38234	32226	tumor_like	medium	1	1	17	10	2	0	5	0	17	3.4	1	10
CGAACGATGCAGACGC-1	1	82	118	31519	31764	tumor_like	medium	1	1	38	4	1	0	4	0	9	1.8	1	4
CGAACGCCGGTTAAGG-1	1	110	106	30359	36626	tumor_like	medium	1	1	136	2	0	0	3	0	5	1	1	2
CGAACGCTCGCACTGA-1	1	60	118	31487	27952	tumor_like	medium	1	1	18	0	0	0	0	0	0	0	0	0
CGAACTATCCTATTGA-1	1	6	172	36816	18549	tumor_like	medium	1	1	1	0	1	0	1	0	2	0.4	0	0
CGAAGACCGATTAATC-1	1	87	129	32628	32620	tumor_like	medium	1	1	45	1	0	0	9	0	10	2	1	1
CGAAGACTCAATCAGT-1	1	94	144	34141	33821	tumor_like	medium	1	1	54	3	1	0	9	1	14	2.8	1	3
CGAAGACTGTTGACGC-1	1	87	79	27620	32662	tumor_like	medium	1	1	122	3	0	0	13	0	16	3.2	1	3
CGAAGGTTCCAGCGCT-1	1	113	67	26457	37178	tumor_like	medium	1	1	102	10	1	0	26	2	39	7.8	1	10
CGAAGGTTGTCTATGT-1	1	119	57	25464	38226	tumor_like	medium	1	1	112	2	5	0	19	0	26	5.2	1	2
CGAAGTAGGACGCATG-1	1	47	169	36576	25655	tumor_like	medium	1	1	5	16	0	0	2	0	18	3.6	1	5
CGAAGTGACAACTCGG-1	1	98	56	25333	34589	tumor_like	medium	1	1	337	59	3	0	35	0	97	19.4	1	59
CGAAGTGAGCCTTGCG-1	1	83	67	26413	31980	tumor_like	medium	1	1	49	2	0	0	9	0	11	2.2	1	2
CGAAGTGCAATGAGGA-1	1	47	59	25558	25749	tumor_like	medium	1	1	0	0	0	0	0	0	0	0	0	0
CGAATACATATTCTGA-1	1	18	120	31625	20673	tumor_like	medium	1	1	16	3	0	0	5	0	8	1.6	1	3
CGAATCAACTCATTGC-1	1	82	86	28314	31791	tumor_like	medium	1	1	185	2	0	0	4	0	6	1.2	1	2
CGAATCAGCGAGTGGC-1	1	75	89	28604	30575	tumor_like	medium	1	1	46	0	0	0	3	0	3	0.6	0	0
CGAATCAGCGTTCTTG-1	1	95	159	35645	33980	tumor_like	medium	1	1	39	4	0	0	6	0	10	2	1	4
CGAATCCTGCGACATT-1	1	82	60	25710	31813	tumor_like	medium	1	1	97	0	0	0	15	0	15	3	0	0
CGAATGCCGTACGACC-1	1	67	193	39009	29100	tumor_like	medium	1	1	27	2	0	0	4	0	6	1.2	1	2
CGAATGGAATCGTGAC-1	1	82	88	28515	31789	tumor_like	medium	1	1	103	1	0	0	10	0	11	2.2	1	1
CGAATTACAAGTCTCC-1	1	72	144	34109	30009	tumor_like	medium	1	1	10	2	0	0	2	0	4	0.8	1	2
CGAATTAGACTCGGTT-1	1	95	199	39651	33946	tumor_like	medium	1	1	15	1	0	0	3	0	4	0.8	1	1
CGACATCTTGGTGATC-1	1	23	109	30531	21548	tumor_like	medium	1	1	9	0	0	0	2	0	2	0.4	0	0
CGACCAACAGCGCATA-1	1	103	133	33053	35389	tumor_like	medium	1	1	29	1	0	0	2	0	3	0.6	1	1
CGACCAACGGAAGTCA-1	1	63	87	28386	28497	tumor_like	medium	1	1	61	1	0	0	2	0	3	0.6	1	1
CGACCACGCCAGGACT-1	1	10	54	25003	19343	tumor_like	medium	1	1	1	0	0	0	0	0	0	0	0	0
CGACCACGGTCTCCGG-1	1	19	55	25116	20901	tumor_like	medium	1	1	0	0	0	0	2	0	2	0.4	0	0
CGACCACTACCGTGCC-1	1	26	84	28031	22090	tumor_like	medium	1	1	0	0	0	0	0	0	0	0	0	0
CGACCACTGACAACGC-1	1	59	121	31786	27775	tumor_like	medium	1	1	32	3	0	0	3	0	6	1.2	1	3
CGACCAGCATCATAAG-1	1	40	28	22443	24563	tumor_like	medium	1	1	1	0	0	0	0	0	0	0	0	0
CGACCAGCGTAGCTAC-1	1	1	109	30498	17736	tumor_like	medium	1	1	4	1	0	0	0	0	1	0.2	1	1
CGACCAGCTGGCCAAC-1	1	64	112	30892	28650	tumor_like	medium	1	1	29	1	0	0	3	0	4	0.8	1	1
CGACCAGCTTGTATAG-1	1	12	70	26608	19676	tumor_like	medium	1	1	0	0	0	0	0	0	0	0	0	0
CGACCAGGCGGACAGA-1	1	75	121	31809	30547	tumor_like	medium	1	1	97	2	0	0	6	0	8	1.6	1	2
CGACCAGGTCTGCATA-1	1	81	57	25408	31642	tumor_like	medium	1	1	48	2	0	0	13	0	15	3	1	2
CGACCGAGTGAGGAGT-1	1	81	209	40632	31512	tumor_like	medium	1	1	47	2	0	0	12	0	14	2.8	1	2
CGACCGTGGACAATTG-1	1	9	43	23900	19178	tumor_like	medium	1	1	1	0	0	0	0	0	0	0	0	0
CGACCTATACTAGTCC-1	1	53	145	34181	26715	tumor_like	medium	1	1	5	2	0	0	0	0	2	0.4	1	2
CGACCTATTGATGTCG-1	1	54	48	24467	26972	tumor_like	medium	1	1	1	0	0	0	0	0	0	0	0	0
CGACCTCGTGTACTGA-1	1	25	127	32336	21879	tumor_like	medium	1	1	16	1	0	0	3	0	4	0.8	1	1
CGACCTTGGATGCATT-1	1	53	99	29573	26754	tumor_like	medium	1	1	29	3	0	0	5	0	8	1.6	1	3
CGACGCAACCGACGAG-1	1	88	184	38138	32747	tumor_like	medium	1	1	4	2	0	0	3	0	5	1	1	2
CGACGCAATGAGCTAA-1	1	23	201	39745	21469	tumor_like	medium	1	1	17	0	0	0	1	0	1	0.2	0	0
CGACGCAGATACAACC-1	1	90	60	25722	33200	tumor_like	medium	1	1	139	14	1	0	19	0	34	6.8	1	14
CGACGCATGCTCGATT-1	1	44	24	22048	25260	tumor_like	medium	1	1	1	0	0	0	0	0	0	0	0	0
CGACGCCAACTGTCTA-1	1	112	130	32765	36952	tumor_like	medium	1	1	22	0	0	1	3	0	4	0.8	0	0
CGACGCCAAGAACCTG-1	1	121	111	30876	38526	tumor_like	medium	1	1	104	66	2	0	16	0	84	16.8	1	66
CGACGCCGTACGTTCT-1	1	99	59	25635	34759	tumor_like	medium	1	1	229	90	4	0	28	0	122	24.4	1	90
CGACGCGAGCTCCAAG-1	1	117	1	19853	37927	tumor_like	medium	1	1	58	16	0	0	3	0	19	3.8	1	16
CGACGCGAGTCTCATC-1	1	39	171	36764	24267	tumor_like	medium	1	1	25	6	0	0	5	0	11	2.2	1	6
CGACGCGGAACGAGTG-1	1	69	203	40013	29438	tumor_like	medium	1	1	9	1	0	0	3	0	4	0.8	1	1
CGACGCGTACAGATGA-1	1	102	4	20131	35327	tumor_like	medium	1	1	7	1	1	0	2	0	4	0.8	1	1
CGACGCTCACATAAGT-1	1	55	135	33182	27070	tumor_like	medium	1	1	27	2	0	0	2	0	4	0.8	1	2
CGACGCTCGCGAACGC-1	1	18	108	30423	20683	tumor_like	medium	1	1	14	1	0	0	1	0	2	0.4	1	1
CGACGCTCGTAATCTA-1	1	122	72	26971	38734	tumor_like	medium	1	1	78	37	0	0	16	0	53	10.6	1	37
CGACGCTCTTAGGTCA-1	1	118	46	24361	38063	tumor_like	medium	1	1	188	16	1	0	19	1	37	7.4	1	16
CGACGGAGATCTCGTC-1	1	57	181	37792	27377	tumor_like	medium	1	1	6	1	0	0	2	0	3	0.6	1	1
CGACGGTATCACCGAA-1	1	22	114	31030	21371	tumor_like	medium	1	1	9	4	0	0	4	0	8	1.6	1	4
CGACTAAGATGCCTAA-1	1	109	87	28454	36468	tumor_like	medium	1	1	63	5	0	0	9	0	14	2.8	1	5
CGACTAAGCTAGTTCT-1	1	3	39	23490	18142	ambiguous_or_low_signal	low	0	0	0	0	0	0	0	0	0	0	0	0
CGACTAAGTGACCGTA-1	1	86	182	37935	32402	tumor_like	medium	1	1	12	10	0	0	2	0	12	2.4	1	10
CGACTAATGGCCATCA-1	1	24	184	38044	21658	tumor_like	medium	1	1	18	1	0	1	7	0	9	1.8	1	1
CGACTAGAGGCGGTAT-1	1	102	126	32350	35222	tumor_like	medium	1	1	26	2	1	0	2	0	5	1	1	2
CGACTAGATGCTATTG-1	1	81	93	29014	31611	tumor_like	medium	1	1	111	5	0	0	9	0	14	2.8	1	5
CGACTAGCTGCCGACA-1	1	101	145	34251	35032	tumor_like	medium	1	1	52	4	0	0	8	0	12	2.4	1	4
CGACTAGGTGAATCAA-1	1	33	125	32148	23267	tumor_like	medium	1	1	30	1	0	0	2	0	3	0.6	1	1
CGACTATCGTCTGTGC-1	1	73	183	38016	30148	tumor_like	medium	1	1	16	3	1	0	3	0	7	1.4	1	3
CGACTGAACACTGGTT-1	1	103	127	32452	35394	tumor_like	medium	1	1	35	2	0	0	2	0	4	0.8	1	2
CGACTGCGCAACTGTC-1	1	60	22	21872	28034	tumor_like	medium	1	1	0	0	0	0	1	0	1	0.2	0	0
CGACTGGCCTTACAGT-1	1	3	97	29299	18092	tumor_like	medium	1	1	2	0	0	0	0	0	0	0	0	0
CGACTGGTACATCACT-1	1	101	17	21431	35141	tumor_like	medium	1	1	45	4	1	0	1	0	6	1.2	1	4
CGACTTGCGTGATCGG-1	1	10	222	41829	19200	tumor_like	medium	1	1	0	0	0	0	0	0	0	0	0	0
CGAGAACGGACATGAT-1	1	54	136	33281	26897	tumor_like	medium	1	1	46	4	0	0	0	0	4	0.8	1	4
CGAGACGACACGCTTG-1	1	109	53	25049	36497	tumor_like	medium	1	1	107	11	0	0	23	0	34	6.8	1	11
CGAGATCATTACATTC-1	1	33	35	23134	23343	ambiguous_or_low_signal	low	0	0	0	0	0	0	0	0	0	0	0	0
CGAGATTGCGAGTCAT-1	1	115	19	21652	37565	tumor_like	medium	1	1	8	1	0	0	1	0	2	0.4	1	1
CGAGCGATCGACATGG-1	1	104	124	32153	35571	tumor_like	medium	1	1	43	0	0	0	1	0	1	0.2	0	0
CGAGCGCAACCGTGTA-1	1	79	197	39427	31176	tumor_like	medium	1	1	18	1	0	0	3	0	4	0.8	1	1
CGAGCGCACCAGTTGC-1	1	14	210	40633	19903	tumor_like	medium	1	1	0	0	0	0	1	0	1	0.2	0	0
CGAGCGCTAAGCCTGT-1	1	12	198	39428	19567	tumor_like	medium	1	1	17	0	0	0	2	0	2	0.4	0	0
CGAGCGGCACCTACAG-1	1	25	77	27329	21921	tumor_like	medium	1	1	0	0	0	0	0	0	0	0	0	0
CGAGCGGCATCCTCTT-1	1	68	68	26491	29381	tumor_like	medium	1	1	44	2	0	0	3	0	5	1	1	2
CGAGCGGCGAGTCTGA-1	1	79	155	35221	31211	tumor_like	medium	1	1	18	0	0	0	5	0	5	1	0	0
CGAGCGGCTACATAGC-1	1	117	17	21455	37913	tumor_like	medium	1	1	64	2	0	0	9	0	11	2.2	1	2
CGAGCGGTCAGCGTCA-1	1	23	145	34136	21517	tumor_like	medium	1	1	16	1	0	0	3	0	4	0.8	1	1
CGAGCGTAATCTGCGT-1	1	60	194	39099	27887	tumor_like	medium	1	1	7	0	0	0	0	0	0	0	0	0
CGAGCGTGTAACCGTC-1	1	80	170	36724	31373	tumor_like	medium	1	1	9	0	1	0	2	0	3	0.6	0	0
CGAGCGTTAAGAGGAT-1	1	123	75	27273	38904	tumor_like	medium	1	1	72	6	1	0	12	0	19	3.8	1	6
CGAGGAACGGAGCGGT-1	1	22	38	23418	21436	tumor_like	medium	1	1	0	0	0	0	0	0	0	0	0	0
CGAGGAAGATTCGATT-1	1	113	11	20848	37226	tumor_like	medium	1	1	56	21	2	0	8	0	31	6.2	1	21
CGAGGAAGGATAAGTC-1	1	82	186	38330	31706	tumor_like	medium	1	1	31	7	5	0	8	0	20	4	1	7
CGAGGAAGTTAACCAG-1	1	20	60	25619	21071	tumor_like	medium	1	1	1	0	0	1	0	0	1	0.2	0	0
CGAGGACAATAGGATA-1	1	20	166	36235	20980	tumor_like	medium	1	1	50	0	0	0	2	1	3	0.6	0	0
CGAGGACGCCTCGAAC-1	1	14	110	30618	19988	tumor_like	medium	1	1	14	1	0	0	0	0	1	0.2	1	1
CGAGGATACAGTCGAT-1	1	88	164	36135	32764	tumor_like	medium	1	1	12	0	0	0	2	0	2	0.4	0	0
CGAGGATACCAGTGTC-1	1	71	51	24792	29914	tumor_like	medium	1	1	29	1	0	0	2	0	3	0.6	1	1
CGAGGATACTGTACTC-1	1	75	81	27803	30582	tumor_like	medium	1	1	14	0	0	0	2	0	2	0.4	0	0
CGAGGATATTCAGAGC-1	1	0	0	19580	17656	tumor_like	medium	1	1	0	0	0	0	0	0	0	0	0	0
CGAGGATATTGAAGCG-1	1	100	82	27940	34913	tumor_like	medium	1	1	241	39	7	0	16	0	62	12.4	1	39
CGAGGATTATGCCTTC-1	1	122	14	21162	38783	tumor_like	medium	1	1	25	7	0	0	5	0	12	2.4	1	7
CGAGGATTCATCCAGC-1	1	120	14	21159	38437	tumor_like	medium	1	1	24	2	1	0	7	0	10	2	1	2
CGAGGCTCGTGGCTTA-1	1	27	183	37948	22178	tumor_like	medium	1	1	24	8	0	0	3	0	11	2.2	1	8
CGAGGCTGCAGCCACG-1	1	121	115	31276	38523	tumor_like	medium	1	1	31	1	0	0	5	0	6	1.2	1	1
CGAGGTTCGGTAGCGT-1	1	31	199	39557	22857	tumor_like	medium	1	1	0	0	1	0	0	0	1	0.2	0	0
CGAGTCATAAGTCCGT-1	1	72	98	29501	30048	tumor_like	medium	1	1	31	3	0	0	9	0	12	2.4	1	3
CGAGTCATCGGTAGTT-1	1	118	106	30370	38012	tumor_like	medium	1	1	41	3	0	0	8	0	11	2.2	1	3
CGAGTCCGTTATAGTA-1	1	1	163	35907	17690	tumor_like	medium	1	1	8	0	0	0	2	0	2	0.4	0	0
CGAGTCGACCGAATAA-1	1	72	184	38115	29975	tumor_like	medium	1	1	18	5	0	0	1	0	6	1.2	1	5
CGAGTCGACGGAGCCG-1	1	114	130	32768	37298	tumor_like	medium	1	1	17	0	0	0	1	0	1	0.2	0	0
CGAGTCGAGCAGCTAG-1	1	19	107	30325	20856	tumor_like	medium	1	1	7	3	0	0	2	0	5	1	1	3
CGAGTCGATCCATATT-1	1	121	151	34882	38492	stroma_fibroblast	medium	0	0	3	1	0	0	0	0	1	0.2	1	1
CGAGTCGCGTTACAAG-1	1	37	141	33756	23946	tumor_like	medium	1	1	5	1	0	0	0	0	1	0.2	1	1
CGAGTCTTAACTACCG-1	1	6	110	30606	18602	tumor_like	medium	1	1	2	3	0	0	0	0	3	0.6	1	2
CGAGTCTTACGTTCTA-1	1	58	202	39897	27534	tumor_like	medium	1	1	7	1	0	0	5	0	6	1.2	1	1
CGAGTCTTGTTAATGC-1	1	105	13	21037	35838	tumor_like	medium	1	1	5	2	0	0	4	0	6	1.2	1	2
CGAGTGCTGTCGCTAC-1	1	6	174	37016	18548	tumor_like	medium	1	1	1	0	0	0	0	0	0	0	0	0
CGAGTTACTTCATTCG-1	1	99	17	21428	34795	tumor_like	medium	1	1	6	1	0	0	3	0	4	0.8	1	1
CGAGTTGCCAAGGACG-1	1	5	213	40920	18340	tumor_like	medium	1	1	5	0	0	0	1	0	1	0.2	0	0
CGATAACGATCACCTT-1	1	127	107	30484	39569	tumor_like	medium	1	1	25	4	1	0	4	0	9	1.8	1	4
CGATAACGGCGAATAA-1	1	81	197	39430	31522	tumor_like	medium	1	1	33	4	1	0	2	1	8	1.6	1	4
CGATAACTCCGAAGTT-1	1	74	198	39520	30309	tumor_like	medium	1	1	10	1	0	0	1	0	2	0.4	1	1
CGATAACTCGCCTCTA-1	1	108	134	33160	36255	tumor_like	medium	1	1	15	0	0	0	7	0	7	1.4	0	0
CGATAAGACTCGGAGG-1	1	39	127	32357	24305	tumor_like	medium	1	1	4	1	0	0	1	0	2	0.4	1	1
CGATAAGATTCTAACT-1	1	91	195	39245	33257	tumor_like	medium	1	1	14	0	0	0	0	0	0	0	0	0
CGATAAGGAGCGAATA-1	1	94	58	25528	33894	tumor_like	medium	1	1	178	17	3	0	21	0	41	8.2	1	17
CGATAATGCCTAGGTG-1	1	119	83	28068	38204	tumor_like	medium	1	1	55	13	1	0	9	0	23	4.6	1	13
CGATAATTAACAGATA-1	1	1	95	29096	17748	tumor_like	medium	1	1	3	0	0	0	0	0	0	0	0	0
CGATAGACAACTCATT-1	1	111	125	32263	36782	tumor_like	medium	1	1	21	2	0	0	3	0	5	1	1	2
CGATGAAGATGTCCAT-1	1	22	198	39443	21299	tumor_like	medium	1	1	45	4	0	0	20	0	24	4.8	1	4
CGATGAATACCTAGTC-1	1	85	121	31824	32280	tumor_like	medium	1	1	33	1	0	0	6	0	7	1.4	1	1
CGATGACCTGGACGGC-1	1	19	221	41742	20759	tumor_like	medium	1	1	0	0	0	0	0	0	0	0	0	0
CGATGAGGTTACTCTG-1	1	79	115	31214	31246	tumor_like	medium	1	1	11	1	0	0	1	0	2	0.4	1	1
CGATGAGTTCCGACAG-1	1	53	185	38187	26681	tumor_like	medium	1	1	30	3	0	0	1	0	4	0.8	1	3
CGATGATCATTGAGTA-1	1	119	145	34278	38151	tumor_like	medium	1	1	0	0	0	0	0	0	0	0	0	0
CGATGCATACCAGCGA-1	1	10	208	40427	19212	tumor_like	medium	1	1	3	2	0	0	3	0	5	1	1	2
CGATGCTGCGTGCATT-1	1	51	141	33777	26372	tumor_like	medium	1	1	5	0	1	0	1	0	2	0.4	0	0
CGATGGCACTCGTGAA-1	1	86	52	24915	32513	tumor_like	medium	1	1	99	5	0	0	25	0	30	6	1	5
CGATGTTCCAGTCTGG-1	1	36	40	23639	23860	tumor_like	medium	1	1	0	0	0	0	0	0	0	0	0	0
CGATTGAAGACTGACA-1	1	71	185	38213	29800	tumor_like	medium	1	1	52	8	0	0	4	0	12	2.4	1	8
CGATTGTCAATATGCC-1	1	94	122	31938	33840	tumor_like	medium	1	1	86	8	1	0	13	0	22	4.4	1	8
CGCAACCATACTTGTA-1	1	39	141	33759	24293	tumor_like	medium	1	1	7	1	0	0	0	0	1	0.2	1	1
CGCAACGACATAGTGA-1	1	125	61	25874	39262	tumor_like	medium	1	1	95	2	0	0	16	0	18	3.6	1	2
CGCAACGCATTCACCG-1	1	0	130	32600	17545	tumor_like	medium	1	1	3	0	0	0	0	0	0	0	0	0
CGCAACGTATACAGGT-1	1	58	76	27277	27641	tumor_like	medium	1	1	0	6	0	0	0	0	6	1.2	0	0
CGCAAGAATCAGCACT-1	1	103	113	31049	35406	tumor_like	medium	1	1	113	1	0	0	7	0	8	1.6	1	1
CGCAAGTCCTACCGTT-1	1	94	94	29133	33864	tumor_like	medium	1	1	182	7	0	0	23	0	30	6	1	7
CGCAAGTCTACATACT-1	1	13	219	41533	19721	tumor_like	medium	1	1	1	0	0	0	0	0	0	0	0	0
CGCAAGTCTTCGCTCC-1	1	55	133	32982	27072	tumor_like	medium	1	1	25	3	0	0	4	0	7	1.4	1	3
CGCAAGTGAACTGTTC-1	1	53	177	37386	26688	tumor_like	medium	1	1	7	7	2	0	2	0	11	2.2	1	7
CGCAATACTTATCTTG-1	1	81	105	30216	31601	tumor_like	medium	1	1	28	1	0	0	3	0	4	0.8	1	1
CGCAATCGGATCCTTG-1	1	26	124	32038	22056	tumor_like	medium	1	1	6	5	0	0	2	0	7	1.4	1	5
CGCAATCTGCGTGAAT-1	1	109	51	24849	36498	tumor_like	medium	1	1	134	5	3	0	22	0	30	6	1	5
CGCAATGCCTATACGC-1	1	14	72	26812	20021	tumor_like	medium	1	1	2	0	0	0	1	0	1	0.2	0	0
CGCAATGGAGCCGCCT-1	1	25	63	25926	21933	tumor_like	medium	1	1	1	0	0	0	0	0	0	0	0	0
CGCAATGTGAAGATTC-1	1	115	49	24657	37540	tumor_like	medium	1	1	252	17	1	0	29	0	47	9.4	1	17
CGCAATTATGTCAGAT-1	1	105	131	32855	35737	tumor_like	medium	1	1	13	0	0	0	1	0	1	0.2	0	0
CGCACCTTGGAGTTGG-1	1	127	139	33689	39542	tumor_like	medium	1	1	0	0	0	0	0	0	0	0	0	0
CGCACGCACGGAGCCT-1	1	95	61	25829	34064	tumor_like	medium	1	1	165	25	2	0	26	0	53	10.6	1	25
CGCACGCATTACTTCT-1	1	113	135	33268	37120	tumor_like	medium	1	1	23	1	0	0	9	0	10	2	1	1
CGCACGCCATAGGTAG-1	1	56	180	37691	27206	tumor_like	medium	1	1	9	3	0	0	2	0	5	1	1	3
CGCACGGTAGGAAGTG-1	1	49	193	38982	25981	tumor_like	medium	1	1	4	0	0	0	0	0	0	0	0	0
CGCACGTTCGTGGATT-1	1	68	152	34904	29309	tumor_like	medium	1	1	16	0	0	0	2	0	2	0.4	0	0
CGCACTACTGGTTGCA-1	1	64	86	28288	28672	tumor_like	medium	1	1	25	1	0	0	3	0	4	0.8	1	1
CGCACTACTTGTACAG-1	1	59	177	37394	27727	tumor_like	medium	1	1	3	4	2	0	1	0	7	1.4	1	3
CGCACTAGCCGACAAC-1	1	74	54	25097	30432	tumor_like	medium	1	1	75	0	0	0	17	0	17	3.4	0	0
CGCACTCACTCGCCGA-1	1	112	2	19945	37061	tumor_like	medium	1	1	62	3	0	0	9	0	12	2.4	1	3
CGCACTGAACTACGTG-1	1	54	76	27271	26948	tumor_like	medium	1	1	3	1	0	0	2	0	3	0.6	1	1
CGCACTGGCCTGTAAT-1	1	3	215	41118	17992	tumor_like	medium	1	1	1	0	0	0	1	0	1	0.2	0	0
CGCACTTCTAGCGGCT-1	1	104	62	25943	35624	tumor_like	medium	1	1	337	34	7	0	28	0	69	13.8	1	34
CGCAGACAGGATCCGT-1	1	78	74	27106	31108	tumor_like	medium	1	1	23	0	0	0	3	0	3	0.6	0	0
CGCAGACGGTGACAGC-1	1	71	87	28398	29883	tumor_like	medium	1	1	23	0	0	1	0	0	1	0.2	0	0
CGCAGATAACATACTA-1	1	90	80	27725	33182	tumor_like	medium	1	1	113	2	0	0	18	0	20	4	1	2
CGCAGATATCCACTCA-1	1	49	65	26162	26090	tumor_like	medium	1	1	2	0	0	0	0	0	0	0	0	0
CGCAGGACGATACTTG-1	1	86	170	36733	32413	tumor_like	medium	1	1	8	0	0	0	3	0	3	0.6	0	0
CGCAGTCGGACGCTGC-1	1	54	92	28874	26934	tumor_like	medium	1	1	11	0	0	0	0	0	0	0	0	0
CGCATACTCCGCTGTA-1	1	57	111	30781	27437	tumor_like	medium	1	1	65	3	1	0	3	0	7	1.4	1	3
CGCATATCGTTGCGTG-1	1	67	223	42013	29074	tumor_like	medium	1	1	59	33	1	0	20	0	54	10.8	1	33
CGCATATCTGGAAGGA-1	1	68	138	33502	29321	tumor_like	medium	1	1	17	2	0	0	5	0	7	1.4	1	2
CGCATCGCGTCATCTT-1	1	84	0	19704	32211	tumor_like	medium	1	1	7	4	1	0	3	0	8	1.6	1	4
CGCATCTTACGCAACT-1	1	66	150	34701	28964	tumor_like	medium	1	1	14	4	0	0	0	0	4	0.8	1	4
CGCATCTTGACAGTTA-1	1	96	64	26131	34236	tumor_like	medium	1	1	164	35	2	0	18	0	55	11	1	35
CGCATGACCTTCCAGG-1	1	78	146	34318	31047	tumor_like	medium	1	1	34	6	0	0	7	0	13	2.6	1	6
CGCCAGAACCTCATTG-1	1	18	200	39638	20605	tumor_like	medium	1	1	1	0	0	0	0	0	0	0	0	0
CGCCAGACCTCAATTA-1	1	97	107	30440	34371	tumor_like	medium	1	1	158	15	0	0	13	0	28	5.6	1	15
CGCCGGACATTATGGA-1	1	119	67	26466	38217	tumor_like	medium	1	1	377	11	2	0	15	0	28	5.6	1	11
CGCCGGACGCCACTGA-1	1	122	130	32780	38684	tumor_like	medium	1	1	30	8	0	0	8	0	16	3.2	1	8
CGCCGGATACTTGGTT-1	1	101	93	29043	35076	tumor_like	medium	1	1	196	10	2	0	16	0	28	5.6	1	10
CGCCGGCCAATACACC-1	1	57	67	26374	27475	tumor_like	medium	1	1	43	1	0	0	1	0	2	0.4	1	1
CGCCGGCGATTCACAG-1	1	84	160	35729	32075	tumor_like	medium	1	1	35	1	0	0	4	0	5	1	1	1
CGCCGGTAAGTCATTA-1	1	89	133	33032	32963	tumor_like	medium	1	1	31	2	0	0	4	0	6	1.2	1	2
CGCCGGTAGCTGCACC-1	1	78	196	39325	31004	tumor_like	medium	1	1	11	2	0	0	4	0	6	1.2	1	2
CGCCGGTCACCTGTAT-1	1	116	66	26361	37699	tumor_like	medium	1	1	71	3	0	0	14	0	17	3.4	1	3
CGCCGTGCGAATCCAT-1	1	95	165	36246	33975	tumor_like	medium	1	1	10	0	0	0	2	0	2	0.4	0	0
CGCCTAGGCAACAGGA-1	1	106	98	29551	35939	tumor_like	medium	1	1	83	4	0	0	9	0	13	2.6	1	4
CGCCTATGTTATGAAC-1	1	120	142	33979	38328	tumor_like	medium	1	1	2	0	0	0	1	0	1	0.2	0	0
CGCCTATTCGCTTAAC-1	1	112	92	28959	36984	tumor_like	medium	1	1	34	5	0	0	6	0	11	2.2	1	5
CGCCTATTCTTAACTC-1	1	102	72	26942	35269	tumor_like	medium	1	1	176	20	2	0	19	0	41	8.2	1	20
CGCCTCGAGCAGTAGA-1	1	79	193	39026	31179	tumor_like	medium	1	1	21	3	0	0	2	0	5	1	1	3
CGCCTCGATTCGATGG-1	1	123	137	33483	38851	tumor_like	medium	1	1	2	3	0	0	2	0	5	1	1	2
CGCCTCGGAGGCTATG-1	1	81	211	40832	31510	tumor_like	medium	1	1	42	0	0	0	5	0	5	1	0	0
CGCCTCTAACTTACAT-1	1	25	187	38346	21828	tumor_like	medium	1	1	33	3	1	0	8	0	12	2.4	1	3
CGCCTCTGTAACGGTT-1	1	78	192	38925	31008	tumor_like	medium	1	1	22	3	1	0	2	0	6	1.2	1	3
CGCCTCTGTCCTGCCA-1	1	46	142	33870	25506	tumor_like	medium	1	1	2	3	0	0	0	0	3	0.6	1	2
CGCCTTACCTAACTCA-1	1	16	208	40436	20251	tumor_like	medium	1	1	0	0	0	0	0	0	0	0	0	0
CGCCTTACTGGACGAG-1	1	78	188	38524	31011	tumor_like	medium	1	1	24	2	0	0	4	0	6	1.2	1	2
CGCCTTATGTCCAGAA-1	1	75	103	30007	30563	tumor_like	medium	1	1	118	4	0	0	17	0	21	4.2	1	4
CGCCTTCATGGTTCAC-1	1	27	105	30136	22244	tumor_like	medium	1	1	0	1	0	0	1	0	2	0.4	0	0
CGCCTTCATTCAAGAC-1	1	101	49	24636	35114	tumor_like	medium	1	1	137	22	2	0	12	0	36	7.2	1	22
CGCCTTGAATTACCAT-1	1	54	34	23065	26984	tumor_like	medium	1	1	0	0	0	0	0	0	0	0	0	0
CGCCTTGGTACGCCAT-1	1	107	121	31857	36092	tumor_like	medium	1	1	28	1	0	0	4	0	5	1	1	1
CGCCTTGGTCGCTTAG-1	1	103	143	34054	35380	tumor_like	medium	1	1	17	1	0	1	6	0	8	1.6	1	1
CGCCTTGTATTGTATT-1	1	13	197	39330	19740	tumor_like	medium	1	1	7	1	0	0	0	0	1	0.2	1	1
CGCTACAGTGCCAGGT-1	1	113	17	21449	37220	tumor_like	medium	1	1	13	2	0	0	5	0	7	1.4	1	2
CGCTACATACGGAACC-1	1	95	115	31238	34018	tumor_like	medium	1	1	81	3	0	0	10	0	13	2.6	1	3
CGCTAGACCAACCGAA-1	1	0	180	37608	17503	tumor_like	medium	1	1	4	1	0	0	0	0	1	0.2	1	1
CGCTAGACCATGGTAG-1	1	50	146	34276	26195	tumor_like	medium	1	1	2	4	0	0	2	0	6	1.2	1	2
CGCTAGACGGATTAGC-1	1	8	210	40624	18863	tumor_like	medium	1	1	0	0	0	0	0	0	0	0	0	0
CGCTAGCAATCTCGTG-1	1	58	32	22870	27679	tumor_like	medium	1	1	0	0	0	0	0	0	0	0	0	0
CGCTAGCCGTTCATGG-1	1	85	93	29020	32304	tumor_like	medium	1	1	148	3	0	0	14	0	17	3.4	1	3
CGCTAGCTCGGTTGCG-1	1	59	87	28380	27804	tumor_like	medium	1	1	21	0	0	0	2	0	2	0.4	0	0
CGCTAGGAGTTAATTA-1	1	80	82	27911	31448	tumor_like	medium	1	1	25	2	0	0	3	0	5	1	1	2
CGCTAGTAGAGCAGCG-1	1	88	200	39741	32734	tumor_like	medium	1	1	18	0	0	0	1	0	1	0.2	0	0
CGCTATCTATAATCAC-1	1	97	71	26834	34402	tumor_like	medium	1	1	209	74	5	0	30	0	109	21.8	1	74
CGCTATGTCGAGCCAT-1	1	83	213	41036	31855	tumor_like	medium	1	1	33	0	0	0	1	0	1	0.2	0	0
CGCTATGTCGTTGGTG-1	1	107	107	30454	36104	tumor_like	medium	1	1	77	1	0	0	12	0	13	2.6	1	1
CGCTATTAGAGTGGTA-1	1	8	156	35216	18909	tumor_like	medium	1	1	19	0	0	0	6	0	6	1.2	0	0
CGCTATTAGCCTCGCT-1	1	5	99	29503	18437	tumor_like	medium	1	1	0	2	0	0	0	0	2	0.4	0	0
CGCTATTAGCGTTAAC-1	1	36	168	36459	23751	tumor_like	medium	1	1	26	2	0	0	7	0	9	1.8	1	2
CGCTATTGCAATGACG-1	1	75	141	33812	30530	tumor_like	medium	1	1	37	4	0	0	4	0	8	1.6	1	4
CGCTCACGTGGCATGT-1	1	98	8	20526	34630	tumor_like	medium	1	1	10	0	0	0	2	0	2	0.4	0	0
CGCTCATGGATACCGT-1	1	112	166	36371	36921	immune	medium	0	0	0	1	0	0	0	0	1	0.2	0	0
CGCTCCACCTACTTCG-1	1	55	203	39993	27012	tumor_like	medium	1	1	13	1	0	0	4	0	5	1	1	1
CGCTCGAATAACAATT-1	1	83	77	27414	31971	tumor_like	medium	1	1	83	2	0	0	9	0	11	2.2	1	2
CGCTCGAGATCAGAGG-1	1	12	64	26007	19681	tumor_like	medium	1	1	0	0	0	0	0	0	0	0	0	0
CGCTCGAGCTGTTACC-1	1	118	124	32173	37996	tumor_like	medium	1	1	15	4	0	0	0	0	4	0.8	1	4
CGCTCGAGGTGCTTGT-1	1	74	132	32910	30366	tumor_like	medium	1	1	77	8	0	1	5	0	14	2.8	1	8
CGCTCGAGTATCGCGT-1	1	89	105	30227	32987	tumor_like	medium	1	1	56	1	0	0	6	0	7	1.4	1	1
CGCTCGCACCAAGTCG-1	1	92	218	41550	33411	tumor_like	medium	1	1	2	0	0	0	0	0	0	0	0	0
CGCTCGGCGAGCCATA-1	1	71	213	41018	29776	tumor_like	medium	1	1	1	1	1	0	0	0	2	0.4	1	1
CGCTCGGCGTTGCAGG-1	1	20	110	30626	21028	tumor_like	medium	1	1	17	5	0	0	2	0	7	1.4	1	5
CGCTCGGCTGAGTGAG-1	1	25	59	25526	21937	tumor_like	medium	1	1	0	0	0	0	0	0	0	0	0	0
CGCTCGGTATCCACAG-1	1	123	107	30478	38876	tumor_like	medium	1	1	20	5	0	0	3	0	8	1.6	1	5
CGCTCGGTCACGTACT-1	1	11	215	41130	19378	tumor_like	medium	1	1	0	0	0	0	1	0	1	0.2	0	0
CGCTCGTCGGTCTGCT-1	1	121	109	30675	38528	tumor_like	medium	1	1	39	13	0	0	11	0	24	4.8	1	13
CGCTCGTTCAGGCTGG-1	1	1	105	30098	17739	tumor_like	medium	1	1	7	1	0	0	3	0	4	0.8	1	1
CGCTCGTTGTTAAGGA-1	1	49	57	25361	26097	tumor_like	medium	1	1	1	0	0	0	0	0	0	0	0	0
CGCTGAACAATAAGCG-1	1	92	46	24323	33558	tumor_like	medium	1	1	165	19	1	0	20	0	40	8	1	19
CGCTGACGCTCATCAA-1	1	71	121	31803	29854	tumor_like	medium	1	1	40	0	0	0	1	0	1	0.2	0	0
CGCTGCACCTCGAGCG-1	1	106	10	20738	36014	tumor_like	medium	1	1	8	0	0	0	1	0	1	0.2	0	0
CGCTGCACTAATACAT-1	1	66	98	29492	29009	tumor_like	medium	1	1	37	2	0	0	3	0	5	1	1	2
CGCTGCCATGAAGGCT-1	1	28	186	38250	22349	tumor_like	medium	1	1	55	17	0	0	5	0	22	4.4	1	17
CGCTGCGAAGATCCTA-1	1	90	96	29328	33169	tumor_like	medium	1	1	134	3	0	0	23	0	26	5.2	1	3
CGCTGCGAGTCATAGA-1	1	75	153	35014	30520	tumor_like	medium	1	1	14	1	0	0	3	0	4	0.8	1	1
CGCTGCGGAGCACGTT-1	1	114	18	21551	37394	tumor_like	medium	1	1	7	0	0	0	1	0	1	0.2	0	0
CGCTGCGGATGCTCAA-1	1	3	41	23691	18140	tumor_like	medium	1	1	0	0	0	0	0	0	0	0	0	0
CGCTGCGGTATGGCGG-1	1	17	153	34929	20470	tumor_like	medium	1	1	3	0	0	0	1	0	1	0.2	0	0
CGCTGCGGTCCATCAC-1	1	116	12	20953	37745	tumor_like	medium	1	1	26	6	0	0	7	0	13	2.6	1	6
CGCTGCGGTCGCACGT-1	1	88	202	39941	32732	tumor_like	medium	1	1	10	1	0	0	3	0	4	0.8	1	1
CGCTGCTAAGCTATCC-1	1	40	160	35664	24451	tumor_like	medium	1	1	27	3	0	0	5	0	8	1.6	1	3
CGCTGCTTGCTTCAGT-1	1	84	90	28718	32134	tumor_like	medium	1	1	65	5	0	0	9	0	14	2.8	1	5
CGCTGTAGCCTAGCCG-1	1	112	100	29761	36977	tumor_like	medium	1	1	14	3	0	0	0	0	3	0.6	1	3
CGCTGTATCCGGTTCT-1	1	101	79	27641	35088	tumor_like	medium	1	1	171	49	4	0	25	0	78	15.6	1	49
CGCTGTATGGCTAGCG-1	1	50	112	30871	26224	tumor_like	medium	1	1	19	1	0	0	4	0	5	1	1	1
CGCTGTGACAGACTTC-1	1	111	155	35268	36756	tumor_like	medium	1	1	1	0	0	0	0	0	0	0	0	0
CGCTTAACAGTCATCT-1	1	119	75	27267	38211	tumor_like	medium	1	1	92	13	2	0	18	0	33	6.6	1	13
CGCTTAAGCGGTCTTA-1	1	113	59	25656	37185	tumor_like	medium	1	1	113	7	0	0	22	0	29	5.8	1	7
CGCTTAAGTAATTCGT-1	1	69	113	30999	29515	tumor_like	medium	1	1	7	1	0	0	3	0	4	0.8	1	1
CGCTTACACCTCGAGC-1	1	88	180	37738	32751	tumor_like	medium	1	1	30	0	0	0	5	0	5	1	0	0
CGCTTACAGACTGAAC-1	1	19	123	31927	20843	tumor_like	medium	1	1	71	7	0	0	6	0	13	2.6	1	7
CGCTTAGACTCGTGTC-1	1	31	203	39957	22854	tumor_like	medium	1	1	1	0	0	0	0	0	0	0	0	0
CGCTTAGAGCCAATTC-1	1	67	217	41413	29079	tumor_like	medium	1	1	17	2	0	0	2	0	4	0.8	1	2
CGCTTAGTAATCACGC-1	1	54	124	32079	26907	tumor_like	medium	1	1	20	2	0	0	0	0	2	0.4	1	2
CGCTTAGTGACTCGTT-1	1	70	124	32102	29680	tumor_like	medium	1	1	32	1	0	0	5	0	6	1.2	1	1
CGCTTAGTTAAGTCAG-1	1	81	153	35023	31560	tumor_like	medium	1	1	31	1	0	0	6	0	7	1.4	1	1
CGCTTCATTGTAGTCT-1	1	107	1	19838	36194	tumor_like	medium	1	1	14	2	1	0	5	0	8	1.6	1	2
CGCTTCCGTGACTCTG-1	1	32	190	38657	23039	tumor_like	medium	1	1	3	4	1	0	2	0	7	1.4	1	3
CGCTTCGGCATACGCC-1	1	55	95	29176	27104	tumor_like	medium	1	1	15	0	0	1	1	0	2	0.4	0	0
CGCTTCTAGCATCTGA-1	1	100	0	19727	34983	tumor_like	medium	1	1	99	17	1	0	9	0	27	5.4	1	17
CGCTTGATCTCGCAGC-1	1	68	102	29896	29352	tumor_like	medium	1	1	78	4	1	0	4	0	9	1.8	1	4
CGCTTGATGTACTTAC-1	1	65	213	41009	28736	tumor_like	medium	1	1	31	4	1	0	7	0	12	2.4	1	4
CGCTTGCGCAATAACC-1	1	87	157	35433	32596	tumor_like	medium	1	1	12	2	0	0	2	0	4	0.8	1	2
CGCTTGCGCATCGATG-1	1	25	175	37144	21838	tumor_like	medium	1	1	8	0	0	0	0	0	0	0	0	0
CGCTTGCTAGTCGCAA-1	1	87	201	39840	32558	tumor_like	medium	1	1	8	0	0	0	3	0	3	0.6	0	0
CGCTTGGAGGCCTACC-1	1	86	126	32326	32450	tumor_like	medium	1	1	33	3	0	0	6	0	9	1.8	1	3
CGCTTGGATCGTGGTA-1	1	105	149	34658	35722	tumor_like	medium	1	1	6	3	1	0	0	0	4	0.8	1	3
CGGAACATTGTTGGAA-1	1	72	194	39116	29966	tumor_like	medium	1	1	22	0	1	1	0	0	2	0.4	0	0
CGGAACCAGCCGGCAC-1	1	79	89	28610	31268	tumor_like	medium	1	1	107	2	0	0	20	0	22	4.4	1	2
CGGAACCATAACTCCG-1	1	90	212	40946	33070	tumor_like	medium	1	1	40	0	0	0	6	0	6	1.2	0	0
CGGAACTCTGGAAGAT-1	1	9	145	34116	19091	tumor_like	medium	1	1	12	0	0	0	2	0	2	0.4	0	0
CGGAACTTCCTTATTG-1	1	82	174	37128	31716	tumor_like	medium	1	1	11	0	0	0	1	0	1	0.2	0	0
CGGAACTTGTCTAAGG-1	1	56	208	40495	27182	tumor_like	medium	1	1	20	0	0	0	2	0	2	0.4	0	0
CGGACAGTCTATTCGC-1	1	8	140	33613	18923	tumor_like	medium	1	1	82	8	0	0	7	0	15	3	1	8
CGGACCAGGACAGACG-1	1	84	52	24912	32167	tumor_like	medium	1	1	279	7	0	0	20	0	27	5.4	1	7
CGGACCGACTTGCCTA-1	1	5	51	24695	18478	tumor_like	medium	1	1	0	0	0	0	0	0	0	0	0	0
CGGACGAGGACATTGT-1	1	43	165	36169	24965	tumor_like	medium	1	1	28	8	1	0	6	0	15	3	1	8
CGGACGCTGGCCGCTA-1	1	39	63	25947	24359	tumor_like	medium	1	1	0	1	0	0	0	0	1	0.2	0	0
CGGACTATTCGCATTG-1	1	99	159	35651	34674	tumor_like	medium	1	1	30	15	0	0	6	0	21	4.2	1	15
CGGAGCACGGCCATTG-1	1	117	57	25461	37879	tumor_like	medium	1	1	416	5	0	0	25	0	30	6	1	5
CGGAGCACTCGACATT-1	1	95	191	38850	33953	tumor_like	medium	1	1	1	0	0	0	0	0	0	0	0	0
CGGAGCCAGTCTCGGC-1	1	100	84	28140	34912	tumor_like	medium	1	1	269	22	0	0	40	0	62	12.4	1	22
CGGAGCGTGGTTGCGT-1	1	14	218	41435	19896	tumor_like	medium	1	1	0	0	0	0	0	0	0	0	0	0
CGGAGCTATGTATCAG-1	1	89	91	28825	32999	tumor_like	medium	1	1	129	5	0	0	25	0	30	6	1	5
CGGAGGAACTACGGTC-1	1	83	189	38632	31876	tumor_like	medium	1	1	42	2	0	0	3	0	5	1	1	2
CGGAGGCATACGCTGT-1	1	35	181	37760	23565	tumor_like	medium	1	1	15	5	0	0	6	0	11	2.2	1	5
CGGAGGCGTACAGCTC-1	1	20	218	41443	20936	tumor_like	medium	1	1	1	0	0	0	0	0	0	0	0	0
CGGAGGTAATCGTGTA-1	1	60	102	29884	27966	tumor_like	medium	1	1	84	1	0	0	12	0	13	2.6	1	1
CGGAGGTCCAGACATC-1	1	86	66	26317	32501	tumor_like	medium	1	1	62	4	1	0	8	0	13	2.6	1	4
CGGAGGTCGCGTACTT-1	1	84	126	32323	32104	tumor_like	medium	1	1	19	3	0	0	3	0	6	1.2	1	3
CGGAGTAATTCAGGCT-1	1	10	150	34618	19261	tumor_like	medium	1	1	0	2	0	0	2	0	4	0.8	0	0
CGGAGTATCTAAGAGC-1	1	0	50	24588	17614	tumor_like	medium	1	1	0	0	0	0	0	0	0	0	0	0
CGGAGTCTGCTTAACA-1	1	38	48	24443	24200	tumor_like	medium	1	1	0	0	0	0	0	0	0	0	0	0
CGGAGTCTGTAGCAGT-1	1	82	136	33322	31749	tumor_like	medium	1	1	8	1	0	0	3	0	4	0.8	1	1
CGGAGTGATTGTATTA-1	1	60	208	40501	27875	tumor_like	medium	1	1	22	2	0	0	5	0	7	1.4	1	2
CGGAGTGGATCAATCC-1	1	89	131	32832	32965	tumor_like	medium	1	1	45	1	0	0	4	0	5	1	1	1
CGGAGTGGCGCTGTTA-1	1	107	91	28852	36118	tumor_like	medium	1	1	78	6	1	0	11	1	19	3.8	1	6
CGGAGTGGTCGCGACC-1	1	72	108	30503	30040	tumor_like	medium	1	1	16	1	0	0	1	0	2	0.4	1	1
CGGAGTTCACTACCGG-1	1	68	142	33902	29318	tumor_like	medium	1	1	15	2	0	0	8	0	10	2	1	2
CGGAGTTCGGCGCCGA-1	1	69	127	32401	29503	tumor_like	medium	1	1	19	4	0	0	2	0	6	1.2	1	4
CGGATAGCGTGAGTTA-1	1	44	174	37072	25132	tumor_like	medium	1	1	20	5	0	0	4	0	9	1.8	1	5
CGGATAGGACAAGCAA-1	1	88	154	35134	32773	tumor_like	medium	1	1	36	2	0	0	4	0	6	1.2	1	2
CGGATCAGGCCGAGAT-1	1	33	195	39159	23207	tumor_like	medium	1	1	2	0	0	0	1	0	1	0.2	0	0
CGGATGTCTTCCGCTG-1	1	76	58	25501	30775	tumor_like	medium	1	1	31	0	0	0	6	0	6	1.2	0	0
CGGATTAATGAAGAGG-1	1	73	37	23393	30273	tumor_like	medium	1	1	9	1	0	0	0	0	1	0.2	1	1
CGGATTCGAATAACCT-1	1	89	67	26422	33019	tumor_like	medium	1	1	81	11	0	0	12	0	23	4.6	1	11
CGGATTGCGTTACGGT-1	1	0	92	28794	17578	tumor_like	medium	1	1	0	0	0	0	1	0	1	0.2	0	0
CGGCAAGATGAAGACG-1	1	55	127	32381	27077	tumor_like	medium	1	1	35	2	1	0	2	0	5	1	1	2
CGGCAAGGTTCATATC-1	1	55	69	26572	27126	tumor_like	medium	1	1	4	0	0	0	1	0	1	0.2	0	0
CGGCAATGGCACAGCC-1	1	124	2	19963	39140	tumor_like	medium	1	1	41	2	1	0	2	0	5	1	1	2
CGGCAATGTCGCTTCA-1	1	18	66	26217	20719	tumor_like	medium	1	1	0	0	1	0	0	0	1	0.2	0	0
CGGCACTCTTAGCCTG-1	1	14	154	35024	19951	tumor_like	medium	1	1	5	0	0	0	0	0	0	0	0	0
CGGCATAGGAACTCTT-1	1	119	71	26866	38214	tumor_like	medium	1	1	127	10	0	0	20	0	30	6	1	10
CGGCATGGTGAGACTG-1	1	41	165	36166	24619	tumor_like	medium	1	1	30	2	0	0	2	0	4	0.8	1	2
CGGCATTATGAATAGC-1	1	120	54	25165	38403	tumor_like	medium	1	1	206	6	1	0	22	0	29	5.8	1	6
CGGCATTCTGTCGCCG-1	1	15	127	32322	20146	tumor_like	medium	1	1	16	5	0	0	8	0	13	2.6	1	5
CGGCCATTATAATGTT-1	1	70	118	31501	29685	tumor_like	medium	1	1	18	0	0	0	0	0	0	0	0	0
CGGCCGACGTCCAGTC-1	1	63	143	33995	28449	tumor_like	medium	1	1	6	1	0	0	1	0	2	0.4	1	1
CGGCCGTGGTCCAAGG-1	1	82	62	25910	31812	tumor_like	medium	1	1	129	2	0	0	27	1	30	6	1	2
CGGCCTAAGTGCTCTG-1	1	85	215	41239	32200	tumor_like	medium	1	1	48	1	0	0	3	0	4	0.8	1	1
CGGCCTCCATAGGCTT-1	1	55	119	31580	27084	tumor_like	medium	1	1	14	1	0	0	0	0	1	0.2	1	1
CGGCCTCCTTATAGCG-1	1	51	187	38384	26333	tumor_like	medium	1	1	12	1	0	0	2	0	3	0.6	1	1
CGGCCTGCACCATCTT-1	1	48	124	32070	25868	tumor_like	medium	1	1	17	3	0	0	0	0	3	0.6	1	3
CGGCCTGCCAATTGTT-1	1	38	52	24844	24196	tumor_like	medium	1	1	4	0	0	0	1	0	1	0.2	0	0
CGGCGAATTGACTAGC-1	1	91	217	41448	33238	tumor_like	medium	1	1	44	0	0	0	5	0	5	1	0	0
CGGCGTAACAATTAGA-1	1	64	24	22078	28725	tumor_like	medium	1	1	0	0	0	0	1	0	1	0.2	0	0
CGGCGTAAGCGACAGC-1	1	64	156	35299	28613	tumor_like	medium	1	1	13	1	0	0	1	0	2	0.4	1	1
CGGCGTACCGGTGAGC-1	1	105	161	35860	35711	tumor_like	medium	1	1	14	2	0	0	7	0	9	1.8	1	2
CGGCGTAGCCTCCGCT-1	1	63	159	35598	28436	tumor_like	medium	1	1	7	0	0	0	0	0	0	0	0	0
CGGCGTATACCGGAGT-1	1	88	54	25118	32858	tumor_like	medium	1	1	111	10	0	0	31	0	41	8.2	1	10
CGGCGTATCATTGATT-1	1	93	21	21820	33752	tumor_like	medium	1	1	4	1	0	0	0	0	1	0.2	1	1
CGGCGTCATGATACAA-1	1	102	44	24137	35292	tumor_like	medium	1	1	186	20	3	0	22	0	45	9	1	20
CGGCGTCATGGCCTTC-1	1	69	27	22386	29588	tumor_like	medium	1	1	1	0	0	0	0	0	0	0	0	0
CGGCGTGCACTCAAGT-1	1	112	136	33366	36947	tumor_like	medium	1	1	42	0	0	1	4	0	5	1	0	0
CGGCGTGCATGTCCTT-1	1	36	210	40666	23715	tumor_like	medium	1	1	4	1	0	0	0	0	1	0.2	1	1
CGGCGTGCGTTGTCTG-1	1	119	69	26666	38216	tumor_like	medium	1	1	107	21	2	0	21	0	44	8.8	1	21
CGGCGTGCTCATCGTC-1	1	126	94	29180	39408	tumor_like	medium	1	1	41	4	1	0	9	0	14	2.8	1	4
CGGCGTTGGAGTAGTC-1	1	60	30	22673	28027	tumor_like	medium	1	1	1	0	0	0	0	0	0	0	0	0
CGGCGTTGTCTTGTTA-1	1	19	83	27921	20877	tumor_like	medium	1	1	0	0	0	0	0	0	0	0	0	0
CGGCTCCTATCTTGGC-1	1	69	135	33203	29496	tumor_like	medium	1	1	11	1	0	0	5	0	6	1.2	1	1
CGGCTGACATCTCCGC-1	1	67	113	30996	29168	tumor_like	medium	1	1	9	0	0	0	1	0	1	0.2	0	0
CGGCTTAGGTGCGTAT-1	1	57	51	24772	27488	tumor_like	medium	1	1	1	1	0	0	2	0	3	0.6	1	1
CGGCTTCCGTAGCGAC-1	1	111	97	29459	36806	tumor_like	medium	1	1	41	26	0	0	8	0	34	6.8	1	26
CGGTAGACCTGTGGTC-1	1	99	193	39056	34645	tumor_like	medium	1	1	1	0	0	0	1	0	1	0.2	0	0
CGGTAGATTCGCTCGG-1	1	108	52	24947	36325	tumor_like	medium	1	1	201	8	1	0	20	0	29	5.8	1	8
CGGTAGCAACAGTGGT-1	1	24	42	23822	21779	tumor_like	medium	1	1	0	0	0	0	0	0	0	0	0	0
CGGTAGCAGTCATACT-1	1	38	170	36662	24096	tumor_like	medium	1	1	32	2	0	0	4	0	6	1.2	1	2
CGGTAGCGCTTAACCT-1	1	72	142	33908	30011	tumor_like	medium	1	1	20	2	0	0	1	0	3	0.6	1	2
CGGTAGCGGTCTGTAC-1	1	58	180	37693	27552	tumor_like	medium	1	1	14	0	0	0	1	0	1	0.2	0	0
CGGTAGGTTGCGTAAG-1	1	58	204	40097	27532	tumor_like	medium	1	1	33	1	0	0	2	0	3	0.6	1	1
CGGTAGTGGCGATAGG-1	1	125	87	28478	39240	tumor_like	medium	1	1	38	5	1	0	8	0	14	2.8	1	5
CGGTAGTGGTCGGACG-1	1	60	66	26279	27996	tumor_like	medium	1	1	15	0	0	0	2	0	2	0.4	0	0
CGGTAGTGTCTGTCCA-1	1	98	212	40958	34456	ambiguous_or_low_signal	low	0	0	0	0	0	0	0	0	0	0	0	0
CGGTAGTTCCTAGGCA-1	1	84	136	33325	32095	tumor_like	medium	1	1	27	1	0	0	0	0	1	0.2	1	1
CGGTATCGATTCCGAG-1	1	79	213	41030	31162	tumor_like	medium	1	1	14	1	0	0	3	0	4	0.8	1	1
CGGTATCTGTGCAACC-1	1	21	67	26321	21237	tumor_like	medium	1	1	0	0	0	1	1	0	2	0.4	0	0
CGGTATGCGGCTGGAA-1	1	72	64	26096	30077	tumor_like	medium	1	1	163	0	0	0	10	0	10	2	0	0
CGGTCACTTGCGTGCT-1	1	90	208	40545	33073	tumor_like	medium	1	1	2	3	0	0	1	0	4	0.8	1	2
CGGTCAGGTTACATAC-1	1	118	126	32374	37995	tumor_like	medium	1	1	41	4	0	0	5	0	9	1.8	1	4
CGGTCCAACCATTCCG-1	1	71	81	27797	29888	tumor_like	medium	1	1	39	2	0	0	2	0	4	0.8	1	2
CGGTCCAAGTAAGCTG-1	1	50	64	26064	26265	tumor_like	medium	1	1	8	0	0	0	0	0	0	0	0	0
CGGTCCATGCCTACCT-1	1	74	74	27101	30415	tumor_like	medium	1	1	36	1	0	0	4	0	5	1	1	1
CGGTCCGCCACTAGAT-1	1	99	153	35050	34679	tumor_like	medium	1	1	35	7	0	0	13	0	20	4	1	7
CGGTCCGCTGTACGTG-1	1	112	60	25754	37011	tumor_like	medium	1	1	148	20	1	0	25	0	46	9.2	1	20
CGGTCCTACTCGTCTG-1	1	101	7	20430	35150	tumor_like	medium	1	1	4	1	0	1	0	0	2	0.4	1	1
CGGTCCTAGAGGCGTT-1	1	28	182	37850	22353	tumor_like	medium	1	1	14	1	3	0	1	0	5	1	1	1
CGGTCCTAGTTACTTA-1	1	121	99	29674	38537	tumor_like	medium	1	1	38	5	1	0	6	0	12	2.4	1	5
CGGTCCTCGGTGATCA-1	1	85	1	19805	32382	tumor_like	medium	1	1	18	0	0	0	2	0	2	0.4	0	0
CGGTCCTGAGTGACGC-1	1	116	94	29166	37676	tumor_like	medium	1	1	35	11	0	0	6	0	17	3.4	1	11
CGGTCCTTCCGCTTGG-1	1	66	138	33499	28974	tumor_like	medium	1	1	39	1	0	0	2	0	3	0.6	1	1
CGGTCTACCGATGGAC-1	1	5	145	34110	18398	tumor_like	medium	1	1	26	0	0	0	8	0	8	1.6	0	0
CGGTCTACTGGATTAT-1	1	14	212	40834	19901	tumor_like	medium	1	1	4	0	0	0	0	0	0	0	0	0
CGGTCTGCCGAGTTAA-1	1	74	32	22894	30451	tumor_like	medium	1	1	2	0	0	0	0	0	0	0	0	0
CGGTCTGCGTTAAGAC-1	1	11	41	23702	19526	ambiguous_or_low_signal	low	0	0	0	0	0	0	0	0	0	0	0	0
CGGTCTTATCGGTGGA-1	1	111	117	31462	36789	tumor_like	medium	1	1	51	1	0	0	10	0	11	2.2	1	1
CGGTCTTGTACTCGAT-1	1	17	219	41539	20414	tumor_like	medium	1	1	0	0	0	0	0	0	0	0	0	0
CGGTGACTCGGCTCGG-1	1	3	95	29099	18094	tumor_like	medium	1	1	11	0	1	0	0	0	1	0.2	0	0
CGGTGACTGACTTGGA-1	1	8	44	23998	19005	tumor_like	medium	1	1	1	0	0	0	0	0	0	0	0	0
CGGTGAGCGTTGAGCG-1	1	27	73	26931	22271	immune	medium	0	0	0	0	0	0	0	0	0	0	0	0
CGGTGATTAGAACTTC-1	1	63	109	30590	28478	tumor_like	medium	1	1	90	7	3	0	3	0	13	2.6	1	7
CGGTGATTATCTGATG-1	1	24	200	39646	21644	tumor_like	medium	1	1	64	1	0	0	16	1	18	3.6	1	1
CGGTGCACATAGTAAC-1	1	44	196	39275	25113	tumor_like	medium	1	1	7	0	0	0	0	0	0	0	0	0
CGGTGCGTAATATCAA-1	1	7	155	35114	18736	tumor_like	medium	1	1	26	0	0	0	3	0	3	0.6	0	0
CGGTGCGTTAACAAGT-1	1	72	90	28700	30055	tumor_like	medium	1	1	42	1	0	0	1	0	2	0.4	1	1
CGGTGGAGGCACCTCA-1	1	34	164	36056	23408	tumor_like	medium	1	1	21	0	0	0	1	1	2	0.4	0	0
CGGTGGCATAGGTTCC-1	1	19	85	28121	20875	tumor_like	medium	1	1	1	0	0	0	0	0	0	0	0	0
CGGTTAGACCACCTCC-1	1	69	25	22185	29590	tumor_like	medium	1	1	1	0	0	0	0	0	0	0	0	0
CGGTTAGACTGCACGA-1	1	3	19	21487	18159	tumor_like	medium	1	1	1	1	0	0	0	0	1	0.2	1	1
CGGTTAGAGTCTCGAC-1	1	52	138	33478	26549	tumor_like	medium	1	1	3	0	0	0	0	0	0	0	0	0
CGGTTCTAAGCTAGAT-1	1	14	162	35826	19944	tumor_like	medium	1	1	31	0	0	0	5	0	5	1	0	0
CGGTTCTGGCACTCGG-1	1	82	50	24709	31822	tumor_like	medium	1	1	91	3	0	0	16	0	19	3.8	1	3
CGGTTCTGGCTAATCG-1	1	11	43	23903	19525	stroma_fibroblast	medium	0	0	0	0	0	0	0	0	0	0	0	0
CGGTTGAACTCCAACC-1	1	69	223	42016	29421	tumor_like	medium	1	1	79	28	0	0	14	1	43	8.6	1	28
CGGTTGCAGGAGTGAC-1	1	56	158	35487	27225	tumor_like	medium	1	1	4	8	1	0	0	0	9	1.8	1	4
CGGTTGCTGATACCTA-1	1	10	40	23601	19355	ambiguous_or_low_signal	low	0	0	0	0	0	0	0	0	0	0	0	0
CGGTTGGCGGTCCAAG-1	1	83	139	33624	31918	tumor_like	medium	1	1	74	1	1	0	5	0	7	1.4	1	1
CGGTTGGCGTAGATAC-1	1	51	145	34178	26368	tumor_like	medium	1	1	1	0	0	0	0	0	0	0	0	0
CGGTTGGCTGCGTTCC-1	1	99	173	37053	34662	tumor_like	medium	1	1	0	0	0	0	0	0	0	0	0	0
CGGTTGTCAGCTGACC-1	1	68	128	32500	29330	tumor_like	medium	1	1	23	1	0	0	0	0	1	0.2	1	1
CGTAACAGAATATCAC-1	1	99	97	29441	34726	tumor_like	medium	1	1	184	14	1	0	22	1	38	7.6	1	14
CGTAACAGCAATTCTG-1	1	78	152	34919	31042	tumor_like	medium	1	1	37	2	0	0	13	0	15	3	1	2
CGTAACATGGAAGCTT-1	1	104	58	25542	35627	tumor_like	medium	1	1	278	19	1	0	34	0	54	10.8	1	19
CGTAACTAAGGCTAGC-1	1	83	203	40034	31864	tumor_like	medium	1	1	20	2	0	0	2	0	4	0.8	1	2
CGTAAGTGGACTTACG-1	1	13	221	41733	19719	tumor_like	medium	1	1	0	0	0	0	0	0	0	0	0	0
CGTACAACTTATGGTT-1	1	10	62	25804	19336	tumor_like	medium	1	1	0	0	0	0	0	0	0	0	0	0
CGTACAATTGCGTGAA-1	1	52	104	30073	26578	tumor_like	medium	1	1	45	0	0	0	5	0	5	1	0	0
CGTACACGATCCATAG-1	1	56	74	27074	27296	tumor_like	medium	1	1	0	0	0	0	0	0	0	0	0	0
CGTACACGCCGGATGA-1	1	110	138	33564	36598	tumor_like	medium	1	1	33	0	0	1	3	0	4	0.8	0	0
CGTACAGTTCACGAGG-1	1	58	152	34889	27576	tumor_like	medium	1	1	19	2	0	0	6	0	8	1.6	1	2
CGTACATCTAATGTGA-1	1	36	190	38663	23732	tumor_like	medium	1	1	5	10	0	0	1	0	11	2.2	1	5
CGTACATTATCGCCAA-1	1	93	169	36643	33625	tumor_like	medium	1	1	15	3	0	0	2	0	5	1	1	3
CGTACATTGCTGGCAC-1	1	62	130	32692	28288	tumor_like	medium	1	1	26	6	1	0	4	0	11	2.2	1	6
CGTACTGCATCGGTAC-1	1	42	200	39673	24763	tumor_like	medium	1	1	8	2	0	0	2	0	4	0.8	1	2
CGTACTGCTTGCTTAG-1	1	123	85	28275	38895	tumor_like	medium	1	1	27	1	0	0	2	0	3	0.6	1	1
CGTACTTACTGGCCAG-1	1	62	148	34494	28273	tumor_like	medium	1	1	8	0	0	0	0	0	0	0	0	0
CGTACTTAGGACTCAG-1	1	67	105	30195	29175	tumor_like	medium	1	1	52	1	0	0	6	0	7	1.4	1	1
CGTACTTCGCATCGGT-1	1	84	156	35328	32078	tumor_like	medium	1	1	22	0	0	0	6	0	6	1.2	0	0
CGTACTTCGCGATATC-1	1	73	31	22792	30278	tumor_like	medium	1	1	2	0	0	0	0	0	0	0	0	0
CGTACTTGAGGAACCG-1	1	4	192	38816	18186	tumor_like	medium	1	1	6	1	0	0	2	0	3	0.6	1	1
CGTACTTGTCTGAGAA-1	1	113	127	32466	37127	tumor_like	medium	1	1	12	2	0	0	2	0	4	0.8	1	2
CGTAGTACGACCGGAG-1	1	13	201	39730	19736	tumor_like	medium	1	1	15	6	1	0	0	0	7	1.4	1	6
CGTAGTATGTATTCAT-1	1	75	61	25800	30599	tumor_like	medium	1	1	58	0	0	1	5	0	6	1.2	0	0
CGTAGTCGCCAACCTA-1	1	100	90	28741	34907	tumor_like	medium	1	1	223	12	1	0	17	0	30	6	1	12
CGTAGTCGTGAGGCAC-1	1	98	0	19724	34637	tumor_like	medium	1	1	104	62	2	0	11	0	75	15	1	62
CGTATCACCGTTCGCC-1	1	86	44	24114	32520	tumor_like	medium	1	1	71	6	0	0	6	0	12	2.4	1	6
CGTATCGCGTTCCTCA-1	1	85	137	33427	32266	tumor_like	medium	1	1	18	4	0	0	1	0	5	1	1	4
CGTATCGTCAGTAGAA-1	1	24	142	33837	21694	tumor_like	medium	1	1	5	2	0	0	0	0	2	0.4	1	2
CGTATGAACTGTGCAT-1	1	99	155	35250	34677	tumor_like	medium	1	1	21	11	0	0	7	0	18	3.6	1	11
CGTCACAACTCAGCAC-1	1	99	113	31043	34713	tumor_like	medium	1	1	123	1	0	0	16	0	17	3.4	1	1
CGTCACGGCGGTCATA-1	1	20	184	38038	20965	tumor_like	medium	1	1	33	1	0	0	11	0	12	2.4	1	1
CGTCATTAACCGCTCG-1	1	62	82	27884	28329	tumor_like	medium	1	1	14	0	0	0	0	1	1	0.2	0	0
CGTCCAGACTGTCTAA-1	1	96	42	23928	34254	tumor_like	medium	1	1	115	16	0	0	20	0	36	7.2	1	16
CGTCCATACTCGAGGT-1	1	83	183	38031	31881	tumor_like	medium	1	1	10	7	1	0	1	0	9	1.8	1	7
CGTCCATACTTAGAAC-1	1	58	96	29280	27624	tumor_like	medium	1	1	19	1	0	0	0	0	1	0.2	1	1
CGTCGAACATTACACG-1	1	111	169	36670	36744	ambiguous_or_low_signal	low	0	0	0	0	0	0	0	0	0	0	0	0
CGTCGCTTGGATTAAT-1	1	82	90	28715	31788	tumor_like	medium	1	1	61	2	0	0	10	0	12	2.4	1	2
CGTCGGACCGAGTCTT-1	1	97	3	20023	34460	tumor_like	medium	1	1	60	3	0	0	5	0	8	1.6	1	3
CGTCGGATCAGCCGGC-1	1	82	70	26712	31805	tumor_like	medium	1	1	81	3	0	0	5	0	8	1.6	1	3
CGTCGGATGGCCAACG-1	1	46	60	25657	25576	tumor_like	medium	1	1	0	0	0	0	0	0	0	0	0	0
CGTCGGATTACCGATT-1	1	53	113	30976	26742	tumor_like	medium	1	1	51	4	0	0	10	0	14	2.8	1	4
CGTCGGCATTACCTTG-1	1	90	162	35938	33113	tumor_like	medium	1	1	15	0	0	0	4	0	4	0.8	0	0
CGTCGGCCAACACCAT-1	1	63	23	21976	28552	tumor_like	medium	1	1	3	0	0	0	0	0	0	0	0	0
CGTCGGTTGAGCACTA-1	1	48	122	31870	25869	tumor_like	medium	1	1	5	1	0	0	0	0	1	0.2	1	1
CGTCGGTTGTTCAAGT-1	1	50	102	29869	26233	tumor_like	medium	1	1	18	1	0	0	0	0	1	0.2	1	1
CGTCTAGCATCAGTCG-1	1	73	61	25797	30252	tumor_like	medium	1	1	58	1	0	0	4	0	5	1	1	1
CGTCTAGCTACTGTTA-1	1	11	65	26106	19506	tumor_like	medium	1	1	0	0	0	0	0	0	0	0	0	0
CGTCTGTAACTCACTG-1	1	78	52	24903	31127	tumor_like	medium	1	1	65	1	0	0	19	0	20	4	1	1
CGTCTTCATCACGATT-1	1	123	41	23868	38933	tumor_like	medium	1	1	309	6	0	0	16	0	22	4.4	1	6
CGTGAATCTTCCTAAT-1	1	74	214	41122	30296	tumor_like	medium	1	1	9	3	0	0	1	0	4	0.8	1	3
CGTGACAGAACACTTC-1	1	28	146	34244	22383	tumor_like	medium	1	1	55	2	0	0	1	0	3	0.6	1	2
CGTGAGAAGCGTGGTA-1	1	123	65	26271	38912	tumor_like	medium	1	1	82	2	2	0	20	0	24	4.8	1	2
CGTGAGCAGGCTACCA-1	1	38	164	36061	24101	tumor_like	medium	1	1	34	6	0	0	4	0	10	2	1	6
CGTGAGCGATTAGCTC-1	1	79	217	41430	31159	tumor_like	medium	1	1	7	6	1	0	1	0	8	1.6	1	6
CGTGAGCGCCGAGTCA-1	1	103	137	33453	35385	tumor_like	medium	1	1	28	0	0	0	6	0	6	1.2	0	0
CGTGAGCTCAGACTAT-1	1	57	65	26174	27476	tumor_like	medium	1	1	9	0	0	0	1	0	1	0.2	0	0
CGTGAGTCGATTGCCG-1	1	28	166	36247	22366	tumor_like	medium	1	1	15	0	0	0	2	0	2	0.4	0	0
CGTGAGTTACCAGAGG-1	1	89	179	37639	32924	tumor_like	medium	1	1	7	2	1	0	1	0	4	0.8	1	2
CGTGAGTTCCAGCGAA-1	1	101	149	34652	35029	tumor_like	medium	1	1	20	0	1	0	9	0	10	2	0	0
CGTGATCCTCCGTACT-1	1	28	66	26231	22452	tumor_like	medium	1	1	0	0	0	0	0	0	0	0	0	0
CGTGCCTGTAATCTGG-1	1	104	6	20334	35671	tumor_like	medium	1	1	5	3	0	0	1	0	4	0.8	1	3
CGTGCGTGGTGCCTGG-1	1	110	66	26352	36660	tumor_like	medium	1	1	296	49	13	0	44	0	106	21.2	1	49
CGTGCTGAACAAGACG-1	1	43	201	39775	24935	tumor_like	medium	1	1	4	1	0	0	2	0	3	0.6	1	1
CGTGGCCGCAGTGGAT-1	1	71	97	29400	29875	tumor_like	medium	1	1	84	1	0	0	8	0	9	1.8	1	1
CGTGGCGATGGCTTAC-1	1	88	196	39340	32737	tumor_like	medium	1	1	20	2	0	0	3	0	5	1	1	2
CGTGGCGATTGCCACT-1	1	38	166	36262	24099	tumor_like	medium	1	1	25	3	0	1	8	0	12	2.4	1	3
CGTGGCTCTATCGCGG-1	1	99	143	34048	34687	tumor_like	medium	1	1	119	3	0	0	7	0	10	2	1	3
CGTGTACCATGTTCCG-1	1	102	2	19931	35328	tumor_like	medium	1	1	13	3	1	0	2	0	6	1.2	1	3
CGTGTACCGTAGCAGG-1	1	98	196	39355	34470	tumor_like	medium	1	1	5	2	0	0	0	0	2	0.4	1	2
CGTGTACGCTGGCAAT-1	1	63	115	31191	28473	tumor_like	medium	1	1	57	2	0	1	8	0	11	2.2	1	2
CGTGTAGAGTGGTTCG-1	1	119	143	34078	38153	tumor_like	medium	1	1	1	0	0	0	0	0	0	0	0	0
CGTGTAGTCCTAGTTG-1	1	37	23	21938	24047	ambiguous_or_low_signal	low	0	0	0	0	0	0	0	0	0	0	0	0
CGTGTAGTCGCCAGGC-1	1	70	84	28096	29714	tumor_like	medium	1	1	1	0	0	0	0	0	0	0	0	0
CGTGTATTAGTCGTAC-1	1	124	98	29578	39058	tumor_like	medium	1	1	8	2	1	0	2	0	5	1	1	2
CGTGTCTGCCGCAGCC-1	1	91	21	21817	33405	tumor_like	medium	1	1	0	0	0	0	0	0	0	0	0	0
CGTGTTCAATTCAACC-1	1	99	115	31244	34711	tumor_like	medium	1	1	47	0	0	0	4	0	4	0.8	0	0
CGTGTTCACGTCAGTG-1	1	99	107	30443	34718	tumor_like	medium	1	1	99	15	1	0	12	0	28	5.6	1	15
CGTGTTGCATCCTCAC-1	1	19	63	25918	20894	tumor_like	medium	1	1	0	0	0	0	0	0	0	0	0	0
CGTGTTGGACCGGCTC-1	1	18	164	36032	20635	tumor_like	medium	1	1	5	0	0	0	1	0	1	0.2	0	0
CGTTAACCTTGATGCA-1	1	46	28	22452	25603	tumor_like	medium	1	1	0	0	0	0	0	0	0	0	0	0
CGTTAACTCGGTATCT-1	1	2	108	30400	17911	tumor_like	medium	1	1	8	1	0	0	0	0	1	0.2	1	1
CGTTACAGCGGCATCG-1	1	38	28	22440	24217	tumor_like	medium	1	1	0	0	0	0	0	0	0	0	0	0
CGTTACCGATAGCGTA-1	1	3	193	38914	18011	tumor_like	medium	1	1	1	1	0	0	0	0	1	0.2	1	1
CGTTACGACCACAGAC-1	1	78	58	25504	31122	tumor_like	medium	1	1	94	1	1	0	6	0	8	1.6	1	1
CGTTACGGTTCTCGGA-1	1	64	132	32895	28633	tumor_like	medium	1	1	30	5	0	0	8	0	13	2.6	1	5
CGTTACTATTAGTAGC-1	1	5	107	30304	18430	tumor_like	medium	1	1	1	1	0	0	0	0	1	0.2	1	1
CGTTCCACTCAGGTAA-1	1	23	115	31132	21542	tumor_like	medium	1	1	8	1	1	0	3	0	5	1	1	1
CGTTCCGAATCCGGAA-1	1	28	200	39652	22337	tumor_like	medium	1	1	1	1	0	0	0	0	1	0.2	1	1
CGTTCCGAATTATGTT-1	1	58	88	28479	27631	tumor_like	medium	1	1	16	0	0	0	0	0	0	0	0	0
CGTTCCTCCGGCTATG-1	1	2	92	28797	17924	tumor_like	medium	1	1	1	0	0	0	0	0	0	0	0	0
CGTTCCTCGCTTCTCG-1	1	49	149	34575	26018	tumor_like	medium	1	1	8	2	0	0	3	0	5	1	1	2
CGTTCCTGTACTTATT-1	1	120	112	30974	38353	tumor_like	medium	1	1	40	11	0	0	7	0	18	3.6	1	11
CGTTCTGGTGCTTCTG-1	1	120	8	20558	38442	tumor_like	medium	1	1	23	3	1	0	4	0	8	1.6	1	3
CGTTGGAACCGGAGTA-1	1	49	125	32172	26039	tumor_like	medium	1	1	11	2	0	0	3	0	5	1	1	2
CGTTGGTAGAAGCTCG-1	1	126	52	24974	39444	tumor_like	medium	1	1	175	12	3	0	19	0	34	6.8	1	12
CGTTGGTCGTAATATG-1	1	93	47	24424	33729	tumor_like	medium	1	1	164	31	3	0	21	0	55	11	1	31
CGTTGGTGCACGCCAC-1	1	87	93	29023	32651	tumor_like	medium	1	1	155	3	0	1	22	0	26	5.2	1	3
CGTTGTAATAACAGTA-1	1	110	166	36368	36575	tumor_like	medium	1	1	0	0	0	0	0	0	0	0	0	0
CGTTGTCAATTAGCCA-1	1	94	86	28332	33870	tumor_like	medium	1	1	128	6	1	0	19	0	26	5.2	1	6
CTAACACGATTCCTCG-1	1	106	104	30152	35934	tumor_like	medium	1	1	127	34	2	0	21	0	57	11.4	1	34
CTAACACGCAGACCGA-1	1	108	152	34963	36240	tumor_like	medium	1	1	0	0	0	0	0	0	0	0	0	0
CTAACACGTACTATCT-1	1	90	204	40144	33077	tumor_like	medium	1	1	19	0	0	0	0	0	0	0	0	0
CTAACAGACGCATATC-1	1	67	205	40211	29090	tumor_like	medium	1	1	6	1	0	0	0	0	1	0.2	1	1
CTAACAGCTGAAGAGG-1	1	84	86	28317	32138	tumor_like	medium	1	1	54	2	0	0	6	0	8	1.6	1	2
CTAACATGAGCCTACT-1	1	126	98	29581	39405	tumor_like	medium	1	1	17	1	1	0	1	0	3	0.6	1	1
CTAACATTATTCGTTA-1	1	80	192	38928	31354	tumor_like	medium	1	1	22	3	0	0	3	0	6	1.2	1	3
CTAACCACTGAGATGA-1	1	61	157	35394	28091	tumor_like	medium	1	1	10	5	0	0	1	0	6	1.2	1	5
CTAACCTATCGATTAT-1	1	97	57	25432	34414	tumor_like	medium	1	1	176	75	4	0	31	0	110	22	1	75
CTAACGTGCTGAGTCT-1	1	61	165	36196	28084	tumor_like	medium	1	1	2	7	0	0	0	1	8	1.6	1	2
CTAACTGCATCTTACT-1	1	30	120	31643	22752	tumor_like	medium	1	1	6	1	0	0	0	0	1	0.2	1	1
CTAAGAACAATCATAA-1	1	57	79	27576	27464	tumor_like	medium	1	1	0	0	0	0	2	0	2	0.4	0	0
CTAAGAATCCGCCAAC-1	1	92	192	38946	33433	tumor_like	medium	1	1	5	2	0	0	0	0	2	0.4	1	2
CTAAGACAGCCGACTG-1	1	0	172	36807	17510	tumor_like	medium	1	1	5	0	1	0	0	0	1	0.2	0	0
CTAAGACCGGAGCCGG-1	1	119	155	35280	38142	tumor_like	medium	1	1	0	0	0	0	0	0	0	0	0	0
CTAAGACGATCCAAGG-1	1	11	159	35521	19426	tumor_like	medium	1	1	24	0	1	0	3	0	4	0.8	0	0
CTAAGACTAACATTGT-1	1	10	58	25404	19340	tumor_like	medium	1	1	0	0	0	0	0	0	0	0	0	0
CTAAGACTTCCTAAGA-1	1	70	144	34106	29662	tumor_like	medium	1	1	10	1	0	0	6	0	7	1.4	1	1
CTAAGCGATGGTTAGA-1	1	124	136	33384	39026	tumor_like	medium	1	1	7	7	1	0	1	0	9	1.8	1	7
CTAAGGAGAATGTAGA-1	1	21	165	36137	21153	tumor_like	medium	1	1	7	1	0	0	4	0	5	1	1	1
CTAAGGTGCTGTTAAG-1	1	45	195	39177	25286	tumor_like	medium	1	1	5	3	0	0	0	0	3	0.6	1	3
CTAAGTAATGACCTCC-1	1	4	106	30202	18259	tumor_like	medium	1	1	2	4	0	0	1	0	5	1	1	2
CTAAGTATGAAGCAGA-1	1	28	178	37449	22356	tumor_like	medium	1	1	12	5	0	0	4	0	9	1.8	1	5
CTAAGTATTCCAAGCC-1	1	14	148	34424	19956	tumor_like	medium	1	1	3	1	0	0	0	0	1	0.2	1	1
CTAAGTTAGCTGGTCA-1	1	84	212	40937	32030	tumor_like	medium	1	1	27	1	1	0	4	0	6	1.2	1	1
CTAAGTTCACGTCTTC-1	1	42	148	34465	24807	tumor_like	medium	1	1	8	3	0	0	3	0	6	1.2	1	3
CTAAGTTCCATGTCGT-1	1	42	184	38071	24777	tumor_like	medium	1	1	4	9	0	0	2	0	11	2.2	1	4
CTAATATCATGGTCTG-1	1	65	101	29791	28832	tumor_like	medium	1	1	27	2	0	0	3	0	5	1	1	2
CTAATGAGCGCACCAG-1	1	71	79	27597	29890	tumor_like	medium	1	1	15	1	0	0	0	0	1	0.2	1	1
CTAATGCTCAGAAGGC-1	1	82	192	38931	31701	tumor_like	medium	1	1	26	6	0	0	7	0	13	2.6	1	6
CTAATGGTGCAGTCGG-1	1	89	153	35035	32946	tumor_like	medium	1	1	26	7	0	0	11	0	18	3.6	1	7
CTAATGTACCTTGCAC-1	1	59	117	31385	27778	tumor_like	medium	1	1	3	0	0	0	0	0	0	0	0	0
CTAATTACCTATGCAC-1	1	49	187	38381	25986	tumor_like	medium	1	1	4	7	1	0	0	0	8	1.6	1	4
CTAATTACTCGGTAAT-1	1	105	1	19835	35848	tumor_like	medium	1	1	20	5	1	0	5	0	11	2.2	1	5
CTAATTCAAGCAGAAC-1	1	16	66	26214	20372	tumor_like	medium	1	1	0	0	0	0	0	0	0	0	0	0
CTAATTCCATCAAGCG-1	1	74	22	21892	30460	tumor_like	medium	1	1	0	0	0	0	0	0	0	0	0	0
CTAATTCGTTATCTTG-1	1	54	100	29675	26928	tumor_like	medium	1	1	38	2	0	0	3	0	5	1	1	2
CTAATTGTCGATAACA-1	1	104	140	33755	35557	tumor_like	medium	1	1	35	0	0	0	0	0	0	0	0	0
CTACAATGGATCGCAG-1	1	67	19	21582	29248	tumor_like	medium	1	1	2	1	0	0	0	0	1	0.2	1	1
CTACAGATCAACCTCA-1	1	94	70	26729	33884	tumor_like	medium	1	1	144	13	5	0	20	0	38	7.6	1	13
CTACAGCACGACTCAC-1	1	31	167	36352	22884	tumor_like	medium	1	1	51	4	1	0	7	0	12	2.4	1	4
CTACAGCCAATAACCG-1	1	98	84	28137	34565	tumor_like	medium	1	1	230	19	0	0	35	0	54	10.8	1	19
CTACAGCCACGACAAC-1	1	12	208	40430	19558	tumor_like	medium	1	1	6	0	1	0	0	0	1	0.2	0	0
CTACAGCCTAACTGAT-1	1	51	49	24563	26450	tumor_like	medium	1	1	1	1	0	0	0	0	1	0.2	1	1
CTACAGCCTACTCAGG-1	1	93	167	36443	33627	tumor_like	medium	1	1	24	2	0	0	5	0	7	1.4	1	2
CTACAGCCTGAAGTCT-1	1	90	82	27925	33181	tumor_like	medium	1	1	94	5	0	0	13	0	18	3.6	1	5
CTACAGCGGTGATTCT-1	1	56	164	36088	27220	tumor_like	medium	1	1	6	5	3	0	2	0	10	2	1	5
CTACAGGTAATACTGA-1	1	106	122	31955	35919	tumor_like	medium	1	1	32	1	0	0	5	0	6	1.2	1	1
CTACAGGTCGGCATCT-1	1	30	204	40056	22680	tumor_like	medium	1	1	6	0	0	0	1	0	1	0.2	0	0
CTACAGGTCTATGTAC-1	1	74	146	34312	30354	tumor_like	medium	1	1	18	1	0	0	2	0	3	0.6	1	1
CTACAGGTGCTATGGC-1	1	47	179	37577	25646	tumor_like	medium	1	1	7	10	1	0	2	0	13	2.6	1	7
CTACAGGTTACCAGGA-1	1	96	164	36147	34150	tumor_like	medium	1	1	20	3	0	0	3	0	6	1.2	1	3
CTACAGTAACGCCTCG-1	1	64	98	29490	28662	tumor_like	medium	1	1	53	3	0	0	8	0	11	2.2	1	3
CTACAGTAACTGCGTC-1	1	97	161	35848	34325	tumor_like	medium	1	1	27	3	0	0	7	0	10	2	1	3
CTACAGTACAAGACCG-1	1	97	123	32042	34358	tumor_like	medium	1	1	115	29	4	0	9	0	42	8.4	1	29
CTACAGTATCCTGGCA-1	1	103	81	27844	35433	tumor_like	medium	1	1	187	58	5	0	20	0	83	16.6	1	58
CTACAGTGCGTTAGTG-1	1	122	82	27973	38725	tumor_like	medium	1	1	38	3	0	0	5	0	8	1.6	1	3
CTACATCTTAAGGAAC-1	1	55	73	26972	27123	tumor_like	medium	1	1	3	4	0	0	0	0	4	0.8	1	3
CTACCAAGACCGTTGG-1	1	117	45	24259	37890	tumor_like	medium	1	1	205	8	2	0	19	0	29	5.8	1	8
CTACCAGACATTCCTA-1	1	13	49	24507	19866	tumor_like	medium	1	1	1	0	0	0	0	0	0	0	0	0
CTACCAGAGTAATCTT-1	1	40	154	35063	24456	tumor_like	medium	1	1	8	2	0	0	4	0	6	1.2	1	2
CTACCATCCAGCGAAT-1	1	79	97	29411	31261	tumor_like	medium	1	1	60	0	0	1	6	1	8	1.6	0	0
CTACCGTCCATTAACC-1	1	78	202	39926	30999	tumor_like	medium	1	1	17	1	0	0	1	0	2	0.4	1	1
CTACCTCAAGTTCCAC-1	1	20	46	24216	21082	tumor_like	medium	1	1	0	0	0	0	0	0	0	0	0	0
CTACCTCCACCTAGCC-1	1	46	170	36674	25482	tumor_like	medium	1	1	8	6	0	0	2	0	8	1.6	1	6
CTACCTGAAGCCGTAT-1	1	91	175	37241	33274	tumor_like	medium	1	1	0	0	0	0	0	0	0	0	0	0
CTACCTTAACAGCCAG-1	1	83	187	38431	31877	tumor_like	medium	1	1	37	13	0	0	6	0	19	3.8	1	13
CTACCTTAGATAACGG-1	1	93	81	27830	33700	tumor_like	medium	1	1	209	7	0	0	33	0	40	8	1	7
CTACGAATCTTGAATT-1	1	59	43	23974	27842	tumor_like	medium	1	1	0	0	0	0	1	0	1	0.2	0	0
CTACGAGGTGCTATAC-1	1	117	79	27665	37861	tumor_like	medium	1	1	85	1	1	0	18	0	20	4	1	1
CTACGAGTATCAGATA-1	1	68	120	31699	29336	tumor_like	medium	1	1	19	0	0	0	3	0	3	0.6	0	0
CTACGAGTCGCCTCGG-1	1	72	66	26296	30076	tumor_like	medium	1	1	47	0	0	0	6	0	6	1.2	0	0
CTACGAGTTGCGGTTG-1	1	41	175	37168	24610	tumor_like	medium	1	1	22	2	1	0	7	0	10	2	1	2
CTACGATACGACGTGG-1	1	71	65	26195	29902	tumor_like	medium	1	1	158	0	0	0	10	0	10	2	0	0
CTACGATATCTGGTGC-1	1	23	167	36340	21498	tumor_like	medium	1	1	24	2	0	1	1	1	5	1	1	2
CTACGATCAATAACTC-1	1	70	114	31101	29688	tumor_like	medium	1	1	9	1	0	0	0	0	1	0.2	1	1
CTACGATGGCTTGATC-1	1	121	11	20860	38612	tumor_like	medium	1	1	7	2	0	0	6	0	8	1.6	1	2
CTACGCACAGGATACA-1	1	45	183	37975	25296	tumor_like	medium	1	1	9	5	0	2	2	0	9	1.8	1	5
CTACGCATGTAGTGGT-1	1	82	156	35325	31731	tumor_like	medium	1	1	25	2	0	0	4	0	6	1.2	1	2
CTACGCGGCTATTGAG-1	1	31	73	26937	22964	immune	medium	0	0	0	0	0	0	0	0	0	0	0	0
CTACGGCTGCTCGCGG-1	1	125	127	32484	39206	tumor_like	medium	1	1	102	1	0	0	4	0	5	1	1	1
CTACTCAGCCACTACC-1	1	61	217	41404	28040	tumor_like	medium	1	1	102	12	2	0	19	0	33	6.6	1	12
CTACTCATACAGTTCT-1	1	122	154	35184	38664	ambiguous_or_low_signal	low	0	0	0	1	0	0	0	0	1	0.2	0	0
CTACTCCACCGGATCC-1	1	7	217	41324	18683	tumor_like	medium	1	1	1	0	0	0	0	0	0	0	0	0
CTACTCCTGCTTAGTA-1	1	63	61	25782	28519	tumor_like	medium	1	1	15	1	0	0	1	0	2	0.4	1	1
CTACTCCTGGACGTAG-1	1	55	129	32581	27075	tumor_like	medium	1	1	13	2	0	0	2	0	4	0.8	1	2
CTACTCGGAATTGCTT-1	1	74	84	28102	30407	tumor_like	medium	1	1	28	0	0	0	2	0	2	0.4	0	0
CTACTCTAGGCGACAT-1	1	57	167	36390	27389	tumor_like	medium	1	1	10	12	0	0	1	0	13	2.6	1	10
CTACTCTGAAGAATGC-1	1	68	18	21483	29423	tumor_like	medium	1	1	0	0	0	0	0	0	0	0	0	0
CTACTCTGCTTCGGTA-1	1	95	75	27232	34052	tumor_like	medium	1	1	83	7	0	0	16	0	23	4.6	1	7
CTACTGAGACGAGCCA-1	1	85	83	28018	32313	tumor_like	medium	1	1	51	0	0	0	14	0	14	2.8	0	0
CTACTGAGCGTTCATT-1	1	23	129	32534	21531	tumor_like	medium	1	1	16	11	0	0	4	0	15	3	1	11
CTACTGCCGCGTTGTC-1	1	51	161	35780	26355	tumor_like	medium	1	1	15	4	0	0	3	0	7	1.4	1	4
CTACTGGATACATTGC-1	1	126	124	32185	39383	tumor_like	medium	1	1	85	9	2	0	12	0	23	4.6	1	9
CTACTGGCGGACGAGC-1	1	75	31	22795	30624	tumor_like	medium	1	1	1	0	0	0	0	0	0	0	0	0
CTACTGGCGGCTCCTG-1	1	31	149	34549	22900	tumor_like	medium	1	1	14	1	0	0	1	0	2	0.4	1	1
CTACTTACGCGAATAC-1	1	7	161	35715	18731	tumor_like	medium	1	1	16	0	0	0	6	0	6	1.2	0	0
CTACTTCATGTTATAA-1	1	105	51	24843	35805	tumor_like	medium	1	1	75	9	4	0	10	0	23	4.6	1	9
CTACTTCGCTACCATA-1	1	7	17	21293	18854	tumor_like	medium	1	1	0	0	0	0	0	0	0	0	0	0
CTACTTCGGTCAGACT-1	1	98	126	32344	34529	tumor_like	medium	1	1	84	25	1	0	6	0	32	6.4	1	25
CTAGAATTATCCACGC-1	1	88	170	36736	32759	tumor_like	medium	1	1	2	0	0	0	3	0	3	0.6	0	0
CTAGATAGTGATCGTT-1	1	48	152	34874	25844	tumor_like	medium	1	1	1	1	0	0	3	0	4	0.8	1	1
CTAGATGATTCTGGAT-1	1	71	131	32805	29846	tumor_like	medium	1	1	28	1	0	0	2	0	3	0.6	1	1
CTAGCAACTGGACAGA-1	1	66	92	28892	29014	tumor_like	medium	1	1	85	2	0	0	7	0	9	1.8	1	2
CTAGCACGGCCTATGC-1	1	125	83	28077	39243	tumor_like	medium	1	1	85	7	1	1	3	0	12	2.4	1	7
CTAGCACTCATGACGC-1	1	117	15	21255	37915	tumor_like	medium	1	1	83	15	2	0	5	0	22	4.4	1	15
CTAGCACTCGGAAGGA-1	1	31	179	37553	22874	tumor_like	medium	1	1	11	1	0	0	1	0	2	0.4	1	1
CTAGCACTGGCCTCCA-1	1	43	163	35969	24967	tumor_like	medium	1	1	21	3	0	0	1	0	4	0.8	1	3
CTAGCACTTCGTCCTA-1	1	71	33	22990	29929	tumor_like	medium	1	1	1	0	0	0	2	0	2	0.4	0	0
CTAGCACTTGAATACC-1	1	11	161	35721	19424	tumor_like	medium	1	1	22	0	0	0	5	0	5	1	0	0
CTAGCAGGACAAGTGC-1	1	0	106	30196	17566	tumor_like	medium	1	1	8	3	0	0	0	0	3	0.6	1	3
CTAGCAGGCACCTCAC-1	1	63	187	38402	28412	tumor_like	medium	1	1	13	1	0	0	1	0	2	0.4	1	1
CTAGCAGGTGGAGCCA-1	1	77	87	28407	30923	tumor_like	medium	1	1	40	3	0	0	7	0	10	2	1	3
CTAGCATATCACAGTC-1	1	32	184	38056	23044	tumor_like	medium	1	1	17	8	0	0	4	0	12	2.4	1	8
CTAGCATATGTCCATG-1	1	4	50	24593	18307	tumor_like	medium	1	1	0	0	0	0	0	0	0	0	0	0
CTAGCATTATCTTCTG-1	1	89	117	31429	32977	tumor_like	medium	1	1	40	6	0	0	9	0	15	3	1	6
CTAGCGAGCTATAGTG-1	1	96	88	28535	34215	tumor_like	medium	1	1	193	7	0	0	16	0	23	4.6	1	7
CTAGCGGAATCTAGTT-1	1	74	110	30706	30385	tumor_like	medium	1	1	23	1	0	0	4	0	5	1	1	1
CTAGCGTCATTACTCA-1	1	122	138	33581	38678	tumor_like	medium	1	1	4	0	0	0	0	0	0	0	0	0
CTAGCGTCGCGACCAG-1	1	86	144	34129	32435	tumor_like	medium	1	1	31	11	0	0	6	0	17	3.4	1	11
CTAGCGTCGGTTATCT-1	1	90	86	28326	33177	tumor_like	medium	1	1	55	4	0	0	7	0	11	2.2	1	4
CTAGCGTTGTGCTGTA-1	1	41	31	22745	24733	immune	medium	0	0	0	0	0	0	1	0	1	0.2	0	0
CTAGCTATACGACTTG-1	1	91	159	35639	33287	tumor_like	medium	1	1	104	0	0	0	3	0	3	0.6	0	0
CTAGGAACTCACTTAG-1	1	78	68	26505	31113	tumor_like	medium	1	1	26	2	0	0	3	0	5	1	1	2
CTAGGAAGTCTAATTG-1	1	27	81	27732	22265	tumor_like	medium	1	1	0	0	0	0	0	0	0	0	0	0
CTAGGACCGCTAGCAG-1	1	103	155	35256	35370	tumor_like	medium	1	1	16	4	0	0	7	0	11	2.2	1	4
CTAGGACCGCTGAGGA-1	1	70	216	41317	29601	tumor_like	medium	1	1	5	2	2	0	2	0	6	1.2	1	2
CTAGGTTCCAACATCG-1	1	109	69	26651	36483	tumor_like	medium	1	1	192	16	1	0	25	0	42	8.4	1	16
CTAGTGTCAGGCCTGG-1	1	120	68	26567	38391	tumor_like	medium	1	1	72	15	2	0	6	0	23	4.6	1	15
CTAGTTAACAGATGTC-1	1	50	118	31472	26219	tumor_like	medium	1	1	10	3	0	0	3	0	6	1.2	1	3
CTAGTTATAGCCTATC-1	1	118	76	27366	38037	tumor_like	medium	1	1	70	3	3	0	13	0	19	3.8	1	3
CTAGTTCCAATCTTAG-1	1	46	146	34270	25502	tumor_like	medium	1	1	2	2	0	0	1	0	3	0.6	1	2
CTAGTTCTCGTACACT-1	1	113	151	34870	37106	tumor_like	medium	1	1	9	0	0	1	2	0	3	0.6	0	0
CTAGTTCTGGTGTAAC-1	1	105	63	26045	35795	tumor_like	medium	1	1	307	14	0	0	26	0	40	8	1	14
CTAGTTGAGTATAGCT-1	1	75	111	30808	30556	tumor_like	medium	1	1	33	1	1	0	11	0	13	2.6	1	1
CTAGTTGATCGCTGCC-1	1	12	46	24205	19696	tumor_like	medium	1	1	0	0	0	0	0	0	0	0	0	0
CTAGTTGTACGGAAGG-1	1	62	32	22876	28372	tumor_like	medium	1	1	0	0	0	0	0	0	0	0	0	0
CTAGTTGTTAAGATAC-1	1	90	184	38141	33094	tumor_like	medium	1	1	3	0	0	0	2	0	2	0.4	0	0
CTATAACCAGGTGGCG-1	1	86	96	29322	32476	tumor_like	medium	1	1	162	2	1	0	17	0	20	4	1	2
CTATAACCTTAGTATG-1	1	62	86	28285	28326	tumor_like	medium	1	1	19	0	0	0	1	0	1	0.2	0	0
CTATAACGTGCACGTA-1	1	43	167	36369	24964	tumor_like	medium	1	1	16	4	0	0	3	0	7	1.4	1	4
CTATAACTAGAAGCGG-1	1	109	15	21243	36529	tumor_like	medium	1	1	3	2	0	0	0	0	2	0.4	1	2
CTATAACTCACTCGAC-1	1	36	196	39264	23727	tumor_like	medium	1	1	5	2	0	0	1	0	3	0.6	1	2
CTATAAGCTTGAGTCA-1	1	37	207	40367	23890	tumor_like	medium	1	1	1	1	0	0	0	0	1	0.2	1	1
CTATAATTCAACCTGT-1	1	23	105	30130	21551	tumor_like	medium	1	1	0	0	1	0	0	1	2	0.4	0	0
CTATACGAGTAGAACA-1	1	6	36	23194	18665	tumor_like	medium	1	1	0	0	0	0	0	0	0	0	0	0
CTATAGCAGATGGCAT-1	1	75	127	32410	30542	tumor_like	medium	1	1	44	7	0	0	8	0	15	3	1	7
CTATCAGAGCTAACCG-1	1	90	70	26723	33191	tumor_like	medium	1	1	84	3	1	0	15	0	19	3.8	1	3
CTATCCACTCGGAGGT-1	1	36	208	40465	23717	tumor_like	medium	1	1	1	1	0	0	1	0	2	0.4	1	1
CTATCCAGGACTTGTA-1	1	65	49	24583	28876	tumor_like	medium	1	1	16	0	0	0	5	0	5	1	0	0
CTATCCATAACATAGT-1	1	5	217	41321	18337	tumor_like	medium	1	1	1	0	0	0	2	0	2	0.4	0	0
CTATCCATCTTGGACG-1	1	10	42	23801	19353	tumor_like	medium	1	1	0	0	0	0	1	0	1	0.2	0	0
CTATCCATTGTAGTGC-1	1	89	129	32631	32966	tumor_like	medium	1	1	43	1	0	0	15	0	16	3.2	1	1
CTATCCGGTGGCCTTA-1	1	13	113	30917	19811	tumor_like	medium	1	1	1	1	0	0	5	0	6	1.2	1	1
CTATCCGTGGATGCTG-1	1	112	54	25153	37017	tumor_like	medium	1	1	144	3	2	0	33	0	38	7.6	1	3
CTATCCGTGGCTTAGA-1	1	16	146	34226	20304	tumor_like	medium	1	1	11	1	0	0	9	0	10	2	1	1
CTATCCTGCTGTCGTT-1	1	44	178	37473	25128	tumor_like	medium	1	1	9	11	1	0	6	0	18	3.6	1	9
CTATCCTTAAGTACTT-1	1	76	128	32512	30716	tumor_like	medium	1	1	37	3	0	0	4	0	7	1.4	1	3
CTATCCTTAATTCGGA-1	1	23	169	36540	21496	tumor_like	medium	1	1	13	0	0	0	2	0	2	0.4	0	0
CTATCCTTGGAACCGA-1	1	94	160	35743	33807	tumor_like	medium	1	1	27	3	0	0	14	0	17	3.4	1	3
CTATCGAAGGACGGAA-1	1	49	189	38582	25984	tumor_like	medium	1	1	8	6	0	0	2	0	8	1.6	1	6
CTATCGAGTGGCGAGC-1	1	101	115	31247	35058	tumor_like	medium	1	1	37	0	0	0	6	0	6	1.2	0	0
CTATCGCAGCGATCTG-1	1	76	62	25902	30772	tumor_like	medium	1	1	42	1	0	1	5	0	7	1.4	1	1
CTATCGGATGTACCTG-1	1	25	55	25125	21940	tumor_like	medium	1	1	0	0	0	0	1	0	1	0.2	0	0
CTATCGGCAATCATTA-1	1	110	116	31360	36617	tumor_like	medium	1	1	69	3	1	0	11	0	15	3	1	3
CTATCGGCACCTGACA-1	1	97	167	36449	34320	tumor_like	medium	1	1	6	0	0	1	1	0	2	0.4	0	0
CTATCGTACGCCATGC-1	1	54	70	26670	26953	tumor_like	medium	1	1	3	0	1	0	0	0	1	0.2	0	0
CTATCGTAGGAATATC-1	1	23	35	23119	21611	immune	medium	0	0	0	0	0	0	0	0	0	0	0	0
CTATCGTAGTGCATAA-1	1	103	109	30649	35409	tumor_like	medium	1	1	106	23	1	0	20	0	44	8.8	1	23
CTATCGTTCTAGACGC-1	1	73	155	35212	30172	tumor_like	medium	1	1	24	2	0	0	2	0	4	0.8	1	2
CTATCGTTGCCTACGG-1	1	122	40	23766	38761	tumor_like	medium	1	1	111	4	0	0	11	0	15	3	1	4
CTATGCAAGAACTCAT-1	1	14	68	26411	20024	tumor_like	medium	1	1	0	0	0	0	0	0	0	0	0	0
CTATGCAAGGTTGCAC-1	1	104	160	35758	35540	tumor_like	medium	1	1	18	0	0	0	1	0	1	0.2	0	0
CTATGCACGCGACCTG-1	1	101	159	35654	35020	tumor_like	medium	1	1	62	1	2	0	10	0	13	2.6	1	1
CTATGCAGCCTCGTAC-1	1	118	90	28768	38025	tumor_like	medium	1	1	81	11	1	0	9	0	21	4.2	1	11
CTATGCCAACTGAGGC-1	1	73	105	30204	30215	tumor_like	medium	1	1	116	3	0	0	13	0	16	3.2	1	3
CTATGCCAATGCGTCA-1	1	95	135	33241	34001	tumor_like	medium	1	1	47	1	1	0	7	0	9	1.8	1	1
CTATGCCGTCATTACG-1	1	0	30	22584	17631	tumor_like	medium	1	1	1	0	0	0	0	0	0	0	0	0
CTATGCCTCCAAGGCA-1	1	29	169	36549	22536	tumor_like	medium	1	1	17	2	0	1	4	0	7	1.4	1	2
CTATGCGTGCAATTGG-1	1	45	23	21950	25433	tumor_like	medium	1	1	13	0	0	0	0	0	0	0	0	0
CTATGCTGTCCTTCGC-1	1	65	185	38205	28760	tumor_like	medium	1	1	24	1	1	0	4	0	6	1.2	1	1
CTATGCTTCTACGGAT-1	1	83	79	27615	31969	tumor_like	medium	1	1	55	2	1	0	8	0	11	2.2	1	2
CTATGTCATCCGTTGA-1	1	43	215	41177	24923	tumor_like	medium	1	1	2	0	0	0	0	0	0	0	0	0
CTATGTGAACAGTTCG-1	1	112	80	27758	36994	tumor_like	medium	1	1	127	10	0	0	21	0	31	6.2	1	10
CTATGTGCAGGTTGTC-1	1	19	59	25517	20897	tumor_like	medium	1	1	0	0	0	0	0	0	0	0	0	0
CTATGTGCCGACTACC-1	1	29	187	38352	22521	tumor_like	medium	1	1	22	10	1	0	10	0	21	4.2	1	10
CTATGTGCCTTGCTAC-1	1	84	62	25913	32158	tumor_like	medium	1	1	32	2	0	0	11	0	13	2.6	1	2
CTATGTGCTAACCTGT-1	1	112	50	24753	37020	tumor_like	medium	1	1	180	43	3	0	27	0	73	14.6	1	43
CTATGTTAGTCCACGC-1	1	125	107	30481	39223	tumor_like	medium	1	1	13	3	0	0	3	0	6	1.2	1	3
CTATTAAGCGTGTATG-1	1	58	198	39496	27537	tumor_like	medium	1	1	10	2	0	0	2	0	4	0.8	1	2
CTATTAAGCTGTCGGC-1	1	77	97	29409	30914	tumor_like	medium	1	1	37	1	0	1	3	0	5	1	1	1
CTATTAAGGATACACC-1	1	85	79	27618	32316	tumor_like	medium	1	1	58	4	0	0	10	0	14	2.8	1	4
CTATTAATGTGGATGC-1	1	1	117	31300	17729	tumor_like	medium	1	1	5	2	1	0	0	0	3	0.6	1	2
CTATTACACTATAGGA-1	1	59	131	32787	27767	tumor_like	medium	1	1	55	5	0	0	7	0	12	2.4	1	5
CTATTACAGATGCAGT-1	1	3	47	24292	18135	tumor_like	medium	1	1	0	0	0	0	0	0	0	0	0	0
CTATTACCGTTCAACC-1	1	121	89	28672	38545	tumor_like	medium	1	1	25	1	0	0	4	0	5	1	1	1
CTATTAGAGCAGATGT-1	1	63	65	26183	28516	tumor_like	medium	1	1	28	0	0	0	3	0	3	0.6	0	0
CTATTAGAGCGGTATG-1	1	105	77	27447	35783	tumor_like	medium	1	1	174	11	1	0	22	0	34	6.8	1	11
CTATTAGAGTGAACAT-1	1	47	105	30166	25709	tumor_like	medium	1	1	21	2	0	0	2	0	4	0.8	1	2
CTATTAGCCAAGGCCA-1	1	40	58	25448	24538	tumor_like	medium	1	1	5	0	0	0	0	0	0	0	0	0
CTATTAGCTAGGCGTC-1	1	47	161	35774	25662	tumor_like	medium	1	1	6	3	1	0	1	0	5	1	1	3
CTATTAGTACCAATCA-1	1	62	50	24679	28356	tumor_like	medium	1	1	5	1	0	0	0	0	1	0.2	1	1
CTATTAGTCGGCCAAG-1	1	17	125	32124	20494	tumor_like	medium	1	1	137	14	1	0	5	0	20	4	1	14
CTATTAGTTCTTCGTT-1	1	74	134	33110	30364	tumor_like	medium	1	1	27	6	0	0	5	0	11	2.2	1	6
CTATTATGGACACGGT-1	1	56	140	33684	27240	tumor_like	medium	1	1	24	2	0	0	1	0	3	0.6	1	2
CTATTATGGCTGACCA-1	1	99	45	24233	34771	tumor_like	medium	1	1	216	18	2	1	18	0	39	7.8	1	18
CTATTCACCGCCGAGG-1	1	10	50	24602	19346	tumor_like	medium	1	1	1	0	0	0	0	0	0	0	0	0
CTATTCACTTGATCTA-1	1	114	106	30365	37319	tumor_like	medium	1	1	17	1	0	0	6	0	7	1.4	1	1
CTATTCATAAGATCAC-1	1	79	165	36222	31203	tumor_like	medium	1	1	34	3	0	0	4	0	7	1.4	1	3
CTATTCATCCAGACCG-1	1	96	62	25931	34237	tumor_like	medium	1	1	203	23	0	1	22	0	46	9.2	1	23
CTATTCCGATCCGTGG-1	1	39	53	24946	24368	tumor_like	medium	1	1	0	0	0	0	0	0	0	0	0	0
CTATTCCGCCTTCGCA-1	1	115	57	25458	37533	tumor_like	medium	1	1	110	7	2	0	20	0	29	5.8	1	7
CTATTCCGGCTCAGGT-1	1	19	57	25317	20899	tumor_like	medium	1	1	4	0	0	0	1	0	1	0.2	0	0
CTATTCCGTCGATAGA-1	1	98	4	20125	34633	tumor_like	medium	1	1	20	0	0	0	4	0	4	0.8	0	0
CTATTCCTAATTAGAT-1	1	32	42	23834	23165	ambiguous_or_low_signal	low	0	0	0	0	0	0	0	0	0	0	0	0
CTATTCGGATTATCAT-1	1	67	75	27190	29200	tumor_like	medium	1	1	10	0	0	0	0	0	0	0	0	0
CTATTCGGCACTCATT-1	1	107	101	29853	36109	tumor_like	medium	1	1	67	13	0	0	10	0	23	4.6	1	13
CTATTCGGTTATCGAA-1	1	24	202	39847	21643	tumor_like	medium	1	1	16	0	0	0	2	0	2	0.4	0	0
CTATTCTGCACCAACG-1	1	20	80	27622	21053	tumor_like	medium	1	1	0	0	0	0	0	0	0	0	0	0
CTATTCTTGCGTCTTG-1	1	87	141	33830	32610	tumor_like	medium	1	1	41	3	0	0	7	0	10	2	1	3
CTATTGTAGCAGTAGA-1	1	59	175	37194	27729	tumor_like	medium	1	1	4	5	2	0	1	0	8	1.6	1	4
CTCAAGCACCTACTAT-1	1	59	83	27980	27807	tumor_like	medium	1	1	32	1	0	0	2	0	3	0.6	1	1
CTCAAGCATAGGCGTA-1	1	45	139	33568	25334	tumor_like	medium	1	1	3	1	0	0	0	0	1	0.2	1	1
CTCAAGCGCTCGCAGT-1	1	86	166	36333	32416	tumor_like	medium	1	1	9	0	0	0	2	0	2	0.4	0	0
CTCAAGCTGGCAGATG-1	1	23	45	24121	21602	tumor_like	medium	1	1	0	0	0	0	0	0	0	0	0	0
CTCAAGGTTCTGACAA-1	1	44	140	33667	25161	tumor_like	medium	1	1	0	3	0	0	0	0	3	0.6	0	0
CTCAATACATAGCGGT-1	1	22	78	27424	21402	tumor_like	medium	1	1	0	0	0	0	1	0	1	0.2	0	0
CTCAATACCTAGACAA-1	1	93	203	40049	33596	tumor_like	medium	1	1	31	1	0	0	3	0	4	0.8	1	1
CTCAATACTCGACTGT-1	1	38	196	39266	24073	tumor_like	medium	1	1	7	2	0	1	1	0	4	0.8	1	2
CTCAATACTTCTGCTA-1	1	75	71	26802	30590	tumor_like	medium	1	1	27	0	0	0	2	0	2	0.4	0	0
CTCAATCACTACGCAC-1	1	119	149	34679	38147	tumor_like	medium	1	1	2	1	0	0	0	0	1	0.2	1	1
CTCAATCTCACCATGC-1	1	65	155	35200	28786	tumor_like	medium	1	1	20	2	0	0	1	0	3	0.6	1	2
CTCAATCTCAGCGGAG-1	1	94	100	29734	33858	tumor_like	medium	1	1	148	6	0	0	16	1	23	4.6	1	6
CTCAATCTCCGGAGCC-1	1	62	102	29887	28312	tumor_like	medium	1	1	49	0	0	0	3	0	3	0.6	0	0
CTCAATCTGCAATCTG-1	1	120	110	30774	38355	tumor_like	medium	1	1	59	5	1	0	9	0	15	3	1	5
CTCAATTGGCTCGCTA-1	1	126	66	26376	39432	tumor_like	medium	1	1	33	4	0	0	9	0	13	2.6	1	4
CTCACCAGCAACGCAA-1	1	21	123	31930	21189	tumor_like	medium	1	1	36	5	0	0	6	0	11	2.2	1	5
CTCACCAGCCTGAGAA-1	1	63	211	40806	28391	tumor_like	medium	1	1	27	2	0	0	7	0	9	1.8	1	2
CTCACCAGGAACCATG-1	1	17	207	40337	20424	tumor_like	medium	1	1	4	0	0	0	0	0	0	0	0	0
CTCACCAGTGCGCAGT-1	1	107	69	26648	36136	tumor_like	medium	1	1	162	14	0	0	19	0	33	6.6	1	14
CTCACCGACAGGCAGA-1	1	123	141	33883	38847	tumor_like	medium	1	1	3	0	0	0	0	0	0	0	0	0
CTCACCGATTAAGAGC-1	1	92	142	33938	33476	tumor_like	medium	1	1	70	2	3	0	8	0	13	2.6	1	2
CTCACCGCTGACGTCC-1	1	89	195	39242	32910	tumor_like	medium	1	1	20	1	0	0	5	0	6	1.2	1	1
CTCACCGTCGGTTACA-1	1	125	99	29680	39230	tumor_like	medium	1	1	8	2	0	0	1	0	3	0.6	1	2
CTCACCGTTGGAGTGG-1	1	1	49	24489	17787	tumor_like	medium	1	1	0	0	0	0	0	0	0	0	0	0
CTCACCGTTGTACCTC-1	1	70	90	28697	29709	tumor_like	medium	1	1	20	0	1	0	1	0	2	0.4	0	0
CTCACCTGAGTCCGCT-1	1	71	141	33807	29837	tumor_like	medium	1	1	15	3	0	0	2	0	5	1	1	3
CTCACCTGCGTTATAG-1	1	66	100	29693	29007	tumor_like	medium	1	1	27	3	0	0	5	0	8	1.6	1	3
CTCACCTTGCAGCGAG-1	1	70	20	21686	29768	tumor_like	medium	1	1	1	0	0	0	0	0	0	0	0	0
CTCACGAGGTTAATTA-1	1	48	164	36076	25833	tumor_like	medium	1	1	9	3	0	0	2	0	5	1	1	3
CTCACGATCCGAGTCG-1	1	8	52	24800	18998	tumor_like	medium	1	1	0	0	0	0	0	0	0	0	0	0
CTCACGATCTTGAATC-1	1	97	113	31041	34366	tumor_like	medium	1	1	75	0	0	0	5	0	5	1	0	0
CTCACGCCTCGGTACA-1	1	83	123	32021	31932	tumor_like	medium	1	1	69	2	0	0	6	0	8	1.6	1	2
CTCACGCTTGGAACAA-1	1	75	201	39822	30479	tumor_like	medium	1	1	15	0	0	0	2	0	2	0.4	0	0
CTCACGGAAGCCTGTA-1	1	104	90	28747	35600	tumor_like	medium	1	1	163	18	0	0	26	0	44	8.8	1	18
CTCACGGTATGTACGG-1	1	65	127	32396	28810	tumor_like	medium	1	1	40	1	0	0	3	0	4	0.8	1	1
CTCAGAGGTATGCGAG-1	1	96	56	25330	34243	tumor_like	medium	1	1	214	69	3	0	36	0	108	21.6	1	69
CTCAGAGTTGAAGCAT-1	1	76	204	40124	30651	tumor_like	medium	1	1	12	0	0	0	1	0	1	0.2	0	0
CTCAGCCTCAGTTCGG-1	1	28	192	38851	22344	tumor_like	medium	1	1	32	2	0	0	3	0	5	1	1	2
CTCAGGAGAATGACAT-1	1	86	218	41541	32372	tumor_like	medium	1	1	30	0	0	0	7	1	8	1.6	0	0
CTCAGGCACGTGTATT-1	1	55	77	27373	27120	tumor_like	medium	1	1	1	0	0	0	0	0	0	0	0	0
CTCAGGCAGCGGAGAA-1	1	74	210	40722	30299	tumor_like	medium	1	1	10	1	0	0	3	0	4	0.8	1	1
CTCAGGCGCATCCATC-1	1	111	43	24050	36852	tumor_like	medium	1	1	206	18	1	1	17	0	37	7.4	1	18
CTCAGGCTGTCACCGA-1	1	95	107	30437	34025	tumor_like	medium	1	1	94	5	0	0	10	0	15	3	1	5
CTCAGGTAACTCTACT-1	1	69	19	21585	29595	tumor_like	medium	1	1	0	0	1	0	0	0	1	0.2	0	0
CTCAGGTCCATTCCGA-1	1	105	57	25444	35800	tumor_like	medium	1	1	248	8	1	0	35	0	44	8.8	1	8
CTCATAATGAGGAAGG-1	1	64	116	31292	28647	tumor_like	medium	1	1	33	2	0	0	1	0	3	0.6	1	2
CTCATAATGGATGGCC-1	1	96	46	24329	34251	tumor_like	medium	1	1	126	47	1	0	20	0	68	13.6	1	47
CTCATACTATAAGCGA-1	1	24	114	31033	21718	tumor_like	medium	1	1	8	2	1	0	1	0	4	0.8	1	2
CTCATACTTATGAGGT-1	1	50	148	34477	26194	tumor_like	medium	1	1	4	2	0	0	1	0	3	0.6	1	2
CTCATATCAGCGAGTC-1	1	87	175	37235	32581	tumor_like	medium	1	1	4	0	0	0	0	0	0	0	0	0
CTCATATCCTGAATGG-1	1	71	71	26796	29897	tumor_like	medium	1	1	28	0	0	0	3	0	3	0.6	0	0
CTCATATCGCCTGAGG-1	1	60	68	26479	27995	tumor_like	medium	1	1	12	3	0	0	4	0	7	1.4	1	3
CTCATATGCACCGTCT-1	1	32	114	31045	23104	tumor_like	medium	1	1	0	0	0	0	0	0	0	0	0	0
CTCATCCACTTAAGCC-1	1	113	113	31064	37139	tumor_like	medium	1	1	40	1	0	0	3	0	4	0.8	1	1
CTCATCCAGCTTAAGG-1	1	68	136	33301	29323	tumor_like	medium	1	1	19	1	0	0	1	0	2	0.4	1	1
CTCATCCATCTAACAT-1	1	122	132	32980	38683	tumor_like	medium	1	1	25	11	0	0	6	0	17	3.4	1	11
CTCATCGAGCGAGTTA-1	1	107	53	25046	36150	tumor_like	medium	1	1	107	5	0	0	16	0	21	4.2	1	5
CTCATGAAGTCGCACC-1	1	97	77	27435	34397	tumor_like	medium	1	1	154	22	0	0	29	0	51	10.2	1	22
CTCATGAATCGGCGAC-1	1	47	63	25959	25745	tumor_like	medium	1	1	1	1	0	0	0	0	1	0.2	1	1
CTCATTGATAATCTGG-1	1	85	219	41639	32197	tumor_like	medium	1	1	2	0	0	0	3	0	3	0.6	0	0
CTCCAACACGCCAACA-1	1	80	214	41131	31335	tumor_like	medium	1	1	21	2	0	0	1	0	3	0.6	1	2
CTCCAACAGAAGCGCC-1	1	37	35	23140	24036	tumor_like	medium	1	1	0	0	0	0	0	0	0	0	0	0
CTCCAACATACATACC-1	1	83	149	34626	31910	tumor_like	medium	1	1	16	11	1	0	4	0	16	3.2	1	11
CTCCAACCTTGTAAGA-1	1	78	216	41329	30987	tumor_like	medium	1	1	9	0	0	1	2	0	3	0.6	0	0
CTCCAACTCACTTAAT-1	1	22	130	32633	21357	tumor_like	medium	1	1	19	12	0	1	7	0	20	4	1	12
CTCCAACTGCTACGGT-1	1	108	84	28152	36298	tumor_like	medium	1	1	107	8	1	0	21	0	30	6	1	8
CTCCAACTGTTCGCCA-1	1	98	98	29540	34553	tumor_like	medium	1	1	265	15	1	0	22	0	38	7.6	1	15
CTCCAAGCCGGATTCG-1	1	64	126	32294	28638	tumor_like	medium	1	1	32	3	1	0	4	0	8	1.6	1	3
CTCCAAGTTGCATGAT-1	1	62	192	38901	28235	tumor_like	medium	1	1	14	0	0	0	7	0	7	1.4	0	0
CTCCAATCTGAATGCA-1	1	12	60	25607	19684	tumor_like	medium	1	1	1	0	0	0	0	0	0	0	0	0
CTCCAATCTTGCCATG-1	1	103	17	21434	35488	tumor_like	medium	1	1	6	1	0	0	0	0	1	0.2	1	1
CTCCAATGGACACTCC-1	1	90	98	29528	33167	tumor_like	medium	1	1	205	4	0	0	55	0	59	11.8	1	4
CTCCACAATTGGCATA-1	1	86	48	24514	32517	tumor_like	medium	1	1	143	28	2	0	18	0	48	9.6	1	28
CTCCACATGTATACTC-1	1	106	116	31354	35924	tumor_like	medium	1	1	42	3	0	0	5	0	8	1.6	1	3
CTCCACTACATTGGCC-1	1	94	142	33941	33823	tumor_like	medium	1	1	70	1	1	0	25	0	27	5.4	1	1
CTCCACTATCGCCAAT-1	1	4	132	32806	18237	tumor_like	medium	1	1	12	1	0	0	1	0	2	0.4	1	1
CTCCACTTCTTAGAGG-1	1	68	108	30497	29347	tumor_like	medium	1	1	19	0	0	0	3	0	3	0.6	0	0
CTCCAGCTATCGGACT-1	1	117	55	25261	37881	tumor_like	medium	1	1	142	2	0	1	29	0	32	6.4	1	2
CTCCAGGAGCCACGAT-1	1	72	152	34910	30002	tumor_like	medium	1	1	16	2	0	0	2	0	4	0.8	1	2
CTCCAGGATGCGTTCT-1	1	77	59	25603	30947	tumor_like	medium	1	1	50	0	0	1	5	0	6	1.2	0	0
CTCCAGGTTAAGTTGG-1	1	127	133	33088	39547	tumor_like	medium	1	1	5	5	0	0	1	0	6	1.2	1	5
CTCCAGTGAAGTCAGT-1	1	12	102	29813	19649	tumor_like	medium	1	1	0	3	0	0	0	0	3	0.6	0	0
CTCCAGTGTCTAAGTA-1	1	14	66	26211	20026	tumor_like	medium	1	1	0	0	0	0	0	0	0	0	0	0
CTCCAGTTACTCGTCT-1	1	57	41	23770	27497	tumor_like	medium	1	1	0	1	0	0	0	0	1	0.2	0	0
CTCCAGTTAGATAATG-1	1	121	155	35283	38489	tumor_like	medium	1	1	0	0	0	0	0	0	0	0	0	0
CTCCAGTTGGAAGCGT-1	1	102	58	25539	35280	tumor_like	medium	1	1	163	19	8	0	24	0	51	10.2	1	19
CTCCATACAAGCATTC-1	1	21	47	24318	21254	tumor_like	medium	1	1	0	0	0	0	0	0	0	0	0	0
CTCCATCCTGTTAATT-1	1	65	41	23782	28883	tumor_like	medium	1	1	5	1	0	0	0	0	1	0.2	1	1
CTCCATGGAAGATATT-1	1	100	70	26738	34924	tumor_like	medium	1	1	145	53	3	0	19	0	75	15	1	53
CTCCATTACAGACGTT-1	1	24	190	38645	21653	tumor_like	medium	1	1	37	4	2	0	8	0	14	2.8	1	4
CTCCATTCATTAACGA-1	1	109	77	27453	36476	tumor_like	medium	1	1	185	5	0	0	26	0	31	6.2	1	5
CTCCGCGTAGTTGCTA-1	1	108	132	32960	36257	tumor_like	medium	1	1	7	2	0	0	4	0	6	1.2	1	2
CTCCGCGTCCTGCCGT-1	1	12	106	30214	19645	tumor_like	medium	1	1	5	5	1	0	2	1	9	1.8	1	5
CTCCGCTAGTGCTAAC-1	1	60	130	32689	27942	tumor_like	medium	1	1	41	2	0	0	4	0	6	1.2	1	2
CTCCGCTGGCCAGCAC-1	1	18	122	31825	20671	tumor_like	medium	1	1	14	3	0	0	4	0	7	1.4	1	3
CTCCGCTTAACTCCGC-1	1	115	67	26460	37524	tumor_like	medium	1	1	108	5	1	0	21	0	27	5.4	1	5
CTCCGCTTCTAGGATC-1	1	82	182	37929	31709	tumor_like	medium	1	1	12	7	2	0	5	0	14	2.8	1	7
CTCCGGAGTAAGTTCC-1	1	81	161	35824	31553	tumor_like	medium	1	1	23	2	0	0	2	0	4	0.8	1	2
CTCCGGCAGTTAACTT-1	1	52	174	37084	26518	tumor_like	medium	1	1	9	8	0	0	1	0	9	1.8	1	8
CTCCGGTACTTCCGCA-1	1	37	205	40166	23891	tumor_like	medium	1	1	7	0	0	0	0	0	0	0	0	0
CTCCGGTATGCTTCGG-1	1	43	169	36570	24962	tumor_like	medium	1	1	27	2	0	0	4	0	6	1.2	1	2
CTCCGTAACCTTCTTG-1	1	121	43	24065	38584	tumor_like	medium	1	1	169	10	1	0	18	0	29	5.8	1	10
CTCCTAAGACTCTGTA-1	1	102	196	39361	35163	tumor_like	medium	1	1	0	0	0	0	0	0	0	0	0	0
CTCCTAAGATGTACTG-1	1	114	128	32568	37300	tumor_like	medium	1	1	20	1	0	0	2	0	3	0.6	1	1
CTCCTAAGCAACGATG-1	1	58	176	37293	27556	tumor_like	medium	1	1	7	15	0	0	1	0	16	3.2	1	7
CTCCTAAGTCGGTTGT-1	1	105	47	24442	35809	tumor_like	medium	1	1	117	19	7	0	9	0	35	7	1	19
CTCCTACCTCACTTCT-1	1	55	29	22565	27160	tumor_like	medium	1	1	0	0	0	0	0	0	0	0	0	0
CTCCTACGAGGCCAGA-1	1	11	63	25906	19508	tumor_like	medium	1	1	0	1	0	0	0	0	1	0.2	0	0
CTCCTACTCGGCGTAC-1	1	37	161	35760	23929	tumor_like	medium	1	1	26	7	1	0	4	0	12	2.4	1	7
CTCCTACTGCCTTCTA-1	1	87	53	25016	32685	tumor_like	medium	1	1	99	8	0	0	16	0	24	4.8	1	8
CTCCTAGACAATCAGA-1	1	93	195	39247	33603	tumor_like	medium	1	1	15	1	0	0	3	0	4	0.8	1	1
CTCCTAGATGAACGGT-1	1	117	69	26663	37869	tumor_like	medium	1	1	81	3	1	0	15	0	19	3.8	1	3
CTCCTAGATTACGACC-1	1	38	188	38465	24080	tumor_like	medium	1	1	7	12	1	0	0	0	13	2.6	1	7
CTCCTGTCAATTATGT-1	1	2	86	28196	17930	tumor_like	medium	1	1	0	1	0	0	0	0	1	0.2	0	0
CTCCTTACCACGGCCA-1	1	69	141	33804	29491	tumor_like	medium	1	1	29	1	0	0	2	0	3	0.6	1	1
CTCCTTATAACACTCG-1	1	68	22	21884	29420	tumor_like	medium	1	1	1	0	0	0	0	0	0	0	0	0
CTCCTTATAAGGAGTT-1	1	72	130	32706	30021	tumor_like	medium	1	1	17	2	0	0	3	0	5	1	1	2
CTCCTTCGACGTACAT-1	1	14	146	34223	19958	tumor_like	medium	1	1	12	1	0	0	0	0	1	0.2	1	1
CTCCTTCGATGGAACA-1	1	15	55	25110	20207	tumor_like	medium	1	1	0	0	0	0	0	0	0	0	0	0
CTCCTTCGATTCGGAA-1	1	81	121	31818	31587	tumor_like	medium	1	1	13	1	0	0	2	0	3	0.6	1	1
CTCCTTCGCAGACGCC-1	1	56	148	34486	27233	tumor_like	medium	1	1	8	1	0	0	3	0	4	0.8	1	1
CTCCTTGGAGGCCGAC-1	1	42	204	40074	24760	tumor_like	medium	1	1	1	2	0	0	0	0	2	0.4	1	1
CTCGAACGACATCAAT-1	1	10	148	34418	19263	tumor_like	medium	1	1	17	0	0	0	1	0	1	0.2	0	0
CTCGACAACTAAGGCC-1	1	26	168	36444	22018	tumor_like	medium	1	1	43	0	0	0	5	0	5	1	0	0
CTCGACAATTGTAGAC-1	1	11	49	24504	19519	tumor_like	medium	1	1	2	0	0	0	0	0	0	0	0	0
CTCGACAGATTGCTCG-1	1	121	61	25868	38569	tumor_like	medium	1	1	129	14	1	0	16	0	31	6.2	1	14
CTCGACAGCGGTTGAG-1	1	34	34	23035	23519	ambiguous_or_low_signal	low	0	0	0	0	0	0	0	0	0	0	0	0
CTCGACAGTATTAATA-1	1	23	61	25723	21589	tumor_like	medium	1	1	0	0	0	0	0	0	0	0	0	0
CTCGACATGTTGCCTT-1	1	50	144	34076	26197	tumor_like	medium	1	1	6	0	0	0	0	0	0	0	0	0
CTCGACGTGCTACGAA-1	1	23	75	27125	21577	tumor_like	medium	1	1	1	0	0	0	1	0	1	0.2	0	0
CTCGACTATTCTGAGG-1	1	126	64	26176	39434	tumor_like	medium	1	1	58	1	2	0	12	0	15	3	1	1
CTCGACTGAGCTAAGA-1	1	57	175	37191	27382	ambiguous_or_low_signal	low	0	0	5	15	0	0	2	0	17	3.4	1	5
CTCGACTGTAATGCCT-1	1	46	188	38477	25466	tumor_like	medium	1	1	6	21	0	0	3	1	25	5	1	6
CTCGAGCATCCTAATA-1	1	1	107	30298	17737	tumor_like	medium	1	1	3	0	0	0	1	0	1	0.2	0	0
CTCGAGCTATGTTATG-1	1	40	192	38869	24423	tumor_like	medium	1	1	6	12	0	0	2	0	14	2.8	1	6
CTCGAGGTCTTGTAGG-1	1	103	167	36458	35360	tumor_like	medium	1	1	0	0	0	0	1	0	1	0.2	0	0
CTCGAGTCGAGTGCAT-1	1	95	141	33842	33996	tumor_like	medium	1	1	44	1	0	0	1	0	2	0.4	1	1
CTCGATAACGAATTGC-1	1	88	122	31929	32800	tumor_like	medium	1	1	106	3	0	0	8	0	11	2.2	1	3
CTCGATCCTTAGCTCA-1	1	37	203	39966	23893	tumor_like	medium	1	1	3	3	0	0	0	0	3	0.6	1	3
CTCGATCGAGTAACTT-1	1	79	135	33217	31229	tumor_like	medium	1	1	40	0	0	0	5	0	5	1	0	0
CTCGATGCTTCGATTC-1	1	98	58	25533	34587	tumor_like	medium	1	1	178	73	3	1	36	0	113	22.6	1	73
CTCGATGTACCAGTAT-1	1	13	223	41934	19718	tumor_like	medium	1	1	0	0	0	0	1	0	1	0.2	0	0
CTCGATGTTCTGAACT-1	1	14	208	40433	19905	tumor_like	medium	1	1	0	0	0	0	0	0	0	0	0	0
CTCGATTAGTACTGCG-1	1	116	74	27162	37693	tumor_like	medium	1	1	53	10	2	0	6	0	18	3.6	1	10
CTCGATTGCTTGAGGA-1	1	17	109	30522	20508	tumor_like	medium	1	1	7	5	1	0	1	0	7	1.4	1	5
CTCGCACCAGTAGAAG-1	1	61	65	26180	28169	tumor_like	medium	1	1	16	0	0	0	0	0	0	0	0	0
CTCGCATATCAACACG-1	1	100	60	25737	34932	tumor_like	medium	1	1	321	25	2	0	23	0	50	10	1	25
CTCGCCAGCGAATATT-1	1	11	103	29912	19473	tumor_like	medium	1	1	3	0	0	0	0	0	0	0	0	0
CTCGCCGGTTGTCGAT-1	1	38	122	31855	24137	tumor_like	medium	1	1	2	0	0	0	1	0	1	0.2	0	0
CTCGCTTGCCATTGGC-1	1	67	111	30796	29170	tumor_like	medium	1	1	13	0	0	0	0	0	0	0	0	0
CTCGGAAGCGGACGTA-1	1	91	63	26024	33369	tumor_like	medium	1	1	140	11	0	0	18	0	29	5.8	1	11
CTCGGAATCAACCTTC-1	1	26	186	38247	22003	tumor_like	medium	1	1	35	7	0	0	4	0	11	2.2	1	7
CTCGGACCAGATACGT-1	1	49	181	37780	25991	tumor_like	medium	1	1	17	14	1	0	1	0	16	3.2	1	14
CTCGGACCGTGCCTTA-1	1	69	41	23788	29576	tumor_like	medium	1	1	12	0	0	0	1	0	1	0.2	0	0
CTCGGACCTTGTGCAA-1	1	114	76	27360	37344	tumor_like	medium	1	1	110	7	0	0	10	0	17	3.4	1	7
CTCGGACTGTCAGTAG-1	1	78	84	28108	31100	tumor_like	medium	1	1	62	0	0	0	0	0	0	0	0	0
CTCGGAGCCGTAGATC-1	1	73	215	41221	30121	tumor_like	medium	1	1	11	3	0	0	1	0	4	0.8	1	3
CTCGGAGGACTCGTAG-1	1	15	209	40535	20076	tumor_like	medium	1	1	1	0	0	0	1	0	1	0.2	0	0
CTCGGAGTTAGTGCTT-1	1	28	82	27834	22438	tumor_like	medium	1	1	0	0	0	0	0	0	0	0	0	0
CTCGGATCGACAACGG-1	1	86	130	32727	32447	tumor_like	medium	1	1	111	6	0	0	4	0	10	2	1	6
CTCGGCAGGACGCATT-1	1	101	113	31046	35059	tumor_like	medium	1	1	160	3	0	0	14	0	17	3.4	1	3
CTCGGTACATACTGTA-1	1	79	83	28009	31273	tumor_like	medium	1	1	23	1	0	0	5	0	6	1.2	1	1
CTCGGTGAATCATACA-1	1	74	182	37917	30323	tumor_like	medium	1	1	29	4	1	0	5	0	10	2	1	4
CTCGGTTAATTGGTTC-1	1	31	115	31143	22929	tumor_like	medium	1	1	0	0	0	0	0	0	0	0	0	0
CTCGTACGCATGGTTG-1	1	2	116	31201	17904	tumor_like	medium	1	1	0	2	0	0	0	0	2	0.4	0	0
CTCGTGAGTGTCCAAC-1	1	49	119	31571	26044	tumor_like	medium	1	1	17	2	0	0	1	0	3	0.6	1	2
CTCGTGATTGATAGAC-1	1	110	146	34365	36592	tumor_like	medium	1	1	1	0	0	0	0	0	0	0	0	0
CTCGTGGCATCTCATA-1	1	120	154	35181	38317	stroma_fibroblast	medium	0	0	0	0	0	0	0	0	0	0	0	0
CTCGTGGCCTCGTGTT-1	1	97	207	40455	34286	tumor_like	medium	1	1	0	0	0	0	0	0	0	0	0	0
CTCGTTAACTTATGGA-1	1	19	147	34331	20822	tumor_like	medium	1	1	23	1	0	0	1	0	2	0.4	1	1
CTCGTTACATCGCCGA-1	1	17	81	27717	20532	tumor_like	medium	1	1	0	0	0	0	0	0	0	0	0	0
CTCGTTCACTCGGTGA-1	1	71	149	34608	29830	tumor_like	medium	1	1	28	5	0	0	0	0	5	1	1	5
CTCGTTGCGGTTCGGT-1	1	18	112	30824	20680	tumor_like	medium	1	1	10	2	1	0	2	0	5	1	1	2
CTGAACATGGTCGCCT-1	1	57	151	34787	27403	tumor_like	medium	1	1	7	0	0	0	2	0	2	0.4	0	0
CTGAACCAATGGTCTT-1	1	61	111	30787	28130	tumor_like	medium	1	1	69	4	1	0	6	0	11	2.2	1	4
CTGAAGACAGACGAAT-1	1	73	79	27600	30237	tumor_like	medium	1	1	13	0	0	0	1	0	1	0.2	0	0
CTGAAGCGAGTGGCCT-1	1	26	212	40851	21981	tumor_like	medium	1	1	2	0	0	0	0	0	0	0	0	0
CTGAAGCGTGCGCCGG-1	1	76	220	41726	30637	tumor_like	medium	1	1	78	4	0	0	10	0	14	2.8	1	4
CTGAAGGAATCAACCA-1	1	119	93	29070	38195	tumor_like	medium	1	1	83	22	0	0	8	0	30	6	1	22
CTGAAGGAATTCTAGC-1	1	60	190	38698	27891	tumor_like	medium	1	1	29	1	0	0	6	0	7	1.4	1	1
CTGAAGGACTCGCCTG-1	1	106	70	26747	35963	tumor_like	medium	1	1	175	15	2	1	21	0	39	7.8	1	15
CTGAAGGATCAGCTGT-1	1	6	26	22193	18674	tumor_like	medium	1	1	0	0	0	0	0	0	0	0	0	0
CTGAAGGCACTTAGAT-1	1	35	173	36958	23572	tumor_like	medium	1	1	22	2	1	0	4	0	7	1.4	1	2
CTGAAGGCCAACCTCG-1	1	26	54	25027	22115	tumor_like	medium	1	1	2	0	0	0	1	0	1	0.2	0	0
CTGAAGGTTCCAATTA-1	1	0	168	36406	17513	tumor_like	medium	1	1	18	1	0	0	3	0	4	0.8	1	1
CTGAAGTATCGCGAGC-1	1	110	152	34966	36586	tumor_like	medium	1	1	3	0	0	0	2	0	2	0.4	0	0
CTGAAGTGGCTACAAT-1	1	126	100	29781	39403	tumor_like	medium	1	1	23	1	0	0	11	0	12	2.4	1	1
CTGAATCATAGTCGAC-1	1	0	102	29796	17569	tumor_like	medium	1	1	4	4	0	0	0	0	4	0.8	1	4
CTGAATGTCTGTCTAA-1	1	31	123	31945	22922	tumor_like	medium	1	1	9	0	0	0	4	0	4	0.8	0	0
CTGAATGTGATATCGG-1	1	49	127	32372	26037	tumor_like	medium	1	1	22	2	0	0	1	0	3	0.6	1	2
CTGAATTGAGCGTAGT-1	1	85	147	34428	32258	tumor_like	medium	1	1	27	3	0	0	2	0	5	1	1	3
CTGACCGCACGACTTC-1	1	73	29	22592	30279	tumor_like	medium	1	1	0	0	0	0	0	0	0	0	0	0
CTGACGCCAAGTCATA-1	1	11	211	40729	19381	tumor_like	medium	1	1	3	1	0	0	1	0	2	0.4	1	1
CTGACGTAGTCGGAGT-1	1	36	176	37260	23744	tumor_like	medium	1	1	19	5	0	1	6	0	12	2.4	1	5
CTGACGTCCTGGTTGG-1	1	44	54	25053	25234	tumor_like	medium	1	1	0	0	0	0	0	0	0	0	0	0
CTGACTAACATCTAAT-1	1	83	205	40234	31862	tumor_like	medium	1	1	33	1	0	0	2	0	3	0.6	1	1
CTGACTAACTCGGCAT-1	1	103	77	27444	35437	tumor_like	medium	1	1	202	15	2	0	25	0	42	8.4	1	15
CTGACTAAGAGTCCAT-1	1	116	130	32771	37645	tumor_like	medium	1	1	16	0	0	0	3	0	3	0.6	0	0
CTGACTAAGCAGCCGC-1	1	61	117	31388	28125	tumor_like	medium	1	1	10	1	0	0	3	0	4	0.8	1	1
CTGACTAATGTTCTTG-1	1	52	114	31074	26569	tumor_like	medium	1	1	43	2	0	0	7	0	9	1.8	1	2
CTGACTAGCGGTTCCT-1	1	123	83	28074	38897	tumor_like	medium	1	1	57	9	1	0	7	0	17	3.4	1	9
CTGACTAGTCTGGATG-1	1	112	44	24152	37025	tumor_like	medium	1	1	174	10	4	0	20	0	34	6.8	1	10
CTGACTATAACCTTGA-1	1	91	207	40446	33246	tumor_like	medium	1	1	2	0	0	1	2	0	3	0.6	0	0
CTGACTATACTGCACC-1	1	89	147	34434	32951	tumor_like	medium	1	1	18	4	0	0	7	0	11	2.2	1	4
CTGACTATCTCGAACA-1	1	18	76	27218	20710	tumor_like	medium	1	1	0	0	0	0	3	1	4	0.8	0	0
CTGACTATCTTCATGC-1	1	121	125	32278	38514	tumor_like	medium	1	1	23	2	0	0	1	0	3	0.6	1	2
CTGACTATTGGATCTA-1	1	29	189	38552	22519	tumor_like	medium	1	1	27	1	0	0	4	0	5	1	1	1
CTGACTCGCTTCCGAC-1	1	53	43	23965	26802	ambiguous_or_low_signal	low	0	0	0	0	0	0	0	0	0	0	0	0
CTGACTGGAATTACGT-1	1	61	121	31789	28122	tumor_like	medium	1	1	23	2	1	0	7	0	10	2	1	2
CTGACTGGAGATAATG-1	1	120	46	24364	38410	tumor_like	medium	1	1	171	6	0	0	27	0	33	6.6	1	6
CTGACTGTACGCACCT-1	1	49	157	35377	26012	tumor_like	medium	1	1	4	2	0	0	1	0	3	0.6	1	2
CTGACTGTCCGTGATC-1	1	6	218	41423	18510	tumor_like	medium	1	1	0	0	1	0	0	0	1	0.2	0	0
CTGACTGTCGTAAGAC-1	1	78	142	33917	31050	tumor_like	medium	1	1	43	2	1	0	3	0	6	1.2	1	2
CTGACTGTTGGACAAT-1	1	96	134	33142	34176	tumor_like	medium	1	1	69	3	0	0	5	0	8	1.6	1	3
CTGACTTCAGTGGCTG-1	1	96	50	24729	34248	tumor_like	medium	1	1	159	74	5	0	21	0	100	20	1	74
CTGACTTCCGGCTTAT-1	1	57	197	39395	27364	tumor_like	medium	1	1	3	0	0	0	1	0	1	0.2	0	0
CTGACTTCCGTGCAGA-1	1	28	60	25630	22457	ambiguous_or_low_signal	low	0	0	0	0	0	0	0	0	0	0	0	0
CTGACTTCGAGTAGAC-1	1	62	30	22676	28374	tumor_like	medium	1	1	0	0	1	0	0	0	1	0.2	0	0
CTGAGGACGACAACAG-1	1	40	128	32459	24478	tumor_like	medium	1	1	7	1	0	0	0	0	1	0.2	1	1
CTGAGGCCAGGCATGA-1	1	43	27	22347	25083	tumor_like	medium	1	1	4	0	0	0	0	0	0	0	0	0
CTGAGGCCAGTGTCTA-1	1	125	91	28878	39237	tumor_like	medium	1	1	34	7	0	0	6	0	13	2.6	1	7
CTGAGGCCATCGCCAC-1	1	120	102	29973	38362	tumor_like	medium	1	1	42	12	3	0	18	0	33	6.6	1	12
CTGATCCGACTGTAAT-1	1	56	36	23268	27329	tumor_like	medium	1	1	0	0	0	0	0	0	0	0	0	0
CTGATGAAGCGAGCCT-1	1	78	136	33316	31055	tumor_like	medium	1	1	59	4	0	0	4	0	8	1.6	1	4
CTGATGGTTGCGAACT-1	1	99	123	32045	34704	tumor_like	medium	1	1	65	55	3	1	5	0	64	12.8	1	55
CTGATTAAGCATAACA-1	1	66	130	32697	28981	tumor_like	medium	1	1	19	1	0	0	0	0	1	0.2	1	1
CTGATTACAGCATAAT-1	1	9	209	40526	19036	tumor_like	medium	1	1	3	0	0	0	0	0	0	0	0	0
CTGATTACGCAGGCTG-1	1	73	147	34410	30179	tumor_like	medium	1	1	29	4	1	0	5	0	10	2	1	4
CTGATTATCCACTCGT-1	1	40	52	24847	24543	tumor_like	medium	1	1	1	0	0	0	0	0	0	0	0	0
CTGATTCTATCCGTCA-1	1	36	194	39063	23729	tumor_like	medium	1	1	5	1	1	0	0	0	2	0.4	1	1
CTGATTCTCGGTATTC-1	1	5	219	41521	18335	tumor_like	medium	1	1	1	1	0	0	0	1	2	0.4	1	1
CTGATTGCATGGCATC-1	1	87	69	26619	32671	tumor_like	medium	1	1	83	4	0	0	20	0	24	4.8	1	4
CTGATTGCCGAATAGC-1	1	84	194	39134	32046	tumor_like	medium	1	1	28	3	0	0	4	0	7	1.4	1	3
CTGATTGCTATCAAGT-1	1	44	216	41278	25096	tumor_like	medium	1	1	1	0	0	0	0	0	0	0	0	0
CTGATTGCTCGCTGGA-1	1	1	97	29296	17746	tumor_like	medium	1	1	1	0	1	0	0	0	1	0.2	0	0
CTGCAAGGTCTATCTG-1	1	115	75	27261	37517	tumor_like	medium	1	1	63	1	1	0	12	0	14	2.8	1	1
CTGCATACAAGCGAGT-1	1	119	7	20456	38269	tumor_like	medium	1	1	29	9	3	0	3	1	16	3.2	1	9
CTGCATACGGACAATT-1	1	77	89	28607	30921	tumor_like	medium	1	1	227	2	1	0	6	0	9	1.8	1	2
CTGCATCCACAGTGTC-1	1	4	116	31204	18250	tumor_like	medium	1	1	3	0	0	0	1	0	1	0.2	0	0
CTGCATCCGTGAGTAA-1	1	117	121	31871	37825	tumor_like	medium	1	1	26	2	0	0	5	0	7	1.4	1	2
CTGCATTGCCAGGATC-1	1	40	198	39470	24418	tumor_like	medium	1	1	7	4	0	0	0	0	4	0.8	1	4
CTGCCGAAGGCCTCGC-1	1	96	202	39953	34118	tumor_like	medium	1	1	25	0	0	0	1	0	1	0.2	0	0
CTGCCGAAGTAGCATC-1	1	106	68	26547	35965	tumor_like	medium	1	1	174	9	1	1	19	1	31	6.2	1	9
CTGCCGAGGAGTTAAT-1	1	88	74	27121	32841	tumor_like	medium	1	1	82	2	0	0	22	0	24	4.8	1	2
CTGCCGAGTAATAGCT-1	1	61	155	35194	28093	tumor_like	medium	1	1	9	0	0	0	1	0	1	0.2	0	0
CTGCCGATAATGGATT-1	1	17	49	24512	20559	tumor_like	medium	1	1	0	0	0	0	1	0	1	0.2	0	0
CTGCCGATGCGTGGTC-1	1	31	187	38355	22867	tumor_like	medium	1	1	24	6	0	1	6	0	13	2.6	1	6
CTGCCGCTAGCGGTCA-1	1	26	220	41653	21974	tumor_like	medium	1	1	2	0	0	0	0	0	0	0	0	0
CTGCCGTAGGACGAAC-1	1	33	165	36154	23233	tumor_like	medium	1	1	31	3	0	0	3	0	6	1.2	1	3
CTGCCTAAGCCTGTGC-1	1	93	63	26027	33716	tumor_like	medium	1	1	90	91	0	0	26	0	117	23.4	1	90
CTGCCTAATACTTATG-1	1	78	170	36721	31026	tumor_like	medium	1	1	10	0	0	0	2	0	2	0.4	0	0
CTGCCTATGTTACGCA-1	1	83	211	40835	31857	tumor_like	medium	1	1	43	1	0	0	9	0	10	2	1	1
CTGCCTCAGCTTCAGG-1	1	69	69	26592	29552	tumor_like	medium	1	1	85	0	0	0	8	0	8	1.6	0	0
CTGCCTGAACATAGCT-1	1	9	159	35518	19079	tumor_like	medium	1	1	24	0	0	0	2	0	2	0.4	0	0
CTGCGAAGGAAGCTCG-1	1	10	202	39826	19217	tumor_like	medium	1	1	18	2	0	0	1	0	3	0.6	1	2
CTGCGACAGAATCCAC-1	1	85	53	25013	32338	tumor_like	medium	1	1	91	9	0	0	14	0	23	4.6	1	9
CTGCGACAGATTGTCA-1	1	16	116	31221	20330	tumor_like	medium	1	1	3	2	0	0	2	1	5	1	1	2
CTGCGACATTATGGCC-1	1	68	148	34503	29312	tumor_like	medium	1	1	30	3	0	0	1	0	4	0.8	1	3
CTGCGATTATAACCAT-1	1	86	124	32126	32452	tumor_like	medium	1	1	39	1	1	0	10	0	12	2.4	1	1
CTGCGATTCTGACGTG-1	1	54	52	24868	26969	tumor_like	medium	1	1	0	0	0	0	0	0	0	0	0	0
CTGCGGAAGAACTACA-1	1	24	210	40648	21636	tumor_like	medium	1	1	4	0	0	0	0	0	0	0	0	0
CTGCGGACATAGACTG-1	1	114	70	26759	37349	tumor_like	medium	1	1	227	11	3	0	21	0	35	7	1	11
CTGCGGACGGATTGCC-1	1	50	40	23660	26286	tumor_like	medium	1	1	0	0	0	0	0	0	0	0	0	0
CTGCGGTCATCTCGAT-1	1	59	195	39197	27712	tumor_like	medium	1	1	13	0	0	0	2	0	2	0.4	0	0
CTGCGGTGGCGTTGAA-1	1	85	167	36431	32241	tumor_like	medium	1	1	13	1	1	0	5	0	7	1.4	1	1
CTGCGTATAGGTTACG-1	1	105	85	28248	35776	tumor_like	medium	1	1	131	4	2	1	31	0	38	7.6	1	4
CTGCGTATGTAAGCGA-1	1	62	138	33493	28281	tumor_like	medium	1	1	28	50	2	0	10	0	62	12.4	1	28
CTGCGTCGTACTTGTC-1	1	34	168	36456	23404	tumor_like	medium	1	1	16	2	0	0	2	0	4	0.8	1	2
CTGCGTCGTTATGAGT-1	1	65	207	40408	28741	tumor_like	medium	1	1	3	0	0	0	0	0	0	0	0	0
CTGCGTGAATAATTGG-1	1	35	211	40764	23540	tumor_like	medium	1	1	5	0	0	0	0	0	0	0	0	0
CTGCGTGAGCGGACGT-1	1	122	102	29976	38708	tumor_like	medium	1	1	38	8	0	0	5	0	13	2.6	1	8
CTGCGTGAGGTTAACC-1	1	93	101	29833	33683	tumor_like	medium	1	1	78	3	0	0	12	0	15	3	1	3
CTGCTAACTCCTTAGC-1	1	110	100	29758	36631	tumor_like	medium	1	1	31	16	0	0	7	0	23	4.6	1	16
CTGCTAAGCGTAAGTC-1	1	40	170	36665	24442	tumor_like	medium	1	1	17	1	0	0	5	0	6	1.2	1	1
CTGCTACCATTACAGG-1	1	9	119	31512	19113	tumor_like	medium	1	1	10	4	0	0	1	0	5	1	1	4
CTGCTACCGCTTCTGC-1	1	81	111	30817	31596	tumor_like	medium	1	1	53	3	0	0	13	0	16	3.2	1	3
CTGCTAGCATAGCTGT-1	1	85	109	30622	32290	tumor_like	medium	1	1	19	0	0	0	4	0	4	0.8	0	0
CTGCTCACGACAACTT-1	1	74	184	38118	30321	tumor_like	medium	1	1	18	1	1	0	3	0	5	1	1	1
CTGGAACAATCCGCTC-1	1	82	98	29516	31781	tumor_like	medium	1	1	91	0	0	0	8	0	8	1.6	0	0
CTGGAAGTCGACGTCT-1	1	1	77	27293	17763	tumor_like	medium	1	1	0	0	0	0	0	0	0	0	0	0
CTGGAATATCATACGT-1	1	101	201	39860	34984	tumor_like	medium	1	1	1	0	0	0	0	0	0	0	0	0
CTGGACAACCTCTTGA-1	1	50	188	38483	26160	tumor_like	medium	1	1	9	2	1	0	2	0	5	1	1	2
CTGGACCGGTCATCTT-1	1	124	138	33584	39024	tumor_like	medium	1	1	4	2	0	0	0	0	2	0.4	1	2
CTGGAGTCCTATTGTC-1	1	33	187	38358	23214	tumor_like	medium	1	1	12	7	0	0	2	0	9	1.8	1	7
CTGGCACCAACGTCTT-1	1	76	64	26102	30770	tumor_like	medium	1	1	36	1	0	0	4	0	5	1	1	1
CTGGCCAACCGACCAA-1	1	64	16	21277	28732	tumor_like	medium	1	1	0	0	0	0	0	0	0	0	0	0
CTGGCCAATAACAGCC-1	1	82	52	24909	31820	tumor_like	medium	1	1	220	4	0	0	13	1	18	3.6	1	4
CTGGCCAATGCGGTAT-1	1	62	200	39703	28229	tumor_like	medium	1	1	65	0	0	0	4	0	4	0.8	0	0
CTGGCCACGACATATC-1	1	87	19	21611	32714	tumor_like	medium	1	1	54	6	0	0	4	0	10	2	1	6
CTGGCCACGACCGCAT-1	1	101	105	30245	35066	tumor_like	medium	1	1	120	19	0	0	12	0	31	6.2	1	19
CTGGCCACTCCTATAA-1	1	14	58	25409	20033	tumor_like	medium	1	1	0	0	0	0	0	0	0	0	0	0
CTGGCCAGATTCGCTC-1	1	65	187	38405	28758	tumor_like	medium	1	1	10	0	0	0	4	0	4	0.8	0	0
CTGGCCATCTAGCTCG-1	1	95	7	20421	34110	tumor_like	medium	1	1	17	0	0	0	3	0	3	0.6	0	0
CTGGCCTCCGTACGCA-1	1	79	159	35621	31208	tumor_like	medium	1	1	39	4	0	0	13	0	17	3.4	1	4
CTGGCCTCTGCATTCT-1	1	116	106	30367	37665	tumor_like	medium	1	1	58	8	0	0	7	0	15	3	1	8
CTGGCCTGACATCTAG-1	1	56	80	27675	27291	tumor_like	medium	1	1	12	0	0	0	2	0	2	0.4	0	0
CTGGCCTGTAGCGGCA-1	1	103	65	26242	35447	tumor_like	medium	1	1	361	8	1	0	27	0	36	7.2	1	8
CTGGCCTGTTCTGGTT-1	1	38	60	25645	24189	tumor_like	medium	1	1	1	0	1	0	0	0	1	0.2	0	0
CTGGCCTTCGCTCCGC-1	1	116	86	28364	37682	tumor_like	medium	1	1	106	14	2	0	10	0	26	5.2	1	14
CTGGCCTTGACCAGAC-1	1	109	65	26251	36486	tumor_like	medium	1	1	171	31	6	0	24	0	61	12.2	1	31
CTGGCGGTGCCAAGGC-1	1	88	112	30927	32809	tumor_like	medium	1	1	186	31	2	0	23	0	56	11.2	1	31
CTGGCGTCTGGCAGGA-1	1	78	218	41529	30985	tumor_like	medium	1	1	28	4	1	0	1	0	6	1.2	1	4
CTGGCGTGATCATGAC-1	1	85	173	37032	32236	tumor_like	medium	1	1	5	0	1	0	0	0	1	0.2	0	0
CTGGCTACCACGACGC-1	1	117	53	25061	37883	tumor_like	medium	1	1	188	3	3	0	59	0	65	13	1	3
CTGGCTAGCGTGAATT-1	1	74	80	27701	30410	tumor_like	medium	1	1	44	0	0	0	10	0	10	2	0	0
CTGGCTATCGGCTCGG-1	1	115	121	31868	37478	tumor_like	medium	1	1	92	3	2	0	7	0	12	2.4	1	3
CTGGCTATGCAATAGC-1	1	90	42	23919	33215	tumor_like	medium	1	1	101	13	2	0	15	1	31	6.2	1	13
CTGGCTCAGACTAACG-1	1	60	168	36495	27909	tumor_like	medium	1	1	6	9	0	0	3	0	12	2.4	1	6
CTGGCTCATCGGTAAG-1	1	3	93	28899	18096	tumor_like	medium	1	1	1	0	0	0	0	0	0	0	0	0
CTGGCTCGCTCGGTCG-1	1	12	66	26208	19679	tumor_like	medium	1	1	0	0	0	0	0	0	0	0	0	0
CTGGCTCGCTGATTGT-1	1	104	126	32353	35569	tumor_like	medium	1	1	16	0	0	0	2	1	3	0.6	0	0
CTGGCTCGGTTCTACC-1	1	39	177	37365	24262	tumor_like	medium	1	1	18	6	0	0	3	0	9	1.8	1	6
CTGGCTCGGTTGCCGT-1	1	71	183	38013	29801	tumor_like	medium	1	1	17	0	1	0	3	0	4	0.8	0	0
CTGGCTGCAATCCAGA-1	1	62	202	39903	28227	tumor_like	medium	1	1	20	1	0	0	10	0	11	2.2	1	1
CTGGCTGCCGAGAACA-1	1	67	31	22783	29238	tumor_like	medium	1	1	0	0	0	0	0	0	0	0	0	0
CTGGCTGCGTACGGAC-1	1	70	36	23289	29755	tumor_like	medium	1	1	0	0	0	0	0	0	0	0	0	0
CTGGCTGTACTAGATG-1	1	87	51	24816	32686	tumor_like	medium	1	1	60	6	1	0	13	0	20	4	1	6
CTGGCTGTTCTACTCC-1	1	21	129	32531	21184	tumor_like	medium	1	1	17	16	0	0	6	0	22	4.4	1	16
CTGGCTTCGCCTAATA-1	1	62	104	30087	28310	tumor_like	medium	1	1	84	2	0	0	11	0	13	2.6	1	2
CTGGTAAGCTTAACCG-1	1	99	73	27037	34747	tumor_like	medium	1	1	139	173	11	0	20	0	204	40.8	1	139
CTGGTAATAGCAGGAA-1	1	9	55	25102	19168	tumor_like	medium	1	1	0	0	0	0	0	0	0	0	0	0
CTGGTACGACTTACAA-1	1	35	129	32552	23610	tumor_like	medium	1	1	10	0	0	0	1	0	1	0.2	0	0
CTGGTAGGCTAATACC-1	1	94	168	36545	33800	tumor_like	medium	1	1	4	1	0	0	0	0	1	0.2	1	1
CTGGTGAGAATCAAGT-1	1	4	220	41620	18162	tumor_like	medium	1	1	0	0	0	0	0	0	0	0	0	0
CTGGTGATCACTCCGT-1	1	66	112	30895	28997	tumor_like	medium	1	1	10	0	0	0	0	0	0	0	0	0
CTGGTGATTGACTCCG-1	1	15	215	41136	20071	tumor_like	medium	1	1	0	1	0	0	0	0	1	0.2	0	0
CTGGTGCAATTGCGAT-1	1	38	206	40268	24065	tumor_like	medium	1	1	2	0	0	0	0	0	0	0	0	0
CTGGTGCGATTCGAAG-1	1	23	41	23720	21606	tumor_like	medium	1	1	0	1	0	0	0	0	1	0.2	0	0
CTGGTGCGGAGTCAAC-1	1	56	108	30479	27267	tumor_like	medium	1	1	42	2	0	0	3	0	5	1	1	2
CTGGTGGCAGCCTAGA-1	1	114	56	25357	37361	tumor_like	medium	1	1	179	8	3	0	24	0	35	7	1	8
CTGGTGGCGATGTCAG-1	1	45	161	35771	25315	tumor_like	medium	1	1	19	9	0	0	5	0	14	2.8	1	9
CTGGTGGCTTATGTCA-1	1	74	200	39720	30308	tumor_like	medium	1	1	20	0	1	0	0	0	1	0.2	0	0
CTGGTGTAGAACGATA-1	1	58	64	26075	27651	tumor_like	medium	1	1	17	0	0	0	2	0	2	0.4	0	0
CTGGTGTATCCTCATT-1	1	99	165	36252	34668	tumor_like	medium	1	1	14	3	0	0	5	0	8	1.6	1	3
CTGTAATAGGATAAGA-1	1	76	110	30709	30731	tumor_like	medium	1	1	54	0	0	0	2	0	2	0.4	0	0
CTGTACCTCATACCGG-1	1	66	146	34300	28968	tumor_like	medium	1	1	11	0	0	0	0	0	0	0	0	0
CTGTACCTTCATGCAG-1	1	21	53	24919	21249	tumor_like	medium	1	1	0	0	0	0	0	0	0	0	0	0
CTGTACTCTGAAGACA-1	1	87	197	39439	32562	tumor_like	medium	1	1	14	0	0	0	2	0	2	0.4	0	0
CTGTATGTACAGCATG-1	1	21	39	23517	21261	immune	medium	0	0	0	0	0	0	0	0	0	0	0	0
CTGTCAATAATCACTC-1	1	76	146	34315	30700	tumor_like	medium	1	1	19	2	0	0	4	0	6	1.2	1	2
CTGTCACTGACCAAGC-1	1	92	102	29931	33510	tumor_like	medium	1	1	75	16	0	0	8	1	25	5	1	16
CTGTCATCCATCGGCC-1	1	92	158	35540	33462	tumor_like	medium	1	1	32	7	3	0	3	0	13	2.6	1	7
CTGTCATGGTACCGAC-1	1	62	98	29487	28316	tumor_like	medium	1	1	12	0	0	0	1	0	1	0.2	0	0
CTGTCCAAGGCACCAT-1	1	81	145	34222	31567	tumor_like	medium	1	1	45	18	0	0	12	0	30	6	1	18
CTGTCCAAGTAATTAA-1	1	86	162	35932	32419	tumor_like	medium	1	1	35	0	1	0	5	0	6	1.2	0	0
CTGTCCTAACTTATGA-1	1	87	21	21811	32712	tumor_like	medium	1	1	3	1	0	0	0	0	1	0.2	1	1
CTGTCCTACTAAGGCA-1	1	47	165	36175	25658	tumor_like	medium	1	1	4	3	0	0	2	0	5	1	1	3
CTGTCGGAATACAAGA-1	1	72	198	39517	29963	tumor_like	medium	1	1	13	0	0	0	0	0	0	0	0	0
CTGTGCAGTAGGTGTA-1	1	71	107	30401	29866	tumor_like	medium	1	1	56	6	0	0	6	0	12	2.4	1	6
CTGTGCCGTGGTTCAG-1	1	82	110	30718	31771	tumor_like	medium	1	1	68	11	0	0	11	0	22	4.4	1	11
CTGTGCGACGAATCAC-1	1	80	92	28912	31440	tumor_like	medium	1	1	125	8	0	0	9	0	17	3.4	1	8
CTGTGCGATAACGAAG-1	1	36	184	38062	23737	tumor_like	medium	1	1	11	11	0	0	1	0	12	2.4	1	11
CTGTGCTCAGATCCGC-1	1	62	190	38701	28237	tumor_like	medium	1	1	11	0	1	0	2	0	3	0.6	0	0
CTGTGCTCTGCTTAAC-1	1	4	40	23592	18315	ambiguous_or_low_signal	low	0	0	0	0	0	0	0	0	0	0	0	0
CTGTGGATACCAGTCC-1	1	15	59	25511	20204	tumor_like	medium	1	1	0	0	0	0	0	0	0	0	0	0
CTGTGGATACCTAGGA-1	1	58	124	32085	27600	tumor_like	medium	1	1	22	2	0	0	9	0	11	2.2	1	2
CTGTGGATCCTTCAAG-1	1	59	135	33188	27763	tumor_like	medium	1	1	23	7	0	0	1	0	8	1.6	1	7
CTGTGGTACGTGGATC-1	1	121	69	26669	38562	tumor_like	medium	1	1	81	23	4	0	17	0	44	8.8	1	23
CTGTTACCTAATGAGT-1	1	115	17	21452	37567	tumor_like	medium	1	1	6	1	0	0	4	0	5	1	1	1
CTGTTCAGACAATTCC-1	1	58	106	30282	27616	tumor_like	medium	1	1	56	6	0	0	7	0	13	2.6	1	6
CTGTTCAGTGATTCCT-1	1	90	18	21515	33235	tumor_like	medium	1	1	8	1	0	0	1	0	2	0.4	1	1
CTGTTCCAATAGCCTC-1	1	21	173	36938	21146	tumor_like	medium	1	1	9	0	0	0	1	0	1	0.2	0	0
CTGTTCCAGACTAGAA-1	1	41	203	39972	24586	tumor_like	medium	1	1	5	1	1	0	2	0	4	0.8	1	1
CTGTTCGTGGTTGTAG-1	1	49	145	34175	26022	tumor_like	medium	1	1	1	1	1	1	2	0	5	1	1	1
CTGTTGCTCGATGTAC-1	1	116	92	28965	37677	tumor_like	medium	1	1	65	7	0	0	11	0	18	3.6	1	7
CTGTTGGATCCATATG-1	1	110	160	35767	36580	tumor_like	medium	1	1	1	0	0	0	0	0	0	0	0	0
CTTAACCACGTCTAGT-1	1	95	47	24427	34076	tumor_like	medium	1	1	110	24	1	0	13	0	38	7.6	1	24
CTTACGAAGATATCGC-1	1	36	204	40065	23720	tumor_like	medium	1	1	1	1	0	0	0	0	1	0.2	1	1
CTTACGAAGGTGAATT-1	1	103	5	20232	35498	tumor_like	medium	1	1	10	1	0	0	0	0	1	0.2	1	1
CTTACGACCATACTTC-1	1	104	162	35959	35538	tumor_like	medium	1	1	10	1	0	0	2	0	3	0.6	1	1
CTTACGATAGCTAGCG-1	1	106	152	34960	35893	tumor_like	medium	1	1	3	0	0	1	2	0	3	0.6	0	0
CTTACGATTCCACGTC-1	1	103	67	26442	35445	tumor_like	medium	1	1	177	11	2	0	31	0	44	8.8	1	11
CTTACGCAATTGTCAC-1	1	90	6	20313	33246	tumor_like	medium	1	1	31	8	1	0	7	0	16	3.2	1	8
CTTACGCTGTGCTACA-1	1	11	145	34119	19438	tumor_like	medium	1	1	5	1	0	0	2	0	3	0.6	1	1
CTTACGGAACTATTGG-1	1	124	44	24170	39104	tumor_like	medium	1	1	164	12	0	0	14	0	26	5.2	1	12
CTTACGGAACTGCATA-1	1	42	24	22045	24913	tumor_like	medium	1	1	3	0	0	0	0	0	0	0	0	0
CTTACGGTCCAGTTCT-1	1	89	101	29827	32990	tumor_like	medium	1	1	91	1	0	0	11	0	12	2.4	1	1
CTTACGGTGCCTATAC-1	1	57	123	31983	27427	tumor_like	medium	1	1	47	6	1	0	9	0	16	3.2	1	6
CTTACGTCATGGCACT-1	1	42	154	35066	24802	tumor_like	medium	1	1	14	2	1	0	2	0	5	1	1	2
CTTACGTCCGAACATT-1	1	14	56	25209	20034	tumor_like	medium	1	1	0	0	0	0	0	0	0	0	0	0
CTTAGACAAGTTCGGT-1	1	54	140	33681	26894	tumor_like	medium	1	1	1	0	0	0	0	0	0	0	0	0
CTTAGAGCCAGTGATG-1	1	103	101	29848	35416	tumor_like	medium	1	1	92	18	1	0	13	0	32	6.4	1	18
CTTAGATAAGTACATA-1	1	80	146	34321	31393	tumor_like	medium	1	1	42	4	1	0	6	0	11	2.2	1	4
CTTAGCAACACCATAA-1	1	110	98	29557	36633	tumor_like	medium	1	1	55	16	1	0	7	0	24	4.8	1	16
CTTAGCAACGGATTCA-1	1	110	140	33764	36597	tumor_like	medium	1	1	32	0	0	0	8	0	8	1.6	0	0
CTTAGCAATTGCACCA-1	1	50	140	33675	26200	tumor_like	medium	1	1	1	2	0	0	0	0	2	0.4	1	1
CTTAGCACAATACTGG-1	1	91	157	35439	33289	tumor_like	medium	1	1	34	3	0	0	8	0	11	2.2	1	3
CTTAGCACTCTTATGC-1	1	85	81	27818	32314	tumor_like	medium	1	1	42	6	0	0	14	0	20	4	1	6
CTTAGCAGGCTGGCAA-1	1	94	118	31537	33843	tumor_like	medium	1	1	59	13	4	0	9	0	26	5.2	1	13
CTTAGCCTACTCCGCT-1	1	62	94	29086	28319	tumor_like	medium	1	1	14	1	0	0	1	0	2	0.4	1	1
CTTAGCCTCGTTGCGA-1	1	107	17	21440	36181	tumor_like	medium	1	1	5	5	1	0	3	0	9	1.8	1	5
CTTAGCCTTCGTATAA-1	1	29	175	37150	22531	tumor_like	medium	1	1	19	1	0	0	5	0	6	1.2	1	1
CTTAGCGTACGGTCTA-1	1	104	20	21736	35659	tumor_like	medium	1	1	6	1	0	0	1	0	2	0.4	1	1
CTTAGCGTGCTTATTG-1	1	4	30	22590	18324	tumor_like	medium	1	1	0	0	0	0	0	0	0	0	0	0
CTTAGCTAGGCCTACA-1	1	61	21	21773	28207	tumor_like	medium	1	1	0	0	0	0	0	0	0	0	0	0
CTTAGCTGAGCGGCCT-1	1	74	56	25298	30431	tumor_like	medium	1	1	85	0	0	0	3	0	3	0.6	0	0
CTTAGCTTATGCTTCA-1	1	57	171	36791	27386	tumor_like	medium	1	1	4	15	1	0	3	0	19	3.8	1	4
CTTAGTAATCCATGAT-1	1	109	101	29856	36456	tumor_like	medium	1	1	59	6	1	0	11	0	18	3.6	1	6
CTTAGTCCTCGCGTCG-1	1	73	65	26198	30249	tumor_like	medium	1	1	53	0	0	0	11	0	11	2.2	0	0
CTTAGTCTATCATAGA-1	1	10	24	21998	19369	endothelial	medium	0	0	0	0	0	0	0	0	0	0	0	0
CTTAGTGGACAGGTAC-1	1	95	9	20621	34108	tumor_like	medium	1	1	25	0	1	0	0	0	1	0.2	0	0
CTTAGTGGTTGAATTG-1	1	91	199	39645	33253	tumor_like	medium	1	1	18	2	0	0	2	0	4	0.8	1	2
CTTAGTTCCACGGTAC-1	1	80	222	41933	31329	tumor_like	medium	1	1	78	0	0	1	12	0	13	2.6	0	0
CTTAGTTGCGACTAGC-1	1	48	168	36477	25830	tumor_like	medium	1	1	1	5	0	0	0	0	5	1	1	1
CTTATCACGCTATGCT-1	1	33	173	36955	23226	tumor_like	medium	1	1	34	2	0	1	10	0	13	2.6	1	2
CTTATCATAGGTTCCA-1	1	101	95	29244	35075	tumor_like	medium	1	1	153	19	2	1	17	0	39	7.8	1	19
CTTATCCAGTCAGGAC-1	1	68	196	39311	29272	tumor_like	medium	1	1	39	0	0	0	4	0	4	0.8	0	0
CTTATCGAACTTACTC-1	1	66	152	34901	28963	tumor_like	medium	1	1	10	1	0	0	2	0	3	0.6	1	1
CTTATCGGCTGTGCTA-1	1	58	62	25875	27653	tumor_like	medium	1	1	8	0	0	0	1	0	1	0.2	0	0
CTTATCTTAATCTGTA-1	1	98	2	19925	34635	tumor_like	medium	1	1	17	2	0	0	1	0	3	0.6	1	2
CTTATTAATGTCTGGC-1	1	16	158	35428	20294	tumor_like	medium	1	1	4	0	0	0	3	0	3	0.6	0	0
CTTATTGAATGCTTAT-1	1	111	113	31061	36792	tumor_like	medium	1	1	40	2	1	0	5	0	8	1.6	1	2
CTTCAACACTCGCAAT-1	1	105	111	30852	35754	tumor_like	medium	1	1	81	3	0	0	12	0	15	3	1	3
CTTCAACATAGCTCAC-1	1	95	13	21022	34105	tumor_like	medium	1	1	18	1	0	0	6	0	7	1.4	1	1
CTTCAACGAGCTTCAG-1	1	39	201	39769	24241	tumor_like	medium	1	1	3	0	0	0	0	0	0	0	0	0
CTTCAACGATAGTAGG-1	1	50	134	33074	26206	tumor_like	medium	1	1	16	1	0	0	0	0	1	0.2	1	1
CTTCAACGGCCTATCT-1	1	98	206	40357	34461	tumor_like	medium	1	1	1	0	0	0	0	0	0	0	0	0
CTTCAAGAGCGTGGTT-1	1	42	212	40875	24753	tumor_like	medium	1	1	3	3	0	0	0	0	3	0.6	1	3
CTTCAATATGTTCGGA-1	1	96	124	32141	34185	tumor_like	medium	1	1	66	14	2	0	2	0	18	3.6	1	14
CTTCAATCGTTGGTTC-1	1	100	154	35151	34852	tumor_like	medium	1	1	18	6	0	0	7	0	13	2.6	1	6
CTTCAATGACGTCATC-1	1	52	122	31876	26562	tumor_like	medium	1	1	13	1	0	0	3	0	4	0.8	1	1
CTTCACAGCACGATCA-1	1	38	50	24644	24198	tumor_like	medium	1	1	0	0	0	0	0	0	0	0	0	0
CTTCACAGGTGGCAGG-1	1	6	150	34612	18568	tumor_like	medium	1	1	10	0	0	0	3	0	3	0.6	0	0
CTTCACGAAGCGATAA-1	1	19	53	24916	20902	tumor_like	medium	1	1	0	0	0	0	0	0	0	0	0	0
CTTCACGGATGCGAGT-1	1	84	150	34727	32083	tumor_like	medium	1	1	10	6	0	0	0	0	6	1.2	1	6
CTTCACTTATTGCTCC-1	1	104	68	26544	35618	tumor_like	medium	1	1	153	20	5	0	19	0	44	8.8	1	20
CTTCATAGTAGCTGAA-1	1	3	105	30101	18086	tumor_like	medium	1	1	3	1	0	0	0	0	1	0.2	1	1
CTTCATCCGTACATCT-1	1	120	126	32377	38341	tumor_like	medium	1	1	24	7	0	0	3	0	10	2	1	7
CTTCATGCGATATGCC-1	1	31	45	24133	22988	tumor_like	medium	1	1	1	0	0	0	0	0	0	0	0	0
CTTCCACCGGTAGTAT-1	1	66	104	30093	29003	tumor_like	medium	1	1	27	2	0	0	3	0	5	1	1	2
CTTCCACGAGGCTAAT-1	1	71	43	23991	29921	tumor_like	medium	1	1	40	1	0	0	3	0	4	0.8	1	1
CTTCCACGTATTCTGC-1	1	118	98	29569	38019	tumor_like	medium	1	1	36	8	4	0	11	0	23	4.6	1	8
CTTCCACGTTGATCTG-1	1	96	144	34144	34167	tumor_like	medium	1	1	35	3	0	0	2	0	5	1	1	3
CTTCCGAACATTCCGG-1	1	120	62	25967	38396	tumor_like	medium	1	1	134	10	2	0	16	0	28	5.6	1	10
CTTCCGACAAGTGCCG-1	1	101	205	40261	34981	tumor_like	medium	1	1	0	0	0	0	0	0	0	0	0	0
CTTCCGACATAAGCTT-1	1	86	94	29121	32477	tumor_like	medium	1	1	120	4	0	0	14	0	18	3.6	1	4
CTTCCGAGTACGGCCA-1	1	11	117	31314	19462	tumor_like	medium	1	1	15	3	0	0	3	0	6	1.2	1	3
CTTCCGATCTATAATT-1	1	126	134	33187	39374	tumor_like	medium	1	1	18	7	1	0	2	0	10	2	1	7
CTTCCGCTCCGCGTGG-1	1	21	115	31129	21196	tumor_like	medium	1	1	5	2	0	0	4	0	6	1.2	1	2
CTTCCGTGATCTATGG-1	1	82	150	34724	31737	tumor_like	medium	1	1	22	5	0	1	4	0	10	2	1	5
CTTCCGTGTAGGCGTC-1	1	80	160	35723	31382	tumor_like	medium	1	1	12	0	1	0	0	0	1	0.2	0	0
CTTCCTAATCCGCATA-1	1	82	208	40533	31687	tumor_like	medium	1	1	67	1	0	0	6	0	7	1.4	1	1
CTTCCTAGAACTTGGC-1	1	47	187	38378	25640	tumor_like	medium	1	1	4	16	1	0	4	0	21	4.2	1	4
CTTCCTGATGAATCAA-1	1	109	133	33061	36428	tumor_like	medium	1	1	4	1	0	0	1	0	2	0.4	1	1
CTTCCTTAGGTTAGCA-1	1	1	21	21684	17811	tumor_like	medium	1	1	0	0	0	0	0	0	0	0	0	0
CTTCGAACGCTGTTCC-1	1	98	152	34948	34507	tumor_like	medium	1	1	33	2	0	0	5	0	7	1.4	1	2
CTTCGAACTTAGTCCG-1	1	44	26	22249	25258	tumor_like	medium	1	1	3	0	0	0	0	0	0	0	0	0
CTTCGAATAGAAGGCA-1	1	107	7	20439	36189	tumor_like	medium	1	1	13	0	1	0	2	0	3	0.6	0	0
CTTCGAATGTTCCATA-1	1	85	65	26215	32328	tumor_like	medium	1	1	33	1	0	0	4	0	5	1	1	1
CTTCGACCAACATGCA-1	1	111	89	28657	36812	tumor_like	medium	1	1	42	4	0	0	8	0	12	2.4	1	4
CTTCGACCAGTGCAAT-1	1	73	119	31606	30203	tumor_like	medium	1	1	15	0	0	0	0	0	0	0	0	0
CTTCGACCGAACTTAT-1	1	41	21	21744	24742	tumor_like	medium	1	1	8	1	0	0	1	0	2	0.4	1	1
CTTCGAGCCTTCCGAT-1	1	69	143	34004	29489	tumor_like	medium	1	1	12	1	0	0	1	0	2	0.4	1	1
CTTCGAGGCCTCGCAA-1	1	53	169	36584	26695	tumor_like	medium	1	1	3	10	0	0	0	0	10	2	1	3
CTTCGAGTTAATTGGA-1	1	117	127	32472	37820	tumor_like	medium	1	1	30	3	1	0	5	0	9	1.8	1	3
CTTCGATACAGCTCGG-1	1	112	154	35169	36931	tumor_like	medium	1	1	9	0	0	0	0	0	0	0	0	0
CTTCGTAACAGGCCTC-1	1	32	198	39458	23032	tumor_like	medium	1	1	1	1	0	0	0	0	1	0.2	1	1
CTTCGTAATGCTTGCC-1	1	14	80	27613	20014	tumor_like	medium	1	1	0	0	0	0	0	0	0	0	0	0
CTTCGTCATTGTGAAC-1	1	94	146	34341	33819	tumor_like	medium	1	1	53	1	0	0	2	0	3	0.6	1	1
CTTCTAACCGGCCAGC-1	1	6	112	30806	18600	tumor_like	medium	1	1	11	2	1	0	2	0	5	1	1	2
CTTCTAACGGTCTGTC-1	1	67	121	31798	29161	tumor_like	medium	1	1	20	0	0	0	1	0	1	0.2	0	0
CTTCTACATACACCGA-1	1	24	70	26626	21755	tumor_like	medium	1	1	0	0	0	0	0	0	0	0	0	0
CTTCTACTTATTAATG-1	1	108	158	35564	36235	tumor_like	medium	1	1	0	1	0	0	1	0	2	0.4	0	0
CTTCTGAGCTATTACG-1	1	80	132	32918	31405	tumor_like	medium	1	1	77	1	1	0	1	0	3	0.6	1	1
CTTGAACCGATGGCCT-1	1	72	28	22490	30108	tumor_like	medium	1	1	1	0	0	0	0	0	0	0	0	0
CTTGAAGAACGCTAGA-1	1	49	117	31370	26046	tumor_like	medium	1	1	34	2	0	0	2	0	4	0.8	1	2
CTTGAATCCGCCTCGA-1	1	75	181	37819	30496	tumor_like	medium	1	1	11	3	0	0	1	0	4	0.8	1	3
CTTGAATCGCACGCTC-1	1	26	56	25227	22114	tumor_like	medium	1	1	0	0	0	0	0	0	0	0	0	0
CTTGAATCTGGTCGTG-1	1	95	63	26030	34062	tumor_like	medium	1	1	108	22	1	0	18	0	41	8.2	1	22
CTTGAATGCCGTATAG-1	1	35	199	39563	23550	tumor_like	medium	1	1	2	1	0	0	2	0	3	0.6	1	1
CTTGACAGGCTTGGCA-1	1	2	190	38612	17841	tumor_like	medium	1	1	4	0	0	0	4	0	4	0.8	0	0
CTTGAGATCAATGGAG-1	1	47	107	30366	25708	tumor_like	medium	1	1	8	2	0	0	3	0	5	1	1	2
CTTGAGCTGAATAGTC-1	1	88	56	25318	32856	tumor_like	medium	1	1	132	4	0	0	14	0	18	3.6	1	4
CTTGAGGCTGCGCTTG-1	1	88	128	32530	32795	tumor_like	medium	1	1	40	1	0	0	9	0	10	2	1	1
CTTGAGTACCAATGAG-1	1	30	66	26234	22798	tumor_like	medium	1	1	0	0	0	0	0	0	0	0	0	0
CTTGCCAGATCCGTCG-1	1	3	137	33306	18058	tumor_like	medium	1	1	4	1	0	0	1	0	2	0.4	1	1
CTTGCCGAGCCGAAGT-1	1	94	162	35944	33806	tumor_like	medium	1	1	18	0	0	0	1	0	1	0.2	0	0
CTTGCCTCGTAATTGC-1	1	22	194	39043	21303	tumor_like	medium	1	1	44	0	0	0	3	0	3	0.6	0	0
CTTGCGAGGTTCGGTT-1	1	91	149	34637	33296	tumor_like	medium	1	1	27	5	0	0	3	0	8	1.6	1	5
CTTGCGCTATGGTGTC-1	1	74	126	32309	30371	tumor_like	medium	1	1	34	2	0	0	11	0	13	2.6	1	2
CTTGCGTATGCCTATC-1	1	95	123	32039	34011	tumor_like	medium	1	1	67	14	3	0	8	0	25	5	1	14
CTTGCGTGAAGGTACA-1	1	112	104	30161	36974	tumor_like	medium	1	1	28	6	0	0	1	0	7	1.4	1	6
CTTGCGTGCTTGTCAG-1	1	67	83	27992	29194	tumor_like	medium	1	1	8	1	0	0	0	0	1	0.2	1	1
CTTGCTACCAGTCTCG-1	1	113	51	24854	37191	tumor_like	medium	1	1	266	31	5	0	50	0	86	17.2	1	31
CTTGCTGGTTGCAGTT-1	1	45	55	25155	25406	tumor_like	medium	1	1	0	0	0	0	0	1	1	0.2	0	0
CTTGGACAGAGCATCA-1	1	39	163	35963	24274	tumor_like	medium	1	1	64	3	0	1	9	0	13	2.6	1	3
CTTGGACAGTCGAGTC-1	1	54	180	37688	26859	tumor_like	medium	1	1	15	8	0	0	1	0	9	1.8	1	8
CTTGGACTACGAGTTA-1	1	69	109	30599	29518	tumor_like	medium	1	1	12	0	0	0	1	0	1	0.2	0	0
CTTGGAGCAACGAGCC-1	1	55	89	28575	27109	tumor_like	medium	1	1	19	0	0	0	1	0	1	0.2	0	0
CTTGGAGGAACTGTTC-1	1	63	35	23178	28542	tumor_like	medium	1	1	0	0	0	0	0	0	0	0	0	0
CTTGGAGGCTTGACGG-1	1	5	85	28100	18449	immune	medium	0	0	0	0	0	0	0	0	0	0	0	0
CTTGGAGGTGGAGGTT-1	1	75	217	41424	30466	tumor_like	medium	1	1	17	6	0	0	5	0	11	2.2	1	6
CTTGGAGTTGCGAGGT-1	1	37	29	22539	24042	ambiguous_or_low_signal	low	0	0	0	0	0	0	0	0	0	0	0	0
CTTGGATCGGTGGACA-1	1	59	111	30784	27784	tumor_like	medium	1	1	53	1	0	0	3	0	4	0.8	1	1
CTTGGATTCAGGAGAA-1	1	73	133	33008	30191	tumor_like	medium	1	1	29	4	0	0	2	0	6	1.2	1	4
CTTGGATTGATCCTAC-1	1	15	157	35326	20120	tumor_like	medium	1	1	8	1	0	0	2	0	3	0.6	1	1
CTTGGATTGTCGAAGG-1	1	24	106	30232	21724	tumor_like	medium	1	1	2	0	1	0	0	0	1	0.2	0	0
CTTGGTAGAAGTCGGT-1	1	63	107	30389	28480	tumor_like	medium	1	1	61	14	0	0	6	0	20	4	1	14
CTTGGTAGACCAGATC-1	1	73	35	23193	30274	tumor_like	medium	1	1	2	1	1	0	0	0	2	0.4	1	1
CTTGGTGACCGCGACG-1	1	82	0	19701	31865	tumor_like	medium	1	1	58	11	0	0	3	0	14	2.8	1	11
CTTGGTTATCTATTAA-1	1	47	197	39380	25631	tumor_like	medium	1	1	10	0	0	0	0	0	0	0	0	0
CTTGTACCGCTCTTCA-1	1	115	93	29064	37502	tumor_like	medium	1	1	35	7	0	0	4	0	11	2.2	1	7
CTTGTATCCATCACGG-1	1	79	129	32616	31234	tumor_like	medium	1	1	47	0	0	0	5	0	5	1	0	0
CTTGTCAAGTCTAATC-1	1	58	146	34288	27581	tumor_like	medium	1	1	17	0	0	1	0	0	1	0.2	0	0
CTTGTCACCAACCGCC-1	1	118	118	31572	38002	tumor_like	medium	1	1	28	3	0	0	9	0	12	2.4	1	3
CTTGTCGCTAGTGAGC-1	1	28	72	26832	22446	tumor_like	medium	1	1	0	0	0	0	0	0	0	0	0	0
CTTGTCGCTGAATACC-1	1	104	48	24541	35636	tumor_like	medium	1	1	146	24	2	0	18	0	44	8.8	1	24
CTTGTCTGATACTATT-1	1	72	18	21489	30116	tumor_like	medium	1	1	0	0	0	0	0	0	0	0	0	0
GAACAAGCTCGCACGT-1	1	83	61	25812	31985	tumor_like	medium	1	1	78	3	0	0	13	0	16	3.2	1	3
GAACAGCGTATCGCTA-1	1	80	60	25707	31467	tumor_like	medium	1	1	76	2	0	0	9	0	11	2.2	1	2
GAACAGGATCTAGACA-1	1	85	139	33627	32265	tumor_like	medium	1	1	81	2	0	0	2	0	4	0.8	1	2
GAACAGTGCGCAATGT-1	1	80	90	28712	31441	tumor_like	medium	1	1	177	7	0	0	12	0	19	3.8	1	7
GAACATTCCGGCAGGT-1	1	50	180	37682	26166	tumor_like	medium	1	1	55	17	1	0	1	0	19	3.8	1	17
GAACATTCTGCCGATT-1	1	65	89	28590	28842	tumor_like	medium	1	1	90	0	0	1	5	0	6	1.2	0	0
GAACCAATGTTCTGCC-1	1	90	106	30329	33160	tumor_like	medium	1	1	59	0	0	0	6	0	6	1.2	0	0
GAACCATACATGAATC-1	1	86	2	19907	32556	tumor_like	medium	1	1	91	3	0	1	10	0	14	2.8	1	3
GAACCATCGTCAGCCG-1	1	92	146	34338	33473	tumor_like	medium	1	1	70	3	0	0	3	0	6	1.2	1	3
GAACCGGAAGTCGTGG-1	1	56	162	35888	27221	tumor_like	medium	1	1	14	4	0	0	4	0	8	1.6	1	4
GAACCGGTATGACGTA-1	1	121	119	31677	38520	tumor_like	medium	1	1	93	9	1	0	8	0	18	3.6	1	9
GAACGCAGGCCTGTGC-1	1	100	14	21129	34971	tumor_like	medium	1	1	97	1	0	1	4	0	6	1.2	1	1
GAACGCCAATCAATCA-1	1	74	196	39320	30311	tumor_like	medium	1	1	129	1	0	0	1	0	2	0.4	1	1
GAACGCGGTGCGCTTC-1	1	1	13	20883	17817	tumor_like	medium	1	1	0	0	0	0	0	0	0	0	0	0
GAACGCTTAGCGTGAG-1	1	16	48	24411	20388	tumor_like	medium	1	1	0	0	0	0	0	0	0	0	0	0
GAACGCTTATACCTAG-1	1	37	163	35960	23927	tumor_like	medium	1	1	125	4	0	0	5	0	9	1.8	1	4
GAACGCTTGCGAGCCT-1	1	65	77	27388	28852	tumor_like	medium	1	1	15	1	0	0	0	0	1	0.2	1	1
GAACGGAAGAACTATT-1	1	67	219	41613	29078	tumor_like	medium	1	1	20	3	0	0	1	0	4	0.8	1	3
GAACGGCCTTCGTTCC-1	1	76	56	25301	30777	tumor_like	medium	1	1	78	0	0	0	1	0	1	0.2	0	0
GAACTACAACGCGGCT-1	1	86	146	34329	32433	tumor_like	medium	1	1	267	3	0	0	9	0	12	2.4	1	3
GAACTACCGCCTGAGG-1	1	21	79	27523	21227	tumor_like	medium	1	1	1	0	0	0	0	0	0	0	0	0
GAACTAGGCTCGGCCT-1	1	69	195	39212	29445	tumor_like	medium	1	1	27	0	0	0	2	0	2	0.4	0	0
GAACTAGGTAGACGAT-1	1	58	82	27878	27636	tumor_like	medium	1	1	51	1	0	0	1	0	2	0.4	1	1
GAACTCAACCGGTTGA-1	1	84	202	39935	32039	tumor_like	medium	1	1	9	0	0	0	2	0	2	0.4	0	0
GAACTCCTTGCCTGAA-1	1	88	116	31328	32805	tumor_like	medium	1	1	88	4	0	0	6	0	10	2	1	4
GAACTCGCGTATAGCT-1	1	5	21	21690	18504	tumor_like	medium	1	1	1	0	0	0	0	0	0	0	0	0
GAACTCGTCACTTACC-1	1	97	129	32643	34353	tumor_like	medium	1	1	63	16	1	0	7	0	24	4.8	1	16
GAACTGCATCAAGCAC-1	1	99	105	30242	34720	tumor_like	medium	1	1	198	15	1	0	15	1	32	6.4	1	15
GAACTGCGGCCGATGA-1	1	24	192	38845	21651	tumor_like	medium	1	1	146	21	4	0	8	0	33	6.6	1	21
GAACTTATTCTGCACG-1	1	63	33	22978	28543	ambiguous_or_low_signal	low	0	0	0	0	0	0	0	0	0	0	0	0
GAACTTGAATACAGAA-1	1	60	158	35493	27918	tumor_like	medium	1	1	8	5	0	0	1	0	6	1.2	1	5
GAAGACTATCAACTGG-1	1	67	221	41813	29076	tumor_like	medium	1	1	20	6	0	0	2	0	8	1.6	1	6
GAAGCCGGCACGCTGC-1	1	117	43	24059	37891	tumor_like	medium	1	1	196	8	2	0	14	0	24	4.8	1	8
GAAGCCGTCCACATCG-1	1	90	126	32332	33143	tumor_like	medium	1	1	79	3	0	0	2	0	5	1	1	3
GAAGCGAGCCACGGCT-1	1	37	177	37362	23915	tumor_like	medium	1	1	59	4	0	0	6	0	10	2	1	4
GAAGCGATACTAGGAT-1	1	101	135	33250	35041	tumor_like	medium	1	1	60	0	0	0	4	0	4	0.8	0	0
GAAGCGCCGTAAGGCG-1	1	107	161	35863	36058	tumor_like	medium	1	1	16	0	0	0	2	0	2	0.4	0	0
GAAGCGGAACTTGAGC-1	1	66	148	34500	28966	tumor_like	medium	1	1	15	3	0	0	1	0	4	0.8	1	3
GAAGCGGCAACCATTC-1	1	94	112	30936	33848	tumor_like	medium	1	1	350	6	0	0	12	0	18	3.6	1	6
GAAGCGGCTTGACCTC-1	1	35	175	37159	23571	tumor_like	medium	1	1	88	4	0	0	8	0	12	2.4	1	4
GAAGCGTAGGCCTATG-1	1	113	103	30063	37147	tumor_like	medium	1	1	68	1	0	0	3	0	4	0.8	1	1
GAAGCTAATTATCTCC-1	1	104	172	36960	35530	tumor_like	medium	1	1	1	0	0	0	0	0	0	0	0	0
GAAGCTAGGATAGTCC-1	1	109	59	25650	36492	tumor_like	medium	1	1	156	6	4	0	19	0	29	5.8	1	6
GAAGCTGAGGTTAGTC-1	1	8	214	41025	18860	tumor_like	medium	1	1	2	0	0	0	1	0	1	0.2	0	0
GAAGCTGTATTGCTGG-1	1	22	212	40845	21287	tumor_like	medium	1	1	4	2	1	0	0	0	3	0.6	1	2
GAAGCTGTTCCGTTGC-1	1	83	1	19802	32036	tumor_like	medium	1	1	14	8	0	0	3	0	11	2.2	1	8
GAAGCTTACCAAGGTG-1	1	106	48	24544	35982	tumor_like	medium	1	1	179	50	5	0	18	1	74	14.8	1	50
GAAGCTTAGAGCATCC-1	1	104	18	21536	35661	tumor_like	medium	1	1	0	1	0	0	1	0	2	0.4	0	0
GAAGCTTAGCATGCGT-1	1	82	108	30518	31772	tumor_like	medium	1	1	34	2	0	0	13	1	16	3.2	1	2
GAAGCTTCCGTAGCAA-1	1	36	156	35257	23761	tumor_like	medium	1	1	8	4	0	0	4	0	8	1.6	1	4
GAAGCTTCGTATTATC-1	1	107	49	24645	36153	tumor_like	medium	1	1	112	3	0	0	10	0	13	2.6	1	3
GAAGGCTGCAAGTCTT-1	1	66	96	29292	29010	tumor_like	medium	1	1	25	0	0	0	4	0	4	0.8	0	0
GAAGGTTCTTGCGTTC-1	1	59	205	40199	27703	tumor_like	medium	1	1	17	0	0	0	2	0	2	0.4	0	0
GAAGTAGCTGTAATCA-1	1	10	60	25604	19338	tumor_like	medium	1	1	0	0	0	1	0	0	1	0.2	0	0
GAAGTATCAGTGCGGT-1	1	5	31	22692	18495	tumor_like	medium	1	1	0	0	0	0	0	0	0	0	0	0
GAAGTCCACTTCGTTC-1	1	7	21	21693	18850	tumor_like	medium	1	1	0	0	0	0	0	0	0	0	0	0
GAAGTCGACATCAACT-1	1	53	137	33379	26722	tumor_like	medium	1	1	24	0	0	0	0	0	0	0	0	0
GAAGTCGCCTACTTAA-1	1	68	206	40312	29263	tumor_like	medium	1	1	9	0	0	0	0	0	0	0	0	0
GAAGTCGCGTCACCGC-1	1	56	120	31681	27257	tumor_like	medium	1	1	12	0	0	0	0	0	0	0	0	0
GAAGTGGTAATCTACC-1	1	71	221	41819	29769	tumor_like	medium	1	1	15	10	0	0	7	0	17	3.4	1	10
GAAGTTCTCGTCATGA-1	1	89	201	39843	32905	tumor_like	medium	1	1	11	0	1	0	2	0	3	0.6	0	0
GAATACAGCTACATTA-1	1	20	214	41043	20939	tumor_like	medium	1	1	7	2	0	0	0	0	2	0.4	1	2
GAATACGGTGCATATT-1	1	29	191	38752	22517	tumor_like	medium	1	1	23	3	0	0	6	0	9	1.8	1	3
GAATACGTAACAGTCC-1	1	84	174	37131	32063	tumor_like	medium	1	1	8	0	0	0	2	0	2	0.4	0	0
GAATACGTCTAGCTAC-1	1	62	22	21875	28380	tumor_like	medium	1	1	0	0	0	0	0	0	0	0	0	0
GAATACTAGGTGATCC-1	1	116	128	32571	37647	tumor_like	medium	1	1	19	3	0	0	9	0	12	2.4	1	3
GAATAGGACGAGTGTT-1	1	98	102	29940	34550	tumor_like	medium	1	1	160	9	3	0	16	0	28	5.6	1	9
GAATAGTAAGGCTGGA-1	1	108	166	36365	36228	tumor_like	medium	1	1	3	0	0	0	2	0	2	0.4	0	0
GAATAGTGAGCGTACG-1	1	103	83	28045	35431	tumor_like	medium	1	1	201	14	1	0	16	0	31	6.2	1	14
GAATAGTTCAGTGCGA-1	1	32	196	39258	23034	tumor_like	medium	1	1	3	2	0	0	1	0	3	0.6	1	2
GAATCAATTAGGATGG-1	1	97	17	21426	34448	tumor_like	medium	1	1	4	0	0	0	0	0	0	0	0	0
GAATCACCTCCGGTCA-1	1	71	67	26395	29900	tumor_like	medium	1	1	60	0	0	0	10	0	10	2	0	0
GAATCATATGAGTTCC-1	1	103	119	31650	35401	tumor_like	medium	1	1	16	0	0	0	1	0	1	0.2	0	0
GAATCATGATCATAAT-1	1	98	204	40156	34463	tumor_like	medium	1	1	1	0	0	0	1	0	1	0.2	0	0
GAATCATGGCTTGTCT-1	1	127	69	26678	39602	tumor_like	medium	1	1	43	5	1	0	13	0	19	3.8	1	5
GAATCCATTGTATGAC-1	1	95	45	24227	34078	tumor_like	medium	1	1	92	22	1	0	9	1	33	6.6	1	22
GAATCCGAGCGATTAG-1	1	21	63	25921	21240	tumor_like	medium	1	1	0	0	0	0	0	0	0	0	0	0
GAATCTTCCAGAGGCC-1	1	121	67	26469	38564	tumor_like	medium	1	1	94	19	0	0	9	0	28	5.6	1	19
GAATCTTCGCTAGATG-1	1	44	156	35269	25147	tumor_like	medium	1	1	7	4	0	0	2	0	6	1.2	1	4
GAATGAACCTTATCCA-1	1	97	61	25832	34411	tumor_like	medium	1	1	205	52	1	0	37	1	91	18.2	1	52
GAATGACACGCTGTAG-1	1	56	178	37490	27208	tumor_like	medium	1	1	6	11	1	0	2	0	14	2.8	1	6
GAATGACCGGCGTAGA-1	1	125	115	31282	39216	tumor_like	medium	1	1	55	21	0	0	10	0	31	6.2	1	21
GAATGACTACGCATGA-1	1	104	60	25743	35625	tumor_like	medium	1	1	573	42	3	0	27	0	72	14.4	1	42
GAATGAGGATCCAAGC-1	1	127	137	33489	39544	tumor_like	medium	1	1	2	12	0	0	0	0	12	2.4	1	2
GAATGAGTAGTGAGAT-1	1	63	105	30189	28482	tumor_like	medium	1	1	73	0	0	0	7	1	8	1.6	0	0
GAATGATATGTTGGTA-1	1	85	193	39035	32219	tumor_like	medium	1	1	14	0	0	0	1	0	1	0.2	0	0
GAATGGACGACTTGAA-1	1	108	54	25148	36323	tumor_like	medium	1	1	517	14	0	0	36	0	50	10	1	14
GAATGGACTACACCAG-1	1	88	110	30727	32810	tumor_like	medium	1	1	59	3	0	0	9	0	12	2.4	1	3
GAATGGAGATGTCGGT-1	1	59	191	38797	27715	tumor_like	medium	1	1	10	0	0	0	1	0	1	0.2	0	0
GAATGGAGGCAGTATC-1	1	36	58	25442	23845	tumor_like	medium	1	1	0	0	0	0	0	0	0	0	0	0
GAATGGAGTTCGCTGC-1	1	74	116	31307	30379	tumor_like	medium	1	1	21	0	0	0	1	0	1	0.2	0	0
GAATGGCACTTGTAGA-1	1	91	87	28428	33349	tumor_like	medium	1	1	78	13	0	0	17	0	30	6	1	13
GAATGGTCACGATAGG-1	1	111	91	28858	36811	tumor_like	medium	1	1	41	6	0	0	6	0	12	2.4	1	6
GAATGGTCCGATCGTC-1	1	51	105	30171	26403	tumor_like	medium	1	1	27	1	1	0	3	0	5	1	1	1
GAATGGTGTTAGATCG-1	1	36	56	25242	23846	tumor_like	medium	1	1	0	0	0	0	0	0	0	0	0	0
GAATGGTTAGCTAAGG-1	1	48	194	39081	25808	tumor_like	medium	1	1	6	4	0	0	0	0	4	0.8	1	4
GAATGTATGACCTTCC-1	1	83	105	30219	31947	tumor_like	medium	1	1	19	1	0	0	6	0	7	1.4	1	1
GAATGTCGTTAGCGTC-1	1	57	29	22568	27507	tumor_like	medium	1	1	1	0	0	0	0	0	0	0	0	0
GAATGTGATACTGTGA-1	1	62	68	26482	28341	tumor_like	medium	1	1	30	3	0	0	2	0	5	1	1	3
GAATGTTAGCTCACGG-1	1	3	111	30702	18080	tumor_like	medium	1	1	9	1	0	0	1	0	2	0.4	1	1
GAATTACGTGACGCGT-1	1	91	185	38243	33265	tumor_like	medium	1	1	1	0	0	0	1	0	1	0.2	0	0
GAATTAGATTGGTAAG-1	1	110	52	24950	36672	tumor_like	medium	1	1	122	8	1	0	31	0	40	8	1	8
GAATTATCAACAAGGA-1	1	124	118	31581	39041	tumor_like	medium	1	1	84	16	0	0	16	0	32	6.4	1	16
GAATTCACCATAACAT-1	1	39	27	22341	24390	tumor_like	medium	1	1	0	0	0	0	0	0	0	0	0	0
GAATTCTGATAAGTAT-1	1	101	47	24436	35116	tumor_like	medium	1	1	131	20	0	0	17	0	37	7.4	1	20
GACAACATTAAGGCTT-1	1	20	200	39641	20951	tumor_like	medium	1	1	2	0	0	0	1	0	1	0.2	0	0
GACAACCAACCGTATT-1	1	99	133	33047	34696	tumor_like	medium	1	1	82	2	0	0	11	0	13	2.6	1	2
GACAACCGCAACGCGG-1	1	29	181	37751	22526	tumor_like	medium	1	1	55	8	0	0	5	0	13	2.6	1	8
GACAACCGGCAGCTAT-1	1	96	100	29737	34205	tumor_like	medium	1	1	261	7	2	0	17	0	26	5.2	1	7
GACAACCTAACTCCAC-1	1	13	199	39530	19738	tumor_like	medium	1	1	8	0	0	0	0	0	0	0	0	0
GACAACGACCATACCT-1	1	16	98	29419	20345	tumor_like	medium	1	1	5	1	0	0	0	0	1	0.2	1	1
GACAACGGTAGAACCT-1	1	58	148	34488	27580	tumor_like	medium	1	1	22	2	0	0	3	0	5	1	1	2
GACAACGTTAGTCACG-1	1	70	110	30700	29691	tumor_like	medium	1	1	20	0	0	0	4	0	4	0.8	0	0
GACAACTATGGAATTC-1	1	60	94	29083	27972	tumor_like	medium	1	1	92	2	0	0	7	0	9	1.8	1	2
GACAAGACCTACTCGA-1	1	76	192	38922	30661	tumor_like	medium	1	1	40	1	0	0	1	0	2	0.4	1	1
GACAAGACTCAAGTTC-1	1	90	84	28126	33179	tumor_like	medium	1	1	87	6	0	0	14	1	21	4.2	1	6
GACAAGCTTATGTCGG-1	1	125	81	27877	39245	tumor_like	medium	1	1	54	1	1	0	12	0	14	2.8	1	1
GACAAGTGCACTGACA-1	1	33	127	32348	23265	tumor_like	medium	1	1	11	0	0	0	0	0	0	0	0	0
GACAAGTGCGTTGTGC-1	1	20	82	27822	21052	tumor_like	medium	1	1	0	0	0	0	0	0	0	0	0	0
GACAATAGTGCTATCC-1	1	19	197	39339	20779	tumor_like	medium	1	1	6	3	0	0	2	0	5	1	1	3
GACAATGGAGTAACAG-1	1	9	201	39724	19043	tumor_like	medium	1	1	17	8	0	0	0	0	8	1.6	1	8
GACAATTGTCTTGCTT-1	1	46	150	34671	25499	tumor_like	medium	1	1	3	2	0	0	1	0	3	0.6	1	2
GACACCGCACATCAGG-1	1	9	205	40125	19040	tumor_like	medium	1	1	1	0	0	0	1	0	1	0.2	0	0
GACACGCACGTTAGGA-1	1	90	56	25321	33203	tumor_like	medium	1	1	189	6	1	0	25	0	32	6.4	1	6
GACACGGACACGTACG-1	1	67	29	22583	29240	tumor_like	medium	1	1	2	0	0	0	0	0	0	0	0	0
GACACGGCAATTACGT-1	1	93	213	41050	33588	tumor_like	medium	1	1	2	0	0	0	0	0	0	0	0	0
GACAGAACGTTGCTTC-1	1	43	213	40977	24924	tumor_like	medium	1	1	6	7	0	0	2	0	9	1.8	1	6
GACAGAACTAACCGAA-1	1	108	154	35163	36238	tumor_like	medium	1	1	4	0	0	0	0	0	0	0	0	0
GACAGAAGTCACAACC-1	1	62	96	29286	28317	tumor_like	medium	1	1	39	0	0	0	2	0	2	0.4	0	0
GACAGAATAGGTGCCT-1	1	61	145	34192	28101	tumor_like	medium	1	1	27	2	0	0	1	0	3	0.6	1	2
GACAGAATGGTGGAGC-1	1	22	186	38241	21310	tumor_like	medium	1	1	30	2	0	0	4	0	6	1.2	1	2
GACAGACGCTTGAGGA-1	1	61	193	39000	28060	tumor_like	medium	1	1	17	0	0	0	1	0	1	0.2	0	0
GACAGACGGACAGAAC-1	1	93	73	27028	33707	tumor_like	medium	1	1	376	7	1	0	21	0	29	5.8	1	7
GACAGACGTATGCTGT-1	1	40	182	37867	24432	tumor_like	medium	1	1	4	6	1	0	2	1	10	2	1	4
GACAGACTGCGGATCT-1	1	124	74	27174	39079	tumor_like	medium	1	1	57	7	0	0	18	0	25	5	1	7
GACAGGTATGAGACGC-1	1	116	42	23957	37720	tumor_like	medium	1	1	686	90	2	0	28	0	120	24	1	90
GACATCACGACACCTG-1	1	22	218	41446	21282	tumor_like	medium	1	1	1	1	1	0	0	0	2	0.4	1	1
GACATCCTCACTTCTG-1	1	2	80	27595	17935	tumor_like	medium	1	1	0	0	0	0	0	0	0	0	0	0
GACATCCTTCGAACTG-1	1	60	40	23675	28018	tumor_like	medium	1	1	1	0	0	0	0	0	0	0	0	0
GACATCGCTCAAGAGC-1	1	76	142	33914	30704	tumor_like	medium	1	1	28	3	1	0	2	0	6	1.2	1	3
GACATGTAACTCTAAG-1	1	79	127	32416	31235	tumor_like	medium	1	1	52	1	0	0	6	0	7	1.4	1	1
GACATTAGAACAGAGC-1	1	83	201	39834	31865	tumor_like	medium	1	1	18	1	0	0	2	0	3	0.6	1	1
GACATTAGCAGATAAT-1	1	5	153	34911	18391	tumor_like	medium	1	1	13	2	0	0	1	0	3	0.6	1	2
GACATTATCTCGGCTT-1	1	67	11	20780	29255	tumor_like	medium	1	1	0	0	0	0	0	0	0	0	0	0
GACCAACGAACTTCTA-1	1	84	134	33125	32097	tumor_like	medium	1	1	32	0	0	0	7	0	7	1.4	0	0
GACCAACGACAGCATG-1	1	75	63	26000	30597	tumor_like	medium	1	1	89	1	0	0	11	0	12	2.4	1	1
GACCAACGTAACGTCG-1	1	34	196	39261	23380	tumor_like	medium	1	1	3	0	0	0	1	0	1	0.2	0	0
GACCACAGGACCTCGG-1	1	27	165	36145	22193	tumor_like	medium	1	1	44	2	0	0	4	0	6	1.2	1	2
GACCACATAGTGTCGT-1	1	91	213	41047	33241	tumor_like	medium	1	1	43	0	0	0	10	0	10	2	0	0
GACCACATCTCACGGA-1	1	57	69	26575	27473	tumor_like	medium	1	1	13	0	0	0	0	0	0	0	0	0
GACCACCTCGATAGTG-1	1	38	138	33457	24123	tumor_like	medium	1	1	3	2	0	0	0	0	2	0.4	1	2
GACCACGATAGCGAAG-1	1	97	97	29438	34380	tumor_like	medium	1	1	191	14	1	0	26	0	41	8.2	1	14
GACCACTCGCATTCAG-1	1	98	60	25734	34586	tumor_like	medium	1	1	184	109	7	0	35	0	151	30.2	1	109
GACCAGATAGCAGGCA-1	1	25	49	24524	21945	tumor_like	medium	1	1	0	0	0	0	0	0	0	0	0	0
GACCAGGAAGTTCCTG-1	1	77	61	25803	30945	tumor_like	medium	1	1	33	0	0	0	8	0	8	1.6	0	0
GACCATGTCCATCATG-1	1	13	105	30115	19818	tumor_like	medium	1	1	6	9	0	0	4	0	13	2.6	1	6
GACCGAATCGGAATCT-1	1	86	172	36934	32411	tumor_like	medium	1	1	8	0	0	0	0	0	0	0	0	0
GACCGAGGACGAAGGA-1	1	18	210	40639	20596	tumor_like	medium	1	1	5	0	0	0	1	0	1	0.2	0	0
GACCGAGGTGTCCAGC-1	1	58	94	29080	27626	tumor_like	medium	1	1	10	0	0	0	2	0	2	0.4	0	0
GACCGATGAGCTTGTT-1	1	114	58	25557	37360	tumor_like	medium	1	1	138	6	0	0	30	0	36	7.2	1	6
GACCGGTAAGCTCACG-1	1	72	80	27698	30064	tumor_like	medium	1	1	13	0	0	0	3	0	3	0.6	0	0
GACCGGTTCTGTCGCC-1	1	42	162	35867	24796	tumor_like	medium	1	1	21	4	0	0	2	0	6	1.2	1	4
GACCGTCATCGAACAT-1	1	103	125	32251	35396	tumor_like	medium	1	1	42	0	0	0	8	0	8	1.6	0	0
GACCGTGATGCAGACA-1	1	41	197	39371	24591	tumor_like	medium	1	1	13	1	0	0	0	0	1	0.2	1	1
GACCTACACCGTTGAG-1	1	122	120	31779	38693	tumor_like	medium	1	1	60	9	0	0	14	0	23	4.6	1	9
GACCTCTTGCGGAACC-1	1	63	93	28987	28492	tumor_like	medium	1	1	16	2	0	0	2	0	4	0.8	1	2
GACCTCTTGGAAGTGG-1	1	80	62	25907	31465	tumor_like	medium	1	1	72	2	0	0	12	0	14	2.8	1	2
GACCTGAATAGGCCTT-1	1	127	123	32086	39556	tumor_like	medium	1	1	122	16	0	0	14	0	30	6	1	16
GACCTGACGTTCAATA-1	1	86	160	35732	32421	tumor_like	medium	1	1	46	2	0	0	3	0	5	1	1	2
GACCTGATGCCTCATG-1	1	93	197	39448	33601	tumor_like	medium	1	1	14	2	0	0	1	0	3	0.6	1	2
GACCTGATGGATGCCT-1	1	60	160	35693	27916	tumor_like	medium	1	1	7	30	1	0	0	0	31	6.2	1	7
GACCTGCACTGTTATT-1	1	78	106	30311	31081	tumor_like	medium	1	1	37	1	0	0	7	0	8	1.6	1	1
GACCTGCAGCTAACTG-1	1	66	72	26888	29031	ambiguous_or_low_signal	low	0	0	11	2	0	1	3	0	6	1.2	1	2
GACCTGCTAGTAGATC-1	1	24	222	41850	21625	tumor_like	medium	1	1	2	1	0	0	1	0	2	0.4	1	1
GACCTGCTCAGAACGC-1	1	108	14	21141	36358	tumor_like	medium	1	1	1	0	0	0	0	0	0	0	0	0
GACCTGCTCCAACTTA-1	1	53	125	32177	26732	tumor_like	medium	1	1	22	7	0	0	3	0	10	2	1	7
GACCTGCTGACAGACT-1	1	97	137	33444	34346	tumor_like	medium	1	1	45	0	0	0	8	0	8	1.6	0	0
GACCTGGTGATTCACC-1	1	116	154	35175	37624	ambiguous_or_low_signal	low	0	0	0	0	0	0	0	0	0	0	0	0
GACCTGGTTGGACGCA-1	1	92	96	29331	33515	tumor_like	medium	1	1	129	5	3	0	26	0	34	6.8	1	5
GACCTGTACGACATAA-1	1	15	123	31921	20149	tumor_like	medium	1	1	69	5	0	0	3	0	8	1.6	1	5
GACGAGATCTCAACAT-1	1	57	169	36590	27388	tumor_like	medium	1	1	3	14	0	0	0	0	14	2.8	1	3
GACGAGGTGAGGTTGC-1	1	31	181	37754	22872	tumor_like	medium	1	1	32	12	0	0	3	1	16	3.2	1	12
GACGAGGTGATCACTG-1	1	100	114	31145	34886	tumor_like	medium	1	1	52	0	0	0	7	0	7	1.4	0	0
GACGAGTAGAAGCCTA-1	1	119	51	24863	38231	tumor_like	medium	1	1	187	7	0	0	23	0	30	6	1	7
GACGAGTGACAGTAAT-1	1	3	15	21087	18162	ambiguous_or_low_signal	low	0	0	0	0	0	0	0	0	0	0	0	0
GACGCACGCAATTCTT-1	1	84	112	30921	32116	tumor_like	medium	1	1	94	6	0	0	10	0	16	3.2	1	6
GACGCACGCACGAACT-1	1	58	208	40498	27529	tumor_like	medium	1	1	43	1	1	0	4	0	6	1.2	1	1
GACGCATTGCAATCTG-1	1	16	50	24611	20386	tumor_like	medium	1	1	0	0	0	0	0	1	1	0.2	0	0
GACGCCAATCTGTTGC-1	1	109	121	31859	36439	tumor_like	medium	1	1	27	4	0	0	5	0	9	1.8	1	4
GACGCCTCCAACTACA-1	1	73	121	31806	30201	tumor_like	medium	1	1	26	1	0	0	5	0	6	1.2	1	1
GACGCCTCGGCGCCAA-1	1	102	8	20531	35323	tumor_like	medium	1	1	17	1	0	0	1	0	2	0.4	1	1
GACGCCTGAGTTGGCG-1	1	25	181	37745	21833	tumor_like	medium	1	1	15	2	0	0	6	0	8	1.6	1	2
GACGCTCGAGGAGTGC-1	1	29	205	40155	22505	tumor_like	medium	1	1	10	3	0	0	2	0	5	1	1	3
GACGCTCGTAGGTGTA-1	1	59	171	36794	27732	tumor_like	medium	1	1	5	8	1	0	0	0	9	1.8	1	5
GACGCTTCGCTGGTCT-1	1	91	177	37442	33272	tumor_like	medium	1	1	1	1	0	0	0	0	1	0.2	1	1
GACGGTAAGAGGCTAC-1	1	105	79	27647	35781	tumor_like	medium	1	1	195	3	0	0	27	0	30	6	1	3
GACGGTCGCAAGTCGG-1	1	65	203	40007	28745	tumor_like	medium	1	1	19	0	0	0	3	0	3	0.6	0	0
GACGGTCTGGCTAATC-1	1	45	193	38976	25288	tumor_like	medium	1	1	11	24	1	0	4	0	29	5.8	1	11
GACGGTGCCATGAATA-1	1	105	155	35259	35717	tumor_like	medium	1	1	92	1	0	0	8	0	9	1.8	1	1
GACGGTGGCTCCACTA-1	1	81	167	36425	31548	tumor_like	medium	1	1	10	0	0	0	0	0	0	0	0	0
GACGGTTGAATGATCC-1	1	84	2	19904	32209	tumor_like	medium	1	1	15	2	0	0	2	0	4	0.8	1	2
GACGTAGAATGAGTGA-1	1	106	8	20537	36016	tumor_like	medium	1	1	32	1	0	0	6	0	7	1.4	1	1
GACGTTACAATAGTAT-1	1	30	172	36851	22708	tumor_like	medium	1	1	37	1	0	0	5	0	6	1.2	1	1
GACGTTACCACGCAGG-1	1	113	19	21649	37219	tumor_like	medium	1	1	20	2	0	0	0	0	2	0.4	1	2
GACGTTCAGACCTAGG-1	1	96	168	36548	34147	tumor_like	medium	1	1	1	0	0	0	0	1	1	0.2	0	0
GACGTTCATTATAGAT-1	1	117	151	34876	37799	ambiguous_or_low_signal	low	0	0	0	1	0	0	0	0	1	0.2	0	0
GACGTTCCGAATTCAA-1	1	13	115	31117	19810	tumor_like	medium	1	1	5	2	0	0	1	0	3	0.6	1	2
GACGTTGAACTACACG-1	1	118	44	24161	38065	tumor_like	medium	1	1	240	11	4	0	30	0	45	9	1	11
GACGTTGTATGAAGCT-1	1	89	121	31830	32973	tumor_like	medium	1	1	93	20	1	0	8	0	29	5.8	1	20
GACTACCAACTGGTCC-1	1	0	18	21383	17641	tumor_like	medium	1	1	0	0	0	0	0	0	0	0	0	0
GACTACGATGAACGCC-1	1	109	171	36867	36396	tumor_like	medium	1	1	0	0	0	0	0	0	0	0	0	0
GACTAGATCGCCGTCT-1	1	18	50	24614	20733	tumor_like	medium	1	1	0	1	0	0	0	0	1	0.2	0	0
GACTAGATCGTTAACA-1	1	85	117	31423	32284	tumor_like	medium	1	1	56	6	0	0	4	0	10	2	1	6
GACTAGATGTGCTCGG-1	1	104	130	32754	35566	tumor_like	medium	1	1	28	2	1	0	2	0	5	1	1	2
GACTAGCCGCGACAGC-1	1	43	183	37972	24950	tumor_like	medium	1	1	4	3	0	0	0	0	3	0.6	1	3
GACTAGCTCCAATCAC-1	1	39	31	22742	24386	tumor_like	medium	1	1	0	0	0	0	0	0	0	0	0	0
GACTATTCGGCCTACT-1	1	48	188	38480	25813	tumor_like	medium	1	1	19	9	0	1	3	0	13	2.6	1	9
GACTCATACGCCGTTA-1	1	88	148	34533	32778	tumor_like	medium	1	1	20	1	0	0	5	0	6	1.2	1	1
GACTCGTGTCGGACCA-1	1	109	161	35866	36405	tumor_like	medium	1	1	5	0	0	0	3	0	3	0.6	0	0
GACTGACACCGCTCTG-1	1	60	200	39700	27882	tumor_like	medium	1	1	19	0	0	0	1	0	1	0.2	0	0
GACTGAGCTCATGGAG-1	1	37	113	30952	23970	tumor_like	medium	1	1	0	0	0	0	0	0	0	0	0	0
GACTGAGGAAGGTATC-1	1	9	21	21696	19197	endothelial	medium	0	0	0	0	0	0	0	0	0	0	0	0
GACTGAGTACAAGAGG-1	1	111	127	32463	36780	tumor_like	medium	1	1	8	1	0	0	3	0	4	0.8	1	1
GACTGAGTATGCCGGC-1	1	76	108	30509	30733	tumor_like	medium	1	1	48	0	0	0	2	0	2	0.4	0	0
GACTGATATTGTGACG-1	1	19	61	25717	20895	tumor_like	medium	1	1	0	0	0	0	0	0	0	0	0	0
GACTGATTAACCACAA-1	1	7	49	24498	18826	tumor_like	medium	1	1	1	0	0	0	1	0	1	0.2	0	0
GACTGCAAGCTGGACA-1	1	101	161	35854	35018	tumor_like	medium	1	1	38	4	0	0	9	0	13	2.6	1	4
GACTGCGTCTACTGTA-1	1	98	80	27737	34569	tumor_like	medium	1	1	247	9	1	0	21	0	31	6.2	1	9
GACTGCGTGCCATTAC-1	1	81	157	35424	31556	tumor_like	medium	1	1	185	3	1	0	7	1	12	2.4	1	3
GACTGGCTTAAGTGTT-1	1	71	109	30602	29865	tumor_like	medium	1	1	34	2	0	0	5	0	7	1.4	1	2
GACTGTACAAGTGCCG-1	1	65	189	38605	28757	tumor_like	medium	1	1	30	4	1	0	2	0	7	1.4	1	4
GACTGTATCGGTTGCA-1	1	11	199	39527	19392	tumor_like	medium	1	1	19	3	0	0	1	1	5	1	1	3
GACTGTATTGCGAACC-1	1	79	157	35421	31210	tumor_like	medium	1	1	32	2	0	0	7	0	9	1.8	1	2
GACTTAAGCGTGAAGC-1	1	59	65	26177	27823	tumor_like	medium	1	1	16	3	0	0	3	0	6	1.2	1	3
GACTTAATGACAACTC-1	1	118	6	20355	38097	tumor_like	medium	1	1	47	1	0	0	3	0	4	0.8	1	1
GACTTAGGATCTCCAG-1	1	74	100	29705	30393	tumor_like	medium	1	1	72	5	1	0	4	0	10	2	1	5
GACTTGAACAGAGCTA-1	1	45	29	22551	25428	tumor_like	medium	1	1	2	0	0	0	0	0	0	0	0	0
GACTTGACGCACGAAC-1	1	76	214	41125	30642	tumor_like	medium	1	1	25	2	1	0	3	0	6	1.2	1	2
GACTTGACTTAGACGC-1	1	84	204	40136	32037	tumor_like	medium	1	1	23	2	0	0	2	0	4	0.8	1	2
GACTTGAGTGCAGCGT-1	1	89	83	28024	33006	tumor_like	medium	1	1	50	3	0	0	12	0	15	3	1	3
GACTTGCATAGGTAAT-1	1	77	93	29008	30918	tumor_like	medium	1	1	48	1	0	0	4	0	5	1	1	1
GACTTGCGACGGTGGC-1	1	51	113	30973	26396	tumor_like	medium	1	1	46	2	0	1	4	0	7	1.4	1	2
GACTTGGATGAACCTT-1	1	34	194	39060	23382	tumor_like	medium	1	1	0	2	0	1	0	0	3	0.6	0	0
GAGCACATTCGAACGT-1	1	115	115	31267	37483	tumor_like	medium	1	1	34	1	0	0	0	0	1	0.2	1	1
GAGCACCAGACTTATT-1	1	96	0	19721	34290	tumor_like	medium	1	1	148	92	3	1	16	1	113	22.6	1	92
GAGCATCCAGGCTAGA-1	1	68	198	39511	29270	tumor_like	medium	1	1	21	0	0	0	3	0	3	0.6	0	0
GAGCCACTAGTTCGGT-1	1	115	133	33070	37468	tumor_like	medium	1	1	10	2	0	0	2	0	4	0.8	1	2
GAGCCAGGCGATTCCT-1	1	116	112	30968	37660	tumor_like	medium	1	1	22	6	0	0	1	0	7	1.4	1	6
GAGCCATTGACCAGTT-1	1	98	130	32745	34526	tumor_like	medium	1	1	79	20	0	0	11	0	31	6.2	1	20
GAGCCGACGTTGGACG-1	1	67	49	24586	29223	tumor_like	medium	1	1	17	0	0	0	0	0	0	0	0	0
GAGCCGAGACGAACAT-1	1	106	110	30753	35929	tumor_like	medium	1	1	96	10	2	0	14	0	26	5.2	1	10
GAGCCTGTATAGAACA-1	1	6	158	35413	18561	tumor_like	medium	1	1	11	2	0	0	2	0	4	0.8	1	2
GAGCGACATCTGACGC-1	1	84	208	40536	32034	tumor_like	medium	1	1	32	0	0	0	2	0	2	0.4	0	0
GAGCGACGGCTAACCT-1	1	32	124	32046	23095	tumor_like	medium	1	1	44	0	0	0	2	0	2	0.4	0	0
GAGCGACGTCGATTGG-1	1	53	121	31777	26735	tumor_like	medium	1	1	12	5	0	0	2	0	7	1.4	1	5
GAGCGACGTTATACCA-1	1	81	49	24607	31648	tumor_like	medium	1	1	61	0	0	0	11	0	11	2.2	0	0
GAGCGATAGCGAGGTC-1	1	80	114	31116	31421	tumor_like	medium	1	1	8	3	0	0	2	0	5	1	1	3
GAGCGATTAATGGTAA-1	1	122	112	30977	38700	tumor_like	medium	1	1	49	6	0	0	7	0	13	2.6	1	6
GAGCGATTCTTACTTC-1	1	28	174	37048	22359	tumor_like	medium	1	1	15	0	1	0	2	0	3	0.6	0	0
GAGCGGAAGACCAGGA-1	1	78	144	34117	31049	tumor_like	medium	1	1	82	7	0	0	13	0	20	4	1	7
GAGCGGATGCGTGATA-1	1	111	53	25052	36843	tumor_like	medium	1	1	143	8	1	0	32	0	41	8.2	1	8
GAGCGGCACTTACGAG-1	1	91	15	21216	33410	tumor_like	medium	1	1	89	2	0	0	9	0	11	2.2	1	2
GAGCGGCTCCAAGAGT-1	1	12	114	31015	19638	tumor_like	medium	1	1	0	2	0	0	0	0	2	0.4	0	0
GAGCGGCTCCGCTACC-1	1	41	167	36366	24617	tumor_like	medium	1	1	15	3	0	0	7	0	10	2	1	3
GAGCGGTGCTCCGCCA-1	1	70	96	29298	29703	tumor_like	medium	1	1	22	1	0	0	4	0	5	1	1	1
GAGCGTGGACAGACCG-1	1	62	136	33293	28283	tumor_like	medium	1	1	115	12	0	0	7	0	19	3.8	1	12
GAGCTAAGCGACGCGG-1	1	35	197	39362	23552	tumor_like	medium	1	1	8	1	0	0	0	0	1	0.2	1	1
GAGCTAAGTGGCTGAA-1	1	66	82	27890	29022	tumor_like	medium	1	1	8	1	0	0	0	0	1	0.2	1	1
GAGCTACTTCACATCT-1	1	64	222	41909	28556	tumor_like	medium	1	1	91	8	1	0	12	0	21	4.2	1	8
GAGCTAGAGTAGCTGG-1	1	124	90	28777	39065	tumor_like	medium	1	1	11	2	0	0	1	0	3	0.6	1	2
GAGCTATTACCGCCAG-1	1	82	64	26111	31810	tumor_like	medium	1	1	97	3	0	0	14	0	17	3.4	1	3
GAGCTCAGTTCCGCGT-1	1	23	69	26524	21582	tumor_like	medium	1	1	0	0	0	0	0	0	0	0	0	0
GAGCTCCTGCAAGCGA-1	1	110	142	33964	36595	tumor_like	medium	1	1	7	0	0	0	2	0	2	0.4	0	0
GAGCTCTATGGCGGAG-1	1	45	57	25355	25404	tumor_like	medium	1	1	1	0	0	0	1	0	1	0.2	0	0
GAGCTCTATGTAATGC-1	1	71	19	21587	29941	tumor_like	medium	1	1	0	0	0	0	1	0	1	0.2	0	0
GAGCTGGAATCAGCAA-1	1	15	211	40735	20074	tumor_like	medium	1	1	4	0	0	0	1	0	1	0.2	0	0
GAGCTGGTGATCTGCA-1	1	81	99	29615	31606	tumor_like	medium	1	1	35	0	0	0	7	0	7	1.4	0	0
GAGCTTAAGGCTGCAG-1	1	17	43	23912	20564	immune	medium	0	0	0	0	0	0	0	0	0	0	0	0
GAGCTTAGTCTTAGAA-1	1	71	23	21988	29938	tumor_like	medium	1	1	1	0	0	0	0	0	0	0	0	0
GAGCTTCTCACCAATA-1	1	88	46	24317	32865	tumor_like	medium	1	1	97	12	0	0	10	0	22	4.4	1	12
GAGCTTGAGTATCAAC-1	1	56	28	22467	27336	tumor_like	medium	1	1	1	0	0	0	0	0	0	0	0	0
GAGGAACTAATGTAGT-1	1	93	201	39848	33598	tumor_like	medium	1	1	21	2	0	0	4	0	6	1.2	1	2
GAGGAAGCACTCGGAG-1	1	127	49	24675	39619	tumor_like	medium	1	1	268	17	2	0	22	0	41	8.2	1	17
GAGGAAGGCGAGTCGC-1	1	25	171	36743	21841	tumor_like	medium	1	1	9	0	0	0	2	0	2	0.4	0	0
GAGGAAGGTGAACATA-1	1	55	181	37789	27031	tumor_like	medium	1	1	15	4	0	0	3	0	7	1.4	1	4
GAGGAAGGTTATGACT-1	1	65	27	22380	28895	tumor_like	medium	1	1	0	0	0	0	0	0	0	0	0	0
GAGGAATACGAGGACA-1	1	98	162	35950	34499	tumor_like	medium	1	1	67	3	0	0	6	0	9	1.8	1	3
GAGGAATACTCGACGG-1	1	60	82	27881	27983	tumor_like	medium	1	1	45	2	0	0	2	0	4	0.8	1	2
GAGGAATAGTGCATAA-1	1	116	84	28164	37684	tumor_like	medium	1	1	130	10	0	0	15	0	25	5	1	10
GAGGAATCGTCTTGGC-1	1	116	148	34574	37629	tumor_like	medium	1	1	1	0	0	0	0	0	0	0	0	0
GAGGACCATAGGCGGA-1	1	80	212	40931	31337	tumor_like	medium	1	1	49	2	0	0	5	0	7	1.4	1	2
GAGGATGCGATTAACT-1	1	54	96	29274	26931	tumor_like	medium	1	1	44	0	0	0	3	0	3	0.6	0	0
GAGGATGCTCACATCG-1	1	81	101	29815	31604	tumor_like	medium	1	1	47	1	0	0	5	0	6	1.2	1	1
GAGGCCACAGTGGCAG-1	1	77	115	31211	30899	tumor_like	medium	1	1	6	2	0	0	2	0	4	0.8	1	2
GAGGCCACGGCCGAGT-1	1	53	101	29774	26753	tumor_like	medium	1	1	19	3	0	0	5	0	8	1.6	1	3
GAGGCCAGACAGATGA-1	1	43	21	21746	25088	tumor_like	medium	1	1	26	1	0	0	3	0	4	0.8	1	1
GAGGCCATACCTAAGT-1	1	20	222	41844	20932	tumor_like	medium	1	1	1	0	0	0	1	0	1	0.2	0	0
GAGGCCTAGTGATGCT-1	1	96	66	26332	34234	tumor_like	medium	1	1	181	101	3	0	27	0	131	26.2	1	101
GAGGCCTTCTGTTGTC-1	1	126	128	32586	39379	tumor_like	medium	1	1	36	3	0	0	8	0	11	2.2	1	3
GAGGCGACAGAATACA-1	1	92	8	20517	33590	tumor_like	medium	1	1	154	13	1	0	11	0	25	5	1	13
GAGGCGACCATGTTAG-1	1	23	83	27927	21570	tumor_like	medium	1	1	2	0	0	0	0	0	0	0	0	0
GAGGCGCAGGACGTCC-1	1	51	121	31774	26389	tumor_like	medium	1	1	11	1	0	0	1	0	2	0.4	1	1
GAGGCGCTCGGAGCTT-1	1	14	142	33823	19961	tumor_like	medium	1	1	12	0	0	0	1	0	1	0.2	0	0
GAGGCGTCGCGGAATC-1	1	107	125	32257	36089	tumor_like	medium	1	1	19	0	1	0	2	0	3	0.6	0	0
GAGGCGTTACTACGTG-1	1	111	67	26454	36831	tumor_like	medium	1	1	149	8	1	0	21	0	30	6	1	8
GAGGTAGAGTGACAGC-1	1	48	160	35676	25837	tumor_like	medium	1	1	10	5	0	0	1	0	6	1.2	1	5
GAGGTAGATTGTGATA-1	1	9	143	33915	19093	tumor_like	medium	1	1	34	1	0	1	4	0	6	1.2	1	1
GAGGTAGTGAATCCAG-1	1	12	218	41432	19550	tumor_like	medium	1	1	0	1	0	0	0	0	1	0.2	0	0
GAGGTAGTGGACTAAT-1	1	110	156	35366	36583	tumor_like	medium	1	1	0	0	0	0	0	0	0	0	0	0
GAGGTAGTTCATAACA-1	1	25	197	39347	21819	tumor_like	medium	1	1	36	1	0	0	9	0	10	2	1	1
GAGGTATTAATGAGCT-1	1	42	28	22446	24910	tumor_like	medium	1	1	0	0	0	0	0	0	0	0	0	0
GAGGTCACTCGGACGG-1	1	75	129	32611	30541	tumor_like	medium	1	1	59	7	0	0	8	0	15	3	1	7
GAGGTGCCTCACGCTC-1	1	113	45	24254	37197	tumor_like	medium	1	1	221	50	11	0	34	0	95	19	1	50
GAGGTGCGCCTGCGAT-1	1	101	75	27240	35092	tumor_like	medium	1	1	196	86	5	0	33	0	124	24.8	1	86
GAGGTGCGTAGTTCAC-1	1	22	196	39243	21301	tumor_like	medium	1	1	47	1	0	0	8	0	9	1.8	1	1
GAGGTGGCAGCGACAT-1	1	26	108	30435	22069	tumor_like	medium	1	1	1	0	0	0	0	0	0	0	0	0
GAGGTGGCGAGCCGAT-1	1	93	13	21019	33758	tumor_like	medium	1	1	56	4	0	0	7	0	11	2.2	1	4
GAGGTGTAATGAGCCG-1	1	88	120	31728	32802	tumor_like	medium	1	1	66	7	1	0	8	0	16	3.2	1	7
GAGGTGTAGGACAATC-1	1	24	126	32235	21707	tumor_like	medium	1	1	27	7	0	0	3	0	10	2	1	7
GAGGTGTATGGTTCTG-1	1	94	50	24726	33901	tumor_like	medium	1	1	162	51	6	0	17	0	74	14.8	1	51
GAGTAAGATCACAGAT-1	1	3	135	33105	18060	tumor_like	medium	1	1	2	0	0	0	0	0	0	0	0	0
GAGTAAGCCTTCCGCC-1	1	120	78	27569	38382	tumor_like	medium	1	1	44	4	0	0	7	0	11	2.2	1	4
GAGTAATGGATTGCGG-1	1	1	141	33703	17708	tumor_like	medium	1	1	69	4	1	0	6	0	11	2.2	1	4
GAGTAGACGGTGTTCC-1	1	102	152	34954	35200	tumor_like	medium	1	1	14	5	0	0	6	0	11	2.2	1	5
GAGTAGACTATTAACC-1	1	67	45	24186	29226	tumor_like	medium	1	1	8	0	0	0	1	0	1	0.2	0	0
GAGTAGCCGTCTGATA-1	1	61	97	29385	28142	tumor_like	medium	1	1	7	0	0	0	4	0	4	0.8	0	0
GAGTAGGTTGACATAA-1	1	16	218	41437	20243	tumor_like	medium	1	1	0	0	0	0	1	0	1	0.2	0	0
GAGTAGTCAGCCGCTA-1	1	106	74	27148	35960	tumor_like	medium	1	1	141	1	0	0	28	0	29	5.8	1	1
GAGTATAGCGACCGAT-1	1	1	185	38110	17671	tumor_like	medium	1	1	15	0	0	0	1	0	1	0.2	0	0
GAGTATGCGTACCAGC-1	1	86	158	35531	32423	tumor_like	medium	1	1	31	2	1	0	5	0	8	1.6	1	2
GAGTCACGACAACCTT-1	1	85	115	31223	32285	tumor_like	medium	1	1	118	5	0	0	8	0	13	2.6	1	5
GAGTCACGCAGGAGCA-1	1	73	117	31406	30204	tumor_like	medium	1	1	8	0	0	0	3	0	3	0.6	0	0
GAGTCACGTTAAGTAT-1	1	81	53	25008	31645	tumor_like	medium	1	1	68	1	0	0	4	0	5	1	1	1
GAGTCCACGAACTAAC-1	1	97	45	24230	34424	tumor_like	medium	1	1	189	22	1	0	20	0	43	8.6	1	22
GAGTCCACGAGTAGCT-1	1	70	28	22487	29761	tumor_like	medium	1	1	0	0	0	0	0	0	0	0	0	0
GAGTCCGCTACTGCGA-1	1	88	176	37337	32754	tumor_like	medium	1	1	1	1	0	0	1	0	2	0.4	1	1
GAGTCCGTGAAGATTG-1	1	79	101	29812	31258	tumor_like	medium	1	1	35	0	2	0	9	1	12	2.4	0	0
GAGTCCTATGGATCTT-1	1	93	133	33038	33656	tumor_like	medium	1	1	61	1	0	0	9	0	10	2	1	1
GAGTCCTGAGCCGATT-1	1	118	40	23760	38068	tumor_like	medium	1	1	151	9	0	0	28	0	37	7.4	1	9
GAGTCGTTACCTTAAT-1	1	24	46	24222	21776	ambiguous_or_low_signal	low	0	0	0	0	0	0	0	0	0	0	0	0
GAGTCTATGTTAACGA-1	1	31	151	34749	22898	tumor_like	medium	1	1	28	1	0	0	1	0	2	0.4	1	1
GAGTCTCCGGATTAGC-1	1	113	133	33067	37121	tumor_like	medium	1	1	11	0	0	0	2	0	2	0.4	0	0
GAGTCTCGTTGCCAGT-1	1	21	193	38941	21129	tumor_like	medium	1	1	43	1	0	0	15	0	16	3.2	1	1
GAGTCTGGTGCGCTAA-1	1	13	63	25909	19854	tumor_like	medium	1	1	0	0	0	0	0	0	0	0	0	0
GAGTGCAACTACCAGA-1	1	106	0	19736	36023	tumor_like	medium	1	1	29	9	0	0	8	0	17	3.4	1	9
GAGTGCAAGGAATGTT-1	1	127	63	26077	39607	tumor_like	medium	1	1	73	5	1	1	13	0	20	4	1	5
GAGTGCCGACAATAGT-1	1	3	21	21687	18157	tumor_like	medium	1	1	0	0	0	0	0	0	0	0	0	0
GAGTGCCTGTTCGGAG-1	1	62	214	41105	28217	tumor_like	medium	1	1	28	9	2	0	10	0	21	4.2	1	9
GAGTGCCTTACGATGG-1	1	74	222	41924	30289	tumor_like	medium	1	1	87	52	1	0	17	0	70	14	1	52
GAGTGCGATATTAAGA-1	1	93	175	37244	33620	tumor_like	medium	1	1	0	1	0	0	0	0	1	0.2	0	0
GAGTGCGGTCCAACGG-1	1	72	96	29301	30050	tumor_like	medium	1	1	119	0	0	0	1	0	1	0.2	0	0
GAGTGCGGTGTTGATG-1	1	7	145	34113	18745	tumor_like	medium	1	1	42	1	0	1	5	0	7	1.4	1	1
GAGTGCTCTTGGTTGC-1	1	68	30	22685	29413	tumor_like	medium	1	1	0	0	0	0	1	0	1	0.2	0	0
GAGTGCTGAATCCGGA-1	1	89	21	21814	33058	tumor_like	medium	1	1	5	4	0	0	1	0	5	1	1	4
GAGTGCTGACAGCCAA-1	1	89	189	38641	32915	tumor_like	medium	1	1	9	3	0	0	2	0	5	1	1	3
GAGTGGAGACGACCGC-1	1	63	217	41407	28386	tumor_like	medium	1	1	79	64	9	0	15	0	88	17.6	1	64
GAGTTAGCGAACGTTA-1	1	110	76	27354	36651	tumor_like	medium	1	1	171	19	2	0	17	0	38	7.6	1	19
GAGTTAGTTCGGAGGT-1	1	54	156	35284	26880	tumor_like	medium	1	1	3	6	0	0	3	0	9	1.8	1	3
GAGTTATCACGAACTC-1	1	56	88	28476	27284	tumor_like	medium	1	1	12	0	0	0	2	0	2	0.4	0	0
GAGTTATCACTACAGT-1	1	117	97	29468	37845	tumor_like	medium	1	1	41	3	1	1	5	0	10	2	1	3
GAGTTATCGGAGTGGT-1	1	69	215	41215	29428	tumor_like	medium	1	1	8	1	0	0	5	0	6	1.2	1	1
GAGTTCAGAACATACT-1	1	33	31	22733	23347	ambiguous_or_low_signal	low	0	0	0	0	0	0	0	0	0	0	0	0
GAGTTCAGTCGGTCAT-1	1	63	141	33795	28451	tumor_like	medium	1	1	15	4	0	0	2	0	6	1.2	1	4
GAGTTCATTAAGCAGG-1	1	102	120	31749	35228	tumor_like	medium	1	1	32	1	0	1	8	0	10	2	1	1
GAGTTCGGATAATCAG-1	1	52	52	24865	26622	tumor_like	medium	1	1	1	0	0	0	0	0	0	0	0	0
GAGTTGCTGGATAGTG-1	1	83	191	38832	31874	tumor_like	medium	1	1	37	5	0	0	4	0	9	1.8	1	5
GAGTTGTAGATCTTGT-1	1	117	115	31270	37830	tumor_like	medium	1	1	26	4	1	0	2	0	7	1.4	1	4
GATAAGAAGTACGCGG-1	1	121	1	19858	38620	tumor_like	medium	1	1	145	15	0	1	10	0	26	5.2	1	15
GATAAGACCAGTCTAC-1	1	44	190	38674	25118	tumor_like	medium	1	1	10	29	0	1	2	2	34	6.8	1	10
GATAAGACTGGTTCGA-1	1	23	37	23319	21609	ambiguous_or_low_signal	low	0	0	0	0	0	0	0	0	0	0	0	0
GATAAGACTTGACATC-1	1	110	60	25751	36665	tumor_like	medium	1	1	201	13	1	0	21	0	35	7	1	13
GATAAGCAACCTAAGC-1	1	121	57	25467	38572	tumor_like	medium	1	1	174	17	0	0	19	0	36	7.2	1	17
GATAAGGCTGGCTACT-1	1	107	59	25647	36145	tumor_like	medium	1	1	267	13	0	0	45	0	58	11.6	1	13
GATAAGTTACGTCTGG-1	1	44	52	24853	25236	tumor_like	medium	1	1	0	0	0	0	1	0	1	0.2	0	0
GATAAGTTAGCCTTCC-1	1	97	153	35047	34332	tumor_like	medium	1	1	26	17	0	0	11	0	28	5.6	1	17
GATAAGTTCATGGATA-1	1	4	86	28199	18276	ambiguous_or_low_signal	low	0	0	1	0	0	0	0	0	0	0	0	0
GATAATAGGTCACTTC-1	1	27	123	31939	22229	tumor_like	medium	1	1	11	0	0	0	3	0	3	0.6	0	0
GATAATTACTAGGCAC-1	1	3	169	36511	18031	tumor_like	medium	1	1	25	0	0	0	1	0	1	0.2	0	0
GATACTTCGTACAGTT-1	1	97	75	27235	34399	tumor_like	medium	1	1	151	16	2	0	24	0	42	8.4	1	16
GATAGAGTCATCTTAC-1	1	47	175	37176	25650	tumor_like	medium	1	1	5	5	0	0	1	0	6	1.2	1	5
GATAGAGTCGCTGGCA-1	1	33	183	37957	23217	tumor_like	medium	1	1	20	4	0	0	3	0	7	1.4	1	4
GATAGATCGGCAATCG-1	1	116	100	29767	37670	tumor_like	medium	1	1	71	7	0	0	10	0	17	3.4	1	7
GATAGGACCGTCTATT-1	1	75	185	38219	30493	tumor_like	medium	1	1	16	1	1	0	6	0	8	1.6	1	1
GATAGGACGGATACCG-1	1	77	209	40626	30819	tumor_like	medium	1	1	8	0	0	0	2	0	2	0.4	0	0
GATAGGCTATGGTCTT-1	1	98	112	30942	34541	tumor_like	medium	1	1	95	0	0	0	11	0	11	2.2	0	0
GATATCACCGCTGTTG-1	1	85	163	36031	32244	tumor_like	medium	1	1	18	1	1	0	3	0	5	1	1	1
GATATCAGAAGTATTC-1	1	13	155	35123	19776	tumor_like	medium	1	1	10	0	0	0	1	0	1	0.2	0	0
GATATCAGAATGGACG-1	1	115	1	19850	37581	tumor_like	medium	1	1	31	14	0	0	5	0	19	3.8	1	14
GATATCGATGGCGTGG-1	1	101	107	30446	35064	tumor_like	medium	1	1	121	31	5	0	15	0	51	10.2	1	31
GATATGATGCTTCCAC-1	1	44	154	35069	25149	tumor_like	medium	1	1	4	12	0	0	2	0	14	2.8	1	4
GATATGGCGACCGTCT-1	1	67	191	38808	29102	tumor_like	medium	1	1	30	0	0	0	3	0	3	0.6	0	0
GATCAAGATTCTAATA-1	1	121	117	31477	38521	tumor_like	medium	1	1	50	11	0	0	6	0	17	3.4	1	11
GATCACAGGAAGACTA-1	1	1	43	23888	17792	tumor_like	medium	1	1	0	0	0	0	1	0	1	0.2	0	0
GATCACGGTACCTTCG-1	1	84	46	24311	32172	tumor_like	medium	1	1	96	10	0	0	17	0	27	5.4	1	10
GATCACGGTCCAAGAC-1	1	122	116	31378	38696	tumor_like	medium	1	1	61	5	0	0	7	0	12	2.4	1	5
GATCACTCAGCTGAAG-1	1	93	179	37645	33617	tumor_like	medium	1	1	0	0	0	0	1	0	1	0.2	0	0
GATCACTCCGGCCATG-1	1	0	210	40613	17477	tumor_like	medium	1	1	3	0	0	0	0	0	0	0	0	0
GATCACTCGTAGCTAG-1	1	80	64	26108	31463	tumor_like	medium	1	1	60	1	0	0	12	0	13	2.6	1	1
GATCCAAGCCAGGCAA-1	1	76	138	33513	30707	tumor_like	medium	1	1	70	6	0	0	7	0	13	2.6	1	6
GATCCAAGCTAATGCC-1	1	9	213	40926	19033	tumor_like	medium	1	1	1	0	0	0	0	0	0	0	0	0
GATCCAAGTCCTACGC-1	1	32	146	34250	23076	tumor_like	medium	1	1	2	3	0	0	0	0	3	0.6	1	2
GATCCAATGACGTCAG-1	1	113	73	27058	37173	tumor_like	medium	1	1	88	1	0	0	11	0	12	2.4	1	1
GATCCAATTGATGTGG-1	1	115	3	20050	37579	tumor_like	medium	1	1	12	15	1	0	5	0	21	4.2	1	12
GATCCACCGTCCAAGG-1	1	6	18	21391	18681	tumor_like	medium	1	1	0	0	0	0	0	0	0	0	0	0
GATCCACGGTCAGCGA-1	1	88	0	19710	32904	tumor_like	medium	1	1	14	4	0	0	1	0	5	1	1	4
GATCCACGTAGCTGTC-1	1	63	39	23579	28538	tumor_like	medium	1	1	0	0	0	0	0	0	0	0	0	0
GATCCACGTCTATGGT-1	1	92	134	33136	33483	tumor_like	medium	1	1	74	5	0	0	6	0	11	2.2	1	5
GATCCACTACCTGCGG-1	1	30	76	27236	22790	tumor_like	medium	1	1	0	0	0	0	1	0	1	0.2	0	0
GATCCACTCCGGTAAT-1	1	26	62	25828	22108	tumor_like	medium	1	1	0	0	0	0	0	0	0	0	0	0
GATCCACTGTTGCTGT-1	1	54	174	37087	26865	tumor_like	medium	1	1	3	12	0	0	0	0	12	2.4	1	3
GATCCATAATCGCACG-1	1	58	84	28078	27634	tumor_like	medium	1	1	32	0	0	0	6	0	6	1.2	0	0
GATCCATACCACCTAG-1	1	58	162	35891	27568	tumor_like	medium	1	1	10	4	1	0	1	0	6	1.2	1	4
GATCCATCCGCTTCCA-1	1	85	181	37833	32229	tumor_like	medium	1	1	14	10	1	0	1	0	12	2.4	1	10
GATCCGGAACTCAGAT-1	1	99	79	27638	34742	tumor_like	medium	1	1	182	17	0	0	23	0	40	8	1	17
GATCCGGACTATGCCA-1	1	47	149	34572	25672	tumor_like	medium	1	1	7	3	0	0	0	0	3	0.6	1	3
GATCCGGAGTCTGATC-1	1	105	143	34057	35727	tumor_like	medium	1	1	12	1	0	0	3	0	4	0.8	1	1
GATCCGTTATACTTGT-1	1	71	189	38614	29796	tumor_like	medium	1	1	24	7	0	0	5	0	12	2.4	1	7
GATCGCACGCAATCTG-1	1	60	36	23274	28022	tumor_like	medium	1	1	0	0	0	0	0	0	0	0	0	0
GATCGCAGTTACATAC-1	1	54	164	36085	26873	tumor_like	medium	1	1	16	6	0	0	1	0	7	1.4	1	6
GATCGCATAGCTGCAA-1	1	86	190	38736	32396	tumor_like	medium	1	1	18	1	0	0	5	0	6	1.2	1	1
GATCGCTGAATTCAGG-1	1	105	67	26445	35792	tumor_like	medium	1	1	169	15	1	0	24	0	40	8	1	15
GATCGTAACCATCTGA-1	1	119	131	32876	38163	tumor_like	medium	1	1	29	6	2	0	6	0	14	2.8	1	6
GATCGTCACTGCCAGG-1	1	53	73	26969	26776	tumor_like	medium	1	1	8	9	2	0	0	0	11	2.2	1	8
GATCGTCATGGATTGA-1	1	84	164	36129	32071	tumor_like	medium	1	1	13	4	0	0	2	0	6	1.2	1	4
GATCGTGCAGCTTAGT-1	1	58	154	35089	27575	tumor_like	medium	1	1	10	8	0	0	0	0	8	1.6	1	8
GATCGTGCATCCAGCT-1	1	123	5	20262	38963	tumor_like	medium	1	1	30	4	2	0	3	0	9	1.8	1	4
GATCGTGCATTATCGG-1	1	70	78	27495	29719	tumor_like	medium	1	1	43	0	0	0	1	0	1	0.2	0	0
GATCGTGCTATCGTGG-1	1	63	77	27385	28506	tumor_like	medium	1	1	2	1	0	0	1	0	2	0.4	1	1
GATCGTGGATCTACAG-1	1	70	132	32904	29673	tumor_like	medium	1	1	15	1	0	0	0	0	1	0.2	1	1
GATCGTGGCATGACTC-1	1	50	42	23860	26284	tumor_like	medium	1	1	0	0	0	0	0	0	0	0	0	0
GATCGTTGTCAAGAAT-1	1	124	126	32382	39034	tumor_like	medium	1	1	54	1	0	1	1	0	3	0.6	1	1
GATCTTATCAGCTAAG-1	1	57	27	22368	27509	tumor_like	medium	1	1	0	0	0	1	0	0	1	0.2	0	0
GATCTTATCTCCATCA-1	1	84	94	29118	32131	tumor_like	medium	1	1	122	14	1	1	12	0	28	5.6	1	14
GATCTTCATTCGAACC-1	1	51	165	36181	26351	tumor_like	medium	1	1	10	13	0	0	2	0	15	3	1	10
GATCTTCCTATGTATC-1	1	103	79	27644	35435	tumor_like	medium	1	1	144	21	2	0	27	0	50	10	1	21
GATCTTGTCCGATTGG-1	1	86	128	32527	32448	tumor_like	medium	1	1	40	5	0	0	6	0	11	2.2	1	5
GATCTTGTCCTTCGTT-1	1	49	191	38782	25983	tumor_like	medium	1	1	3	1	0	0	1	0	2	0.4	1	1
GATCTTGTGCCGAACA-1	1	117	75	27264	37864	tumor_like	medium	1	1	74	2	1	0	7	0	10	2	1	2
GATGACATGTTCACCA-1	1	99	13	21028	34798	tumor_like	medium	1	1	29	2	0	0	1	0	3	0.6	1	2
GATGACATTCGAAGTG-1	1	73	113	31005	30208	tumor_like	medium	1	1	10	0	0	0	4	0	4	0.8	0	0
GATGACTTAAGTTAAC-1	1	119	53	25064	38229	tumor_like	medium	1	1	144	8	1	0	16	1	26	5.2	1	8
GATGACTTCTGGCGAG-1	1	80	188	38527	31358	tumor_like	medium	1	1	25	2	0	0	6	0	8	1.6	1	2
GATGAGCTATCCGGTT-1	1	7	153	34914	18738	tumor_like	medium	1	1	11	0	0	0	2	0	2	0.4	0	0
GATGAGGCCGGTAGCT-1	1	112	88	28559	36988	tumor_like	medium	1	1	42	2	0	1	7	0	10	2	1	2
GATGAGGTCGCCATCA-1	1	114	114	31166	37312	tumor_like	medium	1	1	61	1	0	0	5	0	6	1.2	1	1
GATGAGGTTAGACAAT-1	1	64	48	24482	28705	tumor_like	medium	1	1	9	0	0	0	0	0	0	0	0	0
GATGAGTCCGCTGTCG-1	1	59	151	34790	27749	tumor_like	medium	1	1	22	0	0	0	3	0	3	0.6	0	0
GATGCCAAGTGAGTTA-1	1	63	111	30790	28477	tumor_like	medium	1	1	102	4	0	0	9	0	13	2.6	1	4
GATGCCAGCACGGATC-1	1	66	70	26688	29032	ambiguous_or_low_signal	low	0	0	36	1	0	0	2	0	3	0.6	1	1
GATGCGGCACGTATAG-1	1	75	219	41625	30464	tumor_like	medium	1	1	73	12	1	0	7	0	20	4	1	12
GATGCGGCATGGTTGT-1	1	108	64	26149	36315	tumor_like	medium	1	1	600	19	2	0	23	0	44	8.8	1	19
GATGCGTTCGTGTATG-1	1	118	120	31773	38000	tumor_like	medium	1	1	31	5	0	0	4	0	9	1.8	1	5
GATGGACATGAAGTGG-1	1	23	73	26925	21578	tumor_like	medium	1	1	2	0	0	0	0	0	0	0	0	0
GATGGACCAACCTCCA-1	1	9	115	31111	19117	tumor_like	medium	1	1	3	1	0	0	0	0	1	0.2	1	1
GATGGACCGTCCATCC-1	1	1	189	38511	17667	tumor_like	medium	1	1	7	2	1	0	3	0	6	1.2	1	2
GATGGACTAAGGCGAT-1	1	59	165	36193	27738	tumor_like	medium	1	1	1	6	1	0	3	0	10	2	1	1
GATGGACTAAGTGACA-1	1	80	110	30715	31424	tumor_like	medium	1	1	74	4	0	0	5	0	9	1.8	1	4
GATGGACTACAGGTAG-1	1	88	90	28724	32827	tumor_like	medium	1	1	107	0	1	0	15	0	16	3.2	0	0
GATGGAGTCCGCGATG-1	1	48	162	35876	25835	tumor_like	medium	1	1	5	4	0	1	2	0	7	1.4	1	4
GATGGATAAGCTCGAT-1	1	66	30	22682	29067	tumor_like	medium	1	1	0	0	0	0	0	0	0	0	0	0
GATGGATGCGTTACTC-1	1	99	199	39657	34639	tumor_like	medium	1	1	8	1	0	1	0	0	2	0.4	1	1
GATGGATGGTTCCGAT-1	1	1	115	31099	17731	tumor_like	medium	1	1	0	3	0	0	0	0	3	0.6	0	0
GATGGATGTTGCATCG-1	1	52	48	24464	26625	tumor_like	medium	1	1	0	0	0	0	0	0	0	0	0	0
GATGGTATTCTTGGTG-1	1	55	107	30378	27094	tumor_like	medium	1	1	171	3	2	0	22	0	27	5.4	1	3
GATGTAAGACTCGTTA-1	1	59	157	35391	27744	tumor_like	medium	1	1	2	11	0	0	0	0	11	2.2	1	2
GATGTAATCATGCCGT-1	1	114	42	23955	37373	tumor_like	medium	1	1	182	54	6	0	33	0	93	18.6	1	54
GATGTACTCCTTGGTA-1	1	108	100	29755	36284	tumor_like	medium	1	1	72	9	2	0	10	0	21	4.2	1	9
GATGTAGGCGTGCGGA-1	1	28	188	38450	22348	tumor_like	medium	1	1	43	3	0	0	2	0	5	1	1	3
GATGTAGTTCCACCTA-1	1	47	117	31367	25699	tumor_like	medium	1	1	11	2	1	0	1	0	4	0.8	1	2
GATGTAGTTGAAGACT-1	1	73	201	39819	30133	tumor_like	medium	1	1	9	1	0	0	1	0	2	0.4	1	1
GATGTTCTGTGCTAGT-1	1	61	101	29786	28139	tumor_like	medium	1	1	58	2	1	0	4	0	7	1.4	1	2
GATGTTCTTAGGACAG-1	1	56	210	40695	27180	tumor_like	medium	1	1	44	2	0	0	4	0	6	1.2	1	2
GATTAAGCCTACTGAG-1	1	69	133	33002	29498	tumor_like	medium	1	1	14	4	0	0	2	0	6	1.2	1	4
GATTAATCGAATCCAA-1	1	25	213	40950	21805	tumor_like	medium	1	1	0	0	0	0	0	0	0	0	0	0
GATTAGTTAATCATTC-1	1	80	120	31717	31416	tumor_like	medium	1	1	17	0	0	0	1	0	1	0.2	0	0
GATTATTCCAACTACC-1	1	91	91	28828	33345	tumor_like	medium	1	1	127	1	0	0	23	0	24	4.8	1	1
GATTCAGCTTAGGCTT-1	1	67	133	32999	29151	tumor_like	medium	1	1	15	1	0	0	2	0	3	0.6	1	1
GATTCAGTGAATCAAT-1	1	78	66	26305	31115	tumor_like	medium	1	1	19	0	0	0	6	0	6	1.2	0	0
GATTCCAACCTTGTTC-1	1	20	204	40041	20948	tumor_like	medium	1	1	2	0	0	0	0	0	0	0	0	0
GATTCCAATAGTGGCG-1	1	92	18	21518	33582	tumor_like	medium	1	1	16	5	0	0	4	1	10	2	1	5
GATTCCATGGAAGTTG-1	1	65	73	26987	28856	tumor_like	medium	1	1	6	1	0	0	1	0	2	0.4	1	1
GATTCCGATCGCGATA-1	1	65	125	32195	28811	tumor_like	medium	1	1	11	4	0	0	3	0	7	1.4	1	4
GATTCCGCAATGGCAA-1	1	40	162	35864	24449	tumor_like	medium	1	1	57	5	1	0	3	0	9	1.8	1	5
GATTCCGCAGTTACGC-1	1	118	80	27766	38034	tumor_like	medium	1	1	53	13	0	0	8	1	22	4.4	1	13
GATTCCGTCTTAGAAG-1	1	65	223	42011	28728	tumor_like	medium	1	1	56	21	3	0	19	0	43	8.6	1	21
GATTCCTACAGCCGGA-1	1	59	207	40399	27702	tumor_like	medium	1	1	36	3	0	0	3	0	6	1.2	1	3
GATTCCTGACGCTGTT-1	1	64	20	21677	28729	tumor_like	medium	1	1	0	0	0	1	0	0	1	0.2	0	0
GATTCCTGCGTACATC-1	1	111	141	33866	36768	tumor_like	medium	1	1	13	0	0	0	2	0	2	0.4	0	0
GATTCCTGGATCATCC-1	1	89	119	31630	32975	tumor_like	medium	1	1	70	16	1	0	9	0	26	5.2	1	16
GATTCCTGGCACGCGG-1	1	42	202	39873	24761	tumor_like	medium	1	1	10	0	0	0	0	0	0	0	0	0
GATTCCTGGCGACAAG-1	1	11	53	24904	19516	tumor_like	medium	1	1	0	0	0	0	0	0	0	0	0	0
GATTCCTTACGTTCAA-1	1	63	41	23779	28536	tumor_like	medium	1	1	1	1	0	0	0	0	1	0.2	1	1
GATTCCTTAGGAGTAT-1	1	65	35	23181	28888	tumor_like	medium	1	1	0	0	0	0	0	0	0	0	0	0
GATTCCTTGGCCTCAC-1	1	36	28	22437	23870	tumor_like	medium	1	1	0	0	0	0	0	0	0	0	0	0
GATTCGCCTTCCGGCA-1	1	68	204	40112	29265	tumor_like	medium	1	1	8	0	0	0	0	0	0	0	0	0
GATTGAAGACATTCGT-1	1	61	125	32189	28118	tumor_like	medium	1	1	38	5	3	0	7	0	15	3	1	5
GATTGAATGCTGCGGA-1	1	109	79	27653	36474	tumor_like	medium	1	1	221	5	1	0	27	0	33	6.6	1	5
GATTGAATTCGTTGCG-1	1	72	182	37914	29977	tumor_like	medium	1	1	33	3	0	0	4	0	7	1.4	1	3
GATTGAGTCGTGGCAC-1	1	2	134	33004	17889	tumor_like	medium	1	1	1	0	0	0	0	0	0	0	0	0
GATTGATACAGAAGGC-1	1	70	126	32303	29678	tumor_like	medium	1	1	46	7	0	0	4	0	11	2.2	1	7
GATTGATTCTTAGTGG-1	1	125	145	34287	39190	ambiguous_or_low_signal	low	0	0	0	0	0	0	0	0	0	0	0	0
GCAACACCGTATGATC-1	1	61	163	35995	28086	tumor_like	medium	1	1	5	7	0	0	0	0	7	1.4	1	5
GCAACACCTACACTGT-1	1	121	17	21461	38607	tumor_like	medium	1	1	20	12	1	0	4	0	17	3.4	1	12
GCAACACTGCGGAGTC-1	1	123	95	29276	38887	tumor_like	medium	1	1	16	7	0	0	6	0	13	2.6	1	7
GCAACAGCATCAGCTC-1	1	93	105	30233	33680	tumor_like	medium	1	1	114	1	0	0	11	0	12	2.4	1	1
GCAACAGCATTACAGG-1	1	64	198	39505	28577	tumor_like	medium	1	1	28	2	0	0	6	0	8	1.6	1	2
GCAACAGTCGGTTAGG-1	1	54	122	31879	26909	tumor_like	medium	1	1	24	4	0	0	3	0	7	1.4	1	4
GCAACATCACTATGGC-1	1	116	62	25961	37703	tumor_like	medium	1	1	233	1	3	0	27	0	31	6.2	1	1
GCAACATCCACGCTCA-1	1	112	76	27357	36998	tumor_like	medium	1	1	214	13	0	0	33	0	46	9.2	1	13
GCAACATGAGGAGTGC-1	1	14	104	30017	19993	tumor_like	medium	1	1	9	4	0	0	2	0	6	1.2	1	4
GCAACATTAACTACAT-1	1	81	129	32619	31580	tumor_like	medium	1	1	91	1	0	0	8	0	9	1.8	1	1
GCAACATTGAGGTTGG-1	1	21	127	32331	21186	tumor_like	medium	1	1	36	29	1	0	10	0	40	8	1	29
GCAACCAAGGAGCAGT-1	1	87	43	24015	32693	tumor_like	medium	1	1	87	8	0	0	17	0	25	5	1	8
GCAACTGAGGTTGAGC-1	1	95	213	41053	33934	tumor_like	medium	1	1	0	0	0	0	0	0	0	0	0	0
GCAACTTAGACACCAA-1	1	122	16	21362	38782	ambiguous_or_low_signal	low	0	0	21	13	0	0	6	0	19	3.8	1	13
GCAACTTAGCAGCTGA-1	1	122	98	29575	38712	tumor_like	medium	1	1	52	1	0	0	6	0	7	1.4	1	1
GCAAGAACGAAGGTTC-1	1	52	184	38085	26509	tumor_like	medium	1	1	11	13	0	0	1	0	14	2.8	1	11
GCAAGAACTATGCTAA-1	1	4	134	33007	18235	tumor_like	medium	1	1	3	0	0	0	2	0	2	0.4	0	0
GCAAGAATCACCGATC-1	1	76	104	30108	30736	tumor_like	medium	1	1	88	11	0	0	14	0	25	5	1	11
GCAAGAATGTCAGTTG-1	1	120	52	24965	38404	tumor_like	medium	1	1	168	16	0	0	16	0	32	6.4	1	16
GCAAGAATTCCGACCG-1	1	83	69	26613	31978	tumor_like	medium	1	1	99	7	0	0	13	0	20	4	1	7
GCAAGACGCAGGTGTC-1	1	103	59	25641	35452	tumor_like	medium	1	1	258	20	3	0	36	0	59	11.8	1	20
GCAAGACGCTCAGACC-1	1	85	77	27417	32318	tumor_like	medium	1	1	105	3	1	0	15	0	19	3.8	1	3
GCAAGAGTGGTCTAGA-1	1	37	131	32755	23955	tumor_like	medium	1	1	9	0	0	0	0	0	0	0	0	0
GCAAGATAGTCGTTCG-1	1	124	142	33985	39021	ambiguous_or_low_signal	low	0	0	4	0	0	0	1	0	1	0.2	0	0
GCAAGATGAAGCGAGG-1	1	58	50	24673	27663	tumor_like	medium	1	1	5	0	0	0	0	0	0	0	0	0
GCAAGCACGATAAGAA-1	1	3	23	21888	18156	tumor_like	medium	1	1	0	0	0	0	0	0	0	0	0	0
GCAAGCAGTGCTAGCC-1	1	106	50	24744	35980	tumor_like	medium	1	1	104	11	3	0	15	0	29	5.8	1	11
GCAAGCTCATTCTTCG-1	1	57	99	29579	27447	tumor_like	medium	1	1	95	1	0	0	5	0	6	1.2	1	1
GCAAGCTCCATACAAG-1	1	16	162	35829	20290	tumor_like	medium	1	1	9	0	0	0	3	0	3	0.6	0	0
GCAAGCTGACGTTACT-1	1	78	158	35520	31037	tumor_like	medium	1	1	32	2	0	0	2	0	4	0.8	1	2
GCAAGGTGGATTATTC-1	1	0	86	28193	17583	tumor_like	medium	1	1	0	0	0	0	0	0	0	0	0	0
GCAAGTCACTAGCAGG-1	1	36	50	24641	23851	tumor_like	medium	1	1	1	0	0	0	0	0	0	0	0	0
GCAAGTCGAAGAGTCG-1	1	86	50	24714	32515	tumor_like	medium	1	1	105	14	1	0	6	0	21	4.2	1	14
GCAAGTCGGCCGACTT-1	1	26	192	38848	21998	tumor_like	medium	1	1	29	0	0	0	4	0	4	0.8	0	0
GCAATCGTCAAGTCGT-1	1	68	116	31298	29340	tumor_like	medium	1	1	2	0	0	0	0	0	0	0	0	0
GCAATCTACCGGAGAA-1	1	109	147	34464	36416	tumor_like	medium	1	1	9	1	0	0	2	0	3	0.6	1	1
GCAATTAGCGAAGCAA-1	1	62	100	29687	28314	tumor_like	medium	1	1	20	1	0	0	2	0	3	0.6	1	1
GCAATTAGGATCGACA-1	1	35	109	30548	23627	tumor_like	medium	1	1	5	0	0	0	0	0	0	0	0	0
GCAATTGAGTCTGCGA-1	1	83	111	30820	31942	tumor_like	medium	1	1	73	4	1	0	10	0	15	3	1	4
GCACAGACAAGAACGC-1	1	101	87	28442	35081	tumor_like	medium	1	1	1055	11	1	0	21	0	33	6.6	1	11
GCACAGACTACACTAC-1	1	109	107	30457	36451	tumor_like	medium	1	1	51	6	1	0	13	0	20	4	1	6
GCACAGCTACGGACAG-1	1	9	141	33715	19094	tumor_like	medium	1	1	144	21	0	0	7	0	28	5.6	1	21
GCACAGCTGGAACCGG-1	1	123	55	25270	38921	tumor_like	medium	1	1	208	22	2	0	14	0	38	7.6	1	22
GCACAGGTCAACAGCT-1	1	71	119	31603	29856	tumor_like	medium	1	1	20	2	1	0	1	0	4	0.8	1	2
GCACAGGTTAGATGGT-1	1	61	197	39401	28057	tumor_like	medium	1	1	13	0	0	0	3	0	3	0.6	0	0
GCACAGTCCACTCCGC-1	1	127	125	32287	39554	tumor_like	medium	1	1	105	15	2	1	18	0	36	7.2	1	15
GCACAGTGACATAGGC-1	1	25	167	36343	21845	tumor_like	medium	1	1	18	1	0	0	2	0	3	0.6	1	1
GCACAGTGAGGCATAG-1	1	101	167	36455	35013	tumor_like	medium	1	1	1	1	0	0	0	0	1	0.2	1	1
GCACAGTGGATAGCCT-1	1	7	143	33912	18746	tumor_like	medium	1	1	49	0	1	0	14	0	15	3	0	0
GCACATGGTACCTCGG-1	1	1	87	28295	17754	tumor_like	medium	1	1	1	0	0	0	1	0	1	0.2	0	0
GCACCACGACAGTGAG-1	1	88	98	29525	32821	tumor_like	medium	1	1	131	4	0	0	18	0	22	4.4	1	4
GCACCAGCGGTAACAG-1	1	46	52	24856	25582	tumor_like	medium	1	1	0	0	0	0	0	0	0	0	0	0
GCACCAGTGCGACACG-1	1	59	31	22772	27852	tumor_like	medium	1	1	0	0	0	0	0	0	0	0	0	0
GCACCGGTTGGAACGG-1	1	107	87	28451	36121	tumor_like	medium	1	1	87	3	0	0	17	0	20	4	1	3
GCACCGTGGTCGCACG-1	1	77	211	40826	30817	tumor_like	medium	1	1	8	0	0	0	7	0	7	1.4	0	0
GCACCTAGCCACTCAA-1	1	9	51	24701	19171	tumor_like	medium	1	1	1	0	0	0	0	0	0	0	0	0
GCACCTATTACAGCCT-1	1	56	154	35086	27228	tumor_like	medium	1	1	12	8	0	0	1	0	9	1.8	1	8
GCACCTTGTTCGGTCT-1	1	127	119	31686	39559	tumor_like	medium	1	1	40	23	0	0	8	1	32	6.4	1	23
GCACGAACAACTGGCC-1	1	35	157	35356	23586	tumor_like	medium	1	1	34	2	0	0	7	0	9	1.8	1	2
GCACGAAGCAAGGCCA-1	1	96	82	27934	34220	tumor_like	medium	1	1	487	21	0	0	37	0	58	11.6	1	21
GCACGACTACAACGCA-1	1	21	199	39542	21124	tumor_like	medium	1	1	8	7	1	0	4	0	12	2.4	1	7
GCACGAGGCGCCGAAT-1	1	93	181	37845	33615	tumor_like	medium	1	1	1	0	0	0	0	0	0	0	0	0
GCACGAGGTTGAGGCG-1	1	83	197	39433	31869	tumor_like	medium	1	1	36	2	1	0	5	0	8	1.6	1	2
GCACGCACTGCTAAGA-1	1	66	222	41912	28903	tumor_like	medium	1	1	22	15	0	0	8	0	23	4.6	1	15
GCACGCCTGTTCCTAT-1	1	68	104	30096	29350	tumor_like	medium	1	1	64	3	0	0	8	0	11	2.2	1	3
GCACGGCGTTCGGCGT-1	1	108	98	29554	36286	tumor_like	medium	1	1	49	5	1	0	6	0	12	2.4	1	5
GCACGGTCGTGGATGC-1	1	6	86	28202	18623	tumor_like	medium	1	1	0	0	0	0	0	0	0	0	0	0
GCACTCATTGTTCCGT-1	1	20	202	39841	20949	tumor_like	medium	1	1	0	0	0	0	0	0	0	0	0	0
GCACTCCAGAGTCTGA-1	1	85	149	34628	32256	tumor_like	medium	1	1	8	2	0	0	7	0	9	1.8	1	2
GCACTCCGGTTGGAAG-1	1	67	189	38608	29103	tumor_like	medium	1	1	31	0	1	0	6	0	7	1.4	0	0
GCACTCCTAGAATGAC-1	1	0	212	40813	17475	tumor_like	medium	1	1	1	1	0	0	0	0	1	0.2	1	1
GCACTCGGCAGCGGCA-1	1	107	149	34661	36068	tumor_like	medium	1	1	5	0	0	0	2	0	2	0.4	0	0
GCACTCTAACGGATGC-1	1	15	65	26112	20199	tumor_like	medium	1	1	0	0	0	0	0	0	0	0	0	0
GCACTCTATTCGGACC-1	1	56	94	29077	27279	tumor_like	medium	1	1	8	0	0	0	1	0	1	0.2	0	0
GCACTCTGAACGAGCT-1	1	36	38	23439	23862	ambiguous_or_low_signal	low	0	0	0	0	0	0	0	0	0	0	0	0
GCACTCTTCATGACTT-1	1	116	72	26962	37694	tumor_like	medium	1	1	55	6	1	0	9	0	16	3.2	1	6
GCACTGCGTAATGAAT-1	1	103	3	20032	35500	tumor_like	medium	1	1	20	2	1	0	5	0	8	1.6	1	2
GCACTGCTCATCCTGT-1	1	78	82	27908	31101	tumor_like	medium	1	1	19	0	0	0	2	0	2	0.4	0	0
GCACTGCTTAGGTCCT-1	1	70	212	40916	29604	tumor_like	medium	1	1	8	1	0	0	0	0	1	0.2	1	1
GCACTGGACGTGTACG-1	1	105	91	28849	35771	tumor_like	medium	1	1	182	16	0	0	18	0	34	6.8	1	16
GCACTGTTAGTGGCAT-1	1	83	93	29017	31957	tumor_like	medium	1	1	118	8	1	0	15	0	24	4.8	1	8
GCACTGTTCTATACCG-1	1	73	77	27399	30238	tumor_like	medium	1	1	14	0	0	0	1	0	1	0.2	0	0
GCACTGTTGGATTGGT-1	1	96	52	24930	34246	tumor_like	medium	1	1	139	108	24	0	16	0	148	29.6	1	108
GCAGACGACACTACTT-1	1	114	46	24355	37370	tumor_like	medium	1	1	203	51	10	0	26	0	87	17.4	1	51
GCAGATACGAGTATAG-1	1	88	88	28523	32829	tumor_like	medium	1	1	67	2	0	0	7	0	9	1.8	1	2
GCAGATACTGCAGAGT-1	1	115	131	32870	37470	tumor_like	medium	1	1	8	0	1	0	6	0	7	1.4	0	0
GCAGATAGTGCCATGC-1	1	31	119	31544	22925	tumor_like	medium	1	1	3	0	0	0	0	0	0	0	0	0
GCAGATCCTCTACATA-1	1	89	139	33633	32958	tumor_like	medium	1	1	34	3	0	0	6	0	9	1.8	1	3
GCAGATCGAACCACGT-1	1	108	58	25548	36320	tumor_like	medium	1	1	165	2	1	0	23	0	26	5.2	1	2
GCAGATCGTAGGTAGT-1	1	109	5	20241	36538	tumor_like	medium	1	1	11	2	0	0	3	0	5	1	1	2
GCAGATTCAATGTTGA-1	1	70	146	34306	29661	tumor_like	medium	1	1	23	1	0	0	4	0	5	1	1	1
GCAGATTCACGCGGCT-1	1	100	62	25937	34931	tumor_like	medium	1	1	587	21	2	0	28	1	52	10.4	1	21
GCAGATTCGCCATATG-1	1	21	49	24518	21252	tumor_like	medium	1	1	0	0	0	0	0	0	0	0	0	0
GCAGCCTGGATATTGG-1	1	74	40	23695	30444	tumor_like	medium	1	1	53	1	0	0	1	0	2	0.4	1	1
GCAGCCTTGGCGAGGT-1	1	22	206	40244	21293	tumor_like	medium	1	1	1	1	0	0	2	0	3	0.6	1	1
GCAGCGATGTCTGCAC-1	1	126	60	25775	39437	tumor_like	medium	1	1	69	2	1	0	18	0	21	4.2	1	2
GCAGCGATTCCAAGTT-1	1	52	134	33077	26552	tumor_like	medium	1	1	14	1	1	0	2	1	5	1	1	1
GCAGCGCAAGTGGTGA-1	1	38	174	37063	24092	tumor_like	medium	1	1	28	9	0	0	5	0	14	2.8	1	9
GCAGGACGCAACGCTC-1	1	18	202	39838	20603	tumor_like	medium	1	1	2	0	0	0	0	0	0	0	0	0
GCAGGCCAATGTGCTG-1	1	16	80	27616	20360	tumor_like	medium	1	1	1	0	0	0	0	0	0	0	0	0
GCAGGCCAATTCCATC-1	1	56	42	23869	27324	tumor_like	medium	1	1	1	0	0	0	0	0	0	0	0	0
GCAGGCCACGGCGTTA-1	1	13	75	27111	19844	tumor_like	medium	1	1	0	0	0	0	0	0	0	0	0	0
GCAGGCCACTTAGACG-1	1	47	159	35574	25663	tumor_like	medium	1	1	13	2	0	0	2	0	4	0.8	1	2
GCAGGCCAGATACGAC-1	1	10	220	41629	19201	tumor_like	medium	1	1	0	0	0	1	0	0	1	0.2	0	0
GCAGGCCATGCTATAG-1	1	79	103	30012	31256	tumor_like	medium	1	1	32	0	0	0	2	0	2	0.4	0	0
GCAGGCTCAGATACAA-1	1	84	100	29719	32126	tumor_like	medium	1	1	90	0	0	0	9	0	9	1.8	0	0
GCAGGCTCAGTGCAAT-1	1	50	156	35278	26187	tumor_like	medium	1	1	9	5	0	0	0	0	5	1	1	5
GCAGGCTCGGCAACGC-1	1	70	184	38112	29628	tumor_like	medium	1	1	37	5	1	0	3	1	10	2	1	5
GCAGGCTGTAATACGC-1	1	56	54	25071	27313	tumor_like	medium	1	1	2	0	0	0	0	0	0	0	0	0
GCAGGTCAATAGCGAC-1	1	39	167	36363	24270	tumor_like	medium	1	1	34	6	0	0	6	0	12	2.4	1	6
GCAGGTCACGTTCCTC-1	1	79	151	34820	31215	tumor_like	medium	1	1	30	6	0	0	2	0	8	1.6	1	6
GCAGTAAGCAGATTAA-1	1	82	120	31720	31762	tumor_like	medium	1	1	18	2	0	0	4	0	6	1.2	1	2
GCAGTAATCTGCACGG-1	1	22	72	26823	21407	tumor_like	medium	1	1	0	0	0	0	0	0	0	0	0	0
GCAGTAATTACACCGT-1	1	74	218	41523	30292	tumor_like	medium	1	1	24	8	0	0	7	0	15	3	1	8
GCAGTGTTGCTGGTGA-1	1	89	125	32231	32970	tumor_like	medium	1	1	46	2	1	0	9	0	12	2.4	1	2
GCAGTTCGATAGGTTG-1	1	75	99	29606	30566	tumor_like	medium	1	1	37	0	0	0	5	0	5	1	0	0
GCAGTTCGCTTCGCGA-1	1	76	200	39723	30654	tumor_like	medium	1	1	12	0	0	0	2	0	2	0.4	0	0
GCAGTTCTCGCATCTA-1	1	33	105	30145	23284	tumor_like	medium	1	1	0	0	0	0	0	0	0	0	0	0
GCAGTTGGAGTCAACC-1	1	56	84	28076	27288	tumor_like	medium	1	1	33	1	0	0	1	0	2	0.4	1	1
GCATAAGGACATGGTT-1	1	58	144	34088	27583	tumor_like	medium	1	1	40	1	1	0	2	0	4	0.8	1	1
GCATAAGGCATGGCTT-1	1	35	61	25741	23668	tumor_like	medium	1	1	0	0	0	0	0	0	0	0	0	0
GCATAATGGATCTACC-1	1	19	135	33129	20832	tumor_like	medium	1	1	5	2	0	0	5	0	7	1.4	1	2
GCATAGCGCTCAATCA-1	1	5	39	23493	18488	tumor_like	medium	1	1	0	0	0	0	0	0	0	0	0	0
GCATAGTGCCAAGACT-1	1	22	68	26423	21410	tumor_like	medium	1	1	1	0	0	0	0	0	0	0	0	0
GCATGAGTACCAACGA-1	1	44	188	38474	25120	tumor_like	medium	1	1	3	30	0	0	3	0	33	6.6	1	3
GCATGCAAGTTCGCGT-1	1	71	147	34407	29832	tumor_like	medium	1	1	19	2	0	0	3	0	5	1	1	2
GCATGCCGGCATCACC-1	1	100	208	40560	34806	tumor_like	medium	1	1	0	0	0	0	0	0	0	0	0	0
GCATGCCTCGGCTGCC-1	1	106	120	31755	35921	tumor_like	medium	1	1	27	4	0	0	5	0	9	1.8	1	4
GCATGCGTCATCGTCT-1	1	57	207	40396	27355	tumor_like	medium	1	1	13	2	0	0	1	0	3	0.6	1	2
GCATTAATTACGGTTG-1	1	123	43	24068	38931	tumor_like	medium	1	1	180	9	1	0	22	0	32	6.4	1	9
GCATTACCGCTGAATT-1	1	72	94	29101	30052	tumor_like	medium	1	1	25	0	0	0	5	0	5	1	0	0
GCATTGCGAGATGGTG-1	1	38	190	38666	24079	tumor_like	medium	1	1	7	10	0	0	2	0	12	2.4	1	7
GCATTGCGCATCGGCC-1	1	52	172	36883	26520	tumor_like	medium	1	1	5	21	2	1	1	0	25	5	1	5
GCATTGCTAGCAAGTC-1	1	115	107	30466	37490	tumor_like	medium	1	1	21	2	0	0	3	0	5	1	1	2
GCATTGGTGACAACCT-1	1	113	63	26056	37181	tumor_like	medium	1	1	169	77	11	0	21	0	109	21.8	1	77
GCATTGGTTAATGTCC-1	1	75	199	39622	30481	tumor_like	medium	1	1	13	0	0	0	0	0	0	0	0	0
GCATTGTCGAGTATGG-1	1	44	160	35670	25144	tumor_like	medium	1	1	20	4	0	0	4	0	8	1.6	1	4
GCATTGTCTGGTGACA-1	1	65	141	33798	28798	tumor_like	medium	1	1	24	1	2	1	8	0	12	2.4	1	1
GCATTGTCTTATGCTG-1	1	48	104	30067	25885	tumor_like	medium	1	1	8	0	0	0	2	0	2	0.4	0	0
GCATTGTTCGTGCATT-1	1	124	134	33184	39028	tumor_like	medium	1	1	21	8	0	0	4	0	12	2.4	1	8
GCATTGTTGATTCGGC-1	1	77	119	31612	30896	tumor_like	medium	1	1	13	0	0	0	1	0	1	0.2	0	0
GCCAACGGTGAAGCAA-1	1	104	104	30149	35588	tumor_like	medium	1	1	140	15	0	0	10	1	26	5.2	1	15
GCCACCGACGCATTGA-1	1	120	108	30574	38357	tumor_like	medium	1	1	71	11	0	0	15	0	26	5.2	1	11
GCCACGAACCTACACT-1	1	2	166	36209	17861	tumor_like	medium	1	1	28	0	0	0	2	0	2	0.4	0	0
GCCACGAATTAGTTGT-1	1	58	130	32686	27595	tumor_like	medium	1	1	26	3	0	0	4	0	7	1.4	1	3
GCCACGAGCAGAGCGG-1	1	93	53	25025	33724	tumor_like	medium	1	1	169	42	1	0	15	0	58	11.6	1	42
GCCACGAGCAGGAATC-1	1	44	30	22649	25255	tumor_like	medium	1	1	0	0	0	0	0	0	0	0	0	0
GCCACGGCAACGCCAC-1	1	85	151	34829	32255	tumor_like	medium	1	1	12	5	1	0	4	0	10	2	1	5
GCCACGGCTCGCAAGC-1	1	122	6	20361	38790	tumor_like	medium	1	1	24	4	0	0	1	0	5	1	1	4
GCCACGTTCGTCGGTC-1	1	11	207	40328	19385	tumor_like	medium	1	1	4	1	0	0	1	0	2	0.4	1	1
GCCACGTTGGCCAAGT-1	1	81	59	25608	31640	tumor_like	medium	1	1	85	0	1	0	10	1	12	2.4	0	0
GCCACTATCAGCGGTT-1	1	35	131	32752	23608	tumor_like	medium	1	1	16	1	0	0	0	0	1	0.2	1	1
GCCACTATGGTTGGCC-1	1	42	168	36468	24790	tumor_like	medium	1	1	29	10	0	0	4	0	14	2.8	1	10
GCCACTCCTGTAATCT-1	1	86	122	31926	32454	tumor_like	medium	1	1	42	4	0	0	4	0	8	1.6	1	4
GCCACTCCTTCTTAAT-1	1	116	14	21153	37744	tumor_like	medium	1	1	25	17	0	0	6	0	23	4.6	1	17
GCCACTGACCTATGCA-1	1	124	150	34786	39014	tumor_like	medium	1	1	0	0	1	0	0	0	1	0.2	0	0
GCCACTGCAATGAGGC-1	1	100	156	35352	34850	tumor_like	medium	1	1	18	2	0	1	7	0	10	2	1	2
GCCACTGCAGCCTTCC-1	1	76	36	23298	30794	tumor_like	medium	1	1	1	0	0	0	1	0	1	0.2	0	0
GCCACTGCGGCAGCGT-1	1	23	127	32334	21532	tumor_like	medium	1	1	24	14	0	0	3	0	17	3.4	1	14
GCCACTTGCTCCTAAG-1	1	106	144	34159	35900	tumor_like	medium	1	1	7	0	0	0	2	0	2	0.4	0	0
GCCAGAACTTGGTACT-1	1	1	169	36508	17684	tumor_like	medium	1	1	23	1	0	0	2	0	3	0.6	1	1
GCCAGAAGATTGTAAG-1	1	78	90	28709	31095	tumor_like	medium	1	1	89	3	0	1	9	0	13	2.6	1	3
GCCAGAATAATGATGG-1	1	98	96	29339	34555	tumor_like	medium	1	1	235	15	3	0	36	0	54	10.8	1	15
GCCAGAATGCCTAAGT-1	1	24	172	36842	21668	tumor_like	medium	1	1	16	5	0	0	4	1	10	2	1	5
GCCAGACCGGTGCCGT-1	1	40	146	34262	24463	tumor_like	medium	1	1	4	4	1	0	2	1	8	1.6	1	4
GCCAGACGATCTAAGC-1	1	110	62	25952	36663	tumor_like	medium	1	1	218	14	6	0	26	0	46	9.2	1	14
GCCAGAGGATGCGTAC-1	1	49	103	29968	26058	tumor_like	medium	1	1	17	2	0	0	1	0	3	0.6	1	2
GCCAGAGGTGACTCGC-1	1	75	51	24798	30607	tumor_like	medium	1	1	62	1	0	0	15	0	16	3.2	1	1
GCCAGATGCCTGAACC-1	1	38	58	25445	24191	tumor_like	medium	1	1	3	0	0	1	1	0	2	0.4	0	0
GCCAGATGCGCTCGGT-1	1	6	52	24797	18652	tumor_like	medium	1	1	1	0	0	0	0	0	0	0	0	0
GCCAGATTACAGGAAG-1	1	57	47	24371	27492	tumor_like	medium	1	1	2	1	0	0	0	0	1	0.2	1	1
GCCAGATTAGTAGATA-1	1	105	169	36661	35705	tumor_like	medium	1	1	0	0	0	0	0	0	0	0	0	0
GCCAGGCTTGACGCTT-1	1	7	123	31909	18763	tumor_like	medium	1	1	5	5	0	0	1	0	6	1.2	1	5
GCCAGTAGATTCTGTA-1	1	31	109	30543	22934	tumor_like	medium	1	1	1	0	0	0	0	0	0	0	0	0
GCCAGTAGGACCAATA-1	1	66	18	21480	29077	tumor_like	medium	1	1	0	0	0	0	0	0	0	0	0	0
GCCAGTATCTAACAGA-1	1	81	103	30015	31602	tumor_like	medium	1	1	23	2	0	0	5	0	7	1.4	1	2
GCCAGTCAGCAACGCA-1	1	15	207	40334	20078	tumor_like	medium	1	1	3	1	0	0	0	1	2	0.4	1	1
GCCATAAGTTAACACT-1	1	80	78	27510	31451	tumor_like	medium	1	1	24	2	0	0	4	0	6	1.2	1	2
GCCATAATAGCTAGAC-1	1	57	143	33986	27410	tumor_like	medium	1	1	6	1	0	0	0	0	1	0.2	1	1
GCCATAATGTTAGTGC-1	1	40	202	39870	24415	tumor_like	medium	1	1	2	1	0	1	1	0	3	0.6	1	1
GCCATACACGACCAAG-1	1	22	190	38642	21306	tumor_like	medium	1	1	57	16	4	0	6	0	26	5.2	1	16
GCCATAGATCCTTCAA-1	1	14	52	24809	20038	tumor_like	medium	1	1	0	0	0	0	0	0	0	0	0	0
GCCATGAGGATGTTGG-1	1	54	102	29875	26926	tumor_like	medium	1	1	38	4	0	0	9	0	13	2.6	1	4
GCCATTCAGGTAAGCG-1	1	84	170	36730	32066	tumor_like	medium	1	1	9	0	0	0	2	0	2	0.4	0	0
GCCATTCCTCAGCCAT-1	1	2	106	30199	17912	tumor_like	medium	1	1	5	0	0	0	1	0	1	0.2	0	0
GCCATTCTACTGGTCG-1	1	42	152	34865	24804	tumor_like	medium	1	1	1	10	0	0	3	0	13	2.6	1	1
GCCATTGAAGCATCCG-1	1	58	30	22670	27680	tumor_like	medium	1	1	0	1	0	0	0	0	1	0.2	0	0
GCCGAAGAGTGCGAGG-1	1	98	122	31943	34533	tumor_like	medium	1	1	89	40	6	0	9	0	55	11	1	40
GCCGAATAGGTCCGAG-1	1	125	131	32885	39202	tumor_like	medium	1	1	49	1	0	1	13	0	15	3	1	1
GCCGACCTCGCCTAAC-1	1	72	114	31104	30035	tumor_like	medium	1	1	5	1	0	0	3	0	4	0.8	1	1
GCCGACCTGTGATCGA-1	1	67	151	34802	29136	tumor_like	medium	1	1	11	3	0	0	1	0	4	0.8	1	3
GCCGACGTCCGCAACT-1	1	64	40	23680	28712	tumor_like	medium	1	1	1	0	0	0	0	0	0	0	0	0
GCCGAGATCCAAGACG-1	1	28	204	40053	22334	tumor_like	medium	1	1	8	2	0	0	1	0	3	0.6	1	2
GCCGAGATGACGGCCA-1	1	14	82	27813	20012	tumor_like	medium	1	1	0	0	0	0	0	0	0	0	0	0
GCCGAGCTAGAATGCC-1	1	90	216	41346	33066	tumor_like	medium	1	1	148	0	0	0	16	0	16	3.2	0	0
GCCGAGGCGGCAACCT-1	1	3	45	24091	18137	tumor_like	medium	1	1	0	0	0	0	0	0	0	0	0	0
GCCGATGAGGTCTAGC-1	1	22	214	41046	21286	tumor_like	medium	1	1	4	1	0	0	0	0	1	0.2	1	1
GCCGATGATACCGTTG-1	1	121	147	34481	38496	tumor_like	medium	1	1	0	0	0	0	1	0	1	0.2	0	0
GCCGATGCACTAGTCA-1	1	61	77	27382	28159	tumor_like	medium	1	1	0	0	1	0	1	0	2	0.4	0	0
GCCGATGTTCCTAGGA-1	1	81	215	41233	31507	tumor_like	medium	1	1	19	0	0	0	3	0	3	0.6	0	0
GCCGCTAGCATTATCC-1	1	59	129	32587	27768	tumor_like	medium	1	1	25	4	0	0	3	0	7	1.4	1	4
GCCGCTATGGATGAAT-1	1	19	47	24315	20907	tumor_like	medium	1	1	1	0	0	0	0	0	0	0	0	0
GCCGCTGGCTTGACTT-1	1	91	45	24221	33385	tumor_like	medium	1	1	58	14	1	0	13	0	28	5.6	1	14
GCCGCTGTATAGCACG-1	1	17	45	24112	20563	tumor_like	medium	1	1	1	0	0	0	0	0	0	0	0	0
GCCGCTGTATGTGCTG-1	1	86	150	34730	32430	tumor_like	medium	1	1	8	2	1	0	2	0	5	1	1	2
GCCGGCAGACGTTGAG-1	1	117	51	24860	37884	tumor_like	medium	1	1	146	12	0	0	18	1	31	6.2	1	12
GCCGGCAGTTGAGGTG-1	1	4	146	34208	18225	tumor_like	medium	1	1	7	0	0	0	9	0	9	1.8	0	0
GCCGGCATCCGCCTCA-1	1	61	105	30186	28135	tumor_like	medium	1	1	72	3	0	0	2	0	5	1	1	3
GCCGGCATCTCGAATG-1	1	109	157	35465	36408	tumor_like	medium	1	1	0	1	0	0	0	0	1	0.2	0	0
GCCGGCCAGCCATACG-1	1	76	184	38121	30668	tumor_like	medium	1	1	28	2	0	0	4	0	6	1.2	1	2
GCCGGCGTCGGATTCT-1	1	98	66	26335	34581	tumor_like	medium	1	1	196	39	3	0	33	0	75	15	1	39
GCCGGCGTTATGTCCG-1	1	15	205	40134	20080	tumor_like	medium	1	1	3	0	0	1	0	1	2	0.4	0	0
GCCGGCTACCAGTACA-1	1	94	192	38948	33780	tumor_like	medium	1	1	2	0	0	0	1	0	1	0.2	0	0
GCCGGCTGGAGGTAGT-1	1	49	141	33774	26025	tumor_like	medium	1	1	4	0	0	0	0	0	0	0	0	0
GCCGGCTGGTTAAGAT-1	1	2	212	40816	17822	tumor_like	medium	1	1	2	0	0	0	0	0	0	0	0	0
GCCGTAACCGTTCCTC-1	1	9	123	31912	19110	tumor_like	medium	1	1	7	3	0	1	1	0	5	1	1	3
GCCGTACAACTAGTGG-1	1	106	106	30353	35933	tumor_like	medium	1	1	92	24	1	0	12	0	37	7.4	1	24
GCCGTACAGCCTACAG-1	1	4	36	23191	18319	tumor_like	medium	1	1	1	1	0	0	0	0	1	0.2	1	1
GCCGTACAGGACTGAA-1	1	87	163	36034	32591	tumor_like	medium	1	1	30	0	0	0	6	0	6	1.2	0	0
GCCGTACTAGCGACCT-1	1	99	151	34849	34680	tumor_like	medium	1	1	28	6	0	0	6	0	12	2.4	1	6
GCCGTATGTTGCTCCG-1	1	87	153	35032	32599	tumor_like	medium	1	1	12	3	0	0	3	0	6	1.2	1	3
GCCGTATTGAGGACGG-1	1	2	194	39013	17837	tumor_like	medium	1	1	0	0	1	0	1	0	2	0.4	0	0
GCCGTGGTTCCGGATC-1	1	92	72	26927	33536	tumor_like	medium	1	1	96	4	0	0	12	1	17	3.4	1	4
GCCTAACAGCCGATTC-1	1	0	100	29595	17571	tumor_like	medium	1	1	2	2	0	0	0	0	2	0.4	1	2
GCCTAACGACGTTGAC-1	1	78	100	29710	31086	tumor_like	medium	1	1	82	0	0	0	10	0	10	2	0	0
GCCTAATCCTAGTCGT-1	1	96	104	30138	34202	tumor_like	medium	1	1	113	10	1	0	13	0	24	4.8	1	10
GCCTATAGTTGGTATG-1	1	78	108	30512	31079	tumor_like	medium	1	1	39	0	0	0	5	0	5	1	0	0
GCCTATCTTCTACTAG-1	1	80	126	32317	31411	tumor_like	medium	1	1	39	2	0	0	4	1	7	1.4	1	2
GCCTATGACAGTACCT-1	1	50	178	37481	26168	tumor_like	medium	1	1	5	14	1	0	1	0	16	3.2	1	5
GCCTATGATTACCTTC-1	1	63	219	41607	28385	tumor_like	medium	1	1	111	49	3	0	21	0	73	14.6	1	49
GCCTATTGGTAGGCAC-1	1	87	217	41442	32545	tumor_like	medium	1	1	79	0	0	0	10	0	10	2	0	0
GCCTCAGTATACGGAC-1	1	68	208	40513	29261	tumor_like	medium	1	1	8	1	0	0	0	0	1	0.2	1	1
GCCTCATCGCGAATTC-1	1	11	201	39727	19390	tumor_like	medium	1	1	6	4	0	0	0	0	4	0.8	1	4
GCCTCCACCTCATAAT-1	1	119	103	30071	38187	tumor_like	medium	1	1	66	14	0	0	6	0	20	4	1	14
GCCTCCACTTAACGCC-1	1	104	94	29148	35596	tumor_like	medium	1	1	173	19	0	0	15	0	34	6.8	1	19
GCCTCCATAGATGAGG-1	1	109	95	29255	36461	tumor_like	medium	1	1	32	9	1	0	6	0	16	3.2	1	9
GCCTCCGTTATGAGTC-1	1	37	173	36961	23919	tumor_like	medium	1	1	26	2	0	0	5	0	7	1.4	1	2
GCCTCCTTGAAGGAGT-1	1	60	114	31086	27955	tumor_like	medium	1	1	3	2	0	0	3	0	5	1	1	2
GCCTGGAAGACCAAGT-1	1	26	196	39249	21994	tumor_like	medium	1	1	32	0	0	0	9	0	9	1.8	0	0
GCCTGGCATATGACTG-1	1	96	14	21124	34278	tumor_like	medium	1	1	17	0	0	0	2	0	2	0.4	0	0
GCCTGGTATTAGATTC-1	1	99	85	28239	34737	tumor_like	medium	1	1	198	10	3	1	33	0	47	9.4	1	10
GCCTGGTCATCCATTA-1	1	113	129	32667	37125	tumor_like	medium	1	1	12	0	1	0	2	0	3	0.6	0	0
GCCTGGTCCGTGACAG-1	1	22	76	27224	21403	tumor_like	medium	1	1	2	0	0	0	0	0	0	0	0	0
GCCTGGTGTACGGCAG-1	1	108	96	29354	36288	tumor_like	medium	1	1	28	5	2	0	4	0	11	2.2	1	5
GCCTGTCGCCTTGGCG-1	1	75	207	40423	30474	tumor_like	medium	1	1	3	0	0	0	2	0	2	0.4	0	0
GCCTGTGAACGGCATT-1	1	0	124	31999	17551	tumor_like	medium	1	1	3	1	0	0	1	0	2	0.4	1	1
GCCTGTGACATGTAAG-1	1	90	20	21716	33234	tumor_like	medium	1	1	7	0	0	0	1	0	1	0.2	0	0
GCCTGTGAGTACTGGT-1	1	8	56	25200	18995	tumor_like	medium	1	1	0	0	0	0	0	0	0	0	0	0
GCCTGTTGTAATACCT-1	1	119	55	25264	38228	tumor_like	medium	1	1	121	8	3	0	16	0	27	5.4	1	8
GCCTTAACCATCAGAT-1	1	20	78	27421	21055	tumor_like	medium	1	1	0	0	0	0	0	0	0	0	0	0
GCCTTATCAAGATAGC-1	1	80	166	36324	31376	tumor_like	medium	1	1	10	0	0	0	4	0	4	0.8	0	0
GCCTTCACAATAGAGT-1	1	104	98	29549	35593	tumor_like	medium	1	1	111	23	0	0	12	0	35	7	1	23
GCCTTCACTATTAATC-1	1	55	139	33583	27067	tumor_like	medium	1	1	7	1	0	0	2	0	3	0.6	1	1
GCCTTCAGTGCGGTTA-1	1	91	203	40046	33250	tumor_like	medium	1	1	11	0	0	0	0	0	0	0	0	0
GCCTTCGAATCAGCAT-1	1	90	128	32533	33142	tumor_like	medium	1	1	43	0	0	0	5	0	5	1	0	0
GCCTTCGCTCTATGGT-1	1	6	216	41222	18512	tumor_like	medium	1	1	2	0	1	0	0	0	1	0.2	0	0
GCCTTCTGGCGGAATG-1	1	42	56	25250	24886	tumor_like	medium	1	1	1	1	0	0	1	0	2	0.4	1	1
GCCTTGCGCTGTGAAG-1	1	43	173	36970	24958	tumor_like	medium	1	1	29	14	0	0	3	0	17	3.4	1	14
GCCTTGGAAGTCGCTA-1	1	113	3	20047	37232	tumor_like	medium	1	1	19	1	0	0	10	0	11	2.2	1	1
GCCTTGGAGGCTTAGA-1	1	121	97	29473	38538	tumor_like	medium	1	1	36	18	3	0	7	0	28	5.6	1	18
GCGAACAAGATGGTAT-1	1	4	32	22791	18322	tumor_like	medium	1	1	0	0	0	0	0	0	0	0	0	0
GCGAAGACTACCTCTT-1	1	16	124	32023	20323	tumor_like	medium	1	1	17	6	0	0	8	1	15	3	1	6
GCGAAGATCAGAACGA-1	1	83	75	27214	31973	tumor_like	medium	1	1	113	3	1	0	9	0	13	2.6	1	3
GCGAAGCGCACCTGTA-1	1	95	175	37247	33967	ambiguous_or_low_signal	low	0	0	0	0	0	0	0	0	0	0	0	0
GCGAAGCGTCACCGCT-1	1	88	114	31127	32807	tumor_like	medium	1	1	27	3	0	1	4	0	8	1.6	1	3
GCGAAGGCCTTAGACC-1	1	103	123	32051	35397	tumor_like	medium	1	1	23	0	0	0	7	0	7	1.4	0	0
GCGAATACGGAACCGA-1	1	36	166	36259	23752	tumor_like	medium	1	1	38	3	0	0	4	0	7	1.4	1	3
GCGAATAGTAGGCCGA-1	1	125	75	27276	39250	tumor_like	medium	1	1	49	3	0	0	7	0	10	2	1	3
GCGAATAGTGAAGTCC-1	1	51	155	35179	26360	tumor_like	medium	1	1	5	4	0	0	1	0	5	1	1	4
GCGAATCATGACCTCA-1	1	86	188	38536	32397	tumor_like	medium	1	1	16	6	0	1	3	0	10	2	1	6
GCGAATCTGACATGAC-1	1	87	139	33630	32611	tumor_like	medium	1	1	136	3	0	0	8	0	11	2.2	1	3
GCGAATGGCACCAAGT-1	1	86	196	39337	32390	tumor_like	medium	1	1	11	5	0	0	5	0	10	2	1	5
GCGAATGGCAGATACA-1	1	87	127	32428	32622	tumor_like	medium	1	1	45	1	0	0	9	0	10	2	1	1
GCGAATGGCTAACTAT-1	1	79	203	40028	31171	tumor_like	medium	1	1	29	1	0	0	4	0	5	1	1	1
GCGAATTGATGTCCGC-1	1	30	70	26635	22795	tumor_like	medium	1	1	0	0	0	0	0	0	0	0	0	0
GCGAATTGGACAACTC-1	1	66	144	34100	28969	tumor_like	medium	1	1	12	0	0	0	3	0	3	0.6	0	0
GCGACAATAATGCGCA-1	1	72	126	32306	30024	tumor_like	medium	1	1	24	7	0	0	3	0	10	2	1	7
GCGACACCTTCCAGGC-1	1	94	14	21121	33932	tumor_like	medium	1	1	52	1	0	0	5	0	6	1.2	1	1
GCGACATAAGACCAAC-1	1	57	203	39996	27359	tumor_like	medium	1	1	14	2	0	0	2	0	4	0.8	1	2
GCGACCTCAACCATCT-1	1	97	173	37050	34315	tumor_like	medium	1	1	0	0	0	0	0	0	0	0	0	0
GCGACGCAACCGCTCG-1	1	121	133	33079	38508	tumor_like	medium	1	1	20	6	0	0	3	0	9	1.8	1	6
GCGACGTCTATGTAGG-1	1	61	153	34994	28094	tumor_like	medium	1	1	28	2	0	0	5	0	7	1.4	1	2
GCGACGTGCCTTAAGG-1	1	36	126	32253	23787	tumor_like	medium	1	1	8	0	0	0	3	1	4	0.8	0	0
GCGAGCAGCTGCGTAA-1	1	51	123	31974	26387	tumor_like	medium	1	1	8	1	0	0	0	0	1	0.2	1	1
GCGAGCAGGACGTAGG-1	1	107	143	34060	36073	tumor_like	medium	1	1	12	0	0	0	0	0	0	0	0	0
GCGAGCAGGATTCACT-1	1	29	197	39353	22512	tumor_like	medium	1	1	4	1	0	0	0	1	2	0.4	1	1
GCGAGCGATTCCTCAA-1	1	61	87	28383	28151	tumor_like	medium	1	1	25	0	0	0	2	0	2	0.4	0	0
GCGAGCGGCTTGACAT-1	1	106	14	21138	36011	tumor_like	medium	1	1	2	0	0	0	0	0	0	0	0	0
GCGAGTAAGAGCCGGT-1	1	70	128	32503	29676	tumor_like	medium	1	1	27	5	0	0	5	0	10	2	1	5
GCGATAATGAGCAGAC-1	1	2	40	23589	17969	tumor_like	medium	1	1	0	0	0	0	0	0	0	0	0	0
GCGATACCTAGTTCCG-1	1	112	48	24553	37022	tumor_like	medium	1	1	227	9	0	1	23	0	33	6.6	1	9
GCGATACTAGTAGAAG-1	1	7	203	39922	18695	tumor_like	medium	1	1	3	1	0	0	1	0	2	0.4	1	1
GCGATCAGCGGAGCTG-1	1	89	89	28625	33000	tumor_like	medium	1	1	55	1	1	0	11	0	13	2.6	1	1
GCGATCCTGGATACTC-1	1	10	110	30612	19295	tumor_like	medium	1	1	10	2	0	0	2	0	4	0.8	1	2
GCGATCCTTCTGCTAG-1	1	50	62	25863	26267	tumor_like	medium	1	1	1	0	0	0	0	0	0	0	0	0
GCGATGGTTGGTTATT-1	1	119	81	27868	38205	tumor_like	medium	1	1	40	7	5	0	14	0	26	5.2	1	7
GCGATGTATTCCTTAC-1	1	50	110	30671	26226	tumor_like	medium	1	1	22	0	0	0	1	0	1	0.2	0	0
GCGATGTATTGACTTA-1	1	92	66	26326	33541	tumor_like	medium	1	1	103	11	0	0	15	0	26	5.2	1	11
GCGATTACTCGTATCC-1	1	96	174	37149	34142	tumor_like	medium	1	1	0	0	0	0	0	0	0	0	0	0
GCGATTCTGAATCGTT-1	1	78	220	41729	30984	tumor_like	medium	1	1	27	7	0	0	7	0	14	2.8	1	7
GCGATTCTTGGCTTGT-1	1	29	119	31541	22579	tumor_like	medium	1	1	3	1	1	0	3	0	5	1	1	1
GCGATTGAAGTTCGGA-1	1	51	99	29570	26408	tumor_like	medium	1	1	21	0	0	0	4	0	4	0.8	0	0
GCGATTGATATGAATA-1	1	47	153	34973	25669	tumor_like	medium	1	1	4	3	0	0	1	0	4	0.8	1	3
GCGATTGATGAGACAG-1	1	78	54	25103	31125	tumor_like	medium	1	1	81	1	0	0	13	0	14	2.8	1	1
GCGGAAGAATGGATAC-1	1	12	54	25006	19690	tumor_like	medium	1	1	0	0	0	0	0	0	0	0	0	0
GCGGCCACTTGCCTGC-1	1	85	203	40037	32210	tumor_like	medium	1	1	23	2	0	0	1	0	3	0.6	1	2
GCGGCTCGGCATGACT-1	1	63	153	34997	28441	tumor_like	medium	1	1	33	1	1	0	2	0	4	0.8	1	1
GCGGTATTGACAGAAT-1	1	19	111	30725	20853	tumor_like	medium	1	1	24	4	0	0	4	0	8	1.6	1	4
GCGGTCACCGATAGCG-1	1	49	185	38181	25988	tumor_like	medium	1	1	1	10	2	0	3	0	15	3	1	1
GCGGTCATTAGTCCAA-1	1	68	112	30898	29343	tumor_like	medium	1	1	2	0	1	0	0	0	1	0.2	0	0
GCGGTCCGATTATCAC-1	1	1	89	28495	17753	tumor_like	medium	1	1	1	0	0	0	0	0	0	0	0	0
GCGGTCCTACTCGCGA-1	1	118	0	19754	38102	tumor_like	medium	1	1	47	9	0	0	9	0	18	3.6	1	9
GCGGTCGTTAAGATGT-1	1	68	216	41314	29254	tumor_like	medium	1	1	4	4	0	0	1	0	5	1	1	4
GCGGTGAAGAGGTCGG-1	1	57	107	30381	27440	tumor_like	medium	1	1	34	0	0	0	0	0	0	0	0	0
GCGGTGAAGGTCACTG-1	1	100	98	29543	34900	tumor_like	medium	1	1	151	19	0	0	7	0	26	5.2	1	19
GCGGTGGCAGTATTGG-1	1	59	109	30584	27785	tumor_like	medium	1	1	35	1	0	0	5	0	6	1.2	1	1
GCGGTTATCCTGGAGC-1	1	94	208	40551	33766	tumor_like	medium	1	1	2	0	0	0	0	0	0	0	0	0
GCGGTTATCTTCTGCG-1	1	25	105	30133	21898	tumor_like	medium	1	1	0	0	0	0	0	0	0	0	0	0
GCGGTTATGTGATTCT-1	1	22	62	25822	21415	tumor_like	medium	1	1	0	0	0	0	0	0	0	0	0	0
GCGGTTCATAAGCTGG-1	1	103	139	33653	35384	tumor_like	medium	1	1	35	0	0	0	2	0	2	0.4	0	0
GCGGTTCGGTATCGCC-1	1	89	217	41445	32891	tumor_like	medium	1	1	113	0	0	1	13	0	14	2.8	0	0
GCGGTTGGACATTGAG-1	1	92	206	40348	33422	tumor_like	medium	1	1	7	1	0	0	1	0	2	0.4	1	1
GCGGTTGGTGCAAGCC-1	1	77	101	29809	30911	tumor_like	medium	1	1	61	0	0	0	5	0	5	1	0	0
GCGTAACATGTCGTAG-1	1	93	19	21620	33753	tumor_like	medium	1	1	18	0	0	0	2	0	2	0.4	0	0
GCGTAACGGACAGATT-1	1	26	48	24426	22120	tumor_like	medium	1	1	0	0	0	0	0	0	0	0	0	0
GCGTAAGCTGATCGTG-1	1	60	50	24676	28010	tumor_like	medium	1	1	1	0	0	0	0	0	0	0	0	0
GCGTAAGTCTCCGGTA-1	1	23	77	27326	21575	tumor_like	medium	1	1	0	0	0	0	1	0	1	0.2	0	0
GCGTAAGTGCAACTTA-1	1	70	44	24090	29748	tumor_like	medium	1	1	7	0	0	0	0	0	0	0	0	0
GCGTAATACTCGAGAT-1	1	58	40	23672	27672	tumor_like	medium	1	1	1	0	0	0	0	0	0	0	0	0
GCGTAATAGCTCCTAC-1	1	36	206	40265	23718	tumor_like	medium	1	1	1	0	0	0	0	0	0	0	0	0
GCGTAATGTCAACCTG-1	1	46	176	37275	25477	tumor_like	medium	1	1	10	17	2	0	1	0	20	4	1	10
GCGTACAGGCGACTTG-1	1	122	142	33982	38674	tumor_like	medium	1	1	0	0	0	0	0	0	0	0	0	0
GCGTACAGTAGGAAGG-1	1	115	71	26861	37521	tumor_like	medium	1	1	61	4	0	0	18	0	22	4.4	1	4
GCGTACAGTATTGTAG-1	1	90	210	40745	33072	tumor_like	medium	1	1	18	1	0	0	3	0	4	0.8	1	1
GCGTACCATGCCAGAT-1	1	31	197	39356	22859	tumor_like	medium	1	1	3	0	0	0	2	0	2	0.4	0	0
GCGTACCGCAAGCGAA-1	1	47	123	31968	25694	tumor_like	medium	1	1	14	4	0	0	1	0	5	1	1	4
GCGTACTGCTTCAGAA-1	1	89	183	38040	32920	tumor_like	medium	1	1	16	0	0	0	2	0	2	0.4	0	0
GCGTAGAATTGGCAGT-1	1	112	0	19745	37063	tumor_like	medium	1	1	49	7	0	0	12	0	19	3.8	1	7
GCGTAGCAATCGGTCC-1	1	19	51	24716	20904	tumor_like	medium	1	1	0	0	0	0	0	0	0	0	0	0
GCGTAGCAGTTAGAAT-1	1	19	217	41342	20762	tumor_like	medium	1	1	1	0	0	1	0	0	1	0.2	0	0
GCGTCAAGAATACGAT-1	1	65	95	29191	28837	tumor_like	medium	1	1	32	0	0	0	1	0	1	0.2	0	0
GCGTCAAGGCGTAGCG-1	1	63	83	27986	28501	tumor_like	medium	1	1	8	0	0	0	0	0	0	0	0	0
GCGTCATCCGCACGGT-1	1	92	14	21118	33585	tumor_like	medium	1	1	59	4	2	0	6	0	12	2.4	1	4
GCGTCCGATATTCGAA-1	1	107	139	33659	36077	tumor_like	medium	1	1	14	2	0	0	1	0	3	0.6	1	2
GCGTCCTCAGCGAACG-1	1	123	109	30678	38875	tumor_like	medium	1	1	33	6	1	0	8	0	15	3	1	6
GCGTCCTCGTCAAGTT-1	1	33	109	30545	23280	tumor_like	medium	1	1	1	0	0	0	0	0	0	0	0	0
GCGTCCTCTAGACTGA-1	1	124	116	31381	39043	tumor_like	medium	1	1	46	7	0	0	5	0	12	2.4	1	7
GCGTCGCATGGACCAT-1	1	28	62	25831	22455	tumor_like	medium	1	1	0	0	0	0	0	0	0	0	0	0
GCGTCGCCGTCTGCAT-1	1	60	164	36094	27913	tumor_like	medium	1	1	3	4	0	0	0	0	4	0.8	1	3
GCGTCGCCTCATGTCA-1	1	100	64	26137	34929	tumor_like	medium	1	1	162	28	5	0	15	0	48	9.6	1	28
GCGTCGGACGGAGGCA-1	1	89	7	20412	33070	tumor_like	medium	1	1	28	11	2	0	3	0	16	3.2	1	11
GCGTCGGCTGCCGACA-1	1	21	131	32731	21182	tumor_like	medium	1	1	13	2	0	0	2	0	4	0.8	1	2
GCGTCGGTATTCGCCG-1	1	66	116	31295	28993	tumor_like	medium	1	1	19	2	0	0	0	0	2	0.4	1	2
GCGTCGGTTCCTACAT-1	1	71	127	32404	29849	tumor_like	medium	1	1	19	4	0	0	6	0	10	2	1	4
GCGTCGGTTGCACGGC-1	1	39	161	35762	24276	tumor_like	medium	1	1	25	2	0	0	3	0	5	1	1	2
GCGTCGTACACTGCCT-1	1	24	174	37042	21666	tumor_like	medium	1	1	5	0	0	0	5	0	5	1	0	0
GCGTCGTAGGTAGTGC-1	1	80	80	27710	31450	tumor_like	medium	1	1	26	1	0	0	2	0	3	0.6	1	1
GCGTCTACCGGACTTA-1	1	45	167	36372	25310	tumor_like	medium	1	1	10	5	0	0	1	0	6	1.2	1	5
GCGTCTATTCCTCATT-1	1	117	117	31471	37828	tumor_like	medium	1	1	38	1	0	0	5	0	6	1.2	1	1
GCGTCTCACGAGTGGT-1	1	65	33	22981	28890	tumor_like	medium	1	1	0	0	0	0	0	0	0	0	0	0
GCGTCTCACGTCTTAC-1	1	75	113	31008	30554	tumor_like	medium	1	1	13	1	0	0	0	0	1	0.2	1	1
GCGTCTCATCTGCGCC-1	1	6	24	21992	18675	tumor_like	medium	1	1	0	0	0	0	0	0	0	0	0	0
GCGTCTCGCCTCAATA-1	1	76	84	28105	30753	tumor_like	medium	1	1	37	1	0	0	3	0	4	0.8	1	1
GCGTCTTCGGACCGGA-1	1	56	204	40094	27185	tumor_like	medium	1	1	11	2	0	0	0	0	2	0.4	1	2
GCGTGCACTCTGAGGC-1	1	62	64	26081	28345	tumor_like	medium	1	1	11	0	1	0	3	0	4	0.8	0	0
GCGTGCCTGGTGTCTA-1	1	60	144	34091	27930	tumor_like	medium	1	1	23	1	0	0	2	0	3	0.6	1	1
GCGTGCGAGTTACTAA-1	1	32	116	31245	23102	tumor_like	medium	1	1	0	0	0	0	0	0	0	0	0	0
GCGTGCTACAGGAATC-1	1	88	18	21512	32889	tumor_like	medium	1	1	71	5	0	0	6	0	11	2.2	1	5
GCGTTCACGTTCACCT-1	1	60	78	27480	27986	ambiguous_or_low_signal	low	0	0	1	1	1	0	0	0	2	0.4	1	1
GCGTTCCGACAGCAGG-1	1	68	28	22484	29415	tumor_like	medium	1	1	0	0	0	0	1	0	1	0.2	0	0
GCGTTCGAAGGCGTTC-1	1	107	9	20639	36188	tumor_like	medium	1	1	1	0	0	0	1	0	1	0.2	0	0
GCGTTCGCGGCAAGCG-1	1	94	128	32538	33835	tumor_like	medium	1	1	50	0	2	0	6	0	8	1.6	0	0
GCGTTCGCTCGAGTAC-1	1	33	207	40361	23197	tumor_like	medium	1	1	1	0	0	0	0	0	0	0	0	0
GCGTTCGTACCTCCGG-1	1	53	115	31176	26741	tumor_like	medium	1	1	41	2	0	0	3	0	5	1	1	2
GCGTTCGTTACGCTTA-1	1	68	222	41915	29249	tumor_like	medium	1	1	22	8	0	0	4	0	12	2.4	1	8
GCGTTCGTTCAAGCCA-1	1	52	154	35081	26535	tumor_like	medium	1	1	5	6	0	0	1	0	7	1.4	1	5
GCGTTCTTATGCAATG-1	1	33	177	37356	23222	tumor_like	medium	1	1	20	7	0	1	5	0	13	2.6	1	7
GCTAACAGACCGTTGT-1	1	36	170	36659	23749	tumor_like	medium	1	1	27	4	0	0	5	0	9	1.8	1	4
GCTAACAGGCAATCAG-1	1	92	178	37543	33445	tumor_like	medium	1	1	1	1	0	0	0	0	1	0.2	1	1
GCTAACAGGCTCACCT-1	1	26	214	41052	21979	tumor_like	medium	1	1	0	0	0	0	0	0	0	0	0	0
GCTAACAGGTCAAGGT-1	1	55	33	22966	27157	tumor_like	medium	1	1	0	0	0	0	0	0	0	0	0	0
GCTAACCAGGCCAAGT-1	1	85	155	35229	32251	tumor_like	medium	1	1	77	1	1	0	5	0	7	1.4	1	1
GCTAACCGAGATTCCA-1	1	7	209	40523	18690	tumor_like	medium	1	1	2	0	0	0	0	0	0	0	0	0
GCTAACCGAGGAGCAT-1	1	28	78	27433	22441	tumor_like	medium	1	1	0	0	0	0	0	0	0	0	0	0
GCTAACCGCACGATCT-1	1	20	76	27221	21057	tumor_like	medium	1	1	0	0	0	0	0	0	0	0	0	0
GCTAACGGATTACACT-1	1	81	187	38429	31531	tumor_like	medium	1	1	30	8	1	0	4	0	13	2.6	1	8
GCTAACGTTAACCGGT-1	1	13	195	39129	19742	tumor_like	medium	1	1	1	0	0	0	0	0	0	0	0	0
GCTACAACGGTCATTA-1	1	1	119	31500	17727	tumor_like	medium	1	1	9	1	0	0	2	0	3	0.6	1	1
GCTACAATGAATGCTA-1	1	64	102	29890	28659	tumor_like	medium	1	1	82	2	1	0	13	0	16	3.2	1	2
GCTACCGAACGGTCAT-1	1	82	166	36327	31723	tumor_like	medium	1	1	10	0	0	0	3	0	3	0.6	0	0
GCTACCGAGTTCCGTA-1	1	93	135	33238	33654	tumor_like	medium	1	1	49	1	1	0	10	0	12	2.4	1	1
GCTACCGTCCGAACGG-1	1	21	201	39742	21123	tumor_like	medium	1	1	0	0	0	0	1	0	1	0.2	0	0
GCTACTTCCGGAATGC-1	1	47	151	34773	25670	tumor_like	medium	1	1	1	2	0	0	1	0	3	0.6	1	1
GCTACTTCGCAGTTCG-1	1	108	4	20140	36366	tumor_like	medium	1	1	3	1	0	0	5	0	6	1.2	1	1
GCTAGGAACCGGTACT-1	1	28	76	27233	22443	tumor_like	medium	1	1	1	0	0	0	0	0	0	0	0	0
GCTAGGCGCTAAGAGG-1	1	55	35	23166	27155	tumor_like	medium	1	1	0	0	0	0	0	0	0	0	0	0
GCTAGTGGATTGCGTT-1	1	28	202	39853	22336	tumor_like	medium	1	1	3	1	0	0	4	0	5	1	1	1
GCTATCATAGTATGAT-1	1	29	61	25732	22628	tumor_like	medium	1	1	0	0	0	0	0	0	0	0	0	0
GCTATCGCTAATTCAA-1	1	53	151	34782	26710	tumor_like	medium	1	1	0	4	0	0	0	0	4	0.8	0	0
GCTATGGCTTCACGAG-1	1	119	147	34478	38149	tumor_like	medium	1	1	3	1	0	0	0	0	1	0.2	1	1
GCTATTAGGTCCGAGG-1	1	107	99	29653	36111	tumor_like	medium	1	1	72	2	0	0	12	0	14	2.8	1	2
GCTCAACCAAGGAGCG-1	1	85	131	32826	32272	tumor_like	medium	1	1	67	3	1	0	3	0	7	1.4	1	3
GCTCAACCGCAATGAC-1	1	26	110	30635	22068	tumor_like	medium	1	1	1	0	0	0	1	0	1	0.2	0	0
GCTCAACCGTGGATAA-1	1	104	138	33555	35559	tumor_like	medium	1	1	32	1	0	0	10	0	11	2.2	1	1
GCTCAACTAGCGGCTT-1	1	100	200	39759	34813	tumor_like	medium	1	1	2	0	0	0	0	0	0	0	0	0
GCTCAAGGACAATAGG-1	1	86	120	31725	32455	tumor_like	medium	1	1	254	3	0	0	5	0	8	1.6	1	3
GCTCAAGTACTACCTT-1	1	101	141	33851	35035	tumor_like	medium	1	1	42	1	0	1	4	0	6	1.2	1	1
GCTCAAGTGAGTGGAC-1	1	104	88	28547	35601	tumor_like	medium	1	1	165	24	2	0	14	0	40	8	1	24
GCTCAATCCGCCATAA-1	1	77	189	38623	30836	tumor_like	medium	1	1	25	3	0	0	2	0	5	1	1	3
GCTCAATCGCAAGTGA-1	1	39	191	38767	24250	tumor_like	medium	1	1	6	11	1	0	0	0	12	2.4	1	6
GCTCACGCGTCTACAT-1	1	83	161	35827	31899	tumor_like	medium	1	1	68	1	0	0	1	1	3	0.6	1	1
GCTCAGCCGTAAGATA-1	1	81	143	34022	31568	tumor_like	medium	1	1	66	9	1	1	6	0	17	3.4	1	9
GCTCAGCTTGCCAGTT-1	1	36	122	31852	23790	tumor_like	medium	1	1	7	1	0	0	2	0	3	0.6	1	1
GCTCAGTATCAAGCAA-1	1	74	142	33911	30357	tumor_like	medium	1	1	30	4	1	0	2	0	7	1.4	1	4
GCTCATACGGCAAGTC-1	1	10	102	29810	19302	tumor_like	medium	1	1	6	1	0	0	0	0	1	0.2	1	1
GCTCATACTAGTTCCA-1	1	88	22	21913	32885	tumor_like	medium	1	1	3	3	0	0	1	0	4	0.8	1	3
GCTCATAGACTCTACG-1	1	115	85	28263	37509	tumor_like	medium	1	1	123	25	0	0	17	0	42	8.4	1	25
GCTCATAGGAGTTGGT-1	1	2	34	22988	17974	tumor_like	medium	1	1	0	0	0	0	0	0	0	0	0	0
GCTCATAGGTCTAGAA-1	1	54	46	24267	26974	ambiguous_or_low_signal	low	0	0	0	0	0	0	0	0	0	0	0	0
GCTCATGAATACTGCA-1	1	125	55	25273	39267	tumor_like	medium	1	1	97	16	1	0	17	0	34	6.8	1	16
GCTCATGTCGACCATT-1	1	94	20	21722	33927	tumor_like	medium	1	1	7	0	0	0	1	0	1	0.2	0	0
GCTCCACGCCGTCATT-1	1	6	154	35013	18565	tumor_like	medium	1	1	11	2	0	0	1	0	3	0.6	1	2
GCTCCGGCACCAACTC-1	1	16	68	26414	20371	tumor_like	medium	1	1	0	0	0	0	0	0	0	0	0	0
GCTCCTCACCGGCTCG-1	1	48	126	32270	25866	tumor_like	medium	1	1	15	4	0	0	1	0	5	1	1	4
GCTCCTCAGTCCTACA-1	1	64	146	34297	28621	tumor_like	medium	1	1	6	0	0	0	0	0	0	0	0	0
GCTCCTGTGCCAGCGA-1	1	16	58	25412	20379	tumor_like	medium	1	1	0	0	0	0	0	0	0	0	0	0
GCTCCTGTGCTCTGGT-1	1	71	47	24392	29917	tumor_like	medium	1	1	10	1	0	0	3	0	4	0.8	1	1
GCTCCTTCACAACTTA-1	1	40	54	25047	24541	tumor_like	medium	1	1	2	0	1	0	0	1	2	0.4	0	0
GCTCGAGTGCCGAGCG-1	1	14	122	31819	19978	tumor_like	medium	1	1	10	0	0	0	3	0	3	0.6	0	0
GCTCGATAGCCAGTTG-1	1	21	195	39141	21128	tumor_like	medium	1	1	31	0	0	0	5	0	5	1	0	0
GCTCGCACCAGGTAAC-1	1	101	195	39259	34989	tumor_like	medium	1	1	1	0	0	0	0	0	0	0	0	0
GCTCGCACGCCTCCTA-1	1	72	92	28900	30053	tumor_like	medium	1	1	21	0	0	0	6	0	6	1.2	0	0
GCTCGCATCTCGGCGT-1	1	68	34	23085	29410	tumor_like	medium	1	1	0	0	0	0	0	0	0	0	0	0
GCTCGCCGCATGCCTA-1	1	51	153	34979	26362	tumor_like	medium	1	1	3	1	0	0	0	0	1	0.2	1	1
GCTCGCGGTCACGTGG-1	1	44	176	37272	25130	tumor_like	medium	1	1	44	5	0	0	10	0	15	3	1	5
GCTCGCGTGCTCCTTG-1	1	116	98	29566	37672	tumor_like	medium	1	1	57	5	0	0	10	0	15	3	1	5
GCTCGCTAATCAAGTT-1	1	74	156	35313	30345	tumor_like	medium	1	1	23	0	0	0	3	0	3	0.6	0	0
GCTCGCTGCCGCGGAA-1	1	53	165	36184	26698	tumor_like	medium	1	1	7	6	0	0	3	0	9	1.8	1	6
GCTCGCTGGATAAGTG-1	1	49	183	37981	25989	tumor_like	medium	1	1	6	7	0	0	2	0	9	1.8	1	6
GCTCGCTGTTCGTCTT-1	1	93	109	30634	33677	tumor_like	medium	1	1	71	3	0	0	9	0	12	2.4	1	3
GCTCGGAGCGATAGGT-1	1	34	40	23636	23513	endothelial	medium	0	0	0	0	0	0	0	0	0	0	0	0
GCTCGTAATGCACCTG-1	1	78	60	25704	31120	tumor_like	medium	1	1	44	1	0	1	14	0	16	3.2	1	1
GCTCGTAGACATGAAG-1	1	82	2	19901	31863	tumor_like	medium	1	1	49	2	0	0	1	0	3	0.6	1	2
GCTCGTAGTGTATGGA-1	1	78	214	41128	30989	tumor_like	medium	1	1	9	4	0	0	3	0	7	1.4	1	4
GCTCGTATAGCGAATC-1	1	106	134	33157	35909	tumor_like	medium	1	1	8	1	0	0	2	0	3	0.6	1	1
GCTCGTCCTGAATACT-1	1	25	57	25326	21938	tumor_like	medium	1	1	0	0	0	0	0	0	0	0	0	0
GCTCGTCTGAAGTTAC-1	1	38	178	37464	24089	tumor_like	medium	1	1	32	6	0	0	4	0	10	2	1	6
GCTCGTGCTCCAAGCA-1	1	42	26	22246	24912	ambiguous_or_low_signal	low	0	0	1	0	0	0	0	0	0	0	0	0
GCTCTATTAACCGATG-1	1	51	147	34378	26367	tumor_like	medium	1	1	3	4	0	0	0	0	4	0.8	1	3
GCTCTGACGACAATAG-1	1	86	192	38937	32394	tumor_like	medium	1	1	31	1	0	0	2	0	3	0.6	1	1
GCTCTGCATCGGTCAG-1	1	107	15	21240	36182	tumor_like	medium	1	1	1	1	2	0	0	0	3	0.6	1	1
GCTCTGGTCGTACGGC-1	1	119	73	27067	38212	tumor_like	medium	1	1	61	6	0	0	9	0	15	3	1	6
GCTCTGGTCTTGCACT-1	1	35	191	38761	23557	tumor_like	medium	1	1	1	1	0	0	2	0	3	0.6	1	1
GCTCTGGTTGAGAAGC-1	1	73	75	27199	30240	tumor_like	medium	1	1	11	1	0	1	2	0	4	0.8	1	1
GCTCTGTCGTACCTCC-1	1	80	196	39328	31351	tumor_like	medium	1	1	21	2	1	0	3	0	6	1.2	1	2
GCTGAACAAGCTCGGA-1	1	75	57	25399	30602	tumor_like	medium	1	1	69	0	0	0	9	1	10	2	0	0
GCTGAAGCGTCTTCCG-1	1	2	120	31601	17901	tumor_like	medium	1	1	5	0	0	1	0	0	1	0.2	0	0
GCTGAAGCTTAATAGA-1	1	63	67	26383	28514	tumor_like	medium	1	1	25	3	0	0	4	0	7	1.4	1	3
GCTGAAGTTAACTCAG-1	1	86	104	30123	32469	tumor_like	medium	1	1	36	0	0	0	5	0	5	1	0	0
GCTGACAATATTCCTC-1	1	22	126	32232	21361	tumor_like	medium	1	1	40	9	1	0	4	0	14	2.8	1	9
GCTGACAGTTAGTATC-1	1	80	186	38327	31359	tumor_like	medium	1	1	16	3	0	0	4	1	8	1.6	1	3
GCTGACCAGATTGGTA-1	1	124	110	30780	39048	tumor_like	medium	1	1	31	7	0	0	6	0	13	2.6	1	7
GCTGACCAGCATAGAC-1	1	75	145	34213	30527	tumor_like	medium	1	1	20	1	0	0	1	0	2	0.4	1	1
GCTGACCAGGTGACCG-1	1	87	105	30225	32640	tumor_like	medium	1	1	48	1	1	0	5	1	8	1.6	1	1
GCTGACGCAGACGGAT-1	1	66	20	21680	29075	tumor_like	medium	1	1	0	0	0	0	0	0	0	0	0	0
GCTGACGCGTTAGCTT-1	1	11	151	34720	19433	tumor_like	medium	1	1	0	0	0	0	0	0	0	0	0	0
GCTGACGCTATGTAGT-1	1	92	106	30332	33507	tumor_like	medium	1	1	39	1	0	0	4	0	5	1	1	1
GCTGACTCTGCGTTAC-1	1	68	44	24087	29401	tumor_like	medium	1	1	7	0	0	0	0	1	1	0.2	0	0
GCTGCGCACCGCAGTT-1	1	67	39	23585	29231	tumor_like	medium	1	1	0	0	0	0	0	0	0	0	0	0
GCTGCGCTTGAGGAAC-1	1	98	74	27136	34574	tumor_like	medium	1	1	206	104	5	0	23	0	132	26.4	1	104
GCTGGAAGACTATCGG-1	1	2	84	27996	17931	tumor_like	medium	1	1	0	1	0	0	0	0	1	0.2	0	0
GCTGGACATTGGACAT-1	1	94	176	37346	33794	tumor_like	medium	1	1	0	0	0	0	0	0	0	0	0	0
GCTGGAGCAGACTTCT-1	1	127	97	29482	39578	tumor_like	medium	1	1	15	7	0	0	10	0	17	3.4	1	7
GCTGGAGGCACGTCAT-1	1	11	143	33918	19439	tumor_like	medium	1	1	16	1	0	0	3	0	4	0.8	1	1
GCTGGTCGCCACTCTA-1	1	82	138	33522	31747	tumor_like	medium	1	1	24	4	0	0	2	1	7	1.4	1	4
GCTGTTATACTCAACA-1	1	73	185	38216	30146	tumor_like	medium	1	1	22	4	0	0	2	0	6	1.2	1	4
GCTGTTATGACATAGT-1	1	97	127	32443	34354	tumor_like	medium	1	1	153	15	1	0	11	0	27	5.4	1	15
GCTGTTATGCTGAGAT-1	1	96	10	20723	34282	tumor_like	medium	1	1	5	0	0	0	1	0	1	0.2	0	0
GCTGTTGAGCTCGAAG-1	1	121	129	32678	38511	tumor_like	medium	1	1	27	5	1	0	1	0	7	1.4	1	5
GCTTACAGCCAACGGT-1	1	74	66	26299	30422	tumor_like	medium	1	1	90	0	0	0	7	0	7	1.4	0	0
GCTTACCTTCAGCTGC-1	1	113	91	28861	37157	tumor_like	medium	1	1	45	4	0	1	5	0	10	2	1	4
GCTTACTGACTGCTAA-1	1	61	191	38800	28062	tumor_like	medium	1	1	14	1	0	0	1	0	2	0.4	1	1
GCTTACTTGGCCAGCG-1	1	108	112	30957	36274	tumor_like	medium	1	1	42	10	0	0	16	0	26	5.2	1	10
GCTTAGCCTGGTATCT-1	1	3	89	28498	18099	tumor_like	medium	1	1	0	0	0	0	0	0	0	0	0	0
GCTTAGCGTTAAGGCG-1	1	108	76	27351	36305	tumor_like	medium	1	1	134	12	0	0	20	0	32	6.4	1	12
GCTTATAATTAATGGT-1	1	90	66	26323	33194	tumor_like	medium	1	1	89	3	0	0	9	0	12	2.4	1	3
GCTTATCCTCGACGGC-1	1	49	113	30970	26049	tumor_like	medium	1	1	51	3	0	0	3	0	6	1.2	1	3
GCTTATGCTTGTAGCA-1	1	3	157	35309	18041	tumor_like	medium	1	1	4	0	0	0	0	0	0	0	0	0
GCTTATGTCTTATGTA-1	1	61	129	32590	28115	tumor_like	medium	1	1	22	7	0	0	3	0	10	2	1	7
GCTTATTGGTCGAAGT-1	1	6	192	38819	18532	tumor_like	medium	1	1	7	2	0	0	3	0	5	1	1	2
GCTTCGATCTATCATG-1	1	20	72	26821	21060	tumor_like	medium	1	1	1	0	0	0	0	0	0	0	0	0
GCTTCGATCTGGATGT-1	1	94	0	19718	33944	tumor_like	medium	1	1	28	57	2	0	7	0	66	13.2	1	28
GCTTCGATGCAATGAT-1	1	23	199	39545	21471	tumor_like	medium	1	1	47	0	0	0	10	0	10	2	0	0
GCTTCGATTGATTACC-1	1	92	58	25525	33548	tumor_like	medium	1	1	117	16	0	0	13	0	29	5.8	1	16
GCTTCGCAATGCTCTA-1	1	101	57	25438	35107	tumor_like	medium	1	1	181	31	5	0	20	0	56	11.2	1	31
GCTTCGCTCAGGTCCA-1	1	103	57	25441	35454	tumor_like	medium	1	1	211	11	1	0	19	0	31	6.2	1	11
GCTTCGGCTGCGCAGG-1	1	93	115	31235	33671	tumor_like	medium	1	1	43	2	1	0	2	0	5	1	1	2
GCTTCGTAACTATCGA-1	1	107	109	30655	36102	tumor_like	medium	1	1	82	2	0	0	6	0	8	1.6	1	2
GCTTCGTAGCGTGGTC-1	1	13	69	26510	19849	tumor_like	medium	1	1	0	0	0	0	0	0	0	0	0	0
GCTTCTAATTCAGCAC-1	1	57	153	34988	27401	tumor_like	medium	1	1	14	3	0	0	1	0	4	0.8	1	3
GCTTCTACAACCTTCT-1	1	47	173	36976	25651	tumor_like	medium	1	1	4	6	0	1	1	0	8	1.6	1	4
GCTTCTACCGGTTAAG-1	1	31	75	27137	22963	tumor_like	medium	1	1	0	0	0	0	0	0	0	0	0	0
GCTTCTACTGAAGTGG-1	1	25	75	27128	21923	tumor_like	medium	1	1	1	0	0	0	0	0	0	0	0	0
GCTTCTCATAAGGTGC-1	1	50	176	37281	26170	tumor_like	medium	1	1	9	10	1	0	2	0	13	2.6	1	9
GCTTCTCATACCAAGA-1	1	1	215	41115	17645	tumor_like	medium	1	1	0	0	0	0	0	0	0	0	0	0
GCTTCTCCACGGATGT-1	1	3	121	31703	18072	tumor_like	medium	1	1	5	4	0	0	1	0	5	1	1	4
GCTTCTCCGCTAGAAT-1	1	52	130	32677	26556	tumor_like	medium	1	1	11	2	0	0	2	0	4	0.8	1	2
GCTTCTCCGTGAGCTG-1	1	17	163	35930	20462	tumor_like	medium	1	1	2	1	0	0	1	0	2	0.4	1	1
GCTTCTTACAGCGACG-1	1	22	180	37640	21315	tumor_like	medium	1	1	26	2	1	0	2	0	5	1	1	2
GCTTGAACCTGTCTTC-1	1	72	210	40719	29953	tumor_like	medium	1	1	6	1	0	0	0	0	1	0.2	1	1
GCTTGAAGTACTGCCT-1	1	10	128	32415	19280	tumor_like	medium	1	1	5	6	0	0	1	0	7	1.4	1	5
GCTTGAAGTCATAAGA-1	1	23	79	27526	21573	tumor_like	medium	1	1	0	0	0	0	1	0	1	0.2	0	0
GCTTGACCGACGTCGC-1	1	114	120	31767	37307	tumor_like	medium	1	1	31	4	0	0	6	0	10	2	1	4
GCTTGATCATCTGGTA-1	1	99	131	32846	34697	tumor_like	medium	1	1	65	26	2	0	8	0	36	7.2	1	26
GCTTGCAACCTAATGT-1	1	1	25	22085	17807	tumor_like	medium	1	1	0	0	0	0	0	0	0	0	0	0
GCTTGCATGTTCCAGA-1	1	39	197	39368	24245	tumor_like	medium	1	1	3	2	1	0	2	0	5	1	1	2
GCTTGCTCGGTAGATA-1	1	4	218	41420	18163	tumor_like	medium	1	1	1	0	0	0	1	0	1	0.2	0	0
GCTTGCTCTGGACCTT-1	1	62	48	24479	28358	tumor_like	medium	1	1	1	0	0	0	0	0	0	0	0	0
GCTTGGATCAACTGCC-1	1	11	115	31114	19463	tumor_like	medium	1	1	3	0	0	1	4	0	5	1	0	0
GCTTGGATGGAGACGA-1	1	122	146	34383	38671	tumor_like	medium	1	1	1	0	0	0	0	0	0	0	0	0
GCTTGGATTAGGAGCG-1	1	47	141	33771	25679	tumor_like	medium	1	1	3	1	0	0	0	0	1	0.2	1	1
GCTTGGATTATCGTGA-1	1	26	106	30235	22071	tumor_like	medium	1	1	0	0	0	0	1	0	1	0.2	0	0
GCTTGGCACTGACGCA-1	1	79	57	25405	31295	tumor_like	medium	1	1	70	1	0	1	13	0	15	3	1	1
GCTTGGCAGCATGAAG-1	1	89	159	35636	32941	tumor_like	medium	1	1	23	3	0	0	5	0	8	1.6	1	3
GCTTGGCTAACCTAGT-1	1	72	186	38315	29973	tumor_like	medium	1	1	16	7	1	0	3	1	12	2.4	1	7
GCTTGGCTGTTGAGAA-1	1	121	113	31076	38525	tumor_like	medium	1	1	52	6	0	0	24	0	30	6	1	6
GCTTGGTCACGCCGGC-1	1	41	177	37368	24608	tumor_like	medium	1	1	17	2	0	0	1	0	3	0.6	1	2
GCTTGGTCGCGTGCGA-1	1	103	129	32652	35392	tumor_like	medium	1	1	10	2	0	0	4	0	6	1.2	1	2
GCTTGGTCGCTCATCG-1	1	93	157	35442	33636	tumor_like	medium	1	1	26	3	0	0	13	0	16	3.2	1	3
GCTTGGTCTGAGGAAG-1	1	64	130	32695	28635	tumor_like	medium	1	1	30	7	0	0	6	0	13	2.6	1	7
GCTTGGTCTGCTTAGC-1	1	62	198	39502	28230	tumor_like	medium	1	1	9	0	0	0	1	0	1	0.2	0	0
GCTTGGTGAAGACTAT-1	1	94	98	29534	33860	tumor_like	medium	1	1	185	7	1	0	22	0	30	6	1	7
GCTTGGTGCCGTTCAC-1	1	60	86	28282	27979	tumor_like	medium	1	1	30	0	0	0	2	0	2	0.4	0	0
GCTTGGTGGACCGCCA-1	1	20	40	23616	21088	ambiguous_or_low_signal	low	0	0	0	1	0	0	0	0	1	0.2	0	0
GCTTGGTGGAGCTGAG-1	1	92	114	31133	33500	tumor_like	medium	1	1	53	6	0	0	6	0	12	2.4	1	6
GGAACAATTGTACAAC-1	1	69	43	23988	29574	tumor_like	medium	1	1	8	0	0	0	0	0	0	0	0	0
GGAACACGCCGGTGAT-1	1	82	146	34324	31740	tumor_like	medium	1	1	52	7	0	0	6	0	13	2.6	1	7
GGAACCACTCCATATG-1	1	25	61	25726	21935	tumor_like	medium	1	1	0	0	0	0	0	0	0	0	0	0
GGAACTACAGCTCGCA-1	1	68	70	26691	29379	tumor_like	medium	1	1	60	0	0	0	7	0	7	1.4	0	0
GGAACTCGACCAATAA-1	1	23	81	27726	21571	ambiguous_or_low_signal	low	0	0	0	0	0	0	0	0	0	0	0	0
GGAACTCGTGTTCATA-1	1	90	168	36539	33107	tumor_like	medium	1	1	14	0	0	0	2	0	2	0.4	0	0
GGAAGACAATCGCCAT-1	1	93	9	20618	33762	tumor_like	medium	1	1	51	0	0	0	7	0	7	1.4	0	0
GGAAGACACTGCCTCC-1	1	113	115	31264	37137	tumor_like	medium	1	1	31	6	0	0	6	0	12	2.4	1	6
GGAAGCAGTATCAATG-1	1	117	153	35076	37797	tumor_like	medium	1	1	0	0	0	0	0	0	0	0	0	0
GGAAGCGAGTTACGAG-1	1	107	95	29252	36114	tumor_like	medium	1	1	76	7	0	0	12	0	19	3.8	1	7
GGAAGCGTCTCCGGAC-1	1	65	19	21579	28902	tumor_like	medium	1	1	1	0	0	0	0	0	0	0	0	0
GGAAGTCCTCTAGTAC-1	1	79	119	31615	31242	tumor_like	medium	1	1	14	0	0	0	4	0	4	0.8	0	0
GGAAGTCGCCACAATC-1	1	39	139	33559	24294	tumor_like	medium	1	1	6	1	0	1	0	0	2	0.4	1	1
GGAAGTCTCACTTGAC-1	1	113	137	33468	37118	tumor_like	medium	1	1	20	0	0	0	5	0	5	1	0	0
GGAATCAGAAGTTCTT-1	1	100	118	31546	34883	tumor_like	medium	1	1	40	1	0	0	2	0	3	0.6	1	1
GGAATCATGCGATCTG-1	1	126	136	33387	39372	tumor_like	medium	1	1	12	20	1	0	4	0	25	5	1	12
GGAATCCTTGCACCAG-1	1	60	110	30685	27959	tumor_like	medium	1	1	27	2	0	0	7	0	9	1.8	1	2
GGAATCGAACATTCGT-1	1	52	166	36282	26525	tumor_like	medium	1	1	1	2	1	1	2	0	6	1.2	1	1
GGAATCGGCATAAGAC-1	1	1	111	30699	17734	tumor_like	medium	1	1	5	0	0	0	0	0	0	0	0	0
GGAATGAACCAGACTT-1	1	93	153	35041	33639	tumor_like	medium	1	1	30	3	0	0	6	0	9	1.8	1	3
GGAATGAACTGTGACA-1	1	1	193	38911	17664	tumor_like	medium	1	1	4	0	0	0	4	0	4	0.8	0	0
GGAATGAAGGTGTATC-1	1	45	147	34369	25327	tumor_like	medium	1	1	3	2	0	0	1	0	3	0.6	1	2
GGAATGACCGATTCAT-1	1	56	46	24270	27320	tumor_like	medium	1	1	1	0	0	0	0	0	0	0	0	0
GGAATGAGACGGCCGC-1	1	124	48	24570	39101	tumor_like	medium	1	1	182	12	0	0	16	1	29	5.8	1	12
GGAATGAGCTGGCTAG-1	1	114	124	32167	37303	tumor_like	medium	1	1	15	3	0	1	3	0	7	1.4	1	3
GGAATGAGCTTCAAGT-1	1	124	88	28576	39067	tumor_like	medium	1	1	17	4	0	0	1	0	5	1	1	4
GGAATGCGCATTCACT-1	1	34	208	40462	23370	tumor_like	medium	1	1	1	1	0	0	0	0	1	0.2	1	1
GGAATGGCTCGCACCA-1	1	0	98	29395	17573	tumor_like	medium	1	1	1	1	0	0	1	0	2	0.4	1	1
GGAATGGTAACGGCAA-1	1	100	126	32347	34876	tumor_like	medium	1	1	78	28	0	1	7	0	36	7.2	1	28
GGAATGGTATCTCACC-1	1	49	163	35978	26007	tumor_like	medium	1	1	11	3	0	0	1	0	4	0.8	1	3
GGAATGGTTGATGCAG-1	1	47	163	35975	25660	tumor_like	medium	1	1	7	12	1	1	1	0	15	3	1	7
GGAATGTCAGACAAGA-1	1	78	88	28509	31096	tumor_like	medium	1	1	122	4	0	0	13	0	17	3.4	1	4
GGAATGTCGCGTCTAT-1	1	73	189	38617	30143	tumor_like	medium	1	1	29	1	0	0	9	0	10	2	1	1
GGAATTGATTACGTAT-1	1	90	166	36339	33109	tumor_like	medium	1	1	14	2	0	0	4	0	6	1.2	1	2
GGACAGACCGGTACGA-1	1	42	190	38671	24772	tumor_like	medium	1	1	3	12	0	0	1	0	13	2.6	1	3
GGACAGCCTGAGATGA-1	1	78	154	35119	31040	tumor_like	medium	1	1	42	1	0	0	5	0	6	1.2	1	1
GGACAGGTAGGACTTG-1	1	32	168	36453	23058	tumor_like	medium	1	1	50	3	0	0	8	0	11	2.2	1	3
GGACAGTAATGCCTAC-1	1	13	125	32118	19801	tumor_like	medium	1	1	26	8	0	0	3	0	11	2.2	1	8
GGACAGTAGCACAGGA-1	1	119	123	32075	38170	tumor_like	medium	1	1	42	3	0	0	5	0	8	1.6	1	3
GGACAGTCACAATATT-1	1	107	157	35462	36061	tumor_like	medium	1	1	17	1	0	0	1	0	2	0.4	1	1
GGACAGTCATGGTGAG-1	1	42	178	37470	24782	tumor_like	medium	1	1	18	11	1	1	5	0	18	3.6	1	11
GGACAGTGGTTGTCTA-1	1	120	0	19757	38449	tumor_like	medium	1	1	87	13	0	1	6	0	20	4	1	13
GGACCAGTTCAGACAA-1	1	95	87	28434	34042	tumor_like	medium	1	1	180	11	0	0	23	1	35	7	1	11
GGACCGCTCGGCTGCA-1	1	67	115	31197	29166	tumor_like	medium	1	1	11	1	0	0	4	0	5	1	1	1
GGACGACCGGTGATGT-1	1	59	99	29582	27794	tumor_like	medium	1	1	59	2	0	0	6	0	8	1.6	1	2
GGACGCTAGCATCCAT-1	1	89	107	30428	32985	tumor_like	medium	1	1	48	1	0	0	3	0	4	0.8	1	1
GGACGGAATGAATGAA-1	1	1	99	29497	17744	tumor_like	medium	1	1	10	1	0	0	0	0	1	0.2	1	1
GGACGGAATTATGTGC-1	1	5	155	35111	18389	tumor_like	medium	1	1	32	1	0	0	9	0	10	2	1	1
GGACGGACAGCCTATT-1	1	91	163	36040	33284	tumor_like	medium	1	1	42	2	0	1	3	0	6	1.2	1	2
GGACGGATTGTTCCTA-1	1	21	167	36337	21152	tumor_like	medium	1	1	6	0	0	0	2	0	2	0.4	0	0
GGACGGCGCTCCTAAC-1	1	91	165	36240	33282	tumor_like	medium	1	1	20	0	0	0	5	0	5	1	0	0
GGACGTACAGCACCTC-1	1	107	11	20839	36186	tumor_like	medium	1	1	2	1	1	0	2	0	4	0.8	1	1
GGACGTACGGACCGTT-1	1	48	110	30668	25879	tumor_like	medium	1	1	8	0	0	0	0	0	0	0	0	0
GGACGTACGTGCTACG-1	1	19	109	30525	20854	tumor_like	medium	1	1	9	0	0	0	8	0	8	1.6	0	0
GGACGTAGAATTCAAC-1	1	109	113	31058	36445	tumor_like	medium	1	1	109	4	0	0	20	0	24	4.8	1	4
GGACGTGGATAAGGAG-1	1	14	120	31619	19980	tumor_like	medium	1	1	64	2	1	0	5	0	8	1.6	1	2
GGACGTGGATCGCTAC-1	1	31	169	36552	22883	tumor_like	medium	1	1	32	1	0	0	5	0	6	1.2	1	1
GGACGTGGTAGGCATC-1	1	74	202	39921	30306	tumor_like	medium	1	1	50	1	0	0	0	0	1	0.2	1	1
GGACGTTAGAAGATTG-1	1	60	120	31687	27950	tumor_like	medium	1	1	13	2	0	1	0	0	3	0.6	1	2
GGACGTTCACGCGGAG-1	1	95	151	34844	33987	tumor_like	medium	1	1	44	4	0	0	8	0	12	2.4	1	4
GGACGTTCGCTCTGTA-1	1	86	80	27719	32489	tumor_like	medium	1	1	46	5	0	0	6	0	11	2.2	1	5
GGACGTTGTATGCCGA-1	1	95	145	34243	33992	tumor_like	medium	1	1	42	2	0	0	10	0	12	2.4	1	2
GGACTCGAACGGTTCT-1	1	43	55	25152	25059	tumor_like	medium	1	1	1	3	0	0	2	0	5	1	1	1
GGACTCGACCGCGTTG-1	1	59	101	29783	27792	tumor_like	medium	1	1	112	0	0	0	12	0	12	2.4	0	0
GGACTCGCTCGATAGC-1	1	57	137	33385	27415	tumor_like	medium	1	1	38	3	0	0	3	0	6	1.2	1	3
GGACTCGTTGCGGCAT-1	1	100	172	36954	34837	tumor_like	medium	1	1	0	0	0	0	0	0	0	0	0	0
GGACTTCTAAGATGTT-1	1	72	22	21889	30113	tumor_like	medium	1	1	0	0	0	0	0	0	0	0	0	0
GGACTTCTCGACTGGT-1	1	107	113	31055	36099	tumor_like	medium	1	1	226	6	0	1	32	0	39	7.8	1	6
GGACTTCTCGGCATCG-1	1	113	75	27258	37171	tumor_like	medium	1	1	280	10	3	0	52	0	65	13	1	10
GGAGACAAGTGAACAG-1	1	48	176	37278	25823	tumor_like	medium	1	1	12	11	1	0	3	0	15	3	1	11
GGAGACATCTCACCTT-1	1	119	121	31874	38171	tumor_like	medium	1	1	56	2	0	1	6	0	9	1.8	1	2
GGAGACGAGTCAGAGC-1	1	115	135	33271	37466	tumor_like	medium	1	1	10	3	0	0	6	0	9	1.8	1	3
GGAGACTAAGGAGCAC-1	1	88	146	34332	32780	tumor_like	medium	1	1	44	2	0	0	4	0	6	1.2	1	2
GGAGATAATTAGATAG-1	1	127	99	29683	39576	tumor_like	medium	1	1	16	2	0	0	3	0	5	1	1	2
GGAGATCCAATAGGCG-1	1	120	44	24164	38411	tumor_like	medium	1	1	219	21	1	0	19	0	41	8.2	1	21
GGAGATCCGCGTGCGT-1	1	99	147	34449	34684	tumor_like	medium	1	1	22	3	0	0	3	0	6	1.2	1	3
GGAGATCCGTACCGGC-1	1	20	196	39240	20955	tumor_like	medium	1	1	21	3	2	0	2	0	7	1.4	1	3
GGAGATCTTCCTGAAT-1	1	111	99	29659	36804	tumor_like	medium	1	1	37	12	0	0	5	0	17	3.4	1	12
GGAGATGATACGCTGC-1	1	56	68	26473	27301	tumor_like	medium	1	1	16	0	0	0	2	0	2	0.4	0	0
GGAGATGCTACGACAA-1	1	65	145	34198	28794	tumor_like	medium	1	1	31	1	0	0	4	0	5	1	1	1
GGAGATGTCTCATTGA-1	1	101	197	39460	34988	tumor_like	medium	1	1	1	0	0	0	0	0	0	0	0	0
GGAGATTAATAGTACG-1	1	79	111	30814	31249	tumor_like	medium	1	1	59	1	0	0	8	1	10	2	1	1
GGAGATTCCTTATGGC-1	1	67	145	34201	29141	tumor_like	medium	1	1	19	3	0	0	2	0	5	1	1	3
GGAGATTCGCTATTCT-1	1	37	199	39565	23897	tumor_like	medium	1	1	5	0	1	0	0	0	1	0.2	0	0
GGAGCAGTAACAATGA-1	1	111	13	21046	36877	tumor_like	medium	1	1	5	9	0	0	1	0	10	2	1	5
GGAGCAGTGCCTGCCA-1	1	91	141	33836	33303	tumor_like	medium	1	1	82	1	0	0	17	0	18	3.6	1	1
GGAGCATCTGAGCTAG-1	1	100	140	33749	34864	tumor_like	medium	1	1	45	1	0	0	4	0	5	1	1	1
GGAGCCGGCGACATAA-1	1	31	191	38755	22864	tumor_like	medium	1	1	9	0	0	0	2	1	3	0.6	0	0
GGAGCGAACAGTCAGA-1	1	82	72	26912	31803	tumor_like	medium	1	1	88	3	0	0	10	0	13	2.6	1	3
GGAGCGAATTCTGTAG-1	1	98	164	36150	34497	tumor_like	medium	1	1	37	4	0	0	3	0	7	1.4	1	4
GGAGCGAGCTACTTAC-1	1	83	169	36629	31893	tumor_like	medium	1	1	7	0	0	0	3	0	3	0.6	0	0
GGAGCGAGTATTGAGT-1	1	58	138	33487	27588	tumor_like	medium	1	1	46	4	0	0	12	0	16	3.2	1	4
GGAGCGTAGCTATCTT-1	1	59	29	22571	27854	tumor_like	medium	1	1	0	0	0	0	0	0	0	0	0	0
GGAGCGTCAGGATATG-1	1	63	195	39203	28405	tumor_like	medium	1	1	18	1	0	0	2	0	3	0.6	1	1
GGAGCGTCTAGACACT-1	1	49	155	35176	26013	tumor_like	medium	1	1	3	1	0	0	2	0	3	0.6	1	1
GGAGCGTGGAATAAGG-1	1	40	180	37667	24434	tumor_like	medium	1	1	32	13	0	0	3	0	16	3.2	1	13
GGAGCGTTATTGGCGA-1	1	95	71	26831	34055	tumor_like	medium	1	1	143	12	2	0	20	0	34	6.8	1	12
GGAGGCCTAGGCCTAA-1	1	7	157	35315	18734	tumor_like	medium	1	1	11	0	0	0	2	0	2	0.4	0	0
GGAGGCTACGTTCTAT-1	1	52	160	35682	26530	tumor_like	medium	1	1	13	4	0	1	3	0	8	1.6	1	4
GGAGGTAATATCATTC-1	1	112	158	35570	36928	tumor_like	medium	1	1	1	0	0	0	0	0	0	0	0	0
GGAGGTATCGTCCAGT-1	1	39	179	37565	24260	tumor_like	medium	1	1	19	6	0	0	4	0	10	2	1	6
GGAGGTATTCCGAATC-1	1	38	140	33658	24121	tumor_like	medium	1	1	2	3	0	0	1	0	4	0.8	1	2
GGAGGTCCATTGCCTG-1	1	18	208	40439	20598	tumor_like	medium	1	1	4	2	0	0	1	0	3	0.6	1	2
GGAGGTGACAAGGTGG-1	1	98	106	30341	34546	tumor_like	medium	1	1	626	67	3	0	50	1	121	24.2	1	67
GGAGGTGAGTTGGACC-1	1	95	171	36847	33970	tumor_like	medium	1	1	0	0	0	0	0	0	0	0	0	0
GGAGGTGCCTATTCGG-1	1	77	195	39224	30831	tumor_like	medium	1	1	56	1	0	0	6	0	7	1.4	1	1
GGAGGTGGCGCCAACA-1	1	55	27	22365	27162	tumor_like	medium	1	1	0	0	0	0	0	0	0	0	0	0
GGAGGTGGTCAAGTTG-1	1	97	19	21626	34446	tumor_like	medium	1	1	8	1	0	0	2	0	3	0.6	1	1
GGAGTCAATCGTAGTG-1	1	96	92	28936	34212	tumor_like	medium	1	1	229	35	1	0	17	0	53	10.6	1	35
GGAGTCTACTGGCTCA-1	1	69	125	32201	29504	tumor_like	medium	1	1	44	4	0	1	2	0	7	1.4	1	4
GGAGTGAGCTGTCCGT-1	1	44	152	34868	25151	tumor_like	medium	1	1	3	7	0	0	3	0	10	2	1	3
GGAGTGGAAGACGGAG-1	1	62	120	31690	28297	tumor_like	medium	1	1	8	2	0	0	5	0	7	1.4	1	2
GGAGTGGACCGGAAGG-1	1	10	146	34217	19264	tumor_like	medium	1	1	16	1	0	0	1	0	2	0.4	1	1
GGATAACAATCAAGAA-1	1	118	74	27165	38039	tumor_like	medium	1	1	155	6	2	0	23	0	31	6.2	1	6
GGATAACGCAGTGAAG-1	1	83	165	36228	31896	tumor_like	medium	1	1	18	0	0	0	2	0	2	0.4	0	0
GGATAACTGGCAATAG-1	1	5	211	40720	18342	tumor_like	medium	1	1	0	0	0	0	1	0	1	0.2	0	0
GGATAAGTCATCGCGA-1	1	77	203	40025	30824	tumor_like	medium	1	1	16	0	0	0	2	0	2	0.4	0	0
GGATAAGTCCAGGATA-1	1	94	52	24927	33899	tumor_like	medium	1	1	221	82	3	0	18	0	103	20.6	1	82
GGATAAGTCGGACGAA-1	1	4	88	28399	18274	tumor_like	medium	1	1	0	0	0	0	0	0	0	0	0	0
GGATAAGTGGAGCTGG-1	1	25	71	26728	21927	tumor_like	medium	1	1	0	0	0	0	1	0	1	0.2	0	0
GGATAAGTTACACGTC-1	1	93	95	29232	33688	tumor_like	medium	1	1	214	3	0	0	23	0	26	5.2	1	3
GGATAATGCTTCGATA-1	1	19	199	39539	20778	tumor_like	medium	1	1	1	0	0	0	0	0	0	0	0	0
GGATAATTGACTAGGC-1	1	97	79	27635	34395	tumor_like	medium	1	1	164	13	0	0	24	0	37	7.4	1	13
GGATACCTGAATAACA-1	1	125	85	28277	39242	tumor_like	medium	1	1	53	14	0	0	12	0	26	5.2	1	14
GGATAGGACTCGTTAG-1	1	51	185	38184	26334	tumor_like	medium	1	1	10	16	2	0	3	0	21	4.2	1	10
GGATAGGCTCCTGCTA-1	1	17	147	34328	20476	tumor_like	medium	1	1	8	0	0	0	3	0	3	0.6	0	0
GGATCGCTGACGTCAG-1	1	46	196	39278	25460	tumor_like	medium	1	1	2	2	0	1	0	0	3	0.6	1	2
GGATCGGAATCGTAGT-1	1	44	32	22850	25253	ambiguous_or_low_signal	low	0	0	0	0	0	0	0	0	0	0	0	0
GGATCGGATGCGGAAG-1	1	122	80	27772	38727	tumor_like	medium	1	1	63	5	2	0	10	0	17	3.4	1	5
GGATCGGCTGCGAGGA-1	1	97	125	32242	34356	tumor_like	medium	1	1	86	25	0	0	11	0	36	7.2	1	25
GGATCTATTATCACAG-1	1	82	56	25309	31817	tumor_like	medium	1	1	71	0	0	0	11	1	12	2.4	0	0
GGATCTGGTCCAGAAT-1	1	39	59	25547	24363	tumor_like	medium	1	1	0	0	0	0	0	0	0	0	0	0
GGATCTTGCGGCATTA-1	1	106	58	25545	35974	tumor_like	medium	1	1	311	6	0	0	25	0	31	6.2	1	6
GGATGCATCGGACCAT-1	1	26	68	26429	22103	tumor_like	medium	1	1	1	0	0	0	0	0	0	0	0	0
GGATGCTAAGATTCAC-1	1	35	207	40364	23543	tumor_like	medium	1	1	3	0	0	0	0	0	0	0	0	0
GGATGCTTGTAACCGC-1	1	11	149	34519	19434	tumor_like	medium	1	1	6	1	0	0	1	0	2	0.4	1	1
GGATGGTCACTCAGTC-1	1	62	118	31490	28298	tumor_like	medium	1	1	13	0	0	0	2	0	2	0.4	0	0
GGATGTGAGTCTAGCA-1	1	112	4	20146	37059	tumor_like	medium	1	1	32	3	0	0	1	0	4	0.8	1	3
GGATTAACAAGTTCAA-1	1	120	96	29372	38367	tumor_like	medium	1	1	69	17	2	0	7	0	26	5.2	1	17
GGATTAGAGTTGCAAT-1	1	46	192	38878	25463	tumor_like	medium	1	1	8	11	1	0	1	0	13	2.6	1	8
GGATTCCGGAAGTATG-1	1	10	158	35419	19254	tumor_like	medium	1	1	15	0	0	0	2	0	2	0.4	0	0
GGATTCCTGCGTTAAT-1	1	56	200	39694	27189	tumor_like	medium	1	1	3	1	0	0	5	0	6	1.2	1	1
GGATTCCTGGAAGAGC-1	1	104	50	24741	35634	tumor_like	medium	1	1	89	12	7	0	13	0	32	6.4	1	12
GGATTCGACATAGGTG-1	1	56	40	23669	27325	tumor_like	medium	1	1	2	0	0	0	0	0	0	0	0	0
GGATTCTTACTGCGAA-1	1	120	66	26367	38393	tumor_like	medium	1	1	119	10	4	0	17	0	31	6.2	1	10
GGATTCTTGGAGCACT-1	1	86	102	29923	32471	tumor_like	medium	1	1	82	1	0	0	18	0	19	3.8	1	1
GGCAACCATTCAGCCG-1	1	62	106	30288	28309	tumor_like	medium	1	1	116	18	1	1	12	0	32	6.4	1	18
GGCAAGATGATTCAAC-1	1	54	144	34082	26890	tumor_like	medium	1	1	17	0	0	0	0	0	0	0	0	0
GGCAATACCTTCAGAA-1	1	72	124	32105	30026	tumor_like	medium	1	1	36	2	0	0	0	0	2	0.4	1	2
GGCAATCGATTGTTGA-1	1	96	90	28735	34214	tumor_like	medium	1	1	160	15	1	0	18	0	34	6.8	1	15
GGCAATCGGCCGAAGA-1	1	111	5	20244	36884	tumor_like	medium	1	1	27	0	0	0	2	0	2	0.4	0	0
GGCAATCGTCACATGG-1	1	21	37	23317	21262	stroma_fibroblast	medium	0	0	0	0	0	0	0	0	0	0	0	0
GGCAATGCATCAGCAT-1	1	6	160	35614	18559	tumor_like	medium	1	1	18	0	0	0	3	0	3	0.6	0	0
GGCAATGGTCACTGTC-1	1	92	180	37744	33444	tumor_like	medium	1	1	0	0	0	0	0	0	0	0	0	0
GGCAATTAATCCTCAC-1	1	65	195	39206	28752	tumor_like	medium	1	1	16	0	0	0	2	0	2	0.4	0	0
GGCAATTAGGAAGCGT-1	1	93	139	33639	33651	tumor_like	medium	1	1	68	2	0	0	8	0	10	2	1	2
GGCAATTATGCGGTTA-1	1	102	98	29546	35246	tumor_like	medium	1	1	210	43	2	0	19	0	64	12.8	1	43
GGCACGATGAACAACC-1	1	8	144	34014	18920	tumor_like	medium	1	1	30	1	0	1	5	0	7	1.4	1	1
GGCACGCCGATTCGTG-1	1	40	194	39069	24422	tumor_like	medium	1	1	0	8	0	1	3	0	12	2.4	0	0
GGCACGGCAAGCTACC-1	1	26	122	31837	22057	tumor_like	medium	1	1	13	0	0	1	2	0	3	0.6	0	0
GGCACTCCTTCCTCGG-1	1	49	167	36378	26003	tumor_like	medium	1	1	3	11	0	0	0	0	11	2.2	1	3
GGCAGCCGACTGATTC-1	1	110	150	34766	36588	tumor_like	medium	1	1	6	0	0	0	4	0	4	0.8	0	0
GGCAGCCGCTCGTCAC-1	1	21	111	30728	21199	tumor_like	medium	1	1	19	4	1	0	6	0	11	2.2	1	4
GGCAGCGTGGCTTCCT-1	1	106	100	29752	35938	tumor_like	medium	1	1	83	8	1	0	13	0	22	4.4	1	8
GGCAGGTTAGCGTGGA-1	1	19	177	37335	20796	tumor_like	medium	1	1	19	2	0	0	2	0	4	0.8	1	2
GGCATACAGGCGTCCA-1	1	93	59	25626	33719	tumor_like	medium	1	1	206	15	0	0	30	0	45	9	1	15
GGCATACAGGTCGAGT-1	1	62	40	23677	28365	tumor_like	medium	1	1	0	0	0	0	1	0	1	0.2	0	0
GGCATACTAAGAACTA-1	1	44	164	36070	25140	tumor_like	medium	1	1	27	5	1	0	1	0	7	1.4	1	5
GGCATACTAGCCGGTT-1	1	35	33	22937	23692	tumor_like	medium	1	1	0	0	0	0	0	0	0	0	0	0
GGCATACTTGGACGCT-1	1	44	64	26055	25226	tumor_like	medium	1	1	0	0	0	1	0	0	1	0.2	0	0
GGCATAGACGGAGTGG-1	1	84	180	37732	32058	tumor_like	medium	1	1	16	6	0	0	5	0	11	2.2	1	6
GGCATAGGAATGCGGT-1	1	28	64	26031	22453	tumor_like	medium	1	1	0	1	0	0	1	0	2	0.4	0	0
GGCATAGGAGTATGAC-1	1	9	163	35919	19076	tumor_like	medium	1	1	6	0	0	0	5	0	5	1	0	0
GGCATAGGTCGGTACT-1	1	15	155	35126	20122	tumor_like	medium	1	1	1	1	0	0	0	0	1	0.2	1	1
GGCATATGGCCAGAAG-1	1	77	145	34216	30873	tumor_like	medium	1	1	29	7	2	0	10	0	19	3.8	1	7
GGCATATTGTATCCTC-1	1	27	107	30336	22242	tumor_like	medium	1	1	0	0	0	0	0	0	0	0	0	0
GGCATCAAGAGTAGCA-1	1	1	45	24088	17790	tumor_like	medium	1	1	0	0	0	0	0	0	0	0	0	0
GGCATCTATCCTGAAC-1	1	110	88	28556	36641	tumor_like	medium	1	1	71	12	1	0	11	0	24	4.8	1	12
GGCATTAAGACGAAGG-1	1	80	100	29713	31433	tumor_like	medium	1	1	54	0	0	0	6	0	6	1.2	0	0
GGCATTCGATACCGAG-1	1	26	104	30034	22073	tumor_like	medium	1	1	0	0	0	0	0	0	0	0	0	0
GGCCAACTATAAGGAT-1	1	119	153	35079	38144	ambiguous_or_low_signal	low	0	0	0	0	0	0	0	0	0	0	0	0
GGCCAACTATTGACAG-1	1	93	125	32237	33663	tumor_like	medium	1	1	264	11	0	0	9	0	20	4	1	11
GGCCAAGATGCTCGCA-1	1	121	81	27871	38552	tumor_like	medium	1	1	43	4	0	0	9	1	14	2.8	1	4
GGCCACCGTCTTAGTA-1	1	87	125	32228	32623	tumor_like	medium	1	1	39	2	0	0	19	0	21	4.2	1	2
GGCCACGGAGACCGAG-1	1	11	45	24103	19523	tumor_like	medium	1	1	0	0	0	0	0	0	0	0	0	0
GGCCATAGTGGTTCAG-1	1	29	77	27335	22614	tumor_like	medium	1	1	0	0	0	0	0	0	0	0	0	0
GGCCATCAGACTTCGG-1	1	23	209	40546	21462	tumor_like	medium	1	1	2	1	0	0	0	0	1	0.2	1	1
GGCCATGGTCGACTAC-1	1	105	171	36861	35703	tumor_like	medium	1	1	0	0	0	0	0	0	0	0	0	0
GGCCGACTAATATGAG-1	1	72	154	35110	30000	tumor_like	medium	1	1	21	0	0	0	3	0	3	0.6	0	0
GGCCGACTCGAGTCAC-1	1	94	190	38748	33782	tumor_like	medium	1	1	0	0	0	0	0	0	0	0	0	0
GGCCGATAACATCTTG-1	1	100	44	24134	34946	tumor_like	medium	1	1	244	15	0	0	24	0	39	7.8	1	15
GGCCGATTCGCCTCTT-1	1	8	20	21595	19025	ambiguous_or_low_signal	low	0	0	0	0	0	0	0	0	0	0	0	0
GGCCGCCTTATGCAGC-1	1	20	56	25218	21074	tumor_like	medium	1	1	0	0	0	0	0	0	0	0	0	0
GGCCGCTATCCACGCC-1	1	63	99	29588	28487	tumor_like	medium	1	1	17	0	0	0	9	0	9	1.8	0	0
GGCCGGAGGCCAACAG-1	1	77	127	32413	30889	tumor_like	medium	1	1	57	0	0	0	3	0	3	0.6	0	0
GGCCGGCAGCCTGAGT-1	1	47	157	35374	25665	tumor_like	medium	1	1	7	1	0	0	1	0	2	0.4	1	1
GGCCTCCGTGCGCATG-1	1	20	212	40842	20941	tumor_like	medium	1	1	2	0	0	0	0	0	0	0	0	0
GGCCTGATGTAGGCAC-1	1	95	207	40452	33939	tumor_like	medium	1	1	15	1	0	0	3	0	4	0.8	1	1
GGCCTTCGGACAACCT-1	1	95	51	24828	34073	tumor_like	medium	1	1	170	70	4	0	11	0	85	17	1	70
GGCCTTCGTTACTATC-1	1	110	162	35967	36578	tumor_like	medium	1	1	3	0	0	0	2	0	2	0.4	0	0
GGCGAAGTACCATTGC-1	1	82	94	29115	31784	tumor_like	medium	1	1	132	9	1	0	12	0	22	4.4	1	9
GGCGACAACTTGTCTA-1	1	45	191	38776	25290	tumor_like	medium	1	1	8	27	1	0	7	0	35	7	1	8
GGCGACATTCGGCCAT-1	1	103	165	36258	35361	tumor_like	medium	1	1	6	0	0	0	0	0	0	0	0	0
GGCGACCAGCAATCCA-1	1	121	55	25267	38574	tumor_like	medium	1	1	157	7	0	1	21	1	30	6	1	7
GGCGACCATCAGACTG-1	1	97	151	34846	34334	tumor_like	medium	1	1	95	7	0	0	16	0	23	4.6	1	7
GGCGACCTCCAACAGG-1	1	32	194	39057	23036	tumor_like	medium	1	1	4	3	0	0	2	0	5	1	1	3
GGCGACGCGTGACGGT-1	1	107	119	31656	36094	tumor_like	medium	1	1	30	1	0	0	4	0	5	1	1	1
GGCGACGTCATGGCTC-1	1	96	58	25530	34241	tumor_like	medium	1	1	199	54	1	0	28	0	83	16.6	1	54
GGCGACTCGAGCTAAC-1	1	93	97	29432	33687	tumor_like	medium	1	1	178	12	1	0	24	0	37	7.4	1	12
GGCGACTCGTATCGAG-1	1	116	82	27964	37686	tumor_like	medium	1	1	105	8	0	0	28	0	36	7.2	1	8
GGCGACTTATCAATCC-1	1	85	125	32225	32277	tumor_like	medium	1	1	62	2	0	0	9	0	11	2.2	1	2
GGCGAGGCACGAAGGA-1	1	4	20	21589	18332	tumor_like	medium	1	1	1	0	0	0	0	0	0	0	0	0
GGCGCAAGTACTTCTG-1	1	78	80	27707	31103	tumor_like	medium	1	1	12	2	0	0	3	0	5	1	1	2
GGCGCACCGGTTGAAT-1	1	118	94	29169	38022	tumor_like	medium	1	1	79	32	5	0	17	0	54	10.8	1	32
GGCGCACTTCAACACC-1	1	20	178	37437	20970	tumor_like	medium	1	1	14	1	0	0	3	0	4	0.8	1	1
GGCGCAGAGCTCCTGC-1	1	109	67	26451	36485	tumor_like	medium	1	1	162	27	6	0	19	0	52	10.4	1	27
GGCGCCAACATGAATT-1	1	118	132	32975	37990	tumor_like	medium	1	1	42	3	0	0	3	0	6	1.2	1	3
GGCGCCACAGCAGTCT-1	1	112	66	26355	37006	tumor_like	medium	1	1	137	9	0	0	35	0	44	8.8	1	9
GGCGCCACAGGTACGG-1	1	4	102	29802	18262	tumor_like	medium	1	1	7	1	0	0	0	0	1	0.2	1	1
GGCGCCTACGAATGAA-1	1	82	68	26511	31807	tumor_like	medium	1	1	177	0	0	0	7	1	8	1.6	0	0
GGCGCCTAGTCTACGG-1	1	20	180	37637	20968	tumor_like	medium	1	1	19	1	0	0	5	0	6	1.2	1	1
GGCGCCTCTAAGACCG-1	1	82	76	27313	31800	tumor_like	medium	1	1	72	1	0	0	5	0	6	1.2	1	1
GGCGCCTTACATAGAC-1	1	126	44	24173	39451	tumor_like	medium	1	1	165	18	0	0	22	0	40	8	1	18
GGCGCCTTGAGCAGCG-1	1	122	96	29375	38713	tumor_like	medium	1	1	46	7	0	0	5	0	12	2.4	1	7
GGCGCTCAGAACTTCT-1	1	57	63	25974	27478	tumor_like	medium	1	1	16	0	0	0	1	0	1	0.2	0	0
GGCGGAACATGTACCA-1	1	36	160	35658	23758	tumor_like	medium	1	1	24	3	0	0	4	0	7	1.4	1	3
GGCGGAAGCACCGGTG-1	1	25	211	40750	21807	tumor_like	medium	1	1	1	0	0	0	0	0	0	0	0	0
GGCGGAAGTCGGTCGG-1	1	91	179	37642	33270	tumor_like	medium	1	1	1	0	0	0	0	0	0	0	0	0
GGCGGAAGTGGAGCCT-1	1	13	145	34122	19784	tumor_like	medium	1	1	13	0	0	0	0	0	0	0	0	0
GGCGGACGCTGCACAA-1	1	125	133	33085	39201	tumor_like	medium	1	1	25	8	1	0	3	0	12	2.4	1	8
GGCGGACGGTCTATGT-1	1	95	15	21222	34103	tumor_like	medium	1	1	79	1	0	0	5	0	6	1.2	1	1
GGCGGAGCGGTCGATG-1	1	7	219	41524	18681	tumor_like	medium	1	1	0	0	0	0	2	0	2	0.4	0	0
GGCGGAGGACGTCTGT-1	1	92	108	30532	33505	tumor_like	medium	1	1	44	0	0	0	1	0	1	0.2	0	0
GGCGGATACACCTGGA-1	1	63	81	27785	28502	tumor_like	medium	1	1	3	0	0	0	1	0	1	0.2	0	0
GGCGGATACCGCTCCT-1	1	73	135	33209	30189	tumor_like	medium	1	1	15	4	0	0	5	0	9	1.8	1	4
GGCGGATATGCCGAAG-1	1	46	190	38677	25465	tumor_like	medium	1	1	5	25	0	0	2	0	27	5.4	1	5
GGCGGATTGCACGTAT-1	1	44	50	24652	25238	tumor_like	medium	1	1	0	0	0	0	0	0	0	0	0	0
GGCGTGAAGCAAGTTC-1	1	17	223	41940	20411	tumor_like	medium	1	1	3	2	0	0	1	1	4	0.8	1	2
GGCGTGAGAAGTATCA-1	1	102	116	31348	35231	tumor_like	medium	1	1	45	1	0	0	4	0	5	1	1	1
GGCGTGAGGAGCCGAA-1	1	39	169	36564	24269	tumor_like	medium	1	1	22	0	0	0	3	0	3	0.6	0	0
GGCGTGAGGTCTTAAG-1	1	40	210	40672	24408	tumor_like	medium	1	1	5	1	0	0	1	0	2	0.4	1	1
GGCGTGAGTGTCGTTC-1	1	115	59	25659	37531	tumor_like	medium	1	1	124	5	3	0	30	0	38	7.6	1	5
GGCGTGCGTCCGTGCA-1	1	38	30	22641	24215	tumor_like	medium	1	1	0	0	0	0	0	0	0	0	0	0
GGCGTGGCCAAGGTAT-1	1	90	146	34335	33126	tumor_like	medium	1	1	303	9	0	0	17	0	26	5.2	1	9
GGCGTGTTCTGTCTGG-1	1	81	195	39230	31524	tumor_like	medium	1	1	28	1	1	0	4	0	6	1.2	1	1
GGCTAAGGCATTGGAT-1	1	82	212	40934	31684	tumor_like	medium	1	1	59	2	1	0	13	0	16	3.2	1	2
GGCTACGATTACTAGA-1	1	10	122	31814	19285	tumor_like	medium	1	1	50	4	0	0	15	0	19	3.8	1	4
GGCTACGTCGTACGGT-1	1	78	78	27507	31105	tumor_like	medium	1	1	49	0	0	0	1	0	1	0.2	0	0
GGCTACTGCCGCCTTC-1	1	115	97	29465	37499	tumor_like	medium	1	1	40	2	0	0	14	0	16	3.2	1	2
GGCTAGTGATCTCCTT-1	1	89	135	33232	32961	tumor_like	medium	1	1	43	1	1	0	20	1	23	4.6	1	1
GGCTATCGGTAGGACG-1	1	115	41	23856	37546	tumor_like	medium	1	1	215	46	0	0	26	0	72	14.4	1	46
GGCTCAACGAGTCCTC-1	1	36	112	30850	23799	tumor_like	medium	1	1	0	0	0	1	0	0	1	0.2	0	0
GGCTCAGCCGTGTTAT-1	1	39	159	35562	24277	tumor_like	medium	1	1	29	0	0	0	5	0	5	1	0	0
GGCTCAGGACCGAGGT-1	1	92	88	28529	33522	tumor_like	medium	1	1	78	9	0	1	6	0	16	3.2	1	9
GGCTCAGTATTATCTT-1	1	65	133	32996	28804	tumor_like	medium	1	1	16	1	0	0	3	0	4	0.8	1	1
GGCTCAGTGACCTGTC-1	1	100	18	21530	34968	tumor_like	medium	1	1	26	2	0	0	6	0	8	1.6	1	2
GGCTCGCCTCGGTTAT-1	1	91	89	28628	33347	tumor_like	medium	1	1	126	5	0	0	24	1	30	6	1	5
GGCTCGCCTCTAAGGT-1	1	66	44	24084	29055	tumor_like	medium	1	1	5	0	0	0	1	0	1	0.2	0	0
GGCTGACGGAACAACC-1	1	85	47	24413	32343	tumor_like	medium	1	1	174	15	0	0	23	0	38	7.6	1	15
GGCTGACGTGCCTCGA-1	1	53	163	35983	26700	tumor_like	medium	1	1	6	5	0	0	3	0	8	1.6	1	5
GGCTGAGCCTCAACGG-1	1	111	153	35067	36758	tumor_like	medium	1	1	2	0	0	0	1	0	1	0.2	0	0
GGCTGAGGTGTTCCAG-1	1	124	122	31982	39038	tumor_like	medium	1	1	61	3	4	1	10	0	18	3.6	1	3
GGCTGATGGTCCAGCA-1	1	67	123	31998	29160	tumor_like	medium	1	1	15	1	0	0	1	0	2	0.4	1	1
GGCTGCATAGATTCGT-1	1	13	119	31518	19806	tumor_like	medium	1	1	8	3	0	0	6	0	9	1.8	1	3
GGCTGCTCGATCATTA-1	1	119	151	34879	38146	tumor_like	medium	1	1	0	0	0	0	0	0	0	0	0	0
GGCTGCTCTATTGGCC-1	1	76	70	26703	30765	tumor_like	medium	1	1	26	1	0	0	8	0	9	1.8	1	1
GGCTGGACGCTCTAAT-1	1	110	130	32762	36605	tumor_like	medium	1	1	18	0	0	0	2	0	2	0.4	0	0
GGCTGGACTGTCGTCT-1	1	119	19	21658	38258	tumor_like	medium	1	1	16	3	0	0	4	0	7	1.4	1	3
GGCTGGTGAGACTTGC-1	1	73	181	37816	30150	tumor_like	medium	1	1	11	1	0	0	1	1	3	0.6	1	1
GGCTTCATTCGCAAGA-1	1	51	135	33176	26377	tumor_like	medium	1	1	16	0	0	0	1	0	1	0.2	0	0
GGCTTGAACGGATGTT-1	1	89	173	37038	32929	tumor_like	medium	1	1	4	0	0	0	0	0	0	0	0	0
GGCTTGCCGCACTCTG-1	1	19	165	36134	20807	tumor_like	medium	1	1	8	2	0	0	1	0	3	0.6	1	2
GGTAACCTATCGCTAA-1	1	77	199	39624	30827	tumor_like	medium	1	1	17	0	1	0	1	0	2	0.4	0	0
GGTAACTCTAGATCCT-1	1	17	203	39937	20428	tumor_like	medium	1	1	0	1	0	0	0	0	1	0.2	0	0
GGTAACTCTATGACGG-1	1	66	206	40309	28916	tumor_like	medium	1	1	8	1	0	0	0	0	1	0.2	1	1
GGTAACTCTTATCACG-1	1	62	222	41906	28210	tumor_like	medium	1	1	132	7	0	1	17	0	25	5	1	7
GGTAACTGATTAGATG-1	1	1	187	38310	17669	tumor_like	medium	1	1	12	0	0	0	5	0	5	1	0	0
GGTAAGATGCCTTGCT-1	1	66	188	38507	28932	tumor_like	medium	1	1	34	1	0	0	1	0	2	0.4	1	1
GGTAAGCCGCTACAAC-1	1	39	209	40570	24235	tumor_like	medium	1	1	3	2	0	0	0	0	2	0.4	1	2
GGTAAGCCTTCGGTCT-1	1	54	172	36886	26866	tumor_like	medium	1	1	4	20	2	0	0	0	22	4.4	1	4
GGTACCACTTGCTAAT-1	1	45	53	24954	25407	tumor_like	medium	1	1	0	0	0	0	0	0	0	0	0	0
GGTACCGCATCAATGG-1	1	85	183	38034	32227	tumor_like	medium	1	1	29	8	2	0	1	0	11	2.2	1	8
GGTACCGCTCTTGGAC-1	1	124	62	25972	39089	tumor_like	medium	1	1	65	4	2	0	18	0	24	4.8	1	4
GGTACCGTTGCGTACA-1	1	39	181	37766	24258	tumor_like	medium	1	1	12	7	0	0	7	0	14	2.8	1	7
GGTACCTAACTCATTG-1	1	14	106	30217	19992	tumor_like	medium	1	1	5	6	0	0	0	0	6	1.2	1	5
GGTACCTATGTTCTCC-1	1	22	192	38842	21305	tumor_like	medium	1	1	43	2	1	0	16	0	19	3.8	1	2
GGTACCTTAGGCTCAG-1	1	90	64	26123	33196	tumor_like	medium	1	1	85	10	1	0	20	0	31	6.2	1	10
GGTACCTTCACGTCGA-1	1	95	101	29836	34030	tumor_like	medium	1	1	198	8	0	0	7	0	15	3	1	8
GGTACGATCGCTCGGA-1	1	18	144	34029	20652	tumor_like	medium	1	1	32	0	0	0	3	0	3	0.6	0	0
GGTACGGCTACTCGCT-1	1	46	164	36073	25487	tumor_like	medium	1	1	4	6	0	0	3	0	9	1.8	1	4
GGTACGGTATTACTCC-1	1	89	73	27022	33014	tumor_like	medium	1	1	100	4	0	0	17	0	21	4.2	1	4
GGTACGGTATTCAATT-1	1	74	98	29504	30395	tumor_like	medium	1	1	86	1	0	0	7	0	8	1.6	1	1
GGTAGACCAGAACGCT-1	1	102	66	26341	35274	tumor_like	medium	1	1	396	10	2	0	19	0	31	6.2	1	10
GGTAGAGTTCCACGAA-1	1	109	119	31659	36440	tumor_like	medium	1	1	42	1	0	0	13	0	14	2.8	1	1
GGTAGCAATACCTCTA-1	1	61	33	22975	28197	tumor_like	medium	1	1	0	0	0	0	0	0	0	0	0	0
GGTAGCAATTGGTTCT-1	1	66	124	32097	28986	tumor_like	medium	1	1	18	3	0	0	3	0	6	1.2	1	3
GGTAGCATCTGTATGT-1	1	71	135	33206	29842	tumor_like	medium	1	1	42	3	0	0	1	0	4	0.8	1	3
GGTAGCCACGAACTCA-1	1	76	66	26302	30769	tumor_like	medium	1	1	69	1	0	0	4	0	5	1	1	1
GGTAGCGGAGCAATCT-1	1	45	59	25555	25402	tumor_like	medium	1	1	1	0	0	0	0	0	0	0	0	0
GGTAGCGGCACGCCTT-1	1	6	88	28402	18621	tumor_like	medium	1	1	0	0	0	0	0	0	0	0	0	0
GGTAGCGTTACGGTCT-1	1	45	175	37174	25303	tumor_like	medium	1	1	19	7	0	0	3	0	10	2	1	7
GGTAGCTAATTGAATT-1	1	105	49	24642	35807	tumor_like	medium	1	1	282	15	4	1	28	0	48	9.6	1	15
GGTAGCTGGATGTTAT-1	1	84	192	38934	32047	tumor_like	medium	1	1	31	4	0	0	2	0	6	1.2	1	4
GGTAGGCGTACGAATA-1	1	76	206	40324	30649	tumor_like	medium	1	1	13	0	0	0	2	0	2	0.4	0	0
GGTAGGTAGCCAGTAT-1	1	68	190	38710	29277	tumor_like	medium	1	1	56	0	0	0	12	0	12	2.4	0	0
GGTAGGTCAGTCCACT-1	1	57	211	40797	27352	tumor_like	medium	1	1	39	1	0	0	8	0	9	1.8	1	1
GGTAGTACTATCCTAC-1	1	91	153	35038	33292	tumor_like	medium	1	1	11	4	0	0	3	0	7	1.4	1	4
GGTAGTCACGATTCAA-1	1	126	80	27778	39420	tumor_like	medium	1	1	57	3	0	0	17	0	20	4	1	3
GGTAGTCCTGGTCTAA-1	1	63	91	28787	28494	tumor_like	medium	1	1	34	0	0	0	2	0	2	0.4	0	0
GGTAGTGATGTAGTGA-1	1	74	106	30306	30388	tumor_like	medium	1	1	122	2	0	0	6	0	8	1.6	1	2
GGTAGTGCTTCGCAGA-1	1	11	57	25305	19513	tumor_like	medium	1	1	1	0	0	0	0	0	0	0	0	0
GGTAGTTGCAGATTGT-1	1	81	171	36826	31544	tumor_like	medium	1	1	7	0	1	0	0	0	1	0.2	0	0
GGTAGTTGCCTGCAGT-1	1	84	54	25112	32165	tumor_like	medium	1	1	90	1	0	0	24	0	25	5	1	1
GGTATGAGTGGTCGTG-1	1	6	114	31006	18599	tumor_like	medium	1	1	2	0	0	0	0	0	0	0	0	0
GGTATGATAACCGAAG-1	1	37	27	22339	24043	ambiguous_or_low_signal	low	0	0	0	0	0	0	0	0	0	0	0	0
GGTATGCCAATTAATC-1	1	58	80	27678	27638	tumor_like	medium	1	1	20	0	0	0	1	0	1	0.2	0	0
GGTATGGACTATGGTG-1	1	15	79	27514	20187	tumor_like	medium	1	1	0	0	0	0	0	0	0	0	0	0
GGTATGGAGTCTGCAC-1	1	75	191	38820	30488	tumor_like	medium	1	1	26	2	1	0	2	0	5	1	1	2
GGTCACCTTAGCCATA-1	1	24	196	39246	21648	tumor_like	medium	1	1	71	0	0	0	12	0	12	2.4	0	0
GGTCACGGCTGAATTG-1	1	85	89	28619	32307	tumor_like	medium	1	1	382	2	0	0	24	1	27	5.4	1	2
GGTCACGGTTGACAGA-1	1	14	206	40233	19906	tumor_like	medium	1	1	0	0	0	0	1	0	1	0.2	0	0
GGTCAGCCTTGTAGAC-1	1	115	151	34873	37453	tumor_like	medium	1	1	1	0	0	0	0	0	0	0	0	0
GGTCCGTATCTGACGT-1	1	111	131	32864	36777	tumor_like	medium	1	1	11	2	0	0	1	0	3	0.6	1	2
GGTCCTAGAACATCGT-1	1	76	150	34715	30697	tumor_like	medium	1	1	26	1	0	0	1	0	2	0.4	1	1
GGTCCTCACGTCTTGA-1	1	110	158	35567	36581	tumor_like	medium	1	1	0	0	0	0	0	0	0	0	0	0
GGTCCTCAGTCAGAAC-1	1	70	108	30500	29693	tumor_like	medium	1	1	60	1	0	0	7	0	8	1.6	1	1
GGTCCTCGATGCTCAA-1	1	62	140	33693	28280	tumor_like	medium	1	1	31	9	2	0	2	0	13	2.6	1	9
GGTCCTGCTATTGTAA-1	1	68	110	30697	29345	tumor_like	medium	1	1	13	3	0	0	2	0	5	1	1	3
GGTCCTTGTTCTTAAC-1	1	85	69	26616	32324	tumor_like	medium	1	1	72	4	0	0	5	0	9	1.8	1	4
GGTCGCTCAGCGCCAG-1	1	45	145	34169	25329	tumor_like	medium	1	1	5	0	0	0	2	0	2	0.4	0	0
GGTCGCTCCTCAGGAC-1	1	96	76	27333	34225	tumor_like	medium	1	1	287	11	0	0	35	0	46	9.2	1	11
GGTCGCTCTACTATGG-1	1	116	122	31970	37652	tumor_like	medium	1	1	75	4	0	0	7	0	11	2.2	1	4
GGTCTAAGCCGATGGT-1	1	11	99	29511	19477	tumor_like	medium	1	1	7	0	0	0	0	0	0	0	0	0
GGTCTAGTTATGAATC-1	1	109	17	21443	36527	tumor_like	medium	1	1	17	0	0	0	1	0	1	0.2	0	0
GGTCTATCGCACCTTA-1	1	104	132	32954	35564	tumor_like	medium	1	1	57	1	1	0	3	0	5	1	1	1
GGTCTATTCCTCCGCC-1	1	110	108	30559	36624	tumor_like	medium	1	1	75	4	0	0	2	0	6	1.2	1	4
GGTCTGCATTATCACT-1	1	86	152	34930	32428	tumor_like	medium	1	1	104	6	0	0	3	0	9	1.8	1	6
GGTCTGCGCTTGCCAC-1	1	35	205	40163	23545	tumor_like	medium	1	1	2	2	0	0	0	0	2	0.4	1	2
GGTCTGTTATTGGAGT-1	1	29	151	34746	22551	tumor_like	medium	1	1	41	0	0	0	4	1	5	1	0	0
GGTCTGTTCATGGTCA-1	1	99	119	31644	34708	tumor_like	medium	1	1	118	4	0	0	13	0	17	3.4	1	4
GGTCTTAGACATGTGC-1	1	80	164	36123	31378	tumor_like	medium	1	1	87	0	0	0	4	0	4	0.8	0	0
GGTCTTAGGAGCCAGA-1	1	77	151	34817	30868	tumor_like	medium	1	1	25	0	0	0	3	0	3	0.6	0	0
GGTCTTAGGATTAGTA-1	1	87	97	29423	32647	tumor_like	medium	1	1	266	2	0	1	19	0	22	4.4	1	2
GGTCTTCCGCTGGTGA-1	1	97	159	35648	34327	tumor_like	medium	1	1	66	24	0	0	7	0	31	6.2	1	24
GGTCTTGCACTGATAC-1	1	95	5	20221	34112	tumor_like	medium	1	1	54	6	0	0	5	0	11	2.2	1	6
GGTGAAGCGAATCTCC-1	1	0	118	31398	17556	tumor_like	medium	1	1	4	2	0	0	0	0	2	0.4	1	2
GGTGATAATCACCTAA-1	1	64	218	41508	28560	tumor_like	medium	1	1	78	42	10	0	11	0	63	12.6	1	42
GGTGATACAGCATGAT-1	1	20	108	30426	21030	tumor_like	medium	1	1	22	5	0	0	1	0	6	1.2	1	5
GGTGATACTCAACCGC-1	1	98	48	24532	34596	tumor_like	medium	1	1	450	39	2	0	27	0	68	13.6	1	39
GGTGATCGCACTGTGA-1	1	23	193	38944	21476	tumor_like	medium	1	1	67	4	0	0	9	0	13	2.6	1	4
GGTGATGGCTAGTTGT-1	1	77	107	30410	30906	tumor_like	medium	1	1	51	0	0	0	4	0	4	0.8	0	0
GGTGATGGCTGCGATC-1	1	99	169	36652	34665	tumor_like	medium	1	1	3	0	0	0	0	0	0	0	0	0
GGTGATGTTCACGTCC-1	1	83	217	41436	31852	tumor_like	medium	1	1	14	1	0	0	3	0	4	0.8	1	1
GGTGATTCTGTCTTAG-1	1	90	174	37140	33102	tumor_like	medium	1	1	1	0	0	1	0	0	1	0.2	0	0
GGTGCAACTAATTACC-1	1	11	217	41330	19376	tumor_like	medium	1	1	1	0	0	0	0	0	0	0	0	0
GGTGCAACTGGCAACG-1	1	92	126	32335	33490	tumor_like	medium	1	1	103	0	0	0	10	0	10	2	0	0
GGTGCACGAATTCAGC-1	1	69	99	29597	29527	tumor_like	medium	1	1	106	1	1	0	8	0	10	2	1	1
GGTGCGACAGCAGAAG-1	1	122	90	28774	38719	tumor_like	medium	1	1	32	3	0	0	1	0	4	0.8	1	3
GGTGCGTAATGACCAC-1	1	37	183	37963	23910	tumor_like	medium	1	1	14	15	0	0	1	0	16	3.2	1	14
GGTGCGTAGGTCAGAC-1	1	94	132	32939	33831	tumor_like	medium	1	1	67	2	0	0	6	0	8	1.6	1	2
GGTGGATTCTCGTTAT-1	1	118	14	21156	38090	tumor_like	medium	1	1	90	8	1	1	15	0	25	5	1	8
GGTGGCACCGCTGGTA-1	1	81	217	41433	31505	tumor_like	medium	1	1	15	0	0	0	1	0	1	0.2	0	0
GGTGTATGATCTAGGA-1	1	121	135	33279	38506	tumor_like	medium	1	1	16	6	0	0	2	0	8	1.6	1	6
GGTGTCAGACGGTTGA-1	1	37	55	25143	24019	tumor_like	medium	1	1	4	0	0	0	1	0	1	0.2	0	0
GGTGTCAGCGCCTAAT-1	1	13	159	35524	19772	tumor_like	medium	1	1	39	1	0	0	3	0	4	0.8	1	1
GGTGTCCACGCCTGCG-1	1	127	143	34089	39539	ambiguous_or_low_signal	low	0	0	1	0	0	0	0	0	0	0	0	0
GGTGTCGCACAATGAA-1	1	86	136	33328	32442	tumor_like	medium	1	1	134	3	0	0	8	0	11	2.2	1	3
GGTGTCGCACGCATGC-1	1	109	9	20642	36534	tumor_like	medium	1	1	3	1	1	0	0	0	2	0.4	1	1
GGTGTCGCCGTTATCA-1	1	61	41	23776	28190	tumor_like	medium	1	1	0	0	0	0	0	0	0	0	0	0
GGTGTCGGCGGTAGTC-1	1	101	65	26239	35100	tumor_like	medium	1	1	204	49	3	0	19	0	71	14.2	1	49
GGTGTCGTAGCACCGT-1	1	63	43	23979	28535	tumor_like	medium	1	1	1	0	0	0	0	0	0	0	0	0
GGTTAACGCCTGGTGC-1	1	45	179	37574	25300	tumor_like	medium	1	1	14	10	1	0	1	0	12	2.4	1	10
GGTTAATCGTAGACCA-1	1	21	55	25119	21247	immune	medium	0	0	0	0	0	0	0	0	0	0	0	0
GGTTAATGCGATTCGT-1	1	11	153	34920	19431	tumor_like	medium	1	1	13	3	0	0	1	0	4	0.8	1	3
GGTTACGCGTCCACTG-1	1	58	46	24273	27667	tumor_like	medium	1	1	1	0	0	0	1	0	1	0.2	0	0
GGTTACGTCAAGCAGG-1	1	74	192	38919	30315	tumor_like	medium	1	1	66	0	0	0	6	0	6	1.2	0	0
GGTTACGTCCACGGCA-1	1	23	119	31532	21539	tumor_like	medium	1	1	18	2	0	1	0	0	3	0.6	1	2
GGTTACTAACTACGTC-1	1	99	81	27838	34740	tumor_like	medium	1	1	381	32	2	0	18	0	52	10.4	1	32
GGTTACTACGGCTCGG-1	1	35	127	32351	23611	tumor_like	medium	1	1	24	1	0	0	2	0	3	0.6	1	1
GGTTAGACCTTGAGCG-1	1	59	213	41000	27697	tumor_like	medium	1	1	42	2	0	0	2	0	4	0.8	1	2
GGTTAGACGTCTATGG-1	1	76	102	29908	30738	tumor_like	medium	1	1	84	1	0	0	5	0	6	1.2	1	1
GGTTAGACTACAATCC-1	1	62	206	40303	28223	tumor_like	medium	1	1	15	0	0	0	2	0	2	0.4	0	0
GGTTAGGAGTCACTGA-1	1	108	140	33761	36250	tumor_like	medium	1	1	18	2	0	0	2	0	4	0.8	1	2
GGTTAGGTACAGCGGC-1	1	27	121	31739	22230	tumor_like	medium	1	1	24	1	0	0	1	0	2	0.4	1	1
GGTTAGGTTCGCCGCT-1	1	56	66	26273	27303	tumor_like	medium	1	1	1	0	0	0	1	0	1	0.2	0	0
GGTTCACGATGTACGG-1	1	94	16	21321	33930	tumor_like	medium	1	1	74	6	1	0	12	0	19	3.8	1	6
GGTTCACTAGTTATCG-1	1	3	125	32104	18069	tumor_like	medium	1	1	10	0	0	0	2	0	2	0.4	0	0
GGTTCACTGAAGACGT-1	1	24	208	40448	21637	tumor_like	medium	1	1	1	0	0	0	0	0	0	0	0	0
GGTTCAGACATGGCTC-1	1	97	211	40856	34283	tumor_like	medium	1	1	1	0	0	0	0	0	0	0	0	0
GGTTCAGACCGTAGTC-1	1	113	71	26858	37174	tumor_like	medium	1	1	154	6	0	0	15	0	21	4.2	1	6
GGTTCATTGAGCCGCT-1	1	27	199	39551	22164	tumor_like	medium	1	1	3	1	0	0	5	0	6	1.2	1	1
GGTTCCAGCTACCACT-1	1	109	45	24248	36503	tumor_like	medium	1	1	215	4	0	0	14	0	18	3.6	1	4
GGTTCCGTCACTGTTG-1	1	89	57	25420	33028	tumor_like	medium	1	1	201	8	1	0	21	0	30	6	1	8
GGTTCCTGTCGTTCGC-1	1	87	107	30425	32639	tumor_like	medium	1	1	52	2	0	0	5	0	7	1.4	1	2
GGTTCTAGGTCTCGGT-1	1	88	52	24918	32860	tumor_like	medium	1	1	169	9	3	0	23	0	35	7	1	9
GGTTCTATAGTTCGCC-1	1	84	120	31722	32109	tumor_like	medium	1	1	38	3	0	0	9	0	12	2.4	1	3
GGTTCTATGCAAGTAC-1	1	92	138	33537	33480	tumor_like	medium	1	1	81	2	1	0	6	0	9	1.8	1	2
GGTTCTATTCGCTGAA-1	1	17	73	26916	20539	tumor_like	medium	1	1	0	0	0	0	0	0	0	0	0	0
GGTTCTCGAACGTTGC-1	1	75	73	27002	30588	tumor_like	medium	1	1	66	3	0	0	6	0	9	1.8	1	3
GGTTCTCGTTCCGTCG-1	1	96	98	29537	34207	tumor_like	medium	1	1	210	6	3	0	25	0	34	6.8	1	6
GGTTCTGCACATCGAA-1	1	70	14	21085	29773	ambiguous_or_low_signal	low	0	0	0	0	0	0	0	0	0	0	0	0
GGTTCTGCCAGGCCTA-1	1	109	139	33662	36423	tumor_like	medium	1	1	25	0	0	0	3	0	3	0.6	0	0
GGTTCTGGTACATGCG-1	1	113	89	28660	37159	tumor_like	medium	1	1	53	10	0	0	5	0	15	3	1	10
GGTTCTGGTTGTATTG-1	1	20	134	33030	21007	tumor_like	medium	1	1	13	2	1	0	4	0	7	1.4	1	2
GGTTCTTAACCAAGTG-1	1	120	114	31175	38352	tumor_like	medium	1	1	46	3	0	0	6	0	9	1.8	1	3
GGTTCTTAGCGAGCCT-1	1	56	72	26874	27298	tumor_like	medium	1	1	3	1	0	0	0	0	1	0.2	1	1
GGTTCTTAGTGCGGTA-1	1	22	104	30028	21380	tumor_like	medium	1	1	3	0	0	0	1	0	1	0.2	0	0
GGTTCTTATTCAGACA-1	1	5	17	21290	18507	tumor_like	medium	1	1	0	0	0	0	0	0	0	0	0	0
GGTTGACAATCTAAGT-1	1	119	115	31273	38176	tumor_like	medium	1	1	89	8	2	0	8	0	18	3.6	1	8
GGTTGACGAACGGTCG-1	1	74	24	22093	30458	tumor_like	medium	1	1	0	0	0	0	0	0	0	0	0	0
GGTTGATAGACAGACG-1	1	17	137	33326	20484	tumor_like	medium	1	1	18	0	0	0	1	0	1	0.2	0	0
GGTTGCAACCTATCAG-1	1	5	149	34510	18395	tumor_like	medium	1	1	6	0	0	0	1	0	1	0.2	0	0
GGTTGCACAACGACGG-1	1	126	82	27978	39418	tumor_like	medium	1	1	128	8	0	0	16	0	24	4.8	1	8
GGTTGCACGGCCATCA-1	1	32	166	36253	23059	tumor_like	medium	1	1	106	2	0	0	5	0	7	1.4	1	2
GGTTGCACTAAGTTAC-1	1	125	95	29279	39233	tumor_like	medium	1	1	31	3	0	0	3	0	6	1.2	1	3
GGTTGCCTCATCTGGT-1	1	3	101	29700	18089	tumor_like	medium	1	1	4	1	0	0	2	0	3	0.6	1	1
GGTTGCGAGTGACATT-1	1	76	124	32111	30719	tumor_like	medium	1	1	55	1	0	0	3	0	4	0.8	1	1
GGTTGCGTACCAGAAG-1	1	22	178	37440	21316	tumor_like	medium	1	1	22	2	0	0	1	0	3	0.6	1	2
GGTTGCGTGGCACGTG-1	1	51	117	31373	26392	tumor_like	medium	1	1	16	1	0	0	1	0	2	0.4	1	1
GGTTGCTGAAGAGGTG-1	1	118	146	34377	37978	tumor_like	medium	1	1	6	0	0	0	0	0	0	0	0	0
GGTTGCTGCCAGCTGA-1	1	74	20	21692	30461	ambiguous_or_low_signal	low	0	0	0	0	0	0	0	0	0	0	0	0
GGTTGTAGGAGCCGAT-1	1	123	81	27874	38899	tumor_like	medium	1	1	79	10	1	0	12	0	23	4.6	1	10
GGTTGTCAGCTTCACT-1	1	73	67	26398	30247	tumor_like	medium	1	1	119	1	0	0	10	0	11	2.2	1	1
GGTTGTCTATGCACAG-1	1	110	90	28756	36639	tumor_like	medium	1	1	31	4	0	0	17	0	21	4.2	1	4
GGTTGTCTGTCCGACC-1	1	105	145	34257	35725	tumor_like	medium	1	1	20	3	0	0	2	0	5	1	1	3
GGTTGTTCCGCCTTAC-1	1	109	163	36066	36403	tumor_like	medium	1	1	8	0	0	0	0	0	0	0	0	0
GGTTGTTCCGGCAAGG-1	1	90	206	40345	33075	tumor_like	medium	1	1	10	0	0	0	3	0	3	0.6	0	0
GTAACACGGAAGCTGT-1	1	66	214	41111	28910	tumor_like	medium	1	1	30	0	1	0	5	0	6	1.2	0	0
GTAACACTACAAGAGT-1	1	20	106	30226	21031	tumor_like	medium	1	1	5	2	0	0	2	0	4	0.8	1	2
GTAACACTACCGATGC-1	1	0	22	21783	17638	tumor_like	medium	1	1	0	0	0	0	2	0	2	0.4	0	0
GTAACACTCAGATCCG-1	1	38	144	34058	24118	tumor_like	medium	1	1	4	1	0	0	0	1	2	0.4	1	1
GTAACACTCCATCCAT-1	1	56	124	32082	27254	tumor_like	medium	1	1	26	5	0	0	3	0	8	1.6	1	5
GTAACACTGACTTAAT-1	1	50	158	35478	26185	tumor_like	medium	1	1	9	1	1	0	0	0	2	0.4	1	1
GTAACAGGAAGCACGC-1	1	83	171	36829	31891	tumor_like	medium	1	1	8	0	0	0	0	0	0	0	0	0
GTAACAGGCCTCAAGT-1	1	90	44	24119	33213	tumor_like	medium	1	1	143	15	0	0	12	0	27	5.4	1	15
GTAACAGTAGACTTCC-1	1	49	59	25561	26095	tumor_like	medium	1	1	0	0	0	0	0	0	0	0	0	0
GTAACAGTAGCTGCTT-1	1	114	110	30765	37315	tumor_like	medium	1	1	34	4	1	0	8	0	13	2.6	1	4
GTAACATAATCTCAAT-1	1	102	168	36557	35187	tumor_like	medium	1	1	1	0	0	0	0	0	0	0	0	0
GTAACATCAATAACGG-1	1	23	205	40146	21466	tumor_like	medium	1	1	3	0	0	0	0	0	0	0	0	0
GTAACATCAGCTATTC-1	1	67	97	29394	29182	tumor_like	medium	1	1	188	2	0	0	5	0	7	1.4	1	2
GTAACATCTATCAGAT-1	1	20	182	37838	20967	tumor_like	medium	1	1	17	1	0	0	0	0	1	0.2	1	1
GTAACATGACGAGCAA-1	1	112	74	27157	37000	tumor_like	medium	1	1	181	33	2	0	16	0	51	10.2	1	33
GTAACATGCGCATCAC-1	1	124	112	30980	39046	tumor_like	medium	1	1	14	14	1	0	4	0	19	3.8	1	14
GTAACCAACATATCAC-1	1	10	152	34818	19259	tumor_like	medium	1	1	4	1	0	0	3	0	4	0.8	1	1
GTAACCACAGCACGAC-1	1	27	61	25729	22282	tumor_like	medium	1	1	0	0	0	0	0	0	0	0	0	0
GTAACCACGGAACTTA-1	1	113	109	30664	37142	tumor_like	medium	1	1	24	6	0	0	6	0	12	2.4	1	6
GTAACCATAACTAGGA-1	1	62	126	32291	28292	tumor_like	medium	1	1	51	9	0	0	6	0	15	3	1	9
GTAACCGCTCGGTGAC-1	1	54	148	34483	26887	tumor_like	medium	1	1	2	1	0	0	0	0	1	0.2	1	1
GTAACCTAGTTCCATT-1	1	107	111	30855	36101	tumor_like	medium	1	1	59	1	0	0	11	0	12	2.4	1	1
GTAACCTGCCGCATTC-1	1	84	130	32724	32100	tumor_like	medium	1	1	56	13	1	0	7	0	21	4.2	1	13
GTAACGGAGGACCGGT-1	1	36	200	39664	23723	tumor_like	medium	1	1	2	2	0	1	0	0	3	0.6	1	2
GTAACGTGGCGGAGGC-1	1	56	130	32683	27249	tumor_like	medium	1	1	61	6	0	0	3	0	9	1.8	1	6
GTAACGTTACAGACGG-1	1	103	99	29647	35418	tumor_like	medium	1	1	110	12	0	0	11	0	23	4.6	1	12
GTAAGTAACGAGATAG-1	1	15	223	41937	20064	tumor_like	medium	1	1	0	0	1	0	0	0	1	0.2	0	0
GTAAGTAGGCGACACT-1	1	75	149	34614	30524	tumor_like	medium	1	1	34	3	0	0	2	0	5	1	1	3
GTAAGTAGGTAAGTTA-1	1	53	41	23764	26804	tumor_like	medium	1	1	1	0	0	0	0	0	0	0	0	0
GTAAGTATCATAGGCG-1	1	12	100	29613	19650	tumor_like	medium	1	1	2	0	0	0	1	0	1	0.2	0	0
GTAAGTATCCGCAGAT-1	1	5	113	30905	18425	tumor_like	medium	1	1	1	1	0	0	0	0	1	0.2	1	1
GTAAGTATGTCGTTAC-1	1	56	86	28276	27286	tumor_like	medium	1	1	18	0	0	0	3	0	3	0.6	0	0
GTAAGTCAAGGACAGA-1	1	80	76	27310	31453	tumor_like	medium	1	1	61	2	1	0	6	0	9	1.8	1	2
GTAAGTCTACTTCCTG-1	1	58	42	23872	27670	tumor_like	medium	1	1	0	0	0	0	0	0	0	0	0	0
GTAAGTGATTGGTAAC-1	1	77	137	33415	30880	tumor_like	medium	1	1	53	5	1	0	3	0	9	1.8	1	5
GTAAGTGCCGAGAAGT-1	1	94	172	36945	33797	tumor_like	medium	1	1	1	0	0	0	0	0	0	0	0	0
GTAATAGTGCCGATCG-1	1	18	136	33228	20659	tumor_like	medium	1	1	3	0	0	0	2	0	2	0.4	0	0
GTAATCGCGTCTCGAC-1	1	24	218	41449	21629	tumor_like	medium	1	1	1	0	0	0	1	0	1	0.2	0	0
GTAATGAGATGTTAGT-1	1	3	87	28298	18101	tumor_like	medium	1	1	0	0	0	0	0	0	0	0	0	0
GTAATGAGTTCCTCAC-1	1	120	130	32777	38338	tumor_like	medium	1	1	32	4	0	0	4	0	8	1.6	1	4
GTAATGCCACTGTATT-1	1	64	106	30291	28655	tumor_like	medium	1	1	66	4	0	0	9	0	13	2.6	1	4
GTAATGCCTCTTATGA-1	1	10	210	40627	19210	tumor_like	medium	1	1	0	0	0	0	0	0	0	0	0	0
GTAATGCGAAGCCTTA-1	1	12	118	31416	19635	tumor_like	medium	1	1	8	3	1	0	3	0	7	1.4	1	3
GTAATGCTATGCGTCT-1	1	11	165	36122	19421	tumor_like	medium	1	1	7	0	0	0	2	0	2	0.4	0	0
GTAATGCTCGAGAATA-1	1	0	74	26991	17593	tumor_like	medium	1	1	0	0	0	0	0	0	0	0	0	0
GTAATGTTAATTCCAG-1	1	121	9	20660	38613	tumor_like	medium	1	1	19	0	0	0	3	0	3	0.6	0	0
GTACAACCGAGTCGCT-1	1	50	58	25463	26270	tumor_like	medium	1	1	2	0	0	0	0	0	0	0	0	0
GTACAAGATACTAGAT-1	1	4	94	29000	18269	tumor_like	medium	1	1	2	1	1	0	0	0	2	0.4	1	1
GTACAAGCGTAACCTA-1	1	58	168	36492	27563	tumor_like	medium	1	1	3	8	2	0	0	0	10	2	1	3
GTACAGAACATTAGGA-1	1	71	21	21788	29940	tumor_like	medium	1	1	1	0	0	0	0	0	0	0	0	0
GTACAGACTTAGTAGC-1	1	100	96	29342	34902	tumor_like	medium	1	1	171	11	1	0	12	0	24	4.8	1	11
GTACAGATCCTCTTCC-1	1	3	35	23090	18145	tumor_like	medium	1	1	0	0	0	0	0	0	0	0	0	0
GTACAGATGGAGACTT-1	1	68	98	29495	29355	tumor_like	medium	1	1	40	2	1	0	3	0	6	1.2	1	2
GTACAGCCTGAATGTC-1	1	60	104	30085	27964	tumor_like	medium	1	1	110	6	0	0	10	0	16	3.2	1	6
GTACAGCGATCACGAT-1	1	88	156	35334	32771	tumor_like	medium	1	1	29	1	0	0	2	0	3	0.6	1	1
GTACAGCGCATTGTAA-1	1	83	157	35427	31903	tumor_like	medium	1	1	49	2	0	1	7	0	10	2	1	2
GTACAGCTCCATAGTT-1	1	60	34	23074	28024	tumor_like	medium	1	1	0	0	0	0	0	0	0	0	0	0
GTACAGGACACCGATT-1	1	44	200	39676	25110	tumor_like	medium	1	1	6	0	0	1	2	0	3	0.6	0	0
GTACAGGAGTCGATCC-1	1	89	59	25620	33026	tumor_like	medium	1	1	112	3	0	0	15	0	18	3.6	1	3
GTACAGGTATGACACT-1	1	3	131	32705	18063	tumor_like	medium	1	1	3	1	0	0	2	0	3	0.6	1	1
GTACAGGTGCACTCAC-1	1	61	63	25980	28171	tumor_like	medium	1	1	24	0	0	0	2	0	2	0.4	0	0
GTACAGGTTCGTAGGC-1	1	82	142	33923	31743	tumor_like	medium	1	1	47	1	0	0	4	0	5	1	1	1
GTACAGTAACAGGCGA-1	1	50	166	36279	26178	tumor_like	medium	1	1	8	6	0	0	0	0	6	1.2	1	6
GTACAGTCATCGGTGC-1	1	55	209	40594	27007	tumor_like	medium	1	1	27	1	0	0	2	0	3	0.6	1	1
GTACAGTCCGGCTAGG-1	1	80	130	32718	31407	tumor_like	medium	1	1	72	1	0	0	6	0	7	1.4	1	1
GTACAGTCGTATTGCG-1	1	126	48	24573	39447	tumor_like	medium	1	1	139	20	1	0	10	0	31	6.2	1	20
GTACATACAGTGTCCG-1	1	27	71	26731	22273	tumor_like	medium	1	1	0	0	0	0	0	0	0	0	0	0
GTACATGAATGTCTCC-1	1	77	207	40426	30821	tumor_like	medium	1	1	15	1	0	0	6	0	7	1.4	1	1
GTACATTGACAGCGAA-1	1	84	66	26314	32155	tumor_like	medium	1	1	71	2	0	0	7	0	9	1.8	1	2
GTACCGAATGTAACGC-1	1	71	91	28799	29880	tumor_like	medium	1	1	76	1	0	0	3	0	4	0.8	1	1
GTACCGCCTTATGAAG-1	1	21	183	37939	21138	tumor_like	medium	1	1	24	3	1	0	6	0	10	2	1	3
GTACCTACAGCGATGT-1	1	51	119	31574	26391	tumor_like	medium	1	1	15	4	0	0	1	0	5	1	1	4
GTACCTACTCACAGGT-1	1	86	194	39137	32392	tumor_like	medium	1	1	18	1	0	0	0	0	1	0.2	1	1
GTACCTACTGCCGGAC-1	1	79	85	28210	31271	tumor_like	medium	1	1	138	1	1	0	8	0	10	2	1	1
GTACCTACTTAGTCCA-1	1	87	87	28422	32656	tumor_like	medium	1	1	51	5	0	0	8	0	13	2.6	1	5
GTACCTGTTAATTAGT-1	1	78	156	35319	31038	tumor_like	medium	1	1	14	1	0	0	2	0	3	0.6	1	1
GTACCTGTTCGCCTTA-1	1	39	199	39568	24243	tumor_like	medium	1	1	3	0	0	0	1	0	1	0.2	0	0
GTACCTTCCTGCATCA-1	1	20	122	31828	21018	tumor_like	medium	1	1	13	6	1	0	3	0	10	2	1	6
GTACCTTCTAATGTAC-1	1	60	42	23875	28017	tumor_like	medium	1	1	1	0	0	0	0	0	0	0	0	0
GTACCTTCTATCTGCC-1	1	36	32	22838	23867	tumor_like	medium	1	1	0	0	0	0	0	0	0	0	0	0
GTACGAACGTAATATT-1	1	59	63	25977	27825	tumor_like	medium	1	1	15	0	0	0	3	0	3	0.6	0	0
GTACGAACGTACGTGC-1	1	2	20	21586	17986	tumor_like	medium	1	1	0	0	0	0	0	0	0	0	0	0
GTACGAAGTTGGACTG-1	1	125	89	28678	39238	tumor_like	medium	1	1	7	3	0	0	3	0	6	1.2	1	3
GTACGACAAGACAGCA-1	1	95	155	35244	33984	tumor_like	medium	1	1	63	22	0	0	6	0	28	5.6	1	22
GTACGACAAGCACTAT-1	1	109	151	34864	36413	tumor_like	medium	1	1	7	0	0	0	0	0	0	0	0	0
GTACGACATTATGCGT-1	1	46	186	38277	25468	tumor_like	medium	1	1	16	6	0	0	4	0	10	2	1	6
GTACGACCGACTGCGA-1	1	66	88	28491	29017	tumor_like	medium	1	1	99	0	0	0	5	0	5	1	0	0
GTACGAGTCCGGAATC-1	1	52	162	35882	26528	tumor_like	medium	1	1	12	1	0	0	3	0	4	0.8	1	1
GTACGATTACCTATCA-1	1	110	128	32562	36607	tumor_like	medium	1	1	6	0	0	0	3	0	3	0.6	0	0
GTACGATTGCACGCAA-1	1	3	85	28097	18103	ambiguous_or_low_signal	low	0	0	0	0	0	0	0	0	0	0	0	0
GTACGCAATCCACCGT-1	1	57	23	21967	27512	tumor_like	medium	1	1	0	0	0	0	0	0	0	0	0	0
GTACGCAATGTTGCCT-1	1	75	115	31208	30553	tumor_like	medium	1	1	3	1	0	0	1	0	2	0.4	1	1
GTACGCAGCGGTTCTG-1	1	90	72	26924	33189	tumor_like	medium	1	1	114	2	0	0	33	0	35	7	1	2
GTACGCAGGTACCATA-1	1	75	213	41024	30469	tumor_like	medium	1	1	12	3	0	0	0	0	3	0.6	1	3
GTACGCGAGGTCAACG-1	1	48	196	39281	25806	tumor_like	medium	1	1	33	2	0	0	1	0	3	0.6	1	2
GTACGCGTTGACTGCG-1	1	83	3	20003	32034	tumor_like	medium	1	1	22	1	0	0	2	0	3	0.6	1	1
GTACGCTCGGAGCGTG-1	1	95	69	26631	34057	tumor_like	medium	1	1	117	11	0	0	11	1	23	4.6	1	11
GTACGCTCTTGGCACG-1	1	85	105	30222	32294	tumor_like	medium	1	1	55	0	0	0	3	0	3	0.6	0	0
GTACTAGACAATGTAC-1	1	52	140	33678	26547	tumor_like	medium	1	1	14	0	0	0	0	0	0	0	0	0
GTACTCGAGCGTGACA-1	1	1	93	28896	17749	tumor_like	medium	1	1	6	0	0	0	2	0	2	0.4	0	0
GTACTCTAGACGTAGT-1	1	38	36	23241	24210	ambiguous_or_low_signal	low	0	0	1	0	0	0	0	0	0	0	0	0
GTACTGTCCAGCCTTG-1	1	105	127	32455	35740	tumor_like	medium	1	1	17	0	0	0	5	0	5	1	0	0
GTACTTAACCTGTCCA-1	1	97	85	28236	34390	tumor_like	medium	1	1	145	8	1	0	27	0	36	7.2	1	8
GTACTTACGGACGATG-1	1	125	67	26475	39257	tumor_like	medium	1	1	88	0	0	0	5	0	5	1	0	0
GTACTTACGGTTCTTA-1	1	92	168	36542	33454	tumor_like	medium	1	1	12	0	0	0	3	0	3	0.6	0	0
GTACTTAGAACATCCA-1	1	58	78	27478	27639	tumor_like	medium	1	1	0	0	0	0	0	0	0	0	0	0
GTACTTAGCCACGCTT-1	1	18	46	24213	20736	tumor_like	medium	1	1	0	1	0	0	0	0	1	0.2	0	0
GTACTTAGTTCGGCCG-1	1	60	70	26679	27993	tumor_like	medium	1	1	5	1	1	0	0	0	2	0.4	1	1
GTACTTCCAGCGTAGA-1	1	56	78	27475	27293	tumor_like	medium	1	1	2	0	0	0	0	0	0	0	0	0
GTACTTCGCCATCTAT-1	1	25	51	24725	21944	tumor_like	medium	1	1	0	0	0	0	0	0	0	0	0	0
GTACTTCGCCTCTATG-1	1	112	108	30562	36971	tumor_like	medium	1	1	20	7	0	0	9	0	16	3.2	1	7
GTACTTCGTTACTTGA-1	1	89	55	25220	33029	tumor_like	medium	1	1	118	9	0	0	18	0	27	5.4	1	9
GTACTTCTTGGTTAAC-1	1	93	117	31435	33670	tumor_like	medium	1	1	49	8	0	0	6	0	14	2.8	1	8
GTACTTGTCTGTTGGC-1	1	113	85	28260	37162	tumor_like	medium	1	1	52	8	5	0	12	0	25	5	1	8
GTACTTGTGCGTGCAT-1	1	69	89	28595	29535	tumor_like	medium	1	1	17	0	0	0	5	0	5	1	0	0
GTAGAACAAGCGCACT-1	1	50	184	38082	26163	tumor_like	medium	1	1	7	10	1	0	0	0	11	2.2	1	7
GTAGAAGTGACAGGTG-1	1	13	59	25508	19858	tumor_like	medium	1	1	0	0	0	0	0	0	0	0	0	0
GTAGAATTACTTCAGC-1	1	109	129	32661	36432	tumor_like	medium	1	1	11	0	0	0	1	0	1	0.2	0	0
GTAGACAAGCATTCAG-1	1	25	193	38947	21822	tumor_like	medium	1	1	38	3	2	0	4	0	9	1.8	1	3
GTAGACAAGCTCACGC-1	1	66	200	39708	28922	tumor_like	medium	1	1	22	0	0	0	3	0	3	0.6	0	0
GTAGACGGCAAGTACA-1	1	50	124	32073	26214	tumor_like	medium	1	1	16	3	0	0	2	0	5	1	1	3
GTAGACGGCGTGAGCT-1	1	81	109	30616	31597	tumor_like	medium	1	1	50	4	1	0	2	0	7	1.4	1	4
GTAGACGTACGGTGTC-1	1	120	58	25566	38399	tumor_like	medium	1	1	121	8	2	0	24	0	34	6.8	1	8
GTAGACGTGCCACCAT-1	1	85	51	24813	32340	tumor_like	medium	1	1	135	9	0	0	13	0	22	4.4	1	9
GTAGACTCCGATCTAC-1	1	100	162	35953	34845	tumor_like	medium	1	1	8	2	1	0	2	0	5	1	1	2
GTAGACTCCTGAATTC-1	1	25	123	31936	21882	tumor_like	medium	1	1	26	4	0	0	1	0	5	1	1	4
GTAGACTCTATCGCGA-1	1	27	193	38950	22169	tumor_like	medium	1	1	33	1	0	0	6	0	7	1.4	1	1
GTAGCAACCGGTTATT-1	1	98	42	23931	34601	tumor_like	medium	1	1	97	11	0	0	16	0	27	5.4	1	11
GTAGCAACGCTTAATC-1	1	29	199	39554	22510	tumor_like	medium	1	1	3	0	0	0	1	0	1	0.2	0	0
GTAGCAACGTGCTAGA-1	1	27	187	38349	22174	tumor_like	medium	1	1	19	10	0	0	6	0	16	3.2	1	10
GTAGCACCAGTGCTGG-1	1	87	213	41041	32548	tumor_like	medium	1	1	31	3	1	0	8	0	12	2.4	1	3
GTAGCACCTCGATCAC-1	1	82	92	28915	31786	tumor_like	medium	1	1	100	6	0	0	16	0	22	4.4	1	6
GTAGCACGACTCACTG-1	1	64	100	29690	28660	tumor_like	medium	1	1	22	4	0	0	4	0	8	1.6	1	4
GTAGCAGACGGCCAAC-1	1	119	49	24663	38233	tumor_like	medium	1	1	399	6	1	0	30	0	37	7.4	1	6
GTAGCAGAGTTATGTA-1	1	84	118	31522	32110	tumor_like	medium	1	1	25	2	0	0	3	0	5	1	1	2
GTAGCAGATGGTTGTC-1	1	79	153	35020	31213	tumor_like	medium	1	1	45	2	1	0	4	0	7	1.4	1	2
GTAGCATACCGTCTTA-1	1	62	210	40704	28220	tumor_like	medium	1	1	22	0	0	0	7	0	7	1.4	0	0
GTAGCATACCTAGCGA-1	1	65	143	33998	28796	tumor_like	medium	1	1	8	0	0	0	3	0	3	0.6	0	0
GTAGCATCTATCCTCG-1	1	70	120	31702	29683	tumor_like	medium	1	1	17	0	0	0	4	0	4	0.8	0	0
GTAGCCACAAGCTTAG-1	1	22	40	23618	21434	tumor_like	medium	1	1	0	0	1	0	0	0	1	0.2	0	0
GTAGCCGCATTAGAAG-1	1	68	24	22084	29418	tumor_like	medium	1	1	0	0	0	0	0	0	0	0	0	0
GTAGCCTCGTGCAGAT-1	1	86	82	27919	32488	tumor_like	medium	1	1	24	3	0	0	7	0	10	2	1	3
GTAGCGACCATCGCCA-1	1	58	70	26676	27646	tumor_like	medium	1	1	8	1	0	0	0	0	1	0.2	1	1
GTAGCGACTAACTATG-1	1	89	71	26822	33016	tumor_like	medium	1	1	106	2	0	0	24	0	26	5.2	1	2
GTAGCGCTGACATTAA-1	1	80	118	31516	31417	tumor_like	medium	1	1	38	1	2	0	2	0	5	1	1	1
GTAGCGGTATCGTGCG-1	1	56	98	29478	27276	tumor_like	medium	1	1	58	1	0	0	5	0	6	1.2	1	1
GTAGCGGTTGGTACAA-1	1	104	150	34757	35549	tumor_like	medium	1	1	16	1	0	0	2	0	3	0.6	1	1
GTAGCGTAGGCGAACT-1	1	12	152	34821	19606	tumor_like	medium	1	1	2	1	0	0	0	0	1	0.2	1	1
GTAGCGTGCTACAGAA-1	1	104	46	24340	35637	tumor_like	medium	1	1	143	30	0	0	23	0	53	10.6	1	30
GTAGGACTAATCCACG-1	1	97	43	24030	34426	tumor_like	medium	1	1	151	11	1	0	17	0	29	5.8	1	11
GTAGGAGCTTGTAGCG-1	1	15	73	26913	20192	tumor_like	medium	1	1	0	1	0	0	0	0	1	0.2	0	0
GTAGGCTGACAAGCTA-1	1	64	46	24281	28706	tumor_like	medium	1	1	6	0	0	0	0	0	0	0	0	0
GTAGGTCCACTCAAGC-1	1	66	84	28090	29021	tumor_like	medium	1	1	4	1	0	0	0	0	1	0.2	1	1
GTAGGTGACCTCCACC-1	1	75	187	38420	30491	tumor_like	medium	1	1	23	2	1	0	3	0	6	1.2	1	2
GTAGGTGACGGCCTGT-1	1	63	125	32192	28465	tumor_like	medium	1	1	36	4	1	0	4	0	9	1.8	1	4
GTAGGTGATCGACGCA-1	1	26	58	25427	22112	tumor_like	medium	1	1	0	0	0	0	0	0	0	0	0	0
GTAGTCACCAGGAACG-1	1	1	113	30899	17732	tumor_like	medium	1	1	14	0	0	0	0	0	0	0	0	0
GTAGTCTACATTAGCA-1	1	79	61	25806	31292	tumor_like	medium	1	1	203	0	0	0	11	0	11	2.2	0	0
GTAGTTAGTATCTGTC-1	1	27	77	27332	22268	tumor_like	medium	1	1	1	0	0	0	0	0	0	0	0	0
GTAGTTGCTTGATGGA-1	1	116	10	20752	37747	tumor_like	medium	1	1	33	10	0	0	9	0	19	3.8	1	10
GTAGTTGTCGCTATTA-1	1	102	78	27542	35263	tumor_like	medium	1	1	183	42	2	0	30	0	74	14.8	1	42
GTATAACTACGCACTC-1	1	93	103	30033	33682	tumor_like	medium	1	1	110	2	0	0	13	0	15	3	1	2
GTATAACTTGAATTGC-1	1	90	200	39744	33080	tumor_like	medium	1	1	19	1	0	0	3	0	4	0.8	1	1
GTATAAGGAACGACCG-1	1	61	127	32390	28117	tumor_like	medium	1	1	61	16	1	0	6	0	23	4.6	1	16
GTATAATCGAGGCTTG-1	1	81	207	40432	31514	tumor_like	medium	1	1	64	1	1	0	6	0	8	1.6	1	1
GTATAATCGGCACCTT-1	1	53	173	36985	26691	tumor_like	medium	1	1	2	11	1	0	1	0	13	2.6	1	2
GTATACAGCCGTCATG-1	1	67	101	29794	29178	tumor_like	medium	1	1	45	4	0	0	3	0	7	1.4	1	4
GTATACAGTCCTGGTT-1	1	25	65	26127	21932	tumor_like	medium	1	1	0	0	0	0	0	0	0	0	0	0
GTATACCGATGTATTG-1	1	84	140	33726	32092	tumor_like	medium	1	1	35	4	0	0	3	0	7	1.4	1	4
GTATACCGCCAGTGAG-1	1	0	38	23386	17624	ambiguous_or_low_signal	low	0	0	0	0	0	0	0	0	0	0	0	0
GTATACCGCTCACTGC-1	1	82	134	33122	31750	tumor_like	medium	1	1	12	2	1	0	1	0	4	0.8	1	2
GTATACGACCGAAGTA-1	1	87	191	38838	32567	tumor_like	medium	1	1	21	0	0	0	1	0	1	0.2	0	0
GTATACGATATTCAAT-1	1	95	17	21423	34102	tumor_like	medium	1	1	32	0	0	0	3	0	3	0.6	0	0
GTATACGATCTGCCTC-1	1	56	110	30680	27266	tumor_like	medium	1	1	71	5	0	0	7	0	12	2.4	1	5
GTATACGCACCATGCT-1	1	110	50	24750	36673	tumor_like	medium	1	1	146	9	2	0	30	0	41	8.2	1	9
GTATACGCCAGCTGGC-1	1	90	188	38542	33090	tumor_like	medium	1	1	0	0	0	0	0	0	0	0	0	0
GTATACGCGTATACCG-1	1	22	166	36238	21327	tumor_like	medium	1	1	2	1	0	0	1	0	2	0.4	1	1
GTATACGGAAGGAGGT-1	1	99	101	29842	34723	tumor_like	medium	1	1	124	6	0	0	16	0	22	4.4	1	6
GTATACTCTGGTAGGT-1	1	107	117	31456	36095	tumor_like	medium	1	1	38	2	0	0	7	0	9	1.8	1	2
GTATACTGCCAACTCA-1	1	20	54	25018	21076	tumor_like	medium	1	1	1	0	0	0	0	0	0	0	0	0
GTATACTGGTACTCCT-1	1	3	211	40717	17995	tumor_like	medium	1	1	2	0	0	0	0	0	0	0	0	0
GTATACTTCTTAACTA-1	1	121	75	27270	38557	tumor_like	medium	1	1	108	8	0	0	17	0	25	5	1	8
GTATAGACCAATGCCG-1	1	90	136	33334	33135	tumor_like	medium	1	1	76	1	0	0	7	0	8	1.6	1	1
GTATAGCACCAGGTCT-1	1	51	179	37583	26339	tumor_like	medium	1	1	7	7	0	0	1	0	8	1.6	1	7
GTATAGTATCAACCTA-1	1	44	172	36872	25134	tumor_like	medium	1	1	26	7	0	0	3	0	10	2	1	7
GTATCCAGACATGGAG-1	1	29	165	36148	22539	tumor_like	medium	1	1	32	1	0	0	5	0	6	1.2	1	1
GTATCTAATATGAGGC-1	1	78	186	38324	31013	tumor_like	medium	1	1	18	3	0	0	4	0	7	1.4	1	3
GTATCTATCGGCCGGA-1	1	115	5	20250	37577	tumor_like	medium	1	1	35	2	0	0	4	0	6	1.2	1	2
GTATCTATTCGTCTAT-1	1	93	121	31836	33666	tumor_like	medium	1	1	79	6	3	0	10	0	19	3.8	1	6
GTATCTGCTATTAACG-1	1	81	155	35224	31558	tumor_like	medium	1	1	79	0	0	0	4	1	5	1	0	0
GTATCTGGTGTCCTAT-1	1	10	68	26405	19331	tumor_like	medium	1	1	0	0	0	0	0	0	0	0	0	0
GTATCTGTAGATCATA-1	1	27	173	36947	22186	tumor_like	medium	1	1	15	0	0	0	0	0	0	0	0	0
GTATCTGTATAAGTGG-1	1	79	137	33418	31227	tumor_like	medium	1	1	40	2	0	0	4	0	6	1.2	1	2
GTATGACCTCACAGGC-1	1	64	84	28087	28674	tumor_like	medium	1	1	8	0	0	0	1	0	1	0.2	0	0
GTATGATATGGCAAGC-1	1	50	132	32874	26207	tumor_like	medium	1	1	18	1	0	0	2	0	3	0.6	1	1
GTATGATCATAATCTG-1	1	18	220	41641	20588	tumor_like	medium	1	1	1	0	0	0	1	0	1	0.2	0	0
GTATGCACTGTTACAA-1	1	71	31	22789	29931	tumor_like	medium	1	1	1	0	0	0	0	0	0	0	0	0
GTATGCCAACATTCTT-1	1	111	151	34867	36760	tumor_like	medium	1	1	12	0	0	0	1	0	1	0.2	0	0
GTATGCCACTATCCAA-1	1	62	194	39102	28234	tumor_like	medium	1	1	16	0	0	0	2	0	2	0.4	0	0
GTATGCCGACGGTTCC-1	1	68	78	27492	29372	tumor_like	medium	1	1	3	0	0	0	0	0	0	0	0	0
GTATGCCGGCCAGTGA-1	1	34	200	39661	23377	tumor_like	medium	1	1	5	1	0	0	1	0	2	0.4	1	1
GTATGCCTTCGTATGT-1	1	1	23	21885	17809	tumor_like	medium	1	1	0	0	0	0	0	1	1	0.2	0	0
GTATGCGACGGTCATA-1	1	91	125	32234	33316	tumor_like	medium	1	1	54	0	0	0	7	0	7	1.4	0	0
GTATGCGACTGGTCGA-1	1	65	113	30993	28822	tumor_like	medium	1	1	20	0	0	0	5	0	5	1	0	0
GTATGCGAGCAACGTT-1	1	41	57	25349	24711	tumor_like	medium	1	1	5	0	0	0	2	0	2	0.4	0	0
GTATGCGGTAACTCAG-1	1	111	55	25252	36841	tumor_like	medium	1	1	245	18	1	0	23	1	43	8.6	1	18
GTATGGACTAGTCGTA-1	1	18	162	35832	20637	tumor_like	medium	1	1	7	0	0	0	2	0	2	0.4	0	0
GTATGGAGCCTGAGGT-1	1	71	205	40217	29783	tumor_like	medium	1	1	6	1	0	0	1	0	2	0.4	1	1
GTATGGATGCAATTCC-1	1	55	147	34384	27060	tumor_like	medium	1	1	16	0	0	0	1	0	1	0.2	0	0
GTATGGTGTCCTATAA-1	1	11	109	30513	19468	tumor_like	medium	1	1	4	0	0	0	2	0	2	0.4	0	0
GTATGGTTCAGAGCAT-1	1	108	10	20741	36361	tumor_like	medium	1	1	1	1	1	0	0	1	3	0.6	1	1
GTATGTAGTGACTCTA-1	1	27	201	39751	22162	tumor_like	medium	1	1	5	0	1	0	4	0	5	1	0	0
GTATGTCCGCACCGAA-1	1	13	165	36125	19767	tumor_like	medium	1	1	8	0	0	0	5	0	5	1	0	0
GTATGTCCTGCGGCCT-1	1	80	58	25507	31469	tumor_like	medium	1	1	183	2	1	0	10	0	13	2.6	1	2
GTATGTCGCTTGTTAT-1	1	24	80	27628	21747	tumor_like	medium	1	1	1	0	0	0	0	0	0	0	0	0
GTATGTCTACGCTAGT-1	1	89	103	30027	32989	tumor_like	medium	1	1	76	1	0	0	5	0	6	1.2	1	1
GTATGTCTCGGACCTG-1	1	76	114	31110	30728	tumor_like	medium	1	1	10	2	0	0	2	0	4	0.8	1	2
GTATGTCTTCGCGTCA-1	1	91	57	25423	33374	tumor_like	medium	1	1	134	18	0	1	17	0	36	7.2	1	18
GTATGTGCGGAACTTG-1	1	107	5	20238	36191	tumor_like	medium	1	1	14	1	0	0	4	0	5	1	1	1
GTATGTTCAGGCTATG-1	1	86	174	37134	32409	tumor_like	medium	1	1	7	0	0	0	2	0	2	0.4	0	0
GTATGTTCGGATTCAA-1	1	38	186	38265	24082	tumor_like	medium	1	1	6	8	0	0	1	0	9	1.8	1	6
GTATGTTCTGCCATCA-1	1	52	124	32076	26561	tumor_like	medium	1	1	27	3	0	0	2	0	5	1	1	3
GTATTAATCCTATCAT-1	1	85	45	24212	32345	tumor_like	medium	1	1	71	5	1	0	7	0	13	2.6	1	5
GTATTACGCACTGTCC-1	1	118	128	32574	37993	tumor_like	medium	1	1	29	8	0	1	4	0	13	2.6	1	8
GTATTACGCAGTAGAT-1	1	100	160	35752	34847	tumor_like	medium	1	1	27	3	0	0	6	0	9	1.8	1	3
GTATTACGTCTGATTG-1	1	95	97	29435	34033	tumor_like	medium	1	1	312	8	1	0	17	0	26	5.2	1	8
GTATTACGTGCAACCT-1	1	114	142	33970	37288	tumor_like	medium	1	1	12	2	0	0	1	0	3	0.6	1	2
GTATTAGAGGACTCGC-1	1	65	129	32596	28808	tumor_like	medium	1	1	15	2	0	0	1	0	3	0.6	1	2
GTATTAGGTGTAGAAT-1	1	122	84	28173	38724	tumor_like	medium	1	1	41	3	0	0	3	0	6	1.2	1	3
GTATTATGATGCATAC-1	1	39	131	32758	24301	tumor_like	medium	1	1	3	0	0	0	1	0	1	0.2	0	0
GTATTATGCAACATGG-1	1	20	208	40442	20944	tumor_like	medium	1	1	5	2	0	1	0	0	3	0.6	1	2
GTATTATGCTGACACT-1	1	15	71	26713	20194	tumor_like	medium	1	1	0	0	0	0	0	0	0	0	0	0
GTATTATGTCCGCTGT-1	1	124	68	26573	39084	tumor_like	medium	1	1	68	4	0	2	13	0	19	3.8	1	4
GTATTATGTCCTGATG-1	1	90	132	32933	33138	tumor_like	medium	1	1	47	4	0	0	8	0	12	2.4	1	4
GTATTATGTTCCTGCG-1	1	48	120	31669	25871	tumor_like	medium	1	1	4	4	0	0	2	0	6	1.2	1	4
GTATTCAGGACTCCGT-1	1	48	192	38881	25810	tumor_like	medium	1	1	0	2	0	0	0	1	3	0.6	0	0
GTATTCTGATCTCATC-1	1	98	146	34347	34512	tumor_like	medium	1	1	24	1	0	0	6	0	7	1.4	1	1
GTATTGGCTCTTAGAT-1	1	40	172	36866	24440	tumor_like	medium	1	1	23	5	0	0	3	0	8	1.6	1	5
GTCAACCGGAATAGTG-1	1	85	85	28218	32311	tumor_like	medium	1	1	44	4	0	0	6	0	10	2	1	4
GTCAACCTAAGCAATG-1	1	64	160	35699	28609	tumor_like	medium	1	1	16	0	0	0	2	0	2	0.4	0	0
GTCAACCTAGATTGAG-1	1	63	121	31792	28468	tumor_like	medium	1	1	13	4	0	0	1	0	5	1	1	4
GTCAACCTGGCTGCTC-1	1	71	137	33406	29841	tumor_like	medium	1	1	26	2	1	0	7	0	10	2	1	2
GTCAACGCCAGTGGAG-1	1	15	125	32121	20148	tumor_like	medium	1	1	28	6	0	0	5	0	11	2.2	1	6
GTCAACGCGAACTACG-1	1	112	162	35970	36924	tumor_like	medium	1	1	1	0	0	0	0	0	0	0	0	0
GTCAACGCTAGACCTA-1	1	100	50	24735	34941	tumor_like	medium	1	1	202	38	3	0	34	1	76	15.2	1	38
GTCAACGTTCCAGATA-1	1	12	142	33820	19614	tumor_like	medium	1	1	15	0	0	0	1	0	1	0.2	0	0
GTCAACTCGCAGCGTT-1	1	108	72	26950	36308	tumor_like	medium	1	1	187	15	1	0	18	0	34	6.8	1	15
GTCACCAAGCTGTCTA-1	1	83	47	24410	31997	tumor_like	medium	1	1	74	1	0	0	20	0	21	4.2	1	1
GTCACCGGCATGCACG-1	1	108	82	27952	36300	tumor_like	medium	1	1	189	7	2	0	20	0	29	5.8	1	7
GTCACTAACCGGCCAG-1	1	55	141	33783	27065	tumor_like	medium	1	1	28	0	0	0	2	0	2	0.4	0	0
GTCACTACAGCTGTAC-1	1	123	119	31680	38866	tumor_like	medium	1	1	33	4	1	0	11	1	17	3.4	1	4
GTCACTACAGTAGATA-1	1	40	144	34061	24464	tumor_like	medium	1	1	3	1	0	0	2	0	3	0.6	1	1
GTCACTCGAAGGTCTT-1	1	74	60	25698	30427	tumor_like	medium	1	1	49	0	0	0	5	0	5	1	0	0
GTCACTCGGCCGATTG-1	1	90	112	30930	33155	tumor_like	medium	1	1	50	0	1	0	2	0	3	0.6	0	0
GTCACTGGCCAGTTAA-1	1	104	116	31351	35578	tumor_like	medium	1	1	28	0	0	0	5	0	5	1	0	0
GTCACTGGCTTAGCGG-1	1	73	197	39418	30136	tumor_like	medium	1	1	12	1	0	0	1	0	2	0.4	1	1
GTCACTGGTGTTACCG-1	1	58	52	24873	27662	tumor_like	medium	1	1	2	0	0	0	1	0	1	0.2	0	0
GTCACTGTAACCGACA-1	1	108	56	25348	36322	tumor_like	medium	1	1	251	8	0	0	25	0	33	6.6	1	8
GTCACTGTCCTTGGCG-1	1	101	125	32248	35049	tumor_like	medium	1	1	57	4	0	1	6	0	11	2.2	1	4
GTCACTGTTGAGCGAC-1	1	98	194	39155	34471	tumor_like	medium	1	1	1	0	0	0	0	0	0	0	0	0
GTCACTTAATTCGGCA-1	1	72	48	24493	30091	tumor_like	medium	1	1	28	0	0	0	1	0	1	0.2	0	0
GTCACTTAGATTACAG-1	1	62	78	27483	28333	tumor_like	medium	1	1	1	1	1	0	1	0	3	0.6	1	1
GTCACTTATCGGCGTA-1	1	16	78	27416	20362	tumor_like	medium	1	1	0	0	1	0	0	0	1	0.2	0	0
GTCACTTATGTAACTA-1	1	59	61	25776	27826	tumor_like	medium	1	1	4	0	0	0	2	0	2	0.4	0	0
GTCACTTATTGGATCT-1	1	107	89	28652	36119	tumor_like	medium	1	1	83	9	0	0	11	0	20	4	1	9
GTCAGAATCTGCCTTG-1	1	109	7	20442	36536	tumor_like	medium	1	1	2	2	0	0	0	0	2	0.4	1	2
GTCAGCCGACGCGAGC-1	1	120	60	25766	38398	tumor_like	medium	1	1	182	7	0	0	31	1	39	7.8	1	7
GTCAGCCGGCTAGAAG-1	1	13	127	32319	19800	tumor_like	medium	1	1	13	4	0	0	0	0	4	0.8	1	4
GTCAGCCGTCACAGGT-1	1	65	21	21779	28900	tumor_like	medium	1	1	3	0	0	0	0	0	0	0	0	0
GTCAGCCGTGACCTCA-1	1	80	104	30114	31429	tumor_like	medium	1	1	20	0	0	0	3	0	3	0.6	0	0
GTCAGCCTGCAGTACA-1	1	82	80	27713	31796	tumor_like	medium	1	1	59	0	0	0	7	0	7	1.4	0	0
GTCAGCCTGTCGACTT-1	1	30	186	38253	22696	tumor_like	medium	1	1	34	2	1	0	4	0	7	1.4	1	2
GTCAGCCTTGGTCAAG-1	1	108	120	31758	36267	tumor_like	medium	1	1	21	1	0	0	8	0	9	1.8	1	1
GTCAGCGAGCCGGTCA-1	1	48	170	36677	25828	tumor_like	medium	1	1	5	14	1	0	1	0	16	3.2	1	5
GTCAGCGGTGTTCATT-1	1	68	192	38910	29275	tumor_like	medium	1	1	43	1	0	0	3	0	4	0.8	1	1
GTCAGCTCATGCTCAA-1	1	0	90	28594	17580	tumor_like	medium	1	1	0	0	0	0	1	0	1	0.2	0	0
GTCAGCTCCTTCACTC-1	1	8	206	40224	18867	tumor_like	medium	1	1	2	0	0	0	0	0	0	0	0	0
GTCAGCTCGCACGGAC-1	1	105	97	29450	35766	tumor_like	medium	1	1	238	2	0	0	18	0	20	4	1	2
GTCAGCTCGTCCTACC-1	1	108	90	28753	36293	tumor_like	medium	1	1	45	6	1	0	11	0	18	3.6	1	6
GTCAGCTGTAACTAAC-1	1	24	144	34038	21692	tumor_like	medium	1	1	22	2	0	0	5	0	7	1.4	1	2
GTCAGCTTCAGCCAGT-1	1	68	86	28294	29365	tumor_like	medium	1	1	7	0	1	0	2	0	3	0.6	0	0
GTCAGCTTCCTTCGCA-1	1	58	156	35290	27573	tumor_like	medium	1	1	6	15	0	0	1	0	16	3.2	1	6
GTCAGCTTGCTCGTTG-1	1	33	175	37156	23224	tumor_like	medium	1	1	41	3	0	0	7	0	10	2	1	3
GTCAGGACATCTCCGT-1	1	112	102	29961	36976	tumor_like	medium	1	1	20	2	1	0	1	0	4	0.8	1	2
GTCAGGAGAAGTAGGA-1	1	33	179	37556	23221	tumor_like	medium	1	1	20	3	0	0	4	0	7	1.4	1	3
GTCAGGAGTGCATTAG-1	1	94	202	39950	33771	tumor_like	medium	1	1	30	2	0	0	1	0	3	0.6	1	2
GTCAGGAGTGTCTATC-1	1	72	122	31905	30028	tumor_like	medium	1	1	20	1	1	0	2	0	4	0.8	1	1
GTCAGGATGCACAATT-1	1	110	8	20543	36709	tumor_like	medium	1	1	0	2	2	0	4	0	8	1.6	0	0
GTCAGGATGCTGTTGA-1	1	84	76	27316	32146	tumor_like	medium	1	1	68	2	0	1	14	0	17	3.4	1	2
GTCAGTAACCGCCATT-1	1	8	142	33814	18921	tumor_like	medium	1	1	45	2	0	0	8	0	10	2	1	2
GTCAGTAAGTTATTCC-1	1	4	148	34409	18223	tumor_like	medium	1	1	5	1	0	0	2	0	3	0.6	1	1
GTCAGTAGATTAGCCA-1	1	82	190	38730	31702	tumor_like	medium	1	1	26	3	1	0	4	0	8	1.6	1	3
GTCAGTAGGTTGGAGT-1	1	102	48	24538	35289	tumor_like	medium	1	1	163	70	7	0	16	0	93	18.6	1	70
GTCAGTATTGGACTAT-1	1	99	53	25034	34764	tumor_like	medium	1	1	222	57	3	0	32	0	92	18.4	1	57
GTCAGTCCAGACGCAG-1	1	122	42	23966	38760	tumor_like	medium	1	1	158	6	1	0	24	0	31	6.2	1	6
GTCAGTCCAGATTGCC-1	1	93	119	31636	33668	tumor_like	medium	1	1	78	11	0	0	8	0	19	3.8	1	11
GTCAGTGCATGGAAGA-1	1	115	87	28463	37507	tumor_like	medium	1	1	127	27	2	0	14	1	44	8.8	1	27
GTCAGTGCTAATGGTC-1	1	12	166	36223	19594	tumor_like	medium	1	1	5	0	0	0	5	0	5	1	0	0
GTCAGTGGAATGCTGA-1	1	91	131	32835	33311	tumor_like	medium	1	1	57	0	0	0	8	0	8	1.6	0	0
GTCAGTTAGCGATGGA-1	1	125	97	29479	39231	tumor_like	medium	1	1	14	3	0	0	3	0	6	1.2	1	3
GTCAGTTATGCCGCTG-1	1	64	212	40907	28565	tumor_like	medium	1	1	25	1	0	0	4	0	5	1	1	1
GTCAGTTCAATGGATC-1	1	54	56	25268	26965	tumor_like	medium	1	1	5	0	0	0	0	0	0	0	0	0
GTCAGTTGACATCGCT-1	1	69	15	21184	29598	tumor_like	medium	1	1	0	0	0	0	0	0	0	0	0	0
GTCATAACCACGCACC-1	1	100	12	20929	34973	tumor_like	medium	1	1	19	2	0	0	7	0	9	1.8	1	2
GTCATAAGCCGTGGCG-1	1	34	180	37658	23394	tumor_like	medium	1	1	17	6	1	1	3	0	11	2.2	1	6
GTCATATCGTTGACAA-1	1	89	207	40443	32900	tumor_like	medium	1	1	6	0	0	0	0	0	0	0	0	0
GTCATCAACGAAGCCG-1	1	94	156	35343	33811	tumor_like	medium	1	1	51	9	0	0	6	0	15	3	1	9
GTCATCAATCCGGAGT-1	1	95	163	36045	33977	tumor_like	medium	1	1	22	0	0	0	7	0	7	1.4	0	0
GTCATCAATTATGCTA-1	1	59	167	36393	27736	tumor_like	medium	1	1	7	9	0	0	0	0	9	1.8	1	7
GTCATCACTGACCGCC-1	1	43	59	25552	25056	tumor_like	medium	1	1	6	0	0	0	0	0	0	0	0	0
GTCATCCACGCCGTGA-1	1	63	59	25582	28521	tumor_like	medium	1	1	9	0	0	0	0	0	0	0	0	0
GTCATCCAGCGGCTAA-1	1	21	77	27323	21228	tumor_like	medium	1	1	1	1	0	0	0	0	1	0.2	1	1
GTCATCCGAGTACTCC-1	1	106	118	31555	35922	tumor_like	medium	1	1	24	0	0	0	2	0	2	0.4	0	0
GTCATCGTGATGCGAG-1	1	90	88	28526	33176	tumor_like	medium	1	1	97	8	0	0	12	0	20	4	1	8
GTCATCTGATCCGCTA-1	1	111	1	19844	36888	tumor_like	medium	1	1	56	0	0	0	9	0	9	1.8	0	0
GTCATTGTGCATAAGT-1	1	33	203	39960	23200	tumor_like	medium	1	1	5	1	0	0	0	0	1	0.2	1	1
GTCCACAAGTTACATC-1	1	7	211	40723	18688	tumor_like	medium	1	1	1	0	0	0	0	0	0	0	0	0
GTCCACGGCATCGGTA-1	1	64	94	29089	28665	tumor_like	medium	1	1	13	0	0	0	2	0	2	0.4	0	0
GTCCACTATGAGATGG-1	1	96	12	20923	34280	tumor_like	medium	1	1	13	0	0	0	0	0	0	0	0	0
GTCCAGAAGTCTACGC-1	1	79	145	34219	31220	tumor_like	medium	1	1	83	4	0	0	5	0	9	1.8	1	4
GTCCAGACGGACTCCG-1	1	119	101	29871	38188	tumor_like	medium	1	1	61	8	0	0	12	0	20	4	1	8
GTCCAGATGGTTGTTC-1	1	94	216	41352	33760	tumor_like	medium	1	1	1	0	0	0	0	0	0	0	0	0
GTCCAGATTCCACTAG-1	1	63	189	38602	28410	tumor_like	medium	1	1	14	1	0	0	3	0	4	0.8	1	1
GTCCAGATTCGCAGTG-1	1	122	70	26771	38736	tumor_like	medium	1	1	102	15	2	0	17	0	34	6.8	1	15
GTCCAGCGATGTCCGA-1	1	51	189	38585	26331	tumor_like	medium	1	1	4	0	0	0	1	0	1	0.2	0	0
GTCCAGTTCTGATGGT-1	1	0	76	27192	17591	tumor_like	medium	1	1	0	0	0	0	0	0	0	0	0	0
GTCCAGTTGAAGTGAA-1	1	116	104	30167	37667	tumor_like	medium	1	1	42	8	0	0	10	0	18	3.6	1	8
GTCCAGTTGCACAGCT-1	1	94	130	32739	33833	tumor_like	medium	1	1	13	2	0	0	4	0	6	1.2	1	2
GTCCATCACTCAATTG-1	1	68	126	32300	29331	tumor_like	medium	1	1	29	4	0	0	8	1	13	2.6	1	4
GTCCGATCCTCGACTG-1	1	87	151	34832	32601	tumor_like	medium	1	1	18	4	0	0	5	0	9	1.8	1	4
GTCCGTACAGGTTGAT-1	1	34	172	36857	23401	tumor_like	medium	1	1	36	4	0	0	9	0	13	2.6	1	4
GTCCGTACCGAAGGAA-1	1	103	103	30048	35414	tumor_like	medium	1	1	123	4	3	0	24	0	31	6.2	1	4
GTCCGTCACGCTGGTA-1	1	7	47	24297	18828	tumor_like	medium	1	1	0	0	0	0	0	0	0	0	0	0
GTCCTAATAGCGTGGT-1	1	82	54	25109	31818	tumor_like	medium	1	1	46	1	0	0	11	0	12	2.4	1	1
GTCCTAATCTGGCAAT-1	1	76	94	29107	30745	tumor_like	medium	1	1	34	0	0	0	5	0	5	1	0	0
GTCCTACAAGGTTGTA-1	1	101	5	20230	35151	tumor_like	medium	1	1	8	1	0	0	2	0	3	0.6	1	1
GTCCTCACTCGCTAAG-1	1	37	125	32154	23960	tumor_like	medium	1	1	7	1	0	0	2	0	3	0.6	1	1
GTCCTCCATACACGGC-1	1	55	75	27173	27121	tumor_like	medium	1	1	2	5	0	0	1	0	6	1.2	1	2
GTCCTGAGCCTTACAG-1	1	71	215	41218	29774	tumor_like	medium	1	1	4	4	0	0	2	0	6	1.2	1	4
GTCCTTACGCTCACGA-1	1	43	25	22147	25085	tumor_like	medium	1	1	2	0	0	0	0	0	0	0	0	0
GTCCTTATGAACTCGG-1	1	102	150	34754	35202	tumor_like	medium	1	1	59	1	0	0	9	0	10	2	1	1
GTCCTTATGACGTATT-1	1	111	59	25653	36838	tumor_like	medium	1	1	100	14	0	0	15	0	29	5.8	1	14
GTCCTTATGATAAGCG-1	1	21	215	41144	21111	tumor_like	medium	1	1	1	3	0	1	0	0	4	0.8	1	1
GTCCTTATGCGATTGT-1	1	38	156	35260	24108	tumor_like	medium	1	1	16	2	0	0	2	0	4	0.8	1	2
GTCCTTCAGCAATGTA-1	1	96	128	32541	34181	tumor_like	medium	1	1	53	9	0	1	9	0	19	3.8	1	9
GTCCTTCCGTTCCGTC-1	1	66	34	23082	29063	tumor_like	medium	1	1	0	0	0	0	0	0	0	0	0	0
GTCGAAGGATCTAGCA-1	1	45	31	22751	25426	ambiguous_or_low_signal	low	0	0	0	0	0	0	0	0	0	0	0	0
GTCGAATAAGAAGCCT-1	1	9	149	34516	19088	tumor_like	medium	1	1	3	2	0	0	0	0	2	0.4	1	2
GTCGAATAGAATGGAC-1	1	53	97	29373	26756	tumor_like	medium	1	1	38	0	0	0	3	0	3	0.6	0	0
GTCGAATAGGTTAAGG-1	1	52	42	23863	26631	tumor_like	medium	1	1	0	0	0	1	0	0	1	0.2	0	0
GTCGAGACTTGTGGCG-1	1	17	209	40538	20423	tumor_like	medium	1	1	1	0	0	0	0	0	0	0	0	0
GTCGAGATAGGCCTCC-1	1	112	120	31764	36960	tumor_like	medium	1	1	41	2	1	0	6	0	9	1.8	1	2
GTCGAGCGAGCTTAAT-1	1	98	64	26134	34582	tumor_like	medium	1	1	165	61	6	1	30	0	98	19.6	1	61
GTCGAGGACCGGTAAG-1	1	102	162	35956	35192	tumor_like	medium	1	1	11	1	1	0	3	0	5	1	1	1
GTCGAGGACTGCACTC-1	1	89	1	19811	33076	tumor_like	medium	1	1	16	13	2	0	7	0	22	4.4	1	13
GTCGAGGTCGCAGACA-1	1	37	53	24943	24021	tumor_like	medium	1	1	1	0	0	0	0	0	0	0	0	0
GTCGAGTAAGGATGCA-1	1	21	61	25720	21242	tumor_like	medium	1	1	0	0	0	0	0	0	0	0	0	0
GTCGAGTAGAAGTTCT-1	1	60	142	33890	27931	tumor_like	medium	1	1	2	0	0	0	0	0	0	0	0	0
GTCGAGTGAATCAGAA-1	1	103	151	34855	35373	tumor_like	medium	1	1	22	2	0	0	3	0	5	1	1	2
GTCGATCCATTAAGTG-1	1	66	74	27089	29029	tumor_like	medium	1	1	5	4	0	0	3	0	7	1.4	1	4
GTCGCAACCTCAGCCA-1	1	51	107	30372	26401	tumor_like	medium	1	1	41	2	0	0	6	0	8	1.6	1	2
GTCGCAACGTAACACG-1	1	69	73	26993	29549	tumor_like	medium	1	1	10	0	0	0	3	0	3	0.6	0	0
GTCGCAACTATGATGG-1	1	73	47	24395	30264	tumor_like	medium	1	1	45	4	1	0	3	0	8	1.6	1	4
GTCGCAATAGTAACCG-1	1	105	15	21237	35836	tumor_like	medium	1	1	8	1	0	0	1	0	2	0.4	1	1
GTCGCAATGAGCGACA-1	1	105	117	31453	35749	tumor_like	medium	1	1	32	1	1	0	6	0	8	1.6	1	1
GTCGCACCATCCGATC-1	1	24	62	25825	21762	tumor_like	medium	1	1	0	0	0	0	0	0	0	0	0	0
GTCGCACCGACATACC-1	1	117	143	34075	37806	tumor_like	medium	1	1	2	0	0	0	1	0	1	0.2	0	0
GTCGCACGCAGAAGTG-1	1	19	71	26719	20887	tumor_like	medium	1	1	0	1	0	0	0	0	1	0.2	0	0
GTCGCACTCAGTGATT-1	1	89	97	29426	32994	tumor_like	medium	1	1	176	12	2	0	15	0	29	5.8	1	12
GTCGCACTGTATCCAC-1	1	91	139	33636	33304	tumor_like	medium	1	1	53	2	1	0	5	0	8	1.6	1	2
GTCGCAGACAGTATAG-1	1	42	170	36668	24789	tumor_like	medium	1	1	19	2	0	0	3	0	5	1	1	2
GTCGCAGATATTCGCT-1	1	67	195	39209	29098	tumor_like	medium	1	1	34	0	0	0	5	0	5	1	0	0
GTCGCAGTGCGAACGA-1	1	24	122	31834	21711	tumor_like	medium	1	1	6	3	0	0	3	0	6	1.2	1	3
GTCGCAGTTACTCCGA-1	1	88	104	30126	32815	tumor_like	medium	1	1	58	0	0	0	8	0	8	1.6	0	0
GTCGCAGTTAGCATTC-1	1	15	61	25711	20202	tumor_like	medium	1	1	0	0	0	0	0	0	0	0	0	0
GTCGCATAAGGAAGGC-1	1	63	117	31391	28472	tumor_like	medium	1	1	20	0	0	0	4	0	4	0.8	0	0
GTCGCATAGCAGGTTA-1	1	65	211	40809	28738	tumor_like	medium	1	1	12	2	0	0	0	0	2	0.4	1	2
GTCGCATCACAAGCAG-1	1	84	64	26114	32156	tumor_like	medium	1	1	51	1	0	0	7	0	8	1.6	1	1
GTCGCATGCGACTCAA-1	1	93	79	27629	33702	tumor_like	medium	1	1	73	1	0	0	13	0	14	2.8	1	1
GTCGCATGGTCGTGTC-1	1	69	21	21785	29593	tumor_like	medium	1	1	1	0	0	0	1	0	1	0.2	0	0
GTCGCATTGCTAATAG-1	1	77	71	26804	30937	tumor_like	medium	1	1	20	0	0	0	0	0	0	0	0	0
GTCGCCTGCACGAGCC-1	1	90	194	39143	33085	tumor_like	medium	1	1	16	3	0	0	1	0	4	0.8	1	3
GTCGCCTTGTATTACT-1	1	124	102	29979	39055	tumor_like	medium	1	1	20	5	1	0	2	0	8	1.6	1	5
GTCGCTCCATAACATT-1	1	88	166	36336	32763	tumor_like	medium	1	1	18	0	0	0	3	0	3	0.6	0	0
GTCGGAATCTTCTAGA-1	1	75	97	29406	30568	tumor_like	medium	1	1	37	1	0	1	5	0	7	1.4	1	1
GTCGGCACGCGACGCT-1	1	32	106	30244	23111	tumor_like	medium	1	1	0	1	0	0	1	0	2	0.4	0	0
GTCGGCACTTGAAGGC-1	1	77	81	27806	30928	tumor_like	medium	1	1	34	0	0	0	1	0	1	0.2	0	0
GTCGGCCTGATGCTTA-1	1	103	157	35456	35368	tumor_like	medium	1	1	17	5	0	0	4	0	9	1.8	1	5
GTCGGTAATCAGCAAT-1	1	109	47	24448	36502	tumor_like	medium	1	1	185	5	2	0	27	0	34	6.8	1	5
GTCGGTCAGGAATCGA-1	1	59	179	37595	27726	tumor_like	medium	1	1	41	3	0	0	1	0	4	0.8	1	3
GTCGGTGGCGTTGCTT-1	1	2	128	32403	17894	tumor_like	medium	1	1	2	1	0	0	0	0	1	0.2	1	1
GTCGTAATTCCTGTCC-1	1	103	11	20833	35493	tumor_like	medium	1	1	18	4	0	0	1	0	5	1	1	4
GTCGTGACGACTCAAT-1	1	107	63	26047	36142	tumor_like	medium	1	1	219	11	2	0	22	0	35	7	1	11
GTCGTGACTTCGGTTG-1	1	69	93	28996	29532	tumor_like	medium	1	1	30	0	0	0	1	0	1	0.2	0	0
GTCGTGCGTCTAGACG-1	1	81	141	33821	31570	tumor_like	medium	1	1	43	1	0	0	8	0	9	1.8	1	1
GTCGTGCTCGTTGCTC-1	1	82	122	31920	31760	tumor_like	medium	1	1	13	1	0	0	4	0	5	1	1	1
GTCGTGGAGCCTAGCC-1	1	123	151	34885	38839	immune	medium	0	0	0	0	0	0	0	0	0	0	0	0
GTCGTGTCCTGATTGC-1	1	86	100	29722	32472	tumor_like	medium	1	1	54	0	0	0	4	0	4	0.8	0	0
GTCGTGTCGGAGATTA-1	1	66	102	29893	29005	tumor_like	medium	1	1	21	0	0	0	4	1	5	1	0	0
GTCGTTCAACCATCCA-1	1	101	63	26039	35102	tumor_like	medium	1	1	253	25	2	0	26	0	53	10.6	1	25
GTCTAAGACTAGGCTC-1	1	46	172	36875	25480	tumor_like	medium	1	1	6	4	0	0	2	0	6	1.2	1	4
GTCTAAGAGTGCCTAG-1	1	126	126	32385	39381	tumor_like	medium	1	1	82	5	1	0	4	0	10	2	1	5
GTCTACGTCATCGAAG-1	1	105	163	36060	35710	tumor_like	medium	1	1	19	0	0	0	4	0	4	0.8	0	0
GTCTAGAACTCGTCCG-1	1	75	77	27402	30585	tumor_like	medium	1	1	15	2	0	1	2	0	5	1	1	2
GTCTAGCAACTCGAAC-1	1	114	90	28762	37332	tumor_like	medium	1	1	69	8	3	0	6	0	17	3.4	1	8
GTCTAGCCGAAGGATG-1	1	118	142	33976	37981	tumor_like	medium	1	1	1	0	0	0	3	0	3	0.6	0	0
GTCTAGCCTGATTGCT-1	1	122	0	19760	38795	tumor_like	medium	1	1	14	5	1	0	5	0	11	2.2	1	5
GTCTAGGAACTTATTG-1	1	56	134	33083	27245	tumor_like	medium	1	1	30	6	0	0	6	0	12	2.4	1	6
GTCTAGGAGCGTTATT-1	1	70	30	22688	29760	tumor_like	medium	1	1	0	0	0	0	0	0	0	0	0	0
GTCTAGGATGAGAATC-1	1	3	115	31102	18077	tumor_like	medium	1	1	1	2	0	0	1	0	3	0.6	1	1
GTCTAGGTATTAGCAG-1	1	112	78	27557	36996	tumor_like	medium	1	1	111	17	1	0	21	0	39	7.8	1	17
GTCTAGTTAGCCATCG-1	1	93	191	38847	33607	tumor_like	medium	1	1	0	1	0	0	0	0	1	0.2	0	0
GTCTAGTTGAGGCAGA-1	1	16	74	27015	20366	tumor_like	medium	1	1	0	0	0	1	0	0	1	0.2	0	0
GTCTAGTTGGCACGGT-1	1	92	64	26126	33543	tumor_like	medium	1	1	111	17	3	0	17	0	37	7.4	1	17
GTCTAGTTGGTTATGA-1	1	125	143	34087	39192	tumor_like	medium	1	1	0	0	0	0	0	0	0	0	0	0
GTCTATAACTCCAACC-1	1	124	70	26774	39082	tumor_like	medium	1	1	47	6	0	0	10	0	16	3.2	1	6
GTCTATAACTGATTGT-1	1	39	187	38367	24253	tumor_like	medium	1	1	3	17	2	0	2	1	22	4.4	1	3
GTCTATACAGGCATGG-1	1	94	46	24326	33905	tumor_like	medium	1	1	168	39	4	1	20	0	64	12.8	1	39
GTCTATCACGACCAGG-1	1	43	177	37371	24955	tumor_like	medium	1	1	21	6	0	0	9	0	15	3	1	6
GTCTATCCATTCACAA-1	1	66	196	39308	28925	tumor_like	medium	1	1	22	0	0	0	7	0	7	1.4	0	0
GTCTATCGGAGCCTTA-1	1	26	178	37446	22010	tumor_like	medium	1	1	10	1	0	0	2	0	3	0.6	1	1
GTCTATCGTGGCTATC-1	1	11	213	40929	19380	tumor_like	medium	1	1	1	0	0	0	3	0	3	0.6	0	0
GTCTATGGATAGCTCG-1	1	29	73	26934	22618	tumor_like	medium	1	1	0	0	0	0	0	0	0	0	0	0
GTCTATGTGGAGTCGT-1	1	32	144	34049	23078	tumor_like	medium	1	1	4	0	0	0	0	0	0	0	0	0
GTCTATGTTCGCGAGT-1	1	22	172	36839	21322	tumor_like	medium	1	1	8	1	1	0	9	0	11	2.2	1	1
GTCTATTAACTCTATG-1	1	28	114	31039	22411	tumor_like	medium	1	1	2	0	0	0	0	0	0	0	0	0
GTCTATTACAGGCGCA-1	1	0	26	22184	17634	tumor_like	medium	1	1	0	0	0	0	0	0	0	0	0	0
GTCTATTCACTCGTCC-1	1	14	198	39431	19913	tumor_like	medium	1	1	1	0	0	0	0	0	0	0	0	0
GTCTATTCGTTACAAT-1	1	31	173	36953	22879	tumor_like	medium	1	1	40	4	0	0	5	0	9	1.8	1	4
GTCTATTGCAGTGATA-1	1	26	188	38448	22001	tumor_like	medium	1	1	36	1	1	1	7	0	10	2	1	1
GTCTCAAGTTCATTCA-1	1	22	220	41647	21281	tumor_like	medium	1	1	2	0	0	0	0	0	0	0	0	0
GTCTCACGCTCCACTG-1	1	37	121	31753	23963	tumor_like	medium	1	1	1	1	0	0	0	0	1	0.2	1	1
GTCTCACGTCACTTCG-1	1	97	149	34646	34335	tumor_like	medium	1	1	39	5	0	0	11	0	16	3.2	1	5
GTCTCATATGTATTAG-1	1	111	157	35468	36754	tumor_like	medium	1	1	0	0	0	0	0	0	0	0	0	0
GTCTCATATTAGATGA-1	1	66	14	21079	29080	ambiguous_or_low_signal	low	0	0	0	0	0	0	0	0	0	0	0	0
GTCTCATATTGGTGCG-1	1	24	214	41049	21632	tumor_like	medium	1	1	1	1	0	0	0	0	1	0.2	1	1
GTCTCCACTCGCATCT-1	1	118	86	28367	38029	tumor_like	medium	1	1	60	6	0	0	13	0	19	3.8	1	6
GTCTCCGGAGAATCGC-1	1	96	6	20322	34285	tumor_like	medium	1	1	15	1	0	0	0	0	1	0.2	1	1
GTCTCCTAAGTAGACA-1	1	25	113	30934	21891	tumor_like	medium	1	1	6	0	1	0	4	0	5	1	0	0
GTCTCCTACTTCGCAA-1	1	50	108	30470	26228	tumor_like	medium	1	1	15	3	0	0	1	0	4	0.8	1	3
GTCTCGCAAGCTATCT-1	1	68	72	26891	29377	tumor_like	medium	1	1	11	1	0	0	1	0	2	0.4	1	1
GTCTCGCATGTATGCC-1	1	23	57	25323	21592	ambiguous_or_low_signal	low	0	0	0	0	0	0	0	0	0	0	0	0
GTCTCGGAAGCGCCGT-1	1	57	77	27376	27466	tumor_like	medium	1	1	2	0	0	0	0	0	0	0	0	0
GTCTCGGTATCAACTC-1	1	12	216	41231	19551	tumor_like	medium	1	1	0	1	0	1	0	0	2	0.4	0	0
GTCTGAACCGTATGGC-1	1	13	217	41333	19723	tumor_like	medium	1	1	0	0	0	0	0	0	0	0	0	0
GTCTGAACTATTGGAT-1	1	81	51	24807	31647	tumor_like	medium	1	1	75	7	1	0	10	0	18	3.6	1	7
GTCTGACGAGCGAACA-1	1	29	63	25932	22626	tumor_like	medium	1	1	0	0	0	0	1	0	1	0.2	0	0
GTCTGACGCCACTCAC-1	1	70	202	39915	29613	tumor_like	medium	1	1	12	0	0	0	1	0	1	0.2	0	0
GTCTGACGGACTGGTA-1	1	63	197	39404	28403	tumor_like	medium	1	1	24	1	0	0	11	0	12	2.4	1	1
GTCTGAGCTCGCTAGG-1	1	122	50	24768	38753	tumor_like	medium	1	1	141	5	0	0	18	0	23	4.6	1	5
GTCTGAGGCATGTCGG-1	1	34	28	22434	23524	tumor_like	medium	1	1	0	0	0	0	0	0	0	0	0	0
GTCTGATATCATGCCT-1	1	43	151	34767	24977	tumor_like	medium	1	1	4	5	1	0	1	0	7	1.4	1	4
GTCTGTAAGGCCTAGG-1	1	28	106	30238	22417	tumor_like	medium	1	1	0	0	0	0	0	0	0	0	0	0
GTCTGTAAGTACCGAG-1	1	2	122	31802	17899	tumor_like	medium	1	1	4	5	0	0	1	0	6	1.2	1	4
GTCTGTGGAGATTCCT-1	1	15	67	26312	20197	tumor_like	medium	1	1	0	0	0	0	0	0	0	0	0	0
GTCTGTGGCAGTCAAT-1	1	119	77	27467	38209	tumor_like	medium	1	1	76	13	2	0	12	1	28	5.6	1	13
GTCTGTTGACCTTGAC-1	1	122	110	30777	38702	tumor_like	medium	1	1	30	16	1	0	6	0	23	4.6	1	16
GTCTGTTGCATAATCA-1	1	73	109	30604	30211	tumor_like	medium	1	1	31	0	0	0	4	0	4	0.8	0	0
GTCTGTTGCGTTGAAC-1	1	120	116	31375	38350	tumor_like	medium	1	1	44	12	1	0	9	0	22	4.4	1	12
GTCTGTTGCTGGAGCT-1	1	101	123	32048	35051	tumor_like	medium	1	1	45	1	0	0	6	1	8	1.6	1	1
GTCTTAACTCGTCATT-1	1	70	148	34506	29659	tumor_like	medium	1	1	25	3	0	0	2	0	5	1	1	3
GTCTTACACCTACTAA-1	1	19	209	40540	20769	tumor_like	medium	1	1	4	1	0	0	0	0	1	0.2	1	1
GTCTTAGAATAATGTA-1	1	1	131	32702	17717	tumor_like	medium	1	1	2	0	0	0	0	0	0	0	0	0
GTCTTCCTAGGCTGGA-1	1	51	131	32775	26380	tumor_like	medium	1	1	15	1	0	0	2	0	3	0.6	1	1
GTCTTCGAAGCTACGC-1	1	2	28	22387	17979	tumor_like	medium	1	1	1	0	0	0	0	0	0	0	0	0
GTCTTCGACGTCAAGA-1	1	17	55	25113	20554	tumor_like	medium	1	1	0	0	0	0	0	0	0	0	0	0
GTCTTGACGAAGTCTT-1	1	3	117	31302	18075	tumor_like	medium	1	1	3	0	0	0	2	0	2	0.4	0	0
GTCTTGACGTCCGTGA-1	1	46	30	22652	25601	tumor_like	medium	1	1	1	0	0	0	0	0	0	0	0	0
GTCTTGCGGTTGGAGG-1	1	120	86	28370	38375	tumor_like	medium	1	1	64	9	1	0	13	0	23	4.6	1	9
GTCTTGCGTGCTATAG-1	1	86	132	32927	32445	tumor_like	medium	1	1	46	0	1	0	5	0	6	1.2	0	0
GTCTTGCGTTAGTTCC-1	1	48	190	38680	25811	tumor_like	medium	1	1	7	10	0	0	2	0	12	2.4	1	7
GTCTTGCTGACGCAAG-1	1	117	81	27865	37859	tumor_like	medium	1	1	48	4	0	1	16	0	21	4.2	1	4
GTCTTGTAAGTTCTAG-1	1	53	135	33179	26724	tumor_like	medium	1	1	13	0	0	0	1	0	1	0.2	0	0
GTCTTGTCCACTGTTG-1	1	92	176	37343	33447	tumor_like	medium	1	1	0	1	0	0	0	0	1	0.2	0	0
GTGAACATACAGTGCG-1	1	94	150	34742	33816	tumor_like	medium	1	1	37	9	1	0	2	0	12	2.4	1	9
GTGAACCGTGGCTCAC-1	1	126	108	30583	39396	tumor_like	medium	1	1	15	10	0	0	4	0	14	2.8	1	10
GTGAACCTACGTATAG-1	1	18	128	32426	20666	tumor_like	medium	1	1	30	8	0	1	2	0	11	2.2	1	8
GTGAACCTGTCTGGAA-1	1	34	160	35655	23411	tumor_like	medium	1	1	52	5	0	0	8	0	13	2.6	1	5
GTGAACGACTCGTTGC-1	1	1	125	32101	17722	tumor_like	medium	1	1	2	3	0	0	0	0	3	0.6	1	2
GTGAACGATTGTCGAA-1	1	55	49	24569	27143	tumor_like	medium	1	1	1	0	0	0	0	0	0	0	0	0
GTGAACGGAGCTTAGA-1	1	22	168	36438	21325	tumor_like	medium	1	1	8	1	0	0	5	0	6	1.2	1	1
GTGAACTCCAAGGTCT-1	1	17	143	33927	20479	tumor_like	medium	1	1	24	1	0	0	2	0	3	0.6	1	1
GTGAACTCCTGAGCTA-1	1	14	164	36026	19942	tumor_like	medium	1	1	15	0	0	0	3	0	3	0.6	0	0
GTGAACTCGCTATCGC-1	1	124	128	32583	39033	tumor_like	medium	1	1	43	2	1	0	6	0	9	1.8	1	2
GTGAACTCTGTCTTAA-1	1	48	60	25660	25922	tumor_like	medium	1	1	1	0	0	0	0	0	0	0	0	0
GTGAACTTCGATACCG-1	1	17	151	34728	20472	tumor_like	medium	1	1	2	0	0	0	2	0	2	0.4	0	0
GTGAAGTCCGTGACGT-1	1	57	129	32584	27422	tumor_like	medium	1	1	28	2	0	0	2	0	4	0.8	1	2
GTGAATACTGTAAGCC-1	1	25	119	31535	21886	tumor_like	medium	1	1	5	1	0	0	0	0	1	0.2	1	1
GTGAATCCTACACGTA-1	1	45	33	22951	25424	immune	medium	0	0	1	0	0	0	0	0	0	0	0	0
GTGAATTAGTTAAGCG-1	1	4	212	40819	18169	tumor_like	medium	1	1	0	0	0	0	2	0	2	0.4	0	0
GTGACAACGACAACCA-1	1	104	80	27746	35608	tumor_like	medium	1	1	249	9	1	0	47	0	57	11.4	1	9
GTGACAATCCGGCAGA-1	1	97	205	40255	34288	tumor_like	medium	1	1	1	1	1	0	0	0	2	0.4	1	1
GTGACAATTACAGAGT-1	1	120	42	23963	38413	tumor_like	medium	1	1	207	15	2	0	23	0	40	8	1	15
GTGACACCAGGAACCG-1	1	75	223	42025	30460	tumor_like	medium	1	1	153	19	0	0	30	0	49	9.8	1	19
GTGACACCGGTCTGAT-1	1	92	204	40147	33423	tumor_like	medium	1	1	12	0	0	1	3	0	4	0.8	0	0
GTGACAGCGTTAGAAT-1	1	72	84	28099	30060	tumor_like	medium	1	1	23	1	0	0	3	0	4	0.8	1	1
GTGACAGGCCTTATTG-1	1	19	113	30925	20851	tumor_like	medium	1	1	10	1	0	0	2	0	3	0.6	1	1
GTGACAGGTACAGCTG-1	1	62	196	39302	28232	tumor_like	medium	1	1	11	0	0	0	1	0	1	0.2	0	0
GTGACATACCGTTAGC-1	1	31	175	37153	22877	tumor_like	medium	1	1	39	1	0	0	4	0	5	1	1	1
GTGACATGGCCGTGCG-1	1	85	141	33827	32263	tumor_like	medium	1	1	58	1	0	0	8	0	9	1.8	1	1
GTGACCAATGGACATA-1	1	17	119	31523	20499	tumor_like	medium	1	1	31	1	0	0	4	0	5	1	1	1
GTGACCAGCGCTTATT-1	1	16	72	26815	20367	tumor_like	medium	1	1	1	0	0	0	0	0	0	0	0	0
GTGACCTAACGAAGCA-1	1	72	74	27098	30069	tumor_like	medium	1	1	26	0	0	0	5	0	5	1	0	0
GTGACCTAATAGACGT-1	1	21	69	26522	21235	tumor_like	medium	1	1	0	0	0	0	0	0	0	0	0	0
GTGACCTACGCCAATG-1	1	114	122	31967	37305	tumor_like	medium	1	1	115	1	0	0	10	0	11	2.2	1	1
GTGACCTTAGCTCCAA-1	1	75	69	26601	30592	tumor_like	medium	1	1	69	1	0	0	6	0	7	1.4	1	1
GTGACGGTGAGCCTCA-1	1	60	60	25678	28001	tumor_like	medium	1	1	4	2	0	0	0	0	2	0.4	1	2
GTGACTAGCGCAGTTG-1	1	114	16	21350	37396	tumor_like	medium	1	1	4	8	0	0	4	0	12	2.4	1	4
GTGACTAGTTCCTCGA-1	1	45	143	33969	25331	tumor_like	medium	1	1	2	1	0	0	0	0	1	0.2	1	1
GTGACTATCAAGGATA-1	1	69	115	31200	29513	tumor_like	medium	1	1	7	1	0	0	0	0	1	0.2	1	1
GTGACTCAAGTGAGTT-1	1	47	195	39180	25633	tumor_like	medium	1	1	6	10	2	0	2	0	14	2.8	1	6
GTGACTCAGATCGGCC-1	1	98	70	26735	34577	tumor_like	medium	1	1	150	63	5	0	21	0	89	17.8	1	63
GTGACTCAGGATCCAC-1	1	58	174	37093	27558	tumor_like	medium	1	1	9	28	0	0	1	0	29	5.8	1	9
GTGACTGCAGCGATAG-1	1	92	62	25925	33544	tumor_like	medium	1	1	119	7	0	0	22	1	30	6	1	7
GTGACTGCTCCTCGAG-1	1	67	141	33801	29144	tumor_like	medium	1	1	16	1	0	0	1	0	2	0.4	1	1
GTGACTTAGTTGATAC-1	1	114	44	24155	37372	tumor_like	medium	1	1	200	79	12	0	33	0	124	24.8	1	79
GTGAGGCAGGCCGAAG-1	1	70	48	24491	29744	tumor_like	medium	1	1	15	0	0	0	6	0	6	1.2	0	0
GTGAGGCATCGCCGGC-1	1	113	61	25856	37183	tumor_like	medium	1	1	184	33	2	0	22	0	57	11.4	1	33
GTGAGGTCACTTCATA-1	1	51	45	24162	26454	tumor_like	medium	1	1	0	0	0	0	0	0	0	0	0	0
GTGAGGTCCGTATTGA-1	1	120	104	30173	38360	tumor_like	medium	1	1	32	17	2	1	12	0	32	6.4	1	17
GTGAGGTTCTACATAA-1	1	17	63	25915	20547	tumor_like	medium	1	1	0	0	0	0	1	0	1	0.2	0	0
GTGAGTTGTCTATCTG-1	1	124	92	28977	39063	tumor_like	medium	1	1	9	2	0	0	2	0	4	0.8	1	2
GTGATACAATCTCGTC-1	1	109	115	31259	36444	tumor_like	medium	1	1	54	5	0	0	5	0	10	2	1	5
GTGATACGTACTTGTT-1	1	107	97	29453	36113	tumor_like	medium	1	1	78	4	1	0	8	0	13	2.6	1	4
GTGATACGTGAACTAG-1	1	24	116	31233	21716	tumor_like	medium	1	1	2	1	0	0	0	0	1	0.2	1	1
GTGATCCTAGCGCATT-1	1	80	204	40130	31344	tumor_like	medium	1	1	19	1	0	0	3	0	4	0.8	1	1
GTGATGCAGCCTTAGT-1	1	37	189	38564	23905	tumor_like	medium	1	1	6	15	1	0	1	0	17	3.4	1	6
GTGATGGACGCTATCG-1	1	96	72	26933	34229	tumor_like	medium	1	1	237	28	1	0	37	0	66	13.2	1	28
GTGATGGCCTTAGTAA-1	1	92	120	31734	33495	tumor_like	medium	1	1	75	5	0	0	5	0	10	2	1	5
GTGATTCATCGATAAC-1	1	46	62	25857	25574	tumor_like	medium	1	1	0	0	0	0	0	0	0	0	0	0
GTGATTCGGTATCTAA-1	1	98	170	36751	34492	tumor_like	medium	1	1	1	0	0	0	0	0	0	0	0	0
GTGCAACTCCGATGAC-1	1	84	186	38333	32052	tumor_like	medium	1	1	33	25	0	0	3	0	28	5.6	1	25
GTGCAAGATCGAGTCA-1	1	85	95	29220	32302	tumor_like	medium	1	1	143	7	0	0	16	0	23	4.6	1	7
GTGCAAGCGTGAAGCA-1	1	54	126	32279	26905	tumor_like	medium	1	1	13	8	0	0	0	0	8	1.6	1	8
GTGCAATTCGAGCGTT-1	1	106	16	21339	36009	tumor_like	medium	1	1	2	4	2	0	2	0	8	1.6	1	2
GTGCACCACGTGTCAC-1	1	90	158	35537	33116	tumor_like	medium	1	1	19	1	0	0	7	0	8	1.6	1	1
GTGCACCATTAAGTCT-1	1	69	65	26192	29556	tumor_like	medium	1	1	41	1	0	0	4	0	5	1	1	1
GTGCACCGTGCACGTT-1	1	28	194	39051	22342	tumor_like	medium	1	1	23	2	0	1	3	0	6	1.2	1	2
GTGCACGCCGACAACG-1	1	19	121	31727	20844	tumor_like	medium	1	1	64	1	0	0	2	0	3	0.6	1	1
GTGCACGCGAGCTGTA-1	1	34	144	34052	23425	tumor_like	medium	1	1	1	1	0	0	0	0	1	0.2	1	1
GTGCACGTACAGGAAG-1	1	71	45	24192	29919	tumor_like	medium	1	1	17	1	0	0	2	0	3	0.6	1	1
GTGCACGTCTGACATA-1	1	19	155	35132	20815	tumor_like	medium	1	1	5	1	0	0	2	0	3	0.6	1	1
GTGCACTGAGCCGGAA-1	1	5	87	28301	18447	tumor_like	medium	1	1	0	0	0	0	0	0	0	0	0	0
GTGCACTTCTTAGGTT-1	1	92	12	20917	33587	tumor_like	medium	1	1	60	1	0	0	3	0	4	0.8	1	1
GTGCAGCCAGCTTCTG-1	1	95	65	26230	34061	tumor_like	medium	1	1	116	21	0	0	22	0	43	8.6	1	21
GTGCAGCGGAACGTGG-1	1	37	165	36160	23926	tumor_like	medium	1	1	60	2	0	0	3	0	5	1	1	2
GTGCAGCTAATCGCGA-1	1	106	150	34760	35895	tumor_like	medium	1	1	3	0	0	0	1	0	1	0.2	0	0
GTGCAGCTGGAATGGT-1	1	102	124	32150	35224	tumor_like	medium	1	1	34	4	0	0	8	0	12	2.4	1	4
GTGCAGGAATTAGCGT-1	1	29	111	30740	22585	tumor_like	medium	1	1	0	0	0	0	0	0	0	0	0	0
GTGCAGGTGGCCGCCT-1	1	35	59	25541	23669	tumor_like	medium	1	1	1	0	0	0	0	0	0	0	0	0
GTGCAGTCGACTTAGA-1	1	12	212	40831	19555	tumor_like	medium	1	1	3	0	0	0	1	0	1	0.2	0	0
GTGCAGTGAACCTCTT-1	1	89	155	35235	32944	tumor_like	medium	1	1	26	4	1	0	2	0	7	1.4	1	4
GTGCAGTTAATACGAA-1	1	76	144	34114	30702	tumor_like	medium	1	1	62	3	0	0	9	0	12	2.4	1	3
GTGCAGTTCACTGCAT-1	1	35	163	35957	23581	tumor_like	medium	1	1	21	2	0	0	5	0	7	1.4	1	2
GTGCATAACCATACCT-1	1	18	110	30624	20681	tumor_like	medium	1	1	20	2	1	0	1	0	4	0.8	1	2
GTGCATAGCGGCGATA-1	1	102	132	32951	35217	tumor_like	medium	1	1	46	1	0	0	5	0	6	1.2	1	1
GTGCATAGTCGCACGC-1	1	27	179	37548	22181	tumor_like	medium	1	1	16	2	0	0	1	0	3	0.6	1	2
GTGCATTCACATGCCG-1	1	38	130	32656	24130	tumor_like	medium	1	1	2	0	0	0	1	0	1	0.2	0	0
GTGCCAACAGCCGCCT-1	1	72	68	26497	30074	tumor_like	medium	1	1	54	0	0	0	12	0	12	2.4	0	0
GTGCCACCATAATGTA-1	1	92	84	28129	33526	tumor_like	medium	1	1	155	17	0	0	17	0	34	6.8	1	17
GTGCCAGTGGATGGTC-1	1	98	210	40757	34458	tumor_like	medium	1	1	0	0	0	0	0	0	0	0	0	0
GTGCCATACATTGATG-1	1	14	60	25610	20031	tumor_like	medium	1	1	0	0	0	0	0	0	0	0	0	0
GTGCCATACCACCGGC-1	1	42	182	37870	24778	tumor_like	medium	1	1	6	5	0	0	3	0	8	1.6	1	5
GTGCCTAATCATGTAG-1	1	6	102	29805	18609	tumor_like	medium	1	1	3	1	0	0	0	0	1	0.2	1	1
GTGCCTCCACTGAGCA-1	1	75	37	23396	30619	tumor_like	medium	1	1	6	0	0	0	1	0	1	0.2	0	0
GTGCCTGCAGTCACGC-1	1	44	58	25454	25231	tumor_like	medium	1	1	1	0	0	0	0	0	0	0	0	0
GTGCCTGCCGTCCGTA-1	1	112	94	29160	36982	tumor_like	medium	1	1	37	5	0	0	7	0	12	2.4	1	5
GTGCCTGCGACAGCAC-1	1	89	157	35436	32943	tumor_like	medium	1	1	31	2	0	0	6	0	8	1.6	1	2
GTGCCTGGCAGCACTG-1	1	69	79	27594	29544	tumor_like	medium	1	1	4	1	0	0	1	0	2	0.4	1	1
GTGCGAACGATGAGTT-1	1	96	152	34945	34161	tumor_like	medium	1	1	44	15	0	0	6	0	21	4.2	1	15
GTGCGAGGTGTTACTG-1	1	85	201	39837	32212	tumor_like	medium	1	1	16	0	0	0	2	0	2	0.4	0	0
GTGCGAGGTTAACAGG-1	1	49	165	36178	26005	tumor_like	medium	1	1	17	6	0	0	4	0	10	2	1	6
GTGCGGCATTAGCGGA-1	1	83	221	41837	31848	tumor_like	medium	1	1	5	0	0	0	1	0	1	0.2	0	0
GTGCGTATCGTTCGTG-1	1	90	10	20714	33242	tumor_like	medium	1	1	103	4	0	0	13	0	17	3.4	1	4
GTGCGTCAACTTAAGA-1	1	18	214	41040	20593	tumor_like	medium	1	1	1	1	1	0	0	0	2	0.4	1	1
GTGCGTCAAGCGGCAA-1	1	37	33	22939	24038	tumor_like	medium	1	1	0	1	1	0	0	0	2	0.4	0	0
GTGCGTTACGCATGCC-1	1	120	4	20157	38445	tumor_like	medium	1	1	45	11	0	0	4	0	15	3	1	11
GTGCGTTCTACTTGGT-1	1	61	161	35795	28088	tumor_like	medium	1	1	4	10	0	0	1	0	11	2.2	1	4
GTGCTATCCTCGAGCT-1	1	65	23	21979	28898	tumor_like	medium	1	1	4	1	0	0	0	0	1	0.2	1	1
GTGCTCAGAACACGCC-1	1	82	124	32120	31759	tumor_like	medium	1	1	34	0	0	0	4	0	4	0.8	0	0
GTGCTCCGGCAGTGGT-1	1	26	198	39449	21992	tumor_like	medium	1	1	12	1	0	0	3	0	4	0.8	1	1
GTGCTCCGGTGAGTTG-1	1	61	35	23175	28195	tumor_like	medium	1	1	0	0	0	0	0	0	0	0	0	0
GTGCTCGATCCTCGCT-1	1	32	36	23233	23170	stroma_fibroblast	medium	0	0	0	0	0	0	0	0	0	0	0	0
GTGCTCTAATTGGTCT-1	1	70	194	39113	29620	tumor_like	medium	1	1	7	3	1	0	0	0	4	0.8	1	3
GTGCTCTACCTGACAA-1	1	50	174	37081	26171	tumor_like	medium	1	1	5	10	0	0	0	0	10	2	1	5
GTGCTCTGACGCGTGG-1	1	96	132	32942	34178	tumor_like	medium	1	1	50	0	0	0	9	0	9	1.8	0	0
GTGCTCTGCCTCTTAC-1	1	28	80	27634	22440	ambiguous_or_low_signal	low	0	0	0	0	0	0	0	0	0	0	0	0
GTGGAACACTGCTTAT-1	1	33	107	30345	23282	tumor_like	medium	1	1	3	0	0	0	0	0	0	0	0	0
GTGGAAGGTACCGTCC-1	1	7	201	39722	18697	tumor_like	medium	1	1	3	0	0	0	0	0	0	0	0	0
GTGGACAATTCCGACT-1	1	11	121	31715	19458	tumor_like	medium	1	1	20	2	0	0	3	0	5	1	1	2
GTGGACTCAGTGAAGC-1	1	127	121	31886	39557	tumor_like	medium	1	1	75	29	2	0	16	0	47	9.4	1	29
GTGGACTGCCAGTGTC-1	1	98	78	27537	34570	tumor_like	medium	1	1	128	12	1	0	35	0	48	9.6	1	12
GTGGACTGTATTACTC-1	1	93	107	30434	33678	tumor_like	medium	1	1	73	0	0	0	9	0	9	1.8	0	0
GTGGAGACAACCAGGA-1	1	93	57	25426	33721	tumor_like	medium	1	1	184	16	2	0	47	0	65	13	1	16
GTGGAGACGAAGGTAT-1	1	78	112	30912	31076	tumor_like	medium	1	1	32	2	0	0	5	0	7	1.4	1	2
GTGGAGATTCTTGGAA-1	1	2	46	24190	17964	tumor_like	medium	1	1	0	0	0	0	0	0	0	0	0	0
GTGGAGCTAAGGAGAT-1	1	110	78	27554	36650	tumor_like	medium	1	1	159	13	1	0	22	0	36	7.2	1	13
GTGGAGCTCGGAGTGC-1	1	21	83	27924	21223	tumor_like	medium	1	1	4	0	0	0	0	0	0	0	0	0
GTGGAGGCGACCACAT-1	1	53	131	32778	26727	tumor_like	medium	1	1	13	4	0	0	3	0	7	1.4	1	4
GTGGAGTGGATGGACC-1	1	77	111	30811	30902	tumor_like	medium	1	1	32	3	0	0	2	0	5	1	1	3
GTGGAGTGTTATGTCC-1	1	79	75	27208	31280	tumor_like	medium	1	1	28	0	0	0	3	0	3	0.6	0	0
GTGGATACTACCGCGT-1	1	127	91	28881	39583	tumor_like	medium	1	1	21	5	0	0	7	1	13	2.6	1	5
GTGGATCTATACGGAT-1	1	125	59	25673	39264	tumor_like	medium	1	1	92	4	0	0	8	0	12	2.4	1	4
GTGGATCTGCTCTGCG-1	1	59	81	27779	27809	tumor_like	medium	1	1	17	3	1	1	4	0	9	1.8	1	3
GTGGATCTTAATCTAG-1	1	119	79	27668	38207	tumor_like	medium	1	1	45	9	0	0	9	0	18	3.6	1	9
GTGGATGTAAGTGAAC-1	1	53	183	37987	26683	tumor_like	medium	1	1	32	4	1	0	2	0	7	1.4	1	4
GTGGATTACTGATTCA-1	1	18	154	35030	20644	tumor_like	medium	1	1	6	1	0	0	0	0	1	0.2	1	1
GTGGCGAACTTACACC-1	1	44	214	41078	25098	tumor_like	medium	1	1	2	7	0	0	0	0	7	1.4	1	2
GTGGCGACAGTACTTG-1	1	102	148	34553	35204	tumor_like	medium	1	1	17	2	0	0	7	0	9	1.8	1	2
GTGGCGAGAATGCGAA-1	1	111	11	20845	36879	tumor_like	medium	1	1	11	17	0	0	0	0	17	3.4	1	11
GTGGCGAGGTTCTGAG-1	1	14	214	41034	19900	tumor_like	medium	1	1	2	0	0	0	0	0	0	0	0	0
GTGGCGATACGGTGCT-1	1	90	152	34936	33121	tumor_like	medium	1	1	14	5	1	0	9	0	15	3	1	5
GTGGCGATTCTGGTCG-1	1	123	145	34284	38844	stroma_fibroblast	medium	0	0	0	0	0	0	0	0	0	0	0	0
GTGGCGCACCGCAACG-1	1	127	55	25276	39614	tumor_like	medium	1	1	188	13	0	0	33	0	46	9.2	1	13
GTGGCGCACGATCGTT-1	1	112	16	21348	37049	tumor_like	medium	1	1	6	2	0	0	3	0	5	1	1	2
GTGGCGCCATGAATAA-1	1	69	33	22987	29583	tumor_like	medium	1	1	2	0	0	0	0	0	0	0	0	0
GTGGCGCCTATGAGAC-1	1	98	6	20325	34632	tumor_like	medium	1	1	7	2	0	0	5	0	7	1.4	1	2
GTGGCGGATTCCACGC-1	1	111	77	27456	36823	tumor_like	medium	1	1	165	51	7	0	14	0	72	14.4	1	51
GTGGCGGTCATATGGC-1	1	4	136	33207	18233	tumor_like	medium	1	1	8	0	0	0	0	0	0	0	0	0
GTGGCGGTCGCAATAC-1	1	107	167	36464	36053	tumor_like	medium	1	1	1	0	0	0	2	0	2	0.4	0	0
GTGGCGTTCAACGAAG-1	1	65	135	33197	28803	tumor_like	medium	1	1	69	0	0	0	4	0	4	0.8	0	0
GTGGCGTTCACGTGTA-1	1	109	97	29456	36459	tumor_like	medium	1	1	27	10	1	0	7	0	18	3.6	1	10
GTGGCGTTGAACCGCT-1	1	75	119	31609	30549	tumor_like	medium	1	1	13	1	0	0	3	1	5	1	1	1
GTGGCGTTGATTCCTG-1	1	109	85	28254	36469	tumor_like	medium	1	1	66	15	4	0	16	0	35	7	1	15
GTGGCGTTGTGCTTCG-1	1	117	113	31070	37832	tumor_like	medium	1	1	31	3	0	0	8	0	11	2.2	1	3
GTGGTAAGCCAAGATT-1	1	71	187	38414	29798	tumor_like	medium	1	1	71	5	0	0	6	0	11	2.2	1	5
GTGGTATTACCTAATG-1	1	71	95	29199	29877	tumor_like	medium	1	1	23	0	1	0	4	1	6	1.2	0	0
GTGGTATTCTATAGTT-1	1	10	206	40227	19213	tumor_like	medium	1	1	3	0	0	0	2	0	2	0.4	0	0
GTGGTCCGGAGCGGTC-1	1	97	193	39053	34298	tumor_like	medium	1	1	0	0	0	0	0	0	0	0	0	0
GTGGTTAACCGTTGGC-1	1	87	81	27821	32661	tumor_like	medium	1	1	25	2	1	0	8	0	11	2.2	1	2
GTGGTTAAGTTATGTC-1	1	52	146	34279	26542	tumor_like	medium	1	1	5	1	0	0	1	0	2	0.4	1	1
GTGGTTAATGCTACGC-1	1	99	1	19826	34808	tumor_like	medium	1	1	66	7	0	0	9	0	16	3.2	1	7
GTGGTTACAAGCCTAC-1	1	22	174	37039	21320	tumor_like	medium	1	1	16	1	0	0	0	0	1	0.2	1	1
GTGGTTAGCCGCTCTA-1	1	92	44	24122	33560	tumor_like	medium	1	1	81	13	0	0	11	0	24	4.8	1	13
GTGGTTAGCGAGGAAG-1	1	36	158	35458	23759	tumor_like	medium	1	1	23	5	1	0	4	0	10	2	1	5
GTGGTTCGTAGATTGC-1	1	62	76	27283	28334	tumor_like	medium	1	1	3	0	0	0	0	0	0	0	0	0
GTGGTTGAAGTCCACT-1	1	87	199	39639	32560	tumor_like	medium	1	1	7	1	0	0	1	0	2	0.4	1	1
GTGGTTGACTGGATAA-1	1	100	10	20729	34975	tumor_like	medium	1	1	17	1	0	0	5	0	6	1.2	1	1
GTGGTTGCCTTCTACC-1	1	99	51	24834	34766	tumor_like	medium	1	1	189	70	6	0	27	0	103	20.6	1	70
GTGGTTGCTACGGTTA-1	1	21	209	40543	21116	tumor_like	medium	1	1	3	4	0	0	0	0	4	0.8	1	3
GTGGTTGCTTATCACG-1	1	59	39	23573	27845	tumor_like	medium	1	1	0	0	0	0	0	0	0	0	0	0
GTGGTTGGCGAACTCC-1	1	105	87	28448	35775	tumor_like	medium	1	1	142	14	7	0	18	0	39	7.8	1	14
GTGGTTGGTGAGCCGG-1	1	73	213	41021	30122	tumor_like	medium	1	1	4	1	0	0	1	0	2	0.4	1	1
GTGGTTGTGGACTTCA-1	1	80	148	34521	31392	tumor_like	medium	1	1	18	4	1	0	1	0	6	1.2	1	4
GTTAACAACGATGCGA-1	1	70	66	26293	29729	tumor_like	medium	1	1	139	2	1	0	17	0	20	4	1	2
GTTAACGTCGAACCAA-1	1	110	64	26152	36662	tumor_like	medium	1	1	199	45	9	0	15	0	69	13.8	1	45
GTTAACTGCTCGTGAA-1	1	14	202	39832	19910	tumor_like	medium	1	1	5	3	0	0	1	0	4	0.8	1	3
GTTAAGCTATTCAGAT-1	1	75	193	39021	30486	tumor_like	medium	1	1	18	1	1	0	7	0	9	1.8	1	1
GTTAAGTCTTATTGGT-1	1	107	83	28051	36124	tumor_like	medium	1	1	96	11	3	0	12	0	26	5.2	1	11
GTTAATACGAAGACCT-1	1	56	30	22667	27334	tumor_like	medium	1	1	0	0	0	0	0	0	0	0	0	0
GTTAATACTCATCGGA-1	1	73	187	38417	30145	tumor_like	medium	1	1	20	3	0	0	3	0	6	1.2	1	3
GTTAATCCAAGCGATA-1	1	34	30	22635	23522	tumor_like	medium	1	1	0	0	0	0	0	0	0	0	0	0
GTTAATCCATAACAGA-1	1	5	151	34711	18393	tumor_like	medium	1	1	9	0	0	0	4	0	4	0.8	0	0
GTTAATCCTATGTTAT-1	1	123	139	33683	38849	tumor_like	medium	1	1	1	1	0	0	2	0	3	0.6	1	1
GTTAATCGGACAGTAA-1	1	61	39	23576	28192	tumor_like	medium	1	1	0	0	0	0	0	0	0	0	0	0
GTTAATCTCCTTGCAA-1	1	52	100	29672	26581	tumor_like	medium	1	1	11	0	0	0	4	0	4	0.8	0	0
GTTAATCTGGACTATT-1	1	101	133	33050	35042	tumor_like	medium	1	1	53	0	0	0	3	0	3	0.6	0	0
GTTAATGCACTGCCTT-1	1	92	48	24523	33556	tumor_like	medium	1	1	129	27	0	0	15	1	43	8.6	1	27
GTTAATGCCGCAGGCG-1	1	19	173	36935	20800	tumor_like	medium	1	1	12	0	0	0	4	0	4	0.8	0	0
GTTAATGCCGTCGATT-1	1	43	159	35568	24970	tumor_like	medium	1	1	10	3	0	0	2	0	5	1	1	3
GTTAATGCCTGTGCGT-1	1	5	195	39118	18355	tumor_like	medium	1	1	6	0	0	0	2	0	2	0.4	0	0
GTTAATGCTAGTCGAT-1	1	98	120	31743	34534	tumor_like	medium	1	1	79	21	2	0	12	0	35	7	1	21
GTTAATGGCCTCTAAG-1	1	105	153	35059	35718	tumor_like	medium	1	1	14	1	1	0	2	0	4	0.8	1	1
GTTAATGGCGAGGTAT-1	1	18	116	31224	20676	tumor_like	medium	1	1	6	2	2	0	7	0	11	2.2	1	2
GTTACATCCGTTACAT-1	1	65	193	39006	28753	tumor_like	medium	1	1	26	0	0	0	5	0	5	1	0	0
GTTACATCGCCGACCT-1	1	94	90	28733	33867	tumor_like	medium	1	1	146	15	0	0	13	0	28	5.6	1	15
GTTACATTCGCCACGG-1	1	72	86	28299	30058	tumor_like	medium	1	1	30	1	0	0	2	0	3	0.6	1	1
GTTACGCACCTGAAGA-1	1	14	130	32621	19971	tumor_like	medium	1	1	8	4	0	0	1	0	5	1	1	4
GTTACGCATTGCGGCC-1	1	79	117	31415	31244	tumor_like	medium	1	1	82	0	0	0	2	0	2	0.4	0	0
GTTACGTTAGGAGTTG-1	1	78	128	32515	31062	tumor_like	medium	1	1	45	1	0	0	8	0	9	1.8	1	1
GTTACTAGTTGCGTCT-1	1	7	113	30908	18772	tumor_like	medium	1	1	2	1	0	0	0	0	1	0.2	1	1
GTTACTATCCATGGAT-1	1	81	107	30416	31599	tumor_like	medium	1	1	23	1	0	0	3	0	4	0.8	1	1
GTTAGCTCACTTACAA-1	1	108	170	36766	36225	tumor_like	medium	1	1	0	0	0	0	0	0	0	0	0	0
GTTAGGAAGGACTAGT-1	1	120	150	34780	38321	ambiguous_or_low_signal	low	0	0	1	0	1	0	0	0	1	0.2	0	0
GTTAGGCTCAACTAGA-1	1	123	51	24869	38924	tumor_like	medium	1	1	237	18	1	0	23	0	42	8.4	1	18
GTTAGGTCTATTACGT-1	1	30	174	37051	22706	tumor_like	medium	1	1	37	3	0	0	3	0	6	1.2	1	3
GTTAGTGAGCTATGCT-1	1	91	129	32634	33313	tumor_like	medium	1	1	29	0	0	0	7	0	7	1.4	0	0
GTTAGTTATTGGACAA-1	1	100	206	40360	34808	tumor_like	medium	1	1	0	0	0	0	0	0	0	0	0	0
GTTAGTTCCACCTCGG-1	1	30	74	27036	22791	ambiguous_or_low_signal	low	0	0	0	0	0	0	0	0	0	0	0	0
GTTATCACGCTTGCTC-1	1	64	136	33295	28630	tumor_like	medium	1	1	57	6	0	0	7	0	13	2.6	1	6
GTTATCATCGTTATCT-1	1	49	135	33173	26030	tumor_like	medium	1	1	8	0	0	0	0	0	0	0	0	0
GTTATCCTTCGCTAGA-1	1	89	149	34634	32949	tumor_like	medium	1	1	22	1	0	0	4	0	5	1	1	1
GTTATCTGCTCAGACG-1	1	16	216	41237	20244	tumor_like	medium	1	1	2	0	1	0	0	0	1	0.2	0	0
GTTATCTGTCCATAAT-1	1	64	36	23280	28715	tumor_like	medium	1	1	0	0	0	0	0	0	0	0	0	0
GTTATCTTAACCACAA-1	1	106	170	36763	35878	tumor_like	medium	1	1	0	0	0	0	0	0	0	0	0	0
GTTATGAGTTACTATT-1	1	60	96	29283	27971	tumor_like	medium	1	1	14	1	0	0	2	0	3	0.6	1	1
GTTATGCAACGCCTAC-1	1	126	56	25374	39441	tumor_like	medium	1	1	105	10	2	0	22	0	34	6.8	1	10
GTTATGCAAGTATTGC-1	1	25	47	24324	21947	tumor_like	medium	1	1	0	0	0	0	0	0	0	0	0	0
GTTATGCAGTGACGGC-1	1	100	4	20128	34980	tumor_like	medium	1	1	12	4	0	0	3	0	7	1.4	1	4
GTTATGTACCACTCCG-1	1	98	144	34147	34514	tumor_like	medium	1	1	43	0	0	0	6	1	7	1.4	0	0
GTTATGTCGCCACTCC-1	1	88	172	36936	32757	tumor_like	medium	1	1	2	0	0	0	1	0	1	0.2	0	0
GTTATGTCGGCGTGCG-1	1	55	173	36988	27038	tumor_like	medium	1	1	4	26	2	1	0	0	29	5.8	1	4
GTTATGTTCTAGTGTT-1	1	17	117	31323	20501	tumor_like	medium	1	1	4	2	0	0	0	0	2	0.4	1	2
GTTATTACCTGAACCG-1	1	103	93	29046	35423	tumor_like	medium	1	1	260	27	1	0	19	0	47	9.4	1	27
GTTATTACCTTCAGGT-1	1	89	143	34033	32954	tumor_like	medium	1	1	34	2	0	0	7	0	9	1.8	1	2
GTTATTACGGCCTCTT-1	1	52	110	30674	26573	tumor_like	medium	1	1	41	6	0	0	5	0	11	2.2	1	6
GTTATTCCACAATCTT-1	1	38	200	39667	24070	tumor_like	medium	1	1	5	1	0	0	0	0	1	0.2	1	1
GTTATTCTGAGCTTGC-1	1	92	56	25324	33549	tumor_like	medium	1	1	123	35	3	0	12	0	50	10	1	35
GTTATTCTGCCTTAAC-1	1	46	140	33670	25507	tumor_like	medium	1	1	1	0	0	0	1	0	1	0.2	0	0
GTTATTCTTGCAGCGT-1	1	88	210	40742	32725	tumor_like	medium	1	1	10	0	0	0	3	0	3	0.6	0	0
GTTATTGAAGATACAA-1	1	41	153	34964	24629	tumor_like	medium	1	1	6	2	0	0	3	0	5	1	1	2
GTTATTGACTAAGGCA-1	1	113	95	29261	37154	tumor_like	medium	1	1	37	2	1	0	5	0	8	1.6	1	2
GTTATTGATCTGCCAC-1	1	34	206	40262	23372	tumor_like	medium	1	1	3	1	0	0	0	0	1	0.2	1	1
GTTATTGGACCTGGTC-1	1	40	156	35263	24454	tumor_like	medium	1	1	6	1	0	0	0	0	1	0.2	1	1
GTTATTGGCTTCCTCG-1	1	51	169	36581	26348	tumor_like	medium	1	1	4	7	2	0	3	0	12	2.4	1	4
GTTATTGGTCGAAGGT-1	1	79	171	36823	31198	tumor_like	medium	1	1	9	1	0	0	0	0	1	0.2	1	1
GTTCAAGGATTAATAC-1	1	118	152	34978	37973	tumor_like	medium	1	1	0	0	0	0	0	0	0	0	0	0
GTTCATACATCGACTC-1	1	108	50	24747	36327	tumor_like	medium	1	1	399	6	0	0	12	0	18	3.6	1	6
GTTCATGACATTCACG-1	1	90	62	25922	33198	tumor_like	medium	1	1	200	9	0	0	12	0	21	4.2	1	9
GTTCATGAGGCACCGG-1	1	103	169	36658	35358	tumor_like	medium	1	1	0	0	0	0	0	0	0	0	0	0
GTTCATGGTGCTTGAA-1	1	17	121	31724	20498	tumor_like	medium	1	1	26	4	0	0	3	0	7	1.4	1	4
GTTCATGGTGTACATC-1	1	99	83	28039	34738	tumor_like	medium	1	1	364	20	2	0	31	0	53	10.6	1	20
GTTCATTGCTGGCTGG-1	1	10	106	30211	19299	tumor_like	medium	1	1	3	0	0	1	3	0	4	0.8	0	0
GTTCCAATGTGCTAAC-1	1	16	82	27816	20359	tumor_like	medium	1	1	0	1	0	0	0	0	1	0.2	0	0
GTTCCAGTCAACTAGG-1	1	36	162	35858	23756	tumor_like	medium	1	1	76	1	0	0	2	0	3	0.6	1	1
GTTCCATGCGATAGTC-1	1	96	206	40354	34115	tumor_like	medium	1	1	12	2	1	0	1	0	4	0.8	1	2
GTTCCGAGCAGACGAA-1	1	126	96	29381	39407	tumor_like	medium	1	1	14	4	0	0	3	0	7	1.4	1	4
GTTCCGAGCTCGACAG-1	1	89	141	33833	32956	tumor_like	medium	1	1	55	5	0	0	4	0	9	1.8	1	5
GTTCCGATCAATTGCG-1	1	48	148	34474	25847	tumor_like	medium	1	1	1	1	1	0	1	0	3	0.6	1	1
GTTCCGCTAGAATCTT-1	1	3	17	21287	18161	tumor_like	medium	1	1	0	0	0	0	0	0	0	0	0	0
GTTCCGCTATCCACCT-1	1	0	110	30597	17562	tumor_like	medium	1	1	1	2	0	0	0	0	2	0.4	1	1
GTTCCGGCGTAATCAC-1	1	72	82	27899	30062	tumor_like	medium	1	1	20	0	0	0	3	0	3	0.6	0	0
GTTCCGGCTGGTACTC-1	1	24	188	38445	21654	tumor_like	medium	1	1	44	2	1	0	9	0	12	2.4	1	2
GTTCCGTGATGCGTAG-1	1	101	51	24837	35112	tumor_like	medium	1	1	155	19	0	0	21	0	40	8	1	19
GTTCCTCGTAACCGGA-1	1	0	120	31599	17554	tumor_like	medium	1	1	10	0	0	0	1	0	1	0.2	0	0
GTTCCTGACCGATGGT-1	1	119	117	31474	38175	tumor_like	medium	1	1	30	8	0	0	6	0	14	2.8	1	8
GTTCCTGGCCAAGAAC-1	1	81	73	27011	31628	tumor_like	medium	1	1	58	1	1	0	9	0	11	2.2	1	1
GTTCCTTAGAGTTAAT-1	1	22	58	25421	21419	tumor_like	medium	1	1	0	0	0	0	0	0	0	0	0	0
GTTCCTTGCCTCACAG-1	1	104	122	31952	35572	tumor_like	medium	1	1	25	0	0	0	3	0	3	0.6	0	0
GTTCGACATCACATGG-1	1	28	68	26432	22450	tumor_like	medium	1	1	0	0	0	0	0	0	0	0	0	0
GTTCGACGTAGGTAGG-1	1	100	148	34550	34857	tumor_like	medium	1	1	25	3	0	0	5	0	8	1.6	1	3
GTTCGAGCGTTGCTTA-1	1	83	109	30619	31944	tumor_like	medium	1	1	44	3	0	0	3	0	6	1.2	1	3
GTTCGCCATTACCAGT-1	1	96	20	21725	34273	tumor_like	medium	1	1	1	4	1	0	1	0	6	1.2	1	1
GTTCGCCGATCGTACC-1	1	47	53	24957	25754	tumor_like	medium	1	1	0	0	0	0	0	1	1	0.2	0	0
GTTCGCTGAGCTCGGT-1	1	44	166	36271	25139	tumor_like	medium	1	1	11	1	0	0	1	0	2	0.4	1	1
GTTCGGACAGATGTCG-1	1	65	37	23381	28886	tumor_like	medium	1	1	0	0	0	0	0	0	0	0	0	0
GTTCTAACATCAACCA-1	1	63	131	32793	28460	tumor_like	medium	1	1	99	1	0	0	5	0	6	1.2	1	1
GTTCTAACCATTACGA-1	1	19	129	32528	20837	tumor_like	medium	1	1	60	6	0	0	2	0	8	1.6	1	6
GTTCTAACGGAACGGT-1	1	94	62	25928	33891	tumor_like	medium	1	1	115	11	0	0	10	0	21	4.2	1	11
GTTCTGAGTGCACGAC-1	1	124	124	32182	39036	tumor_like	medium	1	1	30	3	0	0	3	0	6	1.2	1	3
GTTCTGCTATCTCGAC-1	1	12	124	32017	19630	tumor_like	medium	1	1	31	4	0	0	0	0	4	0.8	1	4
GTTCTGTAACCATCCT-1	1	78	200	39726	31001	tumor_like	medium	1	1	6	1	0	0	4	0	5	1	1	1
GTTCTTCGGATTCAAT-1	1	2	14	20985	17991	ambiguous_or_low_signal	low	0	0	0	0	0	0	0	0	0	0	0	0
GTTCTTCGTCGCCAAC-1	1	88	50	24717	32861	tumor_like	medium	1	1	142	18	0	0	9	0	27	5.4	1	18
GTTGAACTCACCGCTC-1	1	122	66	26370	38739	tumor_like	medium	1	1	86	18	2	0	15	0	35	7	1	18
GTTGAAGGACCAAGTC-1	1	56	150	34686	27232	tumor_like	medium	1	1	10	2	0	0	0	0	2	0.4	1	2
GTTGAATCCAACGATT-1	1	66	26	22281	29070	tumor_like	medium	1	1	1	0	0	0	0	0	0	0	0	0
GTTGAATGCCAGTCGA-1	1	93	163	36042	33630	tumor_like	medium	1	1	26	0	0	0	7	0	7	1.4	0	0
GTTGACAGATTCATTA-1	1	103	73	27043	35440	tumor_like	medium	1	1	187	12	1	0	21	0	34	6.8	1	12
GTTGACATGGCCACAT-1	1	96	18	21524	34275	tumor_like	medium	1	1	12	5	0	0	5	0	10	2	1	5
GTTGACATGGTACAGA-1	1	124	66	26373	39086	tumor_like	medium	1	1	73	1	0	0	9	0	10	2	1	1
GTTGACCGCACTAGCA-1	1	74	190	38719	30316	tumor_like	medium	1	1	20	1	0	0	4	0	5	1	1	1
GTTGACCGCAGCCTTG-1	1	46	56	25256	25579	tumor_like	medium	1	1	0	0	0	0	0	0	0	0	0	0
GTTGACCGTCCACCTC-1	1	1	35	23087	17799	tumor_like	medium	1	1	0	0	0	0	0	0	0	0	0	0
GTTGACCGTGGCCAAT-1	1	82	206	40333	31689	tumor_like	medium	1	1	162	2	0	0	6	1	9	1.8	1	2
GTTGACGACTACGTGA-1	1	122	60	25769	38744	tumor_like	medium	1	1	136	8	0	0	22	0	30	6	1	8
GTTGACGTATTCCATT-1	1	57	119	31582	27430	tumor_like	medium	1	1	12	0	0	0	2	0	2	0.4	0	0
GTTGACTACGTTAACC-1	1	17	107	30322	20510	tumor_like	medium	1	1	5	7	1	0	2	0	10	2	1	5
GTTGACTTAGGTACCT-1	1	58	132	32886	27593	tumor_like	medium	1	1	12	4	0	0	2	0	6	1.2	1	4
GTTGACTTCCAAGGAA-1	1	84	74	27115	32148	tumor_like	medium	1	1	113	2	0	1	19	0	22	4.4	1	2
GTTGAGAACAGACATG-1	1	69	103	29998	29523	tumor_like	medium	1	1	178	5	2	0	9	0	16	3.2	1	5
GTTGAGCGGTGGACGA-1	1	111	51	24851	36845	tumor_like	medium	1	1	220	7	2	0	25	0	34	6.8	1	7
GTTGAGCTAATACTCA-1	1	64	118	31493	28645	tumor_like	medium	1	1	26	0	0	0	2	0	2	0.4	0	0
GTTGAGTACTAAGACG-1	1	64	26	22278	28723	tumor_like	medium	1	1	1	0	0	0	0	0	0	0	0	0
GTTGATTCGATCAGGA-1	1	85	199	39636	32214	tumor_like	medium	1	1	10	3	0	0	1	0	4	0.8	1	3
GTTGCCAACCATCCGG-1	1	88	174	37137	32756	tumor_like	medium	1	1	0	0	0	0	1	0	1	0.2	0	0
GTTGCCACAATCCGGC-1	1	74	70	26700	30419	tumor_like	medium	1	1	92	0	0	0	6	0	6	1.2	0	0
GTTGCCACCTGACCAG-1	1	119	45	24262	38236	tumor_like	medium	1	1	171	13	1	0	27	0	41	8.2	1	13
GTTGCCACGCACATAG-1	1	8	158	35416	18908	tumor_like	medium	1	1	21	0	0	0	1	0	1	0.2	0	0
GTTGCCACTGTTGGTC-1	1	4	24	21989	18329	tumor_like	medium	1	1	0	0	0	0	0	0	0	0	0	0
GTTGCCATGCATAGGA-1	1	39	207	40370	24236	tumor_like	medium	1	1	1	2	1	0	0	0	3	0.6	1	1
GTTGCCATTGTATGCG-1	1	59	45	24174	27840	tumor_like	medium	1	1	1	0	0	0	0	0	0	0	0	0
GTTGCCGCGGTAGACA-1	1	87	65	26218	32674	tumor_like	medium	1	1	29	0	0	0	8	0	8	1.6	0	0
GTTGCCGTCGAGTGTA-1	1	4	216	41219	18165	tumor_like	medium	1	1	0	1	0	0	1	0	2	0.4	0	0
GTTGCCTAAGCACCAG-1	1	77	183	38022	30841	tumor_like	medium	1	1	8	9	0	0	2	0	11	2.2	1	8
GTTGCCTACTGGAATA-1	1	39	145	34160	24289	tumor_like	medium	1	1	1	1	0	0	3	0	4	0.8	1	1
GTTGCGTCTTCAGGCG-1	1	115	139	33671	37463	tumor_like	medium	1	1	14	0	0	0	0	0	0	0	0	0
GTTGCTCATGAGTCCG-1	1	54	114	31077	26916	tumor_like	medium	1	1	43	1	0	0	4	0	5	1	1	1
GTTGCTCCAGATGAGT-1	1	99	203	40058	34636	tumor_like	medium	1	1	1	1	0	1	0	0	2	0.4	1	1
GTTGCTCCGTATCGAG-1	1	60	112	30886	27957	tumor_like	medium	1	1	31	0	0	0	3	0	3	0.6	0	0
GTTGCTCGGAGTTCGA-1	1	57	39	23570	27498	tumor_like	medium	1	1	0	0	0	0	1	0	1	0.2	0	0
GTTGCTCGTGCCATCT-1	1	92	208	40548	33420	tumor_like	medium	1	1	4	0	0	0	1	0	1	0.2	0	0
GTTGCTGACATAAGAA-1	1	118	100	29769	38017	tumor_like	medium	1	1	103	8	0	1	10	0	19	3.8	1	8
GTTGCTGAGCGATCCA-1	1	72	150	34709	30004	tumor_like	medium	1	1	14	1	0	0	3	0	4	0.8	1	1
GTTGCTGAGTATGAGC-1	1	117	93	29067	37849	tumor_like	medium	1	1	52	17	2	0	10	0	29	5.8	1	17
GTTGCTGTTGCCTCAA-1	1	68	188	38509	29278	tumor_like	medium	1	1	49	0	0	0	8	0	8	1.6	0	0
GTTGCTTACAAGTAGG-1	1	51	159	35580	26357	tumor_like	medium	1	1	4	5	0	0	2	0	7	1.4	1	4
GTTGCTTGCCTCTGCC-1	1	2	170	36609	17858	tumor_like	medium	1	1	21	0	0	0	2	0	2	0.4	0	0
GTTGCTTGTACCTCGT-1	1	105	121	31854	35746	tumor_like	medium	1	1	17	3	0	0	1	0	4	0.8	1	3
GTTGGACATATGCCGT-1	1	40	138	33460	24469	tumor_like	medium	1	1	0	0	0	0	0	0	0	0	0	0
GTTGGCCGATCGCCTG-1	1	114	4	20149	37406	tumor_like	medium	1	1	5	12	1	0	2	0	15	3	1	5
GTTGGCTGCATGTCGC-1	1	15	77	27314	20189	tumor_like	medium	1	1	0	0	0	0	0	0	0	0	0	0
GTTGGTATCCTCGCCG-1	1	74	28	22493	30454	tumor_like	medium	1	1	0	0	0	0	1	0	1	0.2	0	0
GTTGGTCAGGCAGGAC-1	1	68	214	41114	29256	tumor_like	medium	1	1	12	0	0	0	2	0	2	0.4	0	0
GTTGGTGAGCGTCTCC-1	1	99	157	35450	34675	tumor_like	medium	1	1	19	4	0	0	6	0	10	2	1	4
GTTGGTTATGAGCTGT-1	1	45	151	34770	25324	tumor_like	medium	1	1	5	4	0	0	3	0	7	1.4	1	4
GTTGTACCGCGACGAA-1	1	61	123	31989	28120	tumor_like	medium	1	1	25	4	0	0	2	0	6	1.2	1	4
GTTGTCAAGGACTGTA-1	1	89	203	40043	32903	tumor_like	medium	1	1	7	0	0	0	2	0	2	0.4	0	0
GTTGTCCAGTCCTTCT-1	1	41	51	24748	24716	tumor_like	medium	1	1	2	0	0	0	0	0	0	0	0	0
GTTGTCTGGCATCACC-1	1	118	130	32774	37991	tumor_like	medium	1	1	39	4	1	0	7	0	12	2.4	1	4
GTTGTCTTCCTGCGTT-1	1	34	182	37858	23392	tumor_like	medium	1	1	15	9	0	1	1	0	11	2.2	1	9
TAACAAGGATACAACG-1	1	111	95	29258	36807	tumor_like	medium	1	1	59	7	3	0	9	0	19	3.8	1	7
TAACAATTAGACGCCG-1	1	39	185	38166	24255	tumor_like	medium	1	1	1	12	0	0	1	0	13	2.6	1	1
TAACAGACGTGAAGGC-1	1	53	149	34581	26712	tumor_like	medium	1	1	15	4	0	0	1	0	5	1	1	4
TAACAGCAGAAGACAG-1	1	3	223	41919	17985	tumor_like	medium	1	1	6	2	1	0	1	0	4	0.8	1	2
TAACAGCAGGCTGCCT-1	1	109	153	35065	36411	tumor_like	medium	1	1	0	0	0	0	0	0	0	0	0	0
TAACAGCAGGTACGTG-1	1	48	114	31068	25876	tumor_like	medium	1	1	51	2	0	1	7	0	10	2	1	2
TAACAGCATCACGATA-1	1	75	133	33011	30537	tumor_like	medium	1	1	52	10	0	0	5	0	15	3	1	10
TAACAGGACGCTATCC-1	1	89	191	38841	32914	tumor_like	medium	1	1	24	1	0	0	8	0	9	1.8	1	1
TAACAGGACTGGAGAC-1	1	91	115	31232	33325	tumor_like	medium	1	1	56	4	2	0	14	0	20	4	1	4
TAACAGGCAGGCATGA-1	1	0	82	27793	17586	tumor_like	medium	1	1	0	0	0	0	0	0	0	0	0	0
TAACAGGCATGAGTTC-1	1	97	95	29238	34382	tumor_like	medium	1	1	299	23	1	0	37	0	61	12.2	1	23
TAACAGGCTCGACCGA-1	1	8	154	35016	18911	tumor_like	medium	1	1	6	2	0	2	1	0	5	1	1	2
TAACAGGTCAGTATTG-1	1	20	44	24016	21084	tumor_like	medium	1	1	0	0	0	0	0	0	0	0	0	0
TAACAGGTTCAGCCAC-1	1	55	93	28975	27106	tumor_like	medium	1	1	18	0	0	0	2	0	2	0.4	0	0
TAACAGTCCAATTGTC-1	1	14	114	31018	19985	tumor_like	medium	1	1	2	0	0	0	1	0	1	0.2	0	0
TAACAGTTACTCGGAC-1	1	43	195	39174	24940	tumor_like	medium	1	1	15	2	2	0	0	0	4	0.8	1	2
TAACAGTTCGTAGATT-1	1	55	79	27573	27118	tumor_like	medium	1	1	3	2	0	0	0	0	2	0.4	1	2
TAACATAGACCGAATT-1	1	106	108	30553	35931	tumor_like	medium	1	1	125	4	0	0	20	0	24	4.8	1	4
TAACATAGTATGCTAT-1	1	22	216	41246	21284	tumor_like	medium	1	1	3	1	0	0	0	0	1	0.2	1	1
TAACATTAAGCTCACC-1	1	41	199	39571	24590	tumor_like	medium	1	1	4	0	0	0	1	1	2	0.4	0	0
TAACCAACCGATAACA-1	1	1	103	29897	17741	tumor_like	medium	1	1	6	1	0	0	1	0	2	0.4	1	1
TAACCAGACCTGCGTG-1	1	118	112	30971	38007	tumor_like	medium	1	1	36	14	0	0	6	0	20	4	1	14
TAACCGAACTGTTGCG-1	1	74	136	33310	30362	tumor_like	medium	1	1	61	3	0	1	6	0	10	2	1	3
TAACCGGATCTTACCT-1	1	8	118	31410	18942	tumor_like	medium	1	1	3	1	0	0	2	0	3	0.6	1	1
TAACCGGCTACACGGT-1	1	97	117	31441	34363	tumor_like	medium	1	1	76	6	0	0	7	0	13	2.6	1	6
TAACCTTATCAATACC-1	1	109	105	30257	36452	tumor_like	medium	1	1	39	8	0	0	2	0	10	2	1	8
TAACCTTGAGTGCTTA-1	1	126	50	24773	39446	tumor_like	medium	1	1	115	7	2	0	14	0	23	4.6	1	7
TAACGAAGATGAGTCT-1	1	1	29	22486	17804	tumor_like	medium	1	1	0	0	0	0	0	0	0	0	0	0
TAACGAAGCACGAATG-1	1	107	153	35062	36065	tumor_like	medium	1	1	2	0	0	0	1	0	1	0.2	0	0
TAACGAATGTCCGCAA-1	1	24	180	37643	21661	tumor_like	medium	1	1	15	5	1	0	1	0	7	1.4	1	5
TAACGAATTACGCCTA-1	1	95	3	20020	34113	tumor_like	medium	1	1	116	44	0	0	7	0	51	10.2	1	44
TAACGACAACTTCGTT-1	1	77	67	26404	30940	tumor_like	medium	1	1	18	1	0	0	3	0	4	0.8	1	1
TAACGACATCACATCC-1	1	97	139	33645	34344	tumor_like	medium	1	1	104	1	1	0	4	0	6	1.2	1	1
TAACGAGCACCGCCAG-1	1	103	23	22035	35483	tumor_like	medium	1	1	6	0	0	0	0	0	0	0	0	0
TAACGAGCCTTCGCCT-1	1	52	148	34480	26540	tumor_like	medium	1	1	6	2	1	0	0	0	3	0.6	1	2
TAACGAGCGAGGTGTT-1	1	98	86	28338	34563	tumor_like	medium	1	1	159	5	0	0	17	0	22	4.4	1	5
TAACGAGCTAGAATCT-1	1	99	9	20627	34801	tumor_like	medium	1	1	22	2	0	0	3	0	5	1	1	2
TAACGAGTAGGTCATG-1	1	71	105	30201	29868	tumor_like	medium	1	1	111	9	0	0	11	0	20	4	1	9
TAACGAGTTCACTTAA-1	1	70	64	26093	29731	tumor_like	medium	1	1	39	0	0	0	12	0	12	2.4	0	0
TAACGATGACGTCAGA-1	1	78	92	28909	31093	tumor_like	medium	1	1	70	0	0	0	5	0	5	1	0	0
TAACGCAGGACGATAC-1	1	19	149	34531	20820	tumor_like	medium	1	1	34	0	0	0	1	0	1	0.2	0	0
TAACGCATCACCTATT-1	1	73	81	27800	30235	tumor_like	medium	1	1	55	1	0	0	3	0	4	0.8	1	1
TAACGCATTGACGATG-1	1	106	82	27949	35953	tumor_like	medium	1	1	205	5	0	0	20	1	26	5.2	1	5
TAACGCCGAGCCTGTA-1	1	108	162	35964	36231	tumor_like	medium	1	1	6	1	0	0	0	0	1	0.2	1	1
TAACGCCGCAATGCTA-1	1	93	3	20017	33767	tumor_like	medium	1	1	112	39	1	0	12	0	52	10.4	1	39
TAACGCGGACTAGCGT-1	1	126	62	25975	39436	tumor_like	medium	1	1	101	3	0	0	9	0	12	2.4	1	3
TAACGCGGCCAGATTG-1	1	105	3	20035	35846	tumor_like	medium	1	1	82	2	0	0	0	0	2	0.4	1	2
TAACGCGGCTGAGGAC-1	1	67	103	29995	29177	tumor_like	medium	1	1	225	1	0	0	10	0	11	2.2	1	1
TAACGCTACAAGCTAA-1	1	114	68	26559	37351	tumor_like	medium	1	1	143	40	7	0	18	1	66	13.2	1	40
TAACGCTCGGAGTGAT-1	1	65	137	33397	28801	tumor_like	medium	1	1	49	3	0	0	3	0	6	1.2	1	3
TAACGCTCTACGCAAG-1	1	26	216	41252	21977	tumor_like	medium	1	1	1	0	0	0	1	0	1	0.2	0	0
TAACGCTCTGTTATCC-1	1	10	160	35620	19253	tumor_like	medium	1	1	23	0	0	0	4	0	4	0.8	0	0
TAACGGTTGCGTATCC-1	1	44	60	25654	25229	tumor_like	medium	1	1	1	0	0	0	0	0	0	0	0	0
TAACGTAAGGCGTGAA-1	1	47	171	36776	25653	tumor_like	medium	1	1	7	8	0	0	1	0	9	1.8	1	7
TAACGTAATACGACGC-1	1	114	140	33770	37290	tumor_like	medium	1	1	30	1	0	0	1	0	2	0.4	1	1
TAACGTCACGTAGCAG-1	1	120	146	34380	38324	tumor_like	medium	1	1	5	0	0	0	0	0	0	0	0	0
TAACTCATGGAACGCA-1	1	54	104	30076	26924	tumor_like	medium	1	1	70	3	0	0	3	0	6	1.2	1	3
TAACTCGACGGTTATT-1	1	14	166	36226	19941	tumor_like	medium	1	1	6	0	0	0	2	0	2	0.4	0	0
TAACTCGCGGCCGTTG-1	1	60	116	31286	27954	tumor_like	medium	1	1	44	2	0	0	2	0	4	0.8	1	2
TAACTCGTTCGAACGC-1	1	18	216	41240	20591	tumor_like	medium	1	1	0	0	0	0	1	0	1	0.2	0	0
TAACTGAGAATTAGAA-1	1	100	58	25536	34934	tumor_like	medium	1	1	231	88	10	0	24	0	122	24.4	1	88
TAACTGAGATGTCACT-1	1	74	194	39119	30313	tumor_like	medium	1	1	7	1	0	0	4	0	5	1	1	1
TAACTGATTAACTAGT-1	1	62	156	35296	28266	tumor_like	medium	1	1	11	0	0	0	0	0	0	0	0	0
TAACTGTACTGAGGAT-1	1	108	144	34162	36247	tumor_like	medium	1	1	2	0	0	0	0	0	0	0	0	0
TAACTGTCGTTGGTTC-1	1	16	212	40837	20248	tumor_like	medium	1	1	1	0	0	0	0	0	0	0	0	0
TAACTTCGTCTGCCAG-1	1	122	86	28373	38722	tumor_like	medium	1	1	33	8	0	0	9	0	17	3.4	1	8
TAACTTGTGAACCGAA-1	1	15	163	35927	20115	tumor_like	medium	1	1	11	0	0	0	4	0	4	0.8	0	0
TAAGAACATGAACTTC-1	1	61	29	22574	28200	tumor_like	medium	1	1	2	0	0	0	0	0	0	0	0	0
TAAGAACGAACGGACC-1	1	121	103	30074	38533	tumor_like	medium	1	1	71	23	3	0	6	0	32	6.4	1	23
TAAGAACGACTAACGT-1	1	82	106	30317	31774	tumor_like	medium	1	1	56	1	0	0	2	0	3	0.6	1	1
TAAGAACGCACGTCTT-1	1	88	96	29325	32822	tumor_like	medium	1	1	172	10	0	0	13	0	23	4.6	1	10
TAAGAACGCTTCAACT-1	1	109	127	32460	36434	tumor_like	medium	1	1	14	0	0	0	1	0	1	0.2	0	0
TAAGAACGGCAGGTGC-1	1	31	201	39757	22855	tumor_like	medium	1	1	4	0	0	0	0	0	0	0	0	0
TAAGAAGTTATGCGTG-1	1	31	71	26737	22966	ambiguous_or_low_signal	low	0	0	0	0	0	0	0	1	1	0.2	0	0
TAAGAATAACTCCTCG-1	1	76	100	29708	30740	tumor_like	medium	1	1	81	1	0	0	9	1	11	2.2	1	1
TAAGAATAGCCGGCAC-1	1	96	116	31340	34191	tumor_like	medium	1	1	54	5	0	0	7	0	12	2.4	1	5
TAAGAATAGGCTAGGC-1	1	79	139	33618	31225	tumor_like	medium	1	1	49	4	2	0	8	0	14	2.8	1	4
TAAGAATCAGACAGAT-1	1	120	2	19957	38447	tumor_like	medium	1	1	50	10	1	0	8	0	19	3.8	1	10
TAAGAATGAGCTCGTT-1	1	111	87	28457	36814	tumor_like	medium	1	1	33	8	1	0	2	0	11	2.2	1	8
TAAGAATGGAACCTGG-1	1	66	46	24284	29053	tumor_like	medium	1	1	4	0	0	0	0	0	0	0	0	0
TAAGACAAGAGCGATA-1	1	101	21	21832	35138	tumor_like	medium	1	1	0	0	0	0	1	0	1	0.2	0	0
TAAGACAATAAGCCGC-1	1	64	76	27286	28681	tumor_like	medium	1	1	1	0	0	0	3	0	3	0.6	0	0
TAAGACGCAGATGGAA-1	1	89	193	39041	32912	tumor_like	medium	1	1	80	4	0	0	1	0	5	1	1	4
TAAGACGCTGATCCTC-1	1	70	192	38913	29622	tumor_like	medium	1	1	26	1	0	0	4	0	5	1	1	1
TAAGACGTGCGTGGCA-1	1	101	11	20830	35146	tumor_like	medium	1	1	28	0	0	0	2	0	2	0.4	0	0
TAAGACTACAGAGTAT-1	1	2	192	38813	17839	tumor_like	medium	1	1	0	0	0	0	4	0	4	0.8	0	0
TAAGATACTAGAGCCT-1	1	76	80	27704	30757	tumor_like	medium	1	1	15	0	0	0	1	0	1	0.2	0	0
TAAGATACTGTTCGAT-1	1	56	100	29678	27274	tumor_like	medium	1	1	47	2	0	0	12	0	14	2.8	1	2
TAAGATAGTTCCGATT-1	1	99	93	29040	34730	tumor_like	medium	1	1	146	21	2	0	15	0	38	7.6	1	21
TAAGATCTAGGACCTT-1	1	61	113	30987	28128	tumor_like	medium	1	1	12	4	0	0	1	0	5	1	1	4
TAAGATCTGTACTACG-1	1	36	174	37060	23746	tumor_like	medium	1	1	18	4	0	0	0	0	4	0.8	1	4
TAAGATCTGTCAACTC-1	1	93	215	41251	33586	tumor_like	medium	1	1	3	0	0	0	0	0	0	0	0	0
TAAGATGGCGGTGCTT-1	1	57	91	28778	27454	tumor_like	medium	1	1	7	0	0	0	1	0	1	0.2	0	0
TAAGATTGCGACGGAG-1	1	94	210	40751	33765	tumor_like	medium	1	1	0	0	0	0	0	0	0	0	0	0
TAAGATTGCGCTTCGC-1	1	35	57	25340	23671	tumor_like	medium	1	1	0	0	0	0	0	0	0	0	0	0
TAAGCAAGGTCCGGTG-1	1	69	211	40815	29431	tumor_like	medium	1	1	9	1	0	0	1	0	2	0.4	1	1
TAAGCACGGAGGTTGG-1	1	11	209	40529	19383	tumor_like	medium	1	1	3	0	0	0	1	0	1	0.2	0	0
TAAGCACGTTCGGAGG-1	1	9	153	34917	19084	tumor_like	medium	1	1	12	2	0	1	5	0	8	1.6	1	2
TAAGCACTGCGGCATT-1	1	68	202	39912	29266	tumor_like	medium	1	1	9	0	0	0	3	0	3	0.6	0	0
TAAGCAGGAGTGCACT-1	1	25	189	38546	21826	tumor_like	medium	1	1	33	0	0	0	4	0	4	0.8	0	0
TAAGCAGGTGCGTGTA-1	1	64	196	39305	28578	tumor_like	medium	1	1	13	0	1	0	3	0	4	0.8	0	0
TAAGCAGTACAGGCAG-1	1	91	55	25223	33376	tumor_like	medium	1	1	149	19	3	0	19	1	42	8.4	1	19
TAAGCATCACTCTACA-1	1	80	168	36524	31375	tumor_like	medium	1	1	10	1	0	0	3	0	4	0.8	1	1
TAAGCATCGCTCATAG-1	1	102	70	26741	35270	tumor_like	medium	1	1	161	20	1	0	17	0	38	7.6	1	20
TAAGCATTGGAGTGGC-1	1	68	146	34303	29314	tumor_like	medium	1	1	12	0	1	0	4	0	5	1	0	0
TAAGCCACATGGTAAT-1	1	75	143	34013	30529	tumor_like	medium	1	1	107	4	1	0	5	0	10	2	1	4
TAAGCCACCGAGTTCC-1	1	14	74	27012	20019	tumor_like	medium	1	1	1	0	0	0	0	0	0	0	0	0
TAAGCCACGGTTCGTC-1	1	61	211	40803	28045	tumor_like	medium	1	1	23	6	1	0	6	0	13	2.6	1	6
TAAGCCATGTGGCTTA-1	1	31	147	34348	22901	tumor_like	medium	1	1	4	2	0	0	1	0	3	0.6	1	2
TAAGCCTGAACTGTGA-1	1	32	112	30844	23105	tumor_like	medium	1	1	1	0	0	0	0	0	0	0	0	0
TAAGCCTGCGCATGGT-1	1	91	71	26825	33362	tumor_like	medium	1	1	87	38	0	0	23	0	61	12.2	1	38
TAAGCCTTAGCGGCGT-1	1	7	151	34714	18739	tumor_like	medium	1	1	7	0	0	0	1	0	1	0.2	0	0
TAAGCGCAACGCTGCC-1	1	74	148	34512	30352	tumor_like	medium	1	1	37	2	0	0	6	0	8	1.6	1	2
TAAGCGTGCTATCTAG-1	1	9	221	41728	19026	tumor_like	medium	1	1	0	0	0	0	0	0	0	0	0	0
TAAGGAGCGGTGCTTG-1	1	116	116	31369	37657	tumor_like	medium	1	1	30	2	1	0	6	0	9	1.8	1	2
TAAGGAGTACTCCACC-1	1	18	134	33027	20661	tumor_like	medium	1	1	6	2	0	0	1	0	3	0.6	1	2
TAAGGCAACCACGCTC-1	1	116	80	27763	37687	tumor_like	medium	1	1	82	7	0	0	15	0	22	4.4	1	7
TAAGGCCGTCGCTCAT-1	1	127	51	24875	39617	tumor_like	medium	1	1	161	14	2	0	20	0	36	7.2	1	14
TAAGGTATAATCTTGG-1	1	90	90	28727	33174	tumor_like	medium	1	1	125	4	1	0	17	0	22	4.4	1	4
TAAGGTATACGAACGG-1	1	67	119	31597	29163	tumor_like	medium	1	1	34	0	0	0	1	0	1	0.2	0	0
TAAGGTATCCACCGCT-1	1	67	81	27791	29195	tumor_like	medium	1	1	2	0	1	0	1	0	2	0.4	0	0
TAAGGTATCTCGCCAC-1	1	13	151	34723	19779	tumor_like	medium	1	1	2	1	0	0	0	0	1	0.2	1	1
TAAGGTATCTTGGTCT-1	1	41	209	40573	24581	tumor_like	medium	1	1	3	2	0	0	0	0	2	0.4	1	2
TAAGGTATGGCGTCGG-1	1	95	19	21623	34100	tumor_like	medium	1	1	10	0	2	0	1	0	3	0.6	0	0
TAAGGTCCGGTTATAC-1	1	48	154	35075	25842	tumor_like	medium	1	1	0	5	1	0	1	0	7	1.4	0	0
TAAGGTGACCTTCCAG-1	1	45	159	35571	25317	tumor_like	medium	1	1	6	2	0	0	2	0	4	0.8	1	2
TAAGGTGACTGTTACT-1	1	62	188	38501	28239	tumor_like	medium	1	1	14	0	0	0	1	0	1	0.2	0	0
TAAGGTGCGAGTGGCT-1	1	12	160	35622	19599	tumor_like	medium	1	1	23	0	0	0	7	0	7	1.4	0	0
TAAGGTGGCCGCTCCG-1	1	110	46	24349	36677	tumor_like	medium	1	1	154	8	1	0	18	1	28	5.6	1	8
TAAGGTGGCTTGCGCC-1	1	75	155	35215	30518	tumor_like	medium	1	1	15	1	0	0	2	0	3	0.6	1	1
TAAGGTTGATAGAAGC-1	1	0	116	31198	17557	tumor_like	medium	1	1	3	0	0	0	0	0	0	0	0	0
TAAGGTTGTACATGCG-1	1	80	144	34120	31395	tumor_like	medium	1	1	65	25	1	0	3	0	29	5.8	1	25
TAAGTAGAACTTGCCA-1	1	122	76	27372	38731	tumor_like	medium	1	1	66	12	0	1	12	0	25	5	1	12
TAAGTGAAGTCTGGAT-1	1	43	149	34566	24979	tumor_like	medium	1	1	4	7	0	0	3	0	10	2	1	4
TAAGTGACTTCCATGT-1	1	87	189	38638	32569	tumor_like	medium	1	1	19	0	0	0	2	0	2	0.4	0	0
TAAGTGCCGATATTGT-1	1	93	55	25226	33723	tumor_like	medium	1	1	205	14	3	0	21	1	39	7.8	1	14
TAAGTGGAGCCGGTGA-1	1	24	60	25625	21764	tumor_like	medium	1	1	0	0	0	0	0	0	0	0	0	0
TAAGTTGTGCTATGGA-1	1	61	89	28584	28149	tumor_like	medium	1	1	48	0	0	0	5	0	5	1	0	0
TAATACAAGTACCTTC-1	1	77	181	37822	30843	tumor_like	medium	1	1	12	2	0	1	2	0	5	1	1	2
TAATACAGCAGGCTTG-1	1	91	11	20816	33414	tumor_like	medium	1	1	68	1	0	0	7	0	8	1.6	1	1
TAATAGCCACGAACTA-1	1	96	60	25731	34239	tumor_like	medium	1	1	221	32	2	0	33	0	67	13.4	1	32
TAATCAAGTTGACCTC-1	1	30	150	34647	22727	tumor_like	medium	1	1	16	3	0	0	3	1	7	1.4	1	3
TAATCCTTGAGCCTCG-1	1	107	55	25246	36148	tumor_like	medium	1	1	148	5	0	0	28	0	33	6.6	1	5
TAATCGACATGTGCAC-1	1	15	69	26513	20196	tumor_like	medium	1	1	0	0	0	0	0	0	0	0	0	0
TAATCTACATACTGTT-1	1	70	92	28897	29707	tumor_like	medium	1	1	15	0	0	0	1	0	1	0.2	0	0
TAATCTCCGCGAGTTC-1	1	89	115	31229	32978	tumor_like	medium	1	1	33	11	0	0	2	0	13	2.6	1	11
TAATCTGTGACTTGCT-1	1	22	222	41847	21279	tumor_like	medium	1	1	1	0	0	0	2	0	2	0.4	0	0
TAATGTCACTTCCTAA-1	1	43	175	37171	24957	tumor_like	medium	1	1	20	7	0	0	4	0	11	2.2	1	7
TAATGTCGACTTGTGG-1	1	89	113	31029	32980	tumor_like	medium	1	1	28	3	0	0	1	0	4	0.8	1	3
TAATGTTCGATCGCAG-1	1	45	61	25756	25400	tumor_like	medium	1	1	1	1	0	0	0	0	1	0.2	1	1
TAATTAACTCCAGGAT-1	1	69	75	27193	29547	tumor_like	medium	1	1	11	1	0	1	1	0	3	0.6	1	1
TAATTAAGTGACGTCC-1	1	57	179	37592	27379	tumor_like	medium	1	1	3	5	0	0	0	0	5	1	1	3
TAATTACCTCTAGACC-1	1	79	81	27809	31275	tumor_like	medium	1	1	29	0	1	0	3	0	4	0.8	0	0
TAATTACTATCACGTG-1	1	56	202	39894	27187	tumor_like	medium	1	1	7	0	0	0	0	0	0	0	0	0
TAATTACTCCTGAATA-1	1	49	121	31771	26042	tumor_like	medium	1	1	11	1	1	0	0	0	2	0.4	1	1
TAATTAGGAGCACGCA-1	1	88	62	25919	32851	tumor_like	medium	1	1	52	8	0	0	2	0	10	2	1	8
TAATTAGGTGCAGAGC-1	1	17	51	24713	20557	tumor_like	medium	1	1	0	0	0	0	0	0	0	0	0	0
TAATTAGTGAGTTGAA-1	1	98	132	32945	34524	tumor_like	medium	1	1	52	2	0	0	8	0	10	2	1	2
TAATTAGTGCACCGTG-1	1	9	157	35318	19081	tumor_like	medium	1	1	17	0	1	1	0	0	2	0.4	0	0
TAATTATCCAAGGATT-1	1	61	43	23976	28188	tumor_like	medium	1	1	1	0	0	0	0	0	0	0	0	0
TAATTATCTTATCTCC-1	1	104	114	31151	35579	tumor_like	medium	1	1	28	3	0	0	3	0	6	1.2	1	3
TAATTGAAGAACCATA-1	1	64	158	35499	28611	tumor_like	medium	1	1	4	0	0	0	0	0	0	0	0	0
TAATTGATAGGCCTTG-1	1	43	193	38973	24941	ambiguous_or_low_signal	low	0	0	6	24	2	0	3	0	29	5.8	1	6
TAATTGTCACGGCCTC-1	1	112	156	35369	36930	tumor_like	medium	1	1	0	0	0	0	0	0	0	0	0	0
TAATTGTCTACTGTTA-1	1	49	151	34776	26017	tumor_like	medium	1	1	2	2	1	0	0	0	3	0.6	1	2
TACAACAGTTAACATA-1	1	119	43	24062	38238	tumor_like	medium	1	1	221	3	4	0	16	0	23	4.6	1	3
TACAACGAGCTCGGCA-1	1	18	72	26818	20714	tumor_like	medium	1	1	0	0	0	0	0	0	0	0	0	0
TACAACGCGAGTTGCG-1	1	3	81	27697	18106	tumor_like	medium	1	1	1	0	0	0	0	0	0	0	0	0
TACAACGCTCTGCACG-1	1	118	134	33175	37988	tumor_like	medium	1	1	13	0	0	0	2	0	2	0.4	0	0
TACAAGACCAGGCAAG-1	1	6	22	21792	18677	tumor_like	medium	1	1	0	0	0	0	0	0	0	0	0	0
TACAAGACGCTGATTC-1	1	71	195	39215	29791	tumor_like	medium	1	1	8	0	0	0	0	0	0	0	0	0
TACAAGACGTAGCCAT-1	1	94	214	41152	33761	tumor_like	medium	1	1	0	0	0	0	0	0	0	0	0	0
TACAAGACTAATCAGC-1	1	121	45	24265	38583	tumor_like	medium	1	1	362	6	1	0	28	0	35	7	1	6
TACAAGATAGACTGTC-1	1	2	110	30600	17909	tumor_like	medium	1	1	3	2	0	0	1	0	3	0.6	1	2
TACAAGCAGTGAGCGA-1	1	66	86	28291	29019	tumor_like	medium	1	1	16	2	0	0	1	0	3	0.6	1	2
TACAAGCCAGGTGGAA-1	1	66	220	41712	28905	tumor_like	medium	1	1	17	6	0	0	4	0	10	2	1	6
TACAAGCGGATCAGAC-1	1	83	95	29217	31956	tumor_like	medium	1	1	214	7	1	0	10	0	18	3.6	1	7
TACAAGCGGTATGTTC-1	1	95	85	28233	34044	tumor_like	medium	1	1	139	7	1	0	19	0	27	5.4	1	7
TACAAGGTGCGACCGT-1	1	19	167	36334	20805	tumor_like	medium	1	1	4	0	0	0	2	0	2	0.4	0	0
TACAAGTCCAGAGCTG-1	1	104	2	19934	35675	tumor_like	medium	1	1	7	2	1	0	2	0	5	1	1	2
TACAAGTCCGCTAACG-1	1	74	88	28503	30403	tumor_like	medium	1	1	36	2	0	0	5	0	7	1.4	1	2
TACAAGTCTGAGATTA-1	1	108	44	24146	36332	tumor_like	medium	1	1	165	2	2	0	15	0	19	3.8	1	2
TACAAGTGCTATGGAT-1	1	30	190	38654	22692	tumor_like	medium	1	1	17	6	0	0	0	0	6	1.2	1	6
TACAAGTGTCACTATT-1	1	39	23	21941	24393	tumor_like	medium	1	1	1	1	0	0	2	0	3	0.6	1	1
TACAAGTTAGTTCTAT-1	1	86	200	39738	32387	tumor_like	medium	1	1	6	0	0	0	3	0	3	0.6	0	0
TACAAGTTGTGAACAG-1	1	83	83	28015	31966	tumor_like	medium	1	1	46	2	0	0	4	0	6	1.2	1	2
TACAATCAGACGAAGC-1	1	37	25	22138	24045	tumor_like	medium	1	1	2	0	0	0	0	0	0	0	0	0
TACACCATGAGGCCAA-1	1	16	114	31021	20331	tumor_like	medium	1	1	22	0	0	0	3	0	3	0.6	0	0
TACACCTGCATGAGCG-1	1	27	169	36546	22189	tumor_like	medium	1	1	56	2	0	0	4	0	6	1.2	1	2
TACACGCCGAACAGCG-1	1	80	210	40731	31339	tumor_like	medium	1	1	63	1	0	0	7	0	8	1.6	1	1
TACACTACATCTAGGA-1	1	86	98	29522	32474	tumor_like	medium	1	1	135	1	0	0	24	0	25	5	1	1
TACACTACATTCTTGT-1	1	31	185	38154	22869	tumor_like	medium	1	1	17	2	0	0	7	0	9	1.8	1	2
TACACTACGAAGGATT-1	1	77	125	32213	30891	tumor_like	medium	1	1	47	0	0	0	6	0	6	1.2	0	0
TACACTCACCTACTTC-1	1	81	147	34422	31565	tumor_like	medium	1	1	28	4	2	0	1	0	7	1.4	1	4
TACACTCATGTTAGTC-1	1	55	37	23367	27154	tumor_like	medium	1	1	1	0	0	0	0	0	0	0	0	0
TACACTGATTCTATAG-1	1	39	129	32557	24303	tumor_like	medium	1	1	2	0	0	0	0	0	0	0	0	0
TACACTGCTTGCTTCA-1	1	75	221	41825	30462	tumor_like	medium	1	1	69	10	1	0	10	0	21	4.2	1	10
TACACTGTGGCTGAAT-1	1	111	105	30260	36799	tumor_like	medium	1	1	43	6	2	0	9	0	17	3.4	1	6
TACACTTAAGGTGGAT-1	1	16	44	24010	20391	tumor_like	medium	1	1	1	0	0	0	0	0	0	0	0	0
TACACTTCATTAACTC-1	1	46	198	39479	25458	tumor_like	medium	1	1	5	1	0	0	1	0	2	0.4	1	1
TACAGACCATAGCATT-1	1	84	176	37331	32061	tumor_like	medium	1	1	7	0	0	0	0	0	0	0	0	0
TACAGACCTTGACGGT-1	1	72	26	22290	30110	tumor_like	medium	1	1	1	0	0	0	0	1	1	0.2	0	0
TACAGATAGATGTATG-1	1	117	123	32072	37823	tumor_like	medium	1	1	27	10	1	0	5	0	16	3.2	1	10
TACAGATATCGTATGG-1	1	74	78	27501	30412	tumor_like	medium	1	1	3	0	0	0	2	0	2	0.4	0	0
TACAGATCAGTTGTAC-1	1	64	142	33896	28625	tumor_like	medium	1	1	15	3	0	0	2	0	5	1	1	3
TACAGCATGTAACGAT-1	1	56	136	33284	27243	tumor_like	medium	1	1	20	3	0	0	3	0	6	1.2	1	3
TACAGCCTAACCTCCA-1	1	16	154	35027	20297	tumor_like	medium	1	1	6	1	0	0	0	0	1	0.2	1	1
TACAGCCTCATTGGTG-1	1	38	192	38866	24077	tumor_like	medium	1	1	9	5	0	0	0	0	5	1	1	5
TACAGCCTCGATTGCA-1	1	57	25	22168	27510	tumor_like	medium	1	1	0	0	0	0	0	1	1	0.2	0	0
TACAGCTCTTATGATC-1	1	16	198	39434	20260	tumor_like	medium	1	1	1	0	0	0	0	0	0	0	0	0
TACAGGTGGCTCATTG-1	1	99	167	36452	34667	tumor_like	medium	1	1	16	1	0	0	5	0	6	1.2	1	1
TACAGGTGTAATCGGT-1	1	123	89	28675	38892	tumor_like	medium	1	1	12	2	1	0	4	0	7	1.4	1	2
TACATAACCTTGAGTA-1	1	21	171	36737	21148	tumor_like	medium	1	1	9	0	0	0	2	0	2	0.4	0	0
TACATAACTTATGACA-1	1	122	2	19960	38794	tumor_like	medium	1	1	36	6	0	0	6	0	12	2.4	1	6
TACATAATTCTTGCCT-1	1	55	51	24769	27142	tumor_like	medium	1	1	3	0	0	0	0	0	0	0	0	0
TACATACGGCAACGAG-1	1	19	69	26519	20889	tumor_like	medium	1	1	1	0	0	0	0	0	0	0	0	0
TACATCACTCAGGCCG-1	1	117	131	32873	37816	tumor_like	medium	1	1	26	2	0	0	1	0	3	0.6	1	2
TACATCGGAGAATGTA-1	1	69	207	40414	29434	tumor_like	medium	1	1	9	0	0	0	1	0	1	0.2	0	0
TACATCTACTCAATCT-1	1	10	218	41429	19203	tumor_like	medium	1	1	0	1	0	0	1	0	2	0.4	0	0
TACATTAGACAAGCTT-1	1	77	65	26204	30942	tumor_like	medium	1	1	16	0	0	0	3	0	3	0.6	0	0
TACATTCGGTACATAC-1	1	102	20	21733	35313	tumor_like	medium	1	1	1	0	0	0	0	0	0	0	0	0
TACCACGATGACTGAC-1	1	86	142	33929	32436	tumor_like	medium	1	1	93	5	1	0	8	0	14	2.8	1	5
TACCATCCTACGTGAG-1	1	121	65	26268	38566	tumor_like	medium	1	1	100	16	2	1	19	0	38	7.6	1	16
TACCATCGCCAAGTCG-1	1	109	167	36467	36399	tumor_like	medium	1	1	1	0	0	0	0	0	0	0	0	0
TACCATCGGTTGCTCG-1	1	73	143	34010	30182	tumor_like	medium	1	1	23	1	0	0	2	0	3	0.6	1	1
TACCATCTAATCGGCA-1	1	16	144	34026	20306	tumor_like	medium	1	1	25	0	0	0	2	0	2	0.4	0	0
TACCATGCACTACAGC-1	1	60	32	22873	28025	tumor_like	medium	1	1	0	0	0	0	0	0	0	0	0	0
TACCATGCCGGTATAA-1	1	54	74	27071	26950	tumor_like	medium	1	1	8	4	0	0	1	0	5	1	1	4
TACCATGGAATCTTCC-1	1	24	66	26225	21759	tumor_like	medium	1	1	0	0	0	0	0	0	0	0	0	0
TACCATGGACGGTTGG-1	1	48	142	33873	25852	tumor_like	medium	1	1	4	0	0	0	1	0	1	0.2	0	0
TACCATTACACGCAGA-1	1	73	85	28201	30232	tumor_like	medium	1	1	32	3	0	0	6	0	9	1.8	1	3
TACCATTATCAACTTC-1	1	20	126	32229	21014	tumor_like	medium	1	1	54	7	0	1	7	0	15	3	1	7
TACCATTATGACCAAT-1	1	89	111	30828	32982	tumor_like	medium	1	1	53	2	0	0	3	0	5	1	1	2
TACCATTCAATGAGAA-1	1	11	163	35921	19422	tumor_like	medium	1	1	24	0	0	0	9	0	9	1.8	0	0
TACCGATATCTACACC-1	1	36	144	34055	23771	tumor_like	medium	1	1	0	2	0	0	0	0	2	0.4	0	0
TACCGCAGAATAAGTG-1	1	65	31	22780	28891	tumor_like	medium	1	1	0	0	0	0	0	1	1	0.2	0	0
TACCGCATACATCTGG-1	1	7	121	31709	18765	tumor_like	medium	1	1	12	5	2	0	4	0	11	2.2	1	5
TACCGCGAGTTGTAGA-1	1	51	181	37783	26338	tumor_like	medium	1	1	3	9	1	0	1	0	11	2.2	1	3
TACCGCGTCGGTTCTG-1	1	102	144	34153	35207	tumor_like	medium	1	1	27	4	0	0	3	0	7	1.4	1	4
TACCGGACCATAGTAC-1	1	87	159	35633	32594	tumor_like	medium	1	1	48	3	0	1	5	0	9	1.8	1	3
TACCGGAGATTAATCC-1	1	66	36	23283	29061	tumor_like	medium	1	1	0	0	0	0	0	0	0	0	0	0
TACCGGCCGAGTCGCA-1	1	21	197	39342	21126	tumor_like	medium	1	1	30	5	0	1	7	0	13	2.6	1	5
TACCGGCCGTAGATTC-1	1	111	101	29859	36802	tumor_like	medium	1	1	55	4	1	0	5	0	10	2	1	4
TACCGGTTCAATGTGC-1	1	104	102	29949	35589	tumor_like	medium	1	1	141	11	5	0	6	0	22	4.4	1	11
TACCGGTTGGTTAATG-1	1	120	10	20758	38440	tumor_like	medium	1	1	28	2	0	0	3	0	5	1	1	2
TACCGGTTGTACAACT-1	1	122	108	30577	38703	tumor_like	medium	1	1	24	7	0	0	6	0	13	2.6	1	7
TACCGTAATATGCATC-1	1	90	108	30529	33159	tumor_like	medium	1	1	41	1	0	0	2	0	3	0.6	1	1
TACCGTAGCCGCGGCA-1	1	125	63	26074	39260	tumor_like	medium	1	1	34	1	0	0	8	0	9	1.8	1	1
TACCGTATCCAGCCTG-1	1	57	145	34187	27408	tumor_like	medium	1	1	17	0	0	0	3	0	3	0.6	0	0
TACCGTCCTATGAAGT-1	1	55	43	23968	27149	tumor_like	medium	1	1	0	0	0	0	0	0	0	0	0	0
TACCGTGAACCTAATC-1	1	26	64	26028	22107	tumor_like	medium	1	1	0	0	0	0	0	0	0	0	0	0
TACCGTGCCGTTGGAC-1	1	29	183	37951	22524	tumor_like	medium	1	1	43	9	0	0	7	0	16	3.2	1	9
TACCGTGGACCAGGTT-1	1	119	41	23862	38240	tumor_like	medium	1	1	174	14	2	0	12	0	28	5.6	1	14
TACCGTGGCATGTATT-1	1	52	156	35281	26533	tumor_like	medium	1	1	5	3	1	0	2	0	6	1.2	1	3
TACCGTTCGGAAGATC-1	1	118	48	24561	38061	tumor_like	medium	1	1	112	2	0	0	22	0	24	4.8	1	2
TACCTACCGGCTCAAT-1	1	72	138	33508	30014	tumor_like	medium	1	1	72	2	0	0	5	0	7	1.4	1	2
TACCTATTCATCCGAC-1	1	114	96	29363	37327	tumor_like	medium	1	1	53	7	0	0	6	0	13	2.6	1	7
TACCTCAAGAATTAGG-1	1	76	38	23498	30792	tumor_like	medium	1	1	21	3	0	0	1	0	4	0.8	1	3
TACCTCAAGGCAATAC-1	1	124	54	25171	39096	tumor_like	medium	1	1	152	16	1	1	23	0	41	8.2	1	16
TACCTCATCGCTGCTC-1	1	50	160	35679	26183	tumor_like	medium	1	1	6	5	0	0	1	0	6	1.2	1	5
TACCTCATGTCCAGTG-1	1	57	33	22969	27504	tumor_like	medium	1	1	0	0	0	0	0	0	0	0	0	0
TACCTCCGGCTTAATC-1	1	95	215	41254	33933	tumor_like	medium	1	1	0	0	0	0	0	0	0	0	0	0
TACCTCGTAGGAACTT-1	1	97	21	21826	34445	tumor_like	medium	1	1	1	0	0	0	1	0	1	0.2	0	0
TACCTGGCACGTAGAC-1	1	55	67	26371	27128	tumor_like	medium	1	1	3	1	0	0	2	0	3	0.6	1	1
TACCTGTAACGGCGCT-1	1	59	197	39398	27710	tumor_like	medium	1	1	5	0	0	0	0	0	0	0	0	0
TACCTGTAATCTAGGT-1	1	80	208	40530	31341	tumor_like	medium	1	1	40	0	0	0	5	0	5	1	0	0
TACGACGCACGATGTT-1	1	77	105	30210	30908	tumor_like	medium	1	1	69	0	0	0	5	0	5	1	0	0
TACGACGTATGAATGA-1	1	4	196	39216	18182	tumor_like	medium	1	1	7	0	0	0	0	0	0	0	0	0
TACGACGTCCTCACCA-1	1	121	105	30275	38532	tumor_like	medium	1	1	59	11	0	0	13	0	24	4.8	1	11
TACGACGTTACTGAAT-1	1	28	168	36447	22365	tumor_like	medium	1	1	52	0	0	1	4	0	5	1	0	0
TACGACGTTAGGTGGA-1	1	102	68	26541	35272	tumor_like	medium	1	1	224	16	0	0	28	0	44	8.8	1	16
TACGACGTTCCAAGGT-1	1	109	13	21043	36531	tumor_like	medium	1	1	4	1	0	0	1	0	2	0.4	1	1
TACGACTAACTGCTGA-1	1	61	107	30386	28134	tumor_like	medium	1	1	132	18	1	0	13	1	33	6.6	1	18
TACGACTATGCGCATA-1	1	29	107	30339	22589	tumor_like	medium	1	1	0	0	0	0	0	0	0	0	0	0
TACGACTCTAGAGCAC-1	1	86	184	38135	32401	tumor_like	medium	1	1	13	4	1	0	0	0	5	1	1	4
TACGACTTAACGTCTA-1	1	99	43	24033	34772	tumor_like	medium	1	1	247	12	0	0	20	0	32	6.4	1	12
TACGACTTGAACGGAG-1	1	85	73	27017	32321	tumor_like	medium	1	1	684	20	0	0	22	0	42	8.4	1	20
TACGCACCTCATCTGT-1	1	33	205	40160	23198	tumor_like	medium	1	1	1	1	0	0	0	1	2	0.4	1	1
TACGCACTCGGCGTGC-1	1	117	95	29267	37847	tumor_like	medium	1	1	118	4	0	0	11	0	15	3	1	4
TACGCAGAAGCCTGCA-1	1	105	89	28649	35773	tumor_like	medium	1	1	124	17	0	0	18	0	35	7	1	17
TACGCAGAGTTACGCC-1	1	28	122	31840	22404	tumor_like	medium	1	1	11	0	0	0	1	0	1	0.2	0	0
TACGCCGGCAGATTAA-1	1	21	121	31730	21191	tumor_like	medium	1	1	8	4	0	0	3	0	7	1.4	1	4
TACGCCGTGACTCCTA-1	1	4	156	35210	18216	tumor_like	medium	1	1	10	0	0	0	5	0	5	1	0	0
TACGCCTACCGTGGAA-1	1	101	147	34452	35030	tumor_like	medium	1	1	31	4	0	0	3	0	7	1.4	1	4
TACGCTAATACCGTAT-1	1	73	199	39619	30134	tumor_like	medium	1	1	5	4	0	0	2	0	6	1.2	1	4
TACGCTCATGAAGAAT-1	1	76	98	29507	30741	tumor_like	medium	1	1	95	1	0	1	9	0	11	2.2	1	1
TACGCTCATTCGCTGA-1	1	95	81	27833	34047	tumor_like	medium	1	1	163	4	0	0	26	0	30	6	1	4
TACGCTGCACAACGGT-1	1	126	58	25575	39439	tumor_like	medium	1	1	90	17	1	0	9	0	27	5.4	1	17
TACGCTGCGTGCTGTT-1	1	48	180	37679	25820	tumor_like	medium	1	1	0	5	2	0	0	0	7	1.4	0	0
TACGGAATGTCCTGTT-1	1	70	104	30099	29697	tumor_like	medium	1	1	74	7	1	0	8	0	16	3.2	1	7
TACGGACACGCCACTC-1	1	88	86	28323	32831	tumor_like	medium	1	1	132	6	1	0	10	0	17	3.4	1	6
TACGGACCGTTATTCT-1	1	100	106	30344	34893	tumor_like	medium	1	1	125	18	2	0	14	0	34	6.8	1	18
TACGGACCTAATTACG-1	1	31	111	30743	22932	tumor_like	medium	1	1	0	0	0	0	0	0	0	0	0	0
TACGGACCTGAGCGTG-1	1	89	151	34835	32948	tumor_like	medium	1	1	27	13	0	0	5	0	18	3.6	1	13
TACGGAGGCCATCTGA-1	1	95	205	40252	33941	tumor_like	medium	1	1	19	1	0	0	7	0	8	1.6	1	1
TACGGAGGTGCCGGAG-1	1	90	122	31932	33147	tumor_like	medium	1	1	88	17	1	0	16	0	34	6.8	1	17
TACGGAGTGCGGATAG-1	1	29	113	30940	22584	tumor_like	medium	1	1	2	0	0	0	0	0	0	0	0	0
TACGGAGTTCGATCAT-1	1	18	148	34429	20649	tumor_like	medium	1	1	10	1	0	0	0	0	1	0.2	1	1
TACGGATCACCACGGC-1	1	94	96	29333	33862	tumor_like	medium	1	1	190	8	2	1	21	0	32	6.4	1	8
TACGGATTCACTAATG-1	1	106	52	24944	35979	tumor_like	medium	1	1	171	13	2	0	36	0	51	10.2	1	13
TACGGCGAACAGGTCG-1	1	91	93	29029	33344	tumor_like	medium	1	1	201	3	0	0	8	0	11	2.2	1	3
TACGGTAGACATTCTA-1	1	40	32	22844	24560	tumor_like	medium	1	1	0	0	0	0	0	0	0	0	0	0
TACGGTAGGAACTGCT-1	1	109	111	30858	36447	tumor_like	medium	1	1	54	2	0	0	14	0	16	3.2	1	2
TACGGTCAGTTCTTGA-1	1	70	34	23088	29756	tumor_like	medium	1	1	0	0	0	0	1	0	1	0.2	0	0
TACGGTTGGCGGTACA-1	1	9	195	39124	19048	tumor_like	medium	1	1	7	2	0	0	1	0	3	0.6	1	2
TACGTAATTAGTGAGT-1	1	76	210	40725	30646	tumor_like	medium	1	1	14	0	0	0	0	0	0	0	0	0
TACGTACACCGTTCCT-1	1	56	166	36288	27218	tumor_like	medium	1	1	2	10	0	0	1	0	11	2.2	1	2
TACGTACAGCGACATC-1	1	87	165	36234	32589	tumor_like	medium	1	1	17	2	0	0	2	0	4	0.8	1	2
TACGTACAGTCCACCT-1	1	93	147	34440	33644	tumor_like	medium	1	1	37	4	1	0	7	0	12	2.4	1	4
TACGTACATGACCAAC-1	1	100	132	32948	34871	tumor_like	medium	1	1	123	16	3	0	17	0	36	7.2	1	16
TACGTACGACAGTCGG-1	1	0	46	24187	17617	tumor_like	medium	1	1	0	0	0	0	0	0	0	0	0	0
TACGTACGACTGATCC-1	1	23	165	36139	21500	tumor_like	medium	1	1	26	0	0	0	2	0	2	0.4	0	0
TACGTACGATACAGGT-1	1	112	126	32365	36955	tumor_like	medium	1	1	17	1	0	0	0	0	1	0.2	1	1
TACGTACGATCAGAAC-1	1	115	111	30867	37487	tumor_like	medium	1	1	45	5	0	0	7	0	12	2.4	1	5
TACGTACTAATACTGG-1	1	60	202	39900	27880	tumor_like	medium	1	1	9	1	0	0	3	0	4	0.8	1	1
TACGTACTTGGAACGT-1	1	7	215	41124	18685	tumor_like	medium	1	1	1	0	0	0	1	0	1	0.2	0	0
TACGTAGCGGTGGCGA-1	1	23	125	32133	21534	tumor_like	medium	1	1	35	10	0	0	6	0	16	3.2	1	10
TACGTAGCTCCGAGAT-1	1	87	123	32027	32625	tumor_like	medium	1	1	58	1	0	0	6	0	7	1.4	1	1
TACGTAGGTCAAGGAC-1	1	78	150	34718	31043	tumor_like	medium	1	1	48	3	1	1	3	0	8	1.6	1	3
TACGTATCCGTGAGCG-1	1	92	164	36141	33457	tumor_like	medium	1	1	13	0	0	0	3	0	3	0.6	0	0
TACGTATCGCGATCAG-1	1	67	109	30596	29171	tumor_like	medium	1	1	25	2	0	0	1	0	3	0.6	1	2
TACGTATCGGAACTCC-1	1	35	125	32151	23613	tumor_like	medium	1	1	9	4	0	0	3	0	7	1.4	1	4
TACGTATGCCACGACT-1	1	47	155	35173	25667	tumor_like	medium	1	1	7	4	0	0	0	0	4	0.8	1	4
TACGTATGTTCATGAT-1	1	22	144	34035	21345	tumor_like	medium	1	1	13	1	0	0	2	0	3	0.6	1	1
TACGTGAGATAATGAC-1	1	64	22	21878	28727	tumor_like	medium	1	1	1	0	0	0	0	0	0	0	0	0
TACGTGATTCGAGCTT-1	1	123	153	35085	38837	immune	medium	0	0	0	0	0	0	0	0	0	0	0	0
TACGTGCCATCGAGCC-1	1	26	172	36845	22015	tumor_like	medium	1	1	33	0	0	0	2	0	2	0.4	0	0
TACGTGCCGGCCGTCT-1	1	38	128	32456	24131	tumor_like	medium	1	1	2	0	0	0	1	0	1	0.2	0	0
TACGTGCGAACCTCTA-1	1	93	159	35642	33634	tumor_like	medium	1	1	39	5	0	0	9	0	14	2.8	1	5
TACGTGGACCGTATTC-1	1	97	155	35247	34330	tumor_like	medium	1	1	37	14	0	0	9	0	23	4.6	1	14
TACGTTATACTTAGCT-1	1	112	70	26756	37003	tumor_like	medium	1	1	114	10	0	0	22	0	32	6.4	1	10
TACGTTCCTTAACTTG-1	1	54	134	33080	26899	tumor_like	medium	1	1	19	1	0	0	1	0	2	0.4	1	1
TACGTTCTAAGGTGCG-1	1	100	202	39959	34811	tumor_like	medium	1	1	0	0	0	0	0	0	0	0	0	0
TACGTTCTGTGATCAT-1	1	2	88	28396	17928	tumor_like	medium	1	1	0	0	0	0	0	0	0	0	0	0
TACTAAGGTACGTACC-1	1	67	27	22383	29241	tumor_like	medium	1	1	0	0	0	0	0	0	0	0	0	0
TACTAAGTGAGCATTC-1	1	121	83	28071	38550	tumor_like	medium	1	1	35	6	0	0	12	0	18	3.6	1	6
TACTAATGGACGGTAT-1	1	124	52	24971	39098	tumor_like	medium	1	1	160	7	0	0	27	1	35	7	1	7
TACTAGACAGTAATGC-1	1	73	63	25997	30250	tumor_like	medium	1	1	87	0	0	0	8	0	8	1.6	0	0
TACTAGACGATGTAAC-1	1	81	75	27211	31626	tumor_like	medium	1	1	98	2	0	0	7	0	9	1.8	1	2
TACTAGACTCACAGAT-1	1	76	212	40925	30644	tumor_like	medium	1	1	12	2	0	0	2	0	4	0.8	1	2
TACTAGCGCCTGAGCT-1	1	122	122	31979	38691	tumor_like	medium	1	1	31	8	0	1	8	1	18	3.6	1	8
TACTAGGATCTTGCCA-1	1	5	95	29102	18441	tumor_like	medium	1	1	4	0	0	0	0	0	0	0	0	0
TACTAGGCCGAACTAG-1	1	116	44	24158	37718	tumor_like	medium	1	1	192	8	0	0	23	0	31	6.2	1	8
TACTAGGCCGGTAAGC-1	1	80	190	38728	31356	tumor_like	medium	1	1	22	5	2	0	1	0	8	1.6	1	5
TACTAGGTAGATGCGT-1	1	17	123	31924	20496	tumor_like	medium	1	1	10	5	1	1	5	0	12	2.4	1	5
TACTAGGTGATAGACA-1	1	66	16	21280	29079	tumor_like	medium	1	1	0	0	0	0	0	0	0	0	0	0
TACTAGTACTCAACCG-1	1	8	198	39423	18874	tumor_like	medium	1	1	7	2	0	0	3	0	5	1	1	2
TACTAGTAGGAAGTTG-1	1	83	103	30018	31949	tumor_like	medium	1	1	28	1	0	1	6	0	8	1.6	1	1
TACTAGTAGGATCGGC-1	1	91	173	37041	33275	tumor_like	medium	1	1	0	0	0	0	0	0	0	0	0	0
TACTCAACTATGCACC-1	1	88	188	38539	32744	tumor_like	medium	1	1	10	2	1	0	3	0	6	1.2	1	2
TACTCATATGTTACTG-1	1	111	137	33465	36772	tumor_like	medium	1	1	10	0	0	0	3	0	3	0.6	0	0
TACTCCACCGCCGTGG-1	1	81	169	36626	31546	tumor_like	medium	1	1	5	0	0	0	0	0	0	0	0	0
TACTCCAGCGCATTCT-1	1	118	116	31372	38003	tumor_like	medium	1	1	40	7	1	0	6	0	14	2.8	1	7
TACTCCAGTGCACGGC-1	1	114	52	24956	37365	tumor_like	medium	1	1	175	7	1	0	29	0	37	7.4	1	7
TACTCCGCCACTCAGG-1	1	33	171	36755	23227	tumor_like	medium	1	1	22	3	0	0	4	0	7	1.4	1	3
TACTCCGCCAGCGAAT-1	1	16	64	26013	20374	tumor_like	medium	1	1	1	0	0	0	0	0	0	0	0	0
TACTCCGTGACAGTAG-1	1	99	11	20828	34800	tumor_like	medium	1	1	26	1	0	0	3	1	5	1	1	1
TACTCCGTTGCAGCCT-1	1	104	12	20935	35666	tumor_like	medium	1	1	13	0	0	0	4	0	4	0.8	0	0
TACTCGATCTTCCTTC-1	1	24	74	27027	21752	tumor_like	medium	1	1	0	0	0	0	1	0	1	0.2	0	0
TACTCGTGCTGTGCCT-1	1	78	120	31714	31069	tumor_like	medium	1	1	20	2	0	0	6	0	8	1.6	1	2
TACTCGTGTTCGTCTA-1	1	76	60	25701	30774	tumor_like	medium	1	1	41	0	0	0	5	0	5	1	0	0
TACTGGCAAGCGTATC-1	1	20	84	28022	21050	tumor_like	medium	1	1	0	0	0	0	0	0	0	0	0	0
TACTGGCATATTACCT-1	1	44	34	23050	25251	tumor_like	medium	1	1	0	0	0	0	0	0	0	0	0	0
TACTGTAACCGCCTAC-1	1	55	65	26171	27130	tumor_like	medium	1	1	7	1	0	0	1	1	3	0.6	1	1
TACTGTACCTTACTCG-1	1	63	37	23378	28540	tumor_like	medium	1	1	2	0	0	0	0	0	0	0	0	0
TACTGTCCTTATCGGC-1	1	36	60	25642	23843	tumor_like	medium	1	1	0	0	0	0	0	0	0	0	0	0
TACTGTTGCCTATCAT-1	1	78	124	32114	31066	tumor_like	medium	1	1	43	0	0	0	6	0	6	1.2	0	0
TACTTACACGCAGCTT-1	1	51	115	31173	26394	tumor_like	medium	1	1	41	0	0	0	2	0	2	0.4	0	0
TACTTAGACAACTCGC-1	1	94	72	26930	33882	tumor_like	medium	1	1	143	5	0	0	14	0	19	3.8	1	5
TACTTAGATCATTACT-1	1	39	205	40169	24238	tumor_like	medium	1	1	2	2	0	0	1	0	3	0.6	1	2
TACTTCAATGGAGTAA-1	1	114	2	19948	37407	tumor_like	medium	1	1	26	8	0	0	2	0	10	2	1	8
TACTTCACTCCTTAGG-1	1	72	46	24293	30093	tumor_like	medium	1	1	15	2	0	0	2	0	4	0.8	1	2
TACTTCGCCGTGCGGA-1	1	50	44	24060	26282	tumor_like	medium	1	1	0	0	0	0	0	0	0	0	0	0
TACTTGGCGAACGCGT-1	1	84	214	41137	32029	tumor_like	medium	1	1	27	2	0	0	3	0	5	1	1	2
TAGAACCTATCTATTC-1	1	102	164	36156	35190	tumor_like	medium	1	1	12	2	0	0	0	0	2	0.4	1	2
TAGAACCTCAGTTAGA-1	1	0	14	20982	17644	ambiguous_or_low_signal	low	0	0	0	0	0	0	0	0	0	0	0	0
TAGAACCTGTGCGGTG-1	1	63	123	31992	28466	tumor_like	medium	1	1	26	21	0	0	3	0	24	4.8	1	21
TAGAACTCCGTTATGG-1	1	127	105	30284	39571	tumor_like	medium	1	1	31	4	0	0	4	0	8	1.6	1	4
TAGAACTCGAGCGTAA-1	1	83	219	41636	31850	tumor_like	medium	1	1	8	0	0	0	1	0	1	0.2	0	0
TAGAACTCTGAGTTGT-1	1	105	83	28048	35778	tumor_like	medium	1	1	114	6	1	0	21	0	28	5.6	1	6
TAGAAGGTGGTCTGTA-1	1	106	146	34359	35898	tumor_like	medium	1	1	14	5	1	0	1	0	7	1.4	1	5
TAGAATCCGAGCTTCC-1	1	121	77	27470	38555	tumor_like	medium	1	1	52	2	0	0	11	0	13	2.6	1	2
TAGAATCGGCTTGGCC-1	1	107	137	33459	36078	tumor_like	medium	1	1	19	1	0	0	1	0	2	0.4	1	1
TAGAATTCAATCGCTA-1	1	106	6	20337	36018	tumor_like	medium	1	1	37	5	0	0	11	0	16	3.2	1	5
TAGACAACTCATGCAG-1	1	98	128	32544	34528	tumor_like	medium	1	1	97	27	0	0	10	0	37	7.4	1	27
TAGACAAGCGACCTGG-1	1	74	158	35514	30344	tumor_like	medium	1	1	75	4	1	1	6	0	12	2.4	1	4
TAGACAAGTCACTGCT-1	1	77	217	41427	30812	tumor_like	medium	1	1	15	7	0	0	2	0	9	1.8	1	7
TAGACAATCACCTTAC-1	1	63	103	29989	28484	tumor_like	medium	1	1	53	1	0	0	6	1	8	1.6	1	1
TAGACAATCACTCCTT-1	1	22	66	26223	21412	tumor_like	medium	1	1	0	0	0	0	0	0	0	0	0	0
TAGACAATGGAACAAG-1	1	102	102	29946	35243	tumor_like	medium	1	1	551	8	1	0	12	0	21	4.2	1	8
TAGACAGCGTGAGTGC-1	1	95	157	35444	33982	tumor_like	medium	1	1	16	13	0	0	4	0	17	3.4	1	13
TAGACAGCTGGTAGGA-1	1	7	205	40122	18693	tumor_like	medium	1	1	3	0	0	1	0	1	2	0.4	0	0
TAGACAGGCGTCAACC-1	1	2	168	36409	17860	tumor_like	medium	1	1	32	0	0	0	2	0	2	0.4	0	0
TAGACAGTCGGTCAGC-1	1	20	170	36636	20977	tumor_like	medium	1	1	11	0	0	1	1	0	2	0.4	0	0
TAGACATGCCGAAGGC-1	1	17	75	27117	20537	tumor_like	medium	1	1	0	0	0	0	0	0	0	0	0	0
TAGACATTACGGAGCA-1	1	30	146	34247	22730	tumor_like	medium	1	1	6	1	1	0	0	0	2	0.4	1	1
TAGACATTCCATACAT-1	1	67	137	33400	29148	tumor_like	medium	1	1	25	0	0	0	0	0	0	0	0	0
TAGACCGTTCATCTAT-1	1	55	177	37389	27034	tumor_like	medium	1	1	3	14	0	0	1	0	15	3	1	3
TAGACCTAACGGATAC-1	1	127	61	25877	39609	tumor_like	medium	1	1	103	5	0	1	24	0	30	6	1	5
TAGACGGACTCAATGG-1	1	100	68	26538	34925	tumor_like	medium	1	1	441	43	3	0	49	0	95	19	1	43
TAGACTAACCTTGGAA-1	1	8	160	35617	18906	tumor_like	medium	1	1	35	1	0	0	10	0	11	2.2	1	1
TAGACTAATTGCGTTC-1	1	117	129	32673	37818	tumor_like	medium	1	1	19	1	1	0	3	0	5	1	1	1
TAGAGCGATGGCGGTG-1	1	11	51	24704	19518	tumor_like	medium	1	1	1	0	1	0	0	0	1	0.2	0	0
TAGAGGATTGAAGCTT-1	1	0	20	21583	17639	tumor_like	medium	1	1	0	0	0	0	0	0	0	0	0	0
TAGAGGCAGACTAACC-1	1	2	12	20785	17993	tumor_like	medium	1	1	0	0	0	0	0	0	0	0	0	0
TAGAGGCCGGCTAGTG-1	1	108	108	30556	36277	tumor_like	medium	1	1	56	3	0	0	5	0	8	1.6	1	3
TAGAGTACGTGCCGAG-1	1	75	183	38019	30495	tumor_like	medium	1	1	21	5	1	0	2	0	8	1.6	1	5
TAGAGTACTACGCTCG-1	1	22	200	39643	21298	tumor_like	medium	1	1	14	5	2	0	5	0	12	2.4	1	5
TAGAGTGGCGCTATAG-1	1	79	63	26006	31290	tumor_like	medium	1	1	40	2	0	2	10	0	14	2.8	1	2
TAGAGTTAATGACAAT-1	1	85	49	24613	32342	tumor_like	medium	1	1	104	17	2	0	11	0	30	6	1	17
TAGAGTTGATGGTGCG-1	1	19	115	31126	20849	tumor_like	medium	1	1	8	2	0	0	0	0	2	0.4	1	2
TAGAGTTGCTCCATCC-1	1	123	71	26872	38907	tumor_like	medium	1	1	73	15	1	1	14	0	31	6.2	1	15
TAGAGTTGGTCTAATT-1	1	102	46	24337	35291	tumor_like	medium	1	1	163	26	1	0	15	1	43	8.6	1	26
TAGATGAGATCCGGAA-1	1	118	60	25763	38051	tumor_like	medium	1	1	112	4	2	0	19	0	25	5	1	4
TAGATGCGCTATTCAG-1	1	112	42	23952	37027	tumor_like	medium	1	1	245	28	3	0	25	0	56	11.2	1	28
TAGATGCGTCAGCACT-1	1	85	129	32625	32273	tumor_like	medium	1	1	44	1	0	0	5	0	6	1.2	1	1
TAGATGCTCAGACTTA-1	1	37	179	37562	23914	tumor_like	medium	1	1	32	6	0	0	6	0	12	2.4	1	6
TAGATGCTGATGGAGC-1	1	55	45	24168	27147	tumor_like	medium	1	1	0	0	0	0	1	0	1	0.2	0	0
TAGATGCTGGTCGGAG-1	1	7	213	40923	18687	tumor_like	medium	1	1	0	0	0	0	0	0	0	0	0	0
TAGATGCTTCTATGAT-1	1	2	136	33204	17887	tumor_like	medium	1	1	1	1	0	0	0	0	1	0.2	1	1
TAGATGCTTGAACAGC-1	1	117	87	28466	37854	tumor_like	medium	1	1	141	9	0	0	8	0	17	3.4	1	9
TAGATGGCTAGACTGC-1	1	60	162	35894	27914	tumor_like	medium	1	1	5	22	1	0	1	0	24	4.8	1	5
TAGATGGTATGGTCAG-1	1	118	150	34777	37974	tumor_like	medium	1	1	1	0	0	0	0	0	0	0	0	0
TAGATGTCCTACGCCG-1	1	109	49	24648	36500	tumor_like	medium	1	1	139	9	1	0	18	0	28	5.6	1	9
TAGATGTTGAGCGTGG-1	1	49	107	30369	26054	tumor_like	medium	1	1	22	0	0	0	1	0	1	0.2	0	0
TAGCAAGATTACAGGA-1	1	102	76	27342	35265	tumor_like	medium	1	1	191	47	3	0	27	0	77	15.4	1	47
TAGCAGGTGGAGCATC-1	1	14	126	32220	19975	tumor_like	medium	1	1	12	9	0	0	3	0	12	2.4	1	9
TAGCAGTATTAATTCT-1	1	42	22	21845	24915	tumor_like	medium	1	1	12	1	0	0	0	0	1	0.2	1	1
TAGCAGTCCGGATTCA-1	1	117	145	34275	37804	tumor_like	medium	1	1	8	0	0	0	0	0	0	0	0	0
TAGCATGTGATACGTA-1	1	22	112	30830	21373	tumor_like	medium	1	1	11	5	0	0	1	0	6	1.2	1	5
TAGCCAGTATTGCTTC-1	1	89	123	32030	32972	tumor_like	medium	1	1	63	6	0	1	11	0	18	3.6	1	6
TAGCCGACCAGCCGAG-1	1	76	30	22697	30799	tumor_like	medium	1	1	5	1	0	0	3	0	4	0.8	1	1
TAGCCGATCGAGCCAA-1	1	117	73	27064	37866	tumor_like	medium	1	1	65	2	1	0	16	0	19	3.8	1	2
TAGCCGCAACTCCACG-1	1	126	142	33988	39367	tumor_like	medium	1	1	1	0	0	0	0	0	0	0	0	0
TAGCCGCATTCTACTG-1	1	53	153	34982	26708	tumor_like	medium	1	1	0	0	0	0	0	0	0	0	0	0
TAGCGTAAGCGTCCTA-1	1	33	111	30746	23279	tumor_like	medium	1	1	0	0	0	1	0	1	2	0.4	0	0
TAGCGTAGCTGACTCC-1	1	40	196	39269	24420	tumor_like	medium	1	1	4	4	0	0	0	0	4	0.8	1	4
TAGCGTAGGCCGGCAC-1	1	97	13	21025	34451	tumor_like	medium	1	1	4	2	0	0	2	0	4	0.8	1	2
TAGCGTATCGGATCCA-1	1	96	156	35346	34157	tumor_like	medium	1	1	27	12	0	0	10	0	22	4.4	1	12
TAGCGTATCTACGGTA-1	1	88	76	27321	32839	tumor_like	medium	1	1	75	5	0	0	15	0	20	4	1	5
TAGCGTCAGCCGAACT-1	1	23	143	33936	21519	tumor_like	medium	1	1	13	1	0	0	1	0	2	0.4	1	1
TAGCGTCTACGCCATG-1	1	70	106	30300	29695	tumor_like	medium	1	1	84	12	0	0	7	0	19	3.8	1	12
TAGCGTCTGACCATAC-1	1	88	138	33531	32786	tumor_like	medium	1	1	40	2	1	0	3	0	6	1.2	1	2
TAGCGTCTGTGATGTC-1	1	51	171	36782	26346	tumor_like	medium	1	1	3	12	1	0	0	0	13	2.6	1	3
TAGCGTGCTTACCGGT-1	1	104	22	21937	35658	tumor_like	medium	1	1	2	0	0	0	0	0	0	0	0	0
TAGCGTGGAACGAAGC-1	1	28	120	31640	22406	tumor_like	medium	1	1	8	0	0	0	0	0	0	0	0	0
TAGCGTGGCGGATAGG-1	1	61	143	33992	28103	tumor_like	medium	1	1	23	1	0	0	1	0	2	0.4	1	1
TAGCGTTATCATCCGT-1	1	56	128	32482	27250	tumor_like	medium	1	1	19	1	0	0	0	0	1	0.2	1	1
TAGCGTTCGCAGGTAA-1	1	8	212	40825	18862	tumor_like	medium	1	1	0	0	0	0	0	0	0	0	0	0
TAGCTAAGTCCTGCTT-1	1	68	96	29295	29357	tumor_like	medium	1	1	18	1	0	0	3	0	4	0.8	1	1
TAGCTAAGTCTGCAAC-1	1	55	155	35185	27053	tumor_like	medium	1	1	2	1	0	0	0	0	1	0.2	1	1
TAGCTACGCTGACAAT-1	1	70	76	27295	29720	tumor_like	medium	1	1	32	0	0	0	1	0	1	0.2	0	0
TAGCTACGGAATGCCT-1	1	121	127	32478	38513	tumor_like	medium	1	1	38	8	0	0	4	0	12	2.4	1	8
TAGCTACGGCTGGATT-1	1	61	203	40002	28052	tumor_like	medium	1	1	17	0	0	1	7	1	9	1.8	0	0
TAGCTACTCACGGTAT-1	1	69	123	32001	29506	tumor_like	medium	1	1	30	0	0	0	8	0	8	1.6	0	0
TAGCTAGAAGATACAT-1	1	0	8	20381	17649	tumor_like	medium	1	1	0	0	0	0	0	0	0	0	0	0
TAGCTAGTCCTTCATG-1	1	87	205	40240	32555	tumor_like	medium	1	1	6	1	0	0	0	0	1	0.2	1	1
TAGCTATGAACAGGCC-1	1	30	178	37452	22703	tumor_like	medium	1	1	59	2	0	0	8	0	10	2	1	2
TAGCTATGCTTATCGT-1	1	95	189	38649	33955	tumor_like	medium	1	1	0	0	0	0	0	0	0	0	0	0
TAGCTATGGTCATAAG-1	1	70	40	23689	29751	tumor_like	medium	1	1	5	2	0	0	0	0	2	0.4	1	2
TAGCTCGCACGCGGTC-1	1	16	210	40636	20250	tumor_like	medium	1	1	5	1	0	0	0	0	1	0.2	1	1
TAGCTCGCTCGATCCA-1	1	87	143	34030	32608	tumor_like	medium	1	1	55	2	0	0	7	0	9	1.8	1	2
TAGCTCGCTTACATGG-1	1	22	46	24219	21429	tumor_like	medium	1	1	0	0	0	0	0	0	0	0	0	0
TAGCTTACAGCGCAGC-1	1	82	100	29716	31779	tumor_like	medium	1	1	28	2	0	0	0	0	2	0.4	1	2
TAGCTTCAGCTAGACG-1	1	127	85	28280	39588	tumor_like	medium	1	1	28	6	0	0	6	0	12	2.4	1	6
TAGCTTCATTCGGCAA-1	1	29	121	31741	22577	tumor_like	medium	1	1	11	0	0	0	3	0	3	0.6	0	0
TAGGAACCAAGAGCAA-1	1	47	181	37777	25645	tumor_like	medium	1	1	4	14	0	0	2	0	16	3.2	1	4
TAGGAACCGCCTGTAT-1	1	84	124	32123	32105	tumor_like	medium	1	1	22	0	0	0	4	0	4	0.8	0	0
TAGGAAGACAGTTATT-1	1	50	142	33876	26199	tumor_like	medium	1	1	2	0	0	0	0	0	0	0	0	0
TAGGAAGACGGCGAGC-1	1	66	198	39508	28923	tumor_like	medium	1	1	10	0	0	0	2	0	2	0.4	0	0
TAGGAAGACTTAATGC-1	1	123	105	30278	38878	tumor_like	medium	1	1	23	4	0	0	3	0	7	1.4	1	4
TAGGAAGAGCCATACG-1	1	69	83	27995	29540	tumor_like	medium	1	1	16	0	0	0	2	0	2	0.4	0	0
TAGGAATTAAGTTCGG-1	1	55	145	34184	27062	tumor_like	medium	1	1	26	2	0	0	2	0	4	0.8	1	2
TAGGACAGCATATGGA-1	1	66	28	22482	29068	tumor_like	medium	1	1	1	0	0	0	0	0	0	0	0	0
TAGGACCACTATAAGG-1	1	14	220	41635	19894	tumor_like	medium	1	1	0	0	0	1	0	0	1	0.2	0	0
TAGGACCGAGTAAGAT-1	1	98	62	25934	34584	tumor_like	medium	1	1	136	136	8	0	24	0	168	33.6	1	136
TAGGACCGCTGATCGT-1	1	107	93	29052	36116	tumor_like	medium	1	1	72	7	0	0	8	0	15	3	1	7
TAGGACCGCTTCTGCC-1	1	58	28	22470	27682	tumor_like	medium	1	1	0	0	0	0	0	0	0	0	0	0
TAGGACGGAGACCTGT-1	1	94	196	39349	33777	tumor_like	medium	1	1	22	7	0	0	1	0	8	1.6	1	7
TAGGAGCCGCACATCC-1	1	93	165	36243	33629	tumor_like	medium	1	1	13	0	0	0	1	0	1	0.2	0	0
TAGGAGTTCGACTCGC-1	1	54	118	31478	26912	tumor_like	medium	1	1	20	3	1	0	5	0	9	1.8	1	3
TAGGAGTTGGTAAGGT-1	1	123	117	31480	38868	tumor_like	medium	1	1	44	10	0	0	10	0	20	4	1	10
TAGGATGCCTTCTAAG-1	1	78	104	30111	31083	tumor_like	medium	1	1	33	0	0	0	5	0	5	1	0	0
TAGGATGGAATGTCGC-1	1	69	39	23588	29578	tumor_like	medium	1	1	6	0	0	0	2	0	2	0.4	0	0
TAGGATGTCGATAGGC-1	1	83	207	40435	31860	tumor_like	medium	1	1	33	0	0	0	7	0	7	1.4	0	0
TAGGATTATCGGTCAC-1	1	104	136	33354	35560	tumor_like	medium	1	1	33	0	0	0	7	0	7	1.4	0	0
TAGGCACCAAGCTTGT-1	1	53	129	32578	26729	tumor_like	medium	1	1	6	3	0	0	2	0	5	1	1	3
TAGGCACGAGGTGCCA-1	1	98	76	27336	34572	tumor_like	medium	1	1	255	48	5	0	40	0	93	18.6	1	48
TAGGCACGTAAGGACA-1	1	87	3	20009	32727	tumor_like	medium	1	1	57	4	0	0	9	0	13	2.6	1	4
TAGGCAGACCTTGAGT-1	1	119	109	30672	38182	tumor_like	medium	1	1	45	5	0	0	11	0	16	3.2	1	5
TAGGCAGAGTTCAGAT-1	1	31	125	32145	22920	tumor_like	medium	1	1	12	1	0	0	8	0	9	1.8	1	1
TAGGCAGATTCATCAA-1	1	24	104	30031	21726	tumor_like	medium	1	1	0	0	0	0	0	0	0	0	0	0
TAGGCAGATTCCAAGG-1	1	62	122	31890	28295	tumor_like	medium	1	1	19	3	0	1	1	0	5	1	1	3
TAGGCAGCACCGCAGC-1	1	103	97	29447	35419	tumor_like	medium	1	1	149	25	0	0	8	0	33	6.6	1	25
TAGGCAGGCGTCTGAG-1	1	89	169	36637	32932	tumor_like	medium	1	1	6	0	0	0	2	0	2	0.4	0	0
TAGGCGCATTCCGTCA-1	1	20	58	25418	21072	tumor_like	medium	1	1	1	0	0	0	0	0	0	0	0	0
TAGGCTAGACATTACG-1	1	44	198	39476	25111	tumor_like	medium	1	1	8	1	0	0	2	0	3	0.6	1	1
TAGGCTAGATACTCAC-1	1	30	188	38453	22694	tumor_like	medium	1	1	18	5	0	0	3	0	8	1.6	1	5
TAGGCTCGTCTACACG-1	1	84	96	29319	32129	tumor_like	medium	1	1	164	11	0	0	24	0	35	7	1	11
TAGGCTGACGCCTTAA-1	1	98	54	25133	34591	tumor_like	medium	1	1	153	53	1	0	19	0	73	14.6	1	53
TAGGCTGTCTTAAGAA-1	1	95	79	27632	34049	tumor_like	medium	1	1	105	11	0	0	30	0	41	8.2	1	11
TAGGCTGTGGCTTCAC-1	1	42	180	37670	24780	tumor_like	medium	1	1	10	3	1	0	1	0	5	1	1	3
TAGGCTTCACCGATGT-1	1	103	141	33854	35382	tumor_like	medium	1	1	23	2	0	0	7	0	9	1.8	1	2
TAGGTACATGGATATG-1	1	17	105	30121	20511	tumor_like	medium	1	1	6	1	0	0	0	0	1	0.2	1	1
TAGGTCACTGTTATAA-1	1	6	16	21191	18682	ambiguous_or_low_signal	low	0	0	0	0	0	0	0	0	0	0	0	0
TAGGTCATCCTTCGCA-1	1	92	54	25124	33551	tumor_like	medium	1	1	153	37	3	0	15	0	55	11	1	37
TAGGTCCGAACGGCGA-1	1	48	184	38079	25816	tumor_like	medium	1	1	8	18	0	0	0	0	18	3.6	1	8
TAGGTCCGGTATCAAT-1	1	112	62	25955	37010	tumor_like	medium	1	1	182	26	3	0	20	1	50	10	1	26
TAGGTCCTACATGACA-1	1	56	112	30880	27264	tumor_like	medium	1	1	63	11	2	0	5	0	18	3.6	1	11
TAGGTCGACAATGAAT-1	1	34	38	23436	23515	tumor_like	medium	1	1	0	1	0	0	0	0	1	0.2	0	0
TAGGTCTGAACGTTCC-1	1	16	100	29619	20343	tumor_like	medium	1	1	2	0	0	0	0	0	0	0	0	0
TAGGTCTGGATGGCTC-1	1	121	7	20459	38615	tumor_like	medium	1	1	17	2	1	0	8	0	11	2.2	1	2
TAGGTCTGTCACGCAG-1	1	120	106	30373	38358	tumor_like	medium	1	1	52	5	1	0	7	0	13	2.6	1	5
TAGGTCTTATCGCCAC-1	1	27	69	26530	22275	tumor_like	medium	1	1	0	0	0	0	0	0	0	0	0	0
TAGGTGAACTATCGTC-1	1	74	50	24697	30436	tumor_like	medium	1	1	49	1	0	0	5	0	6	1.2	1	1
TAGTATAACTCAACGT-1	1	85	97	29420	32301	tumor_like	medium	1	1	153	2	0	0	24	0	26	5.2	1	2
TAGTATAGCTGCTTCA-1	1	40	168	36465	24444	tumor_like	medium	1	1	17	5	0	0	0	0	5	1	1	5
TAGTATCACCTCACAT-1	1	40	190	38668	24425	tumor_like	medium	1	1	2	9	1	0	0	1	11	2.2	1	2
TAGTATCCATTATGCC-1	1	22	74	27024	21405	tumor_like	medium	1	1	0	0	0	0	0	0	0	0	0	0
TAGTATCGAGCCGATG-1	1	67	117	31397	29165	tumor_like	medium	1	1	20	0	0	0	1	0	1	0.2	0	0
TAGTATCGTCATCGCT-1	1	80	216	41332	31334	tumor_like	medium	1	1	12	1	0	0	0	0	1	0.2	1	1
TAGTATCTCAACAGCC-1	1	2	216	41216	17819	tumor_like	medium	1	1	1	0	0	0	0	0	0	0	0	0
TAGTATCTGGTAACTT-1	1	77	149	34617	30870	tumor_like	medium	1	1	14	3	0	0	4	0	7	1.4	1	3
TAGTATTATGTCGTTA-1	1	77	213	41027	30815	tumor_like	medium	1	1	9	0	0	0	0	0	0	0	0	0
TAGTATTGATAGCGTC-1	1	85	217	41439	32198	tumor_like	medium	1	1	24	2	1	0	3	0	6	1.2	1	2
TAGTATTGGACCAACA-1	1	83	209	40635	31859	tumor_like	medium	1	1	28	3	0	1	3	0	7	1.4	1	3
TAGTCGCTCCATTGTC-1	1	80	128	32518	31409	tumor_like	medium	1	1	37	1	0	0	5	0	6	1.2	1	1
TAGTCTGAGCTCGGAC-1	1	94	84	28132	33872	tumor_like	medium	1	1	126	4	0	0	15	0	19	3.8	1	4
TAGTCTGGATGACATG-1	1	116	78	27563	37689	tumor_like	medium	1	1	94	6	0	0	12	0	18	3.6	1	6
TAGTCTTGACGTATCT-1	1	7	159	35515	18733	tumor_like	medium	1	1	18	2	0	0	6	0	8	1.6	1	2
TAGTGAATCTCATCAA-1	1	67	207	40411	29088	tumor_like	medium	1	1	11	0	0	0	0	0	0	0	0	0
TAGTGAATCTCCATCT-1	1	60	154	35092	27921	tumor_like	medium	1	1	13	3	0	0	1	0	4	0.8	1	3
TAGTGAATTCGCCGAG-1	1	60	90	28682	27976	tumor_like	medium	1	1	30	0	0	0	4	0	4	0.8	0	0
TAGTGACCAATCCGGT-1	1	63	31	22778	28545	tumor_like	medium	1	1	0	0	0	0	0	0	0	0	0	0
TAGTGACCATGATCCA-1	1	107	65	26248	36140	tumor_like	medium	1	1	196	11	1	1	26	0	39	7.8	1	11
TAGTGACCTGCAGACA-1	1	22	70	26623	21409	tumor_like	medium	1	1	0	0	0	0	0	0	0	0	0	0
TAGTGACTCCGAAGGA-1	1	96	118	31540	34190	tumor_like	medium	1	1	48	6	0	0	3	0	9	1.8	1	6
TAGTGAGGAATACTTA-1	1	92	170	36742	33452	tumor_like	medium	1	1	11	0	0	0	2	1	3	0.6	0	0
TAGTGAGGTATGTTGG-1	1	75	203	40022	30477	tumor_like	medium	1	1	10	0	0	0	3	0	3	0.6	0	0
TAGTGAGGTCGTTAGC-1	1	118	102	29970	38015	tumor_like	medium	1	1	29	12	0	0	12	0	24	4.8	1	12
TAGTGATAGCACTGAC-1	1	93	209	40650	33591	tumor_like	medium	1	1	0	0	0	0	0	0	0	0	0	0
TAGTGATAGTCTACTC-1	1	113	141	33869	37115	tumor_like	medium	1	1	16	0	0	0	1	0	1	0.2	0	0
TAGTGATAGTTCCTCA-1	1	67	107	30395	29173	tumor_like	medium	1	1	18	1	0	0	0	0	1	0.2	1	1
TAGTGATGTCAGAAGG-1	1	70	94	29098	29705	tumor_like	medium	1	1	18	1	0	0	2	0	3	0.6	1	1
TAGTGATTACCTCGCT-1	1	62	204	40103	28225	tumor_like	medium	1	1	9	0	0	0	5	0	5	1	0	0
TAGTGATTGAGCACTA-1	1	27	167	36346	22191	tumor_like	medium	1	1	9	0	0	0	0	0	0	0	0	0
TAGTGCACGTACAATT-1	1	0	34	22985	17627	tumor_like	medium	1	1	0	0	0	0	0	0	0	0	0	0
TAGTGCCAAGTTAGCA-1	1	87	215	41242	32546	tumor_like	medium	1	1	141	1	0	0	21	0	22	4.4	1	1
TAGTGCCAATGTGGAT-1	1	89	65	26221	33021	tumor_like	medium	1	1	654	18	2	0	13	0	33	6.6	1	18
TAGTGCCACGGCGACC-1	1	65	85	28189	28845	tumor_like	medium	1	1	27	1	0	0	3	0	4	0.8	1	1
TAGTGCCATTCCGCTC-1	1	88	132	32930	32792	tumor_like	medium	1	1	65	0	0	0	8	0	8	1.6	0	0
TAGTGCTCTTCAGTGA-1	1	95	147	34443	33991	tumor_like	medium	1	1	30	1	0	0	4	0	5	1	1	1
TAGTGCTTCATTCTAC-1	1	62	92	28886	28321	tumor_like	medium	1	1	16	0	0	0	2	0	2	0.4	0	0
TAGTTCACAGTATGAC-1	1	110	48	24550	36675	tumor_like	medium	1	1	148	5	0	0	65	0	70	14	1	5
TAGTTCACATGTCGCT-1	1	25	53	24925	21942	tumor_like	medium	1	1	0	0	0	0	0	0	0	0	0	0
TAGTTCACGGTTGTGG-1	1	29	149	34546	22553	tumor_like	medium	1	1	43	0	0	0	10	0	10	2	0	0
TAGTTCATAGGTGCAG-1	1	116	120	31770	37653	tumor_like	medium	1	1	39	2	0	0	11	0	13	2.6	1	2
TAGTTCCAGAATCGCT-1	1	71	117	31403	29858	tumor_like	medium	1	1	4	0	0	0	2	0	2	0.4	0	0
TAGTTCCATACTGTCC-1	1	12	58	25407	19686	tumor_like	medium	1	1	0	0	0	0	0	0	0	0	0	0
TAGTTCCGACCATTGG-1	1	22	44	24019	21431	tumor_like	medium	1	1	0	0	0	0	0	0	0	0	0	0
TAGTTCGACGCATACT-1	1	104	142	33955	35555	tumor_like	medium	1	1	24	0	0	0	6	0	6	1.2	0	0
TAGTTCGATGAGACCG-1	1	70	134	33104	29671	tumor_like	medium	1	1	27	5	0	1	3	0	9	1.8	1	5
TAGTTCGTACAAGCTC-1	1	106	96	29351	35941	tumor_like	medium	1	1	80	6	1	0	17	0	24	4.8	1	6
TAGTTCGTAGGATTCC-1	1	2	96	29198	17921	tumor_like	medium	1	1	1	0	0	0	0	0	0	0	0	0
TAGTTCGTCAAGGCGA-1	1	122	8	20561	38789	tumor_like	medium	1	1	22	7	0	1	5	0	13	2.6	1	7
TAGTTCGTGACAATGC-1	1	99	15	21228	34796	tumor_like	medium	1	1	14	1	0	0	3	0	4	0.8	1	1
TAGTTCTGATGTAGGC-1	1	63	203	40004	28398	tumor_like	medium	1	1	15	0	0	0	6	0	6	1.2	0	0
TAGTTCTGCAGCGGCT-1	1	80	136	33319	31402	tumor_like	medium	1	1	46	2	0	0	2	0	4	0.8	1	2
TAGTTCTGTAGAACAA-1	1	38	142	33858	24119	tumor_like	medium	1	1	1	2	0	0	0	0	2	0.4	1	1
TAGTTCTTCCGGCCAA-1	1	46	64	26058	25572	ambiguous_or_low_signal	low	0	0	10	0	0	0	0	0	0	0	0	0
TAGTTCTTGTATTCTG-1	1	77	57	25402	30949	tumor_like	medium	1	1	36	0	0	0	8	0	8	1.6	0	0
TAGTTGAGCGTACAGT-1	1	92	100	29731	33512	tumor_like	medium	1	1	104	7	0	0	11	0	18	3.6	1	7
TAGTTGCAAGACTAGA-1	1	46	50	24655	25584	stroma_fibroblast	medium	0	0	1	0	0	0	0	0	0	0	0	0
TAGTTGCATACAATGG-1	1	83	215	41236	31853	tumor_like	medium	1	1	31	0	0	0	7	0	7	1.4	0	0
TAGTTGCCTAGTTCTG-1	1	83	151	34826	31908	tumor_like	medium	1	1	11	4	0	0	5	0	9	1.8	1	4
TATCAAGCGGTAGGCG-1	1	53	53	24966	26793	tumor_like	medium	1	1	0	0	0	0	0	0	0	0	0	0
TATCAAGCTCACATAC-1	1	34	56	25239	23500	tumor_like	medium	1	1	2	0	0	0	0	0	0	0	0	0
TATCAAGGTAAGTTGA-1	1	52	142	33879	26545	tumor_like	medium	1	1	9	1	0	0	0	0	1	0.2	1	1
TATCAATAGAACGCTT-1	1	101	157	35453	35022	tumor_like	medium	1	1	24	0	0	0	8	0	8	1.6	0	0
TATCAATGTAGACAGA-1	1	57	75	27176	27468	tumor_like	medium	1	1	2	2	0	0	0	0	2	0.4	1	2
TATCACATACAACGTA-1	1	64	210	40707	28567	tumor_like	medium	1	1	9	3	0	0	2	0	5	1	1	3
TATCACATTACAAGAA-1	1	41	33	22945	24731	ambiguous_or_low_signal	low	0	0	1	0	0	0	0	0	0	0	0	0
TATCACCATAGATAAC-1	1	44	170	36671	25135	tumor_like	medium	1	1	21	8	1	0	8	0	17	3.4	1	8
TATCACCGACCGGTCT-1	1	32	32	22832	23174	ambiguous_or_low_signal	low	0	0	0	0	0	0	0	0	0	0	0	0
TATCACCGAGGCTTAA-1	1	87	77	27420	32664	tumor_like	medium	1	1	91	2	0	0	11	0	13	2.6	1	2
TATCACCGGTCTCCGC-1	1	90	202	39944	33078	tumor_like	medium	1	1	10	1	0	0	2	0	3	0.6	1	1
TATCACGAAGCAGTCG-1	1	93	99	29632	33685	tumor_like	medium	1	1	115	3	0	0	23	0	26	5.2	1	3
TATCACGAATAATCCA-1	1	52	108	30473	26574	tumor_like	medium	1	1	34	2	0	0	2	0	4	0.8	1	2
TATCACGCGGTGAGGC-1	1	26	190	38648	21999	tumor_like	medium	1	1	40	4	0	0	6	0	10	2	1	4
TATCACGTAATGCTTG-1	1	91	3	20014	33420	tumor_like	medium	1	1	15	4	0	0	1	0	5	1	1	4
TATCACTAGGATAACG-1	1	119	59	25665	38224	tumor_like	medium	1	1	154	7	0	0	17	0	24	4.8	1	7
TATCACTTCGTCCTCG-1	1	85	119	31624	32282	tumor_like	medium	1	1	30	2	0	0	8	1	11	2.2	1	2
TATCAGAATTAAGTGA-1	1	99	99	29641	34725	tumor_like	medium	1	1	153	16	0	0	16	0	32	6.4	1	16
TATCAGCTTACTAATG-1	1	3	91	28698	18098	tumor_like	medium	1	1	1	1	0	0	0	0	1	0.2	1	1
TATCAGGAACGGTGTC-1	1	83	59	25611	31986	tumor_like	medium	1	1	73	1	0	0	4	0	5	1	1	1
TATCAGGAGCACTCAT-1	1	64	38	23480	28713	tumor_like	medium	1	1	0	0	0	0	0	0	0	0	0	0
TATCAGGTATTAGAAG-1	1	95	93	29034	34037	tumor_like	medium	1	1	203	9	0	0	19	0	28	5.6	1	9
TATCAGTCTAGGTGCG-1	1	74	154	35113	30347	tumor_like	medium	1	1	31	1	0	0	2	0	3	0.6	1	1
TATCATACTGTACGTG-1	1	113	93	29061	37156	tumor_like	medium	1	1	44	0	0	0	5	0	5	1	0	0
TATCATCTTGGAACCA-1	1	73	127	32407	30196	tumor_like	medium	1	1	34	3	0	0	3	0	6	1.2	1	3
TATCCATCTATCACTT-1	1	27	83	27933	22263	tumor_like	medium	1	1	0	0	0	0	0	0	0	0	0	0
TATCCGGCCTTATTGT-1	1	106	126	32356	35916	tumor_like	medium	1	1	26	1	0	0	5	0	6	1.2	1	1
TATCCGGTGGTAAGTG-1	1	54	160	35684	26876	tumor_like	medium	1	1	4	6	0	0	1	0	7	1.4	1	4
TATCCGGTTAGGCGGA-1	1	89	17	21414	33062	tumor_like	medium	1	1	11	0	0	0	4	0	4	0.8	0	0
TATCCGTGTCAATCCT-1	1	42	172	36869	24787	tumor_like	medium	1	1	17	5	1	0	4	0	10	2	1	5
TATCCTAAGCATGGTA-1	1	81	185	38228	31532	tumor_like	medium	1	1	20	10	2	0	1	0	13	2.6	1	10
TATCCTCGAGATTCTT-1	1	22	54	25021	21422	tumor_like	medium	1	1	0	0	0	0	0	0	0	0	0	0
TATCCTGCCACGGATG-1	1	78	204	40127	30997	tumor_like	medium	1	1	21	1	0	0	3	0	4	0.8	1	1
TATCCTGGTGTTAACT-1	1	104	128	32553	35567	tumor_like	medium	1	1	10	0	0	0	1	0	1	0.2	0	0
TATCCTTATTACCGTT-1	1	40	62	25848	24534	tumor_like	medium	1	1	1	0	1	0	0	0	1	0.2	0	0
TATCGCACGGATGATA-1	1	66	210	40710	28913	tumor_like	medium	1	1	11	1	0	0	0	0	1	0.2	1	1
TATCGCACTCTAGCAG-1	1	126	104	30182	39400	tumor_like	medium	1	1	9	2	0	0	5	0	7	1.4	1	2
TATCGGAGACAGCTAG-1	1	125	109	30681	39221	tumor_like	medium	1	1	19	14	0	0	2	0	16	3.2	1	14
TATCGTCATAATGCAG-1	1	20	198	39440	20953	tumor_like	medium	1	1	5	2	0	0	1	0	3	0.6	1	2
TATCGTTCACTAATTA-1	1	103	1	19832	35501	tumor_like	medium	1	1	7	6	1	0	7	0	14	2.8	1	6
TATCTAACAAGTTCTG-1	1	55	165	36187	27044	tumor_like	medium	1	1	3	15	1	0	0	0	16	3.2	1	3
TATCTAACGCGTATAC-1	1	11	107	30313	19470	tumor_like	medium	1	1	2	5	0	0	1	1	7	1.4	1	2
TATCTAACTGCATTAT-1	1	61	147	34393	28099	tumor_like	medium	1	1	10	0	0	0	1	0	1	0.2	0	0
TATCTAATCATTCCAA-1	1	78	76	27307	31107	tumor_like	medium	1	1	16	0	0	0	1	0	1	0.2	0	0
TATCTAATCTCGAGAC-1	1	58	104	30082	27617	tumor_like	medium	1	1	64	2	0	1	6	0	9	1.8	1	2
TATCTACATATGACCT-1	1	27	197	39350	22166	tumor_like	medium	1	1	9	1	0	0	4	0	5	1	1	1
TATCTACCACTAAGCT-1	1	60	134	33089	27938	tumor_like	medium	1	1	14	16	1	0	1	0	18	3.6	1	14
TATCTACCGAGCAAGA-1	1	57	97	29379	27449	tumor_like	medium	1	1	23	1	0	0	0	0	1	0.2	1	1
TATCTAGGAACCGTTC-1	1	10	56	25203	19341	ambiguous_or_low_signal	low	0	0	0	1	0	0	0	0	1	0.2	0	0
TATCTAGGCATACTCA-1	1	95	167	36446	33974	tumor_like	medium	1	1	1	0	0	0	2	0	2	0.4	0	0
TATCTAGGTGTCTTAG-1	1	0	160	35605	17520	tumor_like	medium	1	1	5	1	1	0	0	0	2	0.4	1	1
TATCTAGTATACGCGG-1	1	74	120	31708	30376	tumor_like	medium	1	1	41	0	0	0	0	0	0	0	0	0
TATCTAGTCTGTCCTT-1	1	56	172	36889	27213	tumor_like	medium	1	1	4	19	0	0	5	0	24	4.8	1	4
TATCTAGTGGCGCAAC-1	1	104	72	26944	35615	tumor_like	medium	1	1	162	23	1	0	17	0	41	8.2	1	23
TATCTGCTACTCTACT-1	1	26	44	24025	22124	tumor_like	medium	1	1	0	0	0	0	0	0	0	0	0	0
TATGAAGTTGAGCGAA-1	1	69	67	26392	29554	tumor_like	medium	1	1	67	1	1	0	6	0	8	1.6	1	1
TATGACAATATGCGCA-1	1	87	117	31426	32630	tumor_like	medium	1	1	56	12	0	0	10	0	22	4.4	1	12
TATGACCTTGAGGCCT-1	1	3	195	39115	18009	tumor_like	medium	1	1	1	0	0	0	1	0	1	0.2	0	0
TATGACGAGTCTGCGA-1	1	22	170	36639	21323	tumor_like	medium	1	1	5	2	0	0	1	0	3	0.6	1	2
TATGACGATTCATTCC-1	1	72	220	41720	29944	tumor_like	medium	1	1	34	16	0	0	2	0	18	3.6	1	16
TATGACGGAACATATC-1	1	96	150	34745	34162	tumor_like	medium	1	1	40	3	0	1	6	0	10	2	1	3
TATGACGGAGGCACGA-1	1	102	100	29746	35245	tumor_like	medium	1	1	139	26	3	0	26	0	55	11	1	26
TATGACGGATCTATGT-1	1	35	185	38160	23562	tumor_like	medium	1	1	5	3	1	0	0	0	4	0.8	1	3
TATGACTCTTATGGAC-1	1	54	40	23666	26979	tumor_like	medium	1	1	0	0	1	0	0	0	1	0.2	0	0
TATGACTTGCTGTCAA-1	1	74	112	30906	30383	tumor_like	medium	1	1	11	1	0	0	9	0	10	2	1	1
TATGAGACGCCGATAG-1	1	72	38	23492	30099	tumor_like	medium	1	1	4	1	0	0	0	0	1	0.2	1	1
TATGAGCCGAGGCGTT-1	1	122	150	34783	38667	endothelial	medium	0	0	0	0	0	0	0	0	0	0	0	0
TATGAGCGCTCCGAGG-1	1	82	218	41535	31679	tumor_like	medium	1	1	1	0	0	0	0	0	0	0	0	0
TATGCAATTCCATCAC-1	1	105	75	27246	35785	tumor_like	medium	1	1	160	19	1	0	26	0	46	9.2	1	19
TATGCAGACTACCACT-1	1	45	173	36973	25305	tumor_like	medium	1	1	11	8	1	0	3	0	12	2.4	1	8
TATGCATTATAAGAGG-1	1	55	99	29576	27101	tumor_like	medium	1	1	40	1	0	0	3	0	4	0.8	1	1
TATGCCACAGGAGTGA-1	1	73	27	22392	30281	tumor_like	medium	1	1	0	0	0	0	0	0	0	0	0	0
TATGCGCCTTGATGTT-1	1	61	99	29585	28140	tumor_like	medium	1	1	28	0	0	0	3	0	3	0.6	0	0
TATGCGTACATCTTGT-1	1	111	81	27856	36819	tumor_like	medium	1	1	90	3	0	0	15	0	18	3.6	1	3
TATGCGTGTCTTAGCG-1	1	99	91	28840	34732	tumor_like	medium	1	1	194	13	0	0	27	0	40	8	1	13
TATGCTAAGCTCGGCG-1	1	19	49	24515	20906	tumor_like	medium	1	1	0	0	0	0	0	0	0	0	0	0
TATGCTAATGCTAGCC-1	1	11	101	29712	19475	tumor_like	medium	1	1	2	0	0	0	1	0	1	0.2	0	0
TATGCTAGAACACCGC-1	1	87	177	37436	32579	tumor_like	medium	1	1	4	1	0	0	1	0	2	0.4	1	1
TATGCTGTCCGCTAGG-1	1	91	99	29629	33339	tumor_like	medium	1	1	88	2	0	0	11	0	13	2.6	1	2
TATGCTGTCGGTGATA-1	1	9	125	32113	19108	tumor_like	medium	1	1	5	4	1	0	1	0	6	1.2	1	4
TATGGAAGATGCATGT-1	1	19	67	26318	20890	tumor_like	medium	1	1	0	0	0	0	0	0	0	0	0	0
TATGGACACCGTCGCC-1	1	10	162	35820	19251	tumor_like	medium	1	1	16	0	0	0	10	0	10	2	0	0
TATGGACATCGACTTA-1	1	116	132	32972	37643	tumor_like	medium	1	1	13	2	0	0	1	0	3	0.6	1	2
TATGGAGCTAGTCGGT-1	1	6	30	22593	18670	tumor_like	medium	1	1	0	0	0	0	0	0	0	0	0	0
TATGGATATTAGTGCG-1	1	89	109	30628	32983	tumor_like	medium	1	1	55	3	0	0	6	0	9	1.8	1	3
TATGGCCACTGGCGGA-1	1	5	25	22091	18500	tumor_like	medium	1	1	1	0	0	0	0	0	0	0	0	0
TATGGCCGTGTCGCGT-1	1	81	221	41834	31502	tumor_like	medium	1	1	51	1	0	0	9	0	10	2	1	1
TATGGCGGTATGAATG-1	1	9	197	39324	19047	tumor_like	medium	1	1	17	0	0	2	0	0	2	0.4	0	0
TATGGCGTCCTCAGAT-1	1	88	168	36536	32761	tumor_like	medium	1	1	5	1	0	0	3	0	4	0.8	1	1
TATGGCGTTCGTCCTC-1	1	39	155	35162	24281	tumor_like	medium	1	1	8	2	0	0	4	0	6	1.2	1	2
TATGGCGTTGTAACCT-1	1	113	69	26657	37176	tumor_like	medium	1	1	102	14	3	0	21	1	39	7.8	1	14
TATGGTGCATACTTGC-1	1	64	114	31092	28648	tumor_like	medium	1	1	31	1	0	0	4	0	5	1	1	1
TATGTACAATCAACGG-1	1	45	185	38175	25295	tumor_like	medium	1	1	9	14	2	1	4	0	21	4.2	1	9
TATGTCATCTAACCAA-1	1	126	120	31784	39386	tumor_like	medium	1	1	61	22	2	0	12	0	36	7.2	1	22
TATGTCATTCCAATTC-1	1	85	213	41038	32202	tumor_like	medium	1	1	36	1	0	0	2	0	3	0.6	1	1
TATGTCCAACCGTCCT-1	1	79	69	26607	31285	tumor_like	medium	1	1	19	3	0	0	8	0	11	2.2	1	3
TATGTCCAGGAACGGC-1	1	21	75	27122	21230	tumor_like	medium	1	1	1	0	0	0	0	0	0	0	0	0
TATGTCCATACACTAA-1	1	70	24	22087	29765	tumor_like	medium	1	1	0	0	0	0	0	0	0	0	0	0
TATGTCCATCTAACAG-1	1	33	197	39359	23205	tumor_like	medium	1	1	0	1	0	0	2	0	3	0.6	0	0
TATGTCGCGTCTAGGC-1	1	94	68	26529	33886	tumor_like	medium	1	1	88	10	0	0	15	0	25	5	1	10
TATGTCGGCGGATGGA-1	1	29	71	26734	22620	tumor_like	medium	1	1	1	0	0	0	0	0	0	0	0	0
TATGTCGGCGTCATCT-1	1	90	24	22116	33230	tumor_like	medium	1	1	3	1	1	0	0	0	2	0.4	1	1
TATGTTAAGGCTGTTG-1	1	79	131	32817	31232	tumor_like	medium	1	1	15	3	0	0	5	0	8	1.6	1	3
TATGTTAGCTGCAGTG-1	1	120	40	23763	38415	tumor_like	medium	1	1	136	36	7	0	24	0	67	13.4	1	36
TATGTTAGTAAGGCTG-1	1	95	139	33642	33997	tumor_like	medium	1	1	46	7	3	0	6	0	16	3.2	1	7
TATGTTATGTCTAGTT-1	1	82	164	36126	31725	tumor_like	medium	1	1	14	0	0	0	1	0	1	0.2	0	0
TATGTTGGCACGTGTA-1	1	108	164	36165	36230	tumor_like	medium	1	1	6	0	0	0	1	0	1	0.2	0	0
TATGTTGGCTGGCTGA-1	1	39	189	38567	24252	tumor_like	medium	1	1	4	12	6	0	1	0	19	3.8	1	4
TATGTTGGTTCCTCTG-1	1	81	151	34823	31561	tumor_like	medium	1	1	9	0	1	0	5	0	6	1.2	0	0
TATTAACAGCCGGCGT-1	1	52	126	32276	26559	tumor_like	medium	1	1	4	0	0	0	1	0	1	0.2	0	0
TATTAACGCTGTTCAT-1	1	62	114	31089	28302	tumor_like	medium	1	1	35	1	0	0	5	0	6	1.2	1	1
TATTAACTCCATAGTA-1	1	105	109	30652	35756	tumor_like	medium	1	1	78	2	0	0	11	0	13	2.6	1	2
TATTAAGTCGGTTGGC-1	1	17	197	39336	20433	tumor_like	medium	1	1	1	0	0	0	0	0	0	0	0	0
TATTAATACCGACTGT-1	1	51	183	37984	26336	tumor_like	medium	1	1	7	6	0	0	3	1	10	2	1	6
TATTAATATCCGCATC-1	1	58	170	36692	27561	tumor_like	medium	1	1	2	12	1	0	2	0	15	3	1	2
TATTAATCCGCAATCT-1	1	87	181	37836	32575	tumor_like	medium	1	1	21	1	0	0	6	0	7	1.4	1	1
TATTAATCTGACCTGG-1	1	70	218	41517	29599	tumor_like	medium	1	1	10	7	0	0	3	0	10	2	1	7
TATTAATTCTGCACTT-1	1	92	156	35340	33464	tumor_like	medium	1	1	14	5	0	0	4	0	9	1.8	1	5
TATTAGCGCATAGACC-1	1	107	105	30254	36106	tumor_like	medium	1	1	66	19	0	0	10	0	29	5.8	1	19
TATTAGCGTGCTACTT-1	1	14	150	34624	19954	tumor_like	medium	1	1	4	0	0	0	1	0	1	0.2	0	0
TATTAGGTACGGCGAT-1	1	77	91	28808	30920	tumor_like	medium	1	1	50	0	0	0	8	0	8	1.6	0	0
TATTCAAGGTAGAATA-1	1	90	102	29928	33164	tumor_like	medium	1	1	64	0	0	0	11	0	11	2.2	0	0
TATTCAGAGCCAGGTT-1	1	101	61	25838	35104	tumor_like	medium	1	1	190	22	2	0	26	0	50	10	1	22
TATTCAGGTCGCTGAA-1	1	23	221	41748	21452	tumor_like	medium	1	1	2	0	0	0	0	0	0	0	0	0
TATTCATAAGGACGCA-1	1	90	130	32733	33140	tumor_like	medium	1	1	37	2	0	0	6	0	8	1.6	1	2
TATTCCATACGCAAGT-1	1	90	156	35337	33118	tumor_like	medium	1	1	23	7	1	0	6	0	14	2.8	1	7
TATTCCGACTTCATGT-1	1	62	74	27083	28336	tumor_like	medium	1	1	1	0	0	0	2	0	2	0.4	0	0
TATTCCGGACTTACAG-1	1	112	110	30762	36969	tumor_like	medium	1	1	46	4	1	0	3	0	8	1.6	1	4
TATTCCGGTATTCGGT-1	1	11	23	21900	19542	ambiguous_or_low_signal	low	0	0	0	0	0	0	0	0	0	0	0	0
TATTCCGTTCGATACG-1	1	42	188	38471	24773	tumor_like	medium	1	1	5	13	0	0	2	0	15	3	1	5
TATTCCTTCGGCTGAG-1	1	17	67	26315	20544	tumor_like	medium	1	1	0	0	0	0	0	0	0	0	0	0
TATTCGAAGCACGAGG-1	1	62	44	24078	28362	tumor_like	medium	1	1	5	0	0	0	0	0	0	0	0	0
TATTCGACCTAGACAT-1	1	83	113	31020	31940	tumor_like	medium	1	1	122	0	0	0	10	0	10	2	0	0
TATTCGAGCTTCGAAG-1	1	70	42	23890	29749	tumor_like	medium	1	1	3	0	0	0	0	0	0	0	0	0
TATTCGATAGAACTGC-1	1	71	25	22188	29936	tumor_like	medium	1	1	1	0	0	0	0	0	0	0	0	0
TATTCGATTCGTCACC-1	1	91	197	39445	33255	tumor_like	medium	1	1	9	1	0	0	0	0	1	0.2	1	1
TATTCGCAGTGAACCG-1	1	18	222	41841	20586	tumor_like	medium	1	1	1	0	0	0	2	0	2	0.4	0	0
TATTCGGAACAATTCA-1	1	90	68	26523	33193	tumor_like	medium	1	1	104	6	0	0	15	0	21	4.2	1	6
TATTCGGCGATTAACC-1	1	116	76	27363	37691	tumor_like	medium	1	1	64	5	0	0	5	0	10	2	1	5
TATTCGGCTGATTACT-1	1	123	131	32882	38856	tumor_like	medium	1	1	38	13	0	0	8	0	21	4.2	1	13
TATTCGTCAAGTGAAT-1	1	21	133	32932	21181	tumor_like	medium	1	1	9	2	0	0	2	0	4	0.8	1	2
TATTCGTGGTAACTCC-1	1	33	181	37757	23219	tumor_like	medium	1	1	12	2	0	0	4	0	6	1.2	1	2
TATTCTAAGGAAGCTT-1	1	63	19	21576	28555	tumor_like	medium	1	1	0	0	0	0	0	0	0	0	0	0
TATTCTAGATCGTGGT-1	1	66	80	27690	29024	tumor_like	medium	1	1	5	0	0	0	0	0	0	0	0	0
TATTCTATCTATGTTG-1	1	85	111	30823	32289	tumor_like	medium	1	1	19	1	0	0	6	0	7	1.4	1	1
TATTCTCAATGATCAA-1	1	116	124	32170	37650	tumor_like	medium	1	1	16	4	0	0	5	0	9	1.8	1	4
TATTCTCCAAGTGCGG-1	1	114	94	29163	37329	tumor_like	medium	1	1	72	13	0	0	4	0	17	3.4	1	13
TATTCTCGGTTGGTTC-1	1	36	188	38462	23734	tumor_like	medium	1	1	7	20	1	0	2	0	23	4.6	1	7
TATTCTCGTGGCCTTC-1	1	22	116	31230	21369	tumor_like	medium	1	1	12	3	0	0	6	0	9	1.8	1	3
TATTCTTGCACGTTCC-1	1	62	108	30488	28307	tumor_like	medium	1	1	69	15	0	1	6	1	23	4.6	1	15
TATTCTTGCTTGATAG-1	1	69	35	23187	29581	tumor_like	medium	1	1	0	0	0	0	0	0	0	0	0	0
TATTGAAGATGTAGTG-1	1	68	122	31899	29335	tumor_like	medium	1	1	24	1	0	0	1	0	2	0.4	1	1
TATTGAAGTGAACATA-1	1	113	49	24654	37193	tumor_like	medium	1	1	205	13	0	0	30	0	43	8.6	1	13
TATTGACGAGGATTGT-1	1	103	89	28646	35426	tumor_like	medium	1	1	184	20	2	0	23	0	45	9	1	20
TATTGACGTCGCGTGA-1	1	13	203	39931	19735	tumor_like	medium	1	1	10	2	0	1	2	1	6	1.2	1	2
TATTGACTACAAGAAC-1	1	112	168	36571	36919	ambiguous_or_low_signal	low	0	0	0	0	0	0	0	0	0	0	0	0
TATTGACTATAACCTA-1	1	26	120	31637	22059	tumor_like	medium	1	1	0	0	0	0	3	0	3	0.6	0	0
TATTGAGCACAGTGGT-1	1	72	44	24093	30094	tumor_like	medium	1	1	5	2	0	0	1	0	3	0.6	1	2
TATTGAGCCAATGGAC-1	1	71	143	34007	29836	tumor_like	medium	1	1	98	2	1	0	6	0	9	1.8	1	2
TATTGAGCCATTAATT-1	1	28	112	30839	22412	tumor_like	medium	1	1	0	1	0	0	0	0	1	0.2	0	0
TATTGATTCGGTGAAC-1	1	19	73	26919	20885	tumor_like	medium	1	1	0	0	0	0	0	0	0	0	0	0
TATTGGTATCGCCTGC-1	1	58	150	34689	27578	tumor_like	medium	1	1	12	0	0	0	6	0	6	1.2	0	0
TATTGTAAGATGGATG-1	1	125	51	24872	39271	tumor_like	medium	1	1	13	2	0	0	0	0	2	0.4	1	2
TATTGTATGGTGTCTA-1	1	121	93	29073	38542	tumor_like	medium	1	1	34	2	1	0	4	0	7	1.4	1	2
TATTGTATGTGAACAA-1	1	59	41	23773	27843	tumor_like	medium	1	1	1	0	0	1	0	0	1	0.2	0	0
TATTGTCAGGTAGTAA-1	1	67	73	26990	29202	ambiguous_or_low_signal	low	0	0	6	0	0	0	0	0	0	0	0	0
TATTGTCTATAGTATC-1	1	64	88	28488	28671	tumor_like	medium	1	1	41	0	0	0	3	0	3	0.6	0	0
TATTGTCTGCCACGTA-1	1	85	157	35430	32249	tumor_like	medium	1	1	32	3	1	1	8	0	13	2.6	1	3
TATTGTGGCAAGTGCG-1	1	84	184	38132	32054	tumor_like	medium	1	1	21	14	1	0	3	0	18	3.6	1	14
TATTGTTAACGATAAG-1	1	39	51	24745	24369	tumor_like	medium	1	1	2	0	0	0	0	0	0	0	0	0
TCAACATCCAAGTCTT-1	1	81	113	31017	31594	tumor_like	medium	1	1	38	0	0	0	5	0	5	1	0	0
TCAACATCGATTAACA-1	1	67	95	29193	29183	tumor_like	medium	1	1	39	0	0	0	2	0	2	0.4	0	0
TCAACCAGAATCCTGA-1	1	40	136	33260	24471	tumor_like	medium	1	1	5	0	0	0	0	0	0	0	0	0
TCAACCAGTGAGGACG-1	1	67	13	20981	29253	tumor_like	medium	1	1	0	0	0	0	0	0	0	0	0	0
TCAACCATAGCAGACA-1	1	48	158	35475	25839	tumor_like	medium	1	1	18	4	1	0	1	0	6	1.2	1	4
TCAACCTGAGATAACA-1	1	31	193	38956	22862	tumor_like	medium	1	1	7	1	1	0	0	0	2	0.4	1	1
TCAACCTGTTGGAGCC-1	1	77	83	28006	30926	tumor_like	medium	1	1	26	0	0	0	5	0	5	1	0	0
TCAACGGTCTATGATT-1	1	69	111	30799	29516	tumor_like	medium	1	1	8	0	0	0	1	0	1	0.2	0	0
TCAAGATCCGTGGTAG-1	1	105	141	33857	35728	tumor_like	medium	1	1	20	2	0	0	5	0	7	1.4	1	2
TCAAGCATGTCATCCT-1	1	61	61	25779	28173	tumor_like	medium	1	1	14	0	0	0	2	0	2	0.4	0	0
TCAAGCGTCCGGCATA-1	1	106	88	28550	35948	tumor_like	medium	1	1	98	10	1	0	18	0	29	5.8	1	10
TCAAGGACCATCGCTC-1	1	87	137	33430	32613	tumor_like	medium	1	1	39	2	0	0	2	0	4	0.8	1	2
TCAAGGACGCTCCACT-1	1	58	214	41099	27523	tumor_like	medium	1	1	18	3	0	0	3	0	6	1.2	1	3
TCAAGGACGGTAATCA-1	1	18	80	27619	20707	tumor_like	medium	1	1	0	0	0	0	0	0	0	0	0	0
TCAAGGACTCAGTTCA-1	1	94	158	35543	33809	tumor_like	medium	1	1	21	2	1	0	8	0	11	2.2	1	2
TCAAGGAGATACTCAA-1	1	68	26	22284	29417	tumor_like	medium	1	1	0	0	0	0	0	0	0	0	0	0
TCAAGGAGTATCTAAG-1	1	98	92	28939	34558	tumor_like	medium	1	1	190	19	2	0	14	0	35	7	1	19
TCAAGGAGTGTAGATC-1	1	72	148	34509	30006	tumor_like	medium	1	1	26	1	0	0	5	0	6	1.2	1	1
TCAAGGCAGAACTGCC-1	1	126	116	31384	39389	tumor_like	medium	1	1	37	24	2	0	9	0	35	7	1	24
TCAAGGCAGTCACTTG-1	1	3	103	29900	18087	tumor_like	medium	1	1	2	2	0	0	0	0	2	0.4	1	2
TCAAGGCCATAATGCA-1	1	11	61	25706	19509	tumor_like	medium	1	1	0	1	0	0	0	0	1	0.2	0	0
TCAAGGCCTAACCGGA-1	1	56	132	32883	27247	tumor_like	medium	1	1	55	5	0	0	0	0	5	1	1	5
TCAAGGCCTACTCCAG-1	1	65	47	24383	28878	tumor_like	medium	1	1	2	1	0	0	0	0	1	0.2	1	1
TCAAGGCCTATTGACA-1	1	118	2	19954	38101	tumor_like	medium	1	1	56	2	0	0	9	0	11	2.2	1	2
TCAAGGCGCAACGAAT-1	1	117	47	24460	37888	tumor_like	medium	1	1	287	10	3	0	29	0	42	8.4	1	10
TCAAGGCGGAGGCAGC-1	1	86	88	28520	32483	tumor_like	medium	1	1	64	2	0	0	7	0	9	1.8	1	2
TCAAGGCGGATTACCG-1	1	89	85	28224	33004	tumor_like	medium	1	1	72	5	0	0	8	0	13	2.6	1	5
TCAAGGTAATCAACCG-1	1	17	135	33126	20486	tumor_like	medium	1	1	10	3	0	0	2	0	5	1	1	3
TCAATAACGGTTACCG-1	1	115	7	20451	37575	tumor_like	medium	1	1	37	8	1	0	5	0	14	2.8	1	8
TCAATACCACGCATCC-1	1	109	103	30057	36454	tumor_like	medium	1	1	28	8	2	1	7	0	18	3.6	1	8
TCAATATCTAGCCATA-1	1	114	50	24756	37367	tumor_like	medium	1	1	162	4	0	0	23	0	27	5.4	1	4
TCAATATTGAGGAATG-1	1	88	16	21312	32890	tumor_like	medium	1	1	47	4	0	0	3	0	7	1.4	1	4
TCAATCAGTGTCAAGC-1	1	86	168	36533	32414	tumor_like	medium	1	1	18	0	0	0	5	0	5	1	0	0
TCAATCCGGCTGTATG-1	1	32	174	37054	23053	tumor_like	medium	1	1	48	3	0	1	7	0	11	2.2	1	3
TCAATCTAACAGTCGG-1	1	111	73	27055	36826	tumor_like	medium	1	1	233	34	3	0	20	0	57	11.4	1	34
TCAATCTGCTGTATAA-1	1	74	144	34111	30356	tumor_like	medium	1	1	12	1	0	0	0	0	1	0.2	1	1
TCAATTCCGCACGGCG-1	1	100	6	20328	34978	tumor_like	medium	1	1	8	1	0	0	2	0	3	0.6	1	1
TCAATTCTCAATTACG-1	1	109	99	29656	36457	tumor_like	medium	1	1	62	8	1	0	9	0	18	3.6	1	8
TCAATTGCAAGACCAA-1	1	80	98	29513	31434	tumor_like	medium	1	1	47	0	0	0	2	0	2	0.4	0	0
TCAATTGCCGTACATC-1	1	96	136	33343	34174	tumor_like	medium	1	1	53	1	1	0	5	0	7	1.4	1	1
TCAATTGGCCGGATGT-1	1	103	9	20633	35495	tumor_like	medium	1	1	13	0	0	0	4	0	4	0.8	0	0
TCAATTGTCTGTATCG-1	1	94	114	31136	33847	tumor_like	medium	1	1	94	2	0	0	6	0	8	1.6	1	2
TCACAAGGACTGACTT-1	1	25	117	31335	21887	tumor_like	medium	1	1	2	0	0	0	1	0	1	0.2	0	0
TCACAGTTGGAGCGAT-1	1	38	134	33057	24126	tumor_like	medium	1	1	8	0	0	0	4	0	4	0.8	0	0
TCACATAACAGTCCAA-1	1	82	152	34925	31735	tumor_like	medium	1	1	22	2	0	0	3	0	5	1	1	2
TCACATAAGGCGGAAC-1	1	46	58	25457	25577	tumor_like	medium	1	1	2	0	0	0	0	0	0	0	0	0
TCACATACCGACTGTC-1	1	71	193	39015	29793	tumor_like	medium	1	1	14	3	0	0	2	0	5	1	1	3
TCACATACTCCGTGGA-1	1	123	45	24268	38929	tumor_like	medium	1	1	122	14	2	0	20	1	37	7.4	1	14
TCACATAGCACCGTAC-1	1	58	98	29481	27622	tumor_like	medium	1	1	16	0	0	0	6	0	6	1.2	0	0
TCACATAGCGAGCTTA-1	1	58	68	26476	27648	tumor_like	medium	1	1	4	1	0	0	1	0	2	0.4	1	1
TCACATCGAGCGTTAA-1	1	96	212	40955	34109	ambiguous_or_low_signal	low	0	0	0	0	0	0	0	0	0	0	0	0
TCACATCTCCGCACAT-1	1	21	105	30127	21204	tumor_like	medium	1	1	6	1	0	0	1	0	2	0.4	1	1
TCACATTCCGTAATTC-1	1	76	96	29307	30743	tumor_like	medium	1	1	59	1	0	0	6	0	7	1.4	1	1
TCACCACGGTTAGCAG-1	1	77	133	33014	30884	tumor_like	medium	1	1	42	34	3	1	7	0	45	9	1	34
TCACCATGCGAGAAGC-1	1	4	22	21789	18331	tumor_like	medium	1	1	0	0	0	0	0	0	0	0	0	0
TCACCGATTAGACGGC-1	1	109	43	24047	36505	tumor_like	medium	1	1	158	3	0	0	19	0	22	4.4	1	3
TCACCGCTCAGCCGCT-1	1	76	116	31310	30726	tumor_like	medium	1	1	10	1	0	0	1	0	2	0.4	1	1
TCACCGCTGCTCAGTT-1	1	32	200	39658	23030	tumor_like	medium	1	1	0	0	0	0	0	0	0	0	0	0
TCACCGGAATAGCGCT-1	1	27	57	25328	22285	tumor_like	medium	1	1	1	0	0	0	0	0	0	0	0	0
TCACCGGTCCGGAGAA-1	1	48	146	34273	25849	tumor_like	medium	1	1	2	2	0	0	0	0	2	0.4	1	2
TCACCGGTGGAAGGCG-1	1	93	145	34240	33646	tumor_like	medium	1	1	55	0	1	0	3	0	4	0.8	0	0
TCACCGGTGGTTCGGT-1	1	19	75	27119	20883	tumor_like	medium	1	1	1	0	0	0	0	0	0	0	0	0
TCACCGTCTTGTGCAT-1	1	73	107	30404	30213	tumor_like	medium	1	1	54	2	0	1	4	0	7	1.4	1	2
TCACCTAAGTCTGGAA-1	1	3	123	31903	18070	tumor_like	medium	1	1	8	2	1	0	2	0	5	1	1	2
TCACCTGAATTCTTCA-1	1	116	90	28765	37679	tumor_like	medium	1	1	71	11	1	0	9	0	21	4.2	1	11
TCACCTGGAACACTAC-1	1	92	214	41149	33415	tumor_like	medium	1	1	10	0	0	0	0	0	0	0	0	0
TCACGAACCTTAATGC-1	1	83	155	35226	31905	tumor_like	medium	1	1	36	2	0	0	2	0	4	0.8	1	2
TCACGACACGTACGAA-1	1	45	141	33768	25332	tumor_like	medium	1	1	7	1	0	0	1	0	2	0.4	1	1
TCACGAGCACGGTTGT-1	1	65	149	34599	28791	tumor_like	medium	1	1	9	0	0	0	1	0	1	0.2	0	0
TCACGAGCTGGTTGTC-1	1	85	177	37433	32232	tumor_like	medium	1	1	8	1	1	0	1	0	3	0.6	1	1
TCACGATAAGGACACG-1	1	33	39	23535	23340	ambiguous_or_low_signal	low	0	0	0	0	0	0	0	0	0	0	0	0
TCACGATATTGGTCTT-1	1	124	132	32983	39029	tumor_like	medium	1	1	15	9	2	1	6	0	18	3.6	1	9
TCACGATGTTCCATAC-1	1	44	158	35469	25145	tumor_like	medium	1	1	10	2	0	0	2	0	4	0.8	1	2
TCACGCGAGTAGACGT-1	1	109	57	25449	36493	tumor_like	medium	1	1	117	6	2	0	29	0	37	7.4	1	6
TCACGCGGTACCTGCG-1	1	23	179	37542	21488	tumor_like	medium	1	1	18	7	0	0	3	0	10	2	1	7
TCACGCGTATTCACGC-1	1	101	3	20029	35153	tumor_like	medium	1	1	7	0	0	0	2	1	3	0.6	0	0
TCACGCTGGCACATCC-1	1	59	27	22371	27855	tumor_like	medium	1	1	0	0	0	0	0	0	0	0	0	0
TCACGGCGCCGTAAGC-1	1	0	28	22384	17632	tumor_like	medium	1	1	0	0	0	0	0	0	0	0	0	0
TCACGGCGTTGCCGCA-1	1	34	126	32250	23440	tumor_like	medium	1	1	27	1	0	0	2	0	3	0.6	1	1
TCACTAACCGCATGCT-1	1	19	153	34932	20817	tumor_like	medium	1	1	6	0	0	0	4	0	4	0.8	0	0
TCACTAACGCAGCGGA-1	1	19	171	36735	20802	tumor_like	medium	1	1	22	1	0	0	1	1	3	0.6	1	1
TCACTAACGCCAATCG-1	1	107	123	32057	36090	tumor_like	medium	1	1	31	1	0	0	5	0	6	1.2	1	1
TCACTAAGTGTAGGTT-1	1	101	131	32849	35044	tumor_like	medium	1	1	39	11	0	0	3	0	14	2.8	1	11
TCACTAAGTTCCGTCT-1	1	55	205	40193	27010	tumor_like	medium	1	1	6	2	0	0	2	0	4	0.8	1	2
TCACTAATGATAGGAA-1	1	43	203	39975	24933	tumor_like	medium	1	1	4	1	0	0	0	0	1	0.2	1	1
TCACTAATTGACAGGC-1	1	105	69	26645	35790	tumor_like	medium	1	1	199	4	0	0	29	0	33	6.6	1	4
TCACTAATTGCGGAGT-1	1	84	190	38733	32049	tumor_like	medium	1	1	27	3	0	0	4	0	7	1.4	1	3
TCACTACAAGGCATAA-1	1	93	51	24825	33726	tumor_like	medium	1	1	208	38	1	0	24	0	63	12.6	1	38
TCACTACATACGAGAA-1	1	29	193	38953	22516	tumor_like	medium	1	1	17	1	0	0	7	0	8	1.6	1	1
TCACTACGATACTATT-1	1	103	61	25841	35450	tumor_like	medium	1	1	329	17	3	0	22	0	42	8.4	1	17
TCACTACGCTTAGATA-1	1	28	58	25430	22458	tumor_like	medium	1	1	0	0	0	0	0	0	0	0	0	0
TCACTACGGTCGGTTG-1	1	75	67	26401	30593	tumor_like	medium	1	1	48	0	0	0	11	0	11	2.2	0	0
TCACTATGTCAACAGA-1	1	110	122	31961	36612	tumor_like	medium	1	1	31	2	0	0	6	0	8	1.6	1	2
TCACTCGAACCTTGCG-1	1	45	199	39577	25283	tumor_like	medium	1	1	9	5	0	0	0	0	5	1	1	5
TCACTCGCTCATTGTT-1	1	72	212	40919	29951	tumor_like	medium	1	1	3	4	0	0	1	0	5	1	1	3
TCACTCGTACGGTCGA-1	1	17	165	36131	20460	tumor_like	medium	1	1	5	0	0	0	0	0	0	0	0	0
TCACTGCTCGCACTAT-1	1	113	5	20247	37231	tumor_like	medium	1	1	6	3	1	0	3	0	7	1.4	1	3
TCACTGGCTCACATAG-1	1	0	134	33001	17542	tumor_like	medium	1	1	4	1	0	0	0	0	1	0.2	1	1
TCACTGTAGCGGTTGT-1	1	45	163	35972	25313	tumor_like	medium	1	1	10	4	0	0	2	0	6	1.2	1	4
TCACTGTATCCAGTCG-1	1	94	194	39149	33778	tumor_like	medium	1	1	5	1	0	1	1	0	3	0.6	1	1
TCACTGTCCAATAGAT-1	1	88	2	19910	32902	tumor_like	medium	1	1	37	13	0	0	6	0	19	3.8	1	13
TCACTGTCGCAATGGC-1	1	35	201	39763	23548	tumor_like	medium	1	1	6	2	0	0	2	0	4	0.8	1	2
TCACTGTTACGACTGA-1	1	89	185	38240	32919	tumor_like	medium	1	1	7	0	0	0	1	0	1	0.2	0	0
TCAGAACATTGTCCTG-1	1	93	177	37445	33619	tumor_like	medium	1	1	0	0	0	0	0	0	0	0	0	0
TCAGAACCGCTCTACC-1	1	37	181	37763	23912	tumor_like	medium	1	1	8	4	1	0	5	0	10	2	1	4
TCAGAACTATCCATGA-1	1	76	140	33714	30705	tumor_like	medium	1	1	103	6	0	0	7	0	13	2.6	1	6
TCAGAACTCAGCGTCC-1	1	96	126	32341	34183	tumor_like	medium	1	1	70	15	1	1	5	0	22	4.4	1	15
TCAGAACTCGTTCGTG-1	1	84	116	31322	32112	tumor_like	medium	1	1	35	2	0	0	4	0	6	1.2	1	2
TCAGAACTGTAACATA-1	1	90	48	24520	33210	tumor_like	medium	1	1	126	19	5	0	18	0	42	8.4	1	19
TCAGAACTTCGGAGTG-1	1	25	73	26928	21925	tumor_like	medium	1	1	0	1	0	0	1	0	2	0.4	0	0
TCAGAATCTGGTTCAA-1	1	100	170	36754	34838	tumor_like	medium	1	1	3	0	0	0	1	0	1	0.2	0	0
TCAGACATAAGGTGTA-1	1	53	105	30174	26749	tumor_like	medium	1	1	37	2	0	0	10	0	12	2.4	1	2
TCAGACCTCAAGCATG-1	1	90	172	36939	33104	tumor_like	medium	1	1	1	0	0	0	1	0	1	0.2	0	0
TCAGACGTCGCCGGCG-1	1	55	81	27774	27116	tumor_like	medium	1	1	7	1	0	0	1	0	2	0.4	1	1
TCAGACTCTAGGCTGT-1	1	80	74	27109	31455	tumor_like	medium	1	1	26	1	1	0	3	0	5	1	1	1
TCAGACTGCTCGGATA-1	1	84	58	25513	32162	tumor_like	medium	1	1	104	1	0	0	10	0	11	2.2	1	1
TCAGATACGGAGCCAT-1	1	120	118	31575	38348	tumor_like	medium	1	1	32	3	0	0	4	0	7	1.4	1	3
TCAGATCTGCCAGGTG-1	1	29	75	27134	22616	tumor_like	medium	1	1	1	0	0	0	0	0	0	0	0	0
TCAGATGAAGGCAACG-1	1	37	139	33556	23948	tumor_like	medium	1	1	7	0	0	0	0	0	0	0	0	0
TCAGATGCTGTTAGTG-1	1	91	147	34437	33298	tumor_like	medium	1	1	43	4	0	1	8	0	13	2.6	1	4
TCAGATGGTGTAACAA-1	1	103	75	27243	35438	tumor_like	medium	1	1	179	12	2	0	28	0	42	8.4	1	12
TCAGATTACATGACGA-1	1	67	131	32799	29153	tumor_like	medium	1	1	19	4	0	0	3	0	7	1.4	1	4
TCAGATTAGTCGGAGG-1	1	88	150	34733	32776	tumor_like	medium	1	1	15	4	0	0	7	0	11	2.2	1	4
TCAGCAGGCGCAACTC-1	1	55	207	40393	27009	tumor_like	medium	1	1	16	1	0	0	3	0	4	0.8	1	1
TCAGCCATGAAGACGT-1	1	65	79	27588	28851	tumor_like	medium	1	1	2	0	0	0	0	0	0	0	0	0
TCAGCCGCCATTCATG-1	1	118	88	28568	38027	tumor_like	medium	1	1	82	6	2	0	8	0	16	3.2	1	6
TCAGCCGCCTGTATCT-1	1	81	159	35624	31555	tumor_like	medium	1	1	32	3	0	0	4	1	8	1.6	1	3
TCAGCCGTTGACAGAA-1	1	9	47	24300	19175	tumor_like	medium	1	1	0	0	0	0	0	0	0	0	0	0
TCAGCGCCGTAGCGCC-1	1	107	85	28251	36123	tumor_like	medium	1	1	84	3	0	0	19	0	22	4.4	1	3
TCAGCGCCTAAGGACT-1	1	39	173	36964	24265	tumor_like	medium	1	1	39	11	0	0	4	0	15	3	1	11
TCAGCGCTTGCGAACG-1	1	89	163	36037	32937	tumor_like	medium	1	1	28	0	0	1	2	0	3	0.6	0	0
TCAGCGTGCCAACGCT-1	1	107	81	27850	36126	tumor_like	medium	1	1	127	4	0	1	32	0	37	7.4	1	4
TCAGCTAGATGGACGC-1	1	37	191	38764	23903	tumor_like	medium	1	1	13	8	1	0	3	0	12	2.4	1	8
TCAGCTCACCAGTGCC-1	1	53	167	36384	26696	tumor_like	medium	1	1	5	15	1	0	2	0	18	3.6	1	5
TCAGCTCATATGTCTA-1	1	57	89	28578	27456	tumor_like	medium	1	1	16	0	1	0	1	0	2	0.4	0	0
TCAGCTTCCACCTTGC-1	1	98	114	31142	34540	tumor_like	medium	1	1	54	1	1	0	5	0	7	1.4	1	1
TCAGCTTCCTGGCAAT-1	1	126	132	32986	39376	tumor_like	medium	1	1	33	11	2	0	4	0	17	3.4	1	11
TCAGCTTCCTTAATGG-1	1	87	187	38437	32570	tumor_like	medium	1	1	7	2	0	0	0	0	2	0.4	1	2
TCAGCTTCTGCACCTA-1	1	75	209	40623	30472	tumor_like	medium	1	1	8	1	1	0	1	0	3	0.6	1	1
TCAGGAATCACGGCGA-1	1	57	125	32183	27425	tumor_like	medium	1	1	32	7	1	0	3	0	11	2.2	1	7
TCAGGAGCTACCAGCA-1	1	118	68	26564	38044	tumor_like	medium	1	1	81	5	1	0	10	0	16	3.2	1	5
TCAGGAGCTAGAACGC-1	1	104	4	20134	35673	tumor_like	medium	1	1	17	2	0	0	0	0	2	0.4	1	2
TCAGGAGTCGGTATAG-1	1	51	63	25965	26438	tumor_like	medium	1	1	0	0	1	0	0	0	1	0.2	0	0
TCAGGATAGCTTATGG-1	1	89	215	41245	32893	tumor_like	medium	1	1	134	1	0	0	12	0	13	2.6	1	1
TCAGGATATGCTTGCT-1	1	124	82	27976	39072	tumor_like	medium	1	1	47	6	1	0	11	0	18	3.6	1	6
TCAGGATATTCCTCAG-1	1	88	178	37537	32752	tumor_like	medium	1	1	10	0	0	0	2	0	2	0.4	0	0
TCAGGATATTCGATGA-1	1	78	96	29310	31090	tumor_like	medium	1	1	57	0	0	0	2	1	3	0.6	0	0
TCAGGATGAGTGTATT-1	1	6	48	24396	18655	tumor_like	medium	1	1	0	0	0	0	0	0	0	0	0	0
TCAGGATTGCACCGGA-1	1	61	93	28984	28146	tumor_like	medium	1	1	24	0	0	1	3	0	4	0.8	0	0
TCAGGATTGTGGCTCG-1	1	2	118	31401	17902	tumor_like	medium	1	1	5	2	0	0	1	0	3	0.6	1	2
TCAGGTCTAAGGCCGA-1	1	110	12	20944	36706	tumor_like	medium	1	1	2	6	0	0	0	0	6	1.2	1	2
TCAGTATCAGTCTGTA-1	1	95	59	25629	34066	tumor_like	medium	1	1	139	16	0	0	33	0	49	9.8	1	16
TCAGTCATAGTAATCT-1	1	34	162	35855	23409	tumor_like	medium	1	1	22	4	0	0	3	0	7	1.4	1	4
TCAGTCCACGGTCTAA-1	1	83	89	28616	31961	tumor_like	medium	1	1	74	4	0	0	16	0	20	4	1	4
TCAGTCCACGTGGCAT-1	1	17	145	34128	20477	tumor_like	medium	1	1	5	0	0	0	0	0	0	0	0	0
TCAGTCGATCTTACAT-1	1	80	102	29914	31431	tumor_like	medium	1	1	20	0	0	0	3	0	3	0.6	0	0
TCAGTCGATGTTCAGC-1	1	21	211	40744	21114	tumor_like	medium	1	1	2	1	0	0	1	0	2	0.4	1	1
TCAGTCGCAAGTGGTC-1	1	36	36	23238	23863	ambiguous_or_low_signal	low	0	0	0	0	0	0	0	0	0	0	0	0
TCAGTCGCAGTGAAGA-1	1	82	148	34524	31738	tumor_like	medium	1	1	9	7	0	0	3	0	10	2	1	7
TCAGTCGCGACCTGAG-1	1	98	72	26936	34575	tumor_like	medium	1	1	131	94	3	0	29	0	126	25.2	1	94
TCAGTCGCGAGTTCCT-1	1	81	83	28012	31619	tumor_like	medium	1	1	21	1	0	0	1	0	2	0.4	1	1
TCAGTCGCTGTAGCAG-1	1	105	159	35660	35713	tumor_like	medium	1	1	15	1	0	1	5	0	7	1.4	1	1
TCAGTCGTCAGAACGG-1	1	68	36	23286	29408	ambiguous_or_low_signal	low	0	0	0	0	0	0	0	0	0	0	0	0
TCAGTCTAGAGTAACC-1	1	106	166	36362	35881	tumor_like	medium	1	1	1	0	0	0	0	0	0	0	0	0
TCAGTCTGAACGTAAT-1	1	12	150	34621	19608	tumor_like	medium	1	1	2	2	0	0	1	0	3	0.6	1	2
TCAGTCTGGCCGCTGT-1	1	108	116	31357	36271	tumor_like	medium	1	1	34	5	0	0	23	1	29	5.8	1	5
TCAGTGAACAGGCGAA-1	1	114	62	25958	37356	tumor_like	medium	1	1	240	17	3	0	19	0	39	7.8	1	17
TCAGTGAAGATTAGGC-1	1	56	44	24069	27322	tumor_like	medium	1	1	1	0	0	0	0	0	0	0	0	0
TCAGTGACATAGGAGC-1	1	21	51	24719	21251	tumor_like	medium	1	1	0	0	0	0	0	0	0	0	0	0
TCAGTGATCCTAGCAC-1	1	40	56	25248	24539	tumor_like	medium	1	1	0	1	0	0	0	0	1	0.2	0	0
TCAGTGATTCACCGAT-1	1	104	156	35358	35543	tumor_like	medium	1	1	18	1	0	0	5	0	6	1.2	1	1
TCAGTGCTTAAGCTTC-1	1	101	127	32449	35047	tumor_like	medium	1	1	43	3	0	0	1	0	4	0.8	1	3
TCAGTGTTCCACAGCA-1	1	20	104	30026	21033	tumor_like	medium	1	1	3	0	0	0	1	0	1	0.2	0	0
TCAGTGTTGACAGCTC-1	1	23	55	25122	21594	tumor_like	medium	1	1	0	0	0	0	0	0	0	0	0	0
TCAGTTACGGTGCATG-1	1	105	167	36461	35706	tumor_like	medium	1	1	2	0	0	0	1	0	1	0.2	0	0
TCAGTTAGGCCGTCCG-1	1	94	88	28532	33869	tumor_like	medium	1	1	106	5	1	0	13	0	19	3.8	1	5
TCAGTTCAGTTCCGTG-1	1	73	157	35412	30170	tumor_like	medium	1	1	20	0	1	0	5	0	6	1.2	0	0
TCAGTTCTACTCACGC-1	1	62	36	23277	28368	ambiguous_or_low_signal	low	0	0	0	0	0	0	0	0	0	0	0	0
TCAGTTCTCCTGCAAC-1	1	96	162	35947	34152	tumor_like	medium	1	1	23	2	0	1	4	0	7	1.4	1	2
TCAGTTCTTGCGTCGC-1	1	3	167	36310	18033	tumor_like	medium	1	1	16	0	0	0	2	0	2	0.4	0	0
TCAGTTGATGGCGTGA-1	1	116	152	34975	37626	tumor_like	medium	1	1	0	0	0	0	1	0	1	0.2	0	0
TCAGTTGGCTCGGAAG-1	1	96	172	36948	34144	tumor_like	medium	1	1	0	0	0	0	0	0	0	0	0	0
TCAGTTGTGCTCGGAC-1	1	114	40	23754	37375	tumor_like	medium	1	1	373	29	2	0	23	1	55	11	1	29
TCATAATCCATTGAAT-1	1	77	99	29609	30913	tumor_like	medium	1	1	66	1	0	0	8	0	9	1.8	1	1
TCATAATCTTAGGACC-1	1	31	171	36752	22881	tumor_like	medium	1	1	25	8	0	1	4	0	13	2.6	1	8
TCATACTCCAGTTCTT-1	1	108	88	28553	36294	tumor_like	medium	1	1	49	6	0	0	8	0	14	2.8	1	6
TCATAGATAGCAATTG-1	1	61	149	34593	28098	tumor_like	medium	1	1	20	1	0	0	2	0	3	0.6	1	1
TCATAGATCACTGTGC-1	1	13	161	35724	19771	tumor_like	medium	1	1	31	0	0	0	4	0	4	0.8	0	0
TCATAGATGATCTGCC-1	1	32	126	32247	23094	tumor_like	medium	1	1	8	1	0	0	1	0	2	0.4	1	1
TCATAGCGACTTCCGA-1	1	58	210	40698	27527	tumor_like	medium	1	1	30	1	0	0	4	0	5	1	1	1
TCATAGCTCGCAGACG-1	1	87	99	29624	32645	tumor_like	medium	1	1	92	1	0	0	12	0	13	2.6	1	1
TCATAGTACTTCCGGC-1	1	21	185	38140	21136	tumor_like	medium	1	1	22	5	0	0	3	1	9	1.8	1	5
TCATCCACAAGCGTCT-1	1	16	70	26614	20369	tumor_like	medium	1	1	0	0	0	0	0	0	0	0	0	0
TCATCCACCTCAACCA-1	1	3	133	32905	18062	tumor_like	medium	1	1	2	0	0	0	0	0	0	0	0	0
TCATCCACCTCCGGAT-1	1	2	16	21185	17989	ambiguous_or_low_signal	low	0	0	1	0	0	0	0	0	0	0	0	0
TCATCCACTCTTGCTG-1	1	60	100	29684	27967	tumor_like	medium	1	1	40	0	0	0	7	0	7	1.4	0	0
TCATCCATCAGGACTG-1	1	126	144	34188	39366	tumor_like	medium	1	1	0	0	0	0	0	0	0	0	0	0
TCATCCGGTTCTGAGG-1	1	69	137	33403	29494	tumor_like	medium	1	1	13	1	0	0	4	0	5	1	1	1
TCATCCGTACATACGG-1	1	104	52	24941	35632	tumor_like	medium	1	1	108	18	1	1	13	0	33	6.6	1	18
TCATCCTTGGTAACAT-1	1	80	66	26308	31462	tumor_like	medium	1	1	44	1	0	0	13	0	14	2.8	1	1
TCATCGCTTGTAAGTA-1	1	77	53	25002	30952	tumor_like	medium	1	1	78	2	0	0	14	0	16	3.2	1	2
TCATCGGTGACGTAGA-1	1	72	204	40118	29958	tumor_like	medium	1	1	5	0	0	0	1	0	1	0.2	0	0
TCATCGTTCGCCTGTA-1	1	117	83	28065	37857	tumor_like	medium	1	1	66	5	0	0	10	0	15	3	1	5
TCATCTACAGCCTTGA-1	1	105	45	24242	35810	tumor_like	medium	1	1	177	15	2	0	17	0	34	6.8	1	15
TCATCTACCAGGAGGC-1	1	106	168	36562	35880	tumor_like	medium	1	1	1	0	0	0	0	0	0	0	0	0
TCATCTACGGCAGAAG-1	1	15	81	27715	20185	tumor_like	medium	1	1	1	0	0	0	0	0	0	0	0	0
TCATCTATAAGCCAGT-1	1	80	72	26909	31457	tumor_like	medium	1	1	60	0	0	0	6	0	6	1.2	0	0
TCATCTATAAGTGCAG-1	1	122	18	21563	38780	tumor_like	medium	1	1	20	5	2	0	0	1	8	1.6	1	5
TCATCTATCCTGCGGT-1	1	50	190	38683	26158	tumor_like	medium	1	1	6	1	0	0	1	0	2	0.4	1	1
TCATCTCACCGACTCA-1	1	82	74	27112	31801	tumor_like	medium	1	1	90	0	0	0	14	0	14	2.8	0	0
TCATCTCACCTGCCAG-1	1	62	150	34695	28271	tumor_like	medium	1	1	44	1	0	0	1	0	2	0.4	1	1
TCATCTCACTTGTTCT-1	1	34	130	32650	23437	tumor_like	medium	1	1	12	0	0	0	1	0	1	0.2	0	0
TCATCTCATAACAGCG-1	1	37	201	39766	23895	tumor_like	medium	1	1	6	0	0	0	4	0	4	0.8	0	0
TCATCTCCGCTCAGAC-1	1	110	94	29157	36636	tumor_like	medium	1	1	33	5	1	0	8	0	14	2.8	1	5
TCATCTCGCAATAGTA-1	1	115	65	26260	37526	tumor_like	medium	1	1	120	7	0	0	13	0	20	4	1	7
TCATCTGATCCTGGCG-1	1	86	70	26718	32498	tumor_like	medium	1	1	92	4	0	0	8	0	12	2.4	1	4
TCATCTGATTGCTTGG-1	1	34	198	39461	23379	tumor_like	medium	1	1	1	2	0	0	0	0	2	0.4	1	1
TCATCTGCGTGGCATG-1	1	1	137	33303	17712	tumor_like	medium	1	1	12	0	0	0	1	0	1	0.2	0	0
TCATCTTCGCCGCAAC-1	1	93	217	41451	33584	tumor_like	medium	1	1	0	0	0	0	0	0	0	0	0	0
TCATCTTGGTCCAACC-1	1	15	143	33924	20132	tumor_like	medium	1	1	8	1	0	0	3	0	4	0.8	1	1
TCATGACACCGCACTC-1	1	100	48	24535	34942	tumor_like	medium	1	1	200	17	5	0	24	0	46	9.2	1	17
TCATGACACTGTTCAG-1	1	61	31	22775	28198	tumor_like	medium	1	1	0	0	0	0	0	0	0	0	0	0
TCATGACTATGCAGAA-1	1	100	116	31345	34884	tumor_like	medium	1	1	50	0	0	0	4	0	4	0.8	0	0
TCATGAGGTGCGGTCC-1	1	63	137	33394	28455	tumor_like	medium	1	1	75	10	0	0	9	0	19	3.8	1	10
TCATGCCGTAATTCTT-1	1	16	202	39835	20256	tumor_like	medium	1	1	2	1	0	0	2	0	3	0.6	1	1
TCATGCGTTGAGCGAC-1	1	63	147	34396	28446	tumor_like	medium	1	1	5	0	0	0	0	0	0	0	0	0
TCATGGAACAGCTGAT-1	1	67	211	40812	29084	tumor_like	medium	1	1	4	1	0	0	3	0	4	0.8	1	1
TCATGGACGAGTCTGT-1	1	18	166	36232	20634	tumor_like	medium	1	1	4	0	0	0	0	0	0	0	0	0
TCATGGTGGACAACTG-1	1	4	150	34609	18221	tumor_like	medium	1	1	10	0	0	0	5	0	5	1	0	0
TCATGGTTGGATCGCC-1	1	100	142	33950	34862	tumor_like	medium	1	1	47	7	1	0	5	0	13	2.6	1	7
TCATGTATTCTTCATA-1	1	91	107	30431	33332	tumor_like	medium	1	1	37	1	0	0	2	0	3	0.6	1	1
TCATGTCGGCGATCCG-1	1	77	113	31011	30901	tumor_like	medium	1	1	7	1	0	0	4	0	5	1	1	1
TCATTAATCAACTTCT-1	1	35	189	38561	23559	tumor_like	medium	1	1	3	6	0	0	0	0	6	1.2	1	3
TCATTCAAGGAGCCTG-1	1	75	53	24999	30605	tumor_like	medium	1	1	64	0	0	0	8	0	8	1.6	0	0
TCATTCAATTCTACAA-1	1	124	130	32783	39031	tumor_like	medium	1	1	43	7	0	0	9	0	16	3.2	1	7
TCATTCACGGCTGCCT-1	1	96	110	30739	34196	tumor_like	medium	1	1	88	0	0	0	13	0	13	2.6	0	0
TCATTCACTACGCCGT-1	1	73	137	33409	30187	tumor_like	medium	1	1	23	3	0	0	2	0	5	1	1	3
TCATTCAGAAGCATTA-1	1	8	200	39623	18872	tumor_like	medium	1	1	5	2	0	0	1	0	3	0.6	1	2
TCATTCAGACTCCTAT-1	1	39	165	36163	24272	tumor_like	medium	1	1	38	6	0	0	7	0	13	2.6	1	6
TCATTCAGATCCTATG-1	1	127	93	29082	39581	tumor_like	medium	1	1	21	3	0	0	3	0	6	1.2	1	3
TCATTCAGTCAATACT-1	1	4	84	27999	18278	tumor_like	medium	1	1	0	0	0	0	0	0	0	0	0	0
TCATTCATTGGTCATG-1	1	24	78	27427	21748	tumor_like	medium	1	1	1	0	0	0	0	0	0	0	0	0
TCATTCGGCACGGACA-1	1	107	131	32858	36084	tumor_like	medium	1	1	39	1	0	0	3	0	4	0.8	1	1
TCATTCGGTCATGTAT-1	1	102	170	36757	35185	tumor_like	medium	1	1	2	0	0	0	0	0	0	0	0	0
TCATTCGGTGAACCTC-1	1	38	54	25044	24195	tumor_like	medium	1	1	3	0	0	0	0	0	0	0	0	0
TCATTCTTGGTTATCC-1	1	94	18	21521	33928	tumor_like	medium	1	1	32	0	0	0	3	0	3	0.6	0	0
TCATTGAGATAGACGT-1	1	66	48	24485	29051	tumor_like	medium	1	1	8	0	0	0	0	0	0	0	0	0
TCATTGCATGATGTGC-1	1	6	144	34011	18573	tumor_like	medium	1	1	17	1	0	0	4	0	5	1	1	1
TCATTGCGCTCATCAA-1	1	69	87	28395	29537	tumor_like	medium	1	1	32	0	0	0	5	0	5	1	0	0
TCATTGGCGATGTCAC-1	1	59	67	26377	27821	tumor_like	medium	1	1	7	0	0	0	3	0	3	0.6	0	0
TCATTGTTAGCCGTCT-1	1	42	176	37269	24784	tumor_like	medium	1	1	21	3	1	0	5	0	9	1.8	1	3
TCCAACATGAAGTGAT-1	1	54	146	34282	26888	tumor_like	medium	1	1	10	3	0	0	0	0	3	0.6	1	3
TCCAACGCAGACCATA-1	1	99	141	33848	34689	tumor_like	medium	1	1	67	4	0	0	3	0	7	1.4	1	4
TCCAACGGTACGATAC-1	1	16	106	30220	20338	tumor_like	medium	1	1	9	5	1	0	2	0	8	1.6	1	5
TCCAACGGTGGACTTG-1	1	84	218	41538	32025	tumor_like	medium	1	1	11	1	0	0	0	0	1	0.2	1	1
TCCAACGTGACATCTA-1	1	88	58	25519	32855	tumor_like	medium	1	1	131	5	0	0	17	0	22	4.4	1	5
TCCAACTACGGTCCAG-1	1	28	148	34444	22382	tumor_like	medium	1	1	48	0	0	1	3	0	4	0.8	0	0
TCCAACTTATAACTGT-1	1	55	123	31980	27080	tumor_like	medium	1	1	24	3	0	0	3	0	6	1.2	1	3
TCCAACTTCTGAAGGC-1	1	30	80	27637	22786	tumor_like	medium	1	1	0	1	0	0	0	0	1	0.2	0	0
TCCAACTTGTATTCAC-1	1	63	151	34796	28443	tumor_like	medium	1	1	31	0	0	0	2	0	2	0.4	0	0
TCCAAGAAGGTACAAT-1	1	110	86	28356	36643	tumor_like	medium	1	1	71	10	1	0	17	0	28	5.6	1	10
TCCAAGAATAGATTGT-1	1	23	219	41548	21454	tumor_like	medium	1	1	1	0	0	0	0	0	0	0	0	0
TCCAAGACAGCGCCTT-1	1	59	33	22972	27850	tumor_like	medium	1	1	0	0	0	0	0	0	0	0	0	0
TCCAAGACCGGTACGG-1	1	99	87	28439	34735	tumor_like	medium	1	1	266	9	0	0	10	0	19	3.8	1	9
TCCAATACTAAGGTCA-1	1	42	52	24850	24889	tumor_like	medium	1	1	0	1	0	0	0	0	1	0.2	0	0
TCCAATCCTCATGGTG-1	1	89	79	27623	33009	tumor_like	medium	1	1	142	2	0	0	15	0	17	3.4	1	2
TCCAATGTTAGGAGAT-1	1	16	220	41638	20241	tumor_like	medium	1	1	0	0	0	0	0	0	0	0	0	0
TCCAATTCAGTCCGCA-1	1	11	219	41530	19375	tumor_like	medium	1	1	0	0	0	0	0	0	0	0	0	0
TCCAATTCTGCAGATA-1	1	126	90	28780	39412	tumor_like	medium	1	1	18	4	0	0	2	0	6	1.2	1	4
TCCACCTCTGTTAACC-1	1	90	214	41146	33068	tumor_like	medium	1	1	114	0	0	2	8	0	10	2	0	0
TCCACGACCTGTAGCC-1	1	55	179	37589	27033	tumor_like	medium	1	1	11	9	0	0	1	0	10	2	1	9
TCCACGCTGGAGAAGC-1	1	125	141	33886	39194	tumor_like	medium	1	1	3	0	0	0	0	0	0	0	0	0
TCCACGGAACATCACG-1	1	20	210	40642	20943	tumor_like	medium	1	1	3	2	0	0	1	0	3	0.6	1	2
TCCACGGCTTCGAGTC-1	1	52	158	35481	26532	tumor_like	medium	1	1	8	3	0	0	2	0	5	1	1	3
TCCACGGTCTGTCCTC-1	1	82	196	39331	31697	tumor_like	medium	1	1	44	1	0	0	2	1	4	0.8	1	1
TCCAGACTTCGCACCA-1	1	110	164	36168	36576	tumor_like	medium	1	1	0	2	0	0	3	0	5	1	0	0
TCCAGAGTACCTCATT-1	1	21	179	37539	21141	tumor_like	medium	1	1	7	0	0	0	4	0	4	0.8	0	0
TCCAGGTTCGGCGAAT-1	1	86	138	33528	32440	tumor_like	medium	1	1	28	2	0	0	3	0	5	1	1	2
TCCAGTAACACGCATA-1	1	61	133	32991	28111	tumor_like	medium	1	1	31	10	0	0	5	0	15	3	1	10
TCCAGTACGCGAGCTA-1	1	41	183	37969	24603	tumor_like	medium	1	1	3	2	0	0	0	0	2	0.4	1	2
TCCAGTCACTGTATAG-1	1	68	150	34704	29311	tumor_like	medium	1	1	12	2	0	0	2	0	4	0.8	1	2
TCCAGTCTACCTGGAA-1	1	118	72	26965	38041	tumor_like	medium	1	1	48	3	1	0	22	0	26	5.2	1	3
TCCAGTTCGTCAACCA-1	1	111	135	33265	36773	tumor_like	medium	1	1	19	0	0	1	6	0	7	1.4	0	0
TCCAGTTGACGTCAGT-1	1	6	34	22994	18667	ambiguous_or_low_signal	low	0	0	0	0	0	0	0	0	0	0	0	0
TCCAGTTGAGTCTGAG-1	1	18	198	39437	20606	tumor_like	medium	1	1	1	0	1	0	0	0	1	0.2	0	0
TCCATAGTGAGTATCC-1	1	60	48	24476	28012	tumor_like	medium	1	1	1	0	0	0	0	0	0	0	0	0
TCCATCAGTTCACTAT-1	1	99	121	31845	34706	tumor_like	medium	1	1	82	20	1	0	11	0	32	6.4	1	20
TCCATCCGAGACAAGG-1	1	83	185	38231	31879	tumor_like	medium	1	1	40	18	1	0	4	0	23	4.6	1	18
TCCATGCATATGTCAT-1	1	124	100	29778	39057	tumor_like	medium	1	1	13	1	0	0	4	0	5	1	1	1
TCCATGGAACCGAGTT-1	1	25	69	26527	21928	tumor_like	medium	1	1	0	0	0	0	0	0	0	0	0	0
TCCGAACAGATTGATC-1	1	75	195	39221	30484	tumor_like	medium	1	1	13	1	0	0	1	0	2	0.4	1	1
TCCGAACCGTCCTAAG-1	1	32	180	37655	23047	tumor_like	medium	1	1	12	4	0	0	3	0	7	1.4	1	4
TCCGAAGTCGTTAAGC-1	1	115	113	31067	37485	tumor_like	medium	1	1	21	2	0	0	1	0	3	0.6	1	2
TCCGAATATGGAGTCT-1	1	70	186	38312	29627	tumor_like	medium	1	1	71	0	0	0	5	1	6	1.2	0	0
TCCGAATCCAGGCCAT-1	1	41	193	38970	24595	tumor_like	medium	1	1	7	13	0	0	4	0	17	3.4	1	7
TCCGAGACAGACTGCT-1	1	88	108	30526	32812	tumor_like	medium	1	1	81	2	0	0	7	0	9	1.8	1	2
TCCGAGACGTGCGTGG-1	1	88	70	26721	32844	tumor_like	medium	1	1	136	2	0	0	15	0	17	3.4	1	2
TCCGCATTAGCCAAGC-1	1	62	220	41706	28211	tumor_like	medium	1	1	121	10	0	0	19	1	30	6	1	10
TCCGCATTGCCAGCGA-1	1	111	63	26053	36835	tumor_like	medium	1	1	200	8	2	0	25	0	35	7	1	8
TCCGCCAACACGAGAC-1	1	86	178	37534	32406	tumor_like	medium	1	1	18	4	0	0	1	0	5	1	1	4
TCCGCCAAGCCACCGG-1	1	58	196	39296	27539	tumor_like	medium	1	1	8	0	0	0	1	0	1	0.2	0	0
TCCGCCAATCGGCTGA-1	1	119	11	20857	38265	tumor_like	medium	1	1	25	3	0	0	1	0	4	0.8	1	3
TCCGCCAGGCAGTCAA-1	1	37	145	34157	23943	tumor_like	medium	1	1	2	4	0	0	0	0	4	0.8	1	2
TCCGCCGACAGGACCT-1	1	3	217	41318	17990	tumor_like	medium	1	1	3	0	0	0	0	0	0	0	0	0
TCCGCCGACTTCAGCA-1	1	13	53	24907	19863	tumor_like	medium	1	1	0	0	0	0	0	0	0	0	0	0
TCCGCCGGCCATAGAC-1	1	97	109	30640	34370	tumor_like	medium	1	1	155	2	0	0	12	0	14	2.8	1	2
TCCGCCGGCTTCGTAG-1	1	56	122	31881	27255	tumor_like	medium	1	1	13	3	0	0	4	0	7	1.4	1	3
TCCGCCGGTTAAGATG-1	1	116	114	31169	37658	tumor_like	medium	1	1	16	1	0	0	5	1	7	1.4	1	1
TCCGCCTCGAACCAGT-1	1	93	205	40249	33595	tumor_like	medium	1	1	10	1	0	0	3	0	4	0.8	1	1
TCCGCCTCTTCAACTC-1	1	45	153	34970	25322	tumor_like	medium	1	1	6	7	0	0	2	0	9	1.8	1	6
TCCGCCTCTTGCCGAC-1	1	12	122	31817	19632	tumor_like	medium	1	1	11	1	0	0	3	0	4	0.8	1	1
TCCGCCTCTTGGAAGG-1	1	94	204	40150	33770	tumor_like	medium	1	1	27	3	0	0	3	0	6	1.2	1	3
TCCGCCTGAAGTGCTG-1	1	48	166	36277	25832	tumor_like	medium	1	1	2	2	0	0	4	0	6	1.2	1	2
TCCGCCTGCTAGAACT-1	1	126	74	27177	39425	tumor_like	medium	1	1	22	3	0	0	7	0	10	2	1	3
TCCGCCTTCGTTCGAA-1	1	55	125	32180	27079	tumor_like	medium	1	1	18	1	0	0	1	0	2	0.4	1	1
TCCGCTTGAGTCAGCT-1	1	80	184	38127	31361	tumor_like	medium	1	1	16	4	1	0	5	0	10	2	1	4
TCCGGAGCTGAAGGAT-1	1	37	129	32555	23956	tumor_like	medium	1	1	6	0	0	0	2	0	2	0.4	0	0
TCCGGAGGATGTCCTA-1	1	20	64	26019	21067	tumor_like	medium	1	1	0	0	0	0	0	0	0	0	0	0
TCCGGCCAAGTAACTC-1	1	36	182	37861	23739	tumor_like	medium	1	1	40	15	0	0	4	0	19	3.8	1	15
TCCGGCCGAAGATTAT-1	1	40	178	37467	24435	tumor_like	medium	1	1	18	5	0	0	2	0	7	1.4	1	5
TCCGGCCTCAGACTCG-1	1	120	98	29572	38365	tumor_like	medium	1	1	94	7	1	0	9	0	17	3.4	1	7
TCCGGCCTCGATCTAT-1	1	20	68	26420	21064	tumor_like	medium	1	1	1	0	0	0	0	0	0	0	0	0
TCCGGTGACACCAACT-1	1	92	210	40748	33418	tumor_like	medium	1	1	2	1	0	0	0	0	1	0.2	1	1
TCCGGTTGCTGGCGTG-1	1	117	101	29868	37842	tumor_like	medium	1	1	60	3	2	0	10	0	15	3	1	3
TCCGGTTGGCTACGCA-1	1	90	176	37340	33101	tumor_like	medium	1	1	1	1	0	0	0	0	1	0.2	1	1
TCCGTACCACTCTTAT-1	1	66	110	30694	28998	tumor_like	medium	1	1	39	1	0	0	6	0	7	1.4	1	1
TCCGTACTAGCCGCAC-1	1	14	118	31419	19981	tumor_like	medium	1	1	7	3	0	0	4	0	7	1.4	1	3
TCCGTAGAGCACGTGA-1	1	8	208	40424	18865	tumor_like	medium	1	1	1	0	0	0	0	0	0	0	0	0
TCCGTAGATTCCGGAA-1	1	43	35	23149	25076	ambiguous_or_low_signal	low	0	0	0	0	0	0	0	0	0	0	0	0
TCCGTAGATTGTCCGC-1	1	122	58	25569	38746	tumor_like	medium	1	1	105	9	2	0	12	0	23	4.6	1	9
TCCGTAGGAGTATGCT-1	1	65	139	33597	28799	tumor_like	medium	1	1	22	14	2	0	4	0	20	4	1	14
TCCGTAGTAAGGTCCT-1	1	78	162	35920	31033	tumor_like	medium	1	1	53	0	0	0	6	0	6	1.2	0	0
TCCGTAGTCCATGCTC-1	1	123	73	27073	38905	tumor_like	medium	1	1	63	10	0	0	9	0	19	3.8	1	10
TCCGTAGTTGGTCGAA-1	1	19	137	33329	20831	tumor_like	medium	1	1	10	0	0	0	2	0	2	0.4	0	0
TCCGTATGCAGCCTCG-1	1	55	115	31179	27087	tumor_like	medium	1	1	82	3	0	0	14	0	17	3.4	1	3
TCCGTCACAGTGAGTG-1	1	87	113	31026	32633	tumor_like	medium	1	1	29	9	0	0	2	0	11	2.2	1	9
TCCGTCACCTCGGCCG-1	1	0	78	27392	17590	tumor_like	medium	1	1	0	0	0	0	0	0	0	0	0	0
TCCGTCATACGGAGCA-1	1	85	55	25214	32336	tumor_like	medium	1	1	83	2	1	0	18	0	21	4.2	1	2
TCCGTCATAGCCTCCG-1	1	46	168	36474	25483	tumor_like	medium	1	1	5	7	0	0	1	0	8	1.6	1	5
TCCGTCCTCACGTCGG-1	1	41	187	38369	24600	tumor_like	medium	1	1	3	15	1	0	1	0	17	3.4	1	3
TCCGTGATCTCGATGC-1	1	36	110	30650	23800	tumor_like	medium	1	1	1	0	0	0	1	0	1	0.2	0	0
TCCGTGATTAGACAAT-1	1	81	97	29414	31608	tumor_like	medium	1	1	112	1	0	0	13	0	14	2.8	1	1
TCCGTGATTGCATCTA-1	1	89	171	36838	32931	tumor_like	medium	1	1	2	0	0	0	2	0	2	0.4	0	0
TCCGTGCCAACTCGAG-1	1	88	152	34933	32774	tumor_like	medium	1	1	24	5	0	1	3	0	9	1.8	1	5
TCCGTGCCGTATACCA-1	1	74	46	24296	30439	tumor_like	medium	1	1	10	1	0	0	2	0	3	0.6	1	1
TCCGTGCGAGATACTG-1	1	65	75	27187	28854	tumor_like	medium	1	1	11	3	0	0	3	0	6	1.2	1	3
TCCGTGGCCTCAGGAG-1	1	61	109	30587	28132	tumor_like	medium	1	1	98	2	0	0	6	0	8	1.6	1	2
TCCGTGTACACCGAAT-1	1	8	124	32011	18937	tumor_like	medium	1	1	6	2	0	0	1	0	3	0.6	1	2
TCCGTGTACTTCATCG-1	1	93	5	20218	33765	tumor_like	medium	1	1	89	20	1	0	7	0	28	5.6	1	20
TCCGTGTCAATCGGTC-1	1	33	29	22533	23349	stroma_fibroblast	medium	0	0	0	0	0	0	0	0	0	0	0	0
TCCGTGTCCATGACGC-1	1	32	176	37254	23051	tumor_like	medium	1	1	51	5	0	0	3	0	8	1.6	1	5
TCCGTGTCGATAGCAA-1	1	83	63	26012	31983	tumor_like	medium	1	1	44	0	0	0	12	0	12	2.4	0	0
TCCGTGTCTTCGTAGA-1	1	87	135	33229	32615	tumor_like	medium	1	1	23	1	0	0	5	0	6	1.2	1	1
TCCGTGTTCTAATGAT-1	1	67	91	28793	29187	tumor_like	medium	1	1	63	0	0	0	3	0	3	0.6	0	0
TCCGTTATGCCGGTAT-1	1	1	17	21284	17814	tumor_like	medium	1	1	0	0	0	0	0	0	0	0	0	0
TCCGTTGGTCTGACCA-1	1	27	109	30537	22241	tumor_like	medium	1	1	1	0	0	0	1	0	1	0.2	0	0
TCCTAAGCTCCTATTG-1	1	56	70	26673	27300	ambiguous_or_low_signal	low	0	0	1	3	0	0	0	0	3	0.6	1	1
TCCTACAGCCTTGTAT-1	1	86	54	25115	32512	tumor_like	medium	1	1	92	7	1	0	14	0	22	4.4	1	7
TCCTACCGGATACATC-1	1	56	152	34886	27230	tumor_like	medium	1	1	4	6	1	0	0	0	7	1.4	1	4
TCCTACTTGGATCAGG-1	1	80	142	33920	31397	tumor_like	medium	1	1	108	11	2	0	9	0	22	4.4	1	11
TCCTATGACATAGGAT-1	1	74	34	23094	30449	tumor_like	medium	1	1	1	0	0	0	0	0	0	0	0	0
TCCTATGACCGATCTT-1	1	70	188	38512	29625	tumor_like	medium	1	1	39	4	0	0	3	0	7	1.4	1	4
TCCTATGGATGCACGT-1	1	24	182	37844	21660	tumor_like	medium	1	1	13	3	2	0	3	0	8	1.6	1	3
TCCTATTGTCCGGTTC-1	1	106	94	29151	35943	tumor_like	medium	1	1	92	7	0	0	4	0	11	2.2	1	7
TCCTCAAGTGGCGTGG-1	1	6	142	33811	18575	tumor_like	medium	1	1	50	1	0	1	8	0	10	2	1	1
TCCTCAAGTTCTCCAT-1	1	26	80	27631	22093	tumor_like	medium	1	1	0	0	0	0	0	0	0	0	0	0
TCCTCAATCTCGTGAA-1	1	94	154	35143	33812	tumor_like	medium	1	1	28	13	0	0	3	0	16	3.2	1	13
TCCTCAATCTGCTATT-1	1	62	88	28485	28324	tumor_like	medium	1	1	29	0	0	0	1	0	1	0.2	0	0
TCCTCACGAAGACAAG-1	1	26	180	37646	22008	tumor_like	medium	1	1	26	3	0	0	2	0	5	1	1	3
TCCTCACGACATCCTG-1	1	51	177	37383	26341	tumor_like	medium	1	1	9	11	0	0	1	0	12	2.4	1	9
TCCTCATCACATCACT-1	1	108	114	31157	36272	tumor_like	medium	1	1	56	3	0	0	3	0	6	1.2	1	3
TCCTCATGTAGGCTGA-1	1	125	65	26274	39259	tumor_like	medium	1	1	39	0	0	0	14	0	14	2.8	0	0
TCCTCATGTCGCGAAT-1	1	27	175	37147	22184	tumor_like	medium	1	1	10	0	0	0	0	0	0	0	0	0
TCCTGAACATTGTTAC-1	1	99	65	26236	34754	tumor_like	medium	1	1	161	39	2	0	37	0	78	15.6	1	39
TCCTGAAGCGCACCGA-1	1	99	49	24633	34767	tumor_like	medium	1	1	147	32	0	0	21	0	53	10.6	1	32
TCCTGACACTCGGCCT-1	1	104	146	34356	35552	tumor_like	medium	1	1	38	5	0	0	5	0	10	2	1	5
TCCTGACAGGCTATGT-1	1	59	91	28781	27801	tumor_like	medium	1	1	14	0	0	0	0	0	0	0	0	0
TCCTGACATAGTGCTA-1	1	123	123	32080	38863	tumor_like	medium	1	1	42	9	1	0	5	0	15	3	1	9
TCCTGAGTACTCGAGT-1	1	53	75	27170	26775	tumor_like	medium	1	1	3	1	0	0	3	0	4	0.8	1	1
TCCTGAGTCGAGTCGG-1	1	46	26	22252	25605	tumor_like	medium	1	1	3	0	0	0	1	0	1	0.2	0	0
TCCTGAGTGAACAGAT-1	1	28	74	27033	22445	immune	medium	0	0	0	0	0	0	0	0	0	0	0	0
TCCTGAGTGCCATACT-1	1	85	63	26015	32330	tumor_like	medium	1	1	29	3	0	0	10	0	13	2.6	1	3
TCCTGAGTTCGGTATC-1	1	104	134	33154	35562	tumor_like	medium	1	1	20	1	0	0	2	0	3	0.6	1	1
TCCTGATCCTGGCCGC-1	1	12	146	34220	19611	tumor_like	medium	1	1	7	3	0	0	1	0	4	0.8	1	3
TCCTGATCGCGACCAA-1	1	71	211	40818	29778	tumor_like	medium	1	1	19	1	0	0	1	0	2	0.4	1	1
TCCTGATGTCACATTA-1	1	26	76	27230	22097	tumor_like	medium	1	1	0	0	0	0	0	0	0	0	0	0
TCCTGATTCTACGTAG-1	1	106	102	29952	35936	tumor_like	medium	1	1	69	9	0	0	7	0	16	3.2	1	9
TCCTGCCGACCAAGAA-1	1	11	155	35120	19429	tumor_like	medium	1	1	21	2	0	0	3	0	5	1	1	2
TCCTGCTTAAGTCACG-1	1	72	222	41921	29942	tumor_like	medium	1	1	48	24	0	0	12	0	36	7.2	1	24
TCCTGGAGCAAGCCGC-1	1	114	14	21150	37397	tumor_like	medium	1	1	17	10	2	0	3	0	15	3	1	10
TCCTGGAGGTAGATAA-1	1	71	145	34207	29834	tumor_like	medium	1	1	3	1	0	0	3	0	4	0.8	1	1
TCCTGGATCTGTAAGT-1	1	96	78	27534	34224	tumor_like	medium	1	1	100	6	0	0	14	0	20	4	1	6
TCCTGGATGCTCACAA-1	1	107	57	25447	36147	tumor_like	medium	1	1	187	7	1	0	45	0	53	10.6	1	7
TCCTGGTAATTCGTCA-1	1	90	164	36138	33111	tumor_like	medium	1	1	15	1	0	0	2	0	3	0.6	1	1
TCCTGGTTATCTTAGA-1	1	23	207	40346	21464	tumor_like	medium	1	1	2	1	0	0	0	0	1	0.2	1	1
TCCTGGTTATGTGCAT-1	1	114	126	32368	37302	tumor_like	medium	1	1	11	2	0	0	5	0	7	1.4	1	2
TCCTGTATAGGCATTG-1	1	38	126	32256	24133	tumor_like	medium	1	1	6	0	0	0	3	0	3	0.6	0	0
TCCTGTGGATTCTTAA-1	1	115	141	33871	37461	tumor_like	medium	1	1	3	1	0	1	0	0	2	0.4	1	1
TCCTTACGCTGGATTA-1	1	104	152	34957	35547	tumor_like	medium	1	1	15	0	0	0	2	0	2	0.4	0	0
TCCTTAGACAGGTACG-1	1	56	34	23068	27330	tumor_like	medium	1	1	0	0	0	0	0	0	0	0	0	0
TCCTTCACATACGCGT-1	1	61	205	40202	28050	tumor_like	medium	1	1	6	0	0	0	1	0	1	0.2	0	0
TCCTTCGGCGTAAGCG-1	1	69	199	39613	29441	tumor_like	medium	1	1	7	0	1	0	0	0	1	0.2	0	0
TCCTTGAGACTGTCTT-1	1	41	49	24548	24718	tumor_like	medium	1	1	0	0	0	0	0	0	0	0	0	0
TCCTTGGCAGTATCCG-1	1	96	138	33543	34173	tumor_like	medium	1	1	50	2	0	0	6	0	8	1.6	1	2
TCGAACGGCGATTGTC-1	1	120	64	26167	38394	tumor_like	medium	1	1	113	16	1	0	13	0	30	6	1	16
TCGAATAGATCTTCCT-1	1	114	138	33570	37291	tumor_like	medium	1	1	6	0	1	0	3	0	4	0.8	0	0
TCGAATCGCTGGCACT-1	1	91	205	40246	33248	tumor_like	medium	1	1	5	0	0	0	1	0	1	0.2	0	0
TCGAATCGGACTATGG-1	1	61	27	22374	28202	tumor_like	medium	1	1	0	0	2	0	0	0	2	0.4	0	0
TCGAATCGTCGGATTC-1	1	22	132	32833	21356	tumor_like	medium	1	1	4	4	0	0	3	0	7	1.4	1	4
TCGAATGCGTGCCTCA-1	1	93	67	26427	33712	tumor_like	medium	1	1	395	19	0	0	28	0	47	9.4	1	19
TCGAATTAAGGCTGGA-1	1	116	144	34173	37633	tumor_like	medium	1	1	4	0	0	0	1	0	1	0.2	0	0
TCGACCAAGACTGGTT-1	1	12	50	24605	19693	tumor_like	medium	1	1	0	0	0	0	0	0	0	0	0	0
TCGACGAGACGTATAC-1	1	122	92	28974	38717	tumor_like	medium	1	1	24	3	0	0	3	0	6	1.2	1	3
TCGACGGCACAGCCTT-1	1	80	86	28311	31445	tumor_like	medium	1	1	37	0	0	0	4	1	5	1	0	0
TCGACGTATGAGACCA-1	1	115	81	27862	37512	tumor_like	medium	1	1	131	4	0	0	16	0	20	4	1	4
TCGACTATCATTGGTC-1	1	122	152	34984	38666	stroma_fibroblast	medium	0	0	0	0	0	0	0	0	0	0	0	0
TCGACTATCTTGCCTG-1	1	14	124	32020	19976	tumor_like	medium	1	1	19	5	1	0	3	0	9	1.8	1	5
TCGACTATGGCTACGC-1	1	103	159	35657	35367	tumor_like	medium	1	1	25	0	1	0	4	0	5	1	0	0
TCGACTCACTTCGTGA-1	1	101	15	21231	35143	tumor_like	medium	1	1	21	1	0	0	4	0	5	1	1	1
TCGACTGCGTCTGCTA-1	1	27	195	39150	22167	tumor_like	medium	1	1	14	1	1	0	2	0	4	0.8	1	1
TCGACTGGCGAGGAAC-1	1	120	6	20358	38444	tumor_like	medium	1	1	27	4	0	0	6	0	10	2	1	4
TCGACTTAGTTGGCCA-1	1	52	180	37685	26513	tumor_like	medium	1	1	19	5	1	0	3	0	9	1.8	1	5
TCGACTTATTCTGCAG-1	1	82	220	41735	31677	tumor_like	medium	1	1	3	0	0	0	2	0	2	0.4	0	0
TCGAGTACATGTGCAC-1	1	117	19	21655	37912	tumor_like	medium	1	1	14	4	0	0	2	0	6	1.2	1	4
TCGAGTACATTGCACT-1	1	100	16	21330	34970	tumor_like	medium	1	1	27	3	0	0	11	0	14	2.8	1	3
TCGAGTACGCGTGACT-1	1	116	40	23757	37722	tumor_like	medium	1	1	136	53	1	0	16	0	70	14	1	53
TCGAGTATAGACAGCA-1	1	59	103	29983	27790	tumor_like	medium	1	1	108	2	0	0	8	0	10	2	1	2
TCGAGTATGTAGATAG-1	1	42	36	23247	24903	ambiguous_or_low_signal	low	0	0	0	0	0	0	0	0	0	0	0	0
TCGAGTCCAGTCGAAC-1	1	50	130	32674	26209	tumor_like	medium	1	1	18	2	0	0	4	0	6	1.2	1	2
TCGATAGGCGTGTACG-1	1	59	139	33589	27760	tumor_like	medium	1	1	27	1	0	1	2	0	4	0.8	1	1
TCGATAGTACCTATCT-1	1	101	163	36054	35017	tumor_like	medium	1	1	17	4	1	0	3	0	8	1.6	1	4
TCGATCAACACGTAGC-1	1	37	193	38965	23902	tumor_like	medium	1	1	6	0	0	0	2	0	2	0.4	0	0
TCGATCATCCTAATGT-1	1	111	3	20044	36886	tumor_like	medium	1	1	38	7	0	0	7	0	14	2.8	1	7
TCGATCATCTTCGGAT-1	1	37	209	40567	23888	tumor_like	medium	1	1	1	2	0	0	0	0	2	0.4	1	1
TCGATCTAGGATCATT-1	1	26	176	37246	22011	tumor_like	medium	1	1	5	0	0	0	3	0	3	0.6	0	0
TCGATCTAGGCCGCTG-1	1	85	175	37233	32234	tumor_like	medium	1	1	6	0	0	0	0	0	0	0	0	0
TCGATCTAGGTGTCGC-1	1	86	202	39938	32385	tumor_like	medium	1	1	4	0	0	0	1	0	1	0.2	0	0
TCGATCTGATGTCCAG-1	1	5	33	22892	18494	tumor_like	medium	1	1	0	0	0	0	0	0	0	0	0	0
TCGATCTGCCGCGAGC-1	1	14	50	24608	20039	tumor_like	medium	1	1	0	0	0	0	0	0	0	0	0	0
TCGATCTGCTATTGGA-1	1	109	91	28855	36464	tumor_like	medium	1	1	47	3	0	1	7	0	11	2.2	1	3
TCGATCTGGTTCAGGT-1	1	15	57	25311	20206	tumor_like	medium	1	1	0	0	0	0	0	0	0	0	0	0
TCGATGTACCGGTAGG-1	1	94	44	24125	33906	tumor_like	medium	1	1	95	14	0	0	8	0	22	4.4	1	14
TCGCAACACCATCGTA-1	1	50	172	36880	26173	tumor_like	medium	1	1	9	8	0	0	1	0	9	1.8	1	8
TCGCAACAGGCCACTG-1	1	92	76	27327	33532	tumor_like	medium	1	1	268	1	0	0	32	0	33	6.6	1	1
TCGCACAATATGTAGA-1	1	62	28	22476	28375	tumor_like	medium	1	1	0	0	0	0	0	1	1	0.2	0	0
TCGCACAGCAGACGTC-1	1	59	173	36994	27731	tumor_like	medium	1	1	0	13	2	0	1	0	16	3.2	0	0
TCGCACATGTCCTGGT-1	1	13	129	32519	19798	tumor_like	medium	1	1	6	0	1	0	2	0	3	0.6	0	0
TCGCACCTCCTGCGGA-1	1	100	152	34951	34854	tumor_like	medium	1	1	19	7	1	0	6	0	14	2.8	1	7
TCGCACGACAACATAG-1	1	91	211	40847	33243	tumor_like	medium	1	1	15	0	0	0	1	0	1	0.2	0	0
TCGCACGAGTATTCGG-1	1	126	92	28980	39410	tumor_like	medium	1	1	14	6	0	0	2	0	8	1.6	1	6
TCGCACGATGAACGTT-1	1	96	70	26732	34231	tumor_like	medium	1	1	206	21	1	0	21	0	43	8.6	1	21
TCGCACTCCATTCCGG-1	1	84	110	30721	32117	tumor_like	medium	1	1	66	0	0	0	4	0	4	0.8	0	0
TCGCACTGCATTATCT-1	1	49	195	39183	25979	tumor_like	medium	1	1	3	1	1	0	0	0	2	0.4	1	1
TCGCATACTGTTCTGA-1	1	97	195	39253	34296	tumor_like	medium	1	1	6	0	0	0	0	0	0	0	0	0
TCGCCACCTCGAAGTG-1	1	6	90	28603	18619	tumor_like	medium	1	1	0	0	0	0	0	0	0	0	0	0
TCGCCAGGTTCATCTT-1	1	101	151	34852	35027	tumor_like	medium	1	1	11	2	0	0	2	0	4	0.8	1	2
TCGCCATTGTATAACA-1	1	123	87	28475	38893	tumor_like	medium	1	1	18	2	0	0	4	0	6	1.2	1	2
TCGCCGACATTAGTTG-1	1	84	82	27917	32141	tumor_like	medium	1	1	41	0	0	0	7	0	7	1.4	0	0
TCGCCGACGCTCTAAT-1	1	122	144	34182	38673	tumor_like	medium	1	1	1	0	0	0	0	0	0	0	0	0
TCGCCGACTCCAGCGG-1	1	50	168	36480	26177	tumor_like	medium	1	1	7	13	0	0	0	0	13	2.6	1	7
TCGCCGCTAATCCAAT-1	1	15	47	24309	20214	tumor_like	medium	1	1	0	0	0	0	0	0	0	0	0	0
TCGCCGCTAGAATAGA-1	1	86	74	27118	32494	tumor_like	medium	1	1	69	15	1	0	13	0	29	5.8	1	15
TCGCCGCTCCAGAAGT-1	1	96	200	39753	34120	tumor_like	medium	1	1	6	0	0	0	3	0	3	0.6	0	0
TCGCCGCTGATAAGGC-1	1	50	120	31672	26218	tumor_like	medium	1	1	4	2	0	0	0	0	2	0.4	1	2
TCGCCGCTGGAAGCTC-1	1	30	196	39255	22687	tumor_like	medium	1	1	6	1	0	0	1	0	2	0.4	1	1
TCGCCGCTTAGTATCT-1	1	69	101	29797	29525	tumor_like	medium	1	1	43	2	1	0	5	0	8	1.6	1	2
TCGCCGCTTATGGTAC-1	1	12	154	35022	19604	tumor_like	medium	1	1	7	2	0	0	2	0	4	0.8	1	2
TCGCCGGAGTTCCTAC-1	1	77	77	27405	30931	tumor_like	medium	1	1	5	1	0	0	2	0	3	0.6	1	1
TCGCCGGATTGACCTC-1	1	87	131	32829	32618	tumor_like	medium	1	1	58	2	1	0	5	0	8	1.6	1	2
TCGCCGTAGTCCAGGC-1	1	41	147	34363	24634	tumor_like	medium	1	1	0	5	0	0	0	0	5	1	0	0
TCGCCGTGGCCTTGCA-1	1	73	51	24795	30261	tumor_like	medium	1	1	45	0	0	0	8	0	8	1.6	0	0
TCGCCGTTCGAGTGCA-1	1	76	182	37920	30670	tumor_like	medium	1	1	11	1	0	0	2	0	3	0.6	1	1
TCGCCTAACCACGCAG-1	1	2	126	32202	17895	tumor_like	medium	1	1	3	3	0	0	0	0	3	0.6	1	3
TCGCCTAGCGCTGCAA-1	1	67	157	35403	29131	tumor_like	medium	1	1	9	1	0	0	3	0	4	0.8	1	1
TCGCCTCCAGGCTTAA-1	1	61	23	21973	28205	tumor_like	medium	1	1	0	0	0	0	0	1	1	0.2	0	0
TCGCCTCGGACGAACG-1	1	89	209	40644	32898	tumor_like	medium	1	1	21	0	0	0	2	0	2	0.4	0	0
TCGCCTCGTAACTTAC-1	1	33	167	36355	23231	tumor_like	medium	1	1	17	2	0	0	2	0	4	0.8	1	2
TCGCCTCGTGTATCGA-1	1	56	26	22266	27337	tumor_like	medium	1	1	1	0	0	0	0	0	0	0	0	0
TCGCCTGACATGAGGT-1	1	42	186	38271	24775	tumor_like	medium	1	1	12	28	0	0	2	0	30	6	1	12
TCGCCTGCAATAGTGC-1	1	2	132	32803	17890	tumor_like	medium	1	1	0	1	0	0	0	0	1	0.2	0	0
TCGCCTGCCTAGCTCC-1	1	46	158	35472	25492	tumor_like	medium	1	1	5	5	0	0	2	0	7	1.4	1	5
TCGCCTGCGTAGAATA-1	1	1	19	21484	17812	tumor_like	medium	1	1	0	0	0	0	0	0	0	0	0	0
TCGCCTGGATAGGCGG-1	1	74	212	40922	30298	tumor_like	medium	1	1	9	1	0	0	2	0	3	0.6	1	1
TCGCCTTAATCACCTA-1	1	63	63	25983	28518	tumor_like	medium	1	1	13	0	0	0	1	0	1	0.2	0	0
TCGCCTTACGGTTGAA-1	1	76	90	28706	30748	tumor_like	medium	1	1	66	2	0	0	8	0	10	2	1	2
TCGCCTTATCACAAGC-1	1	85	143	34028	32261	tumor_like	medium	1	1	58	7	1	0	10	0	18	3.6	1	7
TCGCCTTATGGTGACG-1	1	30	206	40256	22679	tumor_like	medium	1	1	6	3	0	0	0	0	3	0.6	1	3
TCGCCTTGGAATGAAG-1	1	114	8	20549	37402	tumor_like	medium	1	1	47	15	3	0	5	0	23	4.6	1	15
TCGCGACGGTATACTG-1	1	48	172	36877	25827	tumor_like	medium	1	1	2	9	0	0	2	0	11	2.2	1	2
TCGCGACGTGTCGCAC-1	1	72	120	31705	30029	tumor_like	medium	1	1	11	1	0	0	2	0	3	0.6	1	1
TCGCGAGTGAAGGTCC-1	1	18	106	30223	20685	tumor_like	medium	1	1	2	1	0	0	2	1	4	0.8	1	1
TCGCGGAACATGCTGT-1	1	114	78	27560	37343	tumor_like	medium	1	1	83	9	0	0	13	0	22	4.4	1	9
TCGCGGAATATTGTCG-1	1	43	23	21947	25086	tumor_like	medium	1	1	7	0	0	0	0	0	0	0	0	0
TCGCGGAGTAAGTGAG-1	1	82	102	29917	31778	tumor_like	medium	1	1	32	0	0	0	2	0	2	0.4	0	0
TCGCGGAGTCCGCACT-1	1	47	191	38779	25636	tumor_like	medium	1	1	3	10	0	0	0	0	10	2	1	3
TCGCGGAGTTGCTTGC-1	1	59	145	34189	27755	tumor_like	medium	1	1	6	2	0	0	3	0	5	1	1	2
TCGCGGATGGCGAACA-1	1	13	41	23705	19873	tumor_like	medium	1	1	0	0	0	0	1	0	1	0.2	0	0
TCGCGGATTCGCGGCT-1	1	46	194	39078	25461	tumor_like	medium	1	1	3	14	2	0	0	0	16	3.2	1	3
TCGCGGCCGACGAGTC-1	1	26	218	41452	21975	tumor_like	medium	1	1	2	0	0	0	0	0	0	0	0	0
TCGCGGCCGCAGTTCT-1	1	101	97	29444	35073	tumor_like	medium	1	1	267	23	1	0	27	0	51	10.2	1	23
TCGCGGCTAACTGTTG-1	1	61	135	33191	28110	tumor_like	medium	1	1	103	5	0	0	5	0	10	2	1	5
TCGCGGTAAGTAATCC-1	1	3	213	40917	17993	tumor_like	medium	1	1	1	0	0	0	1	0	1	0.2	0	0
TCGCGGTAGATGGAAG-1	1	79	67	26407	31287	tumor_like	medium	1	1	156	3	0	0	3	0	6	1.2	1	3
TCGCGGTATGCCGGAC-1	1	0	188	38409	17496	tumor_like	medium	1	1	29	1	0	0	9	0	10	2	1	1
TCGCGGTATGGTACTA-1	1	109	1	19841	36541	tumor_like	medium	1	1	30	5	0	0	6	0	11	2.2	1	5
TCGCGGTATTAGATCG-1	1	111	83	28057	36818	tumor_like	medium	1	1	75	2	0	0	13	0	15	3	1	2
TCGCTAACTCTACCGA-1	1	22	36	23218	21438	tumor_like	medium	1	1	0	0	0	0	0	0	0	0	0	0
TCGCTAGATGTACAGT-1	1	31	113	30943	22930	tumor_like	medium	1	1	0	0	0	0	0	0	0	0	0	0
TCGCTATGACGACACT-1	1	72	70	26697	30072	tumor_like	medium	1	1	91	0	0	1	6	0	7	1.4	0	0
TCGCTCACGCAGACTT-1	1	92	116	31334	33498	tumor_like	medium	1	1	38	2	0	0	8	0	10	2	1	2
TCGCTTACTAAGTACA-1	1	19	79	27520	20880	tumor_like	medium	1	1	1	0	0	0	0	0	0	0	0	0
TCGCTTCGAGTTGATG-1	1	70	72	26894	29724	tumor_like	medium	1	1	13	0	0	0	4	0	4	0.8	0	0
TCGCTTCGTACTTCAT-1	1	118	84	28167	38031	tumor_like	medium	1	1	53	6	1	0	14	0	21	4.2	1	6
TCGCTTGAGCAGCGAG-1	1	73	219	41622	30117	tumor_like	medium	1	1	16	11	0	1	3	0	15	3	1	11
TCGCTTGTACCGCTCC-1	1	65	111	30793	28823	tumor_like	medium	1	1	19	2	0	0	4	0	6	1.2	1	2
TCGCTTGTCGGCTGCA-1	1	66	132	32898	28980	tumor_like	medium	1	1	11	1	0	0	3	0	4	0.8	1	1
TCGGAACGACGGAATT-1	1	67	33	22984	29236	tumor_like	medium	1	1	0	1	0	0	0	0	1	0.2	0	0
TCGGAACGAGATGACT-1	1	100	80	27740	34915	tumor_like	medium	1	1	200	35	6	0	23	1	65	13	1	35
TCGGAATGTAGATTAA-1	1	2	32	22788	17976	tumor_like	medium	1	1	0	0	0	0	0	0	0	0	0	0
TCGGACAACCGACACG-1	1	84	152	34927	32081	tumor_like	medium	1	1	28	2	1	0	10	0	13	2.6	1	2
TCGGACATCAGTCTTA-1	1	37	57	25343	24018	tumor_like	medium	1	1	1	0	0	0	0	0	0	0	0	0
TCGGACCAAGGCCAAG-1	1	96	68	26532	34232	tumor_like	medium	1	1	600	48	5	0	28	0	81	16.2	1	48
TCGGACCACGCAGGTG-1	1	97	51	24831	34419	tumor_like	medium	1	1	161	89	2	0	12	0	103	20.6	1	89
TCGGACCACTGTCGGT-1	1	118	8	20555	38095	tumor_like	medium	1	1	34	1	0	0	9	0	10	2	1	1
TCGGACCTCGGTAACC-1	1	41	155	35164	24627	tumor_like	medium	1	1	5	2	0	0	2	0	4	0.8	1	2
TCGGACGATCATAAGT-1	1	58	116	31283	27607	tumor_like	medium	1	1	6	3	0	0	2	0	5	1	1	3
TCGGACGCGAATCTGT-1	1	50	150	34677	26192	tumor_like	medium	1	1	3	2	0	0	1	0	3	0.6	1	2
TCGGACGCTGCATGGT-1	1	100	196	39358	34816	tumor_like	medium	1	1	2	0	0	0	0	0	0	0	0	0
TCGGACGGTTATTCTA-1	1	122	100	29775	38710	tumor_like	medium	1	1	43	3	1	0	8	0	12	2.4	1	3
TCGGACTCGCCGAGCT-1	1	23	191	38744	21478	tumor_like	medium	1	1	33	18	6	0	7	0	31	6.2	1	18
TCGGACTCTTATCTTC-1	1	120	12	20959	38439	tumor_like	medium	1	1	21	4	0	0	6	0	10	2	1	4
TCGGAGAACAAGTGCT-1	1	13	71	26710	19847	tumor_like	medium	1	1	0	0	0	0	1	0	1	0.2	0	0
TCGGAGATAGTGTAAG-1	1	124	108	30580	39050	tumor_like	medium	1	1	19	3	0	0	2	0	5	1	1	3
TCGGAGATGACTATCG-1	1	65	215	41209	28735	tumor_like	medium	1	1	52	0	1	0	6	0	7	1.4	0	0
TCGGAGATTCCGTCCG-1	1	32	108	30444	23109	tumor_like	medium	1	1	2	0	0	0	0	0	0	0	0	0
TCGGAGCGGCATTGCT-1	1	1	135	33102	17713	tumor_like	medium	1	1	2	0	0	0	0	0	0	0	0	0
TCGGAGTATGATTGGT-1	1	106	130	32756	35912	tumor_like	medium	1	1	6	2	0	0	0	0	2	0.4	1	2
TCGGAGTGCTCCGGAT-1	1	74	130	32709	30367	tumor_like	medium	1	1	40	6	0	0	7	0	13	2.6	1	6
TCGGAGTGGTCAATTA-1	1	100	92	28942	34905	tumor_like	medium	1	1	230	20	1	0	20	0	41	8.2	1	20
TCGGCGAATATTCGTT-1	1	82	180	37729	31711	tumor_like	medium	1	1	6	6	1	0	0	0	7	1.4	1	6
TCGGCGACGGCCATGG-1	1	93	85	28230	33697	tumor_like	medium	1	1	453	7	1	0	11	0	19	3.8	1	7
TCGGCGATGTTACCGT-1	1	58	126	32285	27599	tumor_like	medium	1	1	24	4	0	0	4	0	8	1.6	1	4
TCGGCGCATGTTCTCA-1	1	71	207	40417	29781	tumor_like	medium	1	1	10	1	0	0	0	0	1	0.2	1	1
TCGGCGGACTGAAGCT-1	1	30	118	31442	22754	tumor_like	medium	1	1	1	0	0	0	0	0	0	0	0	0
TCGGCGGTGGCGGTAC-1	1	30	122	31843	22750	tumor_like	medium	1	1	6	0	0	0	4	0	4	0.8	0	0
TCGGCGTAATCATATT-1	1	0	88	28394	17581	tumor_like	medium	1	1	1	1	0	0	0	0	1	0.2	1	1
TCGGCGTATTACGTTC-1	1	85	169	36632	32239	tumor_like	medium	1	1	8	0	0	0	0	0	0	0	0	0
TCGGTAAGCCAGCAGG-1	1	105	125	32254	35742	tumor_like	medium	1	1	34	1	0	0	2	1	4	0.8	1	1
TCGGTAAGCGATGGAA-1	1	65	119	31594	28816	tumor_like	medium	1	1	32	0	0	0	1	0	1	0.2	0	0
TCGGTACCGGCTGGCT-1	1	38	172	36863	24094	tumor_like	medium	1	1	21	4	0	0	4	0	8	1.6	1	4
TCGGTATCTATGACCG-1	1	8	152	34815	18913	tumor_like	medium	1	1	14	0	0	0	3	0	3	0.6	0	0
TCGGTGTCAATACAGC-1	1	52	188	38486	26506	tumor_like	medium	1	1	19	1	0	0	1	0	2	0.4	1	1
TCGGTGTCATCCGTGG-1	1	10	204	40026	19215	tumor_like	medium	1	1	3	0	0	0	3	0	3	0.6	0	0
TCGGTGTCCTGGTCCT-1	1	91	77	27426	33357	tumor_like	medium	1	1	121	4	1	0	18	0	23	4.6	1	4
TCGGTTAAGCACTTGT-1	1	64	30	22679	28720	tumor_like	medium	1	1	0	0	0	0	0	0	0	0	0	0
TCGTAACCTACCACAA-1	1	21	71	26722	21233	tumor_like	medium	1	1	0	0	0	0	0	0	0	0	0	0
TCGTAACCTTCAAGCT-1	1	39	175	37165	24264	tumor_like	medium	1	1	20	5	0	0	2	0	7	1.4	1	5
TCGTAACCTTGAGCGA-1	1	57	81	27777	27463	tumor_like	medium	1	1	12	0	0	0	3	0	3	0.6	0	0
TCGTAGACATGGTTGA-1	1	86	206	40339	32382	tumor_like	medium	1	1	12	0	0	0	3	0	3	0.6	0	0
TCGTAGTCCAATGTCT-1	1	2	114	31001	17906	tumor_like	medium	1	1	2	1	0	1	1	0	3	0.6	1	1
TCGTATACGGAGACTC-1	1	64	108	30491	28654	tumor_like	medium	1	1	46	3	0	0	4	0	7	1.4	1	3
TCGTATACTCTTAGCG-1	1	103	149	34655	35375	tumor_like	medium	1	1	19	0	0	0	5	0	5	1	0	0
TCGTATAGGTTAGCAT-1	1	94	108	30535	33852	tumor_like	medium	1	1	40	1	0	0	5	0	6	1.2	1	1
TCGTATCAGACGGCGA-1	1	92	70	26726	33538	tumor_like	medium	1	1	144	6	0	0	21	0	27	5.4	1	6
TCGTATCGACTATGGT-1	1	59	209	40599	27700	tumor_like	medium	1	1	50	1	0	0	8	0	9	1.8	1	1
TCGTATCGGCGAGGAC-1	1	88	162	35935	32766	tumor_like	medium	1	1	29	2	0	0	5	0	7	1.4	1	2
TCGTATCGGTTAATTC-1	1	96	142	33944	34169	tumor_like	medium	1	1	77	1	0	0	9	0	10	2	1	1
TCGTATGCACTCGACG-1	1	72	128	32506	30023	tumor_like	medium	1	1	30	6	0	0	5	0	11	2.2	1	6
TCGTATGTATAATTCA-1	1	105	107	30451	35757	tumor_like	medium	1	1	103	6	2	0	8	0	16	3.2	1	6
TCGTATGTGCACTGGA-1	1	112	96	29360	36981	tumor_like	medium	1	1	32	10	0	1	8	0	19	3.8	1	10
TCGTATTAGAGTATTA-1	1	1	167	36307	17686	tumor_like	medium	1	1	12	0	0	0	0	0	0	0	0	0
TCGTATTCGAGGTAAC-1	1	107	51	24846	36152	tumor_like	medium	1	1	168	8	0	0	17	0	25	5	1	8
TCGTCAAGTCGCTACG-1	1	86	210	40739	32378	tumor_like	medium	1	1	22	0	0	0	2	0	2	0.4	0	0
TCGTCACGATCGAGTT-1	1	17	57	25314	20552	tumor_like	medium	1	1	0	0	0	0	1	0	1	0.2	0	0
TCGTCACGGCTATGAA-1	1	53	47	24365	26799	tumor_like	medium	1	1	1	0	0	0	0	0	0	0	0	0
TCGTCAGAACCTGTAA-1	1	89	137	33432	32960	tumor_like	medium	1	1	27	1	0	0	2	0	3	0.6	1	1
TCGTCAGAACGCCGCT-1	1	97	147	34446	34337	tumor_like	medium	1	1	32	0	0	1	2	0	3	0.6	0	0
TCGTCAGGAATTCACT-1	1	13	147	34322	19782	tumor_like	medium	1	1	15	0	0	0	2	0	2	0.4	0	0
TCGTCAGGCTTCACAG-1	1	116	60	25760	37705	tumor_like	medium	1	1	101	5	0	0	7	0	12	2.4	1	5
TCGTCAGTCCGACAAC-1	1	119	61	25865	38223	tumor_like	medium	1	1	169	8	1	0	26	0	35	7	1	8
TCGTCAGTCGTATCTT-1	1	106	60	25746	35972	tumor_like	medium	1	1	153	13	2	0	19	0	34	6.8	1	13
TCGTCATCAGAAGCCA-1	1	71	37	23390	29926	tumor_like	medium	1	1	1	3	0	0	1	0	4	0.8	1	1
TCGTCATCCGAGTTAT-1	1	82	202	39932	31692	tumor_like	medium	1	1	30	0	0	0	3	0	3	0.6	0	0
TCGTCATCTGTAGAGC-1	1	8	54	25000	18996	tumor_like	medium	1	1	0	0	0	0	0	0	0	0	0	0
TCGTCATGCGACAACG-1	1	112	82	27958	36993	tumor_like	medium	1	1	124	8	0	0	15	0	23	4.6	1	8
TCGTCCATGGTTAGGA-1	1	54	132	32880	26900	tumor_like	medium	1	1	15	4	0	0	6	0	10	2	1	4
TCGTCCTCGGAGATTG-1	1	3	37	23290	18144	tumor_like	medium	1	1	0	0	0	0	0	0	0	0	0	0
TCGTCTGACCGTATCG-1	1	35	39	23537	23687	tumor_like	medium	1	1	0	1	0	0	1	0	2	0.4	0	0
TCGTCTGTCTTACGGC-1	1	72	62	25896	30079	tumor_like	medium	1	1	34	0	0	0	5	0	5	1	0	0
TCGTGAACGTAGGCCA-1	1	9	203	39925	19042	tumor_like	medium	1	1	12	2	0	0	0	0	2	0.4	1	2
TCGTGACATTAACTCC-1	1	41	211	40773	24579	tumor_like	medium	1	1	4	3	0	0	2	0	5	1	1	3
TCGTGACTATCAGGAC-1	1	1	157	35306	17695	tumor_like	medium	1	1	19	0	0	0	1	0	1	0.2	0	0
TCGTGATCCAAGCGTC-1	1	59	79	27579	27811	tumor_like	medium	1	1	1	1	0	0	0	0	1	0.2	1	1
TCGTGCCTTCGTCAGA-1	1	81	61	25809	31638	tumor_like	medium	1	1	53	1	1	0	16	1	19	3.8	1	1
TCGTGCGTCCGTTGCC-1	1	73	111	30805	30209	tumor_like	medium	1	1	12	0	0	0	2	0	2	0.4	0	0
TCGTGGCGCAATGTAG-1	1	48	174	37078	25825	tumor_like	medium	1	1	12	5	0	0	2	0	7	1.4	1	5
TCGTTGACCAGTCTAA-1	1	115	89	28663	37506	tumor_like	medium	1	1	37	12	0	0	7	0	19	3.8	1	12
TCGTTGGTGCGAACCG-1	1	96	96	29336	34208	tumor_like	medium	1	1	181	12	3	0	24	1	40	8	1	12
TCTAACAAGCACCATC-1	1	65	161	35801	28781	tumor_like	medium	1	1	5	0	0	0	3	0	3	0.6	0	0
TCTAACCAAGCGATAC-1	1	83	159	35627	31901	tumor_like	medium	1	1	40	4	0	0	7	0	11	2.2	1	4
TCTAACTTGTCCAGAT-1	1	72	30	22691	30106	tumor_like	medium	1	1	0	0	0	0	0	0	0	0	0	0
TCTACAACCTCCACTG-1	1	19	175	37135	20798	tumor_like	medium	1	1	9	0	0	0	2	0	2	0.4	0	0
TCTACAACCTTAGTCG-1	1	38	124	32055	24135	tumor_like	medium	1	1	3	1	0	0	0	0	1	0.2	1	1
TCTACAAGACTCGGTA-1	1	73	217	41421	30119	tumor_like	medium	1	1	14	7	0	0	0	0	7	1.4	1	7
TCTACACTACAGTTAG-1	1	88	44	24116	32867	tumor_like	medium	1	1	98	5	2	0	7	1	15	3	1	5
TCTACACTTAATTGAA-1	1	67	201	39810	29093	tumor_like	medium	1	1	20	1	0	0	2	0	3	0.6	1	1
TCTACAGAGTCACTCA-1	1	59	25	22171	27857	tumor_like	medium	1	1	0	0	0	0	0	0	0	0	0	0
TCTACAGATTGATGAG-1	1	57	205	40196	27357	tumor_like	medium	1	1	11	0	0	0	4	0	4	0.8	0	0
TCTACAGCAATATCGT-1	1	87	161	35833	32593	tumor_like	medium	1	1	46	1	0	0	4	0	5	1	1	1
TCTACAGCCACGGCCA-1	1	5	215	41121	18338	tumor_like	medium	1	1	2	0	0	0	1	0	1	0.2	0	0
TCTACAGGTATCACTA-1	1	73	41	23794	30269	tumor_like	medium	1	1	15	0	0	0	2	0	2	0.4	0	0
TCTACATATGAAGAGT-1	1	111	119	31662	36787	tumor_like	medium	1	1	40	2	0	0	6	0	8	1.6	1	2
TCTACATGAATTCATA-1	1	77	131	32814	30885	tumor_like	medium	1	1	29	10	0	0	4	0	14	2.8	1	10
TCTACATGGTCGAGGA-1	1	72	110	30703	30038	tumor_like	medium	1	1	29	1	1	0	4	0	6	1.2	1	1
TCTACATTCTTGCCGA-1	1	89	63	26021	33023	tumor_like	medium	1	1	61	8	0	0	5	0	13	2.6	1	8
TCTACATTGCAAGTCG-1	1	73	97	29403	30221	tumor_like	medium	1	1	24	0	0	0	3	0	3	0.6	0	0
TCTACCGATGCGACGC-1	1	62	134	33092	28285	tumor_like	medium	1	1	41	13	1	0	6	0	20	4	1	13
TCTACGAACATATCCA-1	1	117	3	20053	37925	tumor_like	medium	1	1	39	5	2	0	8	0	15	3	1	5
TCTACGACATGTATGT-1	1	79	209	40629	31165	tumor_like	medium	1	1	84	0	0	0	6	0	6	1.2	0	0
TCTACGCAGATACTTC-1	1	96	8	20523	34283	tumor_like	medium	1	1	14	0	0	0	0	0	0	0	0	0
TCTACGCATCAGTCCG-1	1	100	122	31946	34879	tumor_like	medium	1	1	116	16	2	0	10	0	28	5.6	1	16
TCTACGGCACCTGTCG-1	1	72	202	39918	29960	tumor_like	medium	1	1	7	0	0	0	1	0	1	0.2	0	0
TCTACGGTCAGTTATG-1	1	24	120	31634	21712	tumor_like	medium	1	1	11	2	0	0	1	0	3	0.6	1	2
TCTACTAGCGGTCACG-1	1	66	90	28691	29015	tumor_like	medium	1	1	107	1	0	0	6	0	7	1.4	1	1
TCTACTAGGTCGGCGT-1	1	86	90	28721	32481	tumor_like	medium	1	1	61	2	0	0	11	0	13	2.6	1	2
TCTACTAGTGCGCTGG-1	1	80	154	35122	31387	tumor_like	medium	1	1	28	2	0	0	3	0	5	1	1	2
TCTACTGCGTTACTGG-1	1	69	47	24389	29571	tumor_like	medium	1	1	11	1	1	0	0	0	2	0.4	1	1
TCTACTGCTTGGCGGT-1	1	106	80	27749	35955	tumor_like	medium	1	1	129	6	2	0	18	0	26	5.2	1	6
TCTACTGTATGACCTG-1	1	79	107	30413	31252	tumor_like	medium	1	1	28	2	0	0	1	0	3	0.6	1	2
TCTACTGTATGGTACA-1	1	24	124	32035	21709	tumor_like	medium	1	1	12	2	0	0	1	0	3	0.6	1	2
TCTACTGTGGCCGTCA-1	1	58	192	38895	27542	tumor_like	medium	1	1	5	0	0	0	2	0	2	0.4	0	0
TCTACTGTTATTGGCT-1	1	127	95	29282	39580	tumor_like	medium	1	1	15	5	0	0	8	0	13	2.6	1	5
TCTACTTACGGCTCGG-1	1	87	185	38237	32572	tumor_like	medium	1	1	16	3	0	0	3	0	6	1.2	1	3
TCTACTTATCAGTGTT-1	1	100	100	29743	34898	tumor_like	medium	1	1	103	3	0	0	10	0	13	2.6	1	3
TCTAGAACGCCACCAG-1	1	121	15	21261	38608	tumor_like	medium	1	1	43	11	0	0	6	0	17	3.4	1	11
TCTAGAATCTTATGGC-1	1	98	168	36551	34494	tumor_like	medium	1	1	8	1	0	0	1	0	2	0.4	1	1
TCTAGAATGATCCTTC-1	1	108	172	36966	36223	ambiguous_or_low_signal	low	0	0	0	0	0	0	0	0	0	0	0	0
TCTAGACGAACGTGGA-1	1	27	215	41153	22150	tumor_like	medium	1	1	7	0	0	0	0	0	0	0	0	0
TCTAGAGCTACTAGTG-1	1	40	204	40071	24413	tumor_like	medium	1	1	2	1	0	0	0	0	1	0.2	1	1
TCTAGAGCTCACGCTC-1	1	10	104	30011	19300	tumor_like	medium	1	1	4	1	0	0	1	0	2	0.4	1	1
TCTAGAGGATCCGTCA-1	1	30	68	26435	22796	tumor_like	medium	1	1	0	0	0	0	0	0	0	0	0	0
TCTAGATACACTCAAC-1	1	91	215	41248	33240	tumor_like	medium	1	1	62	0	0	0	8	1	9	1.8	0	0
TCTAGATAGTTGGCAT-1	1	63	75	27184	28507	tumor_like	medium	1	1	2	1	0	0	0	0	1	0.2	1	1
TCTAGCAGGAACTCCA-1	1	91	161	35839	33286	tumor_like	medium	1	1	29	0	1	0	1	0	2	0.4	0	0
TCTAGCGAGCTGATGT-1	1	103	49	24639	35460	tumor_like	medium	1	1	173	6	1	1	23	0	31	6.2	1	6
TCTAGCGAGTGCTACT-1	1	53	143	33980	26717	tumor_like	medium	1	1	2	0	0	0	0	0	0	0	0	0
TCTAGCTCCGCTGCTA-1	1	79	205	40228	31169	tumor_like	medium	1	1	23	0	0	0	3	0	3	0.6	0	0
TCTAGCTCTTGGTTAA-1	1	23	107	30330	21549	tumor_like	medium	1	1	5	1	0	0	3	0	4	0.8	1	1
TCTAGGACCGAACTGA-1	1	83	179	37630	31884	tumor_like	medium	1	1	18	3	0	0	1	0	4	0.8	1	3
TCTAGGACCTACGGCA-1	1	13	111	30716	19813	tumor_like	medium	1	1	8	5	0	0	1	0	6	1.2	1	5
TCTAGGACTATGGCGA-1	1	83	121	31821	31934	tumor_like	medium	1	1	59	4	0	0	5	0	9	1.8	1	4
TCTAGGTTAGGCTATG-1	1	94	188	38548	33783	tumor_like	medium	1	1	0	0	0	0	0	0	0	0	0	0
TCTAGGTTGTTACATT-1	1	18	58	25415	20726	tumor_like	medium	1	1	0	0	0	0	0	0	0	0	0	0
TCTAGTAAGGCATAGC-1	1	93	123	32036	33665	tumor_like	medium	1	1	83	5	0	0	5	0	10	2	1	5
TCTAGTCTTCGTCACT-1	1	91	127	32434	33315	tumor_like	medium	1	1	35	0	0	1	4	0	5	1	0	0
TCTATCCAGATCTGGC-1	1	18	118	31425	20675	tumor_like	medium	1	1	3	0	0	0	0	1	1	0.2	0	0
TCTATCCTCGACGTTA-1	1	84	146	34327	32087	tumor_like	medium	1	1	32	2	0	0	7	0	9	1.8	1	2
TCTATCGGATTAGTGG-1	1	114	100	29764	37324	tumor_like	medium	1	1	25	3	1	0	2	0	6	1.2	1	3
TCTATCGGCCGTGCGG-1	1	59	215	41200	27695	tumor_like	medium	1	1	22	3	1	0	3	0	7	1.4	1	3
TCTATCTTAGTAGATG-1	1	112	90	28759	36986	tumor_like	medium	1	1	32	2	0	0	7	0	9	1.8	1	2
TCTATGACTGACGCAA-1	1	86	140	33729	32438	tumor_like	medium	1	1	66	3	0	0	3	0	6	1.2	1	3
TCTATGCCATAGACCT-1	1	100	66	26338	34927	tumor_like	medium	1	1	118	58	0	0	22	0	80	16	1	58
TCTATGCTTAGAGTGG-1	1	118	78	27566	38036	tumor_like	medium	1	1	56	10	0	0	11	0	21	4.2	1	10
TCTATGGAATCGCACT-1	1	70	16	21286	29772	tumor_like	medium	1	1	0	0	0	0	0	0	0	0	0	0
TCTATGGAGCTCATAG-1	1	12	204	40029	19562	tumor_like	medium	1	1	0	3	0	0	0	0	3	0.6	0	0
TCTATTCGGCTCTAAT-1	1	4	96	29201	18268	tumor_like	medium	1	1	0	2	0	0	0	0	2	0.4	0	0
TCTATTCGGCTTCGCA-1	1	116	0	19751	37756	tumor_like	medium	1	1	32	15	2	0	9	0	26	5.2	1	15
TCTATTGAAGTGAGTC-1	1	21	205	40143	21119	tumor_like	medium	1	1	0	1	0	0	0	0	1	0.2	0	0
TCTATTGGTAGACAAG-1	1	7	147	34313	18743	tumor_like	medium	1	1	6	0	0	0	1	1	2	0.4	0	0
TCTATTGTGAACCGCT-1	1	94	212	40952	33763	ambiguous_or_low_signal	low	0	0	0	0	0	0	0	0	0	0	0	0
TCTGAACGAACACCTT-1	1	122	94	29174	38715	tumor_like	medium	1	1	37	5	0	0	5	0	10	2	1	5
TCTGATCCAATTGTGA-1	1	32	188	38456	23041	tumor_like	medium	1	1	9	8	0	0	2	0	10	2	1	8
TCTGATCCTAATAGAA-1	1	72	190	38716	29970	tumor_like	medium	1	1	28	0	0	0	4	0	4	0.8	0	0
TCTGATGCTGGTGAAC-1	1	123	3	20062	38965	tumor_like	medium	1	1	18	5	0	0	1	0	6	1.2	1	5
TCTGATTCAAGACAAT-1	1	93	189	38647	33608	tumor_like	medium	1	1	1	0	0	0	0	1	1	0.2	0	0
TCTGCAACTCCTAGGC-1	1	2	18	21386	17988	tumor_like	medium	1	1	0	0	0	0	0	0	0	0	0	0
TCTGCAAGCTCGGTGC-1	1	48	62	25860	25920	tumor_like	medium	1	1	5	0	0	0	0	0	0	0	0	0
TCTGCAAGGTTATCGC-1	1	29	109	30540	22587	tumor_like	medium	1	1	0	0	0	0	0	0	0	0	0	0
TCTGCACGCAACGCAG-1	1	41	59	25549	24709	tumor_like	medium	1	1	0	0	0	0	0	0	0	0	0	0
TCTGCATGAAGGAAGA-1	1	42	34	23047	24905	ambiguous_or_low_signal	low	0	0	0	0	0	0	0	0	0	0	0	0
TCTGCCAAGGAACGCA-1	1	111	47	24451	36848	tumor_like	medium	1	1	607	20	1	0	56	0	77	15.4	1	20
TCTGCCATTGTTCTCG-1	1	44	22	21848	25261	tumor_like	medium	1	1	62	0	0	0	2	0	2	0.4	0	0
TCTGCCGAATCTAGCC-1	1	105	95	29250	35768	tumor_like	medium	1	1	118	15	0	0	13	0	28	5.6	1	15
TCTGCGAGTCTGTATT-1	1	8	18	21394	19027	ambiguous_or_low_signal	low	0	0	0	0	0	0	0	0	0	0	0	0
TCTGCGAGTTGGTTAA-1	1	69	191	38811	29448	tumor_like	medium	1	1	29	0	0	0	6	0	6	1.2	0	0
TCTGCGGCGTGGTATT-1	1	59	137	33388	27761	tumor_like	medium	1	1	79	6	0	0	5	0	11	2.2	1	6
TCTGGATACGTCGGAT-1	1	103	85	28245	35430	tumor_like	medium	1	1	167	13	2	0	18	0	33	6.6	1	13
TCTGGTCAGTAGGTTG-1	1	1	37	23287	17797	tumor_like	medium	1	1	0	0	0	0	0	0	0	0	0	0
TCTGGTCATATCAGAT-1	1	19	117	31326	20848	tumor_like	medium	1	1	9	0	0	0	2	0	2	0.4	0	0
TCTGGTCCTTATCATG-1	1	18	70	26617	20715	tumor_like	medium	1	1	0	0	0	0	0	0	0	0	0	0
TCTGGTCGCCGACGTC-1	1	116	134	33172	37641	tumor_like	medium	1	1	4	0	0	0	1	0	1	0.2	0	0
TCTGGTCGCCTGGTGC-1	1	95	111	30837	34021	tumor_like	medium	1	1	103	1	0	0	15	1	17	3.4	1	1
TCTGGTCGTTAGGCGA-1	1	55	25	22165	27164	tumor_like	medium	1	1	0	1	0	0	0	0	1	0.2	0	0
TCTGGTCTCAATTGAT-1	1	20	120	31628	21019	tumor_like	medium	1	1	16	1	0	0	2	0	3	0.6	1	1
TCTGTATCGTTAACTA-1	1	125	139	33686	39196	tumor_like	medium	1	1	25	0	0	2	1	0	3	0.6	0	0
TCTGTTCAGTGAACCT-1	1	18	206	40239	20599	tumor_like	medium	1	1	1	0	0	0	1	0	1	0.2	0	0
TCTTAACTCGTCGGCT-1	1	74	30	22694	30453	tumor_like	medium	1	1	0	0	0	0	0	0	0	0	0	0
TCTTACATACAATTAG-1	1	86	0	19707	32558	tumor_like	medium	1	1	25	3	0	0	4	0	7	1.4	1	3
TCTTACATAGGTCTTC-1	1	83	193	39032	31872	tumor_like	medium	1	1	25	7	2	1	5	0	15	3	1	7
TCTTACATGAATAACC-1	1	79	79	27609	31276	tumor_like	medium	1	1	27	0	0	0	2	0	2	0.4	0	0
TCTTACATGTTAACAG-1	1	12	56	25206	19688	tumor_like	medium	1	1	0	0	0	0	0	0	0	0	0	0
TCTTACCAGGTCTGTA-1	1	108	60	25748	36318	tumor_like	medium	1	1	167	4	0	0	25	0	29	5.8	1	4
TCTTACGAACTAAGAA-1	1	82	154	35125	31733	tumor_like	medium	1	1	39	0	0	0	1	0	1	0.2	0	0
TCTTACGAATGGTATC-1	1	0	136	33201	17540	tumor_like	medium	1	1	3	3	0	0	1	0	4	0.8	1	3
TCTTACGACAGCGGAG-1	1	100	164	36153	34844	tumor_like	medium	1	1	14	1	0	0	2	1	4	0.8	1	1
TCTTACGACCTTGCCT-1	1	120	94	29172	38369	tumor_like	medium	1	1	51	12	0	1	2	0	15	3	1	12
TCTTACGAGGTTCTAA-1	1	15	113	30920	20158	tumor_like	medium	1	1	2	0	1	0	0	0	1	0.2	0	0
TCTTACGGCATATCGC-1	1	68	132	32901	29326	tumor_like	medium	1	1	47	1	0	0	1	0	2	0.4	1	1
TCTTACGGTTGTGCTT-1	1	42	62	25851	24881	tumor_like	medium	1	1	0	0	0	0	0	0	0	0	0	0
TCTTACTCCATAACCT-1	1	81	77	27411	31625	tumor_like	medium	1	1	32	3	0	0	3	0	6	1.2	1	3
TCTTACTCGCAACTGC-1	1	26	46	24225	22122	tumor_like	medium	1	1	0	0	0	0	0	0	0	0	0	0
TCTTACTGCCTGCGTC-1	1	42	214	41075	24751	tumor_like	medium	1	1	1	0	0	0	0	0	0	0	0	0
TCTTACTTACCTCCTG-1	1	72	102	29902	30045	tumor_like	medium	1	1	67	0	0	0	6	0	6	1.2	0	0
TCTTAGAATACTGCCA-1	1	47	167	36375	25657	tumor_like	medium	1	1	2	3	0	0	1	0	4	0.8	1	2
TCTTAGACAGTTCGAA-1	1	99	111	30843	34714	tumor_like	medium	1	1	97	2	0	0	8	0	10	2	1	2
TCTTAGACCTTACCGT-1	1	25	215	41150	21804	tumor_like	medium	1	1	1	0	0	0	2	0	2	0.4	0	0
TCTTAGACGAACGGAA-1	1	57	159	35589	27396	tumor_like	medium	1	1	5	6	0	0	1	0	7	1.4	1	5
TCTTAGGACATGTTAA-1	1	19	185	38137	20790	tumor_like	medium	1	1	35	0	0	0	7	0	7	1.4	0	0
TCTTAGGAGCCGTGGA-1	1	86	212	40940	32377	tumor_like	medium	1	1	40	3	0	0	7	0	10	2	1	3
TCTTAGGCTAGTACGT-1	1	70	196	39314	29618	tumor_like	medium	1	1	5	1	0	0	1	0	2	0.4	1	1
TCTTAGGCTCTACATC-1	1	92	140	33737	33478	tumor_like	medium	1	1	150	2	0	0	11	0	13	2.6	1	2
TCTTAGTAACTCGCTC-1	1	49	63	25962	26092	tumor_like	medium	1	1	2	0	0	1	1	0	2	0.4	0	0
TCTTAGTCGCACTGCC-1	1	121	121	31877	38518	tumor_like	medium	1	1	36	9	0	0	10	0	19	3.8	1	9
TCTTATCGCACGTTGT-1	1	124	120	31781	39040	tumor_like	medium	1	1	31	4	0	0	8	0	12	2.4	1	4
TCTTCGGTCGCTGCGA-1	1	73	141	33810	30184	tumor_like	medium	1	1	19	0	0	0	2	0	2	0.4	0	0
TCTTCGGTTGACTTAA-1	1	56	176	37290	27209	tumor_like	medium	1	1	1	8	0	0	1	0	9	1.8	1	1
TCTTGACACTTCCGCC-1	1	25	173	36944	21840	tumor_like	medium	1	1	10	0	0	0	3	0	3	0.6	0	0
TCTTGAGGACCATCTA-1	1	72	200	39717	29961	tumor_like	medium	1	1	4	0	0	0	2	0	2	0.4	0	0
TCTTGCACAGCAGGAA-1	1	54	54	25068	26967	tumor_like	medium	1	1	1	0	0	0	0	0	0	0	0	0
TCTTGCACGCTATCAT-1	1	113	1	19847	37234	tumor_like	medium	1	1	33	2	0	0	12	0	14	2.8	1	2
TCTTGCAGATCTTCAA-1	1	15	105	30118	20165	tumor_like	medium	1	1	4	3	0	0	1	0	4	0.8	1	3
TCTTGCATCCAACGAC-1	1	59	97	29382	27796	tumor_like	medium	1	1	30	0	0	1	0	0	1	0.2	0	0
TCTTGCATCCGCTCTA-1	1	93	143	34039	33648	tumor_like	medium	1	1	56	6	0	0	9	0	15	3	1	6
TCTTGCATGCTTGCCG-1	1	74	206	40321	30303	tumor_like	medium	1	1	10	0	1	0	2	0	3	0.6	0	0
TCTTGCCAACTCAACA-1	1	44	162	35870	25142	tumor_like	medium	1	1	20	7	0	0	2	0	9	1.8	1	7
TCTTGCCGTATCGCTG-1	1	42	150	34665	24806	tumor_like	medium	1	1	6	6	1	0	0	0	7	1.4	1	6
TCTTGCTAGGTTCCTG-1	1	19	119	31526	20846	tumor_like	medium	1	1	6	0	0	0	3	0	3	0.6	0	0
TCTTGCTGAAGCTCCG-1	1	24	110	30632	21721	tumor_like	medium	1	1	7	3	0	0	4	0	7	1.4	1	3
TCTTGTCGCCTCCATT-1	1	35	35	23137	23690	endothelial	medium	0	0	0	1	0	0	0	0	1	0.2	0	0
TCTTGTTAACCAGCGG-1	1	3	13	20886	18164	ambiguous_or_low_signal	low	0	0	0	0	0	0	0	0	0	0	0	0
TGAACAAGCGGCCGGT-1	1	58	118	31484	27605	tumor_like	medium	1	1	33	0	0	0	1	0	1	0.2	0	0
TGAACGAACCTGAGCC-1	1	64	90	28688	28669	tumor_like	medium	1	1	157	0	0	0	8	0	8	1.6	0	0
TGAACGAAGATGCCGG-1	1	79	181	37825	31189	tumor_like	medium	1	1	17	5	1	0	1	0	7	1.4	1	5
TGAACGAATAAGGCTA-1	1	74	216	41323	30294	tumor_like	medium	1	1	61	7	0	0	3	0	10	2	1	7
TGAACGATGTTGAGGA-1	1	67	125	32198	29158	tumor_like	medium	1	1	65	2	2	0	11	0	15	3	1	2
TGAACGCCTTACTCAA-1	1	63	45	24180	28533	tumor_like	medium	1	1	16	0	0	0	0	0	0	0	0	0
TGAACGGAACCATTAG-1	1	98	160	35749	34500	tumor_like	medium	1	1	28	6	0	0	7	0	13	2.6	1	6
TGAACGTGCGCAACTT-1	1	69	201	39813	29440	tumor_like	medium	1	1	46	4	0	0	1	0	5	1	1	4
TGAACGTGTTCTTAGT-1	1	74	140	33711	30359	tumor_like	medium	1	1	61	1	0	0	8	0	9	1.8	1	1
TGAACGTTAACTGATT-1	1	63	119	31591	28470	tumor_like	medium	1	1	29	1	0	0	1	0	2	0.4	1	1
TGAACTCCTATCGGTG-1	1	23	63	25924	21587	immune	medium	0	0	0	0	0	0	0	0	0	0	0	0
TGAACTGCACGCGTAA-1	1	112	170	36772	36918	tumor_like	medium	1	1	0	0	0	0	0	0	0	0	0	0
TGAACTGGATACGCCG-1	1	38	34	23041	24212	immune	medium	0	0	0	0	0	0	0	0	0	0	0	0
TGAAGAACAGGTATCA-1	1	97	63	26033	34409	tumor_like	medium	1	1	193	39	2	0	32	0	73	14.6	1	39
TGAAGAACGAACAGCA-1	1	99	7	20427	34803	tumor_like	medium	1	1	11	0	0	0	4	0	4	0.8	0	0
TGAAGAACGCTCCTGG-1	1	88	78	27522	32838	tumor_like	medium	1	1	173	4	0	0	10	0	14	2.8	1	4
TGAAGAATGTAAGGCC-1	1	107	163	36063	36056	tumor_like	medium	1	1	23	0	0	0	7	0	7	1.4	0	0
TGAAGACAAGCCTCGG-1	1	108	0	19739	36370	tumor_like	medium	1	1	20	3	0	0	1	0	4	0.8	1	3
TGAAGACCAGTCGGTT-1	1	9	155	35117	19083	tumor_like	medium	1	1	5	1	0	0	2	0	3	0.6	1	1
TGAAGATCGCTATCAG-1	1	1	213	40915	17647	tumor_like	medium	1	1	0	0	0	0	0	0	0	0	0	0
TGAAGATTGACAGGAA-1	1	97	165	36249	34322	tumor_like	medium	1	1	20	2	1	0	4	0	7	1.4	1	2
TGAAGTCTTGACAGCG-1	1	60	198	39499	27884	tumor_like	medium	1	1	22	0	0	0	1	0	1	0.2	0	0
TGAATACATTGGCCGA-1	1	62	58	25480	28350	tumor_like	medium	1	1	10	0	0	0	5	0	5	1	0	0
TGAATACCTAGTAAGT-1	1	112	118	31563	36962	tumor_like	medium	1	1	72	5	0	0	8	0	13	2.6	1	5
TGAATACTTAATTCCA-1	1	78	98	29510	31088	tumor_like	medium	1	1	30	0	0	0	6	0	6	1.2	0	0
TGAATACTTGTTATCT-1	1	73	49	24595	30262	tumor_like	medium	1	1	29	0	0	0	2	0	2	0.4	0	0
TGAATATGGTCCAATA-1	1	115	47	24457	37541	tumor_like	medium	1	1	262	19	3	1	25	0	48	9.6	1	19
TGAATGACGCTTGATC-1	1	45	149	34569	25325	tumor_like	medium	1	1	6	1	1	0	0	0	2	0.4	1	1
TGAATGCACTCAATGT-1	1	22	188	38442	21308	tumor_like	medium	1	1	48	5	3	0	4	0	12	2.4	1	5
TGAATGCCAAGTATTG-1	1	70	206	40315	29610	tumor_like	medium	1	1	22	0	1	0	1	0	2	0.4	0	0
TGAATGCCATTATCTT-1	1	124	46	24370	39103	tumor_like	medium	1	1	169	10	0	0	18	1	29	5.8	1	10
TGAATGCGCACGATCG-1	1	65	99	29591	28833	tumor_like	medium	1	1	57	2	0	0	3	0	5	1	1	2
TGAATGGATCCTCAGT-1	1	32	206	40259	23025	tumor_like	medium	1	1	1	1	0	0	3	0	4	0.8	1	1
TGAATGGCAGCTGTCA-1	1	68	46	24287	29399	tumor_like	medium	1	1	4	0	0	0	0	0	0	0	0	0
TGAATGGCGTGCCGCA-1	1	95	49	24628	34074	tumor_like	medium	1	1	251	43	2	0	17	0	62	12.4	1	43
TGAATGTACAGGTCAC-1	1	111	139	33665	36770	tumor_like	medium	1	1	19	0	0	0	1	0	1	0.2	0	0
TGAATGTTAGCACGTA-1	1	98	90	28738	34560	tumor_like	medium	1	1	200	8	1	0	24	1	34	6.8	1	8
TGAATGTTATGTCGAC-1	1	76	202	39923	30653	tumor_like	medium	1	1	14	1	0	0	2	0	3	0.6	1	1
TGAATTAACCGTTGCG-1	1	57	127	32384	27423	tumor_like	medium	1	1	38	6	0	0	0	0	6	1.2	1	6
TGAATTCAGGAAGTAG-1	1	20	66	26220	21065	ambiguous_or_low_signal	low	0	0	0	0	0	0	0	0	0	0	0	0
TGAATTCAGGTTCGAA-1	1	85	91	28819	32306	tumor_like	medium	1	1	63	3	0	0	12	0	15	3	1	3
TGACAGACTGAGTTAC-1	1	98	14	21127	34625	tumor_like	medium	1	1	9	0	0	0	2	0	2	0.4	0	0
TGACAGACTGCGCACG-1	1	104	16	21336	35663	tumor_like	medium	1	1	7	0	0	0	2	0	2	0.4	0	0
TGACAGCTTCGATGTA-1	1	66	114	31095	28995	tumor_like	medium	1	1	12	1	0	0	2	0	3	0.6	1	1
TGACAGCTTGTCGACA-1	1	85	107	30422	32292	tumor_like	medium	1	1	40	2	0	0	3	0	5	1	1	2
TGACATCATACCTGCC-1	1	75	139	33612	30532	tumor_like	medium	1	1	35	6	0	0	6	0	12	2.4	1	6
TGACATTATGTTGCTA-1	1	35	113	30949	23623	tumor_like	medium	1	1	0	0	0	0	0	0	0	0	0	0
TGACCAACGAATTACT-1	1	88	124	32129	32798	tumor_like	medium	1	1	89	1	0	0	13	0	14	2.8	1	1
TGACCAATACTGCGAG-1	1	110	134	33163	36602	tumor_like	medium	1	1	14	0	0	0	5	0	5	1	0	0
TGACCAATAGAACAGC-1	1	97	73	27034	34400	tumor_like	medium	1	1	328	44	3	0	35	0	82	16.4	1	44
TGACCAATCGGTATCT-1	1	95	117	31438	34016	tumor_like	medium	1	1	35	7	0	0	4	0	11	2.2	1	7
TGACCAATGGATCCTT-1	1	94	152	34942	33814	tumor_like	medium	1	1	41	9	0	0	5	0	14	2.8	1	9
TGACCAGCACGGATCA-1	1	23	133	32934	21527	tumor_like	medium	1	1	47	2	0	0	1	0	3	0.6	1	2
TGACCAGGTCCGAAGG-1	1	63	215	41206	28388	tumor_like	medium	1	1	51	19	1	0	12	0	32	6.4	1	19
TGACCAGGTCTATTAG-1	1	52	50	24664	26624	tumor_like	medium	1	1	1	0	0	0	0	1	1	0.2	0	0
TGACCAGTCACTAGGT-1	1	8	48	24399	19002	tumor_like	medium	1	1	1	0	0	0	0	0	0	0	0	0
TGACCATCCGGCGTCC-1	1	58	160	35690	27570	tumor_like	medium	1	1	7	26	2	0	2	0	30	6	1	7
TGACCATTACATAACT-1	1	82	158	35525	31730	tumor_like	medium	1	1	51	2	0	0	5	0	7	1.4	1	2
TGACCATTCACCATAC-1	1	106	138	33558	35905	tumor_like	medium	1	1	14	0	0	0	3	0	3	0.6	0	0
TGACCATTCAGGCGAA-1	1	101	111	30846	35061	tumor_like	medium	1	1	174	17	1	0	13	0	31	6.2	1	17
TGACCATTGCTCGATA-1	1	60	156	35293	27920	tumor_like	medium	1	1	11	9	3	0	2	0	14	2.8	1	9
TGACCTCCGGATAACC-1	1	91	97	29429	33340	tumor_like	medium	1	1	126	5	0	0	18	0	23	4.6	1	5
TGACGCCTATTGTCGG-1	1	41	23	21944	24740	tumor_like	medium	1	1	12	0	0	0	1	0	1	0.2	0	0
TGACGCCTCATCCGCC-1	1	101	103	30045	35068	tumor_like	medium	1	1	164	8	0	0	10	0	18	3.6	1	8
TGACGCCTTAGTTACG-1	1	80	150	34721	31390	tumor_like	medium	1	1	19	3	0	0	10	0	13	2.6	1	3
TGACGGCAATTCCGTC-1	1	102	142	33952	35209	tumor_like	medium	1	1	47	5	0	0	3	0	8	1.6	1	5
TGACGGCACCTAAGGC-1	1	42	60	25651	24883	tumor_like	medium	1	1	1	1	0	0	0	0	1	0.2	1	1
TGACGGCGACGCCACT-1	1	73	207	40420	30128	tumor_like	medium	1	1	10	1	0	1	1	0	3	0.6	1	1
TGACGGCGCATGTCTG-1	1	22	184	38041	21311	tumor_like	medium	1	1	16	5	1	0	1	0	7	1.4	1	5
TGACTCAACAAGTCGC-1	1	43	189	38573	24945	tumor_like	medium	1	1	7	17	0	0	0	0	17	3.4	1	7
TGACTGTCGGCTCCAT-1	1	116	150	34774	37628	ambiguous_or_low_signal	low	0	0	0	0	0	0	0	0	0	0	0	0
TGACTTGAGCTACAAC-1	1	14	108	30417	19990	tumor_like	medium	1	1	10	6	0	0	3	0	9	1.8	1	6
TGACTTGAGTCTTGTT-1	1	97	93	29037	34383	tumor_like	medium	1	1	196	20	1	1	17	0	39	7.8	1	20
TGACTTGCTAACGAAT-1	1	45	155	35170	25320	tumor_like	medium	1	1	12	7	0	0	4	0	11	2.2	1	7
TGAGAACATTCTCAGC-1	1	107	147	34461	36070	tumor_like	medium	1	1	9	4	0	0	1	0	5	1	1	4
TGAGAAGGAATGTCTA-1	1	0	214	41013	17474	tumor_like	medium	1	1	1	0	0	0	0	0	0	0	0	0
TGAGAAGGAGCTTCCT-1	1	84	182	37932	32056	tumor_like	medium	1	1	9	6	0	0	0	0	6	1.2	1	6
TGAGAATTACGTGCCG-1	1	57	147	34387	27406	tumor_like	medium	1	1	24	3	0	0	4	0	7	1.4	1	3
TGAGACGTCCGATCAC-1	1	102	158	35555	35195	tumor_like	medium	1	1	16	2	0	0	2	0	4	0.8	1	2
TGAGACGTTACGCCGA-1	1	88	72	26921	32843	tumor_like	medium	1	1	130	4	0	0	22	0	26	5.2	1	4
TGAGACTAGTCTGTCG-1	1	101	89	28643	35080	tumor_like	medium	1	1	154	11	0	0	13	0	24	4.8	1	11
TGAGCACGACCGGTCT-1	1	78	64	26105	31117	tumor_like	medium	1	1	27	0	0	0	2	0	2	0.4	0	0
TGAGCACGTACCGCTA-1	1	32	170	36654	23056	tumor_like	medium	1	1	27	1	0	0	3	0	4	0.8	1	1
TGAGCAGACCTCGTCA-1	1	47	145	34172	25675	tumor_like	medium	1	1	3	1	0	0	0	0	1	0.2	1	1
TGAGCAGACTGTCGCT-1	1	24	198	39446	21646	tumor_like	medium	1	1	52	0	0	0	13	0	13	2.6	0	0
TGAGCAGATGGCTATG-1	1	106	46	24343	35984	tumor_like	medium	1	1	253	12	0	0	30	0	42	8.4	1	12
TGAGCATGTAGCATTG-1	1	63	223	42008	28381	tumor_like	medium	1	1	151	38	1	0	40	1	80	16	1	38
TGAGCCAGTTCCTTCA-1	1	83	131	32823	31925	tumor_like	medium	1	1	29	3	0	0	4	0	7	1.4	1	3
TGAGCCATCGGAGCCT-1	1	24	40	23621	21781	tumor_like	medium	1	1	0	0	0	0	0	0	0	0	0	0
TGAGCCTACGCCGAAT-1	1	68	118	31499	29338	tumor_like	medium	1	1	29	0	0	0	4	0	4	0.8	0	0
TGAGCCTAGCTTACAA-1	1	59	77	27379	27813	stroma_fibroblast	medium	0	0	0	2	0	0	1	0	3	0.6	0	0
TGAGCGCCTGCTATAC-1	1	98	82	27937	34567	tumor_like	medium	1	1	190	7	1	0	31	0	39	7.8	1	7
TGAGCGCTCAGATGGC-1	1	1	79	27494	17761	tumor_like	medium	1	1	1	0	0	0	0	0	0	0	0	0
TGAGCTGAACGACAAG-1	1	12	164	36023	19596	tumor_like	medium	1	1	26	0	0	0	7	0	7	1.4	0	0
TGAGCTTGAGATTCGT-1	1	93	49	24625	33728	tumor_like	medium	1	1	138	31	0	0	8	0	39	7.8	1	31
TGAGCTTGGACTATCA-1	1	47	51	24757	25756	tumor_like	medium	1	1	0	0	0	0	0	0	0	0	0	0
TGAGGAACGTAGGATT-1	1	23	51	24722	21597	tumor_like	medium	1	1	0	0	0	0	0	0	0	0	0	0
TGAGGAATTATCCTTA-1	1	52	150	34680	26538	tumor_like	medium	1	1	0	2	0	0	2	0	4	0.8	0	0
TGAGGATGGACTTACC-1	1	115	103	30066	37494	tumor_like	medium	1	1	32	4	0	0	3	0	7	1.4	1	4
TGAGGCACGGAACGAA-1	1	114	72	26959	37348	tumor_like	medium	1	1	137	5	0	0	17	0	22	4.4	1	5
TGAGGCAGAACCGTCG-1	1	18	114	31024	20678	tumor_like	medium	1	1	6	2	0	0	0	1	3	0.6	1	2
TGAGGCATTATCTACC-1	1	76	82	27905	30755	tumor_like	medium	1	1	15	0	0	0	3	0	3	0.6	0	0
TGAGGCCACTGCCATG-1	1	18	62	25816	20722	tumor_like	medium	1	1	1	0	0	0	0	0	0	0	0	0
TGAGGTAACCAGCGTG-1	1	111	93	29058	36809	tumor_like	medium	1	1	38	9	0	0	3	0	12	2.4	1	9
TGAGGTAAGTTCTGGC-1	1	41	159	35565	24624	tumor_like	medium	1	1	17	6	0	0	6	0	12	2.4	1	6
TGAGGTACAGTCAGTC-1	1	49	173	36979	25998	tumor_like	medium	1	1	2	11	1	0	4	0	16	3.2	1	2
TGAGGTACATAATTGG-1	1	110	154	35166	36585	tumor_like	medium	1	1	1	0	0	0	0	0	0	0	0	0
TGAGGTACGCGATCAA-1	1	25	195	39147	21821	tumor_like	medium	1	1	79	0	0	0	12	0	12	2.4	0	0
TGAGGTACGCTCGAAG-1	1	107	61	25847	36143	tumor_like	medium	1	1	211	9	2	0	31	0	42	8.4	1	9
TGAGGTAGCACGTGGT-1	1	65	109	30593	28825	tumor_like	medium	1	1	55	8	0	0	9	0	17	3.4	1	8
TGAGGTCGTTGGAATC-1	1	83	199	39633	31867	tumor_like	medium	1	1	39	3	0	0	0	0	3	0.6	1	3
TGAGGTGAGTCGCTTA-1	1	87	61	25818	32678	tumor_like	medium	1	1	31	2	0	0	8	0	10	2	1	2
TGAGGTGCCATACTGG-1	1	35	169	36558	23576	tumor_like	medium	1	1	130	10	2	0	9	0	21	4.2	1	10
TGAGGTGGATTACGTG-1	1	29	201	39754	22509	tumor_like	medium	1	1	3	0	0	0	1	0	1	0.2	0	0
TGAGGTTAGTATTCAC-1	1	55	157	35385	27051	tumor_like	medium	1	1	6	11	0	0	2	0	13	2.6	1	6
TGAGTACGAAGAGTTG-1	1	112	164	36171	36923	tumor_like	medium	1	1	0	0	0	0	0	0	0	0	0	0
TGAGTATGTCTAGGCT-1	1	125	105	30281	39225	tumor_like	medium	1	1	26	1	0	0	10	0	11	2.2	1	1
TGAGTCCATAGGCATA-1	1	75	151	34814	30522	tumor_like	medium	1	1	24	0	0	0	3	0	3	0.6	0	0
TGAGTCGCGATATTAC-1	1	41	61	25750	24707	tumor_like	medium	1	1	0	1	0	0	0	0	1	0.2	0	0
TGAGTGAGACATCATA-1	1	3	33	22889	18147	ambiguous_or_low_signal	low	0	0	0	0	0	0	0	0	0	0	0	0
TGAGTGAGCCGCATTA-1	1	81	205	40231	31515	tumor_like	medium	1	1	36	2	0	0	6	0	8	1.6	1	2
TGAGTGGCCTGGAGGT-1	1	54	158	35484	26878	tumor_like	medium	1	1	15	6	1	0	1	0	8	1.6	1	6
TGAGTGTCGGTCGTGC-1	1	104	158	35558	35542	tumor_like	medium	1	1	18	0	0	0	8	0	8	1.6	0	0
TGAGTTAAGATCACGA-1	1	59	153	34991	27748	tumor_like	medium	1	1	14	1	0	0	0	0	1	0.2	1	1
TGAGTTCTAACTACTT-1	1	69	49	24589	29569	tumor_like	medium	1	1	12	0	0	0	3	0	3	0.6	0	0
TGAGTTCTTACCTGAA-1	1	52	112	30874	26571	tumor_like	medium	1	1	36	5	0	0	1	0	6	1.2	1	5
TGAGTTGACACTTAAC-1	1	102	90	28744	35253	tumor_like	medium	1	1	211	15	0	0	17	0	32	6.4	1	15
TGAGTTGACAGAATCT-1	1	116	16	21353	37742	tumor_like	medium	1	1	22	4	0	0	6	0	10	2	1	4
TGAGTTGGCACCGCGA-1	1	9	217	41327	19030	tumor_like	medium	1	1	0	0	0	0	0	0	0	0	0	0
TGAGTTGTCGGTTATG-1	1	0	114	30998	17559	tumor_like	medium	1	1	7	0	0	0	2	0	2	0.4	0	0
TGATACGTCGAATGTT-1	1	58	212	40898	27525	tumor_like	medium	1	1	27	1	0	0	2	0	3	0.6	1	1
TGATAGATTACATGAA-1	1	124	60	25772	39091	tumor_like	medium	1	1	160	10	0	0	10	0	20	4	1	10
TGATAGCCTCCGTCAA-1	1	93	41	23823	33735	tumor_like	medium	1	1	113	19	0	0	17	0	36	7.2	1	19
TGATAGCGAAGCATAA-1	1	103	63	26042	35448	tumor_like	medium	1	1	228	14	1	0	31	0	46	9.2	1	14
TGATCATGGTTAGATT-1	1	69	185	38210	29453	tumor_like	medium	1	1	34	3	0	0	3	0	6	1.2	1	3
TGATCGCATAGGATTC-1	1	111	129	32664	36778	tumor_like	medium	1	1	12	2	0	0	2	0	4	0.8	1	2
TGATGCTGGTCGCAGA-1	1	60	122	31887	27949	tumor_like	medium	1	1	7	1	0	0	0	0	1	0.2	1	1
TGATGGAAGGCTCGTT-1	1	62	124	32091	28293	tumor_like	medium	1	1	36	6	0	0	2	0	8	1.6	1	6
TGATGGAGTCTTGGTT-1	1	66	128	32497	28983	tumor_like	medium	1	1	14	1	1	0	3	0	5	1	1	1
TGATGGCCGTAGGTAA-1	1	99	77	27438	34743	tumor_like	medium	1	1	166	18	0	0	27	0	45	9	1	18
TGATGGCGAAGATTCC-1	1	91	181	37842	33269	tumor_like	medium	1	1	9	1	0	0	2	0	3	0.6	1	1
TGATGGTGAGTGGCTC-1	1	90	120	31731	33148	tumor_like	medium	1	1	110	17	1	0	10	0	28	5.6	1	17
TGATGGTGGAGTAATA-1	1	84	84	28117	32139	tumor_like	medium	1	1	39	2	0	0	6	0	8	1.6	1	2
TGATGGTGTAGAACAT-1	1	16	150	34627	20301	tumor_like	medium	1	1	8	0	0	0	1	0	1	0.2	0	0
TGATGGTTAGTGATCA-1	1	67	35	23184	29235	tumor_like	medium	1	1	0	0	0	0	0	0	0	0	0	0
TGATGGTTGTTCCACC-1	1	13	43	23906	19871	tumor_like	medium	1	1	0	0	0	0	0	0	0	0	0	0
TGATGTACTCAATCGC-1	1	64	188	38504	28585	tumor_like	medium	1	1	31	0	0	0	0	0	0	0	0	0
TGATGTCTGGAGTCTG-1	1	96	4	20122	34287	tumor_like	medium	1	1	57	4	0	0	5	0	9	1.8	1	4
TGATTCACCGGTCAGC-1	1	108	124	32158	36264	tumor_like	medium	1	1	38	0	0	0	4	0	4	0.8	0	0
TGATTCACGCTTACAT-1	1	96	16	21324	34277	tumor_like	medium	1	1	21	6	0	0	3	1	10	2	1	6
TGATTCACTATGACTA-1	1	70	210	40716	29606	tumor_like	medium	1	1	6	3	0	0	0	0	3	0.6	1	3
TGATTCATACGGAATA-1	1	77	63	26003	30943	tumor_like	medium	1	1	34	0	0	0	2	0	2	0.4	0	0
TGATTCATAGTATCTT-1	1	62	212	40904	28218	tumor_like	medium	1	1	17	3	0	0	1	1	5	1	1	3
TGATTCCAATTCAATA-1	1	23	39	23520	21607	ambiguous_or_low_signal	low	0	0	0	0	0	0	0	0	0	0	0	0
TGATTCCGCCAAGGCG-1	1	57	121	31783	27429	tumor_like	medium	1	1	19	1	0	0	4	0	5	1	1	1
TGATTCCGGATTACCA-1	1	123	69	26672	38909	tumor_like	medium	1	1	54	12	1	0	19	0	32	6.4	1	12
TGATTCCGTTCGCTGC-1	1	38	160	35661	24104	tumor_like	medium	1	1	25	1	0	0	6	0	7	1.4	1	1
TGATTCGTCTCGTATG-1	1	67	89	28593	29189	tumor_like	medium	1	1	72	0	0	0	8	0	8	1.6	0	0
TGATTCGTTCCACGTT-1	1	126	78	27578	39422	tumor_like	medium	1	1	31	3	0	0	7	0	10	2	1	3
TGATTCTAACCGTGAG-1	1	14	64	26010	20028	tumor_like	medium	1	1	0	0	0	0	0	0	0	0	0	0
TGATTCTGAGGCGATA-1	1	15	199	39533	20085	tumor_like	medium	1	1	2	0	0	0	0	0	0	0	0	0
TGCAACGTCGCCGACC-1	1	11	119	31515	19460	tumor_like	medium	1	1	14	6	0	0	2	0	8	1.6	1	6
TGCAACGTTCAGGTAC-1	1	1	83	27894	17758	tumor_like	medium	1	1	0	0	0	0	0	0	0	0	0	0
TGCAACTAATCTAGTG-1	1	80	162	35923	31380	tumor_like	medium	1	1	53	1	0	0	7	0	8	1.6	1	1
TGCAACTAATGGTGCT-1	1	84	216	41337	32027	tumor_like	medium	1	1	30	1	0	0	6	0	7	1.4	1	1
TGCAAGCATCTTATTG-1	1	106	90	28750	35946	tumor_like	medium	1	1	68	5	0	0	12	0	17	3.4	1	5
TGCACCGATATCCTTG-1	1	79	199	39627	31174	tumor_like	medium	1	1	20	0	1	0	0	0	1	0.2	0	0
TGCACCGGTTGCTTGG-1	1	87	195	39239	32564	tumor_like	medium	1	1	11	1	0	0	1	0	2	0.4	1	1
TGCACGACATTGAAGC-1	1	99	171	36853	34663	tumor_like	medium	1	1	1	0	0	0	0	0	0	0	0	0
TGCACGACCATTGGCA-1	1	52	118	31475	26566	tumor_like	medium	1	1	20	0	0	0	4	0	4	0.8	0	0
TGCACGAGGCGACACT-1	1	77	135	33214	30882	tumor_like	medium	1	1	108	4	0	1	13	0	18	3.6	1	4
TGCACGCTATTGGCCT-1	1	105	135	33256	35734	tumor_like	medium	1	1	29	1	0	0	3	0	4	0.8	1	1
TGCACGCTTCCTGTAC-1	1	76	222	41927	30636	tumor_like	medium	1	1	77	11	0	0	19	0	30	6	1	11
TGCACGCTTCGGACAG-1	1	121	41	23865	38586	tumor_like	medium	1	1	584	19	3	0	20	0	42	8.4	1	19
TGCACGGCAGTCTTAC-1	1	99	61	25835	34757	tumor_like	medium	1	1	251	83	7	0	32	0	122	24.4	1	83
TGCACGGTTGGACTCC-1	1	97	49	24631	34421	tumor_like	medium	1	1	186	78	4	0	17	0	99	19.8	1	78
TGCACGTAATCATTCT-1	1	42	160	35667	24797	tumor_like	medium	1	1	25	2	0	0	3	0	5	1	1	2
TGCACGTACTATCAAT-1	1	112	58	25554	37013	tumor_like	medium	1	1	166	20	2	0	31	0	53	10.6	1	20
TGCACGTATTGGTACG-1	1	66	120	31696	28990	tumor_like	medium	1	1	17	0	0	0	1	0	1	0.2	0	0
TGCACGTCTGAACAGT-1	1	122	48	24567	38754	tumor_like	medium	1	1	157	6	0	0	28	0	34	6.8	1	6
TGCACGTGCCACGCCT-1	1	61	151	34793	28096	tumor_like	medium	1	1	38	1	0	0	7	0	8	1.6	1	1
TGCACGTGTCCACGAT-1	1	81	139	33621	31572	tumor_like	medium	1	1	41	2	0	0	14	0	16	3.2	1	2
TGCACTGGCACTAGGA-1	1	41	35	23146	24730	tumor_like	medium	1	1	1	0	0	0	0	0	0	0	0	0
TGCAGAACAACTCAAG-1	1	57	103	29980	27444	tumor_like	medium	1	1	85	5	0	0	9	0	14	2.8	1	5
TGCAGAACCAGCTCGG-1	1	120	50	24765	38406	tumor_like	medium	1	1	520	12	2	1	26	0	41	8.2	1	12
TGCAGAACCTCAGAGG-1	1	1	191	38711	17666	tumor_like	medium	1	1	4	0	0	0	3	0	3	0.6	0	0
TGCAGAAGCCTCTTGA-1	1	69	189	38611	29450	tumor_like	medium	1	1	49	1	0	0	12	0	13	2.6	1	1
TGCAGAAGGCGTTCAG-1	1	68	84	28093	29367	tumor_like	medium	1	1	11	0	0	0	2	0	2	0.4	0	0
TGCAGAATTAACTAAG-1	1	35	183	37960	23564	tumor_like	medium	1	1	15	8	0	0	4	0	12	2.4	1	8
TGCAGACAATCTGTCT-1	1	94	124	32138	33838	tumor_like	medium	1	1	74	9	0	0	13	0	22	4.4	1	9
TGCAGACACTCAACAT-1	1	28	184	38050	22351	tumor_like	medium	1	1	38	5	0	1	5	0	11	2.2	1	5
TGCAGACGGTTAAGGT-1	1	66	154	35101	28961	tumor_like	medium	1	1	17	2	0	0	3	1	6	1.2	1	2
TGCAGAGCCAGCGTCT-1	1	108	156	35364	36236	tumor_like	medium	1	1	7	0	0	0	2	0	2	0.4	0	0
TGCAGAGCGTGCAGGA-1	1	64	220	41709	28558	tumor_like	medium	1	1	87	5	0	0	7	0	12	2.4	1	5
TGCAGAGCTTCTGCTA-1	1	30	116	31242	22755	tumor_like	medium	1	1	1	0	0	0	0	0	0	0	0	0
TGCAGATGGCATGTGA-1	1	114	86	28361	37336	tumor_like	medium	1	1	84	15	2	0	18	0	35	7	1	15
TGCAGATGTTAACTGC-1	1	106	154	35160	35892	tumor_like	medium	1	1	8	0	0	0	2	0	2	0.4	0	0
TGCAGATGTTGGTGAT-1	1	107	75	27249	36131	tumor_like	medium	1	1	149	5	3	0	25	0	33	6.6	1	5
TGCAGATTACCTATGC-1	1	15	213	40935	20073	tumor_like	medium	1	1	0	0	0	0	0	0	0	0	0	0
TGCAGATTAGCGGCTC-1	1	127	87	28481	39586	tumor_like	medium	1	1	53	11	0	0	10	0	21	4.2	1	11
TGCAGATTATAAGAAT-1	1	105	65	26245	35793	tumor_like	medium	1	1	239	20	1	0	26	0	47	9.4	1	20
TGCAGATTATGTCGTG-1	1	12	210	40630	19556	tumor_like	medium	1	1	1	1	0	1	0	0	2	0.4	1	1
TGCAGATTCCGAACGT-1	1	43	211	40776	24926	tumor_like	medium	1	1	4	8	1	0	0	0	9	1.8	1	4
TGCAGCAATTAATCCT-1	1	27	217	41354	22149	tumor_like	medium	1	1	1	0	0	0	0	0	0	0	0	0
TGCAGCTATGCGTGCA-1	1	74	208	40521	30301	tumor_like	medium	1	1	6	0	0	0	1	0	1	0.2	0	0
TGCAGCTTGTGAATTG-1	1	67	215	41212	29081	tumor_like	medium	1	1	13	3	0	0	2	0	5	1	1	3
TGCAGTATCGTGTATC-1	1	27	203	39951	22160	tumor_like	medium	1	1	12	1	0	0	5	0	6	1.2	1	1
TGCAGTCGTGTTGCCT-1	1	94	82	27931	33874	tumor_like	medium	1	1	130	9	0	0	26	0	35	7	1	9
TGCAGTCTATTCGTGA-1	1	63	97	29388	28489	tumor_like	medium	1	1	13	2	0	0	1	0	3	0.6	1	2
TGCAGTTCTTCACTAT-1	1	98	124	32144	34531	tumor_like	medium	1	1	73	36	5	0	8	0	49	9.8	1	36
TGCATAACTCCGCTTC-1	1	19	213	40941	20766	tumor_like	medium	1	1	2	1	1	0	0	0	2	0.4	1	1
TGCATTACCAGAATGT-1	1	58	108	30482	27614	tumor_like	medium	1	1	34	1	0	0	5	0	6	1.2	1	1
TGCATTACTTACAAGT-1	1	49	61	25762	26094	tumor_like	medium	1	1	1	0	0	0	0	0	0	0	0	0
TGCATTCCACAATGAC-1	1	53	79	27570	26771	tumor_like	medium	1	1	6	0	0	0	2	0	2	0.4	0	0
TGCATTCCTCTGGTCT-1	1	20	176	37237	20972	tumor_like	medium	1	1	14	0	0	0	4	0	4	0.8	0	0
TGCATTCGAGCCAACT-1	1	120	80	27769	38381	tumor_like	medium	1	1	42	6	1	0	12	0	19	3.8	1	6
TGCATTCTGCCAGCAA-1	1	38	26	22240	24218	tumor_like	medium	1	1	1	0	0	0	0	0	0	0	0	0
TGCATTCTTGGTCGTA-1	1	91	81	27827	33354	tumor_like	medium	1	1	114	7	0	0	21	0	28	5.6	1	7
TGCATTGCAGGATACT-1	1	84	138	33525	32093	tumor_like	medium	1	1	25	1	0	0	6	0	7	1.4	1	1
TGCCAACGACTCATTG-1	1	64	202	39906	28573	tumor_like	medium	1	1	33	0	0	0	12	0	12	2.4	0	0
TGCCAACGATCGTCTT-1	1	22	176	37240	21318	tumor_like	medium	1	1	12	0	0	0	3	0	3	0.6	0	0
TGCCAACGTAACCACT-1	1	58	66	26276	27650	tumor_like	medium	1	1	9	0	0	0	1	0	1	0.2	0	0
TGCCAATAAGTTGTTC-1	1	86	56	25315	32510	tumor_like	medium	1	1	152	6	0	0	22	0	28	5.6	1	6
TGCCACAACCGCAGGT-1	1	19	159	35533	20812	tumor_like	medium	1	1	7	0	0	0	0	1	1	0.2	0	0
TGCCACAACCTGGTCC-1	1	124	80	27775	39074	tumor_like	medium	1	1	59	9	0	0	6	0	15	3	1	9
TGCCACAAGTTCACTT-1	1	75	95	29205	30570	tumor_like	medium	1	1	23	0	0	0	2	0	2	0.4	0	0
TGCCACATAGCCGCAA-1	1	26	182	37847	22006	tumor_like	medium	1	1	15	5	0	0	4	0	9	1.8	1	5
TGCCACATTCACAGTC-1	1	109	137	33462	36425	tumor_like	medium	1	1	17	0	0	0	2	0	2	0.4	0	0
TGCCACCGAGGTGCTA-1	1	44	182	37873	25125	tumor_like	medium	1	1	9	7	1	1	1	0	10	2	1	7
TGCCACCGTAGCTGAT-1	1	9	19	21496	19199	ambiguous_or_low_signal	low	0	0	0	0	0	0	0	0	0	0	0	0
TGCCACTACAGATATT-1	1	64	32	22879	28718	tumor_like	medium	1	1	0	0	0	0	0	0	0	0	0	0
TGCCACTCAATATTAG-1	1	127	145	34290	39537	tumor_like	medium	1	1	0	0	0	0	0	0	0	0	0	0
TGCCACTCCGGCCGTC-1	1	5	133	32908	18408	tumor_like	medium	1	1	3	0	0	0	2	0	2	0.4	0	0
TGCCACTTGGATCCAT-1	1	81	67	26410	31633	tumor_like	medium	1	1	32	2	0	0	5	0	7	1.4	1	2
TGCCAGATTCCTCGAC-1	1	89	145	34234	32953	tumor_like	medium	1	1	60	1	0	0	10	0	11	2.2	1	1
TGCCAGCCAGTAGAGC-1	1	113	65	26257	37179	tumor_like	medium	1	1	168	16	5	0	30	0	51	10.2	1	16
TGCCAGCCATGCGTCA-1	1	0	126	32199	17549	tumor_like	medium	1	1	1	1	0	0	1	0	2	0.4	1	1
TGCCAGCTGAATCGTT-1	1	112	106	30362	36972	tumor_like	medium	1	1	17	5	0	0	4	0	9	1.8	1	5
TGCCAGCTGACGGCCG-1	1	65	199	39607	28748	tumor_like	medium	1	1	22	2	0	0	5	0	7	1.4	1	2
TGCCAGGAAGGTCTTA-1	1	72	88	28500	30057	tumor_like	medium	1	1	26	0	0	0	3	0	3	0.6	0	0
TGCCAGTAGCCACTTA-1	1	47	113	30967	25703	tumor_like	medium	1	1	29	0	0	0	4	0	4	0.8	0	0
TGCCAGTCCTACGCGA-1	1	124	140	33785	39022	tumor_like	medium	1	1	1	0	0	0	0	0	0	0	0	0
TGCCGACATAATTAAC-1	1	115	45	24256	37543	tumor_like	medium	1	1	293	52	8	0	28	1	89	17.8	1	52
TGCCGAGTCTGCCGAT-1	1	127	135	33288	39546	tumor_like	medium	1	1	4	9	0	0	1	0	10	2	1	4
TGCCGCATAATGTCAC-1	1	44	192	38875	25116	tumor_like	medium	1	1	7	23	0	0	0	0	23	4.6	1	7
TGCCGCTAATCCTGGC-1	1	104	164	36159	35537	tumor_like	medium	1	1	3	0	0	1	1	0	2	0.4	0	0
TGCCGCTACACGTTAC-1	1	58	206	40298	27530	tumor_like	medium	1	1	13	2	0	0	3	0	5	1	1	2
TGCCGGAATTCACTTG-1	1	111	111	30861	36794	tumor_like	medium	1	1	79	2	0	0	11	0	13	2.6	1	2
TGCCGTTGAATAGTAC-1	1	95	133	33041	34003	tumor_like	medium	1	1	13	4	0	0	5	0	9	1.8	1	4
TGCCTAAGCTAAGACA-1	1	101	137	33450	35039	tumor_like	medium	1	1	55	1	0	0	10	0	11	2.2	1	1
TGCCTACACCTCTACA-1	1	2	2	19783	18001	endothelial	medium	0	0	0	0	0	0	0	0	0	0	0	0
TGCCTACATGAACGAA-1	1	91	73	27025	33361	tumor_like	medium	1	1	634	6	0	0	19	0	25	5	1	6
TGCCTACATTCCATTC-1	1	94	174	37146	33795	tumor_like	medium	1	1	1	0	0	0	0	0	0	0	0	0
TGCCTACGAGTCAGAA-1	1	84	68	26514	32153	tumor_like	medium	1	1	69	3	0	0	21	0	24	4.8	1	3
TGCCTACGCTCGAAGT-1	1	121	87	28472	38547	tumor_like	medium	1	1	48	10	0	0	4	0	14	2.8	1	10
TGCCTACTCAGCGACT-1	1	53	51	24766	26795	tumor_like	medium	1	1	0	1	0	0	1	0	2	0.4	0	0
TGCCTACTGACTGCGT-1	1	105	21	21838	35831	tumor_like	medium	1	1	7	1	0	0	1	0	2	0.4	1	1
TGCCTACTGTAATGTA-1	1	97	203	40055	34289	tumor_like	medium	1	1	8	0	0	0	0	0	0	0	0	0
TGCCTAGCTTCCTCGT-1	1	103	121	31851	35399	tumor_like	medium	1	1	16	2	0	0	5	0	7	1.4	1	2
TGCCTAGGCGTTCGTA-1	1	57	133	32985	27418	tumor_like	medium	1	1	20	4	0	0	1	0	5	1	1	4
TGCCTAGGCTGATCGG-1	1	84	168	36530	32068	tumor_like	medium	1	1	6	0	0	0	2	0	2	0.4	0	0
TGCCTATCCTAAGCAT-1	1	57	95	29179	27451	tumor_like	medium	1	1	8	3	0	0	0	0	3	0.6	1	3
TGCCTATCGTGGAGGC-1	1	49	161	35777	26008	tumor_like	medium	1	1	5	2	0	0	3	0	5	1	1	2
TGCCTATGAAGAATAG-1	1	52	186	38286	26508	tumor_like	medium	1	1	8	2	0	0	0	0	2	0.4	1	2
TGCCTCACGCGTAGAA-1	1	108	62	25949	36317	tumor_like	medium	1	1	220	6	0	0	18	0	24	4.8	1	6
TGCCTGACTAGTCCTA-1	1	118	148	34577	37976	tumor_like	medium	1	1	0	0	0	0	0	0	0	0	0	0
TGCGAACAGGAGTGGT-1	1	80	106	30314	31428	tumor_like	medium	1	1	31	2	0	0	4	0	6	1.2	1	2
TGCGAAGTAGGTATAC-1	1	72	50	24694	30089	tumor_like	medium	1	1	25	0	0	0	6	0	6	1.2	0	0
TGCGAATTGCTTATGT-1	1	76	68	26503	30767	tumor_like	medium	1	1	47	0	0	0	9	0	9	1.8	0	0
TGCGATCGATCAGTCA-1	1	45	25	22150	25431	tumor_like	medium	1	1	4	0	0	0	0	0	0	0	0	0
TGCGATCTATTATGAG-1	1	2	208	40415	17825	tumor_like	medium	1	1	0	1	0	0	0	0	1	0.2	0	0
TGCGATGTACTTCAGT-1	1	67	153	35003	29134	tumor_like	medium	1	1	18	0	0	0	2	0	2	0.4	0	0
TGCGATGTAGGCCGAG-1	1	25	143	33939	21865	tumor_like	medium	1	1	12	3	0	0	2	0	5	1	1	3
TGCGATGTCAGCGGCA-1	1	126	114	31183	39391	tumor_like	medium	1	1	41	16	0	0	8	0	24	4.8	1	16
TGCGATTAACGTGAGG-1	1	69	193	39012	29446	tumor_like	medium	1	1	25	2	1	0	3	0	6	1.2	1	2
TGCGATTACATTGTCT-1	1	112	14	21147	37051	tumor_like	medium	1	1	8	18	2	0	3	0	23	4.6	1	8
TGCGATTACTATGGAG-1	1	100	54	25136	34937	tumor_like	medium	1	1	300	21	5	0	26	0	52	10.4	1	21
TGCGATTCCGCCTGAT-1	1	23	217	41348	21455	tumor_like	medium	1	1	2	0	0	0	0	0	0	0	0	0
TGCGCAACATAGACTC-1	1	54	182	37888	26858	tumor_like	medium	1	1	17	12	0	0	2	0	14	2.8	1	12
TGCGCATCTTATGGAT-1	1	6	220	41623	18508	tumor_like	medium	1	1	1	0	0	0	0	1	1	0.2	0	0
TGCGCCATAAGCGGCT-1	1	68	212	40913	29258	tumor_like	medium	1	1	10	2	0	0	0	0	2	0.4	1	2
TGCGCCATCTCGTACA-1	1	119	1	19855	38274	tumor_like	medium	1	1	37	6	3	0	3	0	12	2.4	1	6
TGCGCCATTAAGTCTA-1	1	5	97	29302	18439	tumor_like	medium	1	1	1	1	1	0	0	0	2	0.4	1	1
TGCGCCTGAGGACAAG-1	1	64	148	34497	28619	tumor_like	medium	1	1	16	3	1	0	4	0	8	1.6	1	3
TGCGCCTTATGTGAGC-1	1	89	205	40243	32902	tumor_like	medium	1	1	2	0	0	0	0	1	1	0.2	0	0
TGCGCCTTGTGAGTAT-1	1	114	108	30565	37317	tumor_like	medium	1	1	34	4	0	0	10	0	14	2.8	1	4
TGCGCTACTCCACTGA-1	1	74	122	31908	30374	tumor_like	medium	1	1	17	1	0	0	5	0	6	1.2	1	1
TGCGCTCAACGCCGTC-1	1	95	41	23826	34081	tumor_like	medium	1	1	92	21	0	0	12	1	34	6.8	1	21
TGCGCTCACGGACCAT-1	1	91	59	25623	33373	tumor_like	medium	1	1	163	38	2	0	30	0	70	14	1	38
TGCGCTCGGCAGCTAC-1	1	125	125	32284	39208	tumor_like	medium	1	1	57	11	0	0	4	0	15	3	1	11
TGCGCTGACGCATACA-1	1	45	157	35371	25319	tumor_like	medium	1	1	4	5	0	0	3	0	8	1.6	1	4
TGCGCTGGAGACCACG-1	1	87	183	38037	32574	tumor_like	medium	1	1	10	4	0	0	1	0	5	1	1	4
TGCGCTGTCAGCACTT-1	1	57	105	30180	27442	tumor_like	medium	1	1	43	2	0	0	4	0	6	1.2	1	2
TGCGGACACCTAGCTG-1	1	26	222	41853	21972	tumor_like	medium	1	1	5	0	0	0	1	0	1	0.2	0	0
TGCGGACAGGCCTGCC-1	1	74	62	25899	30425	tumor_like	medium	1	1	86	0	0	0	9	0	9	1.8	0	0
TGCGGACCGACGAGGC-1	1	35	53	24940	23675	tumor_like	medium	1	1	3	0	0	0	2	0	2	0.4	0	0
TGCGGACCTCACCATT-1	1	82	160	35726	31728	tumor_like	medium	1	1	43	0	0	0	2	0	2	0.4	0	0
TGCGGACGGCATTCGT-1	1	116	102	29967	37669	tumor_like	medium	1	1	85	5	1	0	5	0	11	2.2	1	5
TGCGGACGTTGCAGCT-1	1	28	116	31239	22409	tumor_like	medium	1	1	4	0	0	0	0	0	0	0	0	0
TGCGGACTCGGATGGA-1	1	41	195	39171	24593	tumor_like	medium	1	1	10	2	0	0	4	0	6	1.2	1	2
TGCGGAGCCTCCAGAC-1	1	83	99	29618	31952	tumor_like	medium	1	1	109	1	0	0	10	0	11	2.2	1	1
TGCGGAGCTATTGAAT-1	1	13	61	25708	19856	tumor_like	medium	1	1	1	0	0	0	0	0	0	0	0	0
TGCGGAGGACTCAACG-1	1	54	176	37287	26863	tumor_like	medium	1	1	3	16	1	0	2	0	19	3.8	1	3
TGCGGAGGCAATAGAT-1	1	100	138	33549	34866	tumor_like	medium	1	1	61	0	0	0	5	0	5	1	0	0
TGCGGATCTAGGAGAA-1	1	49	137	33373	26029	tumor_like	medium	1	1	5	0	0	0	1	0	1	0.2	0	0
TGCGGATCTGACTGCG-1	1	16	56	25212	20381	tumor_like	medium	1	1	1	0	0	0	0	0	0	0	0	0
TGCGGATTGGAACGGT-1	1	91	113	31032	33327	tumor_like	medium	1	1	66	4	0	0	5	0	9	1.8	1	4
TGCGGCCAGGAGTAAC-1	1	70	86	28296	29712	tumor_like	medium	1	1	116	0	0	1	5	0	6	1.2	0	0
TGCGGCTAACGTCGAG-1	1	36	202	39864	23722	tumor_like	medium	1	1	9	2	0	0	0	0	2	0.4	1	2
TGCGGCTACTGGATAG-1	1	104	66	26344	35620	tumor_like	medium	1	1	570	28	2	0	28	0	58	11.6	1	28
TGCGTCAATCTACTAT-1	1	106	142	33958	35902	tumor_like	medium	1	1	35	1	0	0	0	0	1	0.2	1	1
TGCGTCCTATACTCGC-1	1	9	151	34717	19086	tumor_like	medium	1	1	8	0	0	0	4	0	4	0.8	0	0
TGCGTCTGGAGCCAGA-1	1	78	86	28308	31098	tumor_like	medium	1	1	46	2	0	0	4	0	6	1.2	1	2
TGCGTCTGTTAGACGC-1	1	92	148	34539	33471	tumor_like	medium	1	1	44	2	1	0	7	0	10	2	1	2
TGCGTTAATTCCGCGT-1	1	6	156	35213	18563	tumor_like	medium	1	1	18	2	0	0	2	0	4	0.8	1	2
TGCGTTACTGGAACTA-1	1	125	113	31082	39218	tumor_like	medium	1	1	35	12	0	0	6	0	18	3.6	1	12
TGCGTTAGATGAGCAA-1	1	3	129	32504	18065	tumor_like	medium	1	1	1	1	0	0	0	0	1	0.2	1	1
TGCGTTATCTCAGATG-1	1	124	96	29378	39060	tumor_like	medium	1	1	9	2	0	0	2	0	4	0.8	1	2
TGCGTTCGCACGGCTT-1	1	103	161	35857	35365	tumor_like	medium	1	1	6	0	0	0	7	0	7	1.4	0	0
TGCTACATGCACATGT-1	1	75	123	32010	30546	tumor_like	medium	1	1	31	0	0	0	0	0	0	0	0	0
TGCTACCGTGGTCCAG-1	1	121	79	27671	38554	tumor_like	medium	1	1	44	2	4	0	16	0	22	4.4	1	2
TGCTACCTGTCATTCG-1	1	118	154	35178	37971	ambiguous_or_low_signal	low	0	0	0	0	0	0	0	0	0	0	0	0
TGCTACGATGGACACG-1	1	11	125	32116	19455	tumor_like	medium	1	1	38	3	0	0	5	0	8	1.6	1	3
TGCTACGCCTGCTTAA-1	1	33	189	38558	23212	tumor_like	medium	1	1	9	6	0	0	4	0	10	2	1	6
TGCTACTCGAACCTAC-1	1	92	196	39346	33430	tumor_like	medium	1	1	14	3	0	0	2	0	5	1	1	3
TGCTACTTACAGCGGA-1	1	53	127	32378	26730	tumor_like	medium	1	1	31	0	0	0	5	0	5	1	0	0
TGCTACTTGTTAATAC-1	1	7	207	40322	18692	tumor_like	medium	1	1	2	0	0	0	0	0	0	0	0	0
TGCTAGATAGGTAGCA-1	1	58	44	24072	27668	tumor_like	medium	1	1	0	0	0	0	0	0	0	0	0	0
TGCTAGGTTACTTCAC-1	1	79	59	25606	31293	tumor_like	medium	1	1	56	1	0	0	17	0	18	3.6	1	1
TGCTAGTGGTTAACCA-1	1	91	189	38644	33262	tumor_like	medium	1	1	0	0	0	0	0	0	0	0	0	0
TGCTATAATCACCGCT-1	1	46	144	34070	25504	tumor_like	medium	1	1	4	3	0	0	0	0	3	0.6	1	3
TGCTATACGACCATCC-1	1	63	127	32393	28463	tumor_like	medium	1	1	53	22	1	0	4	0	27	5.4	1	22
TGCTATACTCCGAGTT-1	1	81	71	26810	31630	tumor_like	medium	1	1	74	0	0	0	8	0	8	1.6	0	0
TGCTATCCTTCACGCA-1	1	36	198	39464	23725	tumor_like	medium	1	1	2	1	0	0	1	0	2	0.4	1	1
TGCTATCGAATCCGGA-1	1	93	93	29032	33690	tumor_like	medium	1	1	225	5	1	0	21	0	27	5.4	1	5
TGCTATGATCCGTTCG-1	1	17	217	41339	20416	tumor_like	medium	1	1	0	0	0	0	0	0	0	0	0	0
TGCTATGCGATATGTC-1	1	38	202	39867	24068	tumor_like	medium	1	1	3	0	0	0	0	0	0	0	0	0
TGCTATTGCTTACGTG-1	1	2	112	30800	17907	tumor_like	medium	1	1	2	0	0	0	0	0	0	0	0	0
TGCTCCAGCAATTACG-1	1	1	91	28695	17751	tumor_like	medium	1	1	4	0	0	0	0	0	0	0	0	0
TGCTCCGAGTTCCTGA-1	1	37	31	22739	24040	ambiguous_or_low_signal	low	0	0	0	0	0	0	0	0	0	0	0	0
TGCTCCGGCCGCACAA-1	1	70	80	27696	29717	tumor_like	medium	1	1	9	1	0	0	1	0	2	0.4	1	1
TGCTGTAACGCTTCTA-1	1	67	99	29594	29180	tumor_like	medium	1	1	37	1	0	0	3	0	4	0.8	1	1
TGCTGTATCAATGGCG-1	1	37	111	30752	23972	tumor_like	medium	1	1	2	1	0	0	1	0	2	0.4	1	1
TGCTGTATCATATTAA-1	1	69	131	32802	29499	tumor_like	medium	1	1	16	2	0	0	2	0	4	0.8	1	2
TGCTGTCAGGTCCTGT-1	1	59	159	35592	27743	tumor_like	medium	1	1	2	14	4	0	2	0	20	4	1	2
TGCTGTCATTCCTGAA-1	1	115	127	32469	37473	tumor_like	medium	1	1	20	4	0	0	6	0	10	2	1	4
TGCTGTCGAACAGAAT-1	1	90	46	24320	33211	tumor_like	medium	1	1	106	26	2	0	17	0	45	9	1	26
TGCTGTCGACGCGAGG-1	1	119	89	28669	38199	tumor_like	medium	1	1	47	4	0	0	7	0	11	2.2	1	4
TGCTGTCTAGTATCGG-1	1	86	112	30924	32462	tumor_like	medium	1	1	30	3	1	0	4	0	8	1.6	1	3
TGCTGTCTCGTCACCA-1	1	109	149	34664	36415	tumor_like	medium	1	1	12	0	0	0	1	0	1	0.2	0	0
TGCTGTGAGCAGTACT-1	1	12	202	39829	19563	tumor_like	medium	1	1	6	5	0	0	2	0	7	1.4	1	5
TGCTGTGATTGTCAGT-1	1	17	113	30922	20505	tumor_like	medium	1	1	6	5	0	0	3	0	8	1.6	1	5
TGCTGTGCGGAGGCGG-1	1	42	194	39072	24768	tumor_like	medium	1	1	7	6	0	0	3	0	9	1.8	1	6
TGCTGTTAGAGGCCAC-1	1	114	116	31366	37310	tumor_like	medium	1	1	45	0	0	0	7	0	7	1.4	0	0
TGCTGTTCCTTAGGAT-1	1	38	62	25846	24188	tumor_like	medium	1	1	0	0	0	0	0	0	0	0	0	0
TGCTGTTCGCGATTCT-1	1	58	134	33086	27592	tumor_like	medium	1	1	19	9	1	0	7	0	17	3.4	1	9
TGCTTACCAGCGAAGG-1	1	80	124	32117	31412	tumor_like	medium	1	1	51	5	0	0	6	0	11	2.2	1	5
TGCTTACCATACTCAA-1	1	72	208	40519	29954	tumor_like	medium	1	1	8	1	0	0	1	0	2	0.4	1	1
TGCTTACTTATCTGCG-1	1	94	54	25127	33898	tumor_like	medium	1	1	168	85	3	0	18	0	106	21.2	1	85
TGCTTAGAACCTCGTG-1	1	102	110	30747	35236	tumor_like	medium	1	1	130	40	7	0	16	0	63	12.6	1	40
TGCTTAGAAGCAGTAG-1	1	15	217	41336	20069	tumor_like	medium	1	1	1	1	0	0	0	0	1	0.2	1	1
TGCTTAGATAGCCTAG-1	1	21	187	38340	21135	tumor_like	medium	1	1	27	1	0	0	9	0	10	2	1	1
TGCTTAGATATGACGG-1	1	87	115	31226	32632	tumor_like	medium	1	1	92	6	0	0	3	0	9	1.8	1	6
TGCTTAGCGAAGTCGA-1	1	61	209	40602	28047	tumor_like	medium	1	1	46	3	0	0	11	1	15	3	1	3
TGCTTAGTCTTAAGCT-1	1	84	70	26715	32151	tumor_like	medium	1	1	78	4	0	0	15	0	19	3.8	1	4
TGCTTATGCGAACGTC-1	1	32	150	34650	23073	tumor_like	medium	1	1	7	0	0	0	2	0	2	0.4	0	0
TGCTTCATTCAGACAA-1	1	99	195	39256	34643	tumor_like	medium	1	1	0	0	0	0	0	0	0	0	0	0
TGCTTCTACGGTCTTC-1	1	42	58	25451	24884	tumor_like	medium	1	1	4	1	0	0	1	0	2	0.4	1	1
TGCTTCTGAACGAGAT-1	1	79	95	29211	31263	tumor_like	medium	1	1	62	0	0	0	3	0	3	0.6	0	0
TGGAACGACAGTATGC-1	1	19	201	39739	20776	tumor_like	medium	1	1	1	0	0	0	0	0	0	0	0	0
TGGAAGACATAGATAC-1	1	37	61	25744	24014	tumor_like	medium	1	1	0	0	0	0	0	0	0	0	0	0
TGGAAGACGCATAGCA-1	1	119	63	26065	38221	tumor_like	medium	1	1	137	11	1	0	13	0	25	5	1	11
TGGAAGACGGCTATGT-1	1	57	199	39595	27362	tumor_like	medium	1	1	6	0	0	0	0	0	0	0	0	0
TGGAAGCAAGCGCAAG-1	1	75	101	29806	30564	tumor_like	medium	1	1	102	3	0	1	8	0	12	2.4	1	3
TGGAAGCAGTTGGTAC-1	1	61	79	27582	28157	tumor_like	medium	1	1	0	1	0	0	0	0	1	0.2	0	0
TGGAAGCTCGAATATT-1	1	66	76	27289	29027	tumor_like	medium	1	1	3	0	0	0	1	0	1	0.2	0	0
TGGAAGCTGCTCGCTT-1	1	78	208	40527	30994	tumor_like	medium	1	1	20	1	0	0	4	0	5	1	1	1
TGGAAGGAACCGGCGT-1	1	126	70	26777	39429	tumor_like	medium	1	1	46	1	0	1	7	0	9	1.8	1	1
TGGAAGGAACGCCACG-1	1	118	96	29369	38020	tumor_like	medium	1	1	69	3	1	0	9	0	13	2.6	1	3
TGGAAGGATTATGTGA-1	1	21	45	24118	21256	tumor_like	medium	1	1	0	0	0	0	0	0	0	0	0	0
TGGAAGGATTGATCGT-1	1	38	184	38065	24084	tumor_like	medium	1	1	2	10	0	0	2	0	12	2.4	1	2
TGGAAGGTAGTTGGCT-1	1	63	145	34195	28448	tumor_like	medium	1	1	3	1	1	0	1	0	3	0.6	1	1
TGGAAGGTCACCGCGG-1	1	36	164	36059	23754	tumor_like	medium	1	1	32	1	0	0	6	0	7	1.4	1	1
TGGAAGGTGATCATGA-1	1	113	53	25055	37190	tumor_like	medium	1	1	197	8	2	0	25	0	35	7	1	8
TGGAAGGTGGAGGTGC-1	1	110	58	25551	36667	tumor_like	medium	1	1	230	11	4	0	32	0	47	9.4	1	11
TGGAAGTCCGCCAGTA-1	1	14	76	27212	20017	tumor_like	medium	1	1	0	0	0	0	0	0	0	0	0	0
TGGAAGTGAAGTTCGA-1	1	78	212	40928	30991	tumor_like	medium	1	1	19	1	0	0	2	0	3	0.6	1	1
TGGAAGTGATAGGTTA-1	1	75	109	30607	30558	tumor_like	medium	1	1	42	0	0	0	5	0	5	1	0	0
TGGAAGTGGCCAACAT-1	1	71	27	22389	29935	tumor_like	medium	1	1	0	0	0	0	1	0	1	0.2	0	0
TGGAAGTGGCGGTGCT-1	1	59	125	32186	27772	tumor_like	medium	1	1	37	9	0	0	7	0	16	3.2	1	9
TGGAAGTGTAATAGAA-1	1	59	163	35992	27739	tumor_like	medium	1	1	10	7	0	0	4	0	11	2.2	1	7
TGGAAGTTGTCTGTAA-1	1	40	34	23044	24558	ambiguous_or_low_signal	low	0	0	0	0	0	0	0	0	0	0	0	0
TGGACACGAAGAATCC-1	1	8	50	24599	19000	tumor_like	medium	1	1	2	0	0	0	0	0	0	0	0	0
TGGACACGCAACCGTT-1	1	75	23	21994	30631	tumor_like	medium	1	1	0	0	0	0	0	0	0	0	0	0
TGGACACGCTGTCATG-1	1	60	136	33290	27937	tumor_like	medium	1	1	34	8	0	0	5	0	13	2.6	1	8
TGGACAGCTCGGCCGT-1	1	48	186	38280	25815	tumor_like	medium	1	1	10	11	0	0	2	0	13	2.6	1	10
TGGACAGTACGGTATC-1	1	127	77	27479	39595	tumor_like	medium	1	1	47	2	2	1	12	0	17	3.4	1	2
TGGACAGTCTAGGCTG-1	1	116	64	26161	37701	tumor_like	medium	1	1	67	2	0	0	7	0	9	1.8	1	2
TGGACATGCTGGTTGC-1	1	120	144	34179	38326	tumor_like	medium	1	1	1	1	0	0	0	0	1	0.2	1	1
TGGACCTATGATTAAC-1	1	90	180	37741	33097	tumor_like	medium	1	1	12	4	0	0	2	0	6	1.2	1	4
TGGACGCATCTAGGTT-1	1	107	103	30054	36107	tumor_like	medium	1	1	99	11	0	0	12	0	23	4.6	1	11
TGGACGTGCGATTCGG-1	1	59	51	24775	27835	tumor_like	medium	1	1	10	0	0	0	0	0	0	0	0	0
TGGACTACGAATCGAC-1	1	4	18	21388	18334	tumor_like	medium	1	1	0	0	0	0	0	0	0	0	0	0
TGGACTCCTGACAGTA-1	1	86	114	31124	32460	tumor_like	medium	1	1	40	3	1	0	3	0	7	1.4	1	3
TGGACTGGTGGCGATA-1	1	83	55	25211	31990	tumor_like	medium	1	1	123	3	0	0	22	0	25	5	1	3
TGGACTGTAGGACGCA-1	1	120	76	27369	38384	tumor_like	medium	1	1	60	6	0	1	17	0	24	4.8	1	6
TGGACTTAGTCAAGAT-1	1	15	49	24510	20213	tumor_like	medium	1	1	0	0	0	0	1	0	1	0.2	0	0
TGGACTTCACTGGAGC-1	1	95	105	30236	34026	tumor_like	medium	1	1	109	6	0	0	7	0	13	2.6	1	6
TGGACTTCATGATTAT-1	1	99	163	36051	34670	tumor_like	medium	1	1	15	2	0	0	3	0	5	1	1	2
TGGAGGAACGTGCGTA-1	1	34	178	37458	23396	tumor_like	medium	1	1	17	6	0	0	4	0	10	2	1	6
TGGAGTAATCGCAACT-1	1	11	67	26306	19504	tumor_like	medium	1	1	0	0	0	0	0	0	0	0	0	0
TGGAGTAATTAGTTAA-1	1	87	109	30625	32637	tumor_like	medium	1	1	36	2	0	0	1	0	3	0.6	1	2
TGGAGTCCAGCAATAG-1	1	111	61	25853	36836	tumor_like	medium	1	1	166	5	0	0	24	0	29	5.8	1	5
TGGAGTCCGAACGTGG-1	1	12	120	31616	19633	tumor_like	medium	1	1	54	2	0	0	5	1	8	1.6	1	2
TGGAGTCCGAAGCACC-1	1	83	115	31220	31939	tumor_like	medium	1	1	22	4	0	0	4	0	8	1.6	1	4
TGGAGTCCTCAAGACT-1	1	88	92	28924	32826	tumor_like	medium	1	1	104	1	0	0	12	0	13	2.6	1	1
TGGAGTCCTTAGATCG-1	1	122	114	31178	38698	tumor_like	medium	1	1	30	5	0	0	3	0	8	1.6	1	5
TGGAGTCGAGATCAAC-1	1	50	122	31873	26216	tumor_like	medium	1	1	45	4	0	0	2	0	6	1.2	1	4
TGGAGTCTAGCGGTGC-1	1	92	80	27728	33529	tumor_like	medium	1	1	383	4	0	0	48	0	52	10.4	1	4
TGGAGTCTCCACGGCA-1	1	114	134	33169	37295	tumor_like	medium	1	1	13	1	0	0	5	0	6	1.2	1	1
TGGAGTCTCGGCTTGA-1	1	98	138	33546	34519	tumor_like	medium	1	1	82	8	1	0	9	0	18	3.6	1	8
TGGAGTGCCGAGTCAT-1	1	60	214	41102	27870	tumor_like	medium	1	1	34	12	1	0	7	0	20	4	1	12
TGGAGTGCCTAAGGTT-1	1	53	71	26769	26778	tumor_like	medium	1	1	17	11	2	0	4	1	18	3.6	1	11
TGGAGTGCTCACAAGG-1	1	89	61	25821	33024	tumor_like	medium	1	1	88	8	0	0	17	0	25	5	1	8
TGGAGTTGCGACAGTG-1	1	79	93	29011	31264	tumor_like	medium	1	1	127	1	1	0	16	0	18	3.6	1	1
TGGATACCACTCCGAA-1	1	66	24	22081	29072	tumor_like	medium	1	1	0	0	0	0	0	0	0	0	0	0
TGGATCACGCAGGTAT-1	1	58	178	37493	27554	tumor_like	medium	1	1	1	3	0	0	0	0	3	0.6	1	1
TGGATCATGCGGATGA-1	1	121	49	24666	38579	tumor_like	medium	1	1	156	10	1	0	17	0	28	5.6	1	10
TGGATCCACGCCACAT-1	1	23	171	36740	21495	tumor_like	medium	1	1	13	1	0	0	7	0	8	1.6	1	1
TGGATCGGCCGGTTGG-1	1	24	166	36241	21673	tumor_like	medium	1	1	12	0	0	0	0	0	0	0	0	0
TGGATCTAACGAAGTT-1	1	110	170	36769	36571	tumor_like	medium	1	1	0	1	0	0	0	0	1	0.2	0	0
TGGATCTACAACCAGG-1	1	39	61	25747	24361	tumor_like	medium	1	1	1	0	0	0	1	0	1	0.2	0	0
TGGATCTACGTTGGCG-1	1	118	62	25964	38049	tumor_like	medium	1	1	99	3	4	0	29	0	36	7.2	1	3
TGGATCTAGTTGTATG-1	1	111	69	26654	36830	tumor_like	medium	1	1	159	11	1	0	18	0	30	6	1	11
TGGATTATCATGAGCA-1	1	52	44	24063	26629	tumor_like	medium	1	1	0	0	0	0	0	0	0	0	0	0
TGGATTGTACGCAACC-1	1	112	114	31163	36965	tumor_like	medium	1	1	43	1	0	0	5	0	6	1.2	1	1
TGGCAACCTATCGTCC-1	1	46	54	25056	25581	tumor_like	medium	1	1	0	0	1	0	0	0	1	0.2	0	0
TGGCAACTTGGAGCGT-1	1	27	189	38549	22172	tumor_like	medium	1	1	37	2	1	0	5	0	8	1.6	1	2
TGGCAAGCTGTTCATA-1	1	107	169	36664	36051	tumor_like	medium	1	1	1	0	0	0	0	0	0	0	0	0
TGGCAATACATCACCT-1	1	101	203	40061	34983	tumor_like	medium	1	1	0	0	0	0	0	0	0	0	0	0
TGGCAATATGGCGAAC-1	1	94	206	40351	33768	tumor_like	medium	1	1	18	0	0	0	0	0	0	0	0	0
TGGCAGATGGCACCGC-1	1	104	10	20735	35668	tumor_like	medium	1	1	15	1	0	0	1	0	2	0.4	1	1
TGGCAGCGCCTGGTTA-1	1	97	135	33244	34347	tumor_like	medium	1	1	31	1	1	0	2	0	4	0.8	1	1
TGGCATAACAATTGAG-1	1	120	124	32176	38343	tumor_like	medium	1	1	38	7	1	0	4	0	12	2.4	1	7
TGGCATAATTGTAGCG-1	1	89	81	27824	33007	tumor_like	medium	1	1	107	3	0	0	12	0	15	3	1	3
TGGCATCATTGGTAAG-1	1	30	170	36651	22709	tumor_like	medium	1	1	25	3	2	0	6	0	11	2.2	1	3
TGGCATCTGTAGTCAC-1	1	47	57	25358	25750	tumor_like	medium	1	1	0	0	0	0	1	0	1	0.2	0	0
TGGCATGCCTCACTAG-1	1	96	54	25130	34244	tumor_like	medium	1	1	163	71	6	0	22	0	99	19.8	1	71
TGGCATGTAGTGCACT-1	1	68	106	30297	29348	tumor_like	medium	1	1	27	0	0	0	7	0	7	1.4	0	0
TGGCATGTATTCTTAC-1	1	16	62	25813	20376	tumor_like	medium	1	1	1	0	0	0	0	0	0	0	0	0
TGGCATGTGGACTGAG-1	1	65	151	34799	28789	tumor_like	medium	1	1	11	4	0	0	4	0	8	1.6	1	4
TGGCCAACGCACTCTG-1	1	28	108	30438	22416	tumor_like	medium	1	1	0	1	0	0	0	0	1	0.2	0	0
TGGCCAAGGTATTCAC-1	1	54	106	30276	26923	tumor_like	medium	1	1	116	2	1	0	3	0	6	1.2	1	2
TGGCCACTATCGTTGT-1	1	106	172	36963	35876	ambiguous_or_low_signal	low	0	0	0	0	0	0	0	0	0	0	0	0
TGGCCAGACGATCCAA-1	1	4	112	30803	18254	tumor_like	medium	1	1	0	1	0	0	2	0	3	0.6	0	0
TGGCCAGAGTGGCGAG-1	1	1	101	29697	17742	tumor_like	medium	1	1	2	2	0	0	1	0	3	0.6	1	2
TGGCCATATCAACGTC-1	1	12	108	30414	19643	tumor_like	medium	1	1	13	4	0	0	3	0	7	1.4	1	4
TGGCCATGGATCCAGC-1	1	1	165	36107	17688	tumor_like	medium	1	1	27	1	0	0	3	0	4	0.8	1	1
TGGCCATTAATACACG-1	1	62	80	27684	28331	tumor_like	medium	1	1	4	0	0	1	2	0	3	0.6	0	0
TGGCCATTACATCTAC-1	1	34	36	23236	23517	tumor_like	medium	1	1	0	0	0	0	1	0	1	0.2	0	0
TGGCCATTGTCCGGCT-1	1	90	124	32132	33145	tumor_like	medium	1	1	70	1	0	0	6	0	7	1.4	1	1
TGGCCTAATATTAGAT-1	1	1	123	31900	17724	tumor_like	medium	1	1	6	1	0	0	0	0	1	0.2	1	1
TGGCCTGTTCTGATCA-1	1	25	115	31135	21889	tumor_like	medium	1	1	1	1	0	0	0	0	1	0.2	1	1
TGGCGAACGGCGTACT-1	1	119	113	31073	38178	tumor_like	medium	1	1	36	2	0	0	11	0	13	2.6	1	2
TGGCGAATCATGTACA-1	1	123	67	26472	38910	tumor_like	medium	1	1	69	8	1	1	12	0	22	4.4	1	8
TGGCGAATCTACTCTT-1	1	4	100	29601	18264	tumor_like	medium	1	1	0	1	0	0	0	0	1	0.2	0	0
TGGCGAATGTCTTCGA-1	1	99	139	33648	34691	tumor_like	medium	1	1	81	10	0	0	9	0	19	3.8	1	10
TGGCGATAACGATTCA-1	1	24	168	36441	21672	tumor_like	medium	1	1	19	0	0	0	2	0	2	0.4	0	0
TGGCGATACAATGAGT-1	1	73	145	34210	30180	tumor_like	medium	1	1	29	1	0	0	6	0	7	1.4	1	1
TGGCGATAGTACCGTG-1	1	103	53	25040	35457	tumor_like	medium	1	1	111	11	1	0	16	0	28	5.6	1	11
TGGCGATATCCGGTGG-1	1	86	216	41340	32373	tumor_like	medium	1	1	62	0	1	0	6	0	7	1.4	0	0
TGGCTCCAGTCCAGAC-1	1	70	46	24290	29746	tumor_like	medium	1	1	6	0	0	0	0	0	0	0	0	0
TGGCTCCGCACTTCGG-1	1	55	105	30177	27096	tumor_like	medium	1	1	34	3	1	0	8	0	12	2.4	1	3
TGGCTCCGCCAGCAGT-1	1	121	143	34081	38499	tumor_like	medium	1	1	0	0	0	0	0	0	0	0	0	0
TGGCTCGACTACAACT-1	1	117	67	26463	37871	tumor_like	medium	1	1	71	6	0	0	12	0	18	3.6	1	6
TGGCTCTAAGCGACGG-1	1	65	93	28990	28839	tumor_like	medium	1	1	18	0	0	0	5	0	5	1	0	0
TGGCTGAAGCTGCATC-1	1	33	161	35754	23236	tumor_like	medium	1	1	15	1	0	0	6	0	7	1.4	1	1
TGGCTGAATCGACAGA-1	1	23	117	31332	21541	tumor_like	medium	1	1	3	1	0	0	0	0	1	0.2	1	1
TGGCTGAATTAAGTCG-1	1	22	134	33033	21354	tumor_like	medium	1	1	5	4	0	0	4	0	8	1.6	1	4
TGGCTGAGCATGTATT-1	1	119	119	31674	38173	tumor_like	medium	1	1	30	3	0	0	8	0	11	2.2	1	3
TGGCTGCAACCATACT-1	1	90	192	38943	33087	tumor_like	medium	1	1	24	1	0	0	1	0	2	0.4	1	1
TGGCTGCATTCCGAAT-1	1	51	61	25765	26440	tumor_like	medium	1	1	4	0	0	0	1	0	1	0.2	0	0
TGGCTGGACGGAGTAT-1	1	13	209	40532	19730	tumor_like	medium	1	1	3	0	0	0	1	0	1	0.2	0	0
TGGCTGGCAATACGAT-1	1	80	96	29313	31436	tumor_like	medium	1	1	63	1	0	0	10	0	11	2.2	1	1
TGGCTGGCGGACCAGA-1	1	89	47	24418	33036	tumor_like	medium	1	1	119	15	1	0	17	0	33	6.6	1	15
TGGCTGGTATAACTCC-1	1	66	202	39909	28920	tumor_like	medium	1	1	27	0	0	0	2	0	2	0.4	0	0
TGGCTGTTACGCCAAT-1	1	88	198	39541	32735	tumor_like	medium	1	1	14	0	0	0	1	0	1	0.2	0	0
TGGCTGTTGGACTCGG-1	1	78	182	37923	31016	tumor_like	medium	1	1	36	5	1	0	11	0	17	3.4	1	5
TGGTACAATCCATACG-1	1	0	104	29996	17568	tumor_like	medium	1	1	3	2	0	1	0	0	3	0.6	1	2
TGGTACAATTATCGCA-1	1	0	48	24387	17615	tumor_like	medium	1	1	0	0	0	0	0	0	0	0	0	0
TGGTACATTGAGACGC-1	1	7	51	24698	18825	tumor_like	medium	1	1	0	0	0	0	0	0	0	0	0	0
TGGTACCGTATGACAA-1	1	63	57	25382	28523	tumor_like	medium	1	1	14	0	0	0	5	0	5	1	0	0
TGGTACCGTTGACAAC-1	1	72	104	30102	30043	tumor_like	medium	1	1	93	1	0	1	5	0	7	1.4	1	1
TGGTACGGCGAGATTA-1	1	113	131	32867	37123	tumor_like	medium	1	1	7	0	1	0	2	0	3	0.6	0	0
TGGTACGGCGGTCCGA-1	1	10	20	21598	19372	ambiguous_or_low_signal	low	0	0	0	0	0	0	0	0	0	0	0	0
TGGTACGGTGCCACAT-1	1	22	128	32432	21359	tumor_like	medium	1	1	58	13	0	0	7	0	20	4	1	13
TGGTACGTCTTCGCTA-1	1	72	40	23692	30098	tumor_like	medium	1	1	2	0	0	0	1	0	1	0.2	0	0
TGGTACGTTCAGCATT-1	1	57	35	23169	27502	tumor_like	medium	1	1	1	0	1	0	0	0	1	0.2	0	0
TGGTACTCCTCATGTT-1	1	31	79	27538	22959	tumor_like	medium	1	1	0	2	0	0	0	0	2	0.4	0	0
TGGTACTCGCCTTGCC-1	1	91	69	26625	33364	tumor_like	medium	1	1	96	6	0	0	26	0	32	6.4	1	6
TGGTACTCGTTGACTC-1	1	117	125	32272	37821	tumor_like	medium	1	1	23	6	0	0	8	0	14	2.8	1	6
TGGTACTTATCGAACC-1	1	18	160	35631	20639	tumor_like	medium	1	1	9	1	0	0	1	0	2	0.4	1	1
TGGTACTTGTACGTGA-1	1	91	79	27626	33356	tumor_like	medium	1	1	153	2	0	0	13	0	15	3	1	2
TGGTACTTGTCTACAT-1	1	124	72	26974	39080	tumor_like	medium	1	1	109	1	0	0	20	0	21	4.2	1	1
TGGTAGCAGGTGTTCT-1	1	37	187	38364	23907	tumor_like	medium	1	1	6	16	0	0	1	0	17	3.4	1	6
TGGTAGGCTGAATGTA-1	1	23	173	36941	21493	tumor_like	medium	1	1	11	2	0	0	1	0	3	0.6	1	2
TGGTAGTTATAGTGTT-1	1	37	171	36761	23920	tumor_like	medium	1	1	27	5	0	0	3	0	8	1.6	1	5
TGGTATACTCCAGAGC-1	1	102	108	30547	35238	tumor_like	medium	1	1	143	29	6	0	9	0	44	8.8	1	29
TGGTATAGATCTAGCC-1	1	45	165	36172	25312	tumor_like	medium	1	1	15	5	0	0	0	0	5	1	1	5
TGGTATCTTAATTACC-1	1	84	200	39735	32040	tumor_like	medium	1	1	16	0	0	0	1	0	1	0.2	0	0
TGGTATGTATGGAGTC-1	1	71	77	27397	29892	tumor_like	medium	1	1	18	1	0	0	2	0	3	0.6	1	1
TGGTATTACAACCGTG-1	1	24	54	25024	21769	tumor_like	medium	1	1	0	0	0	0	0	0	0	0	0	0
TGGTATTAGTATTGCT-1	1	97	213	41056	34281	tumor_like	medium	1	1	0	0	0	0	0	0	0	0	0	0
TGGTATTCTGTATTCT-1	1	114	82	27961	37339	tumor_like	medium	1	1	153	17	0	0	19	0	36	7.2	1	17
TGGTCATGCTTCGCCA-1	1	30	108	30441	22762	tumor_like	medium	1	1	1	0	0	0	0	0	0	0	0	0
TGGTCGAGGATCCTCG-1	1	58	114	31083	27609	tumor_like	medium	1	1	19	0	1	0	5	0	6	1.2	0	0
TGGTCGAGGCCTGAGT-1	1	110	124	32161	36610	tumor_like	medium	1	1	25	1	0	0	2	0	3	0.6	1	1
TGGTCGCCAAGTTAGG-1	1	44	180	37673	25127	tumor_like	medium	1	1	16	9	1	0	1	0	11	2.2	1	9
TGGTCGCTGCCTAGAT-1	1	23	71	26725	21580	tumor_like	medium	1	1	0	0	0	0	0	0	0	0	0	0
TGGTCTGATAGAGTAT-1	1	96	112	30939	34195	tumor_like	medium	1	1	95	0	0	0	7	0	7	1.4	0	0
TGGTCTTCTGATTAGA-1	1	51	65	26165	26437	tumor_like	medium	1	1	2	0	0	1	0	0	1	0.2	0	0
TGGTGAAGCGGCACAA-1	1	1	81	27694	17759	tumor_like	medium	1	1	1	0	0	0	0	0	0	0	0	0
TGGTGCAGGTCAAGAC-1	1	109	143	34063	36420	tumor_like	medium	1	1	8	0	0	0	2	0	2	0.4	0	0
TGGTGCATTGAGCTTG-1	1	92	174	37143	33449	tumor_like	medium	1	1	1	0	1	0	0	0	1	0.2	0	0
TGGTGCCGAACAGTCA-1	1	74	124	32108	30373	tumor_like	medium	1	1	63	1	0	0	7	0	8	1.6	1	1
TGGTGCCTCGATGACG-1	1	25	191	38747	21824	tumor_like	medium	1	1	91	5	0	0	8	0	13	2.6	1	5
TGGTGCGACTATACCG-1	1	34	184	38059	23391	tumor_like	medium	1	1	14	9	0	0	5	0	14	2.8	1	9
TGGTGCGAGGCGTAGC-1	1	78	110	30712	31078	tumor_like	medium	1	1	30	3	1	1	5	0	10	2	1	3
TGGTGCGATAAGTTGT-1	1	23	111	30731	21546	tumor_like	medium	1	1	17	6	1	0	1	0	8	1.6	1	6
TGGTGCGATATCCAAC-1	1	0	166	36206	17515	tumor_like	medium	1	1	25	0	0	0	5	0	5	1	0	0
TGGTGCGGTTGTCTCA-1	1	105	61	25844	35797	tumor_like	medium	1	1	341	30	10	0	27	0	67	13.4	1	30
TGGTGCTCACTATCTA-1	1	123	125	32281	38861	tumor_like	medium	1	1	43	3	0	0	7	0	10	2	1	3
TGGTGCTCTACTTGAA-1	1	60	62	25878	28000	tumor_like	medium	1	1	36	0	0	0	4	0	4	0.8	0	0
TGGTGCTTGCGTATCT-1	1	68	42	23887	29403	tumor_like	medium	1	1	2	0	0	0	0	0	0	0	0	0
TGGTTAACAGATAACA-1	1	9	147	34316	19089	tumor_like	medium	1	1	6	1	0	0	1	0	2	0.4	1	1
TGGTTACGAGATGCAA-1	1	78	166	36321	31030	tumor_like	medium	1	1	71	0	0	0	4	0	4	0.8	0	0
TGGTTACGCCTTGGTC-1	1	58	24	22069	27686	tumor_like	medium	1	1	0	0	0	0	0	0	0	0	0	0
TGGTTATTCAGATAGT-1	1	77	161	35819	30860	tumor_like	medium	1	1	59	1	0	0	7	0	8	1.6	1	1
TGGTTGAAGTTACGTG-1	1	14	70	26611	20022	tumor_like	medium	1	1	1	0	0	0	0	0	0	0	0	0
TGGTTGAATGGATAAG-1	1	76	54	25100	30779	tumor_like	medium	1	1	122	0	0	0	14	0	14	2.8	0	0
TGGTTGGAACAGCTTA-1	1	63	157	35397	28437	tumor_like	medium	1	1	17	0	0	0	2	0	2	0.4	0	0
TGGTTGGACATATCTT-1	1	127	59	25676	39610	tumor_like	medium	1	1	95	11	3	0	16	0	30	6	1	11
TGGTTGGAGCCGCAAT-1	1	88	140	33731	32785	tumor_like	medium	1	1	29	0	2	0	4	0	6	1.2	0	0
TGGTTGGATATGAGAA-1	1	119	47	24463	38234	tumor_like	medium	1	1	197	6	1	0	14	0	21	4.2	1	6
TGGTTGGATTAATGAT-1	1	25	129	32537	21877	tumor_like	medium	1	1	17	2	0	0	2	0	4	0.8	1	2
TGGTTGGCTTGGTCAC-1	1	66	212	40910	28911	tumor_like	medium	1	1	10	2	0	0	1	1	4	0.8	1	2
TGGTTGGTTCGCGGCC-1	1	86	86	28320	32484	tumor_like	medium	1	1	307	0	0	0	12	0	12	2.4	0	0
TGGTTGGTTCGTTAGG-1	1	41	179	37568	24607	tumor_like	medium	1	1	11	5	0	0	2	1	8	1.6	1	5
TGGTTGTATGCAACGA-1	1	59	93	28981	27799	tumor_like	medium	1	1	6	0	0	0	0	0	0	0	0	0
TGGTTGTCCTCAGAAG-1	1	34	202	39862	23375	tumor_like	medium	1	1	0	1	0	0	0	0	1	0.2	0	0
TGGTTGTCGCGAGTAA-1	1	119	129	32676	38165	tumor_like	medium	1	1	24	4	0	0	6	0	10	2	1	4
TGTAAGCGCTCACTCA-1	1	98	110	30742	34543	tumor_like	medium	1	1	101	2	0	0	6	0	8	1.6	1	2
TGTAAGGCTTGCCAAC-1	1	11	197	39327	19393	tumor_like	medium	1	1	17	0	1	0	2	1	4	0.8	0	0
TGTAATACTGCGTGCC-1	1	102	62	25940	35277	tumor_like	medium	1	1	377	15	1	0	35	0	51	10.2	1	15
TGTAATCGCATAGGAT-1	1	104	100	29749	35591	tumor_like	medium	1	1	141	15	2	1	19	0	37	7.4	1	15
TGTAATCTAACATTCG-1	1	25	111	30734	21892	tumor_like	medium	1	1	12	1	0	0	0	0	1	0.2	1	1
TGTAATGAGTGCAGTG-1	1	9	207	40325	19038	tumor_like	medium	1	1	0	1	1	0	0	0	2	0.4	0	0
TGTAATGATACACTAC-1	1	101	13	21031	35145	tumor_like	medium	1	1	26	7	0	0	1	0	8	1.6	1	7
TGTAATGTATTCGAAT-1	1	102	166	36356	35188	tumor_like	medium	1	1	2	0	0	0	0	0	0	0	0	0
TGTAATGTCATTCCGA-1	1	91	155	35238	33291	tumor_like	medium	1	1	24	2	1	0	2	0	5	1	1	2
TGTAATTAACGTCAAC-1	1	51	111	30772	26397	tumor_like	medium	1	1	60	3	0	0	1	0	4	0.8	1	3
TGTACACGCCATACCA-1	1	34	146	34253	23423	tumor_like	medium	1	1	5	3	0	0	0	0	3	0.6	1	3
TGTACCAACGTGCGAT-1	1	55	211	40794	27005	tumor_like	medium	1	1	23	3	0	0	6	0	9	1.8	1	3
TGTACCAAGTTGGTAA-1	1	74	92	28903	30400	tumor_like	medium	1	1	15	0	0	0	2	0	2	0.4	0	0
TGTACCACATGGCGTG-1	1	59	127	32387	27770	tumor_like	medium	1	1	45	7	0	0	8	0	15	3	1	7
TGTACCGCATCCGGCG-1	1	98	12	20926	34627	tumor_like	medium	1	1	13	0	0	0	2	0	2	0.4	0	0
TGTACCTACCATAGCC-1	1	63	221	41807	28383	tumor_like	medium	1	1	115	16	0	0	19	0	35	7	1	16
TGTACCTACGGCGTTA-1	1	49	153	34976	26015	tumor_like	medium	1	1	6	1	0	0	1	0	2	0.4	1	1
TGTAGCTCGGTACAGA-1	1	37	185	38163	23909	tumor_like	medium	1	1	6	11	0	0	0	0	11	2.2	1	6
TGTAGGACGACTTCGC-1	1	79	167	36422	31201	tumor_like	medium	1	1	24	0	0	0	1	0	1	0.2	0	0
TGTAGGAGGCATACTA-1	1	6	98	29404	18612	tumor_like	medium	1	1	0	0	0	0	0	0	0	0	0	0
TGTAGGAGGTGCCTTC-1	1	50	138	33475	26202	tumor_like	medium	1	1	3	2	0	0	0	0	2	0.4	1	2
TGTAGGAGTGTACCGA-1	1	119	13	21057	38263	tumor_like	medium	1	1	33	2	1	0	8	0	11	2.2	1	2
TGTAGGCAAGTTAGAT-1	1	25	125	32136	21880	tumor_like	medium	1	1	13	7	0	0	2	0	9	1.8	1	7
TGTAGGTGATTGTTAG-1	1	23	121	31733	21537	tumor_like	medium	1	1	10	5	0	0	0	0	5	1	1	5
TGTAGGTGTCACTGGA-1	1	120	122	31976	38345	tumor_like	medium	1	1	29	0	0	0	8	0	8	1.6	0	0
TGTAGGTGTCATGTTC-1	1	17	61	25714	20549	tumor_like	medium	1	1	0	0	0	0	0	0	0	0	0	0
TGTAGGTTATACGGCG-1	1	91	133	33035	33310	tumor_like	medium	1	1	67	2	0	0	6	0	8	1.6	1	2
TGTAGTAACTTAATCG-1	1	24	220	41650	21627	tumor_like	medium	1	1	1	0	0	0	0	0	0	0	0	0
TGTAGTCCAATAGATT-1	1	97	7	20424	34457	tumor_like	medium	1	1	14	1	1	1	3	0	6	1.2	1	1
TGTAGTCTATCACCGC-1	1	96	204	40153	34116	tumor_like	medium	1	1	19	2	0	0	4	0	6	1.2	1	2
TGTAGTGCAGCGCATG-1	1	10	116	31213	19290	tumor_like	medium	1	1	2	2	0	0	1	0	3	0.6	1	2
TGTAGTTCGCCAGGTT-1	1	73	45	24194	30266	tumor_like	medium	1	1	17	1	0	0	1	0	2	0.4	1	1
TGTATCACCATCGACT-1	1	84	48	24511	32170	tumor_like	medium	1	1	147	7	1	0	18	0	26	5.2	1	7
TGTATCCGTCCGTTCG-1	1	61	95	29185	28144	tumor_like	medium	1	1	16	0	0	0	1	0	1	0.2	0	0
TGTATCGTGGTAGCAT-1	1	24	194	39046	21649	tumor_like	medium	1	1	63	1	0	0	8	0	9	1.8	1	1
TGTATCTATTCCGCAG-1	1	31	177	37353	22876	tumor_like	medium	1	1	25	3	1	0	7	0	11	2.2	1	3
TGTATCTGCAGAGTGG-1	1	36	142	33855	23773	tumor_like	medium	1	1	3	1	0	0	0	0	1	0.2	1	1
TGTATGAAGCCGTGTT-1	1	113	105	30263	37145	tumor_like	medium	1	1	19	4	2	0	3	0	9	1.8	1	4
TGTATGAAGCGTATTC-1	1	8	126	32211	18935	tumor_like	medium	1	1	8	4	0	0	1	0	5	1	1	4
TGTATGACAACCTATC-1	1	98	10	20726	34628	tumor_like	medium	1	1	4	0	0	0	5	0	5	1	0	0
TGTATGACCTTACGTA-1	1	88	80	27722	32836	tumor_like	medium	1	1	53	3	0	0	6	0	9	1.8	1	3
TGTATGATCGTTAACC-1	1	68	80	27693	29370	tumor_like	medium	1	1	5	1	0	0	2	0	3	0.6	1	1
TGTATGATTAACTTCA-1	1	81	219	41634	31503	tumor_like	medium	1	1	8	1	0	0	1	0	2	0.4	1	1
TGTATGCATTGCGGTG-1	1	126	110	30783	39395	tumor_like	medium	1	1	25	12	0	0	10	0	22	4.4	1	12
TGTATGCCTCCAATAA-1	1	87	71	26819	32669	tumor_like	medium	1	1	136	3	0	0	15	0	18	3.6	1	3
TGTATGCTTCACGATA-1	1	79	109	30613	31251	tumor_like	medium	1	1	35	1	0	0	5	0	6	1.2	1	1
TGTATGGACACTATCA-1	1	126	106	30382	39398	tumor_like	medium	1	1	21	9	1	0	6	0	16	3.2	1	9
TGTATGGATAGGCTCG-1	1	16	54	25012	20383	tumor_like	medium	1	1	1	0	0	0	1	0	1	0.2	0	0
TGTATGGATGGTAACT-1	1	12	126	32217	19628	tumor_like	medium	1	1	11	6	0	1	3	0	10	2	1	6
TGTATGGTAATACTAG-1	1	123	1	19861	38967	tumor_like	medium	1	1	11	2	0	0	1	0	3	0.6	1	2
TGTATGGTCCGTTGTA-1	1	54	142	33882	26892	tumor_like	medium	1	1	4	0	0	0	1	0	1	0.2	0	0
TGTATGTCCGGCTCTG-1	1	96	108	30538	34198	tumor_like	medium	1	1	126	4	0	0	9	0	13	2.6	1	4
TGTATTAGATCGTCCA-1	1	70	220	41717	29598	tumor_like	medium	1	1	10	3	1	0	2	0	6	1.2	1	3
TGTATTGACTGGAACA-1	1	23	187	38343	21481	tumor_like	medium	1	1	33	0	1	0	12	0	13	2.6	0	0
TGTATTGTATACCGGC-1	1	8	122	31811	18938	tumor_like	medium	1	1	11	5	1	0	2	0	8	1.6	1	5
TGTCAACACTTCAGTT-1	1	56	82	27875	27290	tumor_like	medium	1	1	18	1	0	0	4	0	5	1	1	1
TGTCAACCTGCTAACT-1	1	40	140	33661	24468	tumor_like	medium	1	1	4	4	0	0	0	0	4	0.8	1	4
TGTCAAGAACTGATTC-1	1	76	152	34916	30695	tumor_like	medium	1	1	34	5	0	0	3	0	8	1.6	1	5
TGTCAAGACGAACTCC-1	1	56	32	22867	27332	tumor_like	medium	1	1	0	0	0	0	0	0	0	0	0	0
TGTCAAGAGCAGGACC-1	1	79	195	39227	31177	tumor_like	medium	1	1	17	0	0	0	1	1	2	0.4	0	0
TGTCAAGCGTCTATTG-1	1	16	196	39234	20261	tumor_like	medium	1	1	2	0	0	0	0	0	0	0	0	0
TGTCAAGTAACCTGAG-1	1	61	45	24177	28186	tumor_like	medium	1	1	0	0	0	0	0	0	0	0	0	0
TGTCAAGTAGTTCTCA-1	1	78	190	38725	31009	tumor_like	medium	1	1	19	0	0	0	0	0	0	0	0	0
TGTCAAGTCCTTAGGC-1	1	116	118	31569	37655	tumor_like	medium	1	1	33	1	0	0	2	0	3	0.6	1	1
TGTCAATACATACTGG-1	1	17	69	26516	20542	tumor_like	medium	1	1	0	0	0	0	0	0	0	0	0	0
TGTCAATATCATCCTA-1	1	118	110	30771	38008	tumor_like	medium	1	1	43	2	1	0	4	0	7	1.4	1	2
TGTCAATGCTGAGTGA-1	1	64	74	27086	28683	tumor_like	medium	1	1	4	2	0	0	0	0	2	0.4	1	2
TGTCAATGGCCAGGTA-1	1	125	129	32684	39204	tumor_like	medium	1	1	45	4	0	0	6	0	10	2	1	4
TGTCAATTACCAAGCG-1	1	27	171	36746	22188	tumor_like	medium	1	1	39	1	0	0	2	1	4	0.8	1	1
TGTCACAGACAAGCCA-1	1	115	73	27061	37519	tumor_like	medium	1	1	55	3	0	0	22	0	25	5	1	3
TGTCACAGTAGCGACG-1	1	4	90	28600	18273	tumor_like	medium	1	1	1	0	0	0	0	0	0	0	0	0
TGTCACAGTTCCGTAA-1	1	115	61	25859	37529	tumor_like	medium	1	1	117	4	3	0	16	0	23	4.6	1	4
TGTCACCAAGTGCATC-1	1	60	76	27280	27988	tumor_like	medium	1	1	3	1	0	0	0	0	1	0.2	1	1
TGTCACCACGGCGATG-1	1	90	74	27124	33188	tumor_like	medium	1	1	128	5	0	0	18	0	23	4.6	1	5
TGTCACCATAACAGTA-1	1	93	161	35842	33632	tumor_like	medium	1	1	43	1	0	0	5	0	6	1.2	1	1
TGTCACGTGCAGCCAA-1	1	60	206	40301	27877	tumor_like	medium	1	1	35	0	0	0	4	0	4	0.8	0	0
TGTCACTACAGACGCC-1	1	123	47	24469	38928	tumor_like	medium	1	1	153	6	1	0	19	0	26	5.2	1	6
TGTCACTAGCAGTTGA-1	1	10	124	32014	19283	tumor_like	medium	1	1	10	3	0	0	3	0	6	1.2	1	3
TGTCACTCATAAGGAA-1	1	48	150	34674	25845	tumor_like	medium	1	1	5	4	0	0	2	0	6	1.2	1	4
TGTCAGACATGCGAAG-1	1	104	56	25342	35629	tumor_like	medium	1	1	302	29	7	0	33	0	69	13.8	1	29
TGTCAGACGTGCTGCC-1	1	93	207	40449	33593	tumor_like	medium	1	1	3	0	0	0	1	0	1	0.2	0	0
TGTCAGATAATCTAGG-1	1	123	79	27674	38900	tumor_like	medium	1	1	44	5	0	0	5	0	10	2	1	5
TGTCAGATGAGTGGCG-1	1	101	67	26439	35099	tumor_like	medium	1	1	180	18	5	0	25	1	49	9.8	1	18
TGTCAGCGCTCGACAT-1	1	100	74	27139	34920	tumor_like	medium	1	1	184	169	10	0	36	0	215	43	1	169
TGTCAGCGGCAACTCC-1	1	52	46	24264	26627	tumor_like	medium	1	1	0	0	0	0	0	0	0	0	0	0
TGTCAGCGTAACGTTC-1	1	15	201	39733	20083	tumor_like	medium	1	1	1	1	0	0	1	0	2	0.4	1	1
TGTCAGTCACAATCGG-1	1	81	119	31618	31589	tumor_like	medium	1	1	22	2	0	0	3	0	5	1	1	2
TGTCAGTGACTGCAGA-1	1	52	102	29872	26579	tumor_like	medium	1	1	16	2	0	0	7	0	9	1.8	1	2
TGTCAGTGATACGGTT-1	1	74	220	41723	30291	tumor_like	medium	1	1	66	8	1	0	11	0	20	4	1	8
TGTCAGTGGAGCCGTA-1	1	62	20	21674	28382	tumor_like	medium	1	1	0	0	0	0	0	0	0	0	0	0
TGTCAGTGTACCTTAG-1	1	108	46	24346	36330	tumor_like	medium	1	1	164	4	0	0	20	1	25	5	1	4
TGTCATAGCACTATGT-1	1	113	77	27459	37169	tumor_like	medium	1	1	82	3	1	0	13	0	17	3.4	1	3
TGTCATCCACAGCAGT-1	1	81	89	28613	31614	tumor_like	medium	1	1	81	2	0	0	16	1	19	3.8	1	2
TGTCCATGTATTCGCC-1	1	105	147	34458	35723	tumor_like	medium	1	1	11	6	0	0	6	0	12	2.4	1	6
TGTCCTACAGGAATCA-1	1	10	200	39626	19218	tumor_like	medium	1	1	12	4	0	0	2	2	8	1.6	1	4
TGTCCTACCATCTTCG-1	1	25	209	40549	21809	tumor_like	medium	1	1	0	0	0	0	0	0	0	0	0	0
TGTCCTAGCAATTGTA-1	1	93	71	26828	33709	tumor_like	medium	1	1	81	6	0	0	16	0	22	4.4	1	6
TGTCCTAGGCACTCGC-1	1	71	49	24592	29916	tumor_like	medium	1	1	16	0	0	0	4	0	4	0.8	0	0
TGTCCTAGTGGCGTCC-1	1	111	65	26254	36833	tumor_like	medium	1	1	162	21	0	1	14	0	36	7.2	1	21
TGTCCTCATACCGACT-1	1	67	79	27591	29197	tumor_like	medium	1	1	3	0	0	0	3	0	3	0.6	0	0
TGTCCTGGCTCGCTTC-1	1	39	125	32157	24306	tumor_like	medium	1	1	4	1	0	0	2	0	3	0.6	1	1
TGTCCTGTCGGTGGCG-1	1	1	9	20483	17821	tumor_like	medium	1	1	0	0	0	0	0	0	0	0	0	0
TGTCCTTCCTCGTACA-1	1	72	118	31504	30031	tumor_like	medium	1	1	4	1	0	0	1	0	2	0.4	1	1
TGTCCTTGACTAAGGC-1	1	67	185	38208	29107	tumor_like	medium	1	1	12	1	0	0	1	0	2	0.4	1	1
TGTCCTTGGTACCATC-1	1	108	148	34562	36243	tumor_like	medium	1	1	7	1	0	0	2	0	3	0.6	1	1
TGTCCTTGTTGGTATT-1	1	92	136	33337	33481	tumor_like	medium	1	1	98	7	1	0	7	0	15	3	1	7
TGTCGAAGGTCGGCTT-1	1	94	136	33340	33828	tumor_like	medium	1	1	59	3	0	0	12	0	15	3	1	3
TGTCGAGTTAGCTTAT-1	1	104	96	29348	35595	tumor_like	medium	1	1	124	24	0	1	17	0	42	8.4	1	24
TGTCGATCAGGTTACT-1	1	94	166	36344	33802	tumor_like	medium	1	1	6	0	0	0	1	0	1	0.2	0	0
TGTCGATCGATCGATT-1	1	98	44	24131	34599	tumor_like	medium	1	1	86	9	1	0	16	0	26	5.2	1	9
TGTCGATCGCTACGCT-1	1	50	106	30270	26229	tumor_like	medium	1	1	23	0	0	0	2	0	2	0.4	0	0
TGTCGCAAGACTGTTG-1	1	43	153	34967	24975	tumor_like	medium	1	1	5	3	0	0	3	0	6	1.2	1	3
TGTCGCGTCTGATAGA-1	1	15	119	31520	20153	tumor_like	medium	1	1	6	0	0	0	1	0	1	0.2	0	0
TGTCGCTATCTGGCGA-1	1	84	188	38533	32051	tumor_like	medium	1	1	22	9	0	0	6	0	15	3	1	9
TGTCTAAGGTATCATG-1	1	57	49	24572	27490	tumor_like	medium	1	1	3	0	0	0	0	0	0	0	0	0
TGTCTAATCTGTAGCA-1	1	15	51	24710	20211	tumor_like	medium	1	1	0	0	0	0	0	0	0	0	0	0
TGTCTAATGCTTCGGA-1	1	77	201	39825	30826	tumor_like	medium	1	1	20	0	0	0	1	0	1	0.2	0	0
TGTCTAATTAGGTCTA-1	1	109	135	33262	36427	tumor_like	medium	1	1	13	0	0	0	0	0	0	0	0	0
TGTCTGCCATACCGCC-1	1	97	209	40656	34284	tumor_like	medium	1	1	0	0	0	0	0	0	0	0	0	0
TGTCTGCCATTGAACA-1	1	1	209	40514	17650	tumor_like	medium	1	1	0	0	0	0	0	0	0	0	0	0
TGTCTGCGACCTATTC-1	1	10	126	32214	19282	tumor_like	medium	1	1	9	8	0	0	2	0	10	2	1	8
TGTCTGCGAGTTCATT-1	1	82	66	26311	31808	tumor_like	medium	1	1	60	3	1	0	12	0	16	3.2	1	3
TGTCTGGATTACTATT-1	1	43	29	22548	25081	tumor_like	medium	1	1	0	0	0	0	0	0	0	0	0	0
TGTCTGTACTCACTAA-1	1	1	85	28095	17756	tumor_like	medium	1	1	1	0	0	0	0	0	0	0	0	0
TGTCTGTCCATTGACG-1	1	0	122	31799	17552	tumor_like	medium	1	1	8	1	0	1	2	0	4	0.8	1	1
TGTCTTACAAGCCTTC-1	1	34	110	30647	23454	tumor_like	medium	1	1	3	0	0	0	1	0	1	0.2	0	0
TGTCTTCAGAAGTGCC-1	1	92	68	26526	33539	tumor_like	medium	1	1	115	8	0	0	17	0	25	5	1	8
TGTCTTCAGCGTCAGC-1	1	66	218	41511	28906	tumor_like	medium	1	1	15	0	1	0	2	0	3	0.6	0	0
TGTCTTCCATGTCTAA-1	1	51	47	24362	26452	tumor_like	medium	1	1	0	0	0	0	0	0	0	0	0	0
TGTCTTCCGGTGCTCC-1	1	92	128	32536	33488	tumor_like	medium	1	1	40	1	0	0	4	0	5	1	1	1
TGTCTTCCTGACCGAG-1	1	25	83	27930	21916	tumor_like	medium	1	1	0	0	0	0	0	0	0	0	0	0
TGTCTTGGCAGTTAGA-1	1	62	160	35696	28263	tumor_like	medium	1	1	2	3	0	0	2	0	5	1	1	2
TGTCTTGGCGTCTGAC-1	1	123	93	29076	38888	tumor_like	medium	1	1	20	5	1	0	1	0	7	1.4	1	5
TGTCTTGGCTACCTGG-1	1	62	90	28685	28322	tumor_like	medium	1	1	25	0	0	0	8	0	8	1.6	0	0
TGTTAACGAGACATCG-1	1	101	129	32649	35046	tumor_like	medium	1	1	59	6	0	0	8	1	15	3	1	6
TGTTAACGCATGGATA-1	1	81	133	33020	31577	tumor_like	medium	1	1	36	3	0	0	1	0	4	0.8	1	3
TGTTAATCAGCGAGGA-1	1	12	220	41632	19548	tumor_like	medium	1	1	1	1	0	0	0	0	1	0.2	1	1
TGTTAATGATTCACTA-1	1	110	110	30759	36622	tumor_like	medium	1	1	31	3	0	0	6	0	9	1.8	1	3
TGTTACAACGGTGCCA-1	1	110	68	26553	36658	tumor_like	medium	1	1	655	38	5	0	67	0	110	22	1	38
TGTTACAACTAAGGTT-1	1	121	59	25668	38571	tumor_like	medium	1	1	136	8	1	0	17	0	26	5.2	1	8
TGTTACCGAGCAATGA-1	1	71	139	33606	29839	tumor_like	medium	1	1	29	20	3	0	2	0	25	5	1	20
TGTTACGCAGAAGGCC-1	1	17	155	35129	20469	tumor_like	medium	1	1	7	1	0	0	1	0	2	0.4	1	1
TGTTAGGATTGTCTTG-1	1	82	170	36727	31720	tumor_like	medium	1	1	6	0	0	0	0	0	0	0	0	0
TGTTATCCTACCGTGC-1	1	120	132	32977	38336	tumor_like	medium	1	1	32	13	0	0	7	0	20	4	1	13
TGTTATGCCGGTCTGC-1	1	29	177	37350	22529	tumor_like	medium	1	1	16	7	1	0	4	0	12	2.4	1	7
TGTTATGTACGCATAC-1	1	43	161	35768	24969	tumor_like	medium	1	1	17	0	0	0	4	0	4	0.8	0	0
TGTTCAACGACTGCAT-1	1	53	77	27370	26773	tumor_like	medium	1	1	7	1	1	0	0	0	2	0.4	1	1
TGTTCACCAAGAACGA-1	1	79	147	34419	31218	tumor_like	medium	1	1	39	2	1	0	7	0	10	2	1	2
TGTTCACCTATGAGAA-1	1	35	27	22336	23697	tumor_like	medium	1	1	0	0	0	0	0	0	0	0	0	0
TGTTCACTCAGTTCGC-1	1	94	116	31337	33845	tumor_like	medium	1	1	49	2	0	0	12	0	14	2.8	1	2
TGTTCACTCCTTGACT-1	1	34	174	37057	23399	tumor_like	medium	1	1	40	5	0	0	9	0	14	2.8	1	5
TGTTCACTTAAGTAAG-1	1	123	57	25470	38919	tumor_like	medium	1	1	107	12	2	0	17	0	31	6.2	1	12
TGTTCACTTCACATAA-1	1	18	82	27819	20705	tumor_like	medium	1	1	0	0	0	0	0	0	0	0	0	0
TGTTCAGAATCCTAAT-1	1	99	47	24433	34769	tumor_like	medium	1	1	175	21	1	0	15	0	37	7.4	1	21
TGTTCATAGCAATAGA-1	1	98	150	34748	34509	tumor_like	medium	1	1	26	4	0	2	7	0	13	2.6	1	4
TGTTCATATCTATGAC-1	1	49	131	32773	26034	tumor_like	medium	1	1	26	3	0	1	1	0	5	1	1	3
TGTTCATATTCGGCTC-1	1	95	209	40653	33938	tumor_like	medium	1	1	0	0	0	0	0	0	0	0	0	0
TGTTCCAACCGTCGTT-1	1	17	201	39736	20429	tumor_like	medium	1	1	1	0	0	0	0	1	1	0.2	0	0
TGTTCCAATACTCAGT-1	1	74	58	25498	30429	tumor_like	medium	1	1	28	0	0	0	3	0	3	0.6	0	0
TGTTCCAATCTAATTG-1	1	81	117	31418	31590	tumor_like	medium	1	1	21	1	1	0	1	0	3	0.6	1	1
TGTTCGAGGCCAAGGA-1	1	103	51	24840	35459	tumor_like	medium	1	1	1157	23	5	0	30	1	59	11.8	1	23
TGTTCGCACGGCCGGC-1	1	45	51	24754	25409	tumor_like	medium	1	1	0	0	0	0	0	0	0	0	0	0
TGTTCGCTTCTAATCC-1	1	65	153	35000	28787	tumor_like	medium	1	1	27	0	0	0	5	0	5	1	0	0
TGTTCGTACACGGCCA-1	1	49	133	32973	26032	tumor_like	medium	1	1	33	1	0	0	1	0	2	0.4	1	1
TGTTCGTGGCGTCGTG-1	1	73	69	26598	30245	tumor_like	medium	1	1	50	2	1	1	10	0	14	2.8	1	2
TGTTCTAATCGGCCAG-1	1	4	98	29401	18266	tumor_like	medium	1	1	3	0	0	0	1	0	1	0.2	0	0
TGTTCTCCTGCAATTA-1	1	127	109	30684	39568	tumor_like	medium	1	1	23	12	1	0	6	0	19	3.8	1	12
TGTTGCCAGTCGCCTG-1	1	84	102	29920	32124	tumor_like	medium	1	1	35	0	0	0	8	0	8	1.6	0	0
TGTTGCGTATGTATTA-1	1	4	144	34008	18227	tumor_like	medium	1	1	28	1	0	0	4	1	6	1.2	1	1
TGTTGCTATCGGTGGC-1	1	127	115	31285	39563	tumor_like	medium	1	1	47	36	2	0	8	0	46	9.2	1	36
TGTTGCTCGATGTCTG-1	1	93	17	21420	33755	tumor_like	medium	1	1	38	12	0	0	6	0	18	3.6	1	12
TGTTGGACGAAGGCGT-1	1	79	219	41631	31157	tumor_like	medium	1	1	33	0	0	0	5	0	5	1	0	0
TGTTGGAGCCGCGACG-1	1	90	182	37941	33095	tumor_like	medium	1	1	17	1	0	0	2	0	3	0.6	1	1
TGTTGGATAGATCAGA-1	1	86	176	37334	32407	tumor_like	medium	1	1	2	0	0	0	0	1	1	0.2	0	0
TGTTGGCCAATATGGC-1	1	61	219	41604	28038	tumor_like	medium	1	1	112	6	0	0	13	0	19	3.8	1	6
TGTTGGTGCGCACGAG-1	1	24	108	30432	21723	tumor_like	medium	1	1	7	0	0	0	2	0	2	0.4	0	0
TGTTGGTGCGCTTCGC-1	1	37	127	32354	23958	tumor_like	medium	1	1	11	0	0	0	1	0	1	0.2	0	0
TGTTGGTGCGGAATCA-1	1	83	87	28416	31963	tumor_like	medium	1	1	82	6	0	0	10	0	16	3.2	1	6
TGTTGGTGGACTCAGG-1	1	86	106	30323	32467	tumor_like	medium	1	1	50	1	1	1	12	1	16	3.2	1	1
