method	dataset	sample_id	cancer	platform	sender_compartment	receiver_compartment	ligand	receptor	pathway	commot_mean_score	sender_spots	receiver_spots	distance_threshold_array_units
commot_pilot_v1	GSE300445	GSM9060732_AdjIII-0019	melanoma	Visium	tumor_like	tumor_like	TGFB1	TGFBR1	TGFB	0.0006296553549415713	1187	1187	2.5
commot_pilot_v1	GSE300445	GSM9060732_AdjIII-0019	melanoma	Visium	tumor_like	stroma_fibroblast	TGFB1	TGFBR1	TGFB	3.3819478823605197e-06	1187	992	2.5
commot_pilot_v1	GSE300445	GSM9060732_AdjIII-0019	melanoma	Visium	tumor_like	ambiguous_or_low_signal	TGFB1	TGFBR1	TGFB	9.817847049138392e-06	1187	360	2.5
commot_pilot_v1	GSE300445	GSM9060732_AdjIII-0019	melanoma	Visium	stroma_fibroblast	tumor_like	TGFB1	TGFBR1	TGFB	5.427393637693182e-06	992	1187	2.5
commot_pilot_v1	GSE300445	GSM9060732_AdjIII-0019	melanoma	Visium	stroma_fibroblast	stroma_fibroblast	TGFB1	TGFBR1	TGFB	0.0011811252440711013	992	992	2.5
commot_pilot_v1	GSE300445	GSM9060732_AdjIII-0019	melanoma	Visium	stroma_fibroblast	ambiguous_or_low_signal	TGFB1	TGFBR1	TGFB	4.185067762146606e-05	992	360	2.5
commot_pilot_v1	GSE300445	GSM9060732_AdjIII-0019	melanoma	Visium	ambiguous_or_low_signal	tumor_like	TGFB1	TGFBR1	TGFB	3.1615055590217415e-05	360	1187	2.5
commot_pilot_v1	GSE300445	GSM9060732_AdjIII-0019	melanoma	Visium	ambiguous_or_low_signal	stroma_fibroblast	TGFB1	TGFBR1	TGFB	3.15049329703455e-05	360	992	2.5
commot_pilot_v1	GSE300445	GSM9060732_AdjIII-0019	melanoma	Visium	ambiguous_or_low_signal	ambiguous_or_low_signal	TGFB1	TGFBR1	TGFB	0.0024283244094661155	360	360	2.5
commot_pilot_v1	GSE300445	GSM9060732_AdjIII-0019	melanoma	Visium	tumor_like	tumor_like	TGFB1	TGFBR2	TGFB	0.0007123431505321176	1187	1187	2.5
commot_pilot_v1	GSE300445	GSM9060732_AdjIII-0019	melanoma	Visium	tumor_like	stroma_fibroblast	TGFB1	TGFBR2	TGFB	2.926728492269952e-06	1187	992	2.5
commot_pilot_v1	GSE300445	GSM9060732_AdjIII-0019	melanoma	Visium	tumor_like	ambiguous_or_low_signal	TGFB1	TGFBR2	TGFB	1.296887040944336e-05	1187	360	2.5
commot_pilot_v1	GSE300445	GSM9060732_AdjIII-0019	melanoma	Visium	stroma_fibroblast	tumor_like	TGFB1	TGFBR2	TGFB	3.2321059955140387e-06	992	1187	2.5
commot_pilot_v1	GSE300445	GSM9060732_AdjIII-0019	melanoma	Visium	stroma_fibroblast	stroma_fibroblast	TGFB1	TGFBR2	TGFB	0.0013537322714929588	992	992	2.5
commot_pilot_v1	GSE300445	GSM9060732_AdjIII-0019	melanoma	Visium	stroma_fibroblast	ambiguous_or_low_signal	TGFB1	TGFBR2	TGFB	3.330999884860214e-05	992	360	2.5
commot_pilot_v1	GSE300445	GSM9060732_AdjIII-0019	melanoma	Visium	ambiguous_or_low_signal	tumor_like	TGFB1	TGFBR2	TGFB	2.3945352423160237e-05	360	1187	2.5
commot_pilot_v1	GSE300445	GSM9060732_AdjIII-0019	melanoma	Visium	ambiguous_or_low_signal	stroma_fibroblast	TGFB1	TGFBR2	TGFB	2.525602624006143e-05	360	992	2.5
commot_pilot_v1	GSE300445	GSM9060732_AdjIII-0019	melanoma	Visium	ambiguous_or_low_signal	ambiguous_or_low_signal	TGFB1	TGFBR2	TGFB	0.002521424454991493	360	360	2.5
commot_pilot_v1	GSE300445	GSM9060732_AdjIII-0019	melanoma	Visium	tumor_like	tumor_like	CXCL12	CXCR4	CXCL chemokine	0.0002301115903405931	1187	1187	2.5
commot_pilot_v1	GSE300445	GSM9060732_AdjIII-0019	melanoma	Visium	tumor_like	stroma_fibroblast	CXCL12	CXCR4	CXCL chemokine	2.671230318017885e-05	1187	992	2.5
commot_pilot_v1	GSE300445	GSM9060732_AdjIII-0019	melanoma	Visium	tumor_like	ambiguous_or_low_signal	CXCL12	CXCR4	CXCL chemokine	7.391528696672387e-05	1187	360	2.5
commot_pilot_v1	GSE300445	GSM9060732_AdjIII-0019	melanoma	Visium	stroma_fibroblast	tumor_like	CXCL12	CXCR4	CXCL chemokine	3.488841565497189e-05	992	1187	2.5
commot_pilot_v1	GSE300445	GSM9060732_AdjIII-0019	melanoma	Visium	stroma_fibroblast	stroma_fibroblast	CXCL12	CXCR4	CXCL chemokine	0.0016857509669389822	992	992	2.5
commot_pilot_v1	GSE300445	GSM9060732_AdjIII-0019	melanoma	Visium	stroma_fibroblast	ambiguous_or_low_signal	CXCL12	CXCR4	CXCL chemokine	0.0002759201118163819	992	360	2.5
commot_pilot_v1	GSE300445	GSM9060732_AdjIII-0019	melanoma	Visium	ambiguous_or_low_signal	tumor_like	CXCL12	CXCR4	CXCL chemokine	9.385827871088968e-05	360	1187	2.5
commot_pilot_v1	GSE300445	GSM9060732_AdjIII-0019	melanoma	Visium	ambiguous_or_low_signal	stroma_fibroblast	CXCL12	CXCR4	CXCL chemokine	0.00013134893620571797	360	992	2.5
commot_pilot_v1	GSE300445	GSM9060732_AdjIII-0019	melanoma	Visium	ambiguous_or_low_signal	ambiguous_or_low_signal	CXCL12	CXCR4	CXCL chemokine	0.0022240029580157506	360	360	2.5
commot_pilot_v1	GSE300445	GSM9060732_AdjIII-0019	melanoma	Visium	tumor_like	tumor_like	CXCL9	CXCR3	CXCL chemokine	2.315384303645824e-05	1187	1187	2.5
commot_pilot_v1	GSE300445	GSM9060732_AdjIII-0019	melanoma	Visium	tumor_like	stroma_fibroblast	CXCL9	CXCR3	CXCL chemokine	1.8612178630881786e-06	1187	992	2.5
commot_pilot_v1	GSE300445	GSM9060732_AdjIII-0019	melanoma	Visium	tumor_like	ambiguous_or_low_signal	CXCL9	CXCR3	CXCL chemokine	4.745451080706611e-06	1187	360	2.5
commot_pilot_v1	GSE300445	GSM9060732_AdjIII-0019	melanoma	Visium	stroma_fibroblast	tumor_like	CXCL9	CXCR3	CXCL chemokine	3.917220191558807e-06	992	1187	2.5
commot_pilot_v1	GSE300445	GSM9060732_AdjIII-0019	melanoma	Visium	stroma_fibroblast	stroma_fibroblast	CXCL9	CXCR3	CXCL chemokine	0.0002472977344986134	992	992	2.5
commot_pilot_v1	GSE300445	GSM9060732_AdjIII-0019	melanoma	Visium	stroma_fibroblast	ambiguous_or_low_signal	CXCL9	CXCR3	CXCL chemokine	1.5339529701116696e-05	992	360	2.5
commot_pilot_v1	GSE300445	GSM9060732_AdjIII-0019	melanoma	Visium	ambiguous_or_low_signal	tumor_like	CXCL9	CXCR3	CXCL chemokine	1.7888479039672447e-06	360	1187	2.5
commot_pilot_v1	GSE300445	GSM9060732_AdjIII-0019	melanoma	Visium	ambiguous_or_low_signal	stroma_fibroblast	CXCL9	CXCR3	CXCL chemokine	2.9266383063673488e-05	360	992	2.5
commot_pilot_v1	GSE300445	GSM9060732_AdjIII-0019	melanoma	Visium	ambiguous_or_low_signal	ambiguous_or_low_signal	CXCL9	CXCR3	CXCL chemokine	0.00021986204473248167	360	360	2.5
commot_pilot_v1	GSE300445	GSM9060732_AdjIII-0019	melanoma	Visium	tumor_like	tumor_like	CCL2	CCR2	CCL chemokine	3.413278768023115e-05	1187	1187	2.5
commot_pilot_v1	GSE300445	GSM9060732_AdjIII-0019	melanoma	Visium	tumor_like	stroma_fibroblast	CCL2	CCR2	CCL chemokine	3.7325914366817793e-06	1187	992	2.5
commot_pilot_v1	GSE300445	GSM9060732_AdjIII-0019	melanoma	Visium	tumor_like	ambiguous_or_low_signal	CCL2	CCR2	CCL chemokine	6.529873010750409e-06	1187	360	2.5
commot_pilot_v1	GSE300445	GSM9060732_AdjIII-0019	melanoma	Visium	stroma_fibroblast	tumor_like	CCL2	CCR2	CCL chemokine	1.590999377161714e-06	992	1187	2.5
commot_pilot_v1	GSE300445	GSM9060732_AdjIII-0019	melanoma	Visium	stroma_fibroblast	stroma_fibroblast	CCL2	CCR2	CCL chemokine	0.0001971074797517916	992	992	2.5
commot_pilot_v1	GSE300445	GSM9060732_AdjIII-0019	melanoma	Visium	stroma_fibroblast	ambiguous_or_low_signal	CCL2	CCR2	CCL chemokine	4.513179142388409e-06	992	360	2.5
commot_pilot_v1	GSE300445	GSM9060732_AdjIII-0019	melanoma	Visium	ambiguous_or_low_signal	tumor_like	CCL2	CCR2	CCL chemokine	7.101357634482632e-06	360	1187	2.5
commot_pilot_v1	GSE300445	GSM9060732_AdjIII-0019	melanoma	Visium	ambiguous_or_low_signal	stroma_fibroblast	CCL2	CCR2	CCL chemokine	1.578876483667924e-05	360	992	2.5
commot_pilot_v1	GSE300445	GSM9060732_AdjIII-0019	melanoma	Visium	ambiguous_or_low_signal	ambiguous_or_low_signal	CCL2	CCR2	CCL chemokine	0.00017436657507497258	360	360	2.5
commot_pilot_v1	GSE300445	GSM9060732_AdjIII-0019	melanoma	Visium	tumor_like	tumor_like	VEGFA	KDR	VEGF	0.00033846934602482217	1187	1187	2.5
commot_pilot_v1	GSE300445	GSM9060732_AdjIII-0019	melanoma	Visium	tumor_like	stroma_fibroblast	VEGFA	KDR	VEGF	0.00011508543936269537	1187	992	2.5
commot_pilot_v1	GSE300445	GSM9060732_AdjIII-0019	melanoma	Visium	tumor_like	ambiguous_or_low_signal	VEGFA	KDR	VEGF	0.00016848026652811136	1187	360	2.5
commot_pilot_v1	GSE300445	GSM9060732_AdjIII-0019	melanoma	Visium	stroma_fibroblast	tumor_like	VEGFA	KDR	VEGF	1.2508946860381421e-05	992	1187	2.5
commot_pilot_v1	GSE300445	GSM9060732_AdjIII-0019	melanoma	Visium	stroma_fibroblast	stroma_fibroblast	VEGFA	KDR	VEGF	0.0006649168344365372	992	992	2.5
commot_pilot_v1	GSE300445	GSM9060732_AdjIII-0019	melanoma	Visium	stroma_fibroblast	ambiguous_or_low_signal	VEGFA	KDR	VEGF	6.926903942915984e-05	992	360	2.5
commot_pilot_v1	GSE300445	GSM9060732_AdjIII-0019	melanoma	Visium	ambiguous_or_low_signal	tumor_like	VEGFA	KDR	VEGF	4.971237836376624e-05	360	1187	2.5
commot_pilot_v1	GSE300445	GSM9060732_AdjIII-0019	melanoma	Visium	ambiguous_or_low_signal	stroma_fibroblast	VEGFA	KDR	VEGF	0.0002552673161999267	360	992	2.5
commot_pilot_v1	GSE300445	GSM9060732_AdjIII-0019	melanoma	Visium	ambiguous_or_low_signal	ambiguous_or_low_signal	VEGFA	KDR	VEGF	0.0013765976832185518	360	360	2.5
commot_pilot_v1	GSE300445	GSM9060732_AdjIII-0019	melanoma	Visium	tumor_like	tumor_like	SPP1	CD44	SPP1	0.020203059609098503	1187	1187	2.5
commot_pilot_v1	GSE300445	GSM9060732_AdjIII-0019	melanoma	Visium	tumor_like	stroma_fibroblast	SPP1	CD44	SPP1	0.0007533611983923486	1187	992	2.5
commot_pilot_v1	GSE300445	GSM9060732_AdjIII-0019	melanoma	Visium	tumor_like	ambiguous_or_low_signal	SPP1	CD44	SPP1	0.0013951593687555634	1187	360	2.5
commot_pilot_v1	GSE300445	GSM9060732_AdjIII-0019	melanoma	Visium	stroma_fibroblast	tumor_like	SPP1	CD44	SPP1	0.00047759022048617756	992	1187	2.5
commot_pilot_v1	GSE300445	GSM9060732_AdjIII-0019	melanoma	Visium	stroma_fibroblast	stroma_fibroblast	SPP1	CD44	SPP1	0.010219439052549285	992	992	2.5
commot_pilot_v1	GSE300445	GSM9060732_AdjIII-0019	melanoma	Visium	stroma_fibroblast	ambiguous_or_low_signal	SPP1	CD44	SPP1	0.003859801087752124	992	360	2.5
commot_pilot_v1	GSE300445	GSM9060732_AdjIII-0019	melanoma	Visium	ambiguous_or_low_signal	tumor_like	SPP1	CD44	SPP1	0.002078133133835984	360	1187	2.5
commot_pilot_v1	GSE300445	GSM9060732_AdjIII-0019	melanoma	Visium	ambiguous_or_low_signal	stroma_fibroblast	SPP1	CD44	SPP1	0.0033549895016013777	360	992	2.5
commot_pilot_v1	GSE300445	GSM9060732_AdjIII-0019	melanoma	Visium	ambiguous_or_low_signal	ambiguous_or_low_signal	SPP1	CD44	SPP1	0.05052515426655549	360	360	2.5
commot_pilot_v1	GSE300445	GSM9060732_AdjIII-0019	melanoma	Visium	tumor_like	tumor_like	SPP1	ITGAV	SPP1	0.004412014742646328	1187	1187	2.5
commot_pilot_v1	GSE300445	GSM9060732_AdjIII-0019	melanoma	Visium	tumor_like	stroma_fibroblast	SPP1	ITGAV	SPP1	0.00017693800005640195	1187	992	2.5
commot_pilot_v1	GSE300445	GSM9060732_AdjIII-0019	melanoma	Visium	tumor_like	ambiguous_or_low_signal	SPP1	ITGAV	SPP1	0.00024267157164172687	1187	360	2.5
commot_pilot_v1	GSE300445	GSM9060732_AdjIII-0019	melanoma	Visium	stroma_fibroblast	tumor_like	SPP1	ITGAV	SPP1	6.907648690746472e-05	992	1187	2.5
commot_pilot_v1	GSE300445	GSM9060732_AdjIII-0019	melanoma	Visium	stroma_fibroblast	stroma_fibroblast	SPP1	ITGAV	SPP1	0.004753043287265307	992	992	2.5
commot_pilot_v1	GSE300445	GSM9060732_AdjIII-0019	melanoma	Visium	stroma_fibroblast	ambiguous_or_low_signal	SPP1	ITGAV	SPP1	0.0006736654440824449	992	360	2.5
commot_pilot_v1	GSE300445	GSM9060732_AdjIII-0019	melanoma	Visium	ambiguous_or_low_signal	tumor_like	SPP1	ITGAV	SPP1	0.0002782782335774983	360	1187	2.5
commot_pilot_v1	GSE300445	GSM9060732_AdjIII-0019	melanoma	Visium	ambiguous_or_low_signal	stroma_fibroblast	SPP1	ITGAV	SPP1	0.0008556337301431009	360	992	2.5
commot_pilot_v1	GSE300445	GSM9060732_AdjIII-0019	melanoma	Visium	ambiguous_or_low_signal	ambiguous_or_low_signal	SPP1	ITGAV	SPP1	0.018491318839245714	360	360	2.5
commot_pilot_v1	GSE300445	GSM9060732_AdjIII-0019	melanoma	Visium	tumor_like	tumor_like	MIF	CD74	MIF	0.004990984614073296	1187	1187	2.5
commot_pilot_v1	GSE300445	GSM9060732_AdjIII-0019	melanoma	Visium	tumor_like	stroma_fibroblast	MIF	CD74	MIF	0.0017069820846525078	1187	992	2.5
commot_pilot_v1	GSE300445	GSM9060732_AdjIII-0019	melanoma	Visium	tumor_like	ambiguous_or_low_signal	MIF	CD74	MIF	0.0036048438141731503	1187	360	2.5
commot_pilot_v1	GSE300445	GSM9060732_AdjIII-0019	melanoma	Visium	stroma_fibroblast	tumor_like	MIF	CD74	MIF	3.243574064910957e-05	992	1187	2.5
commot_pilot_v1	GSE300445	GSM9060732_AdjIII-0019	melanoma	Visium	stroma_fibroblast	stroma_fibroblast	MIF	CD74	MIF	0.007655151452020078	992	992	2.5
commot_pilot_v1	GSE300445	GSM9060732_AdjIII-0019	melanoma	Visium	stroma_fibroblast	ambiguous_or_low_signal	MIF	CD74	MIF	0.00040957288342088964	992	360	2.5
commot_pilot_v1	GSE300445	GSM9060732_AdjIII-0019	melanoma	Visium	ambiguous_or_low_signal	tumor_like	MIF	CD74	MIF	0.00027135660850762314	360	1187	2.5
commot_pilot_v1	GSE300445	GSM9060732_AdjIII-0019	melanoma	Visium	ambiguous_or_low_signal	stroma_fibroblast	MIF	CD74	MIF	0.004260734471524998	360	992	2.5
commot_pilot_v1	GSE300445	GSM9060732_AdjIII-0019	melanoma	Visium	ambiguous_or_low_signal	ambiguous_or_low_signal	MIF	CD74	MIF	0.030179698044991737	360	360	2.5
commot_pilot_v1	GSE300445	GSM9060732_AdjIII-0019	melanoma	Visium	tumor_like	tumor_like	DLL4	NOTCH1	NOTCH	0.00011873241050899122	1187	1187	2.5
commot_pilot_v1	GSE300445	GSM9060732_AdjIII-0019	melanoma	Visium	tumor_like	stroma_fibroblast	DLL4	NOTCH1	NOTCH	2.498971198481478e-07	1187	992	2.5
commot_pilot_v1	GSE300445	GSM9060732_AdjIII-0019	melanoma	Visium	tumor_like	ambiguous_or_low_signal	DLL4	NOTCH1	NOTCH	9.72245540286437e-07	1187	360	2.5
commot_pilot_v1	GSE300445	GSM9060732_AdjIII-0019	melanoma	Visium	stroma_fibroblast	tumor_like	DLL4	NOTCH1	NOTCH	7.784539739283954e-07	992	1187	2.5
commot_pilot_v1	GSE300445	GSM9060732_AdjIII-0019	melanoma	Visium	stroma_fibroblast	stroma_fibroblast	DLL4	NOTCH1	NOTCH	0.00025811621740694647	992	992	2.5
commot_pilot_v1	GSE300445	GSM9060732_AdjIII-0019	melanoma	Visium	stroma_fibroblast	ambiguous_or_low_signal	DLL4	NOTCH1	NOTCH	3.0255655498716864e-06	992	360	2.5
commot_pilot_v1	GSE300445	GSM9060732_AdjIII-0019	melanoma	Visium	ambiguous_or_low_signal	tumor_like	DLL4	NOTCH1	NOTCH	2.5411338566208414e-06	360	1187	2.5
commot_pilot_v1	GSE300445	GSM9060732_AdjIII-0019	melanoma	Visium	ambiguous_or_low_signal	stroma_fibroblast	DLL4	NOTCH1	NOTCH	7.596766648443184e-07	360	992	2.5
commot_pilot_v1	GSE300445	GSM9060732_AdjIII-0019	melanoma	Visium	ambiguous_or_low_signal	ambiguous_or_low_signal	DLL4	NOTCH1	NOTCH	0.00048335514621819856	360	360	2.5
commot_pilot_v1	GSE300445	GSM9060732_AdjIII-0019	melanoma	Visium	tumor_like	tumor_like	JAG1	NOTCH2	NOTCH	0.0015646641732080578	1187	1187	2.5
commot_pilot_v1	GSE300445	GSM9060732_AdjIII-0019	melanoma	Visium	tumor_like	stroma_fibroblast	JAG1	NOTCH2	NOTCH	5.616181154651454e-05	1187	992	2.5
commot_pilot_v1	GSE300445	GSM9060732_AdjIII-0019	melanoma	Visium	tumor_like	ambiguous_or_low_signal	JAG1	NOTCH2	NOTCH	0.00023480374464512915	1187	360	2.5
commot_pilot_v1	GSE300445	GSM9060732_AdjIII-0019	melanoma	Visium	stroma_fibroblast	tumor_like	JAG1	NOTCH2	NOTCH	0.00011926366926457282	992	1187	2.5
commot_pilot_v1	GSE300445	GSM9060732_AdjIII-0019	melanoma	Visium	stroma_fibroblast	stroma_fibroblast	JAG1	NOTCH2	NOTCH	0.002197074871297769	992	992	2.5
commot_pilot_v1	GSE300445	GSM9060732_AdjIII-0019	melanoma	Visium	stroma_fibroblast	ambiguous_or_low_signal	JAG1	NOTCH2	NOTCH	0.0006130476044287667	992	360	2.5
commot_pilot_v1	GSE300445	GSM9060732_AdjIII-0019	melanoma	Visium	ambiguous_or_low_signal	tumor_like	JAG1	NOTCH2	NOTCH	0.000325615136827047	360	1187	2.5
commot_pilot_v1	GSE300445	GSM9060732_AdjIII-0019	melanoma	Visium	ambiguous_or_low_signal	stroma_fibroblast	JAG1	NOTCH2	NOTCH	0.0003010921621007525	360	992	2.5
commot_pilot_v1	GSE300445	GSM9060732_AdjIII-0019	melanoma	Visium	ambiguous_or_low_signal	ambiguous_or_low_signal	JAG1	NOTCH2	NOTCH	0.005369603946283038	360	360	2.5
commot_pilot_v1	GSE300445	GSM9060732_AdjIII-0019	melanoma	Visium	tumor_like	tumor_like	WNT5A	FZD5	WNT	6.427176168621492e-05	1187	1187	2.5
commot_pilot_v1	GSE300445	GSM9060732_AdjIII-0019	melanoma	Visium	tumor_like	stroma_fibroblast	WNT5A	FZD5	WNT	2.6276937532517174e-06	1187	992	2.5
commot_pilot_v1	GSE300445	GSM9060732_AdjIII-0019	melanoma	Visium	tumor_like	ambiguous_or_low_signal	WNT5A	FZD5	WNT	1.1216971258810983e-05	1187	360	2.5
commot_pilot_v1	GSE300445	GSM9060732_AdjIII-0019	melanoma	Visium	stroma_fibroblast	tumor_like	WNT5A	FZD5	WNT	1.8060385081597262e-05	992	1187	2.5
commot_pilot_v1	GSE300445	GSM9060732_AdjIII-0019	melanoma	Visium	stroma_fibroblast	stroma_fibroblast	WNT5A	FZD5	WNT	0.0001803786394210269	992	992	2.5
commot_pilot_v1	GSE300445	GSM9060732_AdjIII-0019	melanoma	Visium	stroma_fibroblast	ambiguous_or_low_signal	WNT5A	FZD5	WNT	9.190280599353385e-05	992	360	2.5
commot_pilot_v1	GSE300445	GSM9060732_AdjIII-0019	melanoma	Visium	ambiguous_or_low_signal	tumor_like	WNT5A	FZD5	WNT	4.950078588999564e-05	360	1187	2.5
commot_pilot_v1	GSE300445	GSM9060732_AdjIII-0019	melanoma	Visium	ambiguous_or_low_signal	stroma_fibroblast	WNT5A	FZD5	WNT	2.4926508376899474e-05	360	992	2.5
commot_pilot_v1	GSE300445	GSM9060732_AdjIII-0019	melanoma	Visium	ambiguous_or_low_signal	ambiguous_or_low_signal	WNT5A	FZD5	WNT	0.00038511313636092355	360	360	2.5
commot_pilot_v1	GSE300445	GSM9060732_AdjIII-0019	melanoma	Visium	tumor_like	tumor_like	EGF	EGFR	EGF/ERBB	6.6540737810900456e-06	1187	1187	2.5
commot_pilot_v1	GSE300445	GSM9060732_AdjIII-0019	melanoma	Visium	tumor_like	stroma_fibroblast	EGF	EGFR	EGF/ERBB	1.4435051099774498e-06	1187	992	2.5
commot_pilot_v1	GSE300445	GSM9060732_AdjIII-0019	melanoma	Visium	tumor_like	ambiguous_or_low_signal	EGF	EGFR	EGF/ERBB	1.715787968458751e-06	1187	360	2.5
commot_pilot_v1	GSE300445	GSM9060732_AdjIII-0019	melanoma	Visium	stroma_fibroblast	tumor_like	EGF	EGFR	EGF/ERBB	3.6815725404084576e-07	992	1187	2.5
commot_pilot_v1	GSE300445	GSM9060732_AdjIII-0019	melanoma	Visium	stroma_fibroblast	stroma_fibroblast	EGF	EGFR	EGF/ERBB	1.7198854713853794e-05	992	992	2.5
commot_pilot_v1	GSE300445	GSM9060732_AdjIII-0019	melanoma	Visium	stroma_fibroblast	ambiguous_or_low_signal	EGF	EGFR	EGF/ERBB	3.1461284839885577e-06	992	360	2.5
commot_pilot_v1	GSE300445	GSM9060732_AdjIII-0019	melanoma	Visium	ambiguous_or_low_signal	tumor_like	EGF	EGFR	EGF/ERBB	1.2664567587038436e-06	360	1187	2.5
commot_pilot_v1	GSE300445	GSM9060732_AdjIII-0019	melanoma	Visium	ambiguous_or_low_signal	stroma_fibroblast	EGF	EGFR	EGF/ERBB	7.904964548866323e-06	360	992	2.5
commot_pilot_v1	GSE300445	GSM9060732_AdjIII-0019	melanoma	Visium	ambiguous_or_low_signal	ambiguous_or_low_signal	EGF	EGFR	EGF/ERBB	5.391918817626646e-05	360	360	2.5
commot_pilot_v1	GSE300445	GSM9060732_AdjIII-0019	melanoma	Visium	tumor_like	tumor_like	HBEGF	EGFR	EGF/ERBB	0.00027469808384539827	1187	1187	2.5
commot_pilot_v1	GSE300445	GSM9060732_AdjIII-0019	melanoma	Visium	tumor_like	stroma_fibroblast	HBEGF	EGFR	EGF/ERBB	1.4299163391806956e-05	1187	992	2.5
commot_pilot_v1	GSE300445	GSM9060732_AdjIII-0019	melanoma	Visium	tumor_like	ambiguous_or_low_signal	HBEGF	EGFR	EGF/ERBB	3.754741574281391e-05	1187	360	2.5
commot_pilot_v1	GSE300445	GSM9060732_AdjIII-0019	melanoma	Visium	stroma_fibroblast	tumor_like	HBEGF	EGFR	EGF/ERBB	7.386557537732293e-06	992	1187	2.5
commot_pilot_v1	GSE300445	GSM9060732_AdjIII-0019	melanoma	Visium	stroma_fibroblast	stroma_fibroblast	HBEGF	EGFR	EGF/ERBB	0.00028503130651748873	992	992	2.5
commot_pilot_v1	GSE300445	GSM9060732_AdjIII-0019	melanoma	Visium	stroma_fibroblast	ambiguous_or_low_signal	HBEGF	EGFR	EGF/ERBB	3.788304360409508e-05	992	360	2.5
commot_pilot_v1	GSE300445	GSM9060732_AdjIII-0019	melanoma	Visium	ambiguous_or_low_signal	tumor_like	HBEGF	EGFR	EGF/ERBB	1.7750724241318364e-05	360	1187	2.5
commot_pilot_v1	GSE300445	GSM9060732_AdjIII-0019	melanoma	Visium	ambiguous_or_low_signal	stroma_fibroblast	HBEGF	EGFR	EGF/ERBB	0.00011868764520595481	360	992	2.5
commot_pilot_v1	GSE300445	GSM9060732_AdjIII-0019	melanoma	Visium	ambiguous_or_low_signal	ambiguous_or_low_signal	HBEGF	EGFR	EGF/ERBB	0.0007503713682858315	360	360	2.5
commot_pilot_v1	GSE300445	GSM9060732_AdjIII-0019	melanoma	Visium	tumor_like	tumor_like	COL1A1	ITGA2	ECM-integrin	0.0013509693687003886	1187	1187	2.5
commot_pilot_v1	GSE300445	GSM9060732_AdjIII-0019	melanoma	Visium	tumor_like	stroma_fibroblast	COL1A1	ITGA2	ECM-integrin	6.625624994674374e-08	1187	992	2.5
commot_pilot_v1	GSE300445	GSM9060732_AdjIII-0019	melanoma	Visium	tumor_like	ambiguous_or_low_signal	COL1A1	ITGA2	ECM-integrin	4.386003502494906e-07	1187	360	2.5
commot_pilot_v1	GSE300445	GSM9060732_AdjIII-0019	melanoma	Visium	stroma_fibroblast	tumor_like	COL1A1	ITGA2	ECM-integrin	3.0973567700574965e-06	992	1187	2.5
commot_pilot_v1	GSE300445	GSM9060732_AdjIII-0019	melanoma	Visium	stroma_fibroblast	stroma_fibroblast	COL1A1	ITGA2	ECM-integrin	0.0007201777522160726	992	992	2.5
commot_pilot_v1	GSE300445	GSM9060732_AdjIII-0019	melanoma	Visium	stroma_fibroblast	ambiguous_or_low_signal	COL1A1	ITGA2	ECM-integrin	2.491267089195757e-06	992	360	2.5
commot_pilot_v1	GSE300445	GSM9060732_AdjIII-0019	melanoma	Visium	ambiguous_or_low_signal	tumor_like	COL1A1	ITGA2	ECM-integrin	3.247891408175689e-05	360	1187	2.5
commot_pilot_v1	GSE300445	GSM9060732_AdjIII-0019	melanoma	Visium	ambiguous_or_low_signal	stroma_fibroblast	COL1A1	ITGA2	ECM-integrin	6.187932457040333e-07	360	992	2.5
commot_pilot_v1	GSE300445	GSM9060732_AdjIII-0019	melanoma	Visium	ambiguous_or_low_signal	ambiguous_or_low_signal	COL1A1	ITGA2	ECM-integrin	0.0025997137036685046	360	360	2.5
commot_pilot_v1	GSE300445	GSM9060733_AdjIII-0022	melanoma	Visium	tumor_like	tumor_like	TGFB1	TGFBR1	TGFB	0.0024493846162882216	367	367	2.5
commot_pilot_v1	GSE300445	GSM9060733_AdjIII-0022	melanoma	Visium	tumor_like	stroma_fibroblast	TGFB1	TGFBR1	TGFB	2.0442258941460613e-07	367	1687	2.5
commot_pilot_v1	GSE300445	GSM9060733_AdjIII-0022	melanoma	Visium	tumor_like	ambiguous_or_low_signal	TGFB1	TGFBR1	TGFB	1.3020638494484377e-06	367	728	2.5
commot_pilot_v1	GSE300445	GSM9060733_AdjIII-0022	melanoma	Visium	stroma_fibroblast	tumor_like	TGFB1	TGFBR1	TGFB	1.4991664161768415e-06	1687	367	2.5
commot_pilot_v1	GSE300445	GSM9060733_AdjIII-0022	melanoma	Visium	stroma_fibroblast	stroma_fibroblast	TGFB1	TGFBR1	TGFB	0.00023478816573502639	1687	1687	2.5
commot_pilot_v1	GSE300445	GSM9060733_AdjIII-0022	melanoma	Visium	stroma_fibroblast	ambiguous_or_low_signal	TGFB1	TGFBR1	TGFB	4.5382646522189524e-06	1687	728	2.5
commot_pilot_v1	GSE300445	GSM9060733_AdjIII-0022	melanoma	Visium	ambiguous_or_low_signal	tumor_like	TGFB1	TGFBR1	TGFB	3.745742371008049e-06	728	367	2.5
commot_pilot_v1	GSE300445	GSM9060733_AdjIII-0022	melanoma	Visium	ambiguous_or_low_signal	stroma_fibroblast	TGFB1	TGFBR1	TGFB	1.76624966872762e-06	728	1687	2.5
commot_pilot_v1	GSE300445	GSM9060733_AdjIII-0022	melanoma	Visium	ambiguous_or_low_signal	ambiguous_or_low_signal	TGFB1	TGFBR1	TGFB	0.000885868133134666	728	728	2.5
commot_pilot_v1	GSE300445	GSM9060733_AdjIII-0022	melanoma	Visium	tumor_like	tumor_like	TGFB1	TGFBR2	TGFB	0.0022287613193862138	367	367	2.5
commot_pilot_v1	GSE300445	GSM9060733_AdjIII-0022	melanoma	Visium	tumor_like	stroma_fibroblast	TGFB1	TGFBR2	TGFB	4.3098561292902827e-07	367	1687	2.5
commot_pilot_v1	GSE300445	GSM9060733_AdjIII-0022	melanoma	Visium	tumor_like	ambiguous_or_low_signal	TGFB1	TGFBR2	TGFB	2.4849624674608218e-06	367	728	2.5
commot_pilot_v1	GSE300445	GSM9060733_AdjIII-0022	melanoma	Visium	stroma_fibroblast	tumor_like	TGFB1	TGFBR2	TGFB	1.4896918152234917e-06	1687	367	2.5
commot_pilot_v1	GSE300445	GSM9060733_AdjIII-0022	melanoma	Visium	stroma_fibroblast	stroma_fibroblast	TGFB1	TGFBR2	TGFB	0.00022801105237451905	1687	1687	2.5
commot_pilot_v1	GSE300445	GSM9060733_AdjIII-0022	melanoma	Visium	stroma_fibroblast	ambiguous_or_low_signal	TGFB1	TGFBR2	TGFB	4.855877660490692e-06	1687	728	2.5
commot_pilot_v1	GSE300445	GSM9060733_AdjIII-0022	melanoma	Visium	ambiguous_or_low_signal	tumor_like	TGFB1	TGFBR2	TGFB	1.4630422700345969e-06	728	367	2.5
commot_pilot_v1	GSE300445	GSM9060733_AdjIII-0022	melanoma	Visium	ambiguous_or_low_signal	stroma_fibroblast	TGFB1	TGFBR2	TGFB	2.617498867702233e-06	728	1687	2.5
commot_pilot_v1	GSE300445	GSM9060733_AdjIII-0022	melanoma	Visium	ambiguous_or_low_signal	ambiguous_or_low_signal	TGFB1	TGFBR2	TGFB	0.0007570578767916574	728	728	2.5
commot_pilot_v1	GSE300445	GSM9060733_AdjIII-0022	melanoma	Visium	tumor_like	tumor_like	CXCL12	CXCR4	CXCL chemokine	0.0005498344679307579	367	367	2.5
commot_pilot_v1	GSE300445	GSM9060733_AdjIII-0022	melanoma	Visium	tumor_like	stroma_fibroblast	CXCL12	CXCR4	CXCL chemokine	1.9871288530099813e-07	367	1687	2.5
commot_pilot_v1	GSE300445	GSM9060733_AdjIII-0022	melanoma	Visium	tumor_like	ambiguous_or_low_signal	CXCL12	CXCR4	CXCL chemokine	2.0427625791086047e-05	367	728	2.5
commot_pilot_v1	GSE300445	GSM9060733_AdjIII-0022	melanoma	Visium	stroma_fibroblast	tumor_like	CXCL12	CXCR4	CXCL chemokine	2.2404997718818896e-05	1687	367	2.5
commot_pilot_v1	GSE300445	GSM9060733_AdjIII-0022	melanoma	Visium	stroma_fibroblast	stroma_fibroblast	CXCL12	CXCR4	CXCL chemokine	0.00011684496822021948	1687	1687	2.5
commot_pilot_v1	GSE300445	GSM9060733_AdjIII-0022	melanoma	Visium	stroma_fibroblast	ambiguous_or_low_signal	CXCL12	CXCR4	CXCL chemokine	1.236960363027091e-05	1687	728	2.5
commot_pilot_v1	GSE300445	GSM9060733_AdjIII-0022	melanoma	Visium	ambiguous_or_low_signal	tumor_like	CXCL12	CXCR4	CXCL chemokine	7.208884395619678e-05	728	367	2.5
commot_pilot_v1	GSE300445	GSM9060733_AdjIII-0022	melanoma	Visium	ambiguous_or_low_signal	stroma_fibroblast	CXCL12	CXCR4	CXCL chemokine	3.533016814600795e-06	728	1687	2.5
commot_pilot_v1	GSE300445	GSM9060733_AdjIII-0022	melanoma	Visium	ambiguous_or_low_signal	ambiguous_or_low_signal	CXCL12	CXCR4	CXCL chemokine	0.000343713938401164	728	728	2.5
commot_pilot_v1	GSE300445	GSM9060733_AdjIII-0022	melanoma	Visium	tumor_like	tumor_like	CXCL9	CXCR3	CXCL chemokine	2.2273533844634617e-05	367	367	2.5
commot_pilot_v1	GSE300445	GSM9060733_AdjIII-0022	melanoma	Visium	tumor_like	stroma_fibroblast	CXCL9	CXCR3	CXCL chemokine	7.337617700339758e-08	367	1687	2.5
commot_pilot_v1	GSE300445	GSM9060733_AdjIII-0022	melanoma	Visium	tumor_like	ambiguous_or_low_signal	CXCL9	CXCR3	CXCL chemokine	3.7437861658252207e-06	367	728	2.5
commot_pilot_v1	GSE300445	GSM9060733_AdjIII-0022	melanoma	Visium	stroma_fibroblast	tumor_like	CXCL9	CXCR3	CXCL chemokine	3.5336500115035634e-06	1687	367	2.5
commot_pilot_v1	GSE300445	GSM9060733_AdjIII-0022	melanoma	Visium	stroma_fibroblast	stroma_fibroblast	CXCL9	CXCR3	CXCL chemokine	7.514065130095428e-06	1687	1687	2.5
commot_pilot_v1	GSE300445	GSM9060733_AdjIII-0022	melanoma	Visium	stroma_fibroblast	ambiguous_or_low_signal	CXCL9	CXCR3	CXCL chemokine	6.1178346910705314e-06	1687	728	2.5
commot_pilot_v1	GSE300445	GSM9060733_AdjIII-0022	melanoma	Visium	ambiguous_or_low_signal	tumor_like	CXCL9	CXCR3	CXCL chemokine	3.7428511542952908e-06	728	367	2.5
commot_pilot_v1	GSE300445	GSM9060733_AdjIII-0022	melanoma	Visium	ambiguous_or_low_signal	stroma_fibroblast	CXCL9	CXCR3	CXCL chemokine	8.45345227133102e-06	728	1687	2.5
commot_pilot_v1	GSE300445	GSM9060733_AdjIII-0022	melanoma	Visium	ambiguous_or_low_signal	ambiguous_or_low_signal	CXCL9	CXCR3	CXCL chemokine	1.7899063294753982e-05	728	728	2.5
commot_pilot_v1	GSE300445	GSM9060733_AdjIII-0022	melanoma	Visium	tumor_like	tumor_like	CCL2	CCR2	CCL chemokine	0.00013997497746609026	367	367	2.5
commot_pilot_v1	GSE300445	GSM9060733_AdjIII-0022	melanoma	Visium	tumor_like	stroma_fibroblast	CCL2	CCR2	CCL chemokine	4.550657652754794e-06	367	1687	2.5
commot_pilot_v1	GSE300445	GSM9060733_AdjIII-0022	melanoma	Visium	tumor_like	ambiguous_or_low_signal	CCL2	CCR2	CCL chemokine	1.7894134063415217e-05	367	728	2.5
commot_pilot_v1	GSE300445	GSM9060733_AdjIII-0022	melanoma	Visium	stroma_fibroblast	tumor_like	CCL2	CCR2	CCL chemokine	4.28771668193746e-06	1687	367	2.5
commot_pilot_v1	GSE300445	GSM9060733_AdjIII-0022	melanoma	Visium	stroma_fibroblast	stroma_fibroblast	CCL2	CCR2	CCL chemokine	2.4865828954837986e-05	1687	1687	2.5
commot_pilot_v1	GSE300445	GSM9060733_AdjIII-0022	melanoma	Visium	stroma_fibroblast	ambiguous_or_low_signal	CCL2	CCR2	CCL chemokine	1.0067009985277608e-05	1687	728	2.5
commot_pilot_v1	GSE300445	GSM9060733_AdjIII-0022	melanoma	Visium	ambiguous_or_low_signal	tumor_like	CCL2	CCR2	CCL chemokine	2.4363946940988926e-05	728	367	2.5
commot_pilot_v1	GSE300445	GSM9060733_AdjIII-0022	melanoma	Visium	ambiguous_or_low_signal	stroma_fibroblast	CCL2	CCR2	CCL chemokine	1.235431182555868e-05	728	1687	2.5
commot_pilot_v1	GSE300445	GSM9060733_AdjIII-0022	melanoma	Visium	ambiguous_or_low_signal	ambiguous_or_low_signal	CCL2	CCR2	CCL chemokine	4.1664036753331714e-05	728	728	2.5
commot_pilot_v1	GSE300445	GSM9060733_AdjIII-0022	melanoma	Visium	tumor_like	tumor_like	VEGFA	KDR	VEGF	0.0006252574309088457	367	367	2.5
commot_pilot_v1	GSE300445	GSM9060733_AdjIII-0022	melanoma	Visium	tumor_like	stroma_fibroblast	VEGFA	KDR	VEGF	1.6432382751480766e-05	367	1687	2.5
commot_pilot_v1	GSE300445	GSM9060733_AdjIII-0022	melanoma	Visium	tumor_like	ambiguous_or_low_signal	VEGFA	KDR	VEGF	8.470715123459946e-05	367	728	2.5
commot_pilot_v1	GSE300445	GSM9060733_AdjIII-0022	melanoma	Visium	stroma_fibroblast	tumor_like	VEGFA	KDR	VEGF	8.423049671147406e-06	1687	367	2.5
commot_pilot_v1	GSE300445	GSM9060733_AdjIII-0022	melanoma	Visium	stroma_fibroblast	stroma_fibroblast	VEGFA	KDR	VEGF	0.00014739891604673448	1687	1687	2.5
commot_pilot_v1	GSE300445	GSM9060733_AdjIII-0022	melanoma	Visium	stroma_fibroblast	ambiguous_or_low_signal	VEGFA	KDR	VEGF	2.7344434360254054e-05	1687	728	2.5
commot_pilot_v1	GSE300445	GSM9060733_AdjIII-0022	melanoma	Visium	ambiguous_or_low_signal	tumor_like	VEGFA	KDR	VEGF	2.4589587270080186e-05	728	367	2.5
commot_pilot_v1	GSE300445	GSM9060733_AdjIII-0022	melanoma	Visium	ambiguous_or_low_signal	stroma_fibroblast	VEGFA	KDR	VEGF	5.889697036553861e-05	728	1687	2.5
commot_pilot_v1	GSE300445	GSM9060733_AdjIII-0022	melanoma	Visium	ambiguous_or_low_signal	ambiguous_or_low_signal	VEGFA	KDR	VEGF	0.00035432314546152415	728	728	2.5
commot_pilot_v1	GSE300445	GSM9060733_AdjIII-0022	melanoma	Visium	tumor_like	tumor_like	SPP1	CD44	SPP1	0.0007580814534752864	367	367	2.5
commot_pilot_v1	GSE300445	GSM9060733_AdjIII-0022	melanoma	Visium	tumor_like	stroma_fibroblast	SPP1	CD44	SPP1	1.376880008745985e-07	367	1687	2.5
commot_pilot_v1	GSE300445	GSM9060733_AdjIII-0022	melanoma	Visium	tumor_like	ambiguous_or_low_signal	SPP1	CD44	SPP1	2.794643230994459e-07	367	728	2.5
commot_pilot_v1	GSE300445	GSM9060733_AdjIII-0022	melanoma	Visium	stroma_fibroblast	tumor_like	SPP1	CD44	SPP1	5.7385812123877405e-08	1687	367	2.5
commot_pilot_v1	GSE300445	GSM9060733_AdjIII-0022	melanoma	Visium	stroma_fibroblast	stroma_fibroblast	SPP1	CD44	SPP1	4.213473599961165e-05	1687	1687	2.5
commot_pilot_v1	GSE300445	GSM9060733_AdjIII-0022	melanoma	Visium	stroma_fibroblast	ambiguous_or_low_signal	SPP1	CD44	SPP1	1.637451290192405e-07	1687	728	2.5
commot_pilot_v1	GSE300445	GSM9060733_AdjIII-0022	melanoma	Visium	ambiguous_or_low_signal	tumor_like	SPP1	CD44	SPP1	1.9081069804883602e-07	728	367	2.5
commot_pilot_v1	GSE300445	GSM9060733_AdjIII-0022	melanoma	Visium	ambiguous_or_low_signal	stroma_fibroblast	SPP1	CD44	SPP1	8.627652441249462e-08	728	1687	2.5
commot_pilot_v1	GSE300445	GSM9060733_AdjIII-0022	melanoma	Visium	ambiguous_or_low_signal	ambiguous_or_low_signal	SPP1	CD44	SPP1	0.00017029487765443245	728	728	2.5
commot_pilot_v1	GSE300445	GSM9060733_AdjIII-0022	melanoma	Visium	tumor_like	tumor_like	SPP1	ITGAV	SPP1	0.000419870330447777	367	367	2.5
commot_pilot_v1	GSE300445	GSM9060733_AdjIII-0022	melanoma	Visium	tumor_like	stroma_fibroblast	SPP1	ITGAV	SPP1	2.6473652916533947e-06	367	1687	2.5
commot_pilot_v1	GSE300445	GSM9060733_AdjIII-0022	melanoma	Visium	tumor_like	ambiguous_or_low_signal	SPP1	ITGAV	SPP1	1.642316497317562e-07	367	728	2.5
commot_pilot_v1	GSE300445	GSM9060733_AdjIII-0022	melanoma	Visium	stroma_fibroblast	tumor_like	SPP1	ITGAV	SPP1	1.1140466838889103e-07	1687	367	2.5
commot_pilot_v1	GSE300445	GSM9060733_AdjIII-0022	melanoma	Visium	stroma_fibroblast	stroma_fibroblast	SPP1	ITGAV	SPP1	2.384605196376019e-05	1687	1687	2.5
commot_pilot_v1	GSE300445	GSM9060733_AdjIII-0022	melanoma	Visium	stroma_fibroblast	ambiguous_or_low_signal	SPP1	ITGAV	SPP1	7.451286247181619e-07	1687	728	2.5
commot_pilot_v1	GSE300445	GSM9060733_AdjIII-0022	melanoma	Visium	ambiguous_or_low_signal	tumor_like	SPP1	ITGAV	SPP1	4.52293025040479e-06	728	367	2.5
commot_pilot_v1	GSE300445	GSM9060733_AdjIII-0022	melanoma	Visium	ambiguous_or_low_signal	stroma_fibroblast	SPP1	ITGAV	SPP1	1.0503612145189418e-06	728	1687	2.5
commot_pilot_v1	GSE300445	GSM9060733_AdjIII-0022	melanoma	Visium	ambiguous_or_low_signal	ambiguous_or_low_signal	SPP1	ITGAV	SPP1	9.357092927976894e-05	728	728	2.5
commot_pilot_v1	GSE300445	GSM9060733_AdjIII-0022	melanoma	Visium	tumor_like	tumor_like	MIF	CD74	MIF	0.03546469240482289	367	367	2.5
commot_pilot_v1	GSE300445	GSM9060733_AdjIII-0022	melanoma	Visium	tumor_like	stroma_fibroblast	MIF	CD74	MIF	0.0004109108005028409	367	1687	2.5
commot_pilot_v1	GSE300445	GSM9060733_AdjIII-0022	melanoma	Visium	tumor_like	ambiguous_or_low_signal	MIF	CD74	MIF	0.0020723259599664604	367	728	2.5
commot_pilot_v1	GSE300445	GSM9060733_AdjIII-0022	melanoma	Visium	stroma_fibroblast	tumor_like	MIF	CD74	MIF	4.4253072746759854e-05	1687	367	2.5
commot_pilot_v1	GSE300445	GSM9060733_AdjIII-0022	melanoma	Visium	stroma_fibroblast	stroma_fibroblast	MIF	CD74	MIF	0.0023223673455358145	1687	1687	2.5
commot_pilot_v1	GSE300445	GSM9060733_AdjIII-0022	melanoma	Visium	stroma_fibroblast	ambiguous_or_low_signal	MIF	CD74	MIF	9.957879952212694e-05	1687	728	2.5
commot_pilot_v1	GSE300445	GSM9060733_AdjIII-0022	melanoma	Visium	ambiguous_or_low_signal	tumor_like	MIF	CD74	MIF	0.0008060581612951235	728	367	2.5
commot_pilot_v1	GSE300445	GSM9060733_AdjIII-0022	melanoma	Visium	ambiguous_or_low_signal	stroma_fibroblast	MIF	CD74	MIF	0.0005692464420105087	728	1687	2.5
commot_pilot_v1	GSE300445	GSM9060733_AdjIII-0022	melanoma	Visium	ambiguous_or_low_signal	ambiguous_or_low_signal	MIF	CD74	MIF	0.010890261952949117	728	728	2.5
commot_pilot_v1	GSE300445	GSM9060733_AdjIII-0022	melanoma	Visium	tumor_like	tumor_like	DLL4	NOTCH1	NOTCH	0.00015539716342624713	367	367	2.5
commot_pilot_v1	GSE300445	GSM9060733_AdjIII-0022	melanoma	Visium	tumor_like	stroma_fibroblast	DLL4	NOTCH1	NOTCH	9.973460756840694e-09	367	1687	2.5
commot_pilot_v1	GSE300445	GSM9060733_AdjIII-0022	melanoma	Visium	tumor_like	ambiguous_or_low_signal	DLL4	NOTCH1	NOTCH	2.3780802353993624e-07	367	728	2.5
commot_pilot_v1	GSE300445	GSM9060733_AdjIII-0022	melanoma	Visium	stroma_fibroblast	tumor_like	DLL4	NOTCH1	NOTCH	1.3699820541436783e-06	1687	367	2.5
commot_pilot_v1	GSE300445	GSM9060733_AdjIII-0022	melanoma	Visium	stroma_fibroblast	stroma_fibroblast	DLL4	NOTCH1	NOTCH	4.9274992667642506e-05	1687	1687	2.5
commot_pilot_v1	GSE300445	GSM9060733_AdjIII-0022	melanoma	Visium	stroma_fibroblast	ambiguous_or_low_signal	DLL4	NOTCH1	NOTCH	4.8176286881539145e-06	1687	728	2.5
commot_pilot_v1	GSE300445	GSM9060733_AdjIII-0022	melanoma	Visium	ambiguous_or_low_signal	tumor_like	DLL4	NOTCH1	NOTCH	4.0841869727866027e-07	728	367	2.5
commot_pilot_v1	GSE300445	GSM9060733_AdjIII-0022	melanoma	Visium	ambiguous_or_low_signal	stroma_fibroblast	DLL4	NOTCH1	NOTCH	2.805671514085119e-06	728	1687	2.5
commot_pilot_v1	GSE300445	GSM9060733_AdjIII-0022	melanoma	Visium	ambiguous_or_low_signal	ambiguous_or_low_signal	DLL4	NOTCH1	NOTCH	0.00014046675774271228	728	728	2.5
commot_pilot_v1	GSE300445	GSM9060733_AdjIII-0022	melanoma	Visium	tumor_like	tumor_like	JAG1	NOTCH2	NOTCH	0.009655544807746809	367	367	2.5
commot_pilot_v1	GSE300445	GSM9060733_AdjIII-0022	melanoma	Visium	tumor_like	stroma_fibroblast	JAG1	NOTCH2	NOTCH	0.00010524677128964447	367	1687	2.5
commot_pilot_v1	GSE300445	GSM9060733_AdjIII-0022	melanoma	Visium	tumor_like	ambiguous_or_low_signal	JAG1	NOTCH2	NOTCH	0.0006282696746033177	367	728	2.5
commot_pilot_v1	GSE300445	GSM9060733_AdjIII-0022	melanoma	Visium	stroma_fibroblast	tumor_like	JAG1	NOTCH2	NOTCH	5.713971339785721e-05	1687	367	2.5
commot_pilot_v1	GSE300445	GSM9060733_AdjIII-0022	melanoma	Visium	stroma_fibroblast	stroma_fibroblast	JAG1	NOTCH2	NOTCH	0.0006365240600004968	1687	1687	2.5
commot_pilot_v1	GSE300445	GSM9060733_AdjIII-0022	melanoma	Visium	stroma_fibroblast	ambiguous_or_low_signal	JAG1	NOTCH2	NOTCH	0.00014673713942374867	1687	728	2.5
commot_pilot_v1	GSE300445	GSM9060733_AdjIII-0022	melanoma	Visium	ambiguous_or_low_signal	tumor_like	JAG1	NOTCH2	NOTCH	0.0002135298687197364	728	367	2.5
commot_pilot_v1	GSE300445	GSM9060733_AdjIII-0022	melanoma	Visium	ambiguous_or_low_signal	stroma_fibroblast	JAG1	NOTCH2	NOTCH	9.151284778966051e-05	728	1687	2.5
commot_pilot_v1	GSE300445	GSM9060733_AdjIII-0022	melanoma	Visium	ambiguous_or_low_signal	ambiguous_or_low_signal	JAG1	NOTCH2	NOTCH	0.0023041476057033177	728	728	2.5
commot_pilot_v1	GSE300445	GSM9060733_AdjIII-0022	melanoma	Visium	tumor_like	tumor_like	WNT5A	FZD5	WNT	0.0006805123696647419	367	367	2.5
commot_pilot_v1	GSE300445	GSM9060733_AdjIII-0022	melanoma	Visium	tumor_like	stroma_fibroblast	WNT5A	FZD5	WNT	4.2602098585569685e-06	367	1687	2.5
commot_pilot_v1	GSE300445	GSM9060733_AdjIII-0022	melanoma	Visium	tumor_like	ambiguous_or_low_signal	WNT5A	FZD5	WNT	4.8579600409677044e-05	367	728	2.5
commot_pilot_v1	GSE300445	GSM9060733_AdjIII-0022	melanoma	Visium	stroma_fibroblast	tumor_like	WNT5A	FZD5	WNT	3.3831045125615855e-06	1687	367	2.5
commot_pilot_v1	GSE300445	GSM9060733_AdjIII-0022	melanoma	Visium	stroma_fibroblast	stroma_fibroblast	WNT5A	FZD5	WNT	4.446667332558645e-05	1687	1687	2.5
commot_pilot_v1	GSE300445	GSM9060733_AdjIII-0022	melanoma	Visium	stroma_fibroblast	ambiguous_or_low_signal	WNT5A	FZD5	WNT	1.8258517428348398e-05	1687	728	2.5
commot_pilot_v1	GSE300445	GSM9060733_AdjIII-0022	melanoma	Visium	ambiguous_or_low_signal	tumor_like	WNT5A	FZD5	WNT	6.227672561479482e-05	728	367	2.5
commot_pilot_v1	GSE300445	GSM9060733_AdjIII-0022	melanoma	Visium	ambiguous_or_low_signal	stroma_fibroblast	WNT5A	FZD5	WNT	2.512621816638439e-05	728	1687	2.5
commot_pilot_v1	GSE300445	GSM9060733_AdjIII-0022	melanoma	Visium	ambiguous_or_low_signal	ambiguous_or_low_signal	WNT5A	FZD5	WNT	0.0001795506911283339	728	728	2.5
commot_pilot_v1	GSE300445	GSM9060733_AdjIII-0022	melanoma	Visium	tumor_like	tumor_like	EGF	EGFR	EGF/ERBB	0.00029095712717751206	367	367	2.5
commot_pilot_v1	GSE300445	GSM9060733_AdjIII-0022	melanoma	Visium	tumor_like	stroma_fibroblast	EGF	EGFR	EGF/ERBB	2.0847992135081485e-06	367	1687	2.5
commot_pilot_v1	GSE300445	GSM9060733_AdjIII-0022	melanoma	Visium	tumor_like	ambiguous_or_low_signal	EGF	EGFR	EGF/ERBB	9.43391564334405e-06	367	728	2.5
commot_pilot_v1	GSE300445	GSM9060733_AdjIII-0022	melanoma	Visium	stroma_fibroblast	tumor_like	EGF	EGFR	EGF/ERBB	4.500356086913762e-06	1687	367	2.5
commot_pilot_v1	GSE300445	GSM9060733_AdjIII-0022	melanoma	Visium	stroma_fibroblast	stroma_fibroblast	EGF	EGFR	EGF/ERBB	2.723784356234614e-05	1687	1687	2.5
commot_pilot_v1	GSE300445	GSM9060733_AdjIII-0022	melanoma	Visium	stroma_fibroblast	ambiguous_or_low_signal	EGF	EGFR	EGF/ERBB	8.708841058244519e-06	1687	728	2.5
commot_pilot_v1	GSE300445	GSM9060733_AdjIII-0022	melanoma	Visium	ambiguous_or_low_signal	tumor_like	EGF	EGFR	EGF/ERBB	1.447224267248957e-05	728	367	2.5
commot_pilot_v1	GSE300445	GSM9060733_AdjIII-0022	melanoma	Visium	ambiguous_or_low_signal	stroma_fibroblast	EGF	EGFR	EGF/ERBB	1.1768894451976623e-05	728	1687	2.5
commot_pilot_v1	GSE300445	GSM9060733_AdjIII-0022	melanoma	Visium	ambiguous_or_low_signal	ambiguous_or_low_signal	EGF	EGFR	EGF/ERBB	0.00011071918042662685	728	728	2.5
commot_pilot_v1	GSE300445	GSM9060733_AdjIII-0022	melanoma	Visium	tumor_like	tumor_like	HBEGF	EGFR	EGF/ERBB	0.0009630043733336361	367	367	2.5
commot_pilot_v1	GSE300445	GSM9060733_AdjIII-0022	melanoma	Visium	tumor_like	stroma_fibroblast	HBEGF	EGFR	EGF/ERBB	3.259563455730472e-06	367	1687	2.5
commot_pilot_v1	GSE300445	GSM9060733_AdjIII-0022	melanoma	Visium	tumor_like	ambiguous_or_low_signal	HBEGF	EGFR	EGF/ERBB	3.471799168993532e-05	367	728	2.5
commot_pilot_v1	GSE300445	GSM9060733_AdjIII-0022	melanoma	Visium	stroma_fibroblast	tumor_like	HBEGF	EGFR	EGF/ERBB	8.323479513626276e-06	1687	367	2.5
commot_pilot_v1	GSE300445	GSM9060733_AdjIII-0022	melanoma	Visium	stroma_fibroblast	stroma_fibroblast	HBEGF	EGFR	EGF/ERBB	3.319345822673634e-05	1687	1687	2.5
commot_pilot_v1	GSE300445	GSM9060733_AdjIII-0022	melanoma	Visium	stroma_fibroblast	ambiguous_or_low_signal	HBEGF	EGFR	EGF/ERBB	1.2522342506466463e-05	1687	728	2.5
commot_pilot_v1	GSE300445	GSM9060733_AdjIII-0022	melanoma	Visium	ambiguous_or_low_signal	tumor_like	HBEGF	EGFR	EGF/ERBB	3.445018035195959e-05	728	367	2.5
commot_pilot_v1	GSE300445	GSM9060733_AdjIII-0022	melanoma	Visium	ambiguous_or_low_signal	stroma_fibroblast	HBEGF	EGFR	EGF/ERBB	1.6653727273337444e-05	728	1687	2.5
commot_pilot_v1	GSE300445	GSM9060733_AdjIII-0022	melanoma	Visium	ambiguous_or_low_signal	ambiguous_or_low_signal	HBEGF	EGFR	EGF/ERBB	0.00016291598315485028	728	728	2.5
commot_pilot_v1	GSE300445	GSM9060733_AdjIII-0022	melanoma	Visium	tumor_like	tumor_like	COL1A1	ITGA2	ECM-integrin	0.006332241472351192	367	367	2.5
commot_pilot_v1	GSE300445	GSM9060733_AdjIII-0022	melanoma	Visium	tumor_like	stroma_fibroblast	COL1A1	ITGA2	ECM-integrin	1.0455226977644422e-07	367	1687	2.5
commot_pilot_v1	GSE300445	GSM9060733_AdjIII-0022	melanoma	Visium	tumor_like	ambiguous_or_low_signal	COL1A1	ITGA2	ECM-integrin	1.6477111621860827e-06	367	728	2.5
commot_pilot_v1	GSE300445	GSM9060733_AdjIII-0022	melanoma	Visium	stroma_fibroblast	tumor_like	COL1A1	ITGA2	ECM-integrin	1.5329466431368495e-06	1687	367	2.5
commot_pilot_v1	GSE300445	GSM9060733_AdjIII-0022	melanoma	Visium	stroma_fibroblast	stroma_fibroblast	COL1A1	ITGA2	ECM-integrin	0.0003820289885542357	1687	1687	2.5
commot_pilot_v1	GSE300445	GSM9060733_AdjIII-0022	melanoma	Visium	stroma_fibroblast	ambiguous_or_low_signal	COL1A1	ITGA2	ECM-integrin	2.4100642354602125e-06	1687	728	2.5
commot_pilot_v1	GSE300445	GSM9060733_AdjIII-0022	melanoma	Visium	ambiguous_or_low_signal	tumor_like	COL1A1	ITGA2	ECM-integrin	4.3702900270688755e-06	728	367	2.5
commot_pilot_v1	GSE300445	GSM9060733_AdjIII-0022	melanoma	Visium	ambiguous_or_low_signal	stroma_fibroblast	COL1A1	ITGA2	ECM-integrin	5.639523074451225e-07	728	1687	2.5
commot_pilot_v1	GSE300445	GSM9060733_AdjIII-0022	melanoma	Visium	ambiguous_or_low_signal	ambiguous_or_low_signal	COL1A1	ITGA2	ECM-integrin	0.002159687621650184	728	728	2.5
commot_pilot_v1	GSE300445	GSM9060734_AdjIII-0113	melanoma	Visium	tumor_like	tumor_like	TGFB1	TGFBR1	TGFB	0.0063431918835796346	179	179	2.5
commot_pilot_v1	GSE300445	GSM9060734_AdjIII-0113	melanoma	Visium	tumor_like	immune	TGFB1	TGFBR1	TGFB	9.209087211888377e-07	179	55	2.5
commot_pilot_v1	GSE300445	GSM9060734_AdjIII-0113	melanoma	Visium	tumor_like	stroma_fibroblast	TGFB1	TGFBR1	TGFB	3.7532628552610473e-06	179	1694	2.5
commot_pilot_v1	GSE300445	GSM9060734_AdjIII-0113	melanoma	Visium	tumor_like	ambiguous_or_low_signal	TGFB1	TGFBR1	TGFB	0.00016077659661418802	179	217	2.5
commot_pilot_v1	GSE300445	GSM9060734_AdjIII-0113	melanoma	Visium	immune	tumor_like	TGFB1	TGFBR1	TGFB	1.2573233439939844e-06	55	179	2.5
commot_pilot_v1	GSE300445	GSM9060734_AdjIII-0113	melanoma	Visium	immune	immune	TGFB1	TGFBR1	TGFB	0.04280386947411528	55	55	2.5
commot_pilot_v1	GSE300445	GSM9060734_AdjIII-0113	melanoma	Visium	immune	stroma_fibroblast	TGFB1	TGFBR1	TGFB	1.545367093921854e-05	55	1694	2.5
commot_pilot_v1	GSE300445	GSM9060734_AdjIII-0113	melanoma	Visium	immune	ambiguous_or_low_signal	TGFB1	TGFBR1	TGFB	0.0002595851088772824	55	217	2.5
commot_pilot_v1	GSE300445	GSM9060734_AdjIII-0113	melanoma	Visium	stroma_fibroblast	tumor_like	TGFB1	TGFBR1	TGFB	9.343463659788356e-06	1694	179	2.5
commot_pilot_v1	GSE300445	GSM9060734_AdjIII-0113	melanoma	Visium	stroma_fibroblast	immune	TGFB1	TGFBR1	TGFB	4.895508445044054e-06	1694	55	2.5
commot_pilot_v1	GSE300445	GSM9060734_AdjIII-0113	melanoma	Visium	stroma_fibroblast	stroma_fibroblast	TGFB1	TGFBR1	TGFB	0.0001791538907505473	1694	1694	2.5
commot_pilot_v1	GSE300445	GSM9060734_AdjIII-0113	melanoma	Visium	stroma_fibroblast	ambiguous_or_low_signal	TGFB1	TGFBR1	TGFB	2.0958446531187837e-05	1694	217	2.5
commot_pilot_v1	GSE300445	GSM9060734_AdjIII-0113	melanoma	Visium	ambiguous_or_low_signal	tumor_like	TGFB1	TGFBR1	TGFB	0.00016559429569869575	217	179	2.5
commot_pilot_v1	GSE300445	GSM9060734_AdjIII-0113	melanoma	Visium	ambiguous_or_low_signal	immune	TGFB1	TGFBR1	TGFB	0.0005467099217748557	217	55	2.5
commot_pilot_v1	GSE300445	GSM9060734_AdjIII-0113	melanoma	Visium	ambiguous_or_low_signal	stroma_fibroblast	TGFB1	TGFBR1	TGFB	2.3867949684029425e-05	217	1694	2.5
commot_pilot_v1	GSE300445	GSM9060734_AdjIII-0113	melanoma	Visium	ambiguous_or_low_signal	ambiguous_or_low_signal	TGFB1	TGFBR1	TGFB	0.007806416359465294	217	217	2.5
commot_pilot_v1	GSE300445	GSM9060734_AdjIII-0113	melanoma	Visium	tumor_like	tumor_like	TGFB1	TGFBR2	TGFB	0.007111168301875855	179	179	2.5
commot_pilot_v1	GSE300445	GSM9060734_AdjIII-0113	melanoma	Visium	tumor_like	immune	TGFB1	TGFBR2	TGFB	6.381155715348524e-07	179	55	2.5
commot_pilot_v1	GSE300445	GSM9060734_AdjIII-0113	melanoma	Visium	tumor_like	stroma_fibroblast	TGFB1	TGFBR2	TGFB	8.208417397318584e-07	179	1694	2.5
commot_pilot_v1	GSE300445	GSM9060734_AdjIII-0113	melanoma	Visium	tumor_like	ambiguous_or_low_signal	TGFB1	TGFBR2	TGFB	4.536972470469996e-05	179	217	2.5
commot_pilot_v1	GSE300445	GSM9060734_AdjIII-0113	melanoma	Visium	immune	tumor_like	TGFB1	TGFBR2	TGFB	7.747514138302762e-07	55	179	2.5
commot_pilot_v1	GSE300445	GSM9060734_AdjIII-0113	melanoma	Visium	immune	immune	TGFB1	TGFBR2	TGFB	0.05571650926479464	55	55	2.5
commot_pilot_v1	GSE300445	GSM9060734_AdjIII-0113	melanoma	Visium	immune	stroma_fibroblast	TGFB1	TGFBR2	TGFB	1.0008749985702433e-06	55	1694	2.5
commot_pilot_v1	GSE300445	GSM9060734_AdjIII-0113	melanoma	Visium	immune	ambiguous_or_low_signal	TGFB1	TGFBR2	TGFB	2.7199850802916375e-05	55	217	2.5
commot_pilot_v1	GSE300445	GSM9060734_AdjIII-0113	melanoma	Visium	stroma_fibroblast	tumor_like	TGFB1	TGFBR2	TGFB	3.791786584122126e-07	1694	179	2.5
commot_pilot_v1	GSE300445	GSM9060734_AdjIII-0113	melanoma	Visium	stroma_fibroblast	immune	TGFB1	TGFBR2	TGFB	4.832688722446551e-07	1694	55	2.5
commot_pilot_v1	GSE300445	GSM9060734_AdjIII-0113	melanoma	Visium	stroma_fibroblast	stroma_fibroblast	TGFB1	TGFBR2	TGFB	0.0002699468030443963	1694	1694	2.5
commot_pilot_v1	GSE300445	GSM9060734_AdjIII-0113	melanoma	Visium	stroma_fibroblast	ambiguous_or_low_signal	TGFB1	TGFBR2	TGFB	1.607464133003733e-06	1694	217	2.5
commot_pilot_v1	GSE300445	GSM9060734_AdjIII-0113	melanoma	Visium	ambiguous_or_low_signal	tumor_like	TGFB1	TGFBR2	TGFB	2.2161067985430934e-05	217	179	2.5
commot_pilot_v1	GSE300445	GSM9060734_AdjIII-0113	melanoma	Visium	ambiguous_or_low_signal	immune	TGFB1	TGFBR2	TGFB	5.8305404470213193e-05	217	55	2.5
commot_pilot_v1	GSE300445	GSM9060734_AdjIII-0113	melanoma	Visium	ambiguous_or_low_signal	stroma_fibroblast	TGFB1	TGFBR2	TGFB	4.222791143990234e-06	217	1694	2.5
commot_pilot_v1	GSE300445	GSM9060734_AdjIII-0113	melanoma	Visium	ambiguous_or_low_signal	ambiguous_or_low_signal	TGFB1	TGFBR2	TGFB	0.010428399164875327	217	217	2.5
commot_pilot_v1	GSE300445	GSM9060734_AdjIII-0113	melanoma	Visium	tumor_like	tumor_like	CXCL12	CXCR4	CXCL chemokine	0.008971977058303476	179	179	2.5
commot_pilot_v1	GSE300445	GSM9060734_AdjIII-0113	melanoma	Visium	tumor_like	immune	CXCL12	CXCR4	CXCL chemokine	3.106656233969256e-05	179	55	2.5
commot_pilot_v1	GSE300445	GSM9060734_AdjIII-0113	melanoma	Visium	tumor_like	stroma_fibroblast	CXCL12	CXCR4	CXCL chemokine	2.152391155462806e-06	179	1694	2.5
commot_pilot_v1	GSE300445	GSM9060734_AdjIII-0113	melanoma	Visium	tumor_like	ambiguous_or_low_signal	CXCL12	CXCR4	CXCL chemokine	4.894542345132191e-05	179	217	2.5
commot_pilot_v1	GSE300445	GSM9060734_AdjIII-0113	melanoma	Visium	immune	tumor_like	CXCL12	CXCR4	CXCL chemokine	1.5230900706473974e-05	55	179	2.5
commot_pilot_v1	GSE300445	GSM9060734_AdjIII-0113	melanoma	Visium	immune	immune	CXCL12	CXCR4	CXCL chemokine	0.16326569474213287	55	55	2.5
commot_pilot_v1	GSE300445	GSM9060734_AdjIII-0113	melanoma	Visium	immune	stroma_fibroblast	CXCL12	CXCR4	CXCL chemokine	1.2743186876436158e-06	55	1694	2.5
commot_pilot_v1	GSE300445	GSM9060734_AdjIII-0113	melanoma	Visium	immune	ambiguous_or_low_signal	CXCL12	CXCR4	CXCL chemokine	5.213595739925421e-05	55	217	2.5
commot_pilot_v1	GSE300445	GSM9060734_AdjIII-0113	melanoma	Visium	stroma_fibroblast	tumor_like	CXCL12	CXCR4	CXCL chemokine	6.606016817876848e-06	1694	179	2.5
commot_pilot_v1	GSE300445	GSM9060734_AdjIII-0113	melanoma	Visium	stroma_fibroblast	immune	CXCL12	CXCR4	CXCL chemokine	0.00017078678995878892	1694	55	2.5
commot_pilot_v1	GSE300445	GSM9060734_AdjIII-0113	melanoma	Visium	stroma_fibroblast	stroma_fibroblast	CXCL12	CXCR4	CXCL chemokine	0.0003949040227600951	1694	1694	2.5
commot_pilot_v1	GSE300445	GSM9060734_AdjIII-0113	melanoma	Visium	stroma_fibroblast	ambiguous_or_low_signal	CXCL12	CXCR4	CXCL chemokine	1.3622487977507112e-05	1694	217	2.5
commot_pilot_v1	GSE300445	GSM9060734_AdjIII-0113	melanoma	Visium	ambiguous_or_low_signal	tumor_like	CXCL12	CXCR4	CXCL chemokine	0.00024137730869978576	217	179	2.5
commot_pilot_v1	GSE300445	GSM9060734_AdjIII-0113	melanoma	Visium	ambiguous_or_low_signal	immune	CXCL12	CXCR4	CXCL chemokine	0.0006621883433895457	217	55	2.5
commot_pilot_v1	GSE300445	GSM9060734_AdjIII-0113	melanoma	Visium	ambiguous_or_low_signal	stroma_fibroblast	CXCL12	CXCR4	CXCL chemokine	1.0875495813845794e-05	217	1694	2.5
commot_pilot_v1	GSE300445	GSM9060734_AdjIII-0113	melanoma	Visium	ambiguous_or_low_signal	ambiguous_or_low_signal	CXCL12	CXCR4	CXCL chemokine	0.023858416422726424	217	217	2.5
commot_pilot_v1	GSE300445	GSM9060734_AdjIII-0113	melanoma	Visium	tumor_like	tumor_like	CXCL9	CXCR3	CXCL chemokine	0.00301459393007079	179	179	2.5
commot_pilot_v1	GSE300445	GSM9060734_AdjIII-0113	melanoma	Visium	tumor_like	immune	CXCL9	CXCR3	CXCL chemokine	6.244892281614579e-07	179	55	2.5
commot_pilot_v1	GSE300445	GSM9060734_AdjIII-0113	melanoma	Visium	tumor_like	stroma_fibroblast	CXCL9	CXCR3	CXCL chemokine	9.013081973831342e-07	179	1694	2.5
commot_pilot_v1	GSE300445	GSM9060734_AdjIII-0113	melanoma	Visium	tumor_like	ambiguous_or_low_signal	CXCL9	CXCR3	CXCL chemokine	2.6078607808015913e-05	179	217	2.5
commot_pilot_v1	GSE300445	GSM9060734_AdjIII-0113	melanoma	Visium	immune	tumor_like	CXCL9	CXCR3	CXCL chemokine	4.947915863494035e-07	55	179	2.5
commot_pilot_v1	GSE300445	GSM9060734_AdjIII-0113	melanoma	Visium	immune	immune	CXCL9	CXCR3	CXCL chemokine	0.033022181615141595	55	55	2.5
commot_pilot_v1	GSE300445	GSM9060734_AdjIII-0113	melanoma	Visium	immune	stroma_fibroblast	CXCL9	CXCR3	CXCL chemokine	5.71968023437769e-06	55	1694	2.5
commot_pilot_v1	GSE300445	GSM9060734_AdjIII-0113	melanoma	Visium	immune	ambiguous_or_low_signal	CXCL9	CXCR3	CXCL chemokine	2.4796156197606137e-05	55	217	2.5
commot_pilot_v1	GSE300445	GSM9060734_AdjIII-0113	melanoma	Visium	stroma_fibroblast	tumor_like	CXCL9	CXCR3	CXCL chemokine	2.089053596453991e-06	1694	179	2.5
commot_pilot_v1	GSE300445	GSM9060734_AdjIII-0113	melanoma	Visium	stroma_fibroblast	immune	CXCL9	CXCR3	CXCL chemokine	1.213323457036247e-07	1694	55	2.5
commot_pilot_v1	GSE300445	GSM9060734_AdjIII-0113	melanoma	Visium	stroma_fibroblast	stroma_fibroblast	CXCL9	CXCR3	CXCL chemokine	7.462159101245752e-05	1694	1694	2.5
commot_pilot_v1	GSE300445	GSM9060734_AdjIII-0113	melanoma	Visium	stroma_fibroblast	ambiguous_or_low_signal	CXCL9	CXCR3	CXCL chemokine	1.0777032032659545e-06	1694	217	2.5
commot_pilot_v1	GSE300445	GSM9060734_AdjIII-0113	melanoma	Visium	ambiguous_or_low_signal	tumor_like	CXCL9	CXCR3	CXCL chemokine	1.9850920309861618e-05	217	179	2.5
commot_pilot_v1	GSE300445	GSM9060734_AdjIII-0113	melanoma	Visium	ambiguous_or_low_signal	immune	CXCL9	CXCR3	CXCL chemokine	7.57838149109684e-06	217	55	2.5
commot_pilot_v1	GSE300445	GSM9060734_AdjIII-0113	melanoma	Visium	ambiguous_or_low_signal	stroma_fibroblast	CXCL9	CXCR3	CXCL chemokine	1.647722067714992e-05	217	1694	2.5
commot_pilot_v1	GSE300445	GSM9060734_AdjIII-0113	melanoma	Visium	ambiguous_or_low_signal	ambiguous_or_low_signal	CXCL9	CXCR3	CXCL chemokine	0.005740086325268764	217	217	2.5
commot_pilot_v1	GSE300445	GSM9060734_AdjIII-0113	melanoma	Visium	tumor_like	tumor_like	CCL2	CCR2	CCL chemokine	0.0023393354769093203	179	179	2.5
commot_pilot_v1	GSE300445	GSM9060734_AdjIII-0113	melanoma	Visium	tumor_like	immune	CCL2	CCR2	CCL chemokine	4.768753483692726e-08	179	55	2.5
commot_pilot_v1	GSE300445	GSM9060734_AdjIII-0113	melanoma	Visium	tumor_like	stroma_fibroblast	CCL2	CCR2	CCL chemokine	2.558956619716229e-06	179	1694	2.5
commot_pilot_v1	GSE300445	GSM9060734_AdjIII-0113	melanoma	Visium	tumor_like	ambiguous_or_low_signal	CCL2	CCR2	CCL chemokine	0.0006802007672723953	179	217	2.5
commot_pilot_v1	GSE300445	GSM9060734_AdjIII-0113	melanoma	Visium	immune	tumor_like	CCL2	CCR2	CCL chemokine	9.788223052987737e-07	55	179	2.5
commot_pilot_v1	GSE300445	GSM9060734_AdjIII-0113	melanoma	Visium	immune	immune	CCL2	CCR2	CCL chemokine	0.01873595118139038	55	55	2.5
commot_pilot_v1	GSE300445	GSM9060734_AdjIII-0113	melanoma	Visium	immune	stroma_fibroblast	CCL2	CCR2	CCL chemokine	3.399840380831902e-05	55	1694	2.5
commot_pilot_v1	GSE300445	GSM9060734_AdjIII-0113	melanoma	Visium	immune	ambiguous_or_low_signal	CCL2	CCR2	CCL chemokine	0.0013205050523735897	55	217	2.5
commot_pilot_v1	GSE300445	GSM9060734_AdjIII-0113	melanoma	Visium	stroma_fibroblast	tumor_like	CCL2	CCR2	CCL chemokine	2.1789695352348405e-05	1694	179	2.5
commot_pilot_v1	GSE300445	GSM9060734_AdjIII-0113	melanoma	Visium	stroma_fibroblast	immune	CCL2	CCR2	CCL chemokine	3.366104033828242e-05	1694	55	2.5
commot_pilot_v1	GSE300445	GSM9060734_AdjIII-0113	melanoma	Visium	stroma_fibroblast	stroma_fibroblast	CCL2	CCR2	CCL chemokine	8.252209894149721e-05	1694	1694	2.5
commot_pilot_v1	GSE300445	GSM9060734_AdjIII-0113	melanoma	Visium	stroma_fibroblast	ambiguous_or_low_signal	CCL2	CCR2	CCL chemokine	5.6268605814391264e-05	1694	217	2.5
commot_pilot_v1	GSE300445	GSM9060734_AdjIII-0113	melanoma	Visium	ambiguous_or_low_signal	tumor_like	CCL2	CCR2	CCL chemokine	0.00029422324011640433	217	179	2.5
commot_pilot_v1	GSE300445	GSM9060734_AdjIII-0113	melanoma	Visium	ambiguous_or_low_signal	immune	CCL2	CCR2	CCL chemokine	0.001021120994067522	217	55	2.5
commot_pilot_v1	GSE300445	GSM9060734_AdjIII-0113	melanoma	Visium	ambiguous_or_low_signal	stroma_fibroblast	CCL2	CCR2	CCL chemokine	5.500498561086963e-05	217	1694	2.5
commot_pilot_v1	GSE300445	GSM9060734_AdjIII-0113	melanoma	Visium	ambiguous_or_low_signal	ambiguous_or_low_signal	CCL2	CCR2	CCL chemokine	0.003443751720256183	217	217	2.5
commot_pilot_v1	GSE300445	GSM9060734_AdjIII-0113	melanoma	Visium	tumor_like	tumor_like	VEGFA	KDR	VEGF	0.0025939202165171774	179	179	2.5
commot_pilot_v1	GSE300445	GSM9060734_AdjIII-0113	melanoma	Visium	tumor_like	immune	VEGFA	KDR	VEGF	8.210732435905917e-07	179	55	2.5
commot_pilot_v1	GSE300445	GSM9060734_AdjIII-0113	melanoma	Visium	tumor_like	stroma_fibroblast	VEGFA	KDR	VEGF	3.172399311542484e-05	179	1694	2.5
commot_pilot_v1	GSE300445	GSM9060734_AdjIII-0113	melanoma	Visium	tumor_like	ambiguous_or_low_signal	VEGFA	KDR	VEGF	0.0004193909100560352	179	217	2.5
commot_pilot_v1	GSE300445	GSM9060734_AdjIII-0113	melanoma	Visium	immune	tumor_like	VEGFA	KDR	VEGF	5.771028194686654e-11	55	179	2.5
commot_pilot_v1	GSE300445	GSM9060734_AdjIII-0113	melanoma	Visium	immune	immune	VEGFA	KDR	VEGF	0.007837865056364208	55	55	2.5
commot_pilot_v1	GSE300445	GSM9060734_AdjIII-0113	melanoma	Visium	immune	stroma_fibroblast	VEGFA	KDR	VEGF	2.2012136697463948e-05	55	1694	2.5
commot_pilot_v1	GSE300445	GSM9060734_AdjIII-0113	melanoma	Visium	immune	ambiguous_or_low_signal	VEGFA	KDR	VEGF	0.00037288114893847726	55	217	2.5
commot_pilot_v1	GSE300445	GSM9060734_AdjIII-0113	melanoma	Visium	stroma_fibroblast	tumor_like	VEGFA	KDR	VEGF	8.085357993876564e-06	1694	179	2.5
commot_pilot_v1	GSE300445	GSM9060734_AdjIII-0113	melanoma	Visium	stroma_fibroblast	immune	VEGFA	KDR	VEGF	1.7328911618447637e-07	1694	55	2.5
commot_pilot_v1	GSE300445	GSM9060734_AdjIII-0113	melanoma	Visium	stroma_fibroblast	stroma_fibroblast	VEGFA	KDR	VEGF	0.00017961477327948589	1694	1694	2.5
commot_pilot_v1	GSE300445	GSM9060734_AdjIII-0113	melanoma	Visium	stroma_fibroblast	ambiguous_or_low_signal	VEGFA	KDR	VEGF	1.957459292265812e-05	1694	217	2.5
commot_pilot_v1	GSE300445	GSM9060734_AdjIII-0113	melanoma	Visium	ambiguous_or_low_signal	tumor_like	VEGFA	KDR	VEGF	1.123782950246508e-05	217	179	2.5
commot_pilot_v1	GSE300445	GSM9060734_AdjIII-0113	melanoma	Visium	ambiguous_or_low_signal	immune	VEGFA	KDR	VEGF	2.2306610093024185e-05	217	55	2.5
commot_pilot_v1	GSE300445	GSM9060734_AdjIII-0113	melanoma	Visium	ambiguous_or_low_signal	stroma_fibroblast	VEGFA	KDR	VEGF	0.00010582367192647952	217	1694	2.5
commot_pilot_v1	GSE300445	GSM9060734_AdjIII-0113	melanoma	Visium	ambiguous_or_low_signal	ambiguous_or_low_signal	VEGFA	KDR	VEGF	0.0038451375301860277	217	217	2.5
commot_pilot_v1	GSE300445	GSM9060734_AdjIII-0113	melanoma	Visium	tumor_like	tumor_like	SPP1	CD44	SPP1	0.016103253672707783	179	179	2.5
commot_pilot_v1	GSE300445	GSM9060734_AdjIII-0113	melanoma	Visium	tumor_like	immune	SPP1	CD44	SPP1	1.4383130166262956e-06	179	55	2.5
commot_pilot_v1	GSE300445	GSM9060734_AdjIII-0113	melanoma	Visium	tumor_like	stroma_fibroblast	SPP1	CD44	SPP1	0.00027120208225831936	179	1694	2.5
commot_pilot_v1	GSE300445	GSM9060734_AdjIII-0113	melanoma	Visium	tumor_like	ambiguous_or_low_signal	SPP1	CD44	SPP1	0.003452930430636612	179	217	2.5
commot_pilot_v1	GSE300445	GSM9060734_AdjIII-0113	melanoma	Visium	immune	tumor_like	SPP1	CD44	SPP1	0.0030149397715971337	55	179	2.5
commot_pilot_v1	GSE300445	GSM9060734_AdjIII-0113	melanoma	Visium	immune	immune	SPP1	CD44	SPP1	0.15834272109614095	55	55	2.5
commot_pilot_v1	GSE300445	GSM9060734_AdjIII-0113	melanoma	Visium	immune	stroma_fibroblast	SPP1	CD44	SPP1	0.0015018323778515396	55	1694	2.5
commot_pilot_v1	GSE300445	GSM9060734_AdjIII-0113	melanoma	Visium	immune	ambiguous_or_low_signal	SPP1	CD44	SPP1	0.01501991895971431	55	217	2.5
commot_pilot_v1	GSE300445	GSM9060734_AdjIII-0113	melanoma	Visium	stroma_fibroblast	tumor_like	SPP1	CD44	SPP1	0.000892395157162381	1694	179	2.5
commot_pilot_v1	GSE300445	GSM9060734_AdjIII-0113	melanoma	Visium	stroma_fibroblast	immune	SPP1	CD44	SPP1	1.0199248373362091e-06	1694	55	2.5
commot_pilot_v1	GSE300445	GSM9060734_AdjIII-0113	melanoma	Visium	stroma_fibroblast	stroma_fibroblast	SPP1	CD44	SPP1	0.00038874205265753857	1694	1694	2.5
commot_pilot_v1	GSE300445	GSM9060734_AdjIII-0113	melanoma	Visium	stroma_fibroblast	ambiguous_or_low_signal	SPP1	CD44	SPP1	0.0006618416462573563	1694	217	2.5
commot_pilot_v1	GSE300445	GSM9060734_AdjIII-0113	melanoma	Visium	ambiguous_or_low_signal	tumor_like	SPP1	CD44	SPP1	0.012010244211911972	217	179	2.5
commot_pilot_v1	GSE300445	GSM9060734_AdjIII-0113	melanoma	Visium	ambiguous_or_low_signal	immune	SPP1	CD44	SPP1	0.007172539039783288	217	55	2.5
commot_pilot_v1	GSE300445	GSM9060734_AdjIII-0113	melanoma	Visium	ambiguous_or_low_signal	stroma_fibroblast	SPP1	CD44	SPP1	0.0007808998247531419	217	1694	2.5
commot_pilot_v1	GSE300445	GSM9060734_AdjIII-0113	melanoma	Visium	ambiguous_or_low_signal	ambiguous_or_low_signal	SPP1	CD44	SPP1	0.030331185449530812	217	217	2.5
commot_pilot_v1	GSE300445	GSM9060734_AdjIII-0113	melanoma	Visium	tumor_like	tumor_like	SPP1	ITGAV	SPP1	0.0070669186797214355	179	179	2.5
commot_pilot_v1	GSE300445	GSM9060734_AdjIII-0113	melanoma	Visium	tumor_like	immune	SPP1	ITGAV	SPP1	2.938981197888227e-07	179	55	2.5
commot_pilot_v1	GSE300445	GSM9060734_AdjIII-0113	melanoma	Visium	tumor_like	stroma_fibroblast	SPP1	ITGAV	SPP1	0.0001350137706835248	179	1694	2.5
commot_pilot_v1	GSE300445	GSM9060734_AdjIII-0113	melanoma	Visium	tumor_like	ambiguous_or_low_signal	SPP1	ITGAV	SPP1	0.0017555524333676465	179	217	2.5
commot_pilot_v1	GSE300445	GSM9060734_AdjIII-0113	melanoma	Visium	immune	tumor_like	SPP1	ITGAV	SPP1	0.000788165776470138	55	179	2.5
commot_pilot_v1	GSE300445	GSM9060734_AdjIII-0113	melanoma	Visium	immune	immune	SPP1	ITGAV	SPP1	0.03727959310286087	55	55	2.5
commot_pilot_v1	GSE300445	GSM9060734_AdjIII-0113	melanoma	Visium	immune	stroma_fibroblast	SPP1	ITGAV	SPP1	0.00023111654074240822	55	1694	2.5
commot_pilot_v1	GSE300445	GSM9060734_AdjIII-0113	melanoma	Visium	immune	ambiguous_or_low_signal	SPP1	ITGAV	SPP1	0.0024601020872684395	55	217	2.5
commot_pilot_v1	GSE300445	GSM9060734_AdjIII-0113	melanoma	Visium	stroma_fibroblast	tumor_like	SPP1	ITGAV	SPP1	0.00021891669229685853	1694	179	2.5
commot_pilot_v1	GSE300445	GSM9060734_AdjIII-0113	melanoma	Visium	stroma_fibroblast	immune	SPP1	ITGAV	SPP1	2.866920157746437e-07	1694	55	2.5
commot_pilot_v1	GSE300445	GSM9060734_AdjIII-0113	melanoma	Visium	stroma_fibroblast	stroma_fibroblast	SPP1	ITGAV	SPP1	0.0001367668908858824	1694	1694	2.5
commot_pilot_v1	GSE300445	GSM9060734_AdjIII-0113	melanoma	Visium	stroma_fibroblast	ambiguous_or_low_signal	SPP1	ITGAV	SPP1	0.0001954047257755014	1694	217	2.5
commot_pilot_v1	GSE300445	GSM9060734_AdjIII-0113	melanoma	Visium	ambiguous_or_low_signal	tumor_like	SPP1	ITGAV	SPP1	0.002628076596561037	217	179	2.5
commot_pilot_v1	GSE300445	GSM9060734_AdjIII-0113	melanoma	Visium	ambiguous_or_low_signal	immune	SPP1	ITGAV	SPP1	0.001864079624038373	217	55	2.5
commot_pilot_v1	GSE300445	GSM9060734_AdjIII-0113	melanoma	Visium	ambiguous_or_low_signal	stroma_fibroblast	SPP1	ITGAV	SPP1	0.00019117528873265787	217	1694	2.5
commot_pilot_v1	GSE300445	GSM9060734_AdjIII-0113	melanoma	Visium	ambiguous_or_low_signal	ambiguous_or_low_signal	SPP1	ITGAV	SPP1	0.00895175012721365	217	217	2.5
commot_pilot_v1	GSE300445	GSM9060734_AdjIII-0113	melanoma	Visium	tumor_like	tumor_like	MIF	CD74	MIF	0.09847910889678918	179	179	2.5
commot_pilot_v1	GSE300445	GSM9060734_AdjIII-0113	melanoma	Visium	tumor_like	immune	MIF	CD74	MIF	1.713368864172244e-05	179	55	2.5
commot_pilot_v1	GSE300445	GSM9060734_AdjIII-0113	melanoma	Visium	tumor_like	stroma_fibroblast	MIF	CD74	MIF	2.904050456099858e-05	179	1694	2.5
commot_pilot_v1	GSE300445	GSM9060734_AdjIII-0113	melanoma	Visium	tumor_like	ambiguous_or_low_signal	MIF	CD74	MIF	0.0010981735354449649	179	217	2.5
commot_pilot_v1	GSE300445	GSM9060734_AdjIII-0113	melanoma	Visium	immune	tumor_like	MIF	CD74	MIF	1.7305189833954235e-06	55	179	2.5
commot_pilot_v1	GSE300445	GSM9060734_AdjIII-0113	melanoma	Visium	immune	immune	MIF	CD74	MIF	0.17098352928215993	55	55	2.5
commot_pilot_v1	GSE300445	GSM9060734_AdjIII-0113	melanoma	Visium	immune	stroma_fibroblast	MIF	CD74	MIF	1.9578433432527368e-06	55	1694	2.5
commot_pilot_v1	GSE300445	GSM9060734_AdjIII-0113	melanoma	Visium	immune	ambiguous_or_low_signal	MIF	CD74	MIF	4.820902369367516e-05	55	217	2.5
commot_pilot_v1	GSE300445	GSM9060734_AdjIII-0113	melanoma	Visium	stroma_fibroblast	tumor_like	MIF	CD74	MIF	5.5201574710479815e-06	1694	179	2.5
commot_pilot_v1	GSE300445	GSM9060734_AdjIII-0113	melanoma	Visium	stroma_fibroblast	immune	MIF	CD74	MIF	2.462798300971548e-06	1694	55	2.5
commot_pilot_v1	GSE300445	GSM9060734_AdjIII-0113	melanoma	Visium	stroma_fibroblast	stroma_fibroblast	MIF	CD74	MIF	0.0009817649237802311	1694	1694	2.5
commot_pilot_v1	GSE300445	GSM9060734_AdjIII-0113	melanoma	Visium	stroma_fibroblast	ambiguous_or_low_signal	MIF	CD74	MIF	4.86595954269744e-06	1694	217	2.5
commot_pilot_v1	GSE300445	GSM9060734_AdjIII-0113	melanoma	Visium	ambiguous_or_low_signal	tumor_like	MIF	CD74	MIF	5.184645054663119e-05	217	179	2.5
commot_pilot_v1	GSE300445	GSM9060734_AdjIII-0113	melanoma	Visium	ambiguous_or_low_signal	immune	MIF	CD74	MIF	7.605031653269353e-05	217	55	2.5
commot_pilot_v1	GSE300445	GSM9060734_AdjIII-0113	melanoma	Visium	ambiguous_or_low_signal	stroma_fibroblast	MIF	CD74	MIF	3.56439714356437e-05	217	1694	2.5
commot_pilot_v1	GSE300445	GSM9060734_AdjIII-0113	melanoma	Visium	ambiguous_or_low_signal	ambiguous_or_low_signal	MIF	CD74	MIF	0.05744390017162824	217	217	2.5
commot_pilot_v1	GSE300445	GSM9060734_AdjIII-0113	melanoma	Visium	tumor_like	tumor_like	DLL4	NOTCH1	NOTCH	0.0006834610460444042	179	179	2.5
commot_pilot_v1	GSE300445	GSM9060734_AdjIII-0113	melanoma	Visium	tumor_like	immune	DLL4	NOTCH1	NOTCH	5.158176237742044e-08	179	55	2.5
commot_pilot_v1	GSE300445	GSM9060734_AdjIII-0113	melanoma	Visium	tumor_like	stroma_fibroblast	DLL4	NOTCH1	NOTCH	8.432724385218012e-08	179	1694	2.5
commot_pilot_v1	GSE300445	GSM9060734_AdjIII-0113	melanoma	Visium	tumor_like	ambiguous_or_low_signal	DLL4	NOTCH1	NOTCH	1.934623700444421e-06	179	217	2.5
commot_pilot_v1	GSE300445	GSM9060734_AdjIII-0113	melanoma	Visium	immune	immune	DLL4	NOTCH1	NOTCH	0.002291907333940958	55	55	2.5
commot_pilot_v1	GSE300445	GSM9060734_AdjIII-0113	melanoma	Visium	immune	stroma_fibroblast	DLL4	NOTCH1	NOTCH	2.4100801290842343e-08	55	1694	2.5
commot_pilot_v1	GSE300445	GSM9060734_AdjIII-0113	melanoma	Visium	immune	ambiguous_or_low_signal	DLL4	NOTCH1	NOTCH	5.423949993494309e-06	55	217	2.5
commot_pilot_v1	GSE300445	GSM9060734_AdjIII-0113	melanoma	Visium	stroma_fibroblast	tumor_like	DLL4	NOTCH1	NOTCH	1.9158764111181787e-06	1694	179	2.5
commot_pilot_v1	GSE300445	GSM9060734_AdjIII-0113	melanoma	Visium	stroma_fibroblast	immune	DLL4	NOTCH1	NOTCH	6.390937536651379e-06	1694	55	2.5
commot_pilot_v1	GSE300445	GSM9060734_AdjIII-0113	melanoma	Visium	stroma_fibroblast	stroma_fibroblast	DLL4	NOTCH1	NOTCH	7.450570482889351e-05	1694	1694	2.5
commot_pilot_v1	GSE300445	GSM9060734_AdjIII-0113	melanoma	Visium	stroma_fibroblast	ambiguous_or_low_signal	DLL4	NOTCH1	NOTCH	8.213758987408129e-06	1694	217	2.5
commot_pilot_v1	GSE300445	GSM9060734_AdjIII-0113	melanoma	Visium	ambiguous_or_low_signal	tumor_like	DLL4	NOTCH1	NOTCH	6.792404700016344e-06	217	179	2.5
commot_pilot_v1	GSE300445	GSM9060734_AdjIII-0113	melanoma	Visium	ambiguous_or_low_signal	immune	DLL4	NOTCH1	NOTCH	4.520367568891266e-05	217	55	2.5
commot_pilot_v1	GSE300445	GSM9060734_AdjIII-0113	melanoma	Visium	ambiguous_or_low_signal	stroma_fibroblast	DLL4	NOTCH1	NOTCH	7.737904807535349e-06	217	1694	2.5
commot_pilot_v1	GSE300445	GSM9060734_AdjIII-0113	melanoma	Visium	ambiguous_or_low_signal	ambiguous_or_low_signal	DLL4	NOTCH1	NOTCH	0.0013241355395835763	217	217	2.5
commot_pilot_v1	GSE300445	GSM9060734_AdjIII-0113	melanoma	Visium	tumor_like	tumor_like	JAG1	NOTCH2	NOTCH	0.019617536478842325	179	179	2.5
commot_pilot_v1	GSE300445	GSM9060734_AdjIII-0113	melanoma	Visium	tumor_like	immune	JAG1	NOTCH2	NOTCH	0.0007698702926634487	179	55	2.5
commot_pilot_v1	GSE300445	GSM9060734_AdjIII-0113	melanoma	Visium	tumor_like	stroma_fibroblast	JAG1	NOTCH2	NOTCH	6.962207056780874e-05	179	1694	2.5
commot_pilot_v1	GSE300445	GSM9060734_AdjIII-0113	melanoma	Visium	tumor_like	ambiguous_or_low_signal	JAG1	NOTCH2	NOTCH	0.0021977104087932122	179	217	2.5
commot_pilot_v1	GSE300445	GSM9060734_AdjIII-0113	melanoma	Visium	immune	tumor_like	JAG1	NOTCH2	NOTCH	6.493707131640179e-08	55	179	2.5
commot_pilot_v1	GSE300445	GSM9060734_AdjIII-0113	melanoma	Visium	immune	immune	JAG1	NOTCH2	NOTCH	0.024273005238013193	55	55	2.5
commot_pilot_v1	GSE300445	GSM9060734_AdjIII-0113	melanoma	Visium	immune	stroma_fibroblast	JAG1	NOTCH2	NOTCH	2.866942808775344e-05	55	1694	2.5
commot_pilot_v1	GSE300445	GSM9060734_AdjIII-0113	melanoma	Visium	immune	ambiguous_or_low_signal	JAG1	NOTCH2	NOTCH	0.0009867265989983306	55	217	2.5
commot_pilot_v1	GSE300445	GSM9060734_AdjIII-0113	melanoma	Visium	stroma_fibroblast	tumor_like	JAG1	NOTCH2	NOTCH	0.00013056900732283277	1694	179	2.5
commot_pilot_v1	GSE300445	GSM9060734_AdjIII-0113	melanoma	Visium	stroma_fibroblast	immune	JAG1	NOTCH2	NOTCH	0.00021293363146247934	1694	55	2.5
commot_pilot_v1	GSE300445	GSM9060734_AdjIII-0113	melanoma	Visium	stroma_fibroblast	stroma_fibroblast	JAG1	NOTCH2	NOTCH	0.00042322900049886897	1694	1694	2.5
commot_pilot_v1	GSE300445	GSM9060734_AdjIII-0113	melanoma	Visium	stroma_fibroblast	ambiguous_or_low_signal	JAG1	NOTCH2	NOTCH	0.0003480429913714121	1694	217	2.5
commot_pilot_v1	GSE300445	GSM9060734_AdjIII-0113	melanoma	Visium	ambiguous_or_low_signal	tumor_like	JAG1	NOTCH2	NOTCH	0.002157443050723841	217	179	2.5
commot_pilot_v1	GSE300445	GSM9060734_AdjIII-0113	melanoma	Visium	ambiguous_or_low_signal	immune	JAG1	NOTCH2	NOTCH	0.003961844701421752	217	55	2.5
commot_pilot_v1	GSE300445	GSM9060734_AdjIII-0113	melanoma	Visium	ambiguous_or_low_signal	stroma_fibroblast	JAG1	NOTCH2	NOTCH	0.00018448536471227388	217	1694	2.5
commot_pilot_v1	GSE300445	GSM9060734_AdjIII-0113	melanoma	Visium	ambiguous_or_low_signal	ambiguous_or_low_signal	JAG1	NOTCH2	NOTCH	0.00838238489372487	217	217	2.5
commot_pilot_v1	GSE300445	GSM9060734_AdjIII-0113	melanoma	Visium	tumor_like	tumor_like	WNT5A	FZD5	WNT	0.0015598399527950477	179	179	2.5
commot_pilot_v1	GSE300445	GSM9060734_AdjIII-0113	melanoma	Visium	tumor_like	immune	WNT5A	FZD5	WNT	5.274021006435644e-06	179	55	2.5
commot_pilot_v1	GSE300445	GSM9060734_AdjIII-0113	melanoma	Visium	tumor_like	stroma_fibroblast	WNT5A	FZD5	WNT	8.360734241264681e-06	179	1694	2.5
commot_pilot_v1	GSE300445	GSM9060734_AdjIII-0113	melanoma	Visium	tumor_like	ambiguous_or_low_signal	WNT5A	FZD5	WNT	9.275539940678767e-05	179	217	2.5
commot_pilot_v1	GSE300445	GSM9060734_AdjIII-0113	melanoma	Visium	immune	immune	WNT5A	FZD5	WNT	0.001982423681761024	55	55	2.5
commot_pilot_v1	GSE300445	GSM9060734_AdjIII-0113	melanoma	Visium	immune	stroma_fibroblast	WNT5A	FZD5	WNT	1.3039165775295013e-05	55	1694	2.5
commot_pilot_v1	GSE300445	GSM9060734_AdjIII-0113	melanoma	Visium	immune	ambiguous_or_low_signal	WNT5A	FZD5	WNT	8.395099582059663e-05	55	217	2.5
commot_pilot_v1	GSE300445	GSM9060734_AdjIII-0113	melanoma	Visium	stroma_fibroblast	tumor_like	WNT5A	FZD5	WNT	1.3408307128549844e-05	1694	179	2.5
commot_pilot_v1	GSE300445	GSM9060734_AdjIII-0113	melanoma	Visium	stroma_fibroblast	immune	WNT5A	FZD5	WNT	5.103880772950998e-06	1694	55	2.5
commot_pilot_v1	GSE300445	GSM9060734_AdjIII-0113	melanoma	Visium	stroma_fibroblast	stroma_fibroblast	WNT5A	FZD5	WNT	1.4202261000637854e-05	1694	1694	2.5
commot_pilot_v1	GSE300445	GSM9060734_AdjIII-0113	melanoma	Visium	stroma_fibroblast	ambiguous_or_low_signal	WNT5A	FZD5	WNT	1.6338551509543185e-05	1694	217	2.5
commot_pilot_v1	GSE300445	GSM9060734_AdjIII-0113	melanoma	Visium	ambiguous_or_low_signal	tumor_like	WNT5A	FZD5	WNT	0.00022011673240866596	217	179	2.5
commot_pilot_v1	GSE300445	GSM9060734_AdjIII-0113	melanoma	Visium	ambiguous_or_low_signal	immune	WNT5A	FZD5	WNT	0.0003530658693690535	217	55	2.5
commot_pilot_v1	GSE300445	GSM9060734_AdjIII-0113	melanoma	Visium	ambiguous_or_low_signal	stroma_fibroblast	WNT5A	FZD5	WNT	1.6418602880852623e-05	217	1694	2.5
commot_pilot_v1	GSE300445	GSM9060734_AdjIII-0113	melanoma	Visium	ambiguous_or_low_signal	ambiguous_or_low_signal	WNT5A	FZD5	WNT	0.0007754596268344197	217	217	2.5
commot_pilot_v1	GSE300445	GSM9060734_AdjIII-0113	melanoma	Visium	tumor_like	tumor_like	EGF	EGFR	EGF/ERBB	0.0009634703380605089	179	179	2.5
commot_pilot_v1	GSE300445	GSM9060734_AdjIII-0113	melanoma	Visium	tumor_like	immune	EGF	EGFR	EGF/ERBB	2.0502159315585737e-08	179	55	2.5
commot_pilot_v1	GSE300445	GSM9060734_AdjIII-0113	melanoma	Visium	tumor_like	stroma_fibroblast	EGF	EGFR	EGF/ERBB	1.3891113782635542e-06	179	1694	2.5
commot_pilot_v1	GSE300445	GSM9060734_AdjIII-0113	melanoma	Visium	tumor_like	ambiguous_or_low_signal	EGF	EGFR	EGF/ERBB	4.397266981965841e-05	179	217	2.5
commot_pilot_v1	GSE300445	GSM9060734_AdjIII-0113	melanoma	Visium	immune	tumor_like	EGF	EGFR	EGF/ERBB	9.261930700115586e-06	55	179	2.5
commot_pilot_v1	GSE300445	GSM9060734_AdjIII-0113	melanoma	Visium	immune	immune	EGF	EGFR	EGF/ERBB	0.0026484504750120884	55	55	2.5
commot_pilot_v1	GSE300445	GSM9060734_AdjIII-0113	melanoma	Visium	immune	stroma_fibroblast	EGF	EGFR	EGF/ERBB	1.020307768386576e-05	55	1694	2.5
commot_pilot_v1	GSE300445	GSM9060734_AdjIII-0113	melanoma	Visium	immune	ambiguous_or_low_signal	EGF	EGFR	EGF/ERBB	0.00033067723984463415	55	217	2.5
commot_pilot_v1	GSE300445	GSM9060734_AdjIII-0113	melanoma	Visium	stroma_fibroblast	tumor_like	EGF	EGFR	EGF/ERBB	2.9963706247896723e-06	1694	179	2.5
commot_pilot_v1	GSE300445	GSM9060734_AdjIII-0113	melanoma	Visium	stroma_fibroblast	immune	EGF	EGFR	EGF/ERBB	2.690526280359034e-07	1694	55	2.5
commot_pilot_v1	GSE300445	GSM9060734_AdjIII-0113	melanoma	Visium	stroma_fibroblast	stroma_fibroblast	EGF	EGFR	EGF/ERBB	2.006196900200299e-05	1694	1694	2.5
commot_pilot_v1	GSE300445	GSM9060734_AdjIII-0113	melanoma	Visium	stroma_fibroblast	ambiguous_or_low_signal	EGF	EGFR	EGF/ERBB	1.3487743448867205e-06	1694	217	2.5
commot_pilot_v1	GSE300445	GSM9060734_AdjIII-0113	melanoma	Visium	ambiguous_or_low_signal	tumor_like	EGF	EGFR	EGF/ERBB	8.077433513349707e-05	217	179	2.5
commot_pilot_v1	GSE300445	GSM9060734_AdjIII-0113	melanoma	Visium	ambiguous_or_low_signal	immune	EGF	EGFR	EGF/ERBB	0.00019879590038305472	217	55	2.5
commot_pilot_v1	GSE300445	GSM9060734_AdjIII-0113	melanoma	Visium	ambiguous_or_low_signal	stroma_fibroblast	EGF	EGFR	EGF/ERBB	8.328036183924183e-06	217	1694	2.5
commot_pilot_v1	GSE300445	GSM9060734_AdjIII-0113	melanoma	Visium	ambiguous_or_low_signal	ambiguous_or_low_signal	EGF	EGFR	EGF/ERBB	0.0010921549548257446	217	217	2.5
commot_pilot_v1	GSE300445	GSM9060734_AdjIII-0113	melanoma	Visium	tumor_like	tumor_like	HBEGF	EGFR	EGF/ERBB	0.0021722484889475967	179	179	2.5
commot_pilot_v1	GSE300445	GSM9060734_AdjIII-0113	melanoma	Visium	tumor_like	immune	HBEGF	EGFR	EGF/ERBB	2.0190587376877906e-08	179	55	2.5
commot_pilot_v1	GSE300445	GSM9060734_AdjIII-0113	melanoma	Visium	tumor_like	stroma_fibroblast	HBEGF	EGFR	EGF/ERBB	1.2315114615117264e-05	179	1694	2.5
commot_pilot_v1	GSE300445	GSM9060734_AdjIII-0113	melanoma	Visium	tumor_like	ambiguous_or_low_signal	HBEGF	EGFR	EGF/ERBB	0.00012008661748139741	179	217	2.5
commot_pilot_v1	GSE300445	GSM9060734_AdjIII-0113	melanoma	Visium	immune	tumor_like	HBEGF	EGFR	EGF/ERBB	1.2406635142155214e-06	55	179	2.5
commot_pilot_v1	GSE300445	GSM9060734_AdjIII-0113	melanoma	Visium	immune	immune	HBEGF	EGFR	EGF/ERBB	0.003504608394603291	55	55	2.5
commot_pilot_v1	GSE300445	GSM9060734_AdjIII-0113	melanoma	Visium	immune	stroma_fibroblast	HBEGF	EGFR	EGF/ERBB	1.5149603729404956e-05	55	1694	2.5
commot_pilot_v1	GSE300445	GSM9060734_AdjIII-0113	melanoma	Visium	immune	ambiguous_or_low_signal	HBEGF	EGFR	EGF/ERBB	0.0002492548925304041	55	217	2.5
commot_pilot_v1	GSE300445	GSM9060734_AdjIII-0113	melanoma	Visium	stroma_fibroblast	tumor_like	HBEGF	EGFR	EGF/ERBB	8.031372131731835e-06	1694	179	2.5
commot_pilot_v1	GSE300445	GSM9060734_AdjIII-0113	melanoma	Visium	stroma_fibroblast	immune	HBEGF	EGFR	EGF/ERBB	1.8419677049355292e-07	1694	55	2.5
commot_pilot_v1	GSE300445	GSM9060734_AdjIII-0113	melanoma	Visium	stroma_fibroblast	stroma_fibroblast	HBEGF	EGFR	EGF/ERBB	2.427246366708318e-05	1694	1694	2.5
commot_pilot_v1	GSE300445	GSM9060734_AdjIII-0113	melanoma	Visium	stroma_fibroblast	ambiguous_or_low_signal	HBEGF	EGFR	EGF/ERBB	1.3314497899749292e-05	1694	217	2.5
commot_pilot_v1	GSE300445	GSM9060734_AdjIII-0113	melanoma	Visium	ambiguous_or_low_signal	tumor_like	HBEGF	EGFR	EGF/ERBB	7.93193393558158e-05	217	179	2.5
commot_pilot_v1	GSE300445	GSM9060734_AdjIII-0113	melanoma	Visium	ambiguous_or_low_signal	immune	HBEGF	EGFR	EGF/ERBB	5.948154156474924e-05	217	55	2.5
commot_pilot_v1	GSE300445	GSM9060734_AdjIII-0113	melanoma	Visium	ambiguous_or_low_signal	stroma_fibroblast	HBEGF	EGFR	EGF/ERBB	1.5359014043032555e-05	217	1694	2.5
commot_pilot_v1	GSE300445	GSM9060734_AdjIII-0113	melanoma	Visium	ambiguous_or_low_signal	ambiguous_or_low_signal	HBEGF	EGFR	EGF/ERBB	0.0011374873969982368	217	217	2.5
commot_pilot_v1	GSE300445	GSM9060734_AdjIII-0113	melanoma	Visium	tumor_like	tumor_like	COL1A1	ITGA2	ECM-integrin	0.016535607554066745	179	179	2.5
commot_pilot_v1	GSE300445	GSM9060734_AdjIII-0113	melanoma	Visium	tumor_like	immune	COL1A1	ITGA2	ECM-integrin	8.633832650202395e-08	179	55	2.5
commot_pilot_v1	GSE300445	GSM9060734_AdjIII-0113	melanoma	Visium	tumor_like	stroma_fibroblast	COL1A1	ITGA2	ECM-integrin	8.746375604511653e-08	179	1694	2.5
commot_pilot_v1	GSE300445	GSM9060734_AdjIII-0113	melanoma	Visium	tumor_like	ambiguous_or_low_signal	COL1A1	ITGA2	ECM-integrin	5.095867382633241e-06	179	217	2.5
commot_pilot_v1	GSE300445	GSM9060734_AdjIII-0113	melanoma	Visium	immune	tumor_like	COL1A1	ITGA2	ECM-integrin	2.2440981711411352e-06	55	179	2.5
commot_pilot_v1	GSE300445	GSM9060734_AdjIII-0113	melanoma	Visium	immune	immune	COL1A1	ITGA2	ECM-integrin	0.026048329104195703	55	55	2.5
commot_pilot_v1	GSE300445	GSM9060734_AdjIII-0113	melanoma	Visium	immune	stroma_fibroblast	COL1A1	ITGA2	ECM-integrin	6.716631983877951e-08	55	1694	2.5
commot_pilot_v1	GSE300445	GSM9060734_AdjIII-0113	melanoma	Visium	immune	ambiguous_or_low_signal	COL1A1	ITGA2	ECM-integrin	3.8012119820298196e-06	55	217	2.5
commot_pilot_v1	GSE300445	GSM9060734_AdjIII-0113	melanoma	Visium	stroma_fibroblast	tumor_like	COL1A1	ITGA2	ECM-integrin	3.65014971236887e-06	1694	179	2.5
commot_pilot_v1	GSE300445	GSM9060734_AdjIII-0113	melanoma	Visium	stroma_fibroblast	immune	COL1A1	ITGA2	ECM-integrin	4.90854892708906e-07	1694	55	2.5
commot_pilot_v1	GSE300445	GSM9060734_AdjIII-0113	melanoma	Visium	stroma_fibroblast	stroma_fibroblast	COL1A1	ITGA2	ECM-integrin	0.00011563780929405449	1694	1694	2.5
commot_pilot_v1	GSE300445	GSM9060734_AdjIII-0113	melanoma	Visium	stroma_fibroblast	ambiguous_or_low_signal	COL1A1	ITGA2	ECM-integrin	1.9207179418218357e-06	1694	217	2.5
commot_pilot_v1	GSE300445	GSM9060734_AdjIII-0113	melanoma	Visium	ambiguous_or_low_signal	tumor_like	COL1A1	ITGA2	ECM-integrin	2.712676459001564e-05	217	179	2.5
commot_pilot_v1	GSE300445	GSM9060734_AdjIII-0113	melanoma	Visium	ambiguous_or_low_signal	immune	COL1A1	ITGA2	ECM-integrin	1.3173146931702081e-05	217	55	2.5
commot_pilot_v1	GSE300445	GSM9060734_AdjIII-0113	melanoma	Visium	ambiguous_or_low_signal	stroma_fibroblast	COL1A1	ITGA2	ECM-integrin	3.5038361943310085e-07	217	1694	2.5
commot_pilot_v1	GSE300445	GSM9060734_AdjIII-0113	melanoma	Visium	ambiguous_or_low_signal	ambiguous_or_low_signal	COL1A1	ITGA2	ECM-integrin	0.00734886367695795	217	217	2.5
commot_pilot_v1	GSE300445	GSM9060735_AdjIII-0133	melanoma	Visium	tumor_like	tumor_like	TGFB1	TGFBR1	TGFB	0.0008849423176840889	2170	2170	2.5
commot_pilot_v1	GSE300445	GSM9060735_AdjIII-0133	melanoma	Visium	tumor_like	stroma_fibroblast	TGFB1	TGFBR1	TGFB	4.5264309914446766e-05	2170	751	2.5
commot_pilot_v1	GSE300445	GSM9060735_AdjIII-0133	melanoma	Visium	tumor_like	ambiguous_or_low_signal	TGFB1	TGFBR1	TGFB	9.007504072104682e-05	2170	1191	2.5
commot_pilot_v1	GSE300445	GSM9060735_AdjIII-0133	melanoma	Visium	immune	tumor_like	TGFB1	TGFBR1	TGFB	5.6944328831850843e-05	3	2170	2.5
commot_pilot_v1	GSE300445	GSM9060735_AdjIII-0133	melanoma	Visium	immune	stroma_fibroblast	TGFB1	TGFBR1	TGFB	0.00015707914952956808	3	751	2.5
commot_pilot_v1	GSE300445	GSM9060735_AdjIII-0133	melanoma	Visium	immune	ambiguous_or_low_signal	TGFB1	TGFBR1	TGFB	1.843821016741942e-05	3	1191	2.5
commot_pilot_v1	GSE300445	GSM9060735_AdjIII-0133	melanoma	Visium	stroma_fibroblast	tumor_like	TGFB1	TGFBR1	TGFB	2.4530077226435083e-05	751	2170	2.5
commot_pilot_v1	GSE300445	GSM9060735_AdjIII-0133	melanoma	Visium	stroma_fibroblast	stroma_fibroblast	TGFB1	TGFBR1	TGFB	0.0017854859885358578	751	751	2.5
commot_pilot_v1	GSE300445	GSM9060735_AdjIII-0133	melanoma	Visium	stroma_fibroblast	ambiguous_or_low_signal	TGFB1	TGFBR1	TGFB	6.585371829654248e-05	751	1191	2.5
commot_pilot_v1	GSE300445	GSM9060735_AdjIII-0133	melanoma	Visium	ambiguous_or_low_signal	tumor_like	TGFB1	TGFBR1	TGFB	5.8442286764372604e-05	1191	2170	2.5
commot_pilot_v1	GSE300445	GSM9060735_AdjIII-0133	melanoma	Visium	ambiguous_or_low_signal	stroma_fibroblast	TGFB1	TGFBR1	TGFB	9.460080111030878e-05	1191	751	2.5
commot_pilot_v1	GSE300445	GSM9060735_AdjIII-0133	melanoma	Visium	ambiguous_or_low_signal	ambiguous_or_low_signal	TGFB1	TGFBR1	TGFB	0.001375927683179116	1191	1191	2.5
commot_pilot_v1	GSE300445	GSM9060735_AdjIII-0133	melanoma	Visium	tumor_like	tumor_like	TGFB1	TGFBR2	TGFB	0.0005417522437427957	2170	2170	2.5
commot_pilot_v1	GSE300445	GSM9060735_AdjIII-0133	melanoma	Visium	tumor_like	stroma_fibroblast	TGFB1	TGFBR2	TGFB	4.6095879599180044e-05	2170	751	2.5
commot_pilot_v1	GSE300445	GSM9060735_AdjIII-0133	melanoma	Visium	tumor_like	ambiguous_or_low_signal	TGFB1	TGFBR2	TGFB	7.322370722446576e-05	2170	1191	2.5
commot_pilot_v1	GSE300445	GSM9060735_AdjIII-0133	melanoma	Visium	immune	tumor_like	TGFB1	TGFBR2	TGFB	9.759472126534923e-05	3	2170	2.5
commot_pilot_v1	GSE300445	GSM9060735_AdjIII-0133	melanoma	Visium	immune	stroma_fibroblast	TGFB1	TGFBR2	TGFB	1.6434124341529334e-05	3	751	2.5
commot_pilot_v1	GSE300445	GSM9060735_AdjIII-0133	melanoma	Visium	immune	ambiguous_or_low_signal	TGFB1	TGFBR2	TGFB	7.304816398894842e-06	3	1191	2.5
commot_pilot_v1	GSE300445	GSM9060735_AdjIII-0133	melanoma	Visium	stroma_fibroblast	tumor_like	TGFB1	TGFBR2	TGFB	1.955081620644053e-05	751	2170	2.5
commot_pilot_v1	GSE300445	GSM9060735_AdjIII-0133	melanoma	Visium	stroma_fibroblast	stroma_fibroblast	TGFB1	TGFBR2	TGFB	0.0013330843684307599	751	751	2.5
commot_pilot_v1	GSE300445	GSM9060735_AdjIII-0133	melanoma	Visium	stroma_fibroblast	ambiguous_or_low_signal	TGFB1	TGFBR2	TGFB	8.245795296726428e-05	751	1191	2.5
commot_pilot_v1	GSE300445	GSM9060735_AdjIII-0133	melanoma	Visium	ambiguous_or_low_signal	tumor_like	TGFB1	TGFBR2	TGFB	4.4201705301080925e-05	1191	2170	2.5
commot_pilot_v1	GSE300445	GSM9060735_AdjIII-0133	melanoma	Visium	ambiguous_or_low_signal	stroma_fibroblast	TGFB1	TGFBR2	TGFB	0.0001502677199364748	1191	751	2.5
commot_pilot_v1	GSE300445	GSM9060735_AdjIII-0133	melanoma	Visium	ambiguous_or_low_signal	ambiguous_or_low_signal	TGFB1	TGFBR2	TGFB	0.0008392964324175551	1191	1191	2.5
commot_pilot_v1	GSE300445	GSM9060735_AdjIII-0133	melanoma	Visium	tumor_like	tumor_like	CXCL12	CXCR4	CXCL chemokine	5.2158612910145106e-05	2170	2170	2.5
commot_pilot_v1	GSE300445	GSM9060735_AdjIII-0133	melanoma	Visium	tumor_like	immune	CXCL12	CXCR4	CXCL chemokine	1.3007931874227853e-07	2170	3	2.5
commot_pilot_v1	GSE300445	GSM9060735_AdjIII-0133	melanoma	Visium	tumor_like	stroma_fibroblast	CXCL12	CXCR4	CXCL chemokine	5.297052299312286e-06	2170	751	2.5
commot_pilot_v1	GSE300445	GSM9060735_AdjIII-0133	melanoma	Visium	tumor_like	ambiguous_or_low_signal	CXCL12	CXCR4	CXCL chemokine	1.2381045632291005e-05	2170	1191	2.5
commot_pilot_v1	GSE300445	GSM9060735_AdjIII-0133	melanoma	Visium	stroma_fibroblast	tumor_like	CXCL12	CXCR4	CXCL chemokine	2.7660248063941343e-05	751	2170	2.5
commot_pilot_v1	GSE300445	GSM9060735_AdjIII-0133	melanoma	Visium	stroma_fibroblast	stroma_fibroblast	CXCL12	CXCR4	CXCL chemokine	0.0009949906491025903	751	751	2.5
commot_pilot_v1	GSE300445	GSM9060735_AdjIII-0133	melanoma	Visium	stroma_fibroblast	ambiguous_or_low_signal	CXCL12	CXCR4	CXCL chemokine	7.390869955892737e-05	751	1191	2.5
commot_pilot_v1	GSE300445	GSM9060735_AdjIII-0133	melanoma	Visium	ambiguous_or_low_signal	tumor_like	CXCL12	CXCR4	CXCL chemokine	1.3029555388483574e-05	1191	2170	2.5
commot_pilot_v1	GSE300445	GSM9060735_AdjIII-0133	melanoma	Visium	ambiguous_or_low_signal	stroma_fibroblast	CXCL12	CXCR4	CXCL chemokine	2.6606730788671936e-05	1191	751	2.5
commot_pilot_v1	GSE300445	GSM9060735_AdjIII-0133	melanoma	Visium	ambiguous_or_low_signal	ambiguous_or_low_signal	CXCL12	CXCR4	CXCL chemokine	0.00013882932584418392	1191	1191	2.5
commot_pilot_v1	GSE300445	GSM9060735_AdjIII-0133	melanoma	Visium	tumor_like	tumor_like	CXCL9	CXCR3	CXCL chemokine	3.1730886427479032e-06	2170	2170	2.5
commot_pilot_v1	GSE300445	GSM9060735_AdjIII-0133	melanoma	Visium	tumor_like	stroma_fibroblast	CXCL9	CXCR3	CXCL chemokine	6.139846110966102e-07	2170	751	2.5
commot_pilot_v1	GSE300445	GSM9060735_AdjIII-0133	melanoma	Visium	tumor_like	ambiguous_or_low_signal	CXCL9	CXCR3	CXCL chemokine	7.911524260589809e-07	2170	1191	2.5
commot_pilot_v1	GSE300445	GSM9060735_AdjIII-0133	melanoma	Visium	stroma_fibroblast	tumor_like	CXCL9	CXCR3	CXCL chemokine	1.3782103665997467e-06	751	2170	2.5
commot_pilot_v1	GSE300445	GSM9060735_AdjIII-0133	melanoma	Visium	stroma_fibroblast	stroma_fibroblast	CXCL9	CXCR3	CXCL chemokine	5.6735195522266466e-05	751	751	2.5
commot_pilot_v1	GSE300445	GSM9060735_AdjIII-0133	melanoma	Visium	stroma_fibroblast	ambiguous_or_low_signal	CXCL9	CXCR3	CXCL chemokine	6.510370905832604e-06	751	1191	2.5
commot_pilot_v1	GSE300445	GSM9060735_AdjIII-0133	melanoma	Visium	ambiguous_or_low_signal	tumor_like	CXCL9	CXCR3	CXCL chemokine	1.934632632609395e-06	1191	2170	2.5
commot_pilot_v1	GSE300445	GSM9060735_AdjIII-0133	melanoma	Visium	ambiguous_or_low_signal	stroma_fibroblast	CXCL9	CXCR3	CXCL chemokine	1.1188001098790983e-06	1191	751	2.5
commot_pilot_v1	GSE300445	GSM9060735_AdjIII-0133	melanoma	Visium	ambiguous_or_low_signal	ambiguous_or_low_signal	CXCL9	CXCR3	CXCL chemokine	6.305591987532718e-06	1191	1191	2.5
commot_pilot_v1	GSE300445	GSM9060735_AdjIII-0133	melanoma	Visium	tumor_like	tumor_like	CCL2	CCR2	CCL chemokine	1.389164272288312e-05	2170	2170	2.5
commot_pilot_v1	GSE300445	GSM9060735_AdjIII-0133	melanoma	Visium	tumor_like	stroma_fibroblast	CCL2	CCR2	CCL chemokine	4.403365902585725e-06	2170	751	2.5
commot_pilot_v1	GSE300445	GSM9060735_AdjIII-0133	melanoma	Visium	tumor_like	ambiguous_or_low_signal	CCL2	CCR2	CCL chemokine	4.001543553987713e-06	2170	1191	2.5
commot_pilot_v1	GSE300445	GSM9060735_AdjIII-0133	melanoma	Visium	stroma_fibroblast	tumor_like	CCL2	CCR2	CCL chemokine	4.0203310683616965e-06	751	2170	2.5
commot_pilot_v1	GSE300445	GSM9060735_AdjIII-0133	melanoma	Visium	stroma_fibroblast	stroma_fibroblast	CCL2	CCR2	CCL chemokine	9.012553631364118e-05	751	751	2.5
commot_pilot_v1	GSE300445	GSM9060735_AdjIII-0133	melanoma	Visium	stroma_fibroblast	ambiguous_or_low_signal	CCL2	CCR2	CCL chemokine	5.111821028795549e-06	751	1191	2.5
commot_pilot_v1	GSE300445	GSM9060735_AdjIII-0133	melanoma	Visium	ambiguous_or_low_signal	tumor_like	CCL2	CCR2	CCL chemokine	3.4954287292374275e-06	1191	2170	2.5
commot_pilot_v1	GSE300445	GSM9060735_AdjIII-0133	melanoma	Visium	ambiguous_or_low_signal	stroma_fibroblast	CCL2	CCR2	CCL chemokine	8.936390531184711e-06	1191	751	2.5
commot_pilot_v1	GSE300445	GSM9060735_AdjIII-0133	melanoma	Visium	ambiguous_or_low_signal	ambiguous_or_low_signal	CCL2	CCR2	CCL chemokine	1.6980071229863835e-05	1191	1191	2.5
commot_pilot_v1	GSE300445	GSM9060735_AdjIII-0133	melanoma	Visium	tumor_like	tumor_like	VEGFA	KDR	VEGF	4.357168349134083e-05	2170	2170	2.5
commot_pilot_v1	GSE300445	GSM9060735_AdjIII-0133	melanoma	Visium	tumor_like	stroma_fibroblast	VEGFA	KDR	VEGF	1.0434745395222271e-05	2170	751	2.5
commot_pilot_v1	GSE300445	GSM9060735_AdjIII-0133	melanoma	Visium	tumor_like	ambiguous_or_low_signal	VEGFA	KDR	VEGF	1.2599491037521188e-06	2170	1191	2.5
commot_pilot_v1	GSE300445	GSM9060735_AdjIII-0133	melanoma	Visium	stroma_fibroblast	tumor_like	VEGFA	KDR	VEGF	4.239185357814549e-07	751	2170	2.5
commot_pilot_v1	GSE300445	GSM9060735_AdjIII-0133	melanoma	Visium	stroma_fibroblast	stroma_fibroblast	VEGFA	KDR	VEGF	0.0005780993041177302	751	751	2.5
commot_pilot_v1	GSE300445	GSM9060735_AdjIII-0133	melanoma	Visium	stroma_fibroblast	ambiguous_or_low_signal	VEGFA	KDR	VEGF	3.5621950046970855e-07	751	1191	2.5
commot_pilot_v1	GSE300445	GSM9060735_AdjIII-0133	melanoma	Visium	ambiguous_or_low_signal	tumor_like	VEGFA	KDR	VEGF	4.389496830754455e-07	1191	2170	2.5
commot_pilot_v1	GSE300445	GSM9060735_AdjIII-0133	melanoma	Visium	ambiguous_or_low_signal	stroma_fibroblast	VEGFA	KDR	VEGF	4.411943157865047e-06	1191	751	2.5
commot_pilot_v1	GSE300445	GSM9060735_AdjIII-0133	melanoma	Visium	ambiguous_or_low_signal	ambiguous_or_low_signal	VEGFA	KDR	VEGF	0.00010040676048082847	1191	1191	2.5
commot_pilot_v1	GSE300445	GSM9060735_AdjIII-0133	melanoma	Visium	tumor_like	tumor_like	SPP1	CD44	SPP1	0.008434162157760675	2170	2170	2.5
commot_pilot_v1	GSE300445	GSM9060735_AdjIII-0133	melanoma	Visium	tumor_like	immune	SPP1	CD44	SPP1	2.340730114782889e-06	2170	3	2.5
commot_pilot_v1	GSE300445	GSM9060735_AdjIII-0133	melanoma	Visium	tumor_like	stroma_fibroblast	SPP1	CD44	SPP1	0.00041102770441295083	2170	751	2.5
commot_pilot_v1	GSE300445	GSM9060735_AdjIII-0133	melanoma	Visium	tumor_like	ambiguous_or_low_signal	SPP1	CD44	SPP1	0.0007072228390891034	2170	1191	2.5
commot_pilot_v1	GSE300445	GSM9060735_AdjIII-0133	melanoma	Visium	immune	tumor_like	SPP1	CD44	SPP1	0.00019523159335572653	3	2170	2.5
commot_pilot_v1	GSE300445	GSM9060735_AdjIII-0133	melanoma	Visium	immune	immune	SPP1	CD44	SPP1	2.3303331951839894	3	3	2.5
commot_pilot_v1	GSE300445	GSM9060735_AdjIII-0133	melanoma	Visium	immune	stroma_fibroblast	SPP1	CD44	SPP1	1.0275531398556993e-05	3	751	2.5
commot_pilot_v1	GSE300445	GSM9060735_AdjIII-0133	melanoma	Visium	immune	ambiguous_or_low_signal	SPP1	CD44	SPP1	0.0002677647162382412	3	1191	2.5
commot_pilot_v1	GSE300445	GSM9060735_AdjIII-0133	melanoma	Visium	stroma_fibroblast	tumor_like	SPP1	CD44	SPP1	0.0008364236020632441	751	2170	2.5
commot_pilot_v1	GSE300445	GSM9060735_AdjIII-0133	melanoma	Visium	stroma_fibroblast	immune	SPP1	CD44	SPP1	4.588240910883e-06	751	3	2.5
commot_pilot_v1	GSE300445	GSM9060735_AdjIII-0133	melanoma	Visium	stroma_fibroblast	stroma_fibroblast	SPP1	CD44	SPP1	0.01983538594981635	751	751	2.5
commot_pilot_v1	GSE300445	GSM9060735_AdjIII-0133	melanoma	Visium	stroma_fibroblast	ambiguous_or_low_signal	SPP1	CD44	SPP1	0.0015874541589084871	751	1191	2.5
commot_pilot_v1	GSE300445	GSM9060735_AdjIII-0133	melanoma	Visium	ambiguous_or_low_signal	tumor_like	SPP1	CD44	SPP1	0.0015290278981123513	1191	2170	2.5
commot_pilot_v1	GSE300445	GSM9060735_AdjIII-0133	melanoma	Visium	ambiguous_or_low_signal	immune	SPP1	CD44	SPP1	3.9904380763834573e-07	1191	3	2.5
commot_pilot_v1	GSE300445	GSM9060735_AdjIII-0133	melanoma	Visium	ambiguous_or_low_signal	stroma_fibroblast	SPP1	CD44	SPP1	0.00134716885792902	1191	751	2.5
commot_pilot_v1	GSE300445	GSM9060735_AdjIII-0133	melanoma	Visium	ambiguous_or_low_signal	ambiguous_or_low_signal	SPP1	CD44	SPP1	0.016475536116764226	1191	1191	2.5
commot_pilot_v1	GSE300445	GSM9060735_AdjIII-0133	melanoma	Visium	tumor_like	tumor_like	SPP1	ITGAV	SPP1	0.004553277088244564	2170	2170	2.5
commot_pilot_v1	GSE300445	GSM9060735_AdjIII-0133	melanoma	Visium	tumor_like	immune	SPP1	ITGAV	SPP1	5.105358736269052e-07	2170	3	2.5
commot_pilot_v1	GSE300445	GSM9060735_AdjIII-0133	melanoma	Visium	tumor_like	stroma_fibroblast	SPP1	ITGAV	SPP1	0.00018218389428939727	2170	751	2.5
commot_pilot_v1	GSE300445	GSM9060735_AdjIII-0133	melanoma	Visium	tumor_like	ambiguous_or_low_signal	SPP1	ITGAV	SPP1	0.00033481703148542977	2170	1191	2.5
commot_pilot_v1	GSE300445	GSM9060735_AdjIII-0133	melanoma	Visium	immune	tumor_like	SPP1	ITGAV	SPP1	3.808994161015098e-05	3	2170	2.5
commot_pilot_v1	GSE300445	GSM9060735_AdjIII-0133	melanoma	Visium	immune	immune	SPP1	ITGAV	SPP1	0.6662059153832904	3	3	2.5
commot_pilot_v1	GSE300445	GSM9060735_AdjIII-0133	melanoma	Visium	immune	stroma_fibroblast	SPP1	ITGAV	SPP1	1.7538570883356961e-06	3	751	2.5
commot_pilot_v1	GSE300445	GSM9060735_AdjIII-0133	melanoma	Visium	immune	ambiguous_or_low_signal	SPP1	ITGAV	SPP1	0.00011886472393863615	3	1191	2.5
commot_pilot_v1	GSE300445	GSM9060735_AdjIII-0133	melanoma	Visium	stroma_fibroblast	tumor_like	SPP1	ITGAV	SPP1	0.0003391903532864935	751	2170	2.5
commot_pilot_v1	GSE300445	GSM9060735_AdjIII-0133	melanoma	Visium	stroma_fibroblast	immune	SPP1	ITGAV	SPP1	2.575856724940048e-07	751	3	2.5
commot_pilot_v1	GSE300445	GSM9060735_AdjIII-0133	melanoma	Visium	stroma_fibroblast	stroma_fibroblast	SPP1	ITGAV	SPP1	0.00922544612342906	751	751	2.5
commot_pilot_v1	GSE300445	GSM9060735_AdjIII-0133	melanoma	Visium	stroma_fibroblast	ambiguous_or_low_signal	SPP1	ITGAV	SPP1	0.0005787133174224043	751	1191	2.5
commot_pilot_v1	GSE300445	GSM9060735_AdjIII-0133	melanoma	Visium	ambiguous_or_low_signal	tumor_like	SPP1	ITGAV	SPP1	0.0005936893303895984	1191	2170	2.5
commot_pilot_v1	GSE300445	GSM9060735_AdjIII-0133	melanoma	Visium	ambiguous_or_low_signal	immune	SPP1	ITGAV	SPP1	6.796319422205855e-08	1191	3	2.5
commot_pilot_v1	GSE300445	GSM9060735_AdjIII-0133	melanoma	Visium	ambiguous_or_low_signal	stroma_fibroblast	SPP1	ITGAV	SPP1	0.0005499279506352909	1191	751	2.5
commot_pilot_v1	GSE300445	GSM9060735_AdjIII-0133	melanoma	Visium	ambiguous_or_low_signal	ambiguous_or_low_signal	SPP1	ITGAV	SPP1	0.008040245627292029	1191	1191	2.5
commot_pilot_v1	GSE300445	GSM9060735_AdjIII-0133	melanoma	Visium	tumor_like	tumor_like	MIF	CD74	MIF	0.019403301087887542	2170	2170	2.5
commot_pilot_v1	GSE300445	GSM9060735_AdjIII-0133	melanoma	Visium	tumor_like	immune	MIF	CD74	MIF	0.0010391146524974463	2170	3	2.5
commot_pilot_v1	GSE300445	GSM9060735_AdjIII-0133	melanoma	Visium	tumor_like	stroma_fibroblast	MIF	CD74	MIF	0.001104504325589762	2170	751	2.5
commot_pilot_v1	GSE300445	GSM9060735_AdjIII-0133	melanoma	Visium	tumor_like	ambiguous_or_low_signal	MIF	CD74	MIF	0.0021113788520581477	2170	1191	2.5
commot_pilot_v1	GSE300445	GSM9060735_AdjIII-0133	melanoma	Visium	immune	tumor_like	MIF	CD74	MIF	4.224193583240774e-05	3	2170	2.5
commot_pilot_v1	GSE300445	GSM9060735_AdjIII-0133	melanoma	Visium	immune	immune	MIF	CD74	MIF	2.682711986361932	3	3	2.5
commot_pilot_v1	GSE300445	GSM9060735_AdjIII-0133	melanoma	Visium	immune	stroma_fibroblast	MIF	CD74	MIF	3.137581451273432e-05	3	751	2.5
commot_pilot_v1	GSE300445	GSM9060735_AdjIII-0133	melanoma	Visium	immune	ambiguous_or_low_signal	MIF	CD74	MIF	0.00014147734831974172	3	1191	2.5
commot_pilot_v1	GSE300445	GSM9060735_AdjIII-0133	melanoma	Visium	stroma_fibroblast	tumor_like	MIF	CD74	MIF	0.0006069910957656429	751	2170	2.5
commot_pilot_v1	GSE300445	GSM9060735_AdjIII-0133	melanoma	Visium	stroma_fibroblast	immune	MIF	CD74	MIF	6.557875551120457e-07	751	3	2.5
commot_pilot_v1	GSE300445	GSM9060735_AdjIII-0133	melanoma	Visium	stroma_fibroblast	stroma_fibroblast	MIF	CD74	MIF	0.029852415448055555	751	751	2.5
commot_pilot_v1	GSE300445	GSM9060735_AdjIII-0133	melanoma	Visium	stroma_fibroblast	ambiguous_or_low_signal	MIF	CD74	MIF	0.0010556829257380147	751	1191	2.5
commot_pilot_v1	GSE300445	GSM9060735_AdjIII-0133	melanoma	Visium	ambiguous_or_low_signal	tumor_like	MIF	CD74	MIF	0.0018320401399166673	1191	2170	2.5
commot_pilot_v1	GSE300445	GSM9060735_AdjIII-0133	melanoma	Visium	ambiguous_or_low_signal	immune	MIF	CD74	MIF	0.00028005118313576563	1191	3	2.5
commot_pilot_v1	GSE300445	GSM9060735_AdjIII-0133	melanoma	Visium	ambiguous_or_low_signal	stroma_fibroblast	MIF	CD74	MIF	0.0016270952369418531	1191	751	2.5
commot_pilot_v1	GSE300445	GSM9060735_AdjIII-0133	melanoma	Visium	ambiguous_or_low_signal	ambiguous_or_low_signal	MIF	CD74	MIF	0.028100705913728208	1191	1191	2.5
commot_pilot_v1	GSE300445	GSM9060735_AdjIII-0133	melanoma	Visium	tumor_like	tumor_like	DLL4	NOTCH1	NOTCH	2.4301698983002355e-05	2170	2170	2.5
commot_pilot_v1	GSE300445	GSM9060735_AdjIII-0133	melanoma	Visium	tumor_like	stroma_fibroblast	DLL4	NOTCH1	NOTCH	8.577068979594095e-07	2170	751	2.5
commot_pilot_v1	GSE300445	GSM9060735_AdjIII-0133	melanoma	Visium	tumor_like	ambiguous_or_low_signal	DLL4	NOTCH1	NOTCH	1.2257640671173884e-06	2170	1191	2.5
commot_pilot_v1	GSE300445	GSM9060735_AdjIII-0133	melanoma	Visium	stroma_fibroblast	tumor_like	DLL4	NOTCH1	NOTCH	8.48338017765615e-06	751	2170	2.5
commot_pilot_v1	GSE300445	GSM9060735_AdjIII-0133	melanoma	Visium	stroma_fibroblast	stroma_fibroblast	DLL4	NOTCH1	NOTCH	0.0003996848612250331	751	751	2.5
commot_pilot_v1	GSE300445	GSM9060735_AdjIII-0133	melanoma	Visium	stroma_fibroblast	ambiguous_or_low_signal	DLL4	NOTCH1	NOTCH	1.2021171943761138e-05	751	1191	2.5
commot_pilot_v1	GSE300445	GSM9060735_AdjIII-0133	melanoma	Visium	ambiguous_or_low_signal	tumor_like	DLL4	NOTCH1	NOTCH	4.567478170643369e-06	1191	2170	2.5
commot_pilot_v1	GSE300445	GSM9060735_AdjIII-0133	melanoma	Visium	ambiguous_or_low_signal	stroma_fibroblast	DLL4	NOTCH1	NOTCH	7.521017178851494e-06	1191	751	2.5
commot_pilot_v1	GSE300445	GSM9060735_AdjIII-0133	melanoma	Visium	ambiguous_or_low_signal	ambiguous_or_low_signal	DLL4	NOTCH1	NOTCH	7.999288222108739e-05	1191	1191	2.5
commot_pilot_v1	GSE300445	GSM9060735_AdjIII-0133	melanoma	Visium	tumor_like	tumor_like	JAG1	NOTCH2	NOTCH	0.0013029221534123074	2170	2170	2.5
commot_pilot_v1	GSE300445	GSM9060735_AdjIII-0133	melanoma	Visium	tumor_like	immune	JAG1	NOTCH2	NOTCH	1.2340080344398016e-06	2170	3	2.5
commot_pilot_v1	GSE300445	GSM9060735_AdjIII-0133	melanoma	Visium	tumor_like	stroma_fibroblast	JAG1	NOTCH2	NOTCH	3.6864378890381605e-05	2170	751	2.5
commot_pilot_v1	GSE300445	GSM9060735_AdjIII-0133	melanoma	Visium	tumor_like	ambiguous_or_low_signal	JAG1	NOTCH2	NOTCH	6.501303780565135e-05	2170	1191	2.5
commot_pilot_v1	GSE300445	GSM9060735_AdjIII-0133	melanoma	Visium	immune	tumor_like	JAG1	NOTCH2	NOTCH	6.611575763760012e-06	3	2170	2.5
commot_pilot_v1	GSE300445	GSM9060735_AdjIII-0133	melanoma	Visium	immune	immune	JAG1	NOTCH2	NOTCH	0.2213142367200123	3	3	2.5
commot_pilot_v1	GSE300445	GSM9060735_AdjIII-0133	melanoma	Visium	immune	stroma_fibroblast	JAG1	NOTCH2	NOTCH	0.00020746732863336629	3	751	2.5
commot_pilot_v1	GSE300445	GSM9060735_AdjIII-0133	melanoma	Visium	immune	ambiguous_or_low_signal	JAG1	NOTCH2	NOTCH	5.134839985253185e-07	3	1191	2.5
commot_pilot_v1	GSE300445	GSM9060735_AdjIII-0133	melanoma	Visium	stroma_fibroblast	tumor_like	JAG1	NOTCH2	NOTCH	1.683290729213274e-05	751	2170	2.5
commot_pilot_v1	GSE300445	GSM9060735_AdjIII-0133	melanoma	Visium	stroma_fibroblast	immune	JAG1	NOTCH2	NOTCH	2.79298106280776e-09	751	3	2.5
commot_pilot_v1	GSE300445	GSM9060735_AdjIII-0133	melanoma	Visium	stroma_fibroblast	stroma_fibroblast	JAG1	NOTCH2	NOTCH	0.003111158925291349	751	751	2.5
commot_pilot_v1	GSE300445	GSM9060735_AdjIII-0133	melanoma	Visium	stroma_fibroblast	ambiguous_or_low_signal	JAG1	NOTCH2	NOTCH	7.230395712211877e-05	751	1191	2.5
commot_pilot_v1	GSE300445	GSM9060735_AdjIII-0133	melanoma	Visium	ambiguous_or_low_signal	tumor_like	JAG1	NOTCH2	NOTCH	3.335103383355513e-05	1191	2170	2.5
commot_pilot_v1	GSE300445	GSM9060735_AdjIII-0133	melanoma	Visium	ambiguous_or_low_signal	immune	JAG1	NOTCH2	NOTCH	3.699541823144646e-08	1191	3	2.5
commot_pilot_v1	GSE300445	GSM9060735_AdjIII-0133	melanoma	Visium	ambiguous_or_low_signal	stroma_fibroblast	JAG1	NOTCH2	NOTCH	8.917196186116204e-05	1191	751	2.5
commot_pilot_v1	GSE300445	GSM9060735_AdjIII-0133	melanoma	Visium	ambiguous_or_low_signal	ambiguous_or_low_signal	JAG1	NOTCH2	NOTCH	0.0023520246628554375	1191	1191	2.5
commot_pilot_v1	GSE300445	GSM9060735_AdjIII-0133	melanoma	Visium	tumor_like	tumor_like	WNT5A	FZD5	WNT	2.3022994075938147e-05	2170	2170	2.5
commot_pilot_v1	GSE300445	GSM9060735_AdjIII-0133	melanoma	Visium	tumor_like	stroma_fibroblast	WNT5A	FZD5	WNT	5.335260023224881e-06	2170	751	2.5
commot_pilot_v1	GSE300445	GSM9060735_AdjIII-0133	melanoma	Visium	tumor_like	ambiguous_or_low_signal	WNT5A	FZD5	WNT	8.073195094063699e-06	2170	1191	2.5
commot_pilot_v1	GSE300445	GSM9060735_AdjIII-0133	melanoma	Visium	stroma_fibroblast	tumor_like	WNT5A	FZD5	WNT	1.3127335058594368e-05	751	2170	2.5
commot_pilot_v1	GSE300445	GSM9060735_AdjIII-0133	melanoma	Visium	stroma_fibroblast	stroma_fibroblast	WNT5A	FZD5	WNT	0.00010115775177995671	751	751	2.5
commot_pilot_v1	GSE300445	GSM9060735_AdjIII-0133	melanoma	Visium	stroma_fibroblast	ambiguous_or_low_signal	WNT5A	FZD5	WNT	2.8345115390046043e-05	751	1191	2.5
commot_pilot_v1	GSE300445	GSM9060735_AdjIII-0133	melanoma	Visium	ambiguous_or_low_signal	tumor_like	WNT5A	FZD5	WNT	1.631066925694001e-05	1191	2170	2.5
commot_pilot_v1	GSE300445	GSM9060735_AdjIII-0133	melanoma	Visium	ambiguous_or_low_signal	stroma_fibroblast	WNT5A	FZD5	WNT	1.4301502757969243e-05	1191	751	2.5
commot_pilot_v1	GSE300445	GSM9060735_AdjIII-0133	melanoma	Visium	ambiguous_or_low_signal	ambiguous_or_low_signal	WNT5A	FZD5	WNT	3.4742790580003366e-05	1191	1191	2.5
commot_pilot_v1	GSE300445	GSM9060735_AdjIII-0133	melanoma	Visium	tumor_like	tumor_like	EGF	EGFR	EGF/ERBB	1.2848240130260526e-05	2170	2170	2.5
commot_pilot_v1	GSE300445	GSM9060735_AdjIII-0133	melanoma	Visium	tumor_like	stroma_fibroblast	EGF	EGFR	EGF/ERBB	3.5217669312453383e-06	2170	751	2.5
commot_pilot_v1	GSE300445	GSM9060735_AdjIII-0133	melanoma	Visium	tumor_like	ambiguous_or_low_signal	EGF	EGFR	EGF/ERBB	4.965431956996233e-06	2170	1191	2.5
commot_pilot_v1	GSE300445	GSM9060735_AdjIII-0133	melanoma	Visium	immune	tumor_like	EGF	EGFR	EGF/ERBB	7.716825087221168e-05	3	2170	2.5
commot_pilot_v1	GSE300445	GSM9060735_AdjIII-0133	melanoma	Visium	stroma_fibroblast	tumor_like	EGF	EGFR	EGF/ERBB	3.4653727117651525e-06	751	2170	2.5
commot_pilot_v1	GSE300445	GSM9060735_AdjIII-0133	melanoma	Visium	stroma_fibroblast	stroma_fibroblast	EGF	EGFR	EGF/ERBB	5.1435431752252377e-05	751	751	2.5
commot_pilot_v1	GSE300445	GSM9060735_AdjIII-0133	melanoma	Visium	stroma_fibroblast	ambiguous_or_low_signal	EGF	EGFR	EGF/ERBB	6.920542291559328e-06	751	1191	2.5
commot_pilot_v1	GSE300445	GSM9060735_AdjIII-0133	melanoma	Visium	ambiguous_or_low_signal	tumor_like	EGF	EGFR	EGF/ERBB	4.889314502585052e-06	1191	2170	2.5
commot_pilot_v1	GSE300445	GSM9060735_AdjIII-0133	melanoma	Visium	ambiguous_or_low_signal	stroma_fibroblast	EGF	EGFR	EGF/ERBB	1.3417983135406947e-05	1191	751	2.5
commot_pilot_v1	GSE300445	GSM9060735_AdjIII-0133	melanoma	Visium	ambiguous_or_low_signal	ambiguous_or_low_signal	EGF	EGFR	EGF/ERBB	2.0235764927697398e-05	1191	1191	2.5
commot_pilot_v1	GSE300445	GSM9060735_AdjIII-0133	melanoma	Visium	tumor_like	tumor_like	HBEGF	EGFR	EGF/ERBB	3.997717048665401e-05	2170	2170	2.5
commot_pilot_v1	GSE300445	GSM9060735_AdjIII-0133	melanoma	Visium	tumor_like	stroma_fibroblast	HBEGF	EGFR	EGF/ERBB	4.375516756325305e-06	2170	751	2.5
commot_pilot_v1	GSE300445	GSM9060735_AdjIII-0133	melanoma	Visium	tumor_like	ambiguous_or_low_signal	HBEGF	EGFR	EGF/ERBB	6.8882802631740854e-06	2170	1191	2.5
commot_pilot_v1	GSE300445	GSM9060735_AdjIII-0133	melanoma	Visium	immune	stroma_fibroblast	HBEGF	EGFR	EGF/ERBB	0.00010011946991544848	3	751	2.5
commot_pilot_v1	GSE300445	GSM9060735_AdjIII-0133	melanoma	Visium	stroma_fibroblast	tumor_like	HBEGF	EGFR	EGF/ERBB	2.512098255677084e-06	751	2170	2.5
commot_pilot_v1	GSE300445	GSM9060735_AdjIII-0133	melanoma	Visium	stroma_fibroblast	stroma_fibroblast	HBEGF	EGFR	EGF/ERBB	0.0002105545589298186	751	751	2.5
commot_pilot_v1	GSE300445	GSM9060735_AdjIII-0133	melanoma	Visium	stroma_fibroblast	ambiguous_or_low_signal	HBEGF	EGFR	EGF/ERBB	1.4083437947084746e-05	751	1191	2.5
commot_pilot_v1	GSE300445	GSM9060735_AdjIII-0133	melanoma	Visium	ambiguous_or_low_signal	tumor_like	HBEGF	EGFR	EGF/ERBB	8.486036270412485e-06	1191	2170	2.5
commot_pilot_v1	GSE300445	GSM9060735_AdjIII-0133	melanoma	Visium	ambiguous_or_low_signal	stroma_fibroblast	HBEGF	EGFR	EGF/ERBB	2.046306749414697e-05	1191	751	2.5
commot_pilot_v1	GSE300445	GSM9060735_AdjIII-0133	melanoma	Visium	ambiguous_or_low_signal	ambiguous_or_low_signal	HBEGF	EGFR	EGF/ERBB	7.025076466682621e-05	1191	1191	2.5
commot_pilot_v1	GSE300445	GSM9060735_AdjIII-0133	melanoma	Visium	tumor_like	tumor_like	COL1A1	ITGA2	ECM-integrin	0.0013156563210001211	2170	2170	2.5
commot_pilot_v1	GSE300445	GSM9060735_AdjIII-0133	melanoma	Visium	tumor_like	immune	COL1A1	ITGA2	ECM-integrin	2.041138441556171e-05	2170	3	2.5
commot_pilot_v1	GSE300445	GSM9060735_AdjIII-0133	melanoma	Visium	tumor_like	stroma_fibroblast	COL1A1	ITGA2	ECM-integrin	8.931955699964974e-06	2170	751	2.5
commot_pilot_v1	GSE300445	GSM9060735_AdjIII-0133	melanoma	Visium	tumor_like	ambiguous_or_low_signal	COL1A1	ITGA2	ECM-integrin	4.6134524754890754e-05	2170	1191	2.5
commot_pilot_v1	GSE300445	GSM9060735_AdjIII-0133	melanoma	Visium	immune	tumor_like	COL1A1	ITGA2	ECM-integrin	0.00013772851728591632	3	2170	2.5
commot_pilot_v1	GSE300445	GSM9060735_AdjIII-0133	melanoma	Visium	immune	immune	COL1A1	ITGA2	ECM-integrin	0.1936894364056621	3	3	2.5
commot_pilot_v1	GSE300445	GSM9060735_AdjIII-0133	melanoma	Visium	immune	stroma_fibroblast	COL1A1	ITGA2	ECM-integrin	7.885923330039778e-05	3	751	2.5
commot_pilot_v1	GSE300445	GSM9060735_AdjIII-0133	melanoma	Visium	immune	ambiguous_or_low_signal	COL1A1	ITGA2	ECM-integrin	7.514582194775164e-07	3	1191	2.5
commot_pilot_v1	GSE300445	GSM9060735_AdjIII-0133	melanoma	Visium	stroma_fibroblast	tumor_like	COL1A1	ITGA2	ECM-integrin	0.00036504843736409305	751	2170	2.5
commot_pilot_v1	GSE300445	GSM9060735_AdjIII-0133	melanoma	Visium	stroma_fibroblast	immune	COL1A1	ITGA2	ECM-integrin	2.4546411753072096e-09	751	3	2.5
commot_pilot_v1	GSE300445	GSM9060735_AdjIII-0133	melanoma	Visium	stroma_fibroblast	stroma_fibroblast	COL1A1	ITGA2	ECM-integrin	0.0030323463052418062	751	751	2.5
commot_pilot_v1	GSE300445	GSM9060735_AdjIII-0133	melanoma	Visium	stroma_fibroblast	ambiguous_or_low_signal	COL1A1	ITGA2	ECM-integrin	0.00018171600178532748	751	1191	2.5
commot_pilot_v1	GSE300445	GSM9060735_AdjIII-0133	melanoma	Visium	ambiguous_or_low_signal	tumor_like	COL1A1	ITGA2	ECM-integrin	0.0005182420346738077	1191	2170	2.5
commot_pilot_v1	GSE300445	GSM9060735_AdjIII-0133	melanoma	Visium	ambiguous_or_low_signal	immune	COL1A1	ITGA2	ECM-integrin	3.467994108513214e-05	1191	3	2.5
commot_pilot_v1	GSE300445	GSM9060735_AdjIII-0133	melanoma	Visium	ambiguous_or_low_signal	stroma_fibroblast	COL1A1	ITGA2	ECM-integrin	4.0192179069406056e-05	1191	751	2.5
commot_pilot_v1	GSE300445	GSM9060735_AdjIII-0133	melanoma	Visium	ambiguous_or_low_signal	ambiguous_or_low_signal	COL1A1	ITGA2	ECM-integrin	0.0027922973170298655	1191	1191	2.5
commot_pilot_v1	GSE283052	GSM8655157_P02	colorectal cancer	Visium	tumor_like	tumor_like	TGFB1	TGFBR1	TGFB	2.6123697875204105e-05	2713	2713	2.5
commot_pilot_v1	GSE283052	GSM8655157_P02	colorectal cancer	Visium	tumor_like	stroma_fibroblast	TGFB1	TGFBR1	TGFB	3.080899765665043e-05	2713	9	2.5
commot_pilot_v1	GSE283052	GSM8655157_P02	colorectal cancer	Visium	tumor_like	ambiguous_or_low_signal	TGFB1	TGFBR1	TGFB	1.3775193906884692e-05	2713	49	2.5
commot_pilot_v1	GSE283052	GSM8655157_P02	colorectal cancer	Visium	stroma_fibroblast	tumor_like	TGFB1	TGFBR1	TGFB	0.00012868453595136237	9	2713	2.5
commot_pilot_v1	GSE283052	GSM8655157_P02	colorectal cancer	Visium	stroma_fibroblast	stroma_fibroblast	TGFB1	TGFBR1	TGFB	0.07010962175717574	9	9	2.5
commot_pilot_v1	GSE283052	GSM8655157_P02	colorectal cancer	Visium	stroma_fibroblast	ambiguous_or_low_signal	TGFB1	TGFBR1	TGFB	0.0017089868866434058	9	49	2.5
commot_pilot_v1	GSE283052	GSM8655157_P02	colorectal cancer	Visium	ambiguous_or_low_signal	tumor_like	TGFB1	TGFBR1	TGFB	8.957653653072592e-05	49	2713	2.5
commot_pilot_v1	GSE283052	GSM8655157_P02	colorectal cancer	Visium	ambiguous_or_low_signal	stroma_fibroblast	TGFB1	TGFBR1	TGFB	0.001767175978030012	49	9	2.5
commot_pilot_v1	GSE283052	GSM8655157_P02	colorectal cancer	Visium	ambiguous_or_low_signal	ambiguous_or_low_signal	TGFB1	TGFBR1	TGFB	0.006667021327660193	49	49	2.5
commot_pilot_v1	GSE283052	GSM8655157_P02	colorectal cancer	Visium	tumor_like	tumor_like	TGFB1	TGFBR2	TGFB	3.862501139509207e-05	2713	2713	2.5
commot_pilot_v1	GSE283052	GSM8655157_P02	colorectal cancer	Visium	tumor_like	stroma_fibroblast	TGFB1	TGFBR2	TGFB	1.660066204623514e-06	2713	9	2.5
commot_pilot_v1	GSE283052	GSM8655157_P02	colorectal cancer	Visium	tumor_like	ambiguous_or_low_signal	TGFB1	TGFBR2	TGFB	1.3779235676956427e-05	2713	49	2.5
commot_pilot_v1	GSE283052	GSM8655157_P02	colorectal cancer	Visium	stroma_fibroblast	tumor_like	TGFB1	TGFBR2	TGFB	0.0001345538751263214	9	2713	2.5
commot_pilot_v1	GSE283052	GSM8655157_P02	colorectal cancer	Visium	stroma_fibroblast	stroma_fibroblast	TGFB1	TGFBR2	TGFB	0.12309241646518154	9	9	2.5
commot_pilot_v1	GSE283052	GSM8655157_P02	colorectal cancer	Visium	stroma_fibroblast	ambiguous_or_low_signal	TGFB1	TGFBR2	TGFB	0.0014994046421309296	9	49	2.5
commot_pilot_v1	GSE283052	GSM8655157_P02	colorectal cancer	Visium	ambiguous_or_low_signal	tumor_like	TGFB1	TGFBR2	TGFB	6.515234285668017e-05	49	2713	2.5
commot_pilot_v1	GSE283052	GSM8655157_P02	colorectal cancer	Visium	ambiguous_or_low_signal	stroma_fibroblast	TGFB1	TGFBR2	TGFB	0.0015117996250533017	49	9	2.5
commot_pilot_v1	GSE283052	GSM8655157_P02	colorectal cancer	Visium	ambiguous_or_low_signal	ambiguous_or_low_signal	TGFB1	TGFBR2	TGFB	0.011018499615475207	49	49	2.5
commot_pilot_v1	GSE283052	GSM8655157_P02	colorectal cancer	Visium	tumor_like	tumor_like	CXCL12	CXCR4	CXCL chemokine	1.7639969701392115e-06	2713	2713	2.5
commot_pilot_v1	GSE283052	GSM8655157_P02	colorectal cancer	Visium	tumor_like	ambiguous_or_low_signal	CXCL12	CXCR4	CXCL chemokine	1.2285082488528907e-07	2713	49	2.5
commot_pilot_v1	GSE283052	GSM8655157_P02	colorectal cancer	Visium	ambiguous_or_low_signal	tumor_like	CXCL12	CXCR4	CXCL chemokine	5.312174122050259e-09	49	2713	2.5
commot_pilot_v1	GSE283052	GSM8655157_P02	colorectal cancer	Visium	ambiguous_or_low_signal	ambiguous_or_low_signal	CXCL12	CXCR4	CXCL chemokine	0.0008326921347391644	49	49	2.5
commot_pilot_v1	GSE283052	GSM8655157_P02	colorectal cancer	Visium	tumor_like	tumor_like	CXCL9	CXCR3	CXCL chemokine	3.413292430339827e-06	2713	2713	2.5
commot_pilot_v1	GSE283052	GSM8655157_P02	colorectal cancer	Visium	tumor_like	ambiguous_or_low_signal	CXCL9	CXCR3	CXCL chemokine	1.0003012798952713e-07	2713	49	2.5
commot_pilot_v1	GSE283052	GSM8655157_P02	colorectal cancer	Visium	stroma_fibroblast	tumor_like	CXCL9	CXCR3	CXCL chemokine	5.8108839844971894e-05	9	2713	2.5
commot_pilot_v1	GSE283052	GSM8655157_P02	colorectal cancer	Visium	stroma_fibroblast	stroma_fibroblast	CXCL9	CXCR3	CXCL chemokine	0.024691077743238726	9	9	2.5
commot_pilot_v1	GSE283052	GSM8655157_P02	colorectal cancer	Visium	stroma_fibroblast	ambiguous_or_low_signal	CXCL9	CXCR3	CXCL chemokine	0.0022377289240837076	9	49	2.5
commot_pilot_v1	GSE283052	GSM8655157_P02	colorectal cancer	Visium	ambiguous_or_low_signal	tumor_like	CXCL9	CXCR3	CXCL chemokine	3.4457274144702634e-06	49	2713	2.5
commot_pilot_v1	GSE283052	GSM8655157_P02	colorectal cancer	Visium	ambiguous_or_low_signal	stroma_fibroblast	CXCL9	CXCR3	CXCL chemokine	5.1480266811349356e-08	49	9	2.5
commot_pilot_v1	GSE283052	GSM8655157_P02	colorectal cancer	Visium	ambiguous_or_low_signal	ambiguous_or_low_signal	CXCL9	CXCR3	CXCL chemokine	0.00041643641789026824	49	49	2.5
commot_pilot_v1	GSE283052	GSM8655157_P02	colorectal cancer	Visium	tumor_like	tumor_like	CCL2	CCR2	CCL chemokine	7.440899637331774e-07	2713	2713	2.5
commot_pilot_v1	GSE283052	GSM8655157_P02	colorectal cancer	Visium	tumor_like	ambiguous_or_low_signal	CCL2	CCR2	CCL chemokine	7.823082182993378e-06	2713	49	2.5
commot_pilot_v1	GSE283052	GSM8655157_P02	colorectal cancer	Visium	ambiguous_or_low_signal	tumor_like	CCL2	CCR2	CCL chemokine	3.935874118772039e-06	49	2713	2.5
commot_pilot_v1	GSE283052	GSM8655157_P02	colorectal cancer	Visium	ambiguous_or_low_signal	ambiguous_or_low_signal	CCL2	CCR2	CCL chemokine	0.00039984295037043504	49	49	2.5
commot_pilot_v1	GSE283052	GSM8655157_P02	colorectal cancer	Visium	tumor_like	tumor_like	VEGFA	KDR	VEGF	1.236861550616691e-05	2713	2713	2.5
commot_pilot_v1	GSE283052	GSM8655157_P02	colorectal cancer	Visium	tumor_like	ambiguous_or_low_signal	VEGFA	KDR	VEGF	8.505652237333705e-06	2713	49	2.5
commot_pilot_v1	GSE283052	GSM8655157_P02	colorectal cancer	Visium	stroma_fibroblast	tumor_like	VEGFA	KDR	VEGF	1.514730778246795e-07	9	2713	2.5
commot_pilot_v1	GSE283052	GSM8655157_P02	colorectal cancer	Visium	stroma_fibroblast	ambiguous_or_low_signal	VEGFA	KDR	VEGF	9.948282863719104e-05	9	49	2.5
commot_pilot_v1	GSE283052	GSM8655157_P02	colorectal cancer	Visium	ambiguous_or_low_signal	tumor_like	VEGFA	KDR	VEGF	7.21189238021508e-06	49	2713	2.5
commot_pilot_v1	GSE283052	GSM8655157_P02	colorectal cancer	Visium	ambiguous_or_low_signal	ambiguous_or_low_signal	VEGFA	KDR	VEGF	0.002426244140398408	49	49	2.5
commot_pilot_v1	GSE283052	GSM8655157_P02	colorectal cancer	Visium	tumor_like	tumor_like	SPP1	CD44	SPP1	0.0002397790367339351	2713	2713	2.5
commot_pilot_v1	GSE283052	GSM8655157_P02	colorectal cancer	Visium	tumor_like	stroma_fibroblast	SPP1	CD44	SPP1	1.3003874744507517e-06	2713	9	2.5
commot_pilot_v1	GSE283052	GSM8655157_P02	colorectal cancer	Visium	tumor_like	ambiguous_or_low_signal	SPP1	CD44	SPP1	9.89319291356773e-05	2713	49	2.5
commot_pilot_v1	GSE283052	GSM8655157_P02	colorectal cancer	Visium	stroma_fibroblast	tumor_like	SPP1	CD44	SPP1	5.7431305170222e-07	9	2713	2.5
commot_pilot_v1	GSE283052	GSM8655157_P02	colorectal cancer	Visium	stroma_fibroblast	stroma_fibroblast	SPP1	CD44	SPP1	0.09360048817234529	9	9	2.5
commot_pilot_v1	GSE283052	GSM8655157_P02	colorectal cancer	Visium	stroma_fibroblast	ambiguous_or_low_signal	SPP1	CD44	SPP1	3.9751079088293964e-05	9	49	2.5
commot_pilot_v1	GSE283052	GSM8655157_P02	colorectal cancer	Visium	ambiguous_or_low_signal	tumor_like	SPP1	CD44	SPP1	0.0003402794462029409	49	2713	2.5
commot_pilot_v1	GSE283052	GSM8655157_P02	colorectal cancer	Visium	ambiguous_or_low_signal	stroma_fibroblast	SPP1	CD44	SPP1	0.0003593413440157917	49	9	2.5
commot_pilot_v1	GSE283052	GSM8655157_P02	colorectal cancer	Visium	ambiguous_or_low_signal	ambiguous_or_low_signal	SPP1	CD44	SPP1	0.035254429919945325	49	49	2.5
commot_pilot_v1	GSE283052	GSM8655157_P02	colorectal cancer	Visium	tumor_like	tumor_like	SPP1	ITGAV	SPP1	0.00014732890929906092	2713	2713	2.5
commot_pilot_v1	GSE283052	GSM8655157_P02	colorectal cancer	Visium	tumor_like	stroma_fibroblast	SPP1	ITGAV	SPP1	0.0001376206098454765	2713	9	2.5
commot_pilot_v1	GSE283052	GSM8655157_P02	colorectal cancer	Visium	tumor_like	ambiguous_or_low_signal	SPP1	ITGAV	SPP1	0.00010842897384548434	2713	49	2.5
commot_pilot_v1	GSE283052	GSM8655157_P02	colorectal cancer	Visium	stroma_fibroblast	tumor_like	SPP1	ITGAV	SPP1	6.089600613077191e-07	9	2713	2.5
commot_pilot_v1	GSE283052	GSM8655157_P02	colorectal cancer	Visium	stroma_fibroblast	stroma_fibroblast	SPP1	ITGAV	SPP1	0.07112062632841289	9	9	2.5
commot_pilot_v1	GSE283052	GSM8655157_P02	colorectal cancer	Visium	stroma_fibroblast	ambiguous_or_low_signal	SPP1	ITGAV	SPP1	0.00025288796175431137	9	49	2.5
commot_pilot_v1	GSE283052	GSM8655157_P02	colorectal cancer	Visium	ambiguous_or_low_signal	tumor_like	SPP1	ITGAV	SPP1	0.00026301222374707823	49	2713	2.5
commot_pilot_v1	GSE283052	GSM8655157_P02	colorectal cancer	Visium	ambiguous_or_low_signal	stroma_fibroblast	SPP1	ITGAV	SPP1	0.003271025721247077	49	9	2.5
commot_pilot_v1	GSE283052	GSM8655157_P02	colorectal cancer	Visium	ambiguous_or_low_signal	ambiguous_or_low_signal	SPP1	ITGAV	SPP1	0.019716774154830013	49	49	2.5
commot_pilot_v1	GSE283052	GSM8655157_P02	colorectal cancer	Visium	tumor_like	tumor_like	MIF	CD74	MIF	0.009016992359964948	2713	2713	2.5
commot_pilot_v1	GSE283052	GSM8655157_P02	colorectal cancer	Visium	tumor_like	stroma_fibroblast	MIF	CD74	MIF	0.0004978611275028062	2713	9	2.5
commot_pilot_v1	GSE283052	GSM8655157_P02	colorectal cancer	Visium	tumor_like	ambiguous_or_low_signal	MIF	CD74	MIF	0.0020006989649691683	2713	49	2.5
commot_pilot_v1	GSE283052	GSM8655157_P02	colorectal cancer	Visium	stroma_fibroblast	tumor_like	MIF	CD74	MIF	2.3382865088932744e-05	9	2713	2.5
commot_pilot_v1	GSE283052	GSM8655157_P02	colorectal cancer	Visium	stroma_fibroblast	stroma_fibroblast	MIF	CD74	MIF	3.3198701196615352	9	9	2.5
commot_pilot_v1	GSE283052	GSM8655157_P02	colorectal cancer	Visium	stroma_fibroblast	ambiguous_or_low_signal	MIF	CD74	MIF	0.0011800511816695324	9	49	2.5
commot_pilot_v1	GSE283052	GSM8655157_P02	colorectal cancer	Visium	ambiguous_or_low_signal	tumor_like	MIF	CD74	MIF	0.0016890206635902364	49	2713	2.5
commot_pilot_v1	GSE283052	GSM8655157_P02	colorectal cancer	Visium	ambiguous_or_low_signal	stroma_fibroblast	MIF	CD74	MIF	0.021429881527095317	49	9	2.5
commot_pilot_v1	GSE283052	GSM8655157_P02	colorectal cancer	Visium	ambiguous_or_low_signal	ambiguous_or_low_signal	MIF	CD74	MIF	0.5897127419241119	49	49	2.5
commot_pilot_v1	GSE283052	GSM8655157_P02	colorectal cancer	Visium	tumor_like	tumor_like	DLL4	NOTCH1	NOTCH	4.3508091889043145e-05	2713	2713	2.5
commot_pilot_v1	GSE283052	GSM8655157_P02	colorectal cancer	Visium	tumor_like	stroma_fibroblast	DLL4	NOTCH1	NOTCH	6.104157586701103e-06	2713	9	2.5
commot_pilot_v1	GSE283052	GSM8655157_P02	colorectal cancer	Visium	tumor_like	ambiguous_or_low_signal	DLL4	NOTCH1	NOTCH	3.471828004951083e-05	2713	49	2.5
commot_pilot_v1	GSE283052	GSM8655157_P02	colorectal cancer	Visium	stroma_fibroblast	tumor_like	DLL4	NOTCH1	NOTCH	2.3740218319345654e-05	9	2713	2.5
commot_pilot_v1	GSE283052	GSM8655157_P02	colorectal cancer	Visium	stroma_fibroblast	stroma_fibroblast	DLL4	NOTCH1	NOTCH	0.049249089239655514	9	9	2.5
commot_pilot_v1	GSE283052	GSM8655157_P02	colorectal cancer	Visium	stroma_fibroblast	ambiguous_or_low_signal	DLL4	NOTCH1	NOTCH	0.00324525818794662	9	49	2.5
commot_pilot_v1	GSE283052	GSM8655157_P02	colorectal cancer	Visium	ambiguous_or_low_signal	tumor_like	DLL4	NOTCH1	NOTCH	3.951116884526059e-05	49	2713	2.5
commot_pilot_v1	GSE283052	GSM8655157_P02	colorectal cancer	Visium	ambiguous_or_low_signal	ambiguous_or_low_signal	DLL4	NOTCH1	NOTCH	0.003226782068811997	49	49	2.5
commot_pilot_v1	GSE283052	GSM8655157_P02	colorectal cancer	Visium	tumor_like	tumor_like	JAG1	NOTCH2	NOTCH	0.00019036116203886047	2713	2713	2.5
commot_pilot_v1	GSE283052	GSM8655157_P02	colorectal cancer	Visium	tumor_like	stroma_fibroblast	JAG1	NOTCH2	NOTCH	2.1085494982528485e-05	2713	9	2.5
commot_pilot_v1	GSE283052	GSM8655157_P02	colorectal cancer	Visium	tumor_like	ambiguous_or_low_signal	JAG1	NOTCH2	NOTCH	1.9698784500023496e-05	2713	49	2.5
commot_pilot_v1	GSE283052	GSM8655157_P02	colorectal cancer	Visium	stroma_fibroblast	tumor_like	JAG1	NOTCH2	NOTCH	6.4725831830919e-05	9	2713	2.5
commot_pilot_v1	GSE283052	GSM8655157_P02	colorectal cancer	Visium	stroma_fibroblast	stroma_fibroblast	JAG1	NOTCH2	NOTCH	0.08561038572921129	9	9	2.5
commot_pilot_v1	GSE283052	GSM8655157_P02	colorectal cancer	Visium	stroma_fibroblast	ambiguous_or_low_signal	JAG1	NOTCH2	NOTCH	0.0019175617981518124	9	49	2.5
commot_pilot_v1	GSE283052	GSM8655157_P02	colorectal cancer	Visium	ambiguous_or_low_signal	tumor_like	JAG1	NOTCH2	NOTCH	1.7235182751090736e-05	49	2713	2.5
commot_pilot_v1	GSE283052	GSM8655157_P02	colorectal cancer	Visium	ambiguous_or_low_signal	stroma_fibroblast	JAG1	NOTCH2	NOTCH	0.0012487850905793718	49	9	2.5
commot_pilot_v1	GSE283052	GSM8655157_P02	colorectal cancer	Visium	ambiguous_or_low_signal	ambiguous_or_low_signal	JAG1	NOTCH2	NOTCH	0.01896528860138923	49	49	2.5
commot_pilot_v1	GSE283052	GSM8655157_P02	colorectal cancer	Visium	tumor_like	tumor_like	WNT5A	FZD5	WNT	7.668280977090545e-05	2713	2713	2.5
commot_pilot_v1	GSE283052	GSM8655157_P02	colorectal cancer	Visium	tumor_like	stroma_fibroblast	WNT5A	FZD5	WNT	4.521042045666042e-05	2713	9	2.5
commot_pilot_v1	GSE283052	GSM8655157_P02	colorectal cancer	Visium	tumor_like	ambiguous_or_low_signal	WNT5A	FZD5	WNT	1.8691760668488014e-05	2713	49	2.5
commot_pilot_v1	GSE283052	GSM8655157_P02	colorectal cancer	Visium	stroma_fibroblast	tumor_like	WNT5A	FZD5	WNT	0.00017408020424367456	9	2713	2.5
commot_pilot_v1	GSE283052	GSM8655157_P02	colorectal cancer	Visium	stroma_fibroblast	stroma_fibroblast	WNT5A	FZD5	WNT	0.07017102260680799	9	9	2.5
commot_pilot_v1	GSE283052	GSM8655157_P02	colorectal cancer	Visium	stroma_fibroblast	ambiguous_or_low_signal	WNT5A	FZD5	WNT	0.004683970117530174	9	49	2.5
commot_pilot_v1	GSE283052	GSM8655157_P02	colorectal cancer	Visium	ambiguous_or_low_signal	tumor_like	WNT5A	FZD5	WNT	0.00024796465727772496	49	2713	2.5
commot_pilot_v1	GSE283052	GSM8655157_P02	colorectal cancer	Visium	ambiguous_or_low_signal	stroma_fibroblast	WNT5A	FZD5	WNT	0.003295886307180463	49	9	2.5
commot_pilot_v1	GSE283052	GSM8655157_P02	colorectal cancer	Visium	ambiguous_or_low_signal	ambiguous_or_low_signal	WNT5A	FZD5	WNT	0.010238582463142337	49	49	2.5
commot_pilot_v1	GSE283052	GSM8655157_P02	colorectal cancer	Visium	tumor_like	tumor_like	EGF	EGFR	EGF/ERBB	4.131270963875267e-05	2713	2713	2.5
commot_pilot_v1	GSE283052	GSM8655157_P02	colorectal cancer	Visium	tumor_like	stroma_fibroblast	EGF	EGFR	EGF/ERBB	4.5487264079951577e-07	2713	9	2.5
commot_pilot_v1	GSE283052	GSM8655157_P02	colorectal cancer	Visium	tumor_like	ambiguous_or_low_signal	EGF	EGFR	EGF/ERBB	4.92617100961925e-05	2713	49	2.5
commot_pilot_v1	GSE283052	GSM8655157_P02	colorectal cancer	Visium	stroma_fibroblast	tumor_like	EGF	EGFR	EGF/ERBB	1.8009507487218355e-09	9	2713	2.5
commot_pilot_v1	GSE283052	GSM8655157_P02	colorectal cancer	Visium	stroma_fibroblast	stroma_fibroblast	EGF	EGFR	EGF/ERBB	0.012332332899322054	9	9	2.5
commot_pilot_v1	GSE283052	GSM8655157_P02	colorectal cancer	Visium	stroma_fibroblast	ambiguous_or_low_signal	EGF	EGFR	EGF/ERBB	1.1404831838600063e-06	9	49	2.5
commot_pilot_v1	GSE283052	GSM8655157_P02	colorectal cancer	Visium	ambiguous_or_low_signal	tumor_like	EGF	EGFR	EGF/ERBB	9.645598895314399e-06	49	2713	2.5
commot_pilot_v1	GSE283052	GSM8655157_P02	colorectal cancer	Visium	ambiguous_or_low_signal	stroma_fibroblast	EGF	EGFR	EGF/ERBB	0.0064162862745341595	49	9	2.5
commot_pilot_v1	GSE283052	GSM8655157_P02	colorectal cancer	Visium	ambiguous_or_low_signal	ambiguous_or_low_signal	EGF	EGFR	EGF/ERBB	0.001954402437984258	49	49	2.5
commot_pilot_v1	GSE283052	GSM8655157_P02	colorectal cancer	Visium	tumor_like	tumor_like	HBEGF	EGFR	EGF/ERBB	8.097149167776291e-05	2713	2713	2.5
commot_pilot_v1	GSE283052	GSM8655157_P02	colorectal cancer	Visium	tumor_like	stroma_fibroblast	HBEGF	EGFR	EGF/ERBB	6.725225861918486e-05	2713	9	2.5
commot_pilot_v1	GSE283052	GSM8655157_P02	colorectal cancer	Visium	tumor_like	ambiguous_or_low_signal	HBEGF	EGFR	EGF/ERBB	7.717602859950756e-05	2713	49	2.5
commot_pilot_v1	GSE283052	GSM8655157_P02	colorectal cancer	Visium	stroma_fibroblast	tumor_like	HBEGF	EGFR	EGF/ERBB	6.951028936421397e-07	9	2713	2.5
commot_pilot_v1	GSE283052	GSM8655157_P02	colorectal cancer	Visium	stroma_fibroblast	stroma_fibroblast	HBEGF	EGFR	EGF/ERBB	0.024164207149248496	9	9	2.5
commot_pilot_v1	GSE283052	GSM8655157_P02	colorectal cancer	Visium	ambiguous_or_low_signal	tumor_like	HBEGF	EGFR	EGF/ERBB	8.177999791711407e-06	49	2713	2.5
commot_pilot_v1	GSE283052	GSM8655157_P02	colorectal cancer	Visium	ambiguous_or_low_signal	stroma_fibroblast	HBEGF	EGFR	EGF/ERBB	0.0035398664163847028	49	9	2.5
commot_pilot_v1	GSE283052	GSM8655157_P02	colorectal cancer	Visium	ambiguous_or_low_signal	ambiguous_or_low_signal	HBEGF	EGFR	EGF/ERBB	0.004188456010315668	49	49	2.5
commot_pilot_v1	GSE283052	GSM8655157_P02	colorectal cancer	Visium	tumor_like	tumor_like	COL1A1	ITGA2	ECM-integrin	0.00045362432844238334	2713	2713	2.5
commot_pilot_v1	GSE283052	GSM8655157_P02	colorectal cancer	Visium	tumor_like	stroma_fibroblast	COL1A1	ITGA2	ECM-integrin	1.2118179153129497e-07	2713	9	2.5
commot_pilot_v1	GSE283052	GSM8655157_P02	colorectal cancer	Visium	tumor_like	ambiguous_or_low_signal	COL1A1	ITGA2	ECM-integrin	7.918695014562813e-06	2713	49	2.5
commot_pilot_v1	GSE283052	GSM8655157_P02	colorectal cancer	Visium	stroma_fibroblast	tumor_like	COL1A1	ITGA2	ECM-integrin	7.393655990384425e-05	9	2713	2.5
commot_pilot_v1	GSE283052	GSM8655157_P02	colorectal cancer	Visium	stroma_fibroblast	stroma_fibroblast	COL1A1	ITGA2	ECM-integrin	0.09868098366743856	9	9	2.5
commot_pilot_v1	GSE283052	GSM8655157_P02	colorectal cancer	Visium	stroma_fibroblast	ambiguous_or_low_signal	COL1A1	ITGA2	ECM-integrin	9.472859776364455e-05	9	49	2.5
commot_pilot_v1	GSE283052	GSM8655157_P02	colorectal cancer	Visium	ambiguous_or_low_signal	tumor_like	COL1A1	ITGA2	ECM-integrin	0.00012301624135203866	49	2713	2.5
commot_pilot_v1	GSE283052	GSM8655157_P02	colorectal cancer	Visium	ambiguous_or_low_signal	stroma_fibroblast	COL1A1	ITGA2	ECM-integrin	8.801422071790019e-06	49	9	2.5
commot_pilot_v1	GSE283052	GSM8655157_P02	colorectal cancer	Visium	ambiguous_or_low_signal	ambiguous_or_low_signal	COL1A1	ITGA2	ECM-integrin	0.03078114832537913	49	49	2.5
commot_pilot_v1	GSE283052	GSM8655158_P04	colorectal cancer	Visium	tumor_like	tumor_like	TGFB1	TGFBR1	TGFB	0.000252053590556155	1145	1145	2.5
commot_pilot_v1	GSE283052	GSM8655158_P04	colorectal cancer	Visium	tumor_like	stroma_fibroblast	TGFB1	TGFBR1	TGFB	1.188205197064581e-05	1145	557	2.5
commot_pilot_v1	GSE283052	GSM8655158_P04	colorectal cancer	Visium	tumor_like	ambiguous_or_low_signal	TGFB1	TGFBR1	TGFB	2.939076951870209e-05	1145	525	2.5
commot_pilot_v1	GSE283052	GSM8655158_P04	colorectal cancer	Visium	immune	immune	TGFB1	TGFBR1	TGFB	0.1106135167094845	3	3	2.5
commot_pilot_v1	GSE283052	GSM8655158_P04	colorectal cancer	Visium	immune	ambiguous_or_low_signal	TGFB1	TGFBR1	TGFB	0.00010814962301722082	3	525	2.5
commot_pilot_v1	GSE283052	GSM8655158_P04	colorectal cancer	Visium	stroma_fibroblast	tumor_like	TGFB1	TGFBR1	TGFB	2.2663107516690978e-05	557	1145	2.5
commot_pilot_v1	GSE283052	GSM8655158_P04	colorectal cancer	Visium	stroma_fibroblast	immune	TGFB1	TGFBR1	TGFB	2.3954007443900406e-06	557	3	2.5
commot_pilot_v1	GSE283052	GSM8655158_P04	colorectal cancer	Visium	stroma_fibroblast	stroma_fibroblast	TGFB1	TGFBR1	TGFB	0.0008607668047145595	557	557	2.5
commot_pilot_v1	GSE283052	GSM8655158_P04	colorectal cancer	Visium	stroma_fibroblast	ambiguous_or_low_signal	TGFB1	TGFBR1	TGFB	6.278954280199652e-05	557	525	2.5
commot_pilot_v1	GSE283052	GSM8655158_P04	colorectal cancer	Visium	ambiguous_or_low_signal	tumor_like	TGFB1	TGFBR1	TGFB	4.322168057987043e-05	525	1145	2.5
commot_pilot_v1	GSE283052	GSM8655158_P04	colorectal cancer	Visium	ambiguous_or_low_signal	immune	TGFB1	TGFBR1	TGFB	0.00024804972766630907	525	3	2.5
commot_pilot_v1	GSE283052	GSM8655158_P04	colorectal cancer	Visium	ambiguous_or_low_signal	stroma_fibroblast	TGFB1	TGFBR1	TGFB	4.2254078980112434e-05	525	557	2.5
commot_pilot_v1	GSE283052	GSM8655158_P04	colorectal cancer	Visium	ambiguous_or_low_signal	ambiguous_or_low_signal	TGFB1	TGFBR1	TGFB	0.0005954023257627063	525	525	2.5
commot_pilot_v1	GSE283052	GSM8655158_P04	colorectal cancer	Visium	tumor_like	tumor_like	TGFB1	TGFBR2	TGFB	0.00022468293817522102	1145	1145	2.5
commot_pilot_v1	GSE283052	GSM8655158_P04	colorectal cancer	Visium	tumor_like	stroma_fibroblast	TGFB1	TGFBR2	TGFB	1.577185807438283e-05	1145	557	2.5
commot_pilot_v1	GSE283052	GSM8655158_P04	colorectal cancer	Visium	tumor_like	ambiguous_or_low_signal	TGFB1	TGFBR2	TGFB	3.281903082479851e-05	1145	525	2.5
commot_pilot_v1	GSE283052	GSM8655158_P04	colorectal cancer	Visium	immune	stroma_fibroblast	TGFB1	TGFBR2	TGFB	2.856662516506262e-84	3	557	2.5
commot_pilot_v1	GSE283052	GSM8655158_P04	colorectal cancer	Visium	immune	ambiguous_or_low_signal	TGFB1	TGFBR2	TGFB	0.0009482779583115553	3	525	2.5
commot_pilot_v1	GSE283052	GSM8655158_P04	colorectal cancer	Visium	stroma_fibroblast	tumor_like	TGFB1	TGFBR2	TGFB	2.60035757670606e-05	557	1145	2.5
commot_pilot_v1	GSE283052	GSM8655158_P04	colorectal cancer	Visium	stroma_fibroblast	immune	TGFB1	TGFBR2	TGFB	6.27323215591238e-06	557	3	2.5
commot_pilot_v1	GSE283052	GSM8655158_P04	colorectal cancer	Visium	stroma_fibroblast	stroma_fibroblast	TGFB1	TGFBR2	TGFB	0.0010691475112291657	557	557	2.5
commot_pilot_v1	GSE283052	GSM8655158_P04	colorectal cancer	Visium	stroma_fibroblast	ambiguous_or_low_signal	TGFB1	TGFBR2	TGFB	8.101697268100106e-05	557	525	2.5
commot_pilot_v1	GSE283052	GSM8655158_P04	colorectal cancer	Visium	ambiguous_or_low_signal	tumor_like	TGFB1	TGFBR2	TGFB	4.663015964238757e-05	525	1145	2.5
commot_pilot_v1	GSE283052	GSM8655158_P04	colorectal cancer	Visium	ambiguous_or_low_signal	immune	TGFB1	TGFBR2	TGFB	0.00014839033002949338	525	3	2.5
commot_pilot_v1	GSE283052	GSM8655158_P04	colorectal cancer	Visium	ambiguous_or_low_signal	stroma_fibroblast	TGFB1	TGFBR2	TGFB	7.920448015922421e-05	525	557	2.5
commot_pilot_v1	GSE283052	GSM8655158_P04	colorectal cancer	Visium	ambiguous_or_low_signal	ambiguous_or_low_signal	TGFB1	TGFBR2	TGFB	0.0005412539297490354	525	525	2.5
commot_pilot_v1	GSE283052	GSM8655158_P04	colorectal cancer	Visium	tumor_like	tumor_like	CXCL12	CXCR4	CXCL chemokine	6.777109829202495e-05	1145	1145	2.5
commot_pilot_v1	GSE283052	GSM8655158_P04	colorectal cancer	Visium	tumor_like	immune	CXCL12	CXCR4	CXCL chemokine	4.34613707302444e-09	1145	3	2.5
commot_pilot_v1	GSE283052	GSM8655158_P04	colorectal cancer	Visium	tumor_like	stroma_fibroblast	CXCL12	CXCR4	CXCL chemokine	2.1982216027771076e-07	1145	557	2.5
commot_pilot_v1	GSE283052	GSM8655158_P04	colorectal cancer	Visium	tumor_like	ambiguous_or_low_signal	CXCL12	CXCR4	CXCL chemokine	1.2214206374217862e-05	1145	525	2.5
commot_pilot_v1	GSE283052	GSM8655158_P04	colorectal cancer	Visium	immune	immune	CXCL12	CXCR4	CXCL chemokine	0.11095812505667409	3	3	2.5
commot_pilot_v1	GSE283052	GSM8655158_P04	colorectal cancer	Visium	immune	stroma_fibroblast	CXCL12	CXCR4	CXCL chemokine	7.137890251136987e-08	3	557	2.5
commot_pilot_v1	GSE283052	GSM8655158_P04	colorectal cancer	Visium	immune	ambiguous_or_low_signal	CXCL12	CXCR4	CXCL chemokine	7.984766771487268e-07	3	525	2.5
commot_pilot_v1	GSE283052	GSM8655158_P04	colorectal cancer	Visium	stroma_fibroblast	tumor_like	CXCL12	CXCR4	CXCL chemokine	2.9938345089028944e-05	557	1145	2.5
commot_pilot_v1	GSE283052	GSM8655158_P04	colorectal cancer	Visium	stroma_fibroblast	immune	CXCL12	CXCR4	CXCL chemokine	0.00011551700117762355	557	3	2.5
commot_pilot_v1	GSE283052	GSM8655158_P04	colorectal cancer	Visium	stroma_fibroblast	stroma_fibroblast	CXCL12	CXCR4	CXCL chemokine	0.0011233814299531199	557	557	2.5
commot_pilot_v1	GSE283052	GSM8655158_P04	colorectal cancer	Visium	stroma_fibroblast	ambiguous_or_low_signal	CXCL12	CXCR4	CXCL chemokine	0.00013906172996209164	557	525	2.5
commot_pilot_v1	GSE283052	GSM8655158_P04	colorectal cancer	Visium	ambiguous_or_low_signal	tumor_like	CXCL12	CXCR4	CXCL chemokine	2.289914495128581e-05	525	1145	2.5
commot_pilot_v1	GSE283052	GSM8655158_P04	colorectal cancer	Visium	ambiguous_or_low_signal	immune	CXCL12	CXCR4	CXCL chemokine	1.2594751717606888e-05	525	3	2.5
commot_pilot_v1	GSE283052	GSM8655158_P04	colorectal cancer	Visium	ambiguous_or_low_signal	stroma_fibroblast	CXCL12	CXCR4	CXCL chemokine	3.465953672580531e-05	525	557	2.5
commot_pilot_v1	GSE283052	GSM8655158_P04	colorectal cancer	Visium	ambiguous_or_low_signal	ambiguous_or_low_signal	CXCL12	CXCR4	CXCL chemokine	0.00023320088176577154	525	525	2.5
commot_pilot_v1	GSE283052	GSM8655158_P04	colorectal cancer	Visium	tumor_like	tumor_like	CXCL9	CXCR3	CXCL chemokine	1.996808574496526e-05	1145	1145	2.5
commot_pilot_v1	GSE283052	GSM8655158_P04	colorectal cancer	Visium	tumor_like	stroma_fibroblast	CXCL9	CXCR3	CXCL chemokine	2.9161920968301243e-06	1145	557	2.5
commot_pilot_v1	GSE283052	GSM8655158_P04	colorectal cancer	Visium	tumor_like	ambiguous_or_low_signal	CXCL9	CXCR3	CXCL chemokine	4.984925059407261e-06	1145	525	2.5
commot_pilot_v1	GSE283052	GSM8655158_P04	colorectal cancer	Visium	stroma_fibroblast	tumor_like	CXCL9	CXCR3	CXCL chemokine	4.555641262573739e-06	557	1145	2.5
commot_pilot_v1	GSE283052	GSM8655158_P04	colorectal cancer	Visium	stroma_fibroblast	stroma_fibroblast	CXCL9	CXCR3	CXCL chemokine	7.721407535732246e-05	557	557	2.5
commot_pilot_v1	GSE283052	GSM8655158_P04	colorectal cancer	Visium	stroma_fibroblast	ambiguous_or_low_signal	CXCL9	CXCR3	CXCL chemokine	8.129517239289437e-06	557	525	2.5
commot_pilot_v1	GSE283052	GSM8655158_P04	colorectal cancer	Visium	ambiguous_or_low_signal	tumor_like	CXCL9	CXCR3	CXCL chemokine	9.841400434820837e-06	525	1145	2.5
commot_pilot_v1	GSE283052	GSM8655158_P04	colorectal cancer	Visium	ambiguous_or_low_signal	stroma_fibroblast	CXCL9	CXCR3	CXCL chemokine	4.050833826900013e-06	525	557	2.5
commot_pilot_v1	GSE283052	GSM8655158_P04	colorectal cancer	Visium	ambiguous_or_low_signal	ambiguous_or_low_signal	CXCL9	CXCR3	CXCL chemokine	5.669356134227548e-05	525	525	2.5
commot_pilot_v1	GSE283052	GSM8655158_P04	colorectal cancer	Visium	tumor_like	tumor_like	CCL2	CCR2	CCL chemokine	4.1220385170946885e-06	1145	1145	2.5
commot_pilot_v1	GSE283052	GSM8655158_P04	colorectal cancer	Visium	tumor_like	stroma_fibroblast	CCL2	CCR2	CCL chemokine	5.62046565161228e-10	1145	557	2.5
commot_pilot_v1	GSE283052	GSM8655158_P04	colorectal cancer	Visium	tumor_like	ambiguous_or_low_signal	CCL2	CCR2	CCL chemokine	3.276787145367947e-08	1145	525	2.5
commot_pilot_v1	GSE283052	GSM8655158_P04	colorectal cancer	Visium	immune	ambiguous_or_low_signal	CCL2	CCR2	CCL chemokine	1.772052503529628e-05	3	525	2.5
commot_pilot_v1	GSE283052	GSM8655158_P04	colorectal cancer	Visium	stroma_fibroblast	tumor_like	CCL2	CCR2	CCL chemokine	7.067906362863508e-11	557	1145	2.5
commot_pilot_v1	GSE283052	GSM8655158_P04	colorectal cancer	Visium	stroma_fibroblast	stroma_fibroblast	CCL2	CCR2	CCL chemokine	0.00013147038367116468	557	557	2.5
commot_pilot_v1	GSE283052	GSM8655158_P04	colorectal cancer	Visium	stroma_fibroblast	ambiguous_or_low_signal	CCL2	CCR2	CCL chemokine	1.2550711519631672e-06	557	525	2.5
commot_pilot_v1	GSE283052	GSM8655158_P04	colorectal cancer	Visium	ambiguous_or_low_signal	tumor_like	CCL2	CCR2	CCL chemokine	9.912403850995041e-07	525	1145	2.5
commot_pilot_v1	GSE283052	GSM8655158_P04	colorectal cancer	Visium	ambiguous_or_low_signal	stroma_fibroblast	CCL2	CCR2	CCL chemokine	4.1415285381797176e-06	525	557	2.5
commot_pilot_v1	GSE283052	GSM8655158_P04	colorectal cancer	Visium	ambiguous_or_low_signal	ambiguous_or_low_signal	CCL2	CCR2	CCL chemokine	4.203311892872189e-05	525	525	2.5
commot_pilot_v1	GSE283052	GSM8655158_P04	colorectal cancer	Visium	tumor_like	tumor_like	VEGFA	KDR	VEGF	4.90354537658834e-05	1145	1145	2.5
commot_pilot_v1	GSE283052	GSM8655158_P04	colorectal cancer	Visium	tumor_like	stroma_fibroblast	VEGFA	KDR	VEGF	7.088256331534136e-06	1145	557	2.5
commot_pilot_v1	GSE283052	GSM8655158_P04	colorectal cancer	Visium	tumor_like	ambiguous_or_low_signal	VEGFA	KDR	VEGF	7.94931519501678e-06	1145	525	2.5
commot_pilot_v1	GSE283052	GSM8655158_P04	colorectal cancer	Visium	immune	immune	VEGFA	KDR	VEGF	0.11102263999195972	3	3	2.5
commot_pilot_v1	GSE283052	GSM8655158_P04	colorectal cancer	Visium	immune	ambiguous_or_low_signal	VEGFA	KDR	VEGF	0.00013923724944072568	3	525	2.5
commot_pilot_v1	GSE283052	GSM8655158_P04	colorectal cancer	Visium	stroma_fibroblast	tumor_like	VEGFA	KDR	VEGF	1.0706602424180647e-06	557	1145	2.5
commot_pilot_v1	GSE283052	GSM8655158_P04	colorectal cancer	Visium	stroma_fibroblast	immune	VEGFA	KDR	VEGF	2.6256267932007495e-09	557	3	2.5
commot_pilot_v1	GSE283052	GSM8655158_P04	colorectal cancer	Visium	stroma_fibroblast	stroma_fibroblast	VEGFA	KDR	VEGF	0.0002697274944465925	557	557	2.5
commot_pilot_v1	GSE283052	GSM8655158_P04	colorectal cancer	Visium	stroma_fibroblast	ambiguous_or_low_signal	VEGFA	KDR	VEGF	6.54815030590483e-06	557	525	2.5
commot_pilot_v1	GSE283052	GSM8655158_P04	colorectal cancer	Visium	ambiguous_or_low_signal	tumor_like	VEGFA	KDR	VEGF	3.377774334917185e-06	525	1145	2.5
commot_pilot_v1	GSE283052	GSM8655158_P04	colorectal cancer	Visium	ambiguous_or_low_signal	immune	VEGFA	KDR	VEGF	5.027635872967486e-07	525	3	2.5
commot_pilot_v1	GSE283052	GSM8655158_P04	colorectal cancer	Visium	ambiguous_or_low_signal	stroma_fibroblast	VEGFA	KDR	VEGF	3.3501488505286823e-05	525	557	2.5
commot_pilot_v1	GSE283052	GSM8655158_P04	colorectal cancer	Visium	ambiguous_or_low_signal	ambiguous_or_low_signal	VEGFA	KDR	VEGF	0.00014906966487917384	525	525	2.5
commot_pilot_v1	GSE283052	GSM8655158_P04	colorectal cancer	Visium	tumor_like	tumor_like	SPP1	CD44	SPP1	0.003803284797174786	1145	1145	2.5
commot_pilot_v1	GSE283052	GSM8655158_P04	colorectal cancer	Visium	tumor_like	stroma_fibroblast	SPP1	CD44	SPP1	0.00013109522521700105	1145	557	2.5
commot_pilot_v1	GSE283052	GSM8655158_P04	colorectal cancer	Visium	tumor_like	ambiguous_or_low_signal	SPP1	CD44	SPP1	0.0004692114620836597	1145	525	2.5
commot_pilot_v1	GSE283052	GSM8655158_P04	colorectal cancer	Visium	immune	immune	SPP1	CD44	SPP1	0.42665582207961394	3	3	2.5
commot_pilot_v1	GSE283052	GSM8655158_P04	colorectal cancer	Visium	immune	stroma_fibroblast	SPP1	CD44	SPP1	3.426853879198934e-07	3	557	2.5
commot_pilot_v1	GSE283052	GSM8655158_P04	colorectal cancer	Visium	immune	ambiguous_or_low_signal	SPP1	CD44	SPP1	5.387214647665307e-06	3	525	2.5
commot_pilot_v1	GSE283052	GSM8655158_P04	colorectal cancer	Visium	stroma_fibroblast	tumor_like	SPP1	CD44	SPP1	0.0006506806578237296	557	1145	2.5
commot_pilot_v1	GSE283052	GSM8655158_P04	colorectal cancer	Visium	stroma_fibroblast	immune	SPP1	CD44	SPP1	2.230700285399979e-05	557	3	2.5
commot_pilot_v1	GSE283052	GSM8655158_P04	colorectal cancer	Visium	stroma_fibroblast	stroma_fibroblast	SPP1	CD44	SPP1	0.003936501568739188	557	557	2.5
commot_pilot_v1	GSE283052	GSM8655158_P04	colorectal cancer	Visium	stroma_fibroblast	ambiguous_or_low_signal	SPP1	CD44	SPP1	0.0009155489235008204	557	525	2.5
commot_pilot_v1	GSE283052	GSM8655158_P04	colorectal cancer	Visium	ambiguous_or_low_signal	tumor_like	SPP1	CD44	SPP1	0.0009262251630472557	525	1145	2.5
commot_pilot_v1	GSE283052	GSM8655158_P04	colorectal cancer	Visium	ambiguous_or_low_signal	immune	SPP1	CD44	SPP1	0.00032172219987780905	525	3	2.5
commot_pilot_v1	GSE283052	GSM8655158_P04	colorectal cancer	Visium	ambiguous_or_low_signal	stroma_fibroblast	SPP1	CD44	SPP1	0.0007483026536793464	525	557	2.5
commot_pilot_v1	GSE283052	GSM8655158_P04	colorectal cancer	Visium	ambiguous_or_low_signal	ambiguous_or_low_signal	SPP1	CD44	SPP1	0.0060686999225206375	525	525	2.5
commot_pilot_v1	GSE283052	GSM8655158_P04	colorectal cancer	Visium	tumor_like	tumor_like	SPP1	ITGAV	SPP1	0.0011381389699338228	1145	1145	2.5
commot_pilot_v1	GSE283052	GSM8655158_P04	colorectal cancer	Visium	tumor_like	stroma_fibroblast	SPP1	ITGAV	SPP1	8.84053083615854e-05	1145	557	2.5
commot_pilot_v1	GSE283052	GSM8655158_P04	colorectal cancer	Visium	tumor_like	ambiguous_or_low_signal	SPP1	ITGAV	SPP1	0.00015973688451074417	1145	525	2.5
commot_pilot_v1	GSE283052	GSM8655158_P04	colorectal cancer	Visium	immune	immune	SPP1	ITGAV	SPP1	0.12535799738273157	3	3	2.5
commot_pilot_v1	GSE283052	GSM8655158_P04	colorectal cancer	Visium	immune	stroma_fibroblast	SPP1	ITGAV	SPP1	4.115417575644012e-06	3	557	2.5
commot_pilot_v1	GSE283052	GSM8655158_P04	colorectal cancer	Visium	immune	ambiguous_or_low_signal	SPP1	ITGAV	SPP1	0.0005123956834811318	3	525	2.5
commot_pilot_v1	GSE283052	GSM8655158_P04	colorectal cancer	Visium	stroma_fibroblast	tumor_like	SPP1	ITGAV	SPP1	0.00012920520585572656	557	1145	2.5
commot_pilot_v1	GSE283052	GSM8655158_P04	colorectal cancer	Visium	stroma_fibroblast	immune	SPP1	ITGAV	SPP1	7.103143238432654e-07	557	3	2.5
commot_pilot_v1	GSE283052	GSM8655158_P04	colorectal cancer	Visium	stroma_fibroblast	stroma_fibroblast	SPP1	ITGAV	SPP1	0.0024952469198185204	557	557	2.5
commot_pilot_v1	GSE283052	GSM8655158_P04	colorectal cancer	Visium	stroma_fibroblast	ambiguous_or_low_signal	SPP1	ITGAV	SPP1	0.00022728571799653614	557	525	2.5
commot_pilot_v1	GSE283052	GSM8655158_P04	colorectal cancer	Visium	ambiguous_or_low_signal	tumor_like	SPP1	ITGAV	SPP1	0.0001910392822060044	525	1145	2.5
commot_pilot_v1	GSE283052	GSM8655158_P04	colorectal cancer	Visium	ambiguous_or_low_signal	immune	SPP1	ITGAV	SPP1	2.0870067637346904e-05	525	3	2.5
commot_pilot_v1	GSE283052	GSM8655158_P04	colorectal cancer	Visium	ambiguous_or_low_signal	stroma_fibroblast	SPP1	ITGAV	SPP1	0.0004238829547784466	525	557	2.5
commot_pilot_v1	GSE283052	GSM8655158_P04	colorectal cancer	Visium	ambiguous_or_low_signal	ambiguous_or_low_signal	SPP1	ITGAV	SPP1	0.002375287118457006	525	525	2.5
commot_pilot_v1	GSE283052	GSM8655158_P04	colorectal cancer	Visium	tumor_like	tumor_like	MIF	CD74	MIF	0.0026049510723742805	1145	1145	2.5
commot_pilot_v1	GSE283052	GSM8655158_P04	colorectal cancer	Visium	tumor_like	stroma_fibroblast	MIF	CD74	MIF	7.508038969908162e-05	1145	557	2.5
commot_pilot_v1	GSE283052	GSM8655158_P04	colorectal cancer	Visium	tumor_like	ambiguous_or_low_signal	MIF	CD74	MIF	3.8449233793537106e-05	1145	525	2.5
commot_pilot_v1	GSE283052	GSM8655158_P04	colorectal cancer	Visium	immune	tumor_like	MIF	CD74	MIF	0.0005572105327655518	3	1145	2.5
commot_pilot_v1	GSE283052	GSM8655158_P04	colorectal cancer	Visium	immune	immune	MIF	CD74	MIF	1.4420215954502662	3	3	2.5
commot_pilot_v1	GSE283052	GSM8655158_P04	colorectal cancer	Visium	immune	stroma_fibroblast	MIF	CD74	MIF	0.0018043337142645732	3	557	2.5
commot_pilot_v1	GSE283052	GSM8655158_P04	colorectal cancer	Visium	immune	ambiguous_or_low_signal	MIF	CD74	MIF	3.435952938203546e-05	3	525	2.5
commot_pilot_v1	GSE283052	GSM8655158_P04	colorectal cancer	Visium	stroma_fibroblast	tumor_like	MIF	CD74	MIF	2.2759243158724123e-05	557	1145	2.5
commot_pilot_v1	GSE283052	GSM8655158_P04	colorectal cancer	Visium	stroma_fibroblast	immune	MIF	CD74	MIF	6.825460926300216e-06	557	3	2.5
commot_pilot_v1	GSE283052	GSM8655158_P04	colorectal cancer	Visium	stroma_fibroblast	stroma_fibroblast	MIF	CD74	MIF	0.011382054876566221	557	557	2.5
commot_pilot_v1	GSE283052	GSM8655158_P04	colorectal cancer	Visium	stroma_fibroblast	ambiguous_or_low_signal	MIF	CD74	MIF	0.00012301294985474963	557	525	2.5
commot_pilot_v1	GSE283052	GSM8655158_P04	colorectal cancer	Visium	ambiguous_or_low_signal	tumor_like	MIF	CD74	MIF	3.895188762293299e-05	525	1145	2.5
commot_pilot_v1	GSE283052	GSM8655158_P04	colorectal cancer	Visium	ambiguous_or_low_signal	immune	MIF	CD74	MIF	4.6701722338282246e-05	525	3	2.5
commot_pilot_v1	GSE283052	GSM8655158_P04	colorectal cancer	Visium	ambiguous_or_low_signal	stroma_fibroblast	MIF	CD74	MIF	0.00042717289340936463	525	557	2.5
commot_pilot_v1	GSE283052	GSM8655158_P04	colorectal cancer	Visium	ambiguous_or_low_signal	ambiguous_or_low_signal	MIF	CD74	MIF	0.007244306605608719	525	525	2.5
commot_pilot_v1	GSE283052	GSM8655158_P04	colorectal cancer	Visium	tumor_like	tumor_like	DLL4	NOTCH1	NOTCH	0.00019263059840342756	1145	1145	2.5
commot_pilot_v1	GSE283052	GSM8655158_P04	colorectal cancer	Visium	tumor_like	stroma_fibroblast	DLL4	NOTCH1	NOTCH	6.764448254856539e-07	1145	557	2.5
commot_pilot_v1	GSE283052	GSM8655158_P04	colorectal cancer	Visium	tumor_like	ambiguous_or_low_signal	DLL4	NOTCH1	NOTCH	1.66771701034073e-05	1145	525	2.5
commot_pilot_v1	GSE283052	GSM8655158_P04	colorectal cancer	Visium	immune	immune	DLL4	NOTCH1	NOTCH	0.1106911531677759	3	3	2.5
commot_pilot_v1	GSE283052	GSM8655158_P04	colorectal cancer	Visium	immune	stroma_fibroblast	DLL4	NOTCH1	NOTCH	1.45004978253219e-08	3	557	2.5
commot_pilot_v1	GSE283052	GSM8655158_P04	colorectal cancer	Visium	immune	ambiguous_or_low_signal	DLL4	NOTCH1	NOTCH	2.3843753385072043e-06	3	525	2.5
commot_pilot_v1	GSE283052	GSM8655158_P04	colorectal cancer	Visium	stroma_fibroblast	tumor_like	DLL4	NOTCH1	NOTCH	1.6085496549128657e-05	557	1145	2.5
commot_pilot_v1	GSE283052	GSM8655158_P04	colorectal cancer	Visium	stroma_fibroblast	immune	DLL4	NOTCH1	NOTCH	0.0005178636207930601	557	3	2.5
commot_pilot_v1	GSE283052	GSM8655158_P04	colorectal cancer	Visium	stroma_fibroblast	stroma_fibroblast	DLL4	NOTCH1	NOTCH	0.0004190318515628824	557	557	2.5
commot_pilot_v1	GSE283052	GSM8655158_P04	colorectal cancer	Visium	stroma_fibroblast	ambiguous_or_low_signal	DLL4	NOTCH1	NOTCH	4.4017244360300815e-05	557	525	2.5
commot_pilot_v1	GSE283052	GSM8655158_P04	colorectal cancer	Visium	ambiguous_or_low_signal	tumor_like	DLL4	NOTCH1	NOTCH	2.2642756881839255e-05	525	1145	2.5
commot_pilot_v1	GSE283052	GSM8655158_P04	colorectal cancer	Visium	ambiguous_or_low_signal	immune	DLL4	NOTCH1	NOTCH	0.00032123277587986835	525	3	2.5
commot_pilot_v1	GSE283052	GSM8655158_P04	colorectal cancer	Visium	ambiguous_or_low_signal	stroma_fibroblast	DLL4	NOTCH1	NOTCH	2.0938165093536323e-05	525	557	2.5
commot_pilot_v1	GSE283052	GSM8655158_P04	colorectal cancer	Visium	ambiguous_or_low_signal	ambiguous_or_low_signal	DLL4	NOTCH1	NOTCH	0.0003655694810711513	525	525	2.5
commot_pilot_v1	GSE283052	GSM8655158_P04	colorectal cancer	Visium	tumor_like	tumor_like	JAG1	NOTCH2	NOTCH	0.0005938958261232574	1145	1145	2.5
commot_pilot_v1	GSE283052	GSM8655158_P04	colorectal cancer	Visium	tumor_like	stroma_fibroblast	JAG1	NOTCH2	NOTCH	5.814302987416483e-05	1145	557	2.5
commot_pilot_v1	GSE283052	GSM8655158_P04	colorectal cancer	Visium	tumor_like	ambiguous_or_low_signal	JAG1	NOTCH2	NOTCH	0.00013209598755202547	1145	525	2.5
commot_pilot_v1	GSE283052	GSM8655158_P04	colorectal cancer	Visium	immune	immune	JAG1	NOTCH2	NOTCH	0.08267292829859003	3	3	2.5
commot_pilot_v1	GSE283052	GSM8655158_P04	colorectal cancer	Visium	immune	stroma_fibroblast	JAG1	NOTCH2	NOTCH	8.589658831016032e-09	3	557	2.5
commot_pilot_v1	GSE283052	GSM8655158_P04	colorectal cancer	Visium	immune	ambiguous_or_low_signal	JAG1	NOTCH2	NOTCH	0.00016249478856684467	3	525	2.5
commot_pilot_v1	GSE283052	GSM8655158_P04	colorectal cancer	Visium	stroma_fibroblast	tumor_like	JAG1	NOTCH2	NOTCH	5.606312030736061e-05	557	1145	2.5
commot_pilot_v1	GSE283052	GSM8655158_P04	colorectal cancer	Visium	stroma_fibroblast	immune	JAG1	NOTCH2	NOTCH	0.0007131351241068928	557	3	2.5
commot_pilot_v1	GSE283052	GSM8655158_P04	colorectal cancer	Visium	stroma_fibroblast	stroma_fibroblast	JAG1	NOTCH2	NOTCH	0.000887314755322025	557	557	2.5
commot_pilot_v1	GSE283052	GSM8655158_P04	colorectal cancer	Visium	stroma_fibroblast	ambiguous_or_low_signal	JAG1	NOTCH2	NOTCH	0.00019823779992853458	557	525	2.5
commot_pilot_v1	GSE283052	GSM8655158_P04	colorectal cancer	Visium	ambiguous_or_low_signal	tumor_like	JAG1	NOTCH2	NOTCH	0.00010330959547452098	525	1145	2.5
commot_pilot_v1	GSE283052	GSM8655158_P04	colorectal cancer	Visium	ambiguous_or_low_signal	immune	JAG1	NOTCH2	NOTCH	0.0008197994853587553	525	3	2.5
commot_pilot_v1	GSE283052	GSM8655158_P04	colorectal cancer	Visium	ambiguous_or_low_signal	stroma_fibroblast	JAG1	NOTCH2	NOTCH	0.00011380526249307125	525	557	2.5
commot_pilot_v1	GSE283052	GSM8655158_P04	colorectal cancer	Visium	ambiguous_or_low_signal	ambiguous_or_low_signal	JAG1	NOTCH2	NOTCH	0.0007802149529194228	525	525	2.5
commot_pilot_v1	GSE283052	GSM8655158_P04	colorectal cancer	Visium	tumor_like	tumor_like	WNT5A	FZD5	WNT	0.0005013705197839675	1145	1145	2.5
commot_pilot_v1	GSE283052	GSM8655158_P04	colorectal cancer	Visium	tumor_like	stroma_fibroblast	WNT5A	FZD5	WNT	8.771801492410107e-06	1145	557	2.5
commot_pilot_v1	GSE283052	GSM8655158_P04	colorectal cancer	Visium	tumor_like	ambiguous_or_low_signal	WNT5A	FZD5	WNT	6.230892899310243e-05	1145	525	2.5
commot_pilot_v1	GSE283052	GSM8655158_P04	colorectal cancer	Visium	stroma_fibroblast	tumor_like	WNT5A	FZD5	WNT	0.00036154072987730745	557	1145	2.5
commot_pilot_v1	GSE283052	GSM8655158_P04	colorectal cancer	Visium	stroma_fibroblast	stroma_fibroblast	WNT5A	FZD5	WNT	0.0006094911076248983	557	557	2.5
commot_pilot_v1	GSE283052	GSM8655158_P04	colorectal cancer	Visium	stroma_fibroblast	ambiguous_or_low_signal	WNT5A	FZD5	WNT	0.0004786753688390679	557	525	2.5
commot_pilot_v1	GSE283052	GSM8655158_P04	colorectal cancer	Visium	ambiguous_or_low_signal	tumor_like	WNT5A	FZD5	WNT	0.00032881092125146554	525	1145	2.5
commot_pilot_v1	GSE283052	GSM8655158_P04	colorectal cancer	Visium	ambiguous_or_low_signal	stroma_fibroblast	WNT5A	FZD5	WNT	8.77024767817134e-05	525	557	2.5
commot_pilot_v1	GSE283052	GSM8655158_P04	colorectal cancer	Visium	ambiguous_or_low_signal	ambiguous_or_low_signal	WNT5A	FZD5	WNT	0.0007945437709288595	525	525	2.5
commot_pilot_v1	GSE283052	GSM8655158_P04	colorectal cancer	Visium	tumor_like	tumor_like	EGF	EGFR	EGF/ERBB	7.730339334725465e-06	1145	1145	2.5
commot_pilot_v1	GSE283052	GSM8655158_P04	colorectal cancer	Visium	tumor_like	stroma_fibroblast	EGF	EGFR	EGF/ERBB	1.5952527962096848e-07	1145	557	2.5
commot_pilot_v1	GSE283052	GSM8655158_P04	colorectal cancer	Visium	tumor_like	ambiguous_or_low_signal	EGF	EGFR	EGF/ERBB	4.949918311938209e-07	1145	525	2.5
commot_pilot_v1	GSE283052	GSM8655158_P04	colorectal cancer	Visium	stroma_fibroblast	tumor_like	EGF	EGFR	EGF/ERBB	1.2097329978427571e-06	557	1145	2.5
commot_pilot_v1	GSE283052	GSM8655158_P04	colorectal cancer	Visium	stroma_fibroblast	stroma_fibroblast	EGF	EGFR	EGF/ERBB	2.205850413572911e-06	557	557	2.5
commot_pilot_v1	GSE283052	GSM8655158_P04	colorectal cancer	Visium	stroma_fibroblast	ambiguous_or_low_signal	EGF	EGFR	EGF/ERBB	5.667953467268025e-07	557	525	2.5
commot_pilot_v1	GSE283052	GSM8655158_P04	colorectal cancer	Visium	ambiguous_or_low_signal	tumor_like	EGF	EGFR	EGF/ERBB	1.4591254689424825e-06	525	1145	2.5
commot_pilot_v1	GSE283052	GSM8655158_P04	colorectal cancer	Visium	ambiguous_or_low_signal	stroma_fibroblast	EGF	EGFR	EGF/ERBB	1.001923294498891e-06	525	557	2.5
commot_pilot_v1	GSE283052	GSM8655158_P04	colorectal cancer	Visium	ambiguous_or_low_signal	ambiguous_or_low_signal	EGF	EGFR	EGF/ERBB	3.0109325414924493e-06	525	525	2.5
commot_pilot_v1	GSE283052	GSM8655158_P04	colorectal cancer	Visium	tumor_like	tumor_like	HBEGF	EGFR	EGF/ERBB	0.00042258863647355555	1145	1145	2.5
commot_pilot_v1	GSE283052	GSM8655158_P04	colorectal cancer	Visium	tumor_like	stroma_fibroblast	HBEGF	EGFR	EGF/ERBB	3.113920564769587e-05	1145	557	2.5
commot_pilot_v1	GSE283052	GSM8655158_P04	colorectal cancer	Visium	tumor_like	ambiguous_or_low_signal	HBEGF	EGFR	EGF/ERBB	7.788739972241711e-05	1145	525	2.5
commot_pilot_v1	GSE283052	GSM8655158_P04	colorectal cancer	Visium	immune	ambiguous_or_low_signal	HBEGF	EGFR	EGF/ERBB	0.001269841695899626	3	525	2.5
commot_pilot_v1	GSE283052	GSM8655158_P04	colorectal cancer	Visium	stroma_fibroblast	tumor_like	HBEGF	EGFR	EGF/ERBB	2.9789138332576102e-05	557	1145	2.5
commot_pilot_v1	GSE283052	GSM8655158_P04	colorectal cancer	Visium	stroma_fibroblast	stroma_fibroblast	HBEGF	EGFR	EGF/ERBB	0.00028125658531521504	557	557	2.5
commot_pilot_v1	GSE283052	GSM8655158_P04	colorectal cancer	Visium	stroma_fibroblast	ambiguous_or_low_signal	HBEGF	EGFR	EGF/ERBB	4.19297307680469e-05	557	525	2.5
commot_pilot_v1	GSE283052	GSM8655158_P04	colorectal cancer	Visium	ambiguous_or_low_signal	tumor_like	HBEGF	EGFR	EGF/ERBB	6.922789649725009e-05	525	1145	2.5
commot_pilot_v1	GSE283052	GSM8655158_P04	colorectal cancer	Visium	ambiguous_or_low_signal	stroma_fibroblast	HBEGF	EGFR	EGF/ERBB	6.410447446569347e-05	525	557	2.5
commot_pilot_v1	GSE283052	GSM8655158_P04	colorectal cancer	Visium	ambiguous_or_low_signal	ambiguous_or_low_signal	HBEGF	EGFR	EGF/ERBB	0.00037827534460794024	525	525	2.5
commot_pilot_v1	GSE283052	GSM8655158_P04	colorectal cancer	Visium	tumor_like	tumor_like	COL1A1	ITGA2	ECM-integrin	0.001546601536980195	1145	1145	2.5
commot_pilot_v1	GSE283052	GSM8655158_P04	colorectal cancer	Visium	tumor_like	stroma_fibroblast	COL1A1	ITGA2	ECM-integrin	1.1522888598418853e-07	1145	557	2.5
commot_pilot_v1	GSE283052	GSM8655158_P04	colorectal cancer	Visium	tumor_like	ambiguous_or_low_signal	COL1A1	ITGA2	ECM-integrin	3.929353132015056e-06	1145	525	2.5
commot_pilot_v1	GSE283052	GSM8655158_P04	colorectal cancer	Visium	immune	tumor_like	COL1A1	ITGA2	ECM-integrin	5.053368149616983e-10	3	1145	2.5
commot_pilot_v1	GSE283052	GSM8655158_P04	colorectal cancer	Visium	immune	immune	COL1A1	ITGA2	ECM-integrin	0.65078305431655	3	3	2.5
commot_pilot_v1	GSE283052	GSM8655158_P04	colorectal cancer	Visium	immune	stroma_fibroblast	COL1A1	ITGA2	ECM-integrin	2.963969729051099e-08	3	557	2.5
commot_pilot_v1	GSE283052	GSM8655158_P04	colorectal cancer	Visium	immune	ambiguous_or_low_signal	COL1A1	ITGA2	ECM-integrin	6.12224824037275e-05	3	525	2.5
commot_pilot_v1	GSE283052	GSM8655158_P04	colorectal cancer	Visium	stroma_fibroblast	tumor_like	COL1A1	ITGA2	ECM-integrin	5.592413775767139e-06	557	1145	2.5
commot_pilot_v1	GSE283052	GSM8655158_P04	colorectal cancer	Visium	stroma_fibroblast	immune	COL1A1	ITGA2	ECM-integrin	7.013468054689308e-05	557	3	2.5
commot_pilot_v1	GSE283052	GSM8655158_P04	colorectal cancer	Visium	stroma_fibroblast	stroma_fibroblast	COL1A1	ITGA2	ECM-integrin	0.0011851402127768438	557	557	2.5
commot_pilot_v1	GSE283052	GSM8655158_P04	colorectal cancer	Visium	stroma_fibroblast	ambiguous_or_low_signal	COL1A1	ITGA2	ECM-integrin	6.711388063212235e-06	557	525	2.5
commot_pilot_v1	GSE283052	GSM8655158_P04	colorectal cancer	Visium	ambiguous_or_low_signal	tumor_like	COL1A1	ITGA2	ECM-integrin	7.985148634654188e-06	525	1145	2.5
commot_pilot_v1	GSE283052	GSM8655158_P04	colorectal cancer	Visium	ambiguous_or_low_signal	immune	COL1A1	ITGA2	ECM-integrin	1.63539428299732e-05	525	3	2.5
commot_pilot_v1	GSE283052	GSM8655158_P04	colorectal cancer	Visium	ambiguous_or_low_signal	stroma_fibroblast	COL1A1	ITGA2	ECM-integrin	8.135270506742662e-07	525	557	2.5
commot_pilot_v1	GSE283052	GSM8655158_P04	colorectal cancer	Visium	ambiguous_or_low_signal	ambiguous_or_low_signal	COL1A1	ITGA2	ECM-integrin	0.0021898556536393545	525	525	2.5
commot_pilot_v1	GSE283052	GSM8655159_P05	colorectal cancer	Visium	tumor_like	tumor_like	TGFB1	TGFBR1	TGFB	0.0004882355090392236	633	633	2.5
commot_pilot_v1	GSE283052	GSM8655159_P05	colorectal cancer	Visium	tumor_like	stroma_fibroblast	TGFB1	TGFBR1	TGFB	2.9879065878346696e-05	633	176	2.5
commot_pilot_v1	GSE283052	GSM8655159_P05	colorectal cancer	Visium	tumor_like	ambiguous_or_low_signal	TGFB1	TGFBR1	TGFB	3.633241290752716e-05	633	138	2.5
commot_pilot_v1	GSE283052	GSM8655159_P05	colorectal cancer	Visium	stroma_fibroblast	tumor_like	TGFB1	TGFBR1	TGFB	0.00011778924131868923	176	633	2.5
commot_pilot_v1	GSE283052	GSM8655159_P05	colorectal cancer	Visium	stroma_fibroblast	stroma_fibroblast	TGFB1	TGFBR1	TGFB	0.007275800040800034	176	176	2.5
commot_pilot_v1	GSE283052	GSM8655159_P05	colorectal cancer	Visium	stroma_fibroblast	ambiguous_or_low_signal	TGFB1	TGFBR1	TGFB	0.00044262564877653226	176	138	2.5
commot_pilot_v1	GSE283052	GSM8655159_P05	colorectal cancer	Visium	ambiguous_or_low_signal	tumor_like	TGFB1	TGFBR1	TGFB	0.00021949668320464505	138	633	2.5
commot_pilot_v1	GSE283052	GSM8655159_P05	colorectal cancer	Visium	ambiguous_or_low_signal	stroma_fibroblast	TGFB1	TGFBR1	TGFB	0.000266022981295521	138	176	2.5
commot_pilot_v1	GSE283052	GSM8655159_P05	colorectal cancer	Visium	ambiguous_or_low_signal	ambiguous_or_low_signal	TGFB1	TGFBR1	TGFB	0.005616048967476204	138	138	2.5
commot_pilot_v1	GSE283052	GSM8655159_P05	colorectal cancer	Visium	tumor_like	tumor_like	TGFB1	TGFBR2	TGFB	0.0005130120411474255	633	633	2.5
commot_pilot_v1	GSE283052	GSM8655159_P05	colorectal cancer	Visium	tumor_like	stroma_fibroblast	TGFB1	TGFBR2	TGFB	2.4574258690175742e-05	633	176	2.5
commot_pilot_v1	GSE283052	GSM8655159_P05	colorectal cancer	Visium	tumor_like	ambiguous_or_low_signal	TGFB1	TGFBR2	TGFB	5.806482579317834e-05	633	138	2.5
commot_pilot_v1	GSE283052	GSM8655159_P05	colorectal cancer	Visium	stroma_fibroblast	tumor_like	TGFB1	TGFBR2	TGFB	0.00014070672513962596	176	633	2.5
commot_pilot_v1	GSE283052	GSM8655159_P05	colorectal cancer	Visium	stroma_fibroblast	stroma_fibroblast	TGFB1	TGFBR2	TGFB	0.007554698356653369	176	176	2.5
commot_pilot_v1	GSE283052	GSM8655159_P05	colorectal cancer	Visium	stroma_fibroblast	ambiguous_or_low_signal	TGFB1	TGFBR2	TGFB	0.0002702000208969552	176	138	2.5
commot_pilot_v1	GSE283052	GSM8655159_P05	colorectal cancer	Visium	ambiguous_or_low_signal	tumor_like	TGFB1	TGFBR2	TGFB	0.00017938314620891046	138	633	2.5
commot_pilot_v1	GSE283052	GSM8655159_P05	colorectal cancer	Visium	ambiguous_or_low_signal	stroma_fibroblast	TGFB1	TGFBR2	TGFB	0.00023571151853361394	138	176	2.5
commot_pilot_v1	GSE283052	GSM8655159_P05	colorectal cancer	Visium	ambiguous_or_low_signal	ambiguous_or_low_signal	TGFB1	TGFBR2	TGFB	0.006171104775019361	138	138	2.5
commot_pilot_v1	GSE283052	GSM8655159_P05	colorectal cancer	Visium	tumor_like	tumor_like	CXCL12	CXCR4	CXCL chemokine	7.405064487182561e-05	633	633	2.5
commot_pilot_v1	GSE283052	GSM8655159_P05	colorectal cancer	Visium	tumor_like	stroma_fibroblast	CXCL12	CXCR4	CXCL chemokine	6.110868063846138e-05	633	176	2.5
commot_pilot_v1	GSE283052	GSM8655159_P05	colorectal cancer	Visium	tumor_like	ambiguous_or_low_signal	CXCL12	CXCR4	CXCL chemokine	3.815443808737016e-05	633	138	2.5
commot_pilot_v1	GSE283052	GSM8655159_P05	colorectal cancer	Visium	stroma_fibroblast	tumor_like	CXCL12	CXCR4	CXCL chemokine	0.00010767023506549855	176	633	2.5
commot_pilot_v1	GSE283052	GSM8655159_P05	colorectal cancer	Visium	stroma_fibroblast	stroma_fibroblast	CXCL12	CXCR4	CXCL chemokine	0.0032577232636546364	176	176	2.5
commot_pilot_v1	GSE283052	GSM8655159_P05	colorectal cancer	Visium	stroma_fibroblast	ambiguous_or_low_signal	CXCL12	CXCR4	CXCL chemokine	0.00020970997688506753	176	138	2.5
commot_pilot_v1	GSE283052	GSM8655159_P05	colorectal cancer	Visium	ambiguous_or_low_signal	tumor_like	CXCL12	CXCR4	CXCL chemokine	5.3960451187841305e-05	138	633	2.5
commot_pilot_v1	GSE283052	GSM8655159_P05	colorectal cancer	Visium	ambiguous_or_low_signal	stroma_fibroblast	CXCL12	CXCR4	CXCL chemokine	0.0002414024996781908	138	176	2.5
commot_pilot_v1	GSE283052	GSM8655159_P05	colorectal cancer	Visium	ambiguous_or_low_signal	ambiguous_or_low_signal	CXCL12	CXCR4	CXCL chemokine	0.0011347899618108408	138	138	2.5
commot_pilot_v1	GSE283052	GSM8655159_P05	colorectal cancer	Visium	tumor_like	tumor_like	CXCL9	CXCR3	CXCL chemokine	0.0001769843685774627	633	633	2.5
commot_pilot_v1	GSE283052	GSM8655159_P05	colorectal cancer	Visium	tumor_like	stroma_fibroblast	CXCL9	CXCR3	CXCL chemokine	1.8645303974431381e-06	633	176	2.5
commot_pilot_v1	GSE283052	GSM8655159_P05	colorectal cancer	Visium	tumor_like	ambiguous_or_low_signal	CXCL9	CXCR3	CXCL chemokine	2.7652212707072285e-05	633	138	2.5
commot_pilot_v1	GSE283052	GSM8655159_P05	colorectal cancer	Visium	stroma_fibroblast	tumor_like	CXCL9	CXCR3	CXCL chemokine	3.616503920675344e-05	176	633	2.5
commot_pilot_v1	GSE283052	GSM8655159_P05	colorectal cancer	Visium	stroma_fibroblast	stroma_fibroblast	CXCL9	CXCR3	CXCL chemokine	0.0010234507058272107	176	176	2.5
commot_pilot_v1	GSE283052	GSM8655159_P05	colorectal cancer	Visium	stroma_fibroblast	ambiguous_or_low_signal	CXCL9	CXCR3	CXCL chemokine	6.105915005518825e-05	176	138	2.5
commot_pilot_v1	GSE283052	GSM8655159_P05	colorectal cancer	Visium	ambiguous_or_low_signal	tumor_like	CXCL9	CXCR3	CXCL chemokine	4.6423010407297975e-05	138	633	2.5
commot_pilot_v1	GSE283052	GSM8655159_P05	colorectal cancer	Visium	ambiguous_or_low_signal	stroma_fibroblast	CXCL9	CXCR3	CXCL chemokine	3.7000713841379977e-06	138	176	2.5
commot_pilot_v1	GSE283052	GSM8655159_P05	colorectal cancer	Visium	ambiguous_or_low_signal	ambiguous_or_low_signal	CXCL9	CXCR3	CXCL chemokine	0.0014756072240414827	138	138	2.5
commot_pilot_v1	GSE283052	GSM8655159_P05	colorectal cancer	Visium	tumor_like	tumor_like	CCL2	CCR2	CCL chemokine	1.2969272255282903e-05	633	633	2.5
commot_pilot_v1	GSE283052	GSM8655159_P05	colorectal cancer	Visium	tumor_like	stroma_fibroblast	CCL2	CCR2	CCL chemokine	1.1912841474515876e-05	633	176	2.5
commot_pilot_v1	GSE283052	GSM8655159_P05	colorectal cancer	Visium	tumor_like	ambiguous_or_low_signal	CCL2	CCR2	CCL chemokine	7.486202550867407e-07	633	138	2.5
commot_pilot_v1	GSE283052	GSM8655159_P05	colorectal cancer	Visium	stroma_fibroblast	tumor_like	CCL2	CCR2	CCL chemokine	1.3564726830853925e-05	176	633	2.5
commot_pilot_v1	GSE283052	GSM8655159_P05	colorectal cancer	Visium	stroma_fibroblast	stroma_fibroblast	CCL2	CCR2	CCL chemokine	0.00048631602363510693	176	176	2.5
commot_pilot_v1	GSE283052	GSM8655159_P05	colorectal cancer	Visium	stroma_fibroblast	ambiguous_or_low_signal	CCL2	CCR2	CCL chemokine	5.151743324329543e-06	176	138	2.5
commot_pilot_v1	GSE283052	GSM8655159_P05	colorectal cancer	Visium	ambiguous_or_low_signal	tumor_like	CCL2	CCR2	CCL chemokine	2.6239624774265296e-05	138	633	2.5
commot_pilot_v1	GSE283052	GSM8655159_P05	colorectal cancer	Visium	ambiguous_or_low_signal	stroma_fibroblast	CCL2	CCR2	CCL chemokine	2.5061306360592906e-05	138	176	2.5
commot_pilot_v1	GSE283052	GSM8655159_P05	colorectal cancer	Visium	ambiguous_or_low_signal	ambiguous_or_low_signal	CCL2	CCR2	CCL chemokine	0.0005150955410825377	138	138	2.5
commot_pilot_v1	GSE283052	GSM8655159_P05	colorectal cancer	Visium	tumor_like	tumor_like	VEGFA	KDR	VEGF	0.00024402861213072916	633	633	2.5
commot_pilot_v1	GSE283052	GSM8655159_P05	colorectal cancer	Visium	tumor_like	stroma_fibroblast	VEGFA	KDR	VEGF	0.0001442092738107152	633	176	2.5
commot_pilot_v1	GSE283052	GSM8655159_P05	colorectal cancer	Visium	tumor_like	ambiguous_or_low_signal	VEGFA	KDR	VEGF	4.680170954337343e-05	633	138	2.5
commot_pilot_v1	GSE283052	GSM8655159_P05	colorectal cancer	Visium	stroma_fibroblast	tumor_like	VEGFA	KDR	VEGF	1.163682881083756e-06	176	633	2.5
commot_pilot_v1	GSE283052	GSM8655159_P05	colorectal cancer	Visium	stroma_fibroblast	stroma_fibroblast	VEGFA	KDR	VEGF	0.004190385050745902	176	176	2.5
commot_pilot_v1	GSE283052	GSM8655159_P05	colorectal cancer	Visium	stroma_fibroblast	ambiguous_or_low_signal	VEGFA	KDR	VEGF	3.5679355433074576e-05	176	138	2.5
commot_pilot_v1	GSE283052	GSM8655159_P05	colorectal cancer	Visium	ambiguous_or_low_signal	tumor_like	VEGFA	KDR	VEGF	1.0391722363547423e-06	138	633	2.5
commot_pilot_v1	GSE283052	GSM8655159_P05	colorectal cancer	Visium	ambiguous_or_low_signal	stroma_fibroblast	VEGFA	KDR	VEGF	0.00033483884598942376	138	176	2.5
commot_pilot_v1	GSE283052	GSM8655159_P05	colorectal cancer	Visium	ambiguous_or_low_signal	ambiguous_or_low_signal	VEGFA	KDR	VEGF	0.0034155168703943342	138	138	2.5
commot_pilot_v1	GSE283052	GSM8655159_P05	colorectal cancer	Visium	tumor_like	tumor_like	SPP1	CD44	SPP1	0.004049751611125306	633	633	2.5
commot_pilot_v1	GSE283052	GSM8655159_P05	colorectal cancer	Visium	tumor_like	stroma_fibroblast	SPP1	CD44	SPP1	0.0005908723085836975	633	176	2.5
commot_pilot_v1	GSE283052	GSM8655159_P05	colorectal cancer	Visium	tumor_like	ambiguous_or_low_signal	SPP1	CD44	SPP1	0.0010718405418698224	633	138	2.5
commot_pilot_v1	GSE283052	GSM8655159_P05	colorectal cancer	Visium	stroma_fibroblast	tumor_like	SPP1	CD44	SPP1	0.0010342201332956063	176	633	2.5
commot_pilot_v1	GSE283052	GSM8655159_P05	colorectal cancer	Visium	stroma_fibroblast	stroma_fibroblast	SPP1	CD44	SPP1	0.012867375631467164	176	176	2.5
commot_pilot_v1	GSE283052	GSM8655159_P05	colorectal cancer	Visium	stroma_fibroblast	ambiguous_or_low_signal	SPP1	CD44	SPP1	0.0030084688463756053	176	138	2.5
commot_pilot_v1	GSE283052	GSM8655159_P05	colorectal cancer	Visium	ambiguous_or_low_signal	tumor_like	SPP1	CD44	SPP1	0.001432073340514749	138	633	2.5
commot_pilot_v1	GSE283052	GSM8655159_P05	colorectal cancer	Visium	ambiguous_or_low_signal	stroma_fibroblast	SPP1	CD44	SPP1	0.00274007269415547	138	176	2.5
commot_pilot_v1	GSE283052	GSM8655159_P05	colorectal cancer	Visium	ambiguous_or_low_signal	ambiguous_or_low_signal	SPP1	CD44	SPP1	0.0152296654189404	138	138	2.5
commot_pilot_v1	GSE283052	GSM8655159_P05	colorectal cancer	Visium	tumor_like	tumor_like	SPP1	ITGAV	SPP1	0.0028149595653916763	633	633	2.5
commot_pilot_v1	GSE283052	GSM8655159_P05	colorectal cancer	Visium	tumor_like	stroma_fibroblast	SPP1	ITGAV	SPP1	0.0008169788320099534	633	176	2.5
commot_pilot_v1	GSE283052	GSM8655159_P05	colorectal cancer	Visium	tumor_like	ambiguous_or_low_signal	SPP1	ITGAV	SPP1	0.0010653915585677265	633	138	2.5
commot_pilot_v1	GSE283052	GSM8655159_P05	colorectal cancer	Visium	stroma_fibroblast	tumor_like	SPP1	ITGAV	SPP1	0.0004972804847757912	176	633	2.5
commot_pilot_v1	GSE283052	GSM8655159_P05	colorectal cancer	Visium	stroma_fibroblast	stroma_fibroblast	SPP1	ITGAV	SPP1	0.01318477285472478	176	176	2.5
commot_pilot_v1	GSE283052	GSM8655159_P05	colorectal cancer	Visium	stroma_fibroblast	ambiguous_or_low_signal	SPP1	ITGAV	SPP1	0.002332924628879419	176	138	2.5
commot_pilot_v1	GSE283052	GSM8655159_P05	colorectal cancer	Visium	ambiguous_or_low_signal	tumor_like	SPP1	ITGAV	SPP1	0.0009214592995758331	138	633	2.5
commot_pilot_v1	GSE283052	GSM8655159_P05	colorectal cancer	Visium	ambiguous_or_low_signal	stroma_fibroblast	SPP1	ITGAV	SPP1	0.0015814680917833807	138	176	2.5
commot_pilot_v1	GSE283052	GSM8655159_P05	colorectal cancer	Visium	ambiguous_or_low_signal	ambiguous_or_low_signal	SPP1	ITGAV	SPP1	0.01350841143394234	138	138	2.5
commot_pilot_v1	GSE283052	GSM8655159_P05	colorectal cancer	Visium	tumor_like	tumor_like	MIF	CD74	MIF	0.020855582162415707	633	633	2.5
commot_pilot_v1	GSE283052	GSM8655159_P05	colorectal cancer	Visium	tumor_like	stroma_fibroblast	MIF	CD74	MIF	0.018954918668922682	633	176	2.5
commot_pilot_v1	GSE283052	GSM8655159_P05	colorectal cancer	Visium	tumor_like	ambiguous_or_low_signal	MIF	CD74	MIF	0.013838942803211608	633	138	2.5
commot_pilot_v1	GSE283052	GSM8655159_P05	colorectal cancer	Visium	stroma_fibroblast	tumor_like	MIF	CD74	MIF	0.00060490691984754	176	633	2.5
commot_pilot_v1	GSE283052	GSM8655159_P05	colorectal cancer	Visium	stroma_fibroblast	stroma_fibroblast	MIF	CD74	MIF	0.15738548648572634	176	176	2.5
commot_pilot_v1	GSE283052	GSM8655159_P05	colorectal cancer	Visium	stroma_fibroblast	ambiguous_or_low_signal	MIF	CD74	MIF	0.0035438708519473414	176	138	2.5
commot_pilot_v1	GSE283052	GSM8655159_P05	colorectal cancer	Visium	ambiguous_or_low_signal	tumor_like	MIF	CD74	MIF	0.001640483761466417	138	633	2.5
commot_pilot_v1	GSE283052	GSM8655159_P05	colorectal cancer	Visium	ambiguous_or_low_signal	stroma_fibroblast	MIF	CD74	MIF	0.022184337150252358	138	176	2.5
commot_pilot_v1	GSE283052	GSM8655159_P05	colorectal cancer	Visium	ambiguous_or_low_signal	ambiguous_or_low_signal	MIF	CD74	MIF	0.15811335912927682	138	138	2.5
commot_pilot_v1	GSE283052	GSM8655159_P05	colorectal cancer	Visium	tumor_like	tumor_like	DLL4	NOTCH1	NOTCH	0.0013924295388219046	633	633	2.5
commot_pilot_v1	GSE283052	GSM8655159_P05	colorectal cancer	Visium	tumor_like	stroma_fibroblast	DLL4	NOTCH1	NOTCH	2.6666518507793787e-05	633	176	2.5
commot_pilot_v1	GSE283052	GSM8655159_P05	colorectal cancer	Visium	tumor_like	ambiguous_or_low_signal	DLL4	NOTCH1	NOTCH	4.691185866358357e-05	633	138	2.5
commot_pilot_v1	GSE283052	GSM8655159_P05	colorectal cancer	Visium	stroma_fibroblast	tumor_like	DLL4	NOTCH1	NOTCH	5.9408247413410524e-05	176	633	2.5
commot_pilot_v1	GSE283052	GSM8655159_P05	colorectal cancer	Visium	stroma_fibroblast	stroma_fibroblast	DLL4	NOTCH1	NOTCH	0.007157143150911078	176	176	2.5
commot_pilot_v1	GSE283052	GSM8655159_P05	colorectal cancer	Visium	stroma_fibroblast	ambiguous_or_low_signal	DLL4	NOTCH1	NOTCH	0.0001927610231202885	176	138	2.5
commot_pilot_v1	GSE283052	GSM8655159_P05	colorectal cancer	Visium	ambiguous_or_low_signal	tumor_like	DLL4	NOTCH1	NOTCH	0.000107370396277231	138	633	2.5
commot_pilot_v1	GSE283052	GSM8655159_P05	colorectal cancer	Visium	ambiguous_or_low_signal	stroma_fibroblast	DLL4	NOTCH1	NOTCH	0.00011520652166610563	138	176	2.5
commot_pilot_v1	GSE283052	GSM8655159_P05	colorectal cancer	Visium	ambiguous_or_low_signal	ambiguous_or_low_signal	DLL4	NOTCH1	NOTCH	0.007394593068967832	138	138	2.5
commot_pilot_v1	GSE283052	GSM8655159_P05	colorectal cancer	Visium	tumor_like	tumor_like	JAG1	NOTCH2	NOTCH	0.001046498963595894	633	633	2.5
commot_pilot_v1	GSE283052	GSM8655159_P05	colorectal cancer	Visium	tumor_like	stroma_fibroblast	JAG1	NOTCH2	NOTCH	0.00034263610057883	633	176	2.5
commot_pilot_v1	GSE283052	GSM8655159_P05	colorectal cancer	Visium	tumor_like	ambiguous_or_low_signal	JAG1	NOTCH2	NOTCH	0.0002965895209135336	633	138	2.5
commot_pilot_v1	GSE283052	GSM8655159_P05	colorectal cancer	Visium	stroma_fibroblast	tumor_like	JAG1	NOTCH2	NOTCH	0.00038223800234766814	176	633	2.5
commot_pilot_v1	GSE283052	GSM8655159_P05	colorectal cancer	Visium	stroma_fibroblast	stroma_fibroblast	JAG1	NOTCH2	NOTCH	0.006635327308770201	176	176	2.5
commot_pilot_v1	GSE283052	GSM8655159_P05	colorectal cancer	Visium	stroma_fibroblast	ambiguous_or_low_signal	JAG1	NOTCH2	NOTCH	0.0009374937857991573	176	138	2.5
commot_pilot_v1	GSE283052	GSM8655159_P05	colorectal cancer	Visium	ambiguous_or_low_signal	tumor_like	JAG1	NOTCH2	NOTCH	0.0004818735735506702	138	633	2.5
commot_pilot_v1	GSE283052	GSM8655159_P05	colorectal cancer	Visium	ambiguous_or_low_signal	stroma_fibroblast	JAG1	NOTCH2	NOTCH	0.0008744314833116387	138	176	2.5
commot_pilot_v1	GSE283052	GSM8655159_P05	colorectal cancer	Visium	ambiguous_or_low_signal	ambiguous_or_low_signal	JAG1	NOTCH2	NOTCH	0.00553702362581663	138	138	2.5
commot_pilot_v1	GSE283052	GSM8655159_P05	colorectal cancer	Visium	tumor_like	tumor_like	WNT5A	FZD5	WNT	0.00042671322372649616	633	633	2.5
commot_pilot_v1	GSE283052	GSM8655159_P05	colorectal cancer	Visium	tumor_like	stroma_fibroblast	WNT5A	FZD5	WNT	4.603528999453299e-06	633	176	2.5
commot_pilot_v1	GSE283052	GSM8655159_P05	colorectal cancer	Visium	tumor_like	ambiguous_or_low_signal	WNT5A	FZD5	WNT	5.813538677929069e-06	633	138	2.5
commot_pilot_v1	GSE283052	GSM8655159_P05	colorectal cancer	Visium	stroma_fibroblast	tumor_like	WNT5A	FZD5	WNT	0.0007194289745701846	176	633	2.5
commot_pilot_v1	GSE283052	GSM8655159_P05	colorectal cancer	Visium	stroma_fibroblast	stroma_fibroblast	WNT5A	FZD5	WNT	0.00668528464816634	176	176	2.5
commot_pilot_v1	GSE283052	GSM8655159_P05	colorectal cancer	Visium	stroma_fibroblast	ambiguous_or_low_signal	WNT5A	FZD5	WNT	0.0014315788822245813	176	138	2.5
commot_pilot_v1	GSE283052	GSM8655159_P05	colorectal cancer	Visium	ambiguous_or_low_signal	tumor_like	WNT5A	FZD5	WNT	0.00019398540906190987	138	633	2.5
commot_pilot_v1	GSE283052	GSM8655159_P05	colorectal cancer	Visium	ambiguous_or_low_signal	stroma_fibroblast	WNT5A	FZD5	WNT	0.00011461691602698026	138	176	2.5
commot_pilot_v1	GSE283052	GSM8655159_P05	colorectal cancer	Visium	ambiguous_or_low_signal	ambiguous_or_low_signal	WNT5A	FZD5	WNT	0.005580082943333758	138	138	2.5
commot_pilot_v1	GSE283052	GSM8655159_P05	colorectal cancer	Visium	tumor_like	tumor_like	EGF	EGFR	EGF/ERBB	1.222777022067873e-05	633	633	2.5
commot_pilot_v1	GSE283052	GSM8655159_P05	colorectal cancer	Visium	tumor_like	ambiguous_or_low_signal	EGF	EGFR	EGF/ERBB	1.1501130806429489e-06	633	138	2.5
commot_pilot_v1	GSE283052	GSM8655159_P05	colorectal cancer	Visium	stroma_fibroblast	tumor_like	EGF	EGFR	EGF/ERBB	1.2941160613447426e-07	176	633	2.5
commot_pilot_v1	GSE283052	GSM8655159_P05	colorectal cancer	Visium	stroma_fibroblast	stroma_fibroblast	EGF	EGFR	EGF/ERBB	3.173709346525339e-05	176	176	2.5
commot_pilot_v1	GSE283052	GSM8655159_P05	colorectal cancer	Visium	stroma_fibroblast	ambiguous_or_low_signal	EGF	EGFR	EGF/ERBB	1.0271481413203414e-07	176	138	2.5
commot_pilot_v1	GSE283052	GSM8655159_P05	colorectal cancer	Visium	tumor_like	tumor_like	HBEGF	EGFR	EGF/ERBB	0.000717579275504355	633	633	2.5
commot_pilot_v1	GSE283052	GSM8655159_P05	colorectal cancer	Visium	tumor_like	stroma_fibroblast	HBEGF	EGFR	EGF/ERBB	5.829228057018044e-05	633	176	2.5
commot_pilot_v1	GSE283052	GSM8655159_P05	colorectal cancer	Visium	tumor_like	ambiguous_or_low_signal	HBEGF	EGFR	EGF/ERBB	0.00015986437724022445	633	138	2.5
commot_pilot_v1	GSE283052	GSM8655159_P05	colorectal cancer	Visium	stroma_fibroblast	tumor_like	HBEGF	EGFR	EGF/ERBB	0.00020869509265369391	176	633	2.5
commot_pilot_v1	GSE283052	GSM8655159_P05	colorectal cancer	Visium	stroma_fibroblast	stroma_fibroblast	HBEGF	EGFR	EGF/ERBB	0.0017962319972842826	176	176	2.5
commot_pilot_v1	GSE283052	GSM8655159_P05	colorectal cancer	Visium	stroma_fibroblast	ambiguous_or_low_signal	HBEGF	EGFR	EGF/ERBB	0.0003048623735830224	176	138	2.5
commot_pilot_v1	GSE283052	GSM8655159_P05	colorectal cancer	Visium	ambiguous_or_low_signal	tumor_like	HBEGF	EGFR	EGF/ERBB	0.0003130543959284771	138	633	2.5
commot_pilot_v1	GSE283052	GSM8655159_P05	colorectal cancer	Visium	ambiguous_or_low_signal	stroma_fibroblast	HBEGF	EGFR	EGF/ERBB	0.00020653561974958082	138	176	2.5
commot_pilot_v1	GSE283052	GSM8655159_P05	colorectal cancer	Visium	ambiguous_or_low_signal	ambiguous_or_low_signal	HBEGF	EGFR	EGF/ERBB	0.001594053568469916	138	138	2.5
commot_pilot_v1	GSE283052	GSM8655159_P05	colorectal cancer	Visium	tumor_like	tumor_like	COL1A1	ITGA2	ECM-integrin	0.0019522839710243674	633	633	2.5
commot_pilot_v1	GSE283052	GSM8655159_P05	colorectal cancer	Visium	tumor_like	stroma_fibroblast	COL1A1	ITGA2	ECM-integrin	5.192661711181931e-07	633	176	2.5
commot_pilot_v1	GSE283052	GSM8655159_P05	colorectal cancer	Visium	tumor_like	ambiguous_or_low_signal	COL1A1	ITGA2	ECM-integrin	1.249090314848174e-06	633	138	2.5
commot_pilot_v1	GSE283052	GSM8655159_P05	colorectal cancer	Visium	stroma_fibroblast	tumor_like	COL1A1	ITGA2	ECM-integrin	2.6411874319380528e-05	176	633	2.5
commot_pilot_v1	GSE283052	GSM8655159_P05	colorectal cancer	Visium	stroma_fibroblast	stroma_fibroblast	COL1A1	ITGA2	ECM-integrin	0.006710753853594769	176	176	2.5
commot_pilot_v1	GSE283052	GSM8655159_P05	colorectal cancer	Visium	stroma_fibroblast	ambiguous_or_low_signal	COL1A1	ITGA2	ECM-integrin	1.1019703247106698e-05	176	138	2.5
commot_pilot_v1	GSE283052	GSM8655159_P05	colorectal cancer	Visium	ambiguous_or_low_signal	tumor_like	COL1A1	ITGA2	ECM-integrin	2.0592003114271687e-05	138	633	2.5
commot_pilot_v1	GSE283052	GSM8655159_P05	colorectal cancer	Visium	ambiguous_or_low_signal	stroma_fibroblast	COL1A1	ITGA2	ECM-integrin	2.875421008585025e-06	138	176	2.5
commot_pilot_v1	GSE283052	GSM8655159_P05	colorectal cancer	Visium	ambiguous_or_low_signal	ambiguous_or_low_signal	COL1A1	ITGA2	ECM-integrin	0.007489143058820161	138	138	2.5
commot_pilot_v1	GSE283052	GSM8655160_P07	colorectal cancer	Visium	tumor_like	tumor_like	TGFB1	TGFBR1	TGFB	0.0006886122039052357	818	818	2.5
commot_pilot_v1	GSE283052	GSM8655160_P07	colorectal cancer	Visium	tumor_like	stroma_fibroblast	TGFB1	TGFBR1	TGFB	2.1767229482442716e-05	818	742	2.5
commot_pilot_v1	GSE283052	GSM8655160_P07	colorectal cancer	Visium	tumor_like	ambiguous_or_low_signal	TGFB1	TGFBR1	TGFB	8.705197648864712e-05	818	634	2.5
commot_pilot_v1	GSE283052	GSM8655160_P07	colorectal cancer	Visium	stroma_fibroblast	tumor_like	TGFB1	TGFBR1	TGFB	9.713697415357522e-05	742	818	2.5
commot_pilot_v1	GSE283052	GSM8655160_P07	colorectal cancer	Visium	stroma_fibroblast	stroma_fibroblast	TGFB1	TGFBR1	TGFB	0.0013244258397322609	742	742	2.5
commot_pilot_v1	GSE283052	GSM8655160_P07	colorectal cancer	Visium	stroma_fibroblast	ambiguous_or_low_signal	TGFB1	TGFBR1	TGFB	0.00013869645033163857	742	634	2.5
commot_pilot_v1	GSE283052	GSM8655160_P07	colorectal cancer	Visium	ambiguous_or_low_signal	tumor_like	TGFB1	TGFBR1	TGFB	0.00014381481520563897	634	818	2.5
commot_pilot_v1	GSE283052	GSM8655160_P07	colorectal cancer	Visium	ambiguous_or_low_signal	stroma_fibroblast	TGFB1	TGFBR1	TGFB	0.00010302846581607117	634	742	2.5
commot_pilot_v1	GSE283052	GSM8655160_P07	colorectal cancer	Visium	ambiguous_or_low_signal	ambiguous_or_low_signal	TGFB1	TGFBR1	TGFB	0.0009834242323878417	634	634	2.5
commot_pilot_v1	GSE283052	GSM8655160_P07	colorectal cancer	Visium	tumor_like	tumor_like	TGFB1	TGFBR2	TGFB	0.00047564486777246814	818	818	2.5
commot_pilot_v1	GSE283052	GSM8655160_P07	colorectal cancer	Visium	tumor_like	stroma_fibroblast	TGFB1	TGFBR2	TGFB	4.464616549230274e-05	818	742	2.5
commot_pilot_v1	GSE283052	GSM8655160_P07	colorectal cancer	Visium	tumor_like	ambiguous_or_low_signal	TGFB1	TGFBR2	TGFB	7.415847882730748e-05	818	634	2.5
commot_pilot_v1	GSE283052	GSM8655160_P07	colorectal cancer	Visium	stroma_fibroblast	tumor_like	TGFB1	TGFBR2	TGFB	5.506614441130871e-05	742	818	2.5
commot_pilot_v1	GSE283052	GSM8655160_P07	colorectal cancer	Visium	stroma_fibroblast	stroma_fibroblast	TGFB1	TGFBR2	TGFB	0.001089048759810126	742	742	2.5
commot_pilot_v1	GSE283052	GSM8655160_P07	colorectal cancer	Visium	stroma_fibroblast	ambiguous_or_low_signal	TGFB1	TGFBR2	TGFB	9.212253740920306e-05	742	634	2.5
commot_pilot_v1	GSE283052	GSM8655160_P07	colorectal cancer	Visium	ambiguous_or_low_signal	tumor_like	TGFB1	TGFBR2	TGFB	0.00010699255811848473	634	818	2.5
commot_pilot_v1	GSE283052	GSM8655160_P07	colorectal cancer	Visium	ambiguous_or_low_signal	stroma_fibroblast	TGFB1	TGFBR2	TGFB	0.00011729279727432356	634	742	2.5
commot_pilot_v1	GSE283052	GSM8655160_P07	colorectal cancer	Visium	ambiguous_or_low_signal	ambiguous_or_low_signal	TGFB1	TGFBR2	TGFB	0.0005668394059875656	634	634	2.5
commot_pilot_v1	GSE283052	GSM8655160_P07	colorectal cancer	Visium	tumor_like	tumor_like	CXCL12	CXCR4	CXCL chemokine	0.00010186694280082899	818	818	2.5
commot_pilot_v1	GSE283052	GSM8655160_P07	colorectal cancer	Visium	tumor_like	stroma_fibroblast	CXCL12	CXCR4	CXCL chemokine	1.9438999419396696e-07	818	742	2.5
commot_pilot_v1	GSE283052	GSM8655160_P07	colorectal cancer	Visium	tumor_like	ambiguous_or_low_signal	CXCL12	CXCR4	CXCL chemokine	5.245535375236651e-06	818	634	2.5
commot_pilot_v1	GSE283052	GSM8655160_P07	colorectal cancer	Visium	stroma_fibroblast	tumor_like	CXCL12	CXCR4	CXCL chemokine	9.214388154515196e-06	742	818	2.5
commot_pilot_v1	GSE283052	GSM8655160_P07	colorectal cancer	Visium	stroma_fibroblast	stroma_fibroblast	CXCL12	CXCR4	CXCL chemokine	0.0003512292120657625	742	742	2.5
commot_pilot_v1	GSE283052	GSM8655160_P07	colorectal cancer	Visium	stroma_fibroblast	ambiguous_or_low_signal	CXCL12	CXCR4	CXCL chemokine	3.195730025198167e-05	742	634	2.5
commot_pilot_v1	GSE283052	GSM8655160_P07	colorectal cancer	Visium	ambiguous_or_low_signal	tumor_like	CXCL12	CXCR4	CXCL chemokine	9.59720342463165e-06	634	818	2.5
commot_pilot_v1	GSE283052	GSM8655160_P07	colorectal cancer	Visium	ambiguous_or_low_signal	stroma_fibroblast	CXCL12	CXCR4	CXCL chemokine	2.1120899282240228e-05	634	742	2.5
commot_pilot_v1	GSE283052	GSM8655160_P07	colorectal cancer	Visium	ambiguous_or_low_signal	ambiguous_or_low_signal	CXCL12	CXCR4	CXCL chemokine	0.0001619242300116786	634	634	2.5
commot_pilot_v1	GSE283052	GSM8655160_P07	colorectal cancer	Visium	tumor_like	tumor_like	CXCL9	CXCR3	CXCL chemokine	1.1841091212672468e-05	818	818	2.5
commot_pilot_v1	GSE283052	GSM8655160_P07	colorectal cancer	Visium	tumor_like	stroma_fibroblast	CXCL9	CXCR3	CXCL chemokine	8.839395411984718e-07	818	742	2.5
commot_pilot_v1	GSE283052	GSM8655160_P07	colorectal cancer	Visium	tumor_like	ambiguous_or_low_signal	CXCL9	CXCR3	CXCL chemokine	1.9331851014072806e-06	818	634	2.5
commot_pilot_v1	GSE283052	GSM8655160_P07	colorectal cancer	Visium	stroma_fibroblast	tumor_like	CXCL9	CXCR3	CXCL chemokine	7.999263407405032e-09	742	818	2.5
commot_pilot_v1	GSE283052	GSM8655160_P07	colorectal cancer	Visium	stroma_fibroblast	stroma_fibroblast	CXCL9	CXCR3	CXCL chemokine	4.227037669211078e-05	742	742	2.5
commot_pilot_v1	GSE283052	GSM8655160_P07	colorectal cancer	Visium	stroma_fibroblast	ambiguous_or_low_signal	CXCL9	CXCR3	CXCL chemokine	6.553975064220568e-06	742	634	2.5
commot_pilot_v1	GSE283052	GSM8655160_P07	colorectal cancer	Visium	ambiguous_or_low_signal	tumor_like	CXCL9	CXCR3	CXCL chemokine	2.067029845994833e-06	634	818	2.5
commot_pilot_v1	GSE283052	GSM8655160_P07	colorectal cancer	Visium	ambiguous_or_low_signal	stroma_fibroblast	CXCL9	CXCR3	CXCL chemokine	4.657333149211176e-06	634	742	2.5
commot_pilot_v1	GSE283052	GSM8655160_P07	colorectal cancer	Visium	ambiguous_or_low_signal	ambiguous_or_low_signal	CXCL9	CXCR3	CXCL chemokine	1.2225849661848124e-05	634	634	2.5
commot_pilot_v1	GSE283052	GSM8655160_P07	colorectal cancer	Visium	tumor_like	tumor_like	CCL2	CCR2	CCL chemokine	6.934189715508791e-06	818	818	2.5
commot_pilot_v1	GSE283052	GSM8655160_P07	colorectal cancer	Visium	tumor_like	stroma_fibroblast	CCL2	CCR2	CCL chemokine	1.1161363213475497e-08	818	742	2.5
commot_pilot_v1	GSE283052	GSM8655160_P07	colorectal cancer	Visium	tumor_like	ambiguous_or_low_signal	CCL2	CCR2	CCL chemokine	3.6383090110215914e-06	818	634	2.5
commot_pilot_v1	GSE283052	GSM8655160_P07	colorectal cancer	Visium	stroma_fibroblast	tumor_like	CCL2	CCR2	CCL chemokine	4.421464350423034e-07	742	818	2.5
commot_pilot_v1	GSE283052	GSM8655160_P07	colorectal cancer	Visium	stroma_fibroblast	stroma_fibroblast	CCL2	CCR2	CCL chemokine	4.007761000327536e-05	742	742	2.5
commot_pilot_v1	GSE283052	GSM8655160_P07	colorectal cancer	Visium	stroma_fibroblast	ambiguous_or_low_signal	CCL2	CCR2	CCL chemokine	2.520706711713495e-06	742	634	2.5
commot_pilot_v1	GSE283052	GSM8655160_P07	colorectal cancer	Visium	ambiguous_or_low_signal	tumor_like	CCL2	CCR2	CCL chemokine	7.889913479002388e-06	634	818	2.5
commot_pilot_v1	GSE283052	GSM8655160_P07	colorectal cancer	Visium	ambiguous_or_low_signal	stroma_fibroblast	CCL2	CCR2	CCL chemokine	6.223983839793069e-06	634	742	2.5
commot_pilot_v1	GSE283052	GSM8655160_P07	colorectal cancer	Visium	ambiguous_or_low_signal	ambiguous_or_low_signal	CCL2	CCR2	CCL chemokine	1.4746186821936089e-05	634	634	2.5
commot_pilot_v1	GSE283052	GSM8655160_P07	colorectal cancer	Visium	tumor_like	tumor_like	VEGFA	KDR	VEGF	0.0001754940055298165	818	818	2.5
commot_pilot_v1	GSE283052	GSM8655160_P07	colorectal cancer	Visium	tumor_like	stroma_fibroblast	VEGFA	KDR	VEGF	4.403331005956624e-05	818	742	2.5
commot_pilot_v1	GSE283052	GSM8655160_P07	colorectal cancer	Visium	tumor_like	ambiguous_or_low_signal	VEGFA	KDR	VEGF	2.6704135221671917e-05	818	634	2.5
commot_pilot_v1	GSE283052	GSM8655160_P07	colorectal cancer	Visium	stroma_fibroblast	tumor_like	VEGFA	KDR	VEGF	2.6732026767812986e-06	742	818	2.5
commot_pilot_v1	GSE283052	GSM8655160_P07	colorectal cancer	Visium	stroma_fibroblast	stroma_fibroblast	VEGFA	KDR	VEGF	0.00036760956620940144	742	742	2.5
commot_pilot_v1	GSE283052	GSM8655160_P07	colorectal cancer	Visium	stroma_fibroblast	ambiguous_or_low_signal	VEGFA	KDR	VEGF	5.588897357636991e-06	742	634	2.5
commot_pilot_v1	GSE283052	GSM8655160_P07	colorectal cancer	Visium	ambiguous_or_low_signal	tumor_like	VEGFA	KDR	VEGF	1.5329827771009725e-05	634	818	2.5
commot_pilot_v1	GSE283052	GSM8655160_P07	colorectal cancer	Visium	ambiguous_or_low_signal	stroma_fibroblast	VEGFA	KDR	VEGF	4.438750467441094e-05	634	742	2.5
commot_pilot_v1	GSE283052	GSM8655160_P07	colorectal cancer	Visium	ambiguous_or_low_signal	ambiguous_or_low_signal	VEGFA	KDR	VEGF	0.00019534909596637462	634	634	2.5
commot_pilot_v1	GSE283052	GSM8655160_P07	colorectal cancer	Visium	tumor_like	tumor_like	SPP1	CD44	SPP1	0.006054930569105398	818	818	2.5
commot_pilot_v1	GSE283052	GSM8655160_P07	colorectal cancer	Visium	tumor_like	stroma_fibroblast	SPP1	CD44	SPP1	0.0005561107749764157	818	742	2.5
commot_pilot_v1	GSE283052	GSM8655160_P07	colorectal cancer	Visium	tumor_like	ambiguous_or_low_signal	SPP1	CD44	SPP1	0.0011841067136735338	818	634	2.5
commot_pilot_v1	GSE283052	GSM8655160_P07	colorectal cancer	Visium	stroma_fibroblast	tumor_like	SPP1	CD44	SPP1	0.0004951338833075145	742	818	2.5
commot_pilot_v1	GSE283052	GSM8655160_P07	colorectal cancer	Visium	stroma_fibroblast	stroma_fibroblast	SPP1	CD44	SPP1	0.005166117582757062	742	742	2.5
commot_pilot_v1	GSE283052	GSM8655160_P07	colorectal cancer	Visium	stroma_fibroblast	ambiguous_or_low_signal	SPP1	CD44	SPP1	0.0008742739147840565	742	634	2.5
commot_pilot_v1	GSE283052	GSM8655160_P07	colorectal cancer	Visium	ambiguous_or_low_signal	tumor_like	SPP1	CD44	SPP1	0.0012402739237220395	634	818	2.5
commot_pilot_v1	GSE283052	GSM8655160_P07	colorectal cancer	Visium	ambiguous_or_low_signal	stroma_fibroblast	SPP1	CD44	SPP1	0.0009576373618276736	634	742	2.5
commot_pilot_v1	GSE283052	GSM8655160_P07	colorectal cancer	Visium	ambiguous_or_low_signal	ambiguous_or_low_signal	SPP1	CD44	SPP1	0.006812635140280664	634	634	2.5
commot_pilot_v1	GSE283052	GSM8655160_P07	colorectal cancer	Visium	tumor_like	tumor_like	SPP1	ITGAV	SPP1	0.0022813457946876557	818	818	2.5
commot_pilot_v1	GSE283052	GSM8655160_P07	colorectal cancer	Visium	tumor_like	stroma_fibroblast	SPP1	ITGAV	SPP1	0.0002966453891577438	818	742	2.5
commot_pilot_v1	GSE283052	GSM8655160_P07	colorectal cancer	Visium	tumor_like	ambiguous_or_low_signal	SPP1	ITGAV	SPP1	0.00034560905482614675	818	634	2.5
commot_pilot_v1	GSE283052	GSM8655160_P07	colorectal cancer	Visium	stroma_fibroblast	tumor_like	SPP1	ITGAV	SPP1	0.00013948379569279532	742	818	2.5
commot_pilot_v1	GSE283052	GSM8655160_P07	colorectal cancer	Visium	stroma_fibroblast	stroma_fibroblast	SPP1	ITGAV	SPP1	0.004054317737145609	742	742	2.5
commot_pilot_v1	GSE283052	GSM8655160_P07	colorectal cancer	Visium	stroma_fibroblast	ambiguous_or_low_signal	SPP1	ITGAV	SPP1	0.0002449733366990277	742	634	2.5
commot_pilot_v1	GSE283052	GSM8655160_P07	colorectal cancer	Visium	ambiguous_or_low_signal	tumor_like	SPP1	ITGAV	SPP1	0.0002822549901525817	634	818	2.5
commot_pilot_v1	GSE283052	GSM8655160_P07	colorectal cancer	Visium	ambiguous_or_low_signal	stroma_fibroblast	SPP1	ITGAV	SPP1	0.0004668109768537499	634	742	2.5
commot_pilot_v1	GSE283052	GSM8655160_P07	colorectal cancer	Visium	ambiguous_or_low_signal	ambiguous_or_low_signal	SPP1	ITGAV	SPP1	0.0033036820167433615	634	634	2.5
commot_pilot_v1	GSE283052	GSM8655160_P07	colorectal cancer	Visium	tumor_like	tumor_like	MIF	CD74	MIF	0.007392504403553881	818	818	2.5
commot_pilot_v1	GSE283052	GSM8655160_P07	colorectal cancer	Visium	tumor_like	stroma_fibroblast	MIF	CD74	MIF	0.00011691525220901413	818	742	2.5
commot_pilot_v1	GSE283052	GSM8655160_P07	colorectal cancer	Visium	tumor_like	ambiguous_or_low_signal	MIF	CD74	MIF	9.957482381655194e-05	818	634	2.5
commot_pilot_v1	GSE283052	GSM8655160_P07	colorectal cancer	Visium	stroma_fibroblast	tumor_like	MIF	CD74	MIF	4.7463388464085006e-06	742	818	2.5
commot_pilot_v1	GSE283052	GSM8655160_P07	colorectal cancer	Visium	stroma_fibroblast	stroma_fibroblast	MIF	CD74	MIF	0.013868616295073712	742	742	2.5
commot_pilot_v1	GSE283052	GSM8655160_P07	colorectal cancer	Visium	stroma_fibroblast	ambiguous_or_low_signal	MIF	CD74	MIF	4.892123587051155e-05	742	634	2.5
commot_pilot_v1	GSE283052	GSM8655160_P07	colorectal cancer	Visium	ambiguous_or_low_signal	tumor_like	MIF	CD74	MIF	1.85438528910915e-05	634	818	2.5
commot_pilot_v1	GSE283052	GSM8655160_P07	colorectal cancer	Visium	ambiguous_or_low_signal	stroma_fibroblast	MIF	CD74	MIF	0.0002534318323844352	634	742	2.5
commot_pilot_v1	GSE283052	GSM8655160_P07	colorectal cancer	Visium	ambiguous_or_low_signal	ambiguous_or_low_signal	MIF	CD74	MIF	0.010788744729714427	634	634	2.5
commot_pilot_v1	GSE283052	GSM8655160_P07	colorectal cancer	Visium	tumor_like	tumor_like	DLL4	NOTCH1	NOTCH	0.0003762831583953435	818	818	2.5
commot_pilot_v1	GSE283052	GSM8655160_P07	colorectal cancer	Visium	tumor_like	stroma_fibroblast	DLL4	NOTCH1	NOTCH	2.7266516213788267e-05	818	742	2.5
commot_pilot_v1	GSE283052	GSM8655160_P07	colorectal cancer	Visium	tumor_like	ambiguous_or_low_signal	DLL4	NOTCH1	NOTCH	7.263692287101664e-05	818	634	2.5
commot_pilot_v1	GSE283052	GSM8655160_P07	colorectal cancer	Visium	stroma_fibroblast	tumor_like	DLL4	NOTCH1	NOTCH	2.345911878269692e-05	742	818	2.5
commot_pilot_v1	GSE283052	GSM8655160_P07	colorectal cancer	Visium	stroma_fibroblast	stroma_fibroblast	DLL4	NOTCH1	NOTCH	0.0005354544766231384	742	742	2.5
commot_pilot_v1	GSE283052	GSM8655160_P07	colorectal cancer	Visium	stroma_fibroblast	ambiguous_or_low_signal	DLL4	NOTCH1	NOTCH	4.6678643191208874e-05	742	634	2.5
commot_pilot_v1	GSE283052	GSM8655160_P07	colorectal cancer	Visium	ambiguous_or_low_signal	tumor_like	DLL4	NOTCH1	NOTCH	5.967514288610907e-05	634	818	2.5
commot_pilot_v1	GSE283052	GSM8655160_P07	colorectal cancer	Visium	ambiguous_or_low_signal	stroma_fibroblast	DLL4	NOTCH1	NOTCH	7.47731084216443e-05	634	742	2.5
commot_pilot_v1	GSE283052	GSM8655160_P07	colorectal cancer	Visium	ambiguous_or_low_signal	ambiguous_or_low_signal	DLL4	NOTCH1	NOTCH	0.00048233389861607396	634	634	2.5
commot_pilot_v1	GSE283052	GSM8655160_P07	colorectal cancer	Visium	tumor_like	tumor_like	JAG1	NOTCH2	NOTCH	0.0016391825377961012	818	818	2.5
commot_pilot_v1	GSE283052	GSM8655160_P07	colorectal cancer	Visium	tumor_like	stroma_fibroblast	JAG1	NOTCH2	NOTCH	6.829702973931614e-05	818	742	2.5
commot_pilot_v1	GSE283052	GSM8655160_P07	colorectal cancer	Visium	tumor_like	ambiguous_or_low_signal	JAG1	NOTCH2	NOTCH	0.0001202718917670285	818	634	2.5
commot_pilot_v1	GSE283052	GSM8655160_P07	colorectal cancer	Visium	stroma_fibroblast	tumor_like	JAG1	NOTCH2	NOTCH	4.76311272727458e-05	742	818	2.5
commot_pilot_v1	GSE283052	GSM8655160_P07	colorectal cancer	Visium	stroma_fibroblast	stroma_fibroblast	JAG1	NOTCH2	NOTCH	0.001504042169384118	742	742	2.5
commot_pilot_v1	GSE283052	GSM8655160_P07	colorectal cancer	Visium	stroma_fibroblast	ambiguous_or_low_signal	JAG1	NOTCH2	NOTCH	0.00010143273770821399	742	634	2.5
commot_pilot_v1	GSE283052	GSM8655160_P07	colorectal cancer	Visium	ambiguous_or_low_signal	tumor_like	JAG1	NOTCH2	NOTCH	8.344123370605904e-05	634	818	2.5
commot_pilot_v1	GSE283052	GSM8655160_P07	colorectal cancer	Visium	ambiguous_or_low_signal	stroma_fibroblast	JAG1	NOTCH2	NOTCH	0.00013742115557805658	634	742	2.5
commot_pilot_v1	GSE283052	GSM8655160_P07	colorectal cancer	Visium	ambiguous_or_low_signal	ambiguous_or_low_signal	JAG1	NOTCH2	NOTCH	0.0016587343787870818	634	634	2.5
commot_pilot_v1	GSE283052	GSM8655160_P07	colorectal cancer	Visium	tumor_like	tumor_like	WNT5A	FZD5	WNT	0.000627657282154772	818	818	2.5
commot_pilot_v1	GSE283052	GSM8655160_P07	colorectal cancer	Visium	tumor_like	stroma_fibroblast	WNT5A	FZD5	WNT	1.4059094545243801e-05	818	742	2.5
commot_pilot_v1	GSE283052	GSM8655160_P07	colorectal cancer	Visium	tumor_like	ambiguous_or_low_signal	WNT5A	FZD5	WNT	5.971785901325536e-05	818	634	2.5
commot_pilot_v1	GSE283052	GSM8655160_P07	colorectal cancer	Visium	stroma_fibroblast	tumor_like	WNT5A	FZD5	WNT	0.0002946565514103327	742	818	2.5
commot_pilot_v1	GSE283052	GSM8655160_P07	colorectal cancer	Visium	stroma_fibroblast	stroma_fibroblast	WNT5A	FZD5	WNT	0.0006500945811181981	742	742	2.5
commot_pilot_v1	GSE283052	GSM8655160_P07	colorectal cancer	Visium	stroma_fibroblast	ambiguous_or_low_signal	WNT5A	FZD5	WNT	0.00028821842274310313	742	634	2.5
commot_pilot_v1	GSE283052	GSM8655160_P07	colorectal cancer	Visium	ambiguous_or_low_signal	tumor_like	WNT5A	FZD5	WNT	0.00023302830282181947	634	818	2.5
commot_pilot_v1	GSE283052	GSM8655160_P07	colorectal cancer	Visium	ambiguous_or_low_signal	stroma_fibroblast	WNT5A	FZD5	WNT	4.901099498665522e-05	634	742	2.5
commot_pilot_v1	GSE283052	GSM8655160_P07	colorectal cancer	Visium	ambiguous_or_low_signal	ambiguous_or_low_signal	WNT5A	FZD5	WNT	0.0006499735303344433	634	634	2.5
commot_pilot_v1	GSE283052	GSM8655160_P07	colorectal cancer	Visium	tumor_like	tumor_like	EGF	EGFR	EGF/ERBB	3.635860071071795e-06	818	818	2.5
commot_pilot_v1	GSE283052	GSM8655160_P07	colorectal cancer	Visium	tumor_like	ambiguous_or_low_signal	EGF	EGFR	EGF/ERBB	1.0411293706739134e-07	818	634	2.5
commot_pilot_v1	GSE283052	GSM8655160_P07	colorectal cancer	Visium	stroma_fibroblast	tumor_like	EGF	EGFR	EGF/ERBB	9.598700081921045e-07	742	818	2.5
commot_pilot_v1	GSE283052	GSM8655160_P07	colorectal cancer	Visium	stroma_fibroblast	stroma_fibroblast	EGF	EGFR	EGF/ERBB	8.399879495898048e-06	742	742	2.5
commot_pilot_v1	GSE283052	GSM8655160_P07	colorectal cancer	Visium	stroma_fibroblast	ambiguous_or_low_signal	EGF	EGFR	EGF/ERBB	1.685125693104649e-06	742	634	2.5
commot_pilot_v1	GSE283052	GSM8655160_P07	colorectal cancer	Visium	ambiguous_or_low_signal	stroma_fibroblast	EGF	EGFR	EGF/ERBB	6.54541781841767e-07	634	742	2.5
commot_pilot_v1	GSE283052	GSM8655160_P07	colorectal cancer	Visium	ambiguous_or_low_signal	ambiguous_or_low_signal	EGF	EGFR	EGF/ERBB	1.7217935216995197e-06	634	634	2.5
commot_pilot_v1	GSE283052	GSM8655160_P07	colorectal cancer	Visium	tumor_like	tumor_like	HBEGF	EGFR	EGF/ERBB	0.0005225517516452374	818	818	2.5
commot_pilot_v1	GSE283052	GSM8655160_P07	colorectal cancer	Visium	tumor_like	stroma_fibroblast	HBEGF	EGFR	EGF/ERBB	3.224245505538028e-05	818	742	2.5
commot_pilot_v1	GSE283052	GSM8655160_P07	colorectal cancer	Visium	tumor_like	ambiguous_or_low_signal	HBEGF	EGFR	EGF/ERBB	7.527341174424494e-05	818	634	2.5
commot_pilot_v1	GSE283052	GSM8655160_P07	colorectal cancer	Visium	stroma_fibroblast	tumor_like	HBEGF	EGFR	EGF/ERBB	3.2873195626600756e-05	742	818	2.5
commot_pilot_v1	GSE283052	GSM8655160_P07	colorectal cancer	Visium	stroma_fibroblast	stroma_fibroblast	HBEGF	EGFR	EGF/ERBB	0.000279744725237746	742	742	2.5
commot_pilot_v1	GSE283052	GSM8655160_P07	colorectal cancer	Visium	stroma_fibroblast	ambiguous_or_low_signal	HBEGF	EGFR	EGF/ERBB	8.121476750098388e-05	742	634	2.5
commot_pilot_v1	GSE283052	GSM8655160_P07	colorectal cancer	Visium	ambiguous_or_low_signal	tumor_like	HBEGF	EGFR	EGF/ERBB	6.39191442560932e-05	634	818	2.5
commot_pilot_v1	GSE283052	GSM8655160_P07	colorectal cancer	Visium	ambiguous_or_low_signal	stroma_fibroblast	HBEGF	EGFR	EGF/ERBB	4.9081235165998775e-05	634	742	2.5
commot_pilot_v1	GSE283052	GSM8655160_P07	colorectal cancer	Visium	ambiguous_or_low_signal	ambiguous_or_low_signal	HBEGF	EGFR	EGF/ERBB	0.0003354674870218859	634	634	2.5
commot_pilot_v1	GSE283052	GSM8655160_P07	colorectal cancer	Visium	tumor_like	tumor_like	COL1A1	ITGA2	ECM-integrin	0.0019138259352557132	818	818	2.5
commot_pilot_v1	GSE283052	GSM8655160_P07	colorectal cancer	Visium	tumor_like	stroma_fibroblast	COL1A1	ITGA2	ECM-integrin	3.224020295726863e-07	818	742	2.5
commot_pilot_v1	GSE283052	GSM8655160_P07	colorectal cancer	Visium	tumor_like	ambiguous_or_low_signal	COL1A1	ITGA2	ECM-integrin	1.051274124817815e-06	818	634	2.5
commot_pilot_v1	GSE283052	GSM8655160_P07	colorectal cancer	Visium	stroma_fibroblast	tumor_like	COL1A1	ITGA2	ECM-integrin	3.5333917338494253e-06	742	818	2.5
commot_pilot_v1	GSE283052	GSM8655160_P07	colorectal cancer	Visium	stroma_fibroblast	stroma_fibroblast	COL1A1	ITGA2	ECM-integrin	0.0020458003985797646	742	742	2.5
commot_pilot_v1	GSE283052	GSM8655160_P07	colorectal cancer	Visium	stroma_fibroblast	ambiguous_or_low_signal	COL1A1	ITGA2	ECM-integrin	3.594156674819573e-06	742	634	2.5
commot_pilot_v1	GSE283052	GSM8655160_P07	colorectal cancer	Visium	ambiguous_or_low_signal	tumor_like	COL1A1	ITGA2	ECM-integrin	4.374217304548078e-06	634	818	2.5
commot_pilot_v1	GSE283052	GSM8655160_P07	colorectal cancer	Visium	ambiguous_or_low_signal	stroma_fibroblast	COL1A1	ITGA2	ECM-integrin	9.783973531950351e-07	634	742	2.5
commot_pilot_v1	GSE283052	GSM8655160_P07	colorectal cancer	Visium	ambiguous_or_low_signal	ambiguous_or_low_signal	COL1A1	ITGA2	ECM-integrin	0.0018702644187109	634	634	2.5
commot_pilot_v1	GSE283052	GSM8655161_P09	colorectal cancer	Visium	tumor_like	tumor_like	TGFB1	TGFBR1	TGFB	0.00011905205483598131	1546	1546	2.5
commot_pilot_v1	GSE283052	GSM8655161_P09	colorectal cancer	Visium	tumor_like	stroma_fibroblast	TGFB1	TGFBR1	TGFB	1.0072996518187782e-05	1546	340	2.5
commot_pilot_v1	GSE283052	GSM8655161_P09	colorectal cancer	Visium	tumor_like	ambiguous_or_low_signal	TGFB1	TGFBR1	TGFB	1.2047820990398747e-05	1546	417	2.5
commot_pilot_v1	GSE283052	GSM8655161_P09	colorectal cancer	Visium	immune	immune	TGFB1	TGFBR1	TGFB	0.01388888888888895	12	12	2.5
commot_pilot_v1	GSE283052	GSM8655161_P09	colorectal cancer	Visium	stroma_fibroblast	tumor_like	TGFB1	TGFBR1	TGFB	0.00011207346368836948	340	1546	2.5
commot_pilot_v1	GSE283052	GSM8655161_P09	colorectal cancer	Visium	stroma_fibroblast	stroma_fibroblast	TGFB1	TGFBR1	TGFB	0.0016733183693023019	340	340	2.5
commot_pilot_v1	GSE283052	GSM8655161_P09	colorectal cancer	Visium	stroma_fibroblast	ambiguous_or_low_signal	TGFB1	TGFBR1	TGFB	0.00016212090646775023	340	417	2.5
commot_pilot_v1	GSE283052	GSM8655161_P09	colorectal cancer	Visium	ambiguous_or_low_signal	tumor_like	TGFB1	TGFBR1	TGFB	5.605833770610485e-05	417	1546	2.5
commot_pilot_v1	GSE283052	GSM8655161_P09	colorectal cancer	Visium	ambiguous_or_low_signal	stroma_fibroblast	TGFB1	TGFBR1	TGFB	4.856068251865205e-05	417	340	2.5
commot_pilot_v1	GSE283052	GSM8655161_P09	colorectal cancer	Visium	ambiguous_or_low_signal	ambiguous_or_low_signal	TGFB1	TGFBR1	TGFB	0.0004390328029824628	417	417	2.5
commot_pilot_v1	GSE283052	GSM8655161_P09	colorectal cancer	Visium	tumor_like	tumor_like	TGFB1	TGFBR2	TGFB	0.00013871049944372922	1546	1546	2.5
commot_pilot_v1	GSE283052	GSM8655161_P09	colorectal cancer	Visium	tumor_like	stroma_fibroblast	TGFB1	TGFBR2	TGFB	7.351559052368692e-06	1546	340	2.5
commot_pilot_v1	GSE283052	GSM8655161_P09	colorectal cancer	Visium	tumor_like	ambiguous_or_low_signal	TGFB1	TGFBR2	TGFB	1.538366315657393e-05	1546	417	2.5
commot_pilot_v1	GSE283052	GSM8655161_P09	colorectal cancer	Visium	immune	immune	TGFB1	TGFBR2	TGFB	0.0069444444444444545	12	12	2.5
commot_pilot_v1	GSE283052	GSM8655161_P09	colorectal cancer	Visium	immune	ambiguous_or_low_signal	TGFB1	TGFBR2	TGFB	0.0001812942389262664	12	417	2.5
commot_pilot_v1	GSE283052	GSM8655161_P09	colorectal cancer	Visium	stroma_fibroblast	tumor_like	TGFB1	TGFBR2	TGFB	0.00016390085432538455	340	1546	2.5
commot_pilot_v1	GSE283052	GSM8655161_P09	colorectal cancer	Visium	stroma_fibroblast	stroma_fibroblast	TGFB1	TGFBR2	TGFB	0.0021551931073642326	340	340	2.5
commot_pilot_v1	GSE283052	GSM8655161_P09	colorectal cancer	Visium	stroma_fibroblast	ambiguous_or_low_signal	TGFB1	TGFBR2	TGFB	0.0002416784064003499	340	417	2.5
commot_pilot_v1	GSE283052	GSM8655161_P09	colorectal cancer	Visium	ambiguous_or_low_signal	tumor_like	TGFB1	TGFBR2	TGFB	6.2026992088734e-05	417	1546	2.5
commot_pilot_v1	GSE283052	GSM8655161_P09	colorectal cancer	Visium	ambiguous_or_low_signal	stroma_fibroblast	TGFB1	TGFBR2	TGFB	6.062324563816019e-05	417	340	2.5
commot_pilot_v1	GSE283052	GSM8655161_P09	colorectal cancer	Visium	ambiguous_or_low_signal	ambiguous_or_low_signal	TGFB1	TGFBR2	TGFB	0.0006181646576518044	417	417	2.5
commot_pilot_v1	GSE283052	GSM8655161_P09	colorectal cancer	Visium	tumor_like	tumor_like	CXCL12	CXCR4	CXCL chemokine	7.81869138725624e-06	1546	1546	2.5
commot_pilot_v1	GSE283052	GSM8655161_P09	colorectal cancer	Visium	tumor_like	stroma_fibroblast	CXCL12	CXCR4	CXCL chemokine	5.31826700153085e-07	1546	340	2.5
commot_pilot_v1	GSE283052	GSM8655161_P09	colorectal cancer	Visium	tumor_like	ambiguous_or_low_signal	CXCL12	CXCR4	CXCL chemokine	5.09894285475296e-08	1546	417	2.5
commot_pilot_v1	GSE283052	GSM8655161_P09	colorectal cancer	Visium	immune	immune	CXCL12	CXCR4	CXCL chemokine	0.0069444444444444345	12	12	2.5
commot_pilot_v1	GSE283052	GSM8655161_P09	colorectal cancer	Visium	stroma_fibroblast	tumor_like	CXCL12	CXCR4	CXCL chemokine	4.90685927437526e-06	340	1546	2.5
commot_pilot_v1	GSE283052	GSM8655161_P09	colorectal cancer	Visium	stroma_fibroblast	stroma_fibroblast	CXCL12	CXCR4	CXCL chemokine	0.00020221362150373606	340	340	2.5
commot_pilot_v1	GSE283052	GSM8655161_P09	colorectal cancer	Visium	stroma_fibroblast	ambiguous_or_low_signal	CXCL12	CXCR4	CXCL chemokine	7.3696138043837434e-06	340	417	2.5
commot_pilot_v1	GSE283052	GSM8655161_P09	colorectal cancer	Visium	ambiguous_or_low_signal	tumor_like	CXCL12	CXCR4	CXCL chemokine	3.748101914861701e-06	417	1546	2.5
commot_pilot_v1	GSE283052	GSM8655161_P09	colorectal cancer	Visium	ambiguous_or_low_signal	stroma_fibroblast	CXCL12	CXCR4	CXCL chemokine	6.449885450160332e-06	417	340	2.5
commot_pilot_v1	GSE283052	GSM8655161_P09	colorectal cancer	Visium	ambiguous_or_low_signal	ambiguous_or_low_signal	CXCL12	CXCR4	CXCL chemokine	4.9854800488814293e-05	417	417	2.5
commot_pilot_v1	GSE283052	GSM8655161_P09	colorectal cancer	Visium	stroma_fibroblast	ambiguous_or_low_signal	CXCL9	CXCR3	CXCL chemokine	7.053180984624065e-06	340	417	2.5
commot_pilot_v1	GSE283052	GSM8655161_P09	colorectal cancer	Visium	tumor_like	tumor_like	CCL2	CCR2	CCL chemokine	4.183897350588844e-07	1546	1546	2.5
commot_pilot_v1	GSE283052	GSM8655161_P09	colorectal cancer	Visium	stroma_fibroblast	stroma_fibroblast	CCL2	CCR2	CCL chemokine	2.595155709342556e-05	340	340	2.5
commot_pilot_v1	GSE283052	GSM8655161_P09	colorectal cancer	Visium	tumor_like	tumor_like	VEGFA	KDR	VEGF	9.15324451021298e-06	1546	1546	2.5
commot_pilot_v1	GSE283052	GSM8655161_P09	colorectal cancer	Visium	tumor_like	stroma_fibroblast	VEGFA	KDR	VEGF	1.649473982123684e-05	1546	340	2.5
commot_pilot_v1	GSE283052	GSM8655161_P09	colorectal cancer	Visium	tumor_like	ambiguous_or_low_signal	VEGFA	KDR	VEGF	3.058489960772323e-06	1546	417	2.5
commot_pilot_v1	GSE283052	GSM8655161_P09	colorectal cancer	Visium	stroma_fibroblast	tumor_like	VEGFA	KDR	VEGF	6.700670460973069e-07	340	1546	2.5
commot_pilot_v1	GSE283052	GSM8655161_P09	colorectal cancer	Visium	stroma_fibroblast	stroma_fibroblast	VEGFA	KDR	VEGF	0.0002667790124362646	340	340	2.5
commot_pilot_v1	GSE283052	GSM8655161_P09	colorectal cancer	Visium	stroma_fibroblast	ambiguous_or_low_signal	VEGFA	KDR	VEGF	1.520257006213491e-07	340	417	2.5
commot_pilot_v1	GSE283052	GSM8655161_P09	colorectal cancer	Visium	ambiguous_or_low_signal	tumor_like	VEGFA	KDR	VEGF	1.1951160449915552e-06	417	1546	2.5
commot_pilot_v1	GSE283052	GSM8655161_P09	colorectal cancer	Visium	ambiguous_or_low_signal	stroma_fibroblast	VEGFA	KDR	VEGF	2.4615962214226242e-05	417	340	2.5
commot_pilot_v1	GSE283052	GSM8655161_P09	colorectal cancer	Visium	ambiguous_or_low_signal	ambiguous_or_low_signal	VEGFA	KDR	VEGF	5.754643692973847e-05	417	417	2.5
commot_pilot_v1	GSE283052	GSM8655161_P09	colorectal cancer	Visium	tumor_like	tumor_like	SPP1	CD44	SPP1	8.341397848390208e-05	1546	1546	2.5
commot_pilot_v1	GSE283052	GSM8655161_P09	colorectal cancer	Visium	tumor_like	stroma_fibroblast	SPP1	CD44	SPP1	1.2591580154557764e-06	1546	340	2.5
commot_pilot_v1	GSE283052	GSM8655161_P09	colorectal cancer	Visium	tumor_like	ambiguous_or_low_signal	SPP1	CD44	SPP1	4.044274895115888e-06	1546	417	2.5
commot_pilot_v1	GSE283052	GSM8655161_P09	colorectal cancer	Visium	immune	tumor_like	SPP1	CD44	SPP1	4.359029551015391e-05	12	1546	2.5
commot_pilot_v1	GSE283052	GSM8655161_P09	colorectal cancer	Visium	immune	ambiguous_or_low_signal	SPP1	CD44	SPP1	3.823198195356273e-05	12	417	2.5
commot_pilot_v1	GSE283052	GSM8655161_P09	colorectal cancer	Visium	stroma_fibroblast	tumor_like	SPP1	CD44	SPP1	5.680846521579564e-05	340	1546	2.5
commot_pilot_v1	GSE283052	GSM8655161_P09	colorectal cancer	Visium	stroma_fibroblast	stroma_fibroblast	SPP1	CD44	SPP1	0.0015249612784595129	340	340	2.5
commot_pilot_v1	GSE283052	GSM8655161_P09	colorectal cancer	Visium	stroma_fibroblast	ambiguous_or_low_signal	SPP1	CD44	SPP1	0.0002495866878796985	340	417	2.5
commot_pilot_v1	GSE283052	GSM8655161_P09	colorectal cancer	Visium	ambiguous_or_low_signal	tumor_like	SPP1	CD44	SPP1	1.49414477002604e-05	417	1546	2.5
commot_pilot_v1	GSE283052	GSM8655161_P09	colorectal cancer	Visium	ambiguous_or_low_signal	immune	SPP1	CD44	SPP1	0.0003033485785172838	417	12	2.5
commot_pilot_v1	GSE283052	GSM8655161_P09	colorectal cancer	Visium	ambiguous_or_low_signal	stroma_fibroblast	SPP1	CD44	SPP1	2.9193284227257015e-05	417	340	2.5
commot_pilot_v1	GSE283052	GSM8655161_P09	colorectal cancer	Visium	ambiguous_or_low_signal	ambiguous_or_low_signal	SPP1	CD44	SPP1	0.00043175621124770644	417	417	2.5
commot_pilot_v1	GSE283052	GSM8655161_P09	colorectal cancer	Visium	tumor_like	tumor_like	SPP1	ITGAV	SPP1	4.754100070286626e-05	1546	1546	2.5
commot_pilot_v1	GSE283052	GSM8655161_P09	colorectal cancer	Visium	tumor_like	stroma_fibroblast	SPP1	ITGAV	SPP1	1.0186219365274393e-05	1546	340	2.5
commot_pilot_v1	GSE283052	GSM8655161_P09	colorectal cancer	Visium	tumor_like	ambiguous_or_low_signal	SPP1	ITGAV	SPP1	1.3308304420930789e-05	1546	417	2.5
commot_pilot_v1	GSE283052	GSM8655161_P09	colorectal cancer	Visium	stroma_fibroblast	tumor_like	SPP1	ITGAV	SPP1	3.0428919313799155e-05	340	1546	2.5
commot_pilot_v1	GSE283052	GSM8655161_P09	colorectal cancer	Visium	stroma_fibroblast	stroma_fibroblast	SPP1	ITGAV	SPP1	0.0013310420441927078	340	340	2.5
commot_pilot_v1	GSE283052	GSM8655161_P09	colorectal cancer	Visium	stroma_fibroblast	ambiguous_or_low_signal	SPP1	ITGAV	SPP1	0.00012695871208599446	340	417	2.5
commot_pilot_v1	GSE283052	GSM8655161_P09	colorectal cancer	Visium	ambiguous_or_low_signal	tumor_like	SPP1	ITGAV	SPP1	2.6675463329194345e-05	417	1546	2.5
commot_pilot_v1	GSE283052	GSM8655161_P09	colorectal cancer	Visium	ambiguous_or_low_signal	stroma_fibroblast	SPP1	ITGAV	SPP1	6.648688265721759e-05	417	340	2.5
commot_pilot_v1	GSE283052	GSM8655161_P09	colorectal cancer	Visium	ambiguous_or_low_signal	ambiguous_or_low_signal	SPP1	ITGAV	SPP1	0.00020652540526000545	417	417	2.5
commot_pilot_v1	GSE283052	GSM8655161_P09	colorectal cancer	Visium	tumor_like	tumor_like	MIF	CD74	MIF	0.0008749627294521292	1546	1546	2.5
commot_pilot_v1	GSE283052	GSM8655161_P09	colorectal cancer	Visium	tumor_like	immune	MIF	CD74	MIF	0.00024166869280446446	1546	12	2.5
commot_pilot_v1	GSE283052	GSM8655161_P09	colorectal cancer	Visium	tumor_like	stroma_fibroblast	MIF	CD74	MIF	9.682554783239446e-05	1546	340	2.5
commot_pilot_v1	GSE283052	GSM8655161_P09	colorectal cancer	Visium	tumor_like	ambiguous_or_low_signal	MIF	CD74	MIF	5.0098157689196994e-05	1546	417	2.5
commot_pilot_v1	GSE283052	GSM8655161_P09	colorectal cancer	Visium	immune	tumor_like	MIF	CD74	MIF	5.755157301720038e-06	12	1546	2.5
commot_pilot_v1	GSE283052	GSM8655161_P09	colorectal cancer	Visium	immune	immune	MIF	CD74	MIF	0.28979099117089735	12	12	2.5
commot_pilot_v1	GSE283052	GSM8655161_P09	colorectal cancer	Visium	immune	stroma_fibroblast	MIF	CD74	MIF	1.8179506242320362e-05	12	340	2.5
commot_pilot_v1	GSE283052	GSM8655161_P09	colorectal cancer	Visium	immune	ambiguous_or_low_signal	MIF	CD74	MIF	1.1325816564125925e-05	12	417	2.5
commot_pilot_v1	GSE283052	GSM8655161_P09	colorectal cancer	Visium	stroma_fibroblast	tumor_like	MIF	CD74	MIF	9.963773142892951e-06	340	1546	2.5
commot_pilot_v1	GSE283052	GSM8655161_P09	colorectal cancer	Visium	stroma_fibroblast	immune	MIF	CD74	MIF	6.995298244668419e-06	340	12	2.5
commot_pilot_v1	GSE283052	GSM8655161_P09	colorectal cancer	Visium	stroma_fibroblast	stroma_fibroblast	MIF	CD74	MIF	0.016658551447599642	340	340	2.5
commot_pilot_v1	GSE283052	GSM8655161_P09	colorectal cancer	Visium	stroma_fibroblast	ambiguous_or_low_signal	MIF	CD74	MIF	4.7349398304727454e-05	340	417	2.5
commot_pilot_v1	GSE283052	GSM8655161_P09	colorectal cancer	Visium	ambiguous_or_low_signal	tumor_like	MIF	CD74	MIF	1.6067393226311776e-05	417	1546	2.5
commot_pilot_v1	GSE283052	GSM8655161_P09	colorectal cancer	Visium	ambiguous_or_low_signal	immune	MIF	CD74	MIF	0.00020130342972452634	417	12	2.5
commot_pilot_v1	GSE283052	GSM8655161_P09	colorectal cancer	Visium	ambiguous_or_low_signal	stroma_fibroblast	MIF	CD74	MIF	0.00024899068493014357	417	340	2.5
commot_pilot_v1	GSE283052	GSM8655161_P09	colorectal cancer	Visium	ambiguous_or_low_signal	ambiguous_or_low_signal	MIF	CD74	MIF	0.005524895986922492	417	417	2.5
commot_pilot_v1	GSE283052	GSM8655161_P09	colorectal cancer	Visium	tumor_like	tumor_like	DLL4	NOTCH1	NOTCH	9.237483773922553e-05	1546	1546	2.5
commot_pilot_v1	GSE283052	GSM8655161_P09	colorectal cancer	Visium	tumor_like	stroma_fibroblast	DLL4	NOTCH1	NOTCH	4.114757352561531e-06	1546	340	2.5
commot_pilot_v1	GSE283052	GSM8655161_P09	colorectal cancer	Visium	tumor_like	ambiguous_or_low_signal	DLL4	NOTCH1	NOTCH	9.385324959698116e-06	1546	417	2.5
commot_pilot_v1	GSE283052	GSM8655161_P09	colorectal cancer	Visium	stroma_fibroblast	tumor_like	DLL4	NOTCH1	NOTCH	6.833978284304285e-06	340	1546	2.5
commot_pilot_v1	GSE283052	GSM8655161_P09	colorectal cancer	Visium	stroma_fibroblast	stroma_fibroblast	DLL4	NOTCH1	NOTCH	0.0005781715735976587	340	340	2.5
commot_pilot_v1	GSE283052	GSM8655161_P09	colorectal cancer	Visium	stroma_fibroblast	ambiguous_or_low_signal	DLL4	NOTCH1	NOTCH	3.354715865559242e-05	340	417	2.5
commot_pilot_v1	GSE283052	GSM8655161_P09	colorectal cancer	Visium	ambiguous_or_low_signal	tumor_like	DLL4	NOTCH1	NOTCH	6.876768121776733e-06	417	1546	2.5
commot_pilot_v1	GSE283052	GSM8655161_P09	colorectal cancer	Visium	ambiguous_or_low_signal	stroma_fibroblast	DLL4	NOTCH1	NOTCH	2.464816963865713e-05	417	340	2.5
commot_pilot_v1	GSE283052	GSM8655161_P09	colorectal cancer	Visium	ambiguous_or_low_signal	ambiguous_or_low_signal	DLL4	NOTCH1	NOTCH	0.0001488702582429361	417	417	2.5
commot_pilot_v1	GSE283052	GSM8655161_P09	colorectal cancer	Visium	tumor_like	tumor_like	JAG1	NOTCH2	NOTCH	0.0002107221161238869	1546	1546	2.5
commot_pilot_v1	GSE283052	GSM8655161_P09	colorectal cancer	Visium	tumor_like	stroma_fibroblast	JAG1	NOTCH2	NOTCH	4.1721996687103444e-05	1546	340	2.5
commot_pilot_v1	GSE283052	GSM8655161_P09	colorectal cancer	Visium	tumor_like	ambiguous_or_low_signal	JAG1	NOTCH2	NOTCH	3.594666574696455e-05	1546	417	2.5
commot_pilot_v1	GSE283052	GSM8655161_P09	colorectal cancer	Visium	stroma_fibroblast	tumor_like	JAG1	NOTCH2	NOTCH	6.195464620013307e-05	340	1546	2.5
commot_pilot_v1	GSE283052	GSM8655161_P09	colorectal cancer	Visium	stroma_fibroblast	stroma_fibroblast	JAG1	NOTCH2	NOTCH	0.0013332184334096855	340	340	2.5
commot_pilot_v1	GSE283052	GSM8655161_P09	colorectal cancer	Visium	stroma_fibroblast	ambiguous_or_low_signal	JAG1	NOTCH2	NOTCH	0.00013235267517302203	340	417	2.5
commot_pilot_v1	GSE283052	GSM8655161_P09	colorectal cancer	Visium	ambiguous_or_low_signal	tumor_like	JAG1	NOTCH2	NOTCH	4.326963336068056e-05	417	1546	2.5
commot_pilot_v1	GSE283052	GSM8655161_P09	colorectal cancer	Visium	ambiguous_or_low_signal	stroma_fibroblast	JAG1	NOTCH2	NOTCH	0.00012603375305699055	417	340	2.5
commot_pilot_v1	GSE283052	GSM8655161_P09	colorectal cancer	Visium	ambiguous_or_low_signal	ambiguous_or_low_signal	JAG1	NOTCH2	NOTCH	0.0003222212285951797	417	417	2.5
commot_pilot_v1	GSE283052	GSM8655161_P09	colorectal cancer	Visium	tumor_like	tumor_like	WNT5A	FZD5	WNT	9.864944058287655e-05	1546	1546	2.5
commot_pilot_v1	GSE283052	GSM8655161_P09	colorectal cancer	Visium	tumor_like	stroma_fibroblast	WNT5A	FZD5	WNT	4.261929140140763e-06	1546	340	2.5
commot_pilot_v1	GSE283052	GSM8655161_P09	colorectal cancer	Visium	tumor_like	ambiguous_or_low_signal	WNT5A	FZD5	WNT	1.2419112478446734e-05	1546	417	2.5
commot_pilot_v1	GSE283052	GSM8655161_P09	colorectal cancer	Visium	immune	immune	WNT5A	FZD5	WNT	0.006944444444444512	12	12	2.5
commot_pilot_v1	GSE283052	GSM8655161_P09	colorectal cancer	Visium	stroma_fibroblast	tumor_like	WNT5A	FZD5	WNT	8.378145447764378e-05	340	1546	2.5
commot_pilot_v1	GSE283052	GSM8655161_P09	colorectal cancer	Visium	stroma_fibroblast	stroma_fibroblast	WNT5A	FZD5	WNT	0.00031999932546282256	340	340	2.5
commot_pilot_v1	GSE283052	GSM8655161_P09	colorectal cancer	Visium	stroma_fibroblast	ambiguous_or_low_signal	WNT5A	FZD5	WNT	0.00010268762903464456	340	417	2.5
commot_pilot_v1	GSE283052	GSM8655161_P09	colorectal cancer	Visium	ambiguous_or_low_signal	tumor_like	WNT5A	FZD5	WNT	9.437755845462129e-05	417	1546	2.5
commot_pilot_v1	GSE283052	GSM8655161_P09	colorectal cancer	Visium	ambiguous_or_low_signal	stroma_fibroblast	WNT5A	FZD5	WNT	3.73325497288667e-05	417	340	2.5
commot_pilot_v1	GSE283052	GSM8655161_P09	colorectal cancer	Visium	ambiguous_or_low_signal	ambiguous_or_low_signal	WNT5A	FZD5	WNT	0.00016822096497183232	417	417	2.5
commot_pilot_v1	GSE283052	GSM8655161_P09	colorectal cancer	Visium	tumor_like	tumor_like	EGF	EGFR	EGF/ERBB	4.183897350588844e-07	1546	1546	2.5
commot_pilot_v1	GSE283052	GSM8655161_P09	colorectal cancer	Visium	stroma_fibroblast	ambiguous_or_low_signal	EGF	EGFR	EGF/ERBB	7.053181228480519e-06	340	417	2.5
commot_pilot_v1	GSE283052	GSM8655161_P09	colorectal cancer	Visium	tumor_like	tumor_like	HBEGF	EGFR	EGF/ERBB	8.236260381450303e-05	1546	1546	2.5
commot_pilot_v1	GSE283052	GSM8655161_P09	colorectal cancer	Visium	tumor_like	stroma_fibroblast	HBEGF	EGFR	EGF/ERBB	5.351832866195654e-06	1546	340	2.5
commot_pilot_v1	GSE283052	GSM8655161_P09	colorectal cancer	Visium	tumor_like	ambiguous_or_low_signal	HBEGF	EGFR	EGF/ERBB	1.137163671744192e-05	1546	417	2.5
commot_pilot_v1	GSE283052	GSM8655161_P09	colorectal cancer	Visium	stroma_fibroblast	tumor_like	HBEGF	EGFR	EGF/ERBB	1.3783624401115348e-05	340	1546	2.5
commot_pilot_v1	GSE283052	GSM8655161_P09	colorectal cancer	Visium	stroma_fibroblast	stroma_fibroblast	HBEGF	EGFR	EGF/ERBB	0.00011749063626831187	340	340	2.5
commot_pilot_v1	GSE283052	GSM8655161_P09	colorectal cancer	Visium	stroma_fibroblast	ambiguous_or_low_signal	HBEGF	EGFR	EGF/ERBB	1.5323731290722716e-05	340	417	2.5
commot_pilot_v1	GSE283052	GSM8655161_P09	colorectal cancer	Visium	ambiguous_or_low_signal	tumor_like	HBEGF	EGFR	EGF/ERBB	9.85111289825865e-06	417	1546	2.5
commot_pilot_v1	GSE283052	GSM8655161_P09	colorectal cancer	Visium	ambiguous_or_low_signal	stroma_fibroblast	HBEGF	EGFR	EGF/ERBB	2.8709912340274033e-05	417	340	2.5
commot_pilot_v1	GSE283052	GSM8655161_P09	colorectal cancer	Visium	ambiguous_or_low_signal	ambiguous_or_low_signal	HBEGF	EGFR	EGF/ERBB	6.083579186477769e-05	417	417	2.5
commot_pilot_v1	GSE283052	GSM8655161_P09	colorectal cancer	Visium	tumor_like	tumor_like	COL1A1	ITGA2	ECM-integrin	0.0003117558615729285	1546	1546	2.5
commot_pilot_v1	GSE283052	GSM8655161_P09	colorectal cancer	Visium	tumor_like	stroma_fibroblast	COL1A1	ITGA2	ECM-integrin	1.1505264622827602e-06	1546	340	2.5
commot_pilot_v1	GSE283052	GSM8655161_P09	colorectal cancer	Visium	tumor_like	ambiguous_or_low_signal	COL1A1	ITGA2	ECM-integrin	2.018624339008192e-06	1546	417	2.5
commot_pilot_v1	GSE283052	GSM8655161_P09	colorectal cancer	Visium	stroma_fibroblast	tumor_like	COL1A1	ITGA2	ECM-integrin	1.7286744884355816e-05	340	1546	2.5
commot_pilot_v1	GSE283052	GSM8655161_P09	colorectal cancer	Visium	stroma_fibroblast	stroma_fibroblast	COL1A1	ITGA2	ECM-integrin	0.002129613416254144	340	340	2.5
commot_pilot_v1	GSE283052	GSM8655161_P09	colorectal cancer	Visium	stroma_fibroblast	ambiguous_or_low_signal	COL1A1	ITGA2	ECM-integrin	1.0974223181933706e-05	340	417	2.5
commot_pilot_v1	GSE283052	GSM8655161_P09	colorectal cancer	Visium	ambiguous_or_low_signal	tumor_like	COL1A1	ITGA2	ECM-integrin	2.1376000229178086e-05	417	1546	2.5
commot_pilot_v1	GSE283052	GSM8655161_P09	colorectal cancer	Visium	ambiguous_or_low_signal	stroma_fibroblast	COL1A1	ITGA2	ECM-integrin	1.560111688099137e-05	417	340	2.5
commot_pilot_v1	GSE283052	GSM8655161_P09	colorectal cancer	Visium	ambiguous_or_low_signal	ambiguous_or_low_signal	COL1A1	ITGA2	ECM-integrin	0.0006449097059684338	417	417	2.5
commot_pilot_v1	GSE283052	GSM8655162_P10	colorectal cancer	Visium	tumor_like	tumor_like	TGFB1	TGFBR1	TGFB	1.4954043342060656e-05	2353	2353	2.5
commot_pilot_v1	GSE283052	GSM8655162_P10	colorectal cancer	Visium	tumor_like	stroma_fibroblast	TGFB1	TGFBR1	TGFB	4.590844985492835e-06	2353	26	2.5
commot_pilot_v1	GSE283052	GSM8655162_P10	colorectal cancer	Visium	tumor_like	ambiguous_or_low_signal	TGFB1	TGFBR1	TGFB	1.7571400059031477e-05	2353	86	2.5
commot_pilot_v1	GSE283052	GSM8655162_P10	colorectal cancer	Visium	stroma_fibroblast	tumor_like	TGFB1	TGFBR1	TGFB	2.5032870965104505e-05	26	2353	2.5
commot_pilot_v1	GSE283052	GSM8655162_P10	colorectal cancer	Visium	stroma_fibroblast	stroma_fibroblast	TGFB1	TGFBR1	TGFB	0.0040506842720261236	26	26	2.5
commot_pilot_v1	GSE283052	GSM8655162_P10	colorectal cancer	Visium	stroma_fibroblast	ambiguous_or_low_signal	TGFB1	TGFBR1	TGFB	0.00022369931820689405	26	86	2.5
commot_pilot_v1	GSE283052	GSM8655162_P10	colorectal cancer	Visium	ambiguous_or_low_signal	tumor_like	TGFB1	TGFBR1	TGFB	4.013911917569071e-05	86	2353	2.5
commot_pilot_v1	GSE283052	GSM8655162_P10	colorectal cancer	Visium	ambiguous_or_low_signal	stroma_fibroblast	TGFB1	TGFBR1	TGFB	0.000303442355784307	86	26	2.5
commot_pilot_v1	GSE283052	GSM8655162_P10	colorectal cancer	Visium	ambiguous_or_low_signal	ambiguous_or_low_signal	TGFB1	TGFBR1	TGFB	0.0009578764481254158	86	86	2.5
commot_pilot_v1	GSE283052	GSM8655162_P10	colorectal cancer	Visium	tumor_like	tumor_like	TGFB1	TGFBR2	TGFB	2.1785273126535937e-05	2353	2353	2.5
commot_pilot_v1	GSE283052	GSM8655162_P10	colorectal cancer	Visium	tumor_like	stroma_fibroblast	TGFB1	TGFBR2	TGFB	9.539307136582305e-06	2353	26	2.5
commot_pilot_v1	GSE283052	GSM8655162_P10	colorectal cancer	Visium	tumor_like	ambiguous_or_low_signal	TGFB1	TGFBR2	TGFB	1.0251680387710416e-05	2353	86	2.5
commot_pilot_v1	GSE283052	GSM8655162_P10	colorectal cancer	Visium	stroma_fibroblast	tumor_like	TGFB1	TGFBR2	TGFB	5.605199745604526e-08	26	2353	2.5
commot_pilot_v1	GSE283052	GSM8655162_P10	colorectal cancer	Visium	stroma_fibroblast	stroma_fibroblast	TGFB1	TGFBR2	TGFB	0.011372574266704823	26	26	2.5
commot_pilot_v1	GSE283052	GSM8655162_P10	colorectal cancer	Visium	stroma_fibroblast	ambiguous_or_low_signal	TGFB1	TGFBR2	TGFB	0.00028304867379968824	26	86	2.5
commot_pilot_v1	GSE283052	GSM8655162_P10	colorectal cancer	Visium	ambiguous_or_low_signal	tumor_like	TGFB1	TGFBR2	TGFB	3.2840382968871165e-05	86	2353	2.5
commot_pilot_v1	GSE283052	GSM8655162_P10	colorectal cancer	Visium	ambiguous_or_low_signal	stroma_fibroblast	TGFB1	TGFBR2	TGFB	0.00035973797237805546	86	26	2.5
commot_pilot_v1	GSE283052	GSM8655162_P10	colorectal cancer	Visium	ambiguous_or_low_signal	ambiguous_or_low_signal	TGFB1	TGFBR2	TGFB	0.0018475772103173649	86	86	2.5
commot_pilot_v1	GSE283052	GSM8655162_P10	colorectal cancer	Visium	tumor_like	tumor_like	CXCL12	CXCR4	CXCL chemokine	3.3725993405098836e-06	2353	2353	2.5
commot_pilot_v1	GSE283052	GSM8655162_P10	colorectal cancer	Visium	tumor_like	stroma_fibroblast	CXCL12	CXCR4	CXCL chemokine	2.1260606282067427e-05	2353	26	2.5
commot_pilot_v1	GSE283052	GSM8655162_P10	colorectal cancer	Visium	tumor_like	ambiguous_or_low_signal	CXCL12	CXCR4	CXCL chemokine	1.3993970360772298e-07	2353	86	2.5
commot_pilot_v1	GSE283052	GSM8655162_P10	colorectal cancer	Visium	stroma_fibroblast	tumor_like	CXCL12	CXCR4	CXCL chemokine	1.5661260271093914e-05	26	2353	2.5
commot_pilot_v1	GSE283052	GSM8655162_P10	colorectal cancer	Visium	stroma_fibroblast	stroma_fibroblast	CXCL12	CXCR4	CXCL chemokine	0.0028725314473012887	26	26	2.5
commot_pilot_v1	GSE283052	GSM8655162_P10	colorectal cancer	Visium	stroma_fibroblast	ambiguous_or_low_signal	CXCL12	CXCR4	CXCL chemokine	4.4399690737849466e-05	26	86	2.5
commot_pilot_v1	GSE283052	GSM8655162_P10	colorectal cancer	Visium	ambiguous_or_low_signal	tumor_like	CXCL12	CXCR4	CXCL chemokine	1.986254992846886e-05	86	2353	2.5
commot_pilot_v1	GSE283052	GSM8655162_P10	colorectal cancer	Visium	ambiguous_or_low_signal	stroma_fibroblast	CXCL12	CXCR4	CXCL chemokine	0.0005700091590787769	86	26	2.5
commot_pilot_v1	GSE283052	GSM8655162_P10	colorectal cancer	Visium	ambiguous_or_low_signal	ambiguous_or_low_signal	CXCL12	CXCR4	CXCL chemokine	0.00036575404846086584	86	86	2.5
commot_pilot_v1	GSE283052	GSM8655162_P10	colorectal cancer	Visium	tumor_like	tumor_like	CXCL9	CXCR3	CXCL chemokine	6.814652075086669e-10	2353	2353	2.5
commot_pilot_v1	GSE283052	GSM8655162_P10	colorectal cancer	Visium	stroma_fibroblast	tumor_like	CXCL9	CXCR3	CXCL chemokine	1.6222399999964756e-05	26	2353	2.5
commot_pilot_v1	GSE283052	GSM8655162_P10	colorectal cancer	Visium	ambiguous_or_low_signal	tumor_like	CXCL9	CXCR3	CXCL chemokine	1.864520503799876e-08	86	2353	2.5
commot_pilot_v1	GSE283052	GSM8655162_P10	colorectal cancer	Visium	tumor_like	tumor_like	CCL2	CCR2	CCL chemokine	1.806159690886599e-07	2353	2353	2.5
commot_pilot_v1	GSE283052	GSM8655162_P10	colorectal cancer	Visium	tumor_like	stroma_fibroblast	CCL2	CCR2	CCL chemokine	9.62202074275358e-06	2353	26	2.5
commot_pilot_v1	GSE283052	GSM8655162_P10	colorectal cancer	Visium	tumor_like	ambiguous_or_low_signal	CCL2	CCR2	CCL chemokine	2.755389496769114e-09	2353	86	2.5
commot_pilot_v1	GSE283052	GSM8655162_P10	colorectal cancer	Visium	stroma_fibroblast	stroma_fibroblast	CCL2	CCR2	CCL chemokine	0.0011330886908292022	26	26	2.5
commot_pilot_v1	GSE283052	GSM8655162_P10	colorectal cancer	Visium	stroma_fibroblast	ambiguous_or_low_signal	CCL2	CCR2	CCL chemokine	1.6993677776168605e-06	26	86	2.5
commot_pilot_v1	GSE283052	GSM8655162_P10	colorectal cancer	Visium	ambiguous_or_low_signal	tumor_like	CCL2	CCR2	CCL chemokine	4.941736921693254e-06	86	2353	2.5
commot_pilot_v1	GSE283052	GSM8655162_P10	colorectal cancer	Visium	ambiguous_or_low_signal	stroma_fibroblast	CCL2	CCR2	CCL chemokine	0.00028862972271881507	86	26	2.5
commot_pilot_v1	GSE283052	GSM8655162_P10	colorectal cancer	Visium	ambiguous_or_low_signal	ambiguous_or_low_signal	CCL2	CCR2	CCL chemokine	0.00026982729023005157	86	86	2.5
commot_pilot_v1	GSE283052	GSM8655162_P10	colorectal cancer	Visium	tumor_like	tumor_like	VEGFA	KDR	VEGF	7.487740713677316e-06	2353	2353	2.5
commot_pilot_v1	GSE283052	GSM8655162_P10	colorectal cancer	Visium	tumor_like	stroma_fibroblast	VEGFA	KDR	VEGF	9.001194596239254e-06	2353	26	2.5
commot_pilot_v1	GSE283052	GSM8655162_P10	colorectal cancer	Visium	tumor_like	ambiguous_or_low_signal	VEGFA	KDR	VEGF	2.2785836497011103e-05	2353	86	2.5
commot_pilot_v1	GSE283052	GSM8655162_P10	colorectal cancer	Visium	stroma_fibroblast	tumor_like	VEGFA	KDR	VEGF	1.636331687399582e-05	26	2353	2.5
commot_pilot_v1	GSE283052	GSM8655162_P10	colorectal cancer	Visium	stroma_fibroblast	stroma_fibroblast	VEGFA	KDR	VEGF	0.005071645809774136	26	26	2.5
commot_pilot_v1	GSE283052	GSM8655162_P10	colorectal cancer	Visium	stroma_fibroblast	ambiguous_or_low_signal	VEGFA	KDR	VEGF	1.3717688082072729e-06	26	86	2.5
commot_pilot_v1	GSE283052	GSM8655162_P10	colorectal cancer	Visium	ambiguous_or_low_signal	tumor_like	VEGFA	KDR	VEGF	2.6795697490114993e-06	86	2353	2.5
commot_pilot_v1	GSE283052	GSM8655162_P10	colorectal cancer	Visium	ambiguous_or_low_signal	stroma_fibroblast	VEGFA	KDR	VEGF	0.0004565708182397032	86	26	2.5
commot_pilot_v1	GSE283052	GSM8655162_P10	colorectal cancer	Visium	ambiguous_or_low_signal	ambiguous_or_low_signal	VEGFA	KDR	VEGF	0.0003226117391945231	86	86	2.5
commot_pilot_v1	GSE283052	GSM8655162_P10	colorectal cancer	Visium	tumor_like	tumor_like	SPP1	CD44	SPP1	9.138024948623825e-05	2353	2353	2.5
commot_pilot_v1	GSE283052	GSM8655162_P10	colorectal cancer	Visium	tumor_like	stroma_fibroblast	SPP1	CD44	SPP1	1.3045924379360799e-05	2353	26	2.5
commot_pilot_v1	GSE283052	GSM8655162_P10	colorectal cancer	Visium	tumor_like	ambiguous_or_low_signal	SPP1	CD44	SPP1	1.0623922132235962e-05	2353	86	2.5
commot_pilot_v1	GSE283052	GSM8655162_P10	colorectal cancer	Visium	stroma_fibroblast	tumor_like	SPP1	CD44	SPP1	4.844851730967393e-07	26	2353	2.5
commot_pilot_v1	GSE283052	GSM8655162_P10	colorectal cancer	Visium	stroma_fibroblast	stroma_fibroblast	SPP1	CD44	SPP1	0.008890410123958812	26	26	2.5
commot_pilot_v1	GSE283052	GSM8655162_P10	colorectal cancer	Visium	stroma_fibroblast	ambiguous_or_low_signal	SPP1	CD44	SPP1	6.249020985690586e-06	26	86	2.5
commot_pilot_v1	GSE283052	GSM8655162_P10	colorectal cancer	Visium	ambiguous_or_low_signal	tumor_like	SPP1	CD44	SPP1	1.4012369534193371e-05	86	2353	2.5
commot_pilot_v1	GSE283052	GSM8655162_P10	colorectal cancer	Visium	ambiguous_or_low_signal	stroma_fibroblast	SPP1	CD44	SPP1	3.66474461232232e-05	86	26	2.5
commot_pilot_v1	GSE283052	GSM8655162_P10	colorectal cancer	Visium	ambiguous_or_low_signal	ambiguous_or_low_signal	SPP1	CD44	SPP1	0.0023140989149834736	86	86	2.5
commot_pilot_v1	GSE283052	GSM8655162_P10	colorectal cancer	Visium	tumor_like	tumor_like	SPP1	ITGAV	SPP1	4.822575277609348e-05	2353	2353	2.5
commot_pilot_v1	GSE283052	GSM8655162_P10	colorectal cancer	Visium	tumor_like	stroma_fibroblast	SPP1	ITGAV	SPP1	7.405322815087718e-05	2353	26	2.5
commot_pilot_v1	GSE283052	GSM8655162_P10	colorectal cancer	Visium	tumor_like	ambiguous_or_low_signal	SPP1	ITGAV	SPP1	2.0151236700007482e-05	2353	86	2.5
commot_pilot_v1	GSE283052	GSM8655162_P10	colorectal cancer	Visium	stroma_fibroblast	tumor_like	SPP1	ITGAV	SPP1	1.8328785217973723e-05	26	2353	2.5
commot_pilot_v1	GSE283052	GSM8655162_P10	colorectal cancer	Visium	stroma_fibroblast	stroma_fibroblast	SPP1	ITGAV	SPP1	0.004796161035828891	26	26	2.5
commot_pilot_v1	GSE283052	GSM8655162_P10	colorectal cancer	Visium	stroma_fibroblast	ambiguous_or_low_signal	SPP1	ITGAV	SPP1	3.7096077403663366e-05	26	86	2.5
commot_pilot_v1	GSE283052	GSM8655162_P10	colorectal cancer	Visium	ambiguous_or_low_signal	tumor_like	SPP1	ITGAV	SPP1	1.4005057406709793e-05	86	2353	2.5
commot_pilot_v1	GSE283052	GSM8655162_P10	colorectal cancer	Visium	ambiguous_or_low_signal	stroma_fibroblast	SPP1	ITGAV	SPP1	0.00023069406300797848	86	26	2.5
commot_pilot_v1	GSE283052	GSM8655162_P10	colorectal cancer	Visium	ambiguous_or_low_signal	ambiguous_or_low_signal	SPP1	ITGAV	SPP1	0.0014355865778228278	86	86	2.5
commot_pilot_v1	GSE283052	GSM8655162_P10	colorectal cancer	Visium	tumor_like	tumor_like	MIF	CD74	MIF	0.00042869309850371675	2353	2353	2.5
commot_pilot_v1	GSE283052	GSM8655162_P10	colorectal cancer	Visium	tumor_like	stroma_fibroblast	MIF	CD74	MIF	2.5828490871082873e-05	2353	26	2.5
commot_pilot_v1	GSE283052	GSM8655162_P10	colorectal cancer	Visium	tumor_like	ambiguous_or_low_signal	MIF	CD74	MIF	2.8917563016020257e-05	2353	86	2.5
commot_pilot_v1	GSE283052	GSM8655162_P10	colorectal cancer	Visium	stroma_fibroblast	tumor_like	MIF	CD74	MIF	7.5535288197066095e-06	26	2353	2.5
commot_pilot_v1	GSE283052	GSM8655162_P10	colorectal cancer	Visium	stroma_fibroblast	stroma_fibroblast	MIF	CD74	MIF	0.12943462808807563	26	26	2.5
commot_pilot_v1	GSE283052	GSM8655162_P10	colorectal cancer	Visium	stroma_fibroblast	ambiguous_or_low_signal	MIF	CD74	MIF	0.000513087194996336	26	86	2.5
commot_pilot_v1	GSE283052	GSM8655162_P10	colorectal cancer	Visium	ambiguous_or_low_signal	tumor_like	MIF	CD74	MIF	1.4982470672292814e-05	86	2353	2.5
commot_pilot_v1	GSE283052	GSM8655162_P10	colorectal cancer	Visium	ambiguous_or_low_signal	stroma_fibroblast	MIF	CD74	MIF	0.00041236851428887774	86	26	2.5
commot_pilot_v1	GSE283052	GSM8655162_P10	colorectal cancer	Visium	ambiguous_or_low_signal	ambiguous_or_low_signal	MIF	CD74	MIF	0.01919970751963122	86	86	2.5
commot_pilot_v1	GSE283052	GSM8655162_P10	colorectal cancer	Visium	tumor_like	tumor_like	DLL4	NOTCH1	NOTCH	2.8110155076085837e-05	2353	2353	2.5
commot_pilot_v1	GSE283052	GSM8655162_P10	colorectal cancer	Visium	tumor_like	stroma_fibroblast	DLL4	NOTCH1	NOTCH	3.581683157746622e-06	2353	26	2.5
commot_pilot_v1	GSE283052	GSM8655162_P10	colorectal cancer	Visium	tumor_like	ambiguous_or_low_signal	DLL4	NOTCH1	NOTCH	5.66297925321499e-06	2353	86	2.5
commot_pilot_v1	GSE283052	GSM8655162_P10	colorectal cancer	Visium	stroma_fibroblast	tumor_like	DLL4	NOTCH1	NOTCH	3.038845600277888e-05	26	2353	2.5
commot_pilot_v1	GSE283052	GSM8655162_P10	colorectal cancer	Visium	stroma_fibroblast	stroma_fibroblast	DLL4	NOTCH1	NOTCH	0.010131602164099208	26	26	2.5
commot_pilot_v1	GSE283052	GSM8655162_P10	colorectal cancer	Visium	stroma_fibroblast	ambiguous_or_low_signal	DLL4	NOTCH1	NOTCH	0.00013056291425851503	26	86	2.5
commot_pilot_v1	GSE283052	GSM8655162_P10	colorectal cancer	Visium	ambiguous_or_low_signal	tumor_like	DLL4	NOTCH1	NOTCH	5.795903865182182e-06	86	2353	2.5
commot_pilot_v1	GSE283052	GSM8655162_P10	colorectal cancer	Visium	ambiguous_or_low_signal	stroma_fibroblast	DLL4	NOTCH1	NOTCH	1.0943868422913983e-08	86	26	2.5
commot_pilot_v1	GSE283052	GSM8655162_P10	colorectal cancer	Visium	ambiguous_or_low_signal	ambiguous_or_low_signal	DLL4	NOTCH1	NOTCH	0.0010582920929217419	86	86	2.5
commot_pilot_v1	GSE283052	GSM8655162_P10	colorectal cancer	Visium	tumor_like	tumor_like	JAG1	NOTCH2	NOTCH	0.00014652459095992372	2353	2353	2.5
commot_pilot_v1	GSE283052	GSM8655162_P10	colorectal cancer	Visium	tumor_like	stroma_fibroblast	JAG1	NOTCH2	NOTCH	1.9613518787932118e-05	2353	26	2.5
commot_pilot_v1	GSE283052	GSM8655162_P10	colorectal cancer	Visium	tumor_like	ambiguous_or_low_signal	JAG1	NOTCH2	NOTCH	6.428356518239078e-05	2353	86	2.5
commot_pilot_v1	GSE283052	GSM8655162_P10	colorectal cancer	Visium	stroma_fibroblast	tumor_like	JAG1	NOTCH2	NOTCH	6.179968416559577e-05	26	2353	2.5
commot_pilot_v1	GSE283052	GSM8655162_P10	colorectal cancer	Visium	stroma_fibroblast	stroma_fibroblast	JAG1	NOTCH2	NOTCH	0.0048198220939084	26	26	2.5
commot_pilot_v1	GSE283052	GSM8655162_P10	colorectal cancer	Visium	stroma_fibroblast	ambiguous_or_low_signal	JAG1	NOTCH2	NOTCH	0.0002258842726285039	26	86	2.5
commot_pilot_v1	GSE283052	GSM8655162_P10	colorectal cancer	Visium	ambiguous_or_low_signal	tumor_like	JAG1	NOTCH2	NOTCH	7.31764801530704e-05	86	2353	2.5
commot_pilot_v1	GSE283052	GSM8655162_P10	colorectal cancer	Visium	ambiguous_or_low_signal	stroma_fibroblast	JAG1	NOTCH2	NOTCH	0.0009094966964268364	86	26	2.5
commot_pilot_v1	GSE283052	GSM8655162_P10	colorectal cancer	Visium	ambiguous_or_low_signal	ambiguous_or_low_signal	JAG1	NOTCH2	NOTCH	0.0017789187351308238	86	86	2.5
commot_pilot_v1	GSE283052	GSM8655162_P10	colorectal cancer	Visium	tumor_like	tumor_like	WNT5A	FZD5	WNT	3.7815033954063746e-05	2353	2353	2.5
commot_pilot_v1	GSE283052	GSM8655162_P10	colorectal cancer	Visium	tumor_like	stroma_fibroblast	WNT5A	FZD5	WNT	3.634846156447457e-08	2353	26	2.5
commot_pilot_v1	GSE283052	GSM8655162_P10	colorectal cancer	Visium	tumor_like	ambiguous_or_low_signal	WNT5A	FZD5	WNT	2.18510647857119e-06	2353	86	2.5
commot_pilot_v1	GSE283052	GSM8655162_P10	colorectal cancer	Visium	stroma_fibroblast	tumor_like	WNT5A	FZD5	WNT	0.00012027110572312353	26	2353	2.5
commot_pilot_v1	GSE283052	GSM8655162_P10	colorectal cancer	Visium	stroma_fibroblast	stroma_fibroblast	WNT5A	FZD5	WNT	0.0014792899408283993	26	26	2.5
commot_pilot_v1	GSE283052	GSM8655162_P10	colorectal cancer	Visium	stroma_fibroblast	ambiguous_or_low_signal	WNT5A	FZD5	WNT	0.0002949838938412768	26	86	2.5
commot_pilot_v1	GSE283052	GSM8655162_P10	colorectal cancer	Visium	ambiguous_or_low_signal	tumor_like	WNT5A	FZD5	WNT	4.291718481452442e-05	86	2353	2.5
commot_pilot_v1	GSE283052	GSM8655162_P10	colorectal cancer	Visium	ambiguous_or_low_signal	stroma_fibroblast	WNT5A	FZD5	WNT	0.00014907573047107987	86	26	2.5
commot_pilot_v1	GSE283052	GSM8655162_P10	colorectal cancer	Visium	ambiguous_or_low_signal	ambiguous_or_low_signal	WNT5A	FZD5	WNT	0.001643191787596552	86	86	2.5
commot_pilot_v1	GSE283052	GSM8655162_P10	colorectal cancer	Visium	tumor_like	tumor_like	EGF	EGFR	EGF/ERBB	7.22441382277787e-07	2353	2353	2.5
commot_pilot_v1	GSE283052	GSM8655162_P10	colorectal cancer	Visium	tumor_like	tumor_like	HBEGF	EGFR	EGF/ERBB	2.8661939457405287e-05	2353	2353	2.5
commot_pilot_v1	GSE283052	GSM8655162_P10	colorectal cancer	Visium	tumor_like	ambiguous_or_low_signal	HBEGF	EGFR	EGF/ERBB	1.416529449404357e-06	2353	86	2.5
commot_pilot_v1	GSE283052	GSM8655162_P10	colorectal cancer	Visium	stroma_fibroblast	tumor_like	HBEGF	EGFR	EGF/ERBB	1.917976648305902e-05	26	2353	2.5
commot_pilot_v1	GSE283052	GSM8655162_P10	colorectal cancer	Visium	stroma_fibroblast	ambiguous_or_low_signal	HBEGF	EGFR	EGF/ERBB	1.678266643812055e-05	26	86	2.5
commot_pilot_v1	GSE283052	GSM8655162_P10	colorectal cancer	Visium	ambiguous_or_low_signal	tumor_like	HBEGF	EGFR	EGF/ERBB	1.5859566432480996e-05	86	2353	2.5
commot_pilot_v1	GSE283052	GSM8655162_P10	colorectal cancer	Visium	ambiguous_or_low_signal	stroma_fibroblast	HBEGF	EGFR	EGF/ERBB	0.0002716638317579927	86	26	2.5
commot_pilot_v1	GSE283052	GSM8655162_P10	colorectal cancer	Visium	ambiguous_or_low_signal	ambiguous_or_low_signal	HBEGF	EGFR	EGF/ERBB	0.00013494547063043515	86	86	2.5
commot_pilot_v1	GSE283052	GSM8655162_P10	colorectal cancer	Visium	tumor_like	tumor_like	COL1A1	ITGA2	ECM-integrin	0.0002335284040539763	2353	2353	2.5
commot_pilot_v1	GSE283052	GSM8655162_P10	colorectal cancer	Visium	tumor_like	stroma_fibroblast	COL1A1	ITGA2	ECM-integrin	3.878282729117107e-08	2353	26	2.5
commot_pilot_v1	GSE283052	GSM8655162_P10	colorectal cancer	Visium	tumor_like	ambiguous_or_low_signal	COL1A1	ITGA2	ECM-integrin	3.628904244333155e-07	2353	86	2.5
commot_pilot_v1	GSE283052	GSM8655162_P10	colorectal cancer	Visium	stroma_fibroblast	tumor_like	COL1A1	ITGA2	ECM-integrin	5.374011075413863e-05	26	2353	2.5
commot_pilot_v1	GSE283052	GSM8655162_P10	colorectal cancer	Visium	stroma_fibroblast	stroma_fibroblast	COL1A1	ITGA2	ECM-integrin	0.019217422442951895	26	26	2.5
commot_pilot_v1	GSE283052	GSM8655162_P10	colorectal cancer	Visium	stroma_fibroblast	ambiguous_or_low_signal	COL1A1	ITGA2	ECM-integrin	1.0862559980987962e-05	26	86	2.5
commot_pilot_v1	GSE283052	GSM8655162_P10	colorectal cancer	Visium	ambiguous_or_low_signal	tumor_like	COL1A1	ITGA2	ECM-integrin	0.00010761696655309469	86	2353	2.5
commot_pilot_v1	GSE283052	GSM8655162_P10	colorectal cancer	Visium	ambiguous_or_low_signal	stroma_fibroblast	COL1A1	ITGA2	ECM-integrin	2.973959193423349e-06	86	26	2.5
commot_pilot_v1	GSE283052	GSM8655162_P10	colorectal cancer	Visium	ambiguous_or_low_signal	ambiguous_or_low_signal	COL1A1	ITGA2	ECM-integrin	0.004448658401213488	86	86	2.5
commot_pilot_v1	GSE283052	GSM8655163_P11	colorectal cancer	Visium	tumor_like	tumor_like	TGFB1	TGFBR1	TGFB	5.0262329636013094e-05	1747	1747	2.5
commot_pilot_v1	GSE283052	GSM8655163_P11	colorectal cancer	Visium	tumor_like	stroma_fibroblast	TGFB1	TGFBR1	TGFB	1.3227900097205514e-05	1747	382	2.5
commot_pilot_v1	GSE283052	GSM8655163_P11	colorectal cancer	Visium	tumor_like	ambiguous_or_low_signal	TGFB1	TGFBR1	TGFB	1.4183800937682967e-05	1747	532	2.5
commot_pilot_v1	GSE283052	GSM8655163_P11	colorectal cancer	Visium	immune	tumor_like	TGFB1	TGFBR1	TGFB	7.160227439172361e-05	9	1747	2.5
commot_pilot_v1	GSE283052	GSM8655163_P11	colorectal cancer	Visium	immune	immune	TGFB1	TGFBR1	TGFB	0.010339627425689434	9	9	2.5
commot_pilot_v1	GSE283052	GSM8655163_P11	colorectal cancer	Visium	immune	stroma_fibroblast	TGFB1	TGFBR1	TGFB	0.00011389066126424969	9	382	2.5
commot_pilot_v1	GSE283052	GSM8655163_P11	colorectal cancer	Visium	immune	ambiguous_or_low_signal	TGFB1	TGFBR1	TGFB	0.00012426837781209985	9	532	2.5
commot_pilot_v1	GSE283052	GSM8655163_P11	colorectal cancer	Visium	stroma_fibroblast	tumor_like	TGFB1	TGFBR1	TGFB	3.588839232235992e-05	382	1747	2.5
commot_pilot_v1	GSE283052	GSM8655163_P11	colorectal cancer	Visium	stroma_fibroblast	stroma_fibroblast	TGFB1	TGFBR1	TGFB	0.0008983106720378364	382	382	2.5
commot_pilot_v1	GSE283052	GSM8655163_P11	colorectal cancer	Visium	stroma_fibroblast	ambiguous_or_low_signal	TGFB1	TGFBR1	TGFB	0.00011582437521111391	382	532	2.5
commot_pilot_v1	GSE283052	GSM8655163_P11	colorectal cancer	Visium	ambiguous_or_low_signal	tumor_like	TGFB1	TGFBR1	TGFB	4.098058048078567e-05	532	1747	2.5
commot_pilot_v1	GSE283052	GSM8655163_P11	colorectal cancer	Visium	ambiguous_or_low_signal	immune	TGFB1	TGFBR1	TGFB	1.1808966738399219e-05	532	9	2.5
commot_pilot_v1	GSE283052	GSM8655163_P11	colorectal cancer	Visium	ambiguous_or_low_signal	stroma_fibroblast	TGFB1	TGFBR1	TGFB	9.871635510555802e-05	532	382	2.5
commot_pilot_v1	GSE283052	GSM8655163_P11	colorectal cancer	Visium	ambiguous_or_low_signal	ambiguous_or_low_signal	TGFB1	TGFBR1	TGFB	0.0003409086523160662	532	532	2.5
commot_pilot_v1	GSE283052	GSM8655163_P11	colorectal cancer	Visium	tumor_like	tumor_like	TGFB1	TGFBR2	TGFB	9.534086542799143e-05	1747	1747	2.5
commot_pilot_v1	GSE283052	GSM8655163_P11	colorectal cancer	Visium	tumor_like	immune	TGFB1	TGFBR2	TGFB	1.04925189920544e-06	1747	9	2.5
commot_pilot_v1	GSE283052	GSM8655163_P11	colorectal cancer	Visium	tumor_like	stroma_fibroblast	TGFB1	TGFBR2	TGFB	1.2403568426216456e-05	1747	382	2.5
commot_pilot_v1	GSE283052	GSM8655163_P11	colorectal cancer	Visium	tumor_like	ambiguous_or_low_signal	TGFB1	TGFBR2	TGFB	3.388087379678037e-05	1747	532	2.5
commot_pilot_v1	GSE283052	GSM8655163_P11	colorectal cancer	Visium	immune	tumor_like	TGFB1	TGFBR2	TGFB	0.00017426262121713086	9	1747	2.5
commot_pilot_v1	GSE283052	GSM8655163_P11	colorectal cancer	Visium	immune	immune	TGFB1	TGFBR2	TGFB	0.13541799258184684	9	9	2.5
commot_pilot_v1	GSE283052	GSM8655163_P11	colorectal cancer	Visium	immune	stroma_fibroblast	TGFB1	TGFBR2	TGFB	1.559028332161193e-05	9	382	2.5
commot_pilot_v1	GSE283052	GSM8655163_P11	colorectal cancer	Visium	immune	ambiguous_or_low_signal	TGFB1	TGFBR2	TGFB	8.086641501700428e-05	9	532	2.5
commot_pilot_v1	GSE283052	GSM8655163_P11	colorectal cancer	Visium	stroma_fibroblast	tumor_like	TGFB1	TGFBR2	TGFB	9.423047682071716e-05	382	1747	2.5
commot_pilot_v1	GSE283052	GSM8655163_P11	colorectal cancer	Visium	stroma_fibroblast	immune	TGFB1	TGFBR2	TGFB	1.5888802671718555e-05	382	9	2.5
commot_pilot_v1	GSE283052	GSM8655163_P11	colorectal cancer	Visium	stroma_fibroblast	stroma_fibroblast	TGFB1	TGFBR2	TGFB	0.0013456559581072924	382	382	2.5
commot_pilot_v1	GSE283052	GSM8655163_P11	colorectal cancer	Visium	stroma_fibroblast	ambiguous_or_low_signal	TGFB1	TGFBR2	TGFB	0.000202743042600019	382	532	2.5
commot_pilot_v1	GSE283052	GSM8655163_P11	colorectal cancer	Visium	ambiguous_or_low_signal	tumor_like	TGFB1	TGFBR2	TGFB	8.450866845722074e-05	532	1747	2.5
commot_pilot_v1	GSE283052	GSM8655163_P11	colorectal cancer	Visium	ambiguous_or_low_signal	immune	TGFB1	TGFBR2	TGFB	0.0005151950571849682	532	9	2.5
commot_pilot_v1	GSE283052	GSM8655163_P11	colorectal cancer	Visium	ambiguous_or_low_signal	stroma_fibroblast	TGFB1	TGFBR2	TGFB	0.00015275604340502503	532	382	2.5
commot_pilot_v1	GSE283052	GSM8655163_P11	colorectal cancer	Visium	ambiguous_or_low_signal	ambiguous_or_low_signal	TGFB1	TGFBR2	TGFB	0.0005561739263427343	532	532	2.5
commot_pilot_v1	GSE283052	GSM8655163_P11	colorectal cancer	Visium	tumor_like	tumor_like	CXCL12	CXCR4	CXCL chemokine	3.658098644859194e-05	1747	1747	2.5
commot_pilot_v1	GSE283052	GSM8655163_P11	colorectal cancer	Visium	tumor_like	immune	CXCL12	CXCR4	CXCL chemokine	8.415043666553293e-06	1747	9	2.5
commot_pilot_v1	GSE283052	GSM8655163_P11	colorectal cancer	Visium	tumor_like	stroma_fibroblast	CXCL12	CXCR4	CXCL chemokine	1.8190359550030818e-05	1747	382	2.5
commot_pilot_v1	GSE283052	GSM8655163_P11	colorectal cancer	Visium	tumor_like	ambiguous_or_low_signal	CXCL12	CXCR4	CXCL chemokine	2.5800676765480625e-05	1747	532	2.5
commot_pilot_v1	GSE283052	GSM8655163_P11	colorectal cancer	Visium	immune	tumor_like	CXCL12	CXCR4	CXCL chemokine	4.50213057099282e-08	9	1747	2.5
commot_pilot_v1	GSE283052	GSM8655163_P11	colorectal cancer	Visium	immune	immune	CXCL12	CXCR4	CXCL chemokine	0.12299850267179738	9	9	2.5
commot_pilot_v1	GSE283052	GSM8655163_P11	colorectal cancer	Visium	immune	stroma_fibroblast	CXCL12	CXCR4	CXCL chemokine	7.91077522806844e-09	9	382	2.5
commot_pilot_v1	GSE283052	GSM8655163_P11	colorectal cancer	Visium	immune	ambiguous_or_low_signal	CXCL12	CXCR4	CXCL chemokine	7.599460390452569e-06	9	532	2.5
commot_pilot_v1	GSE283052	GSM8655163_P11	colorectal cancer	Visium	stroma_fibroblast	tumor_like	CXCL12	CXCR4	CXCL chemokine	4.212242560131252e-05	382	1747	2.5
commot_pilot_v1	GSE283052	GSM8655163_P11	colorectal cancer	Visium	stroma_fibroblast	immune	CXCL12	CXCR4	CXCL chemokine	1.4640774293461953e-05	382	9	2.5
commot_pilot_v1	GSE283052	GSM8655163_P11	colorectal cancer	Visium	stroma_fibroblast	stroma_fibroblast	CXCL12	CXCR4	CXCL chemokine	0.0009447087689108735	382	382	2.5
commot_pilot_v1	GSE283052	GSM8655163_P11	colorectal cancer	Visium	stroma_fibroblast	ambiguous_or_low_signal	CXCL12	CXCR4	CXCL chemokine	0.00012731739550850616	382	532	2.5
commot_pilot_v1	GSE283052	GSM8655163_P11	colorectal cancer	Visium	ambiguous_or_low_signal	tumor_like	CXCL12	CXCR4	CXCL chemokine	2.1772252987831345e-05	532	1747	2.5
commot_pilot_v1	GSE283052	GSM8655163_P11	colorectal cancer	Visium	ambiguous_or_low_signal	immune	CXCL12	CXCR4	CXCL chemokine	0.00027364516786877047	532	9	2.5
commot_pilot_v1	GSE283052	GSM8655163_P11	colorectal cancer	Visium	ambiguous_or_low_signal	stroma_fibroblast	CXCL12	CXCR4	CXCL chemokine	7.119209196329403e-05	532	382	2.5
commot_pilot_v1	GSE283052	GSM8655163_P11	colorectal cancer	Visium	ambiguous_or_low_signal	ambiguous_or_low_signal	CXCL12	CXCR4	CXCL chemokine	0.00031869953903365916	532	532	2.5
commot_pilot_v1	GSE283052	GSM8655163_P11	colorectal cancer	Visium	tumor_like	tumor_like	CXCL9	CXCR3	CXCL chemokine	1.0815582528931163e-05	1747	1747	2.5
commot_pilot_v1	GSE283052	GSM8655163_P11	colorectal cancer	Visium	tumor_like	immune	CXCL9	CXCR3	CXCL chemokine	5.472929345135914e-10	1747	9	2.5
commot_pilot_v1	GSE283052	GSM8655163_P11	colorectal cancer	Visium	tumor_like	stroma_fibroblast	CXCL9	CXCR3	CXCL chemokine	1.676400522084996e-06	1747	382	2.5
commot_pilot_v1	GSE283052	GSM8655163_P11	colorectal cancer	Visium	tumor_like	ambiguous_or_low_signal	CXCL9	CXCR3	CXCL chemokine	3.1779520235696043e-06	1747	532	2.5
commot_pilot_v1	GSE283052	GSM8655163_P11	colorectal cancer	Visium	immune	immune	CXCL9	CXCR3	CXCL chemokine	0.012338295921359552	9	9	2.5
commot_pilot_v1	GSE283052	GSM8655163_P11	colorectal cancer	Visium	immune	ambiguous_or_low_signal	CXCL9	CXCR3	CXCL chemokine	1.4550463541106075e-06	9	532	2.5
commot_pilot_v1	GSE283052	GSM8655163_P11	colorectal cancer	Visium	stroma_fibroblast	tumor_like	CXCL9	CXCR3	CXCL chemokine	4.081504216219826e-06	382	1747	2.5
commot_pilot_v1	GSE283052	GSM8655163_P11	colorectal cancer	Visium	stroma_fibroblast	immune	CXCL9	CXCR3	CXCL chemokine	0.0002908676932702406	382	9	2.5
commot_pilot_v1	GSE283052	GSM8655163_P11	colorectal cancer	Visium	stroma_fibroblast	stroma_fibroblast	CXCL9	CXCR3	CXCL chemokine	0.0001763953281995377	382	382	2.5
commot_pilot_v1	GSE283052	GSM8655163_P11	colorectal cancer	Visium	stroma_fibroblast	ambiguous_or_low_signal	CXCL9	CXCR3	CXCL chemokine	2.299576232661007e-05	382	532	2.5
commot_pilot_v1	GSE283052	GSM8655163_P11	colorectal cancer	Visium	ambiguous_or_low_signal	tumor_like	CXCL9	CXCR3	CXCL chemokine	7.818921176095923e-06	532	1747	2.5
commot_pilot_v1	GSE283052	GSM8655163_P11	colorectal cancer	Visium	ambiguous_or_low_signal	immune	CXCL9	CXCR3	CXCL chemokine	1.2245109022170312e-07	532	9	2.5
commot_pilot_v1	GSE283052	GSM8655163_P11	colorectal cancer	Visium	ambiguous_or_low_signal	stroma_fibroblast	CXCL9	CXCR3	CXCL chemokine	1.5455534453583918e-05	532	382	2.5
commot_pilot_v1	GSE283052	GSM8655163_P11	colorectal cancer	Visium	ambiguous_or_low_signal	ambiguous_or_low_signal	CXCL9	CXCR3	CXCL chemokine	6.135925261631473e-05	532	532	2.5
commot_pilot_v1	GSE283052	GSM8655163_P11	colorectal cancer	Visium	tumor_like	tumor_like	CCL2	CCR2	CCL chemokine	4.1413556336827875e-06	1747	1747	2.5
commot_pilot_v1	GSE283052	GSM8655163_P11	colorectal cancer	Visium	tumor_like	stroma_fibroblast	CCL2	CCR2	CCL chemokine	4.0640641462418e-06	1747	382	2.5
commot_pilot_v1	GSE283052	GSM8655163_P11	colorectal cancer	Visium	tumor_like	ambiguous_or_low_signal	CCL2	CCR2	CCL chemokine	1.5574935991328009e-06	1747	532	2.5
commot_pilot_v1	GSE283052	GSM8655163_P11	colorectal cancer	Visium	immune	immune	CCL2	CCR2	CCL chemokine	0.00588726756203272	9	9	2.5
commot_pilot_v1	GSE283052	GSM8655163_P11	colorectal cancer	Visium	immune	ambiguous_or_low_signal	CCL2	CCR2	CCL chemokine	0.0002793994279092422	9	532	2.5
commot_pilot_v1	GSE283052	GSM8655163_P11	colorectal cancer	Visium	stroma_fibroblast	tumor_like	CCL2	CCR2	CCL chemokine	4.243752440239228e-06	382	1747	2.5
commot_pilot_v1	GSE283052	GSM8655163_P11	colorectal cancer	Visium	stroma_fibroblast	stroma_fibroblast	CCL2	CCR2	CCL chemokine	0.00015164032813084918	382	382	2.5
commot_pilot_v1	GSE283052	GSM8655163_P11	colorectal cancer	Visium	stroma_fibroblast	ambiguous_or_low_signal	CCL2	CCR2	CCL chemokine	2.9743172108571796e-05	382	532	2.5
commot_pilot_v1	GSE283052	GSM8655163_P11	colorectal cancer	Visium	ambiguous_or_low_signal	tumor_like	CCL2	CCR2	CCL chemokine	5.948392913949194e-06	532	1747	2.5
commot_pilot_v1	GSE283052	GSM8655163_P11	colorectal cancer	Visium	ambiguous_or_low_signal	immune	CCL2	CCR2	CCL chemokine	0.00010925884032484423	532	9	2.5
commot_pilot_v1	GSE283052	GSM8655163_P11	colorectal cancer	Visium	ambiguous_or_low_signal	stroma_fibroblast	CCL2	CCR2	CCL chemokine	1.062801289996733e-05	532	382	2.5
commot_pilot_v1	GSE283052	GSM8655163_P11	colorectal cancer	Visium	ambiguous_or_low_signal	ambiguous_or_low_signal	CCL2	CCR2	CCL chemokine	8.186644365696821e-05	532	532	2.5
commot_pilot_v1	GSE283052	GSM8655163_P11	colorectal cancer	Visium	tumor_like	tumor_like	VEGFA	KDR	VEGF	8.423092187685868e-06	1747	1747	2.5
commot_pilot_v1	GSE283052	GSM8655163_P11	colorectal cancer	Visium	tumor_like	immune	VEGFA	KDR	VEGF	1.19433440165478e-05	1747	9	2.5
commot_pilot_v1	GSE283052	GSM8655163_P11	colorectal cancer	Visium	tumor_like	stroma_fibroblast	VEGFA	KDR	VEGF	9.779676275688469e-06	1747	382	2.5
commot_pilot_v1	GSE283052	GSM8655163_P11	colorectal cancer	Visium	tumor_like	ambiguous_or_low_signal	VEGFA	KDR	VEGF	4.277942769956419e-06	1747	532	2.5
commot_pilot_v1	GSE283052	GSM8655163_P11	colorectal cancer	Visium	immune	immune	VEGFA	KDR	VEGF	0.010027343234911286	9	9	2.5
commot_pilot_v1	GSE283052	GSM8655163_P11	colorectal cancer	Visium	stroma_fibroblast	tumor_like	VEGFA	KDR	VEGF	1.1355503771394679e-06	382	1747	2.5
commot_pilot_v1	GSE283052	GSM8655163_P11	colorectal cancer	Visium	stroma_fibroblast	stroma_fibroblast	VEGFA	KDR	VEGF	0.00016888871388086944	382	382	2.5
commot_pilot_v1	GSE283052	GSM8655163_P11	colorectal cancer	Visium	stroma_fibroblast	ambiguous_or_low_signal	VEGFA	KDR	VEGF	7.698666383945107e-06	382	532	2.5
commot_pilot_v1	GSE283052	GSM8655163_P11	colorectal cancer	Visium	ambiguous_or_low_signal	tumor_like	VEGFA	KDR	VEGF	2.7273744775872954e-06	532	1747	2.5
commot_pilot_v1	GSE283052	GSM8655163_P11	colorectal cancer	Visium	ambiguous_or_low_signal	stroma_fibroblast	VEGFA	KDR	VEGF	2.3759876955292117e-05	532	382	2.5
commot_pilot_v1	GSE283052	GSM8655163_P11	colorectal cancer	Visium	ambiguous_or_low_signal	ambiguous_or_low_signal	VEGFA	KDR	VEGF	5.462260833222848e-05	532	532	2.5
commot_pilot_v1	GSE283052	GSM8655163_P11	colorectal cancer	Visium	tumor_like	tumor_like	SPP1	CD44	SPP1	4.651622117188894e-05	1747	1747	2.5
commot_pilot_v1	GSE283052	GSM8655163_P11	colorectal cancer	Visium	tumor_like	stroma_fibroblast	SPP1	CD44	SPP1	7.156369556084296e-06	1747	382	2.5
commot_pilot_v1	GSE283052	GSM8655163_P11	colorectal cancer	Visium	tumor_like	ambiguous_or_low_signal	SPP1	CD44	SPP1	4.3410231264375525e-06	1747	532	2.5
commot_pilot_v1	GSE283052	GSM8655163_P11	colorectal cancer	Visium	immune	tumor_like	SPP1	CD44	SPP1	4.2875264351100174e-09	9	1747	2.5
commot_pilot_v1	GSE283052	GSM8655163_P11	colorectal cancer	Visium	immune	immune	SPP1	CD44	SPP1	0.010953257119016674	9	9	2.5
commot_pilot_v1	GSE283052	GSM8655163_P11	colorectal cancer	Visium	immune	ambiguous_or_low_signal	SPP1	CD44	SPP1	3.27962297741874e-07	9	532	2.5
commot_pilot_v1	GSE283052	GSM8655163_P11	colorectal cancer	Visium	stroma_fibroblast	tumor_like	SPP1	CD44	SPP1	3.718508624075414e-05	382	1747	2.5
commot_pilot_v1	GSE283052	GSM8655163_P11	colorectal cancer	Visium	stroma_fibroblast	stroma_fibroblast	SPP1	CD44	SPP1	0.0006112261681616537	382	382	2.5
commot_pilot_v1	GSE283052	GSM8655163_P11	colorectal cancer	Visium	stroma_fibroblast	ambiguous_or_low_signal	SPP1	CD44	SPP1	0.00014948949334601356	382	532	2.5
commot_pilot_v1	GSE283052	GSM8655163_P11	colorectal cancer	Visium	ambiguous_or_low_signal	tumor_like	SPP1	CD44	SPP1	4.2922561641736604e-05	532	1747	2.5
commot_pilot_v1	GSE283052	GSM8655163_P11	colorectal cancer	Visium	ambiguous_or_low_signal	immune	SPP1	CD44	SPP1	3.776071933772801e-05	532	9	2.5
commot_pilot_v1	GSE283052	GSM8655163_P11	colorectal cancer	Visium	ambiguous_or_low_signal	stroma_fibroblast	SPP1	CD44	SPP1	3.978864982496172e-05	532	382	2.5
commot_pilot_v1	GSE283052	GSM8655163_P11	colorectal cancer	Visium	ambiguous_or_low_signal	ambiguous_or_low_signal	SPP1	CD44	SPP1	0.00039262671772972936	532	532	2.5
commot_pilot_v1	GSE283052	GSM8655163_P11	colorectal cancer	Visium	tumor_like	tumor_like	SPP1	ITGAV	SPP1	1.9158637822313135e-05	1747	1747	2.5
commot_pilot_v1	GSE283052	GSM8655163_P11	colorectal cancer	Visium	tumor_like	stroma_fibroblast	SPP1	ITGAV	SPP1	1.476582708648646e-05	1747	382	2.5
commot_pilot_v1	GSE283052	GSM8655163_P11	colorectal cancer	Visium	tumor_like	ambiguous_or_low_signal	SPP1	ITGAV	SPP1	1.2850273353043696e-05	1747	532	2.5
commot_pilot_v1	GSE283052	GSM8655163_P11	colorectal cancer	Visium	immune	tumor_like	SPP1	ITGAV	SPP1	2.5948511567436354e-09	9	1747	2.5
commot_pilot_v1	GSE283052	GSM8655163_P11	colorectal cancer	Visium	immune	immune	SPP1	ITGAV	SPP1	0.007520114684557078	9	9	2.5
commot_pilot_v1	GSE283052	GSM8655163_P11	colorectal cancer	Visium	immune	ambiguous_or_low_signal	SPP1	ITGAV	SPP1	4.1319732791495113e-07	9	532	2.5
commot_pilot_v1	GSE283052	GSM8655163_P11	colorectal cancer	Visium	stroma_fibroblast	tumor_like	SPP1	ITGAV	SPP1	2.5209889484812976e-05	382	1747	2.5
commot_pilot_v1	GSE283052	GSM8655163_P11	colorectal cancer	Visium	stroma_fibroblast	stroma_fibroblast	SPP1	ITGAV	SPP1	0.00040135445148310387	382	382	2.5
commot_pilot_v1	GSE283052	GSM8655163_P11	colorectal cancer	Visium	stroma_fibroblast	ambiguous_or_low_signal	SPP1	ITGAV	SPP1	5.948176023042605e-05	382	532	2.5
commot_pilot_v1	GSE283052	GSM8655163_P11	colorectal cancer	Visium	ambiguous_or_low_signal	tumor_like	SPP1	ITGAV	SPP1	2.5778092572593962e-05	532	1747	2.5
commot_pilot_v1	GSE283052	GSM8655163_P11	colorectal cancer	Visium	ambiguous_or_low_signal	immune	SPP1	ITGAV	SPP1	3.906943294038237e-06	532	9	2.5
commot_pilot_v1	GSE283052	GSM8655163_P11	colorectal cancer	Visium	ambiguous_or_low_signal	stroma_fibroblast	SPP1	ITGAV	SPP1	4.520230615490852e-05	532	382	2.5
commot_pilot_v1	GSE283052	GSM8655163_P11	colorectal cancer	Visium	ambiguous_or_low_signal	ambiguous_or_low_signal	SPP1	ITGAV	SPP1	0.00021072325286536518	532	532	2.5
commot_pilot_v1	GSE283052	GSM8655163_P11	colorectal cancer	Visium	tumor_like	tumor_like	MIF	CD74	MIF	0.003435749726250167	1747	1747	2.5
commot_pilot_v1	GSE283052	GSM8655163_P11	colorectal cancer	Visium	tumor_like	immune	MIF	CD74	MIF	5.842394392008106e-05	1747	9	2.5
commot_pilot_v1	GSE283052	GSM8655163_P11	colorectal cancer	Visium	tumor_like	stroma_fibroblast	MIF	CD74	MIF	0.0011509842297687985	1747	382	2.5
commot_pilot_v1	GSE283052	GSM8655163_P11	colorectal cancer	Visium	tumor_like	ambiguous_or_low_signal	MIF	CD74	MIF	0.0010338879982190506	1747	532	2.5
commot_pilot_v1	GSE283052	GSM8655163_P11	colorectal cancer	Visium	immune	tumor_like	MIF	CD74	MIF	3.413812550114818e-07	9	1747	2.5
commot_pilot_v1	GSE283052	GSM8655163_P11	colorectal cancer	Visium	immune	immune	MIF	CD74	MIF	0.518062547270665	9	9	2.5
commot_pilot_v1	GSE283052	GSM8655163_P11	colorectal cancer	Visium	immune	stroma_fibroblast	MIF	CD74	MIF	3.168607619701402e-07	9	382	2.5
commot_pilot_v1	GSE283052	GSM8655163_P11	colorectal cancer	Visium	immune	ambiguous_or_low_signal	MIF	CD74	MIF	6.365239411849445e-06	9	532	2.5
commot_pilot_v1	GSE283052	GSM8655163_P11	colorectal cancer	Visium	stroma_fibroblast	tumor_like	MIF	CD74	MIF	0.00022638265394173427	382	1747	2.5
commot_pilot_v1	GSE283052	GSM8655163_P11	colorectal cancer	Visium	stroma_fibroblast	immune	MIF	CD74	MIF	0.0001375706295504241	382	9	2.5
commot_pilot_v1	GSE283052	GSM8655163_P11	colorectal cancer	Visium	stroma_fibroblast	stroma_fibroblast	MIF	CD74	MIF	0.02032072492183086	382	382	2.5
commot_pilot_v1	GSE283052	GSM8655163_P11	colorectal cancer	Visium	stroma_fibroblast	ambiguous_or_low_signal	MIF	CD74	MIF	0.0011061419169014469	382	532	2.5
commot_pilot_v1	GSE283052	GSM8655163_P11	colorectal cancer	Visium	ambiguous_or_low_signal	tumor_like	MIF	CD74	MIF	0.0002702902313606846	532	1747	2.5
commot_pilot_v1	GSE283052	GSM8655163_P11	colorectal cancer	Visium	ambiguous_or_low_signal	immune	MIF	CD74	MIF	0.00014398858960901147	532	9	2.5
commot_pilot_v1	GSE283052	GSM8655163_P11	colorectal cancer	Visium	ambiguous_or_low_signal	stroma_fibroblast	MIF	CD74	MIF	0.0018555564015974254	532	382	2.5
commot_pilot_v1	GSE283052	GSM8655163_P11	colorectal cancer	Visium	ambiguous_or_low_signal	ambiguous_or_low_signal	MIF	CD74	MIF	0.012180991499018056	532	532	2.5
commot_pilot_v1	GSE283052	GSM8655163_P11	colorectal cancer	Visium	tumor_like	tumor_like	DLL4	NOTCH1	NOTCH	3.402284368682304e-05	1747	1747	2.5
commot_pilot_v1	GSE283052	GSM8655163_P11	colorectal cancer	Visium	tumor_like	immune	DLL4	NOTCH1	NOTCH	1.1137410037137411e-05	1747	9	2.5
commot_pilot_v1	GSE283052	GSM8655163_P11	colorectal cancer	Visium	tumor_like	stroma_fibroblast	DLL4	NOTCH1	NOTCH	6.180596674861407e-06	1747	382	2.5
commot_pilot_v1	GSE283052	GSM8655163_P11	colorectal cancer	Visium	tumor_like	ambiguous_or_low_signal	DLL4	NOTCH1	NOTCH	6.8378993891248726e-06	1747	532	2.5
commot_pilot_v1	GSE283052	GSM8655163_P11	colorectal cancer	Visium	stroma_fibroblast	tumor_like	DLL4	NOTCH1	NOTCH	7.772422341787907e-06	382	1747	2.5
commot_pilot_v1	GSE283052	GSM8655163_P11	colorectal cancer	Visium	stroma_fibroblast	stroma_fibroblast	DLL4	NOTCH1	NOTCH	0.00022398223294814044	382	382	2.5
commot_pilot_v1	GSE283052	GSM8655163_P11	colorectal cancer	Visium	stroma_fibroblast	ambiguous_or_low_signal	DLL4	NOTCH1	NOTCH	4.837645454961661e-05	382	532	2.5
commot_pilot_v1	GSE283052	GSM8655163_P11	colorectal cancer	Visium	ambiguous_or_low_signal	tumor_like	DLL4	NOTCH1	NOTCH	1.4305761014653802e-05	532	1747	2.5
commot_pilot_v1	GSE283052	GSM8655163_P11	colorectal cancer	Visium	ambiguous_or_low_signal	immune	DLL4	NOTCH1	NOTCH	0.00033222171865795525	532	9	2.5
commot_pilot_v1	GSE283052	GSM8655163_P11	colorectal cancer	Visium	ambiguous_or_low_signal	stroma_fibroblast	DLL4	NOTCH1	NOTCH	1.343889415763139e-05	532	382	2.5
commot_pilot_v1	GSE283052	GSM8655163_P11	colorectal cancer	Visium	ambiguous_or_low_signal	ambiguous_or_low_signal	DLL4	NOTCH1	NOTCH	0.00011019147628501867	532	532	2.5
commot_pilot_v1	GSE283052	GSM8655163_P11	colorectal cancer	Visium	tumor_like	tumor_like	JAG1	NOTCH2	NOTCH	8.721478549686252e-05	1747	1747	2.5
commot_pilot_v1	GSE283052	GSM8655163_P11	colorectal cancer	Visium	tumor_like	immune	JAG1	NOTCH2	NOTCH	1.4168091250696795e-05	1747	9	2.5
commot_pilot_v1	GSE283052	GSM8655163_P11	colorectal cancer	Visium	tumor_like	stroma_fibroblast	JAG1	NOTCH2	NOTCH	5.52439158716162e-05	1747	382	2.5
commot_pilot_v1	GSE283052	GSM8655163_P11	colorectal cancer	Visium	tumor_like	ambiguous_or_low_signal	JAG1	NOTCH2	NOTCH	4.7003347333895766e-05	1747	532	2.5
commot_pilot_v1	GSE283052	GSM8655163_P11	colorectal cancer	Visium	immune	tumor_like	JAG1	NOTCH2	NOTCH	5.042833929755845e-05	9	1747	2.5
commot_pilot_v1	GSE283052	GSM8655163_P11	colorectal cancer	Visium	immune	immune	JAG1	NOTCH2	NOTCH	0.007960217863517114	9	9	2.5
commot_pilot_v1	GSE283052	GSM8655163_P11	colorectal cancer	Visium	immune	stroma_fibroblast	JAG1	NOTCH2	NOTCH	7.072957196538328e-08	9	382	2.5
commot_pilot_v1	GSE283052	GSM8655163_P11	colorectal cancer	Visium	immune	ambiguous_or_low_signal	JAG1	NOTCH2	NOTCH	0.00011739649248353945	9	532	2.5
commot_pilot_v1	GSE283052	GSM8655163_P11	colorectal cancer	Visium	stroma_fibroblast	tumor_like	JAG1	NOTCH2	NOTCH	3.548793932585047e-05	382	1747	2.5
commot_pilot_v1	GSE283052	GSM8655163_P11	colorectal cancer	Visium	stroma_fibroblast	immune	JAG1	NOTCH2	NOTCH	2.0597706790264102e-05	382	9	2.5
commot_pilot_v1	GSE283052	GSM8655163_P11	colorectal cancer	Visium	stroma_fibroblast	stroma_fibroblast	JAG1	NOTCH2	NOTCH	0.0006615077219937151	382	382	2.5
commot_pilot_v1	GSE283052	GSM8655163_P11	colorectal cancer	Visium	stroma_fibroblast	ambiguous_or_low_signal	JAG1	NOTCH2	NOTCH	0.0001566507051070861	382	532	2.5
commot_pilot_v1	GSE283052	GSM8655163_P11	colorectal cancer	Visium	ambiguous_or_low_signal	tumor_like	JAG1	NOTCH2	NOTCH	3.633305582664372e-05	532	1747	2.5
commot_pilot_v1	GSE283052	GSM8655163_P11	colorectal cancer	Visium	ambiguous_or_low_signal	immune	JAG1	NOTCH2	NOTCH	0.00015621509012994707	532	9	2.5
commot_pilot_v1	GSE283052	GSM8655163_P11	colorectal cancer	Visium	ambiguous_or_low_signal	stroma_fibroblast	JAG1	NOTCH2	NOTCH	0.00012674703670410015	532	382	2.5
commot_pilot_v1	GSE283052	GSM8655163_P11	colorectal cancer	Visium	ambiguous_or_low_signal	ambiguous_or_low_signal	JAG1	NOTCH2	NOTCH	0.0002962748599803209	532	532	2.5
commot_pilot_v1	GSE283052	GSM8655163_P11	colorectal cancer	Visium	tumor_like	tumor_like	WNT5A	FZD5	WNT	4.160085526689692e-05	1747	1747	2.5
commot_pilot_v1	GSE283052	GSM8655163_P11	colorectal cancer	Visium	tumor_like	stroma_fibroblast	WNT5A	FZD5	WNT	9.336515563991176e-06	1747	382	2.5
commot_pilot_v1	GSE283052	GSM8655163_P11	colorectal cancer	Visium	tumor_like	ambiguous_or_low_signal	WNT5A	FZD5	WNT	1.445632109597633e-05	1747	532	2.5
commot_pilot_v1	GSE283052	GSM8655163_P11	colorectal cancer	Visium	immune	tumor_like	WNT5A	FZD5	WNT	6.360109393881575e-05	9	1747	2.5
commot_pilot_v1	GSE283052	GSM8655163_P11	colorectal cancer	Visium	stroma_fibroblast	tumor_like	WNT5A	FZD5	WNT	4.5417553101738444e-05	382	1747	2.5
commot_pilot_v1	GSE283052	GSM8655163_P11	colorectal cancer	Visium	stroma_fibroblast	stroma_fibroblast	WNT5A	FZD5	WNT	0.00026130248926457806	382	382	2.5
commot_pilot_v1	GSE283052	GSM8655163_P11	colorectal cancer	Visium	stroma_fibroblast	ambiguous_or_low_signal	WNT5A	FZD5	WNT	0.0001108619877709614	382	532	2.5
commot_pilot_v1	GSE283052	GSM8655163_P11	colorectal cancer	Visium	ambiguous_or_low_signal	tumor_like	WNT5A	FZD5	WNT	5.1187262234291264e-05	532	1747	2.5
commot_pilot_v1	GSE283052	GSM8655163_P11	colorectal cancer	Visium	ambiguous_or_low_signal	stroma_fibroblast	WNT5A	FZD5	WNT	2.229795422479802e-05	532	382	2.5
commot_pilot_v1	GSE283052	GSM8655163_P11	colorectal cancer	Visium	ambiguous_or_low_signal	ambiguous_or_low_signal	WNT5A	FZD5	WNT	0.00016710340760861707	532	532	2.5
commot_pilot_v1	GSE283052	GSM8655163_P11	colorectal cancer	Visium	tumor_like	tumor_like	EGF	EGFR	EGF/ERBB	8.461921524603229e-06	1747	1747	2.5
commot_pilot_v1	GSE283052	GSM8655163_P11	colorectal cancer	Visium	tumor_like	stroma_fibroblast	EGF	EGFR	EGF/ERBB	7.513781170539364e-07	1747	382	2.5
commot_pilot_v1	GSE283052	GSM8655163_P11	colorectal cancer	Visium	tumor_like	ambiguous_or_low_signal	EGF	EGFR	EGF/ERBB	3.5782903531486193e-06	1747	532	2.5
commot_pilot_v1	GSE283052	GSM8655163_P11	colorectal cancer	Visium	stroma_fibroblast	tumor_like	EGF	EGFR	EGF/ERBB	7.966405693965971e-07	382	1747	2.5
commot_pilot_v1	GSE283052	GSM8655163_P11	colorectal cancer	Visium	stroma_fibroblast	stroma_fibroblast	EGF	EGFR	EGF/ERBB	8.252239317587902e-06	382	382	2.5
commot_pilot_v1	GSE283052	GSM8655163_P11	colorectal cancer	Visium	stroma_fibroblast	ambiguous_or_low_signal	EGF	EGFR	EGF/ERBB	1.1468578510731407e-06	382	532	2.5
commot_pilot_v1	GSE283052	GSM8655163_P11	colorectal cancer	Visium	ambiguous_or_low_signal	tumor_like	EGF	EGFR	EGF/ERBB	1.345755765263381e-06	532	1747	2.5
commot_pilot_v1	GSE283052	GSM8655163_P11	colorectal cancer	Visium	ambiguous_or_low_signal	stroma_fibroblast	EGF	EGFR	EGF/ERBB	3.14133803019461e-06	532	382	2.5
commot_pilot_v1	GSE283052	GSM8655163_P11	colorectal cancer	Visium	tumor_like	tumor_like	HBEGF	EGFR	EGF/ERBB	0.00013573035041329487	1747	1747	2.5
commot_pilot_v1	GSE283052	GSM8655163_P11	colorectal cancer	Visium	tumor_like	immune	HBEGF	EGFR	EGF/ERBB	3.196911069841244e-05	1747	9	2.5
commot_pilot_v1	GSE283052	GSM8655163_P11	colorectal cancer	Visium	tumor_like	stroma_fibroblast	HBEGF	EGFR	EGF/ERBB	2.161466692985464e-05	1747	382	2.5
commot_pilot_v1	GSE283052	GSM8655163_P11	colorectal cancer	Visium	tumor_like	ambiguous_or_low_signal	HBEGF	EGFR	EGF/ERBB	4.464545323589361e-05	1747	532	2.5
commot_pilot_v1	GSE283052	GSM8655163_P11	colorectal cancer	Visium	immune	tumor_like	HBEGF	EGFR	EGF/ERBB	5.570573544801955e-07	9	1747	2.5
commot_pilot_v1	GSE283052	GSM8655163_P11	colorectal cancer	Visium	immune	immune	HBEGF	EGFR	EGF/ERBB	0.006140119413442737	9	9	2.5
commot_pilot_v1	GSE283052	GSM8655163_P11	colorectal cancer	Visium	stroma_fibroblast	tumor_like	HBEGF	EGFR	EGF/ERBB	2.3717080274152e-05	382	1747	2.5
commot_pilot_v1	GSE283052	GSM8655163_P11	colorectal cancer	Visium	stroma_fibroblast	immune	HBEGF	EGFR	EGF/ERBB	2.5040121842046693e-05	382	9	2.5
commot_pilot_v1	GSE283052	GSM8655163_P11	colorectal cancer	Visium	stroma_fibroblast	stroma_fibroblast	HBEGF	EGFR	EGF/ERBB	0.00017679250152312457	382	382	2.5
commot_pilot_v1	GSE283052	GSM8655163_P11	colorectal cancer	Visium	stroma_fibroblast	ambiguous_or_low_signal	HBEGF	EGFR	EGF/ERBB	9.686010395756051e-05	382	532	2.5
commot_pilot_v1	GSE283052	GSM8655163_P11	colorectal cancer	Visium	ambiguous_or_low_signal	tumor_like	HBEGF	EGFR	EGF/ERBB	2.401122075524661e-05	532	1747	2.5
commot_pilot_v1	GSE283052	GSM8655163_P11	colorectal cancer	Visium	ambiguous_or_low_signal	stroma_fibroblast	HBEGF	EGFR	EGF/ERBB	7.42593138145708e-05	532	382	2.5
commot_pilot_v1	GSE283052	GSM8655163_P11	colorectal cancer	Visium	ambiguous_or_low_signal	ambiguous_or_low_signal	HBEGF	EGFR	EGF/ERBB	0.00019435779898405089	532	532	2.5
commot_pilot_v1	GSE283052	GSM8655163_P11	colorectal cancer	Visium	tumor_like	tumor_like	COL1A1	ITGA2	ECM-integrin	0.00023233958860020037	1747	1747	2.5
commot_pilot_v1	GSE283052	GSM8655163_P11	colorectal cancer	Visium	tumor_like	stroma_fibroblast	COL1A1	ITGA2	ECM-integrin	7.22337749591829e-08	1747	382	2.5
commot_pilot_v1	GSE283052	GSM8655163_P11	colorectal cancer	Visium	tumor_like	ambiguous_or_low_signal	COL1A1	ITGA2	ECM-integrin	3.2138503272187414e-06	1747	532	2.5
commot_pilot_v1	GSE283052	GSM8655163_P11	colorectal cancer	Visium	immune	tumor_like	COL1A1	ITGA2	ECM-integrin	1.7843806242776997e-05	9	1747	2.5
commot_pilot_v1	GSE283052	GSM8655163_P11	colorectal cancer	Visium	immune	stroma_fibroblast	COL1A1	ITGA2	ECM-integrin	1.1966998903472192e-08	9	382	2.5
commot_pilot_v1	GSE283052	GSM8655163_P11	colorectal cancer	Visium	immune	ambiguous_or_low_signal	COL1A1	ITGA2	ECM-integrin	3.2131883092633277e-07	9	532	2.5
commot_pilot_v1	GSE283052	GSM8655163_P11	colorectal cancer	Visium	stroma_fibroblast	tumor_like	COL1A1	ITGA2	ECM-integrin	2.4942636061381495e-05	382	1747	2.5
commot_pilot_v1	GSE283052	GSM8655163_P11	colorectal cancer	Visium	stroma_fibroblast	stroma_fibroblast	COL1A1	ITGA2	ECM-integrin	0.0008895130311124414	382	382	2.5
commot_pilot_v1	GSE283052	GSM8655163_P11	colorectal cancer	Visium	stroma_fibroblast	ambiguous_or_low_signal	COL1A1	ITGA2	ECM-integrin	2.2827172195334248e-05	382	532	2.5
commot_pilot_v1	GSE283052	GSM8655163_P11	colorectal cancer	Visium	ambiguous_or_low_signal	tumor_like	COL1A1	ITGA2	ECM-integrin	3.332389195206682e-05	532	1747	2.5
commot_pilot_v1	GSE283052	GSM8655163_P11	colorectal cancer	Visium	ambiguous_or_low_signal	stroma_fibroblast	COL1A1	ITGA2	ECM-integrin	7.403348361989277e-07	532	382	2.5
commot_pilot_v1	GSE283052	GSM8655163_P11	colorectal cancer	Visium	ambiguous_or_low_signal	ambiguous_or_low_signal	COL1A1	ITGA2	ECM-integrin	0.0007185696864354062	532	532	2.5
commot_pilot_v1	GSE283052	GSM8655164_P13	colorectal cancer	Visium	tumor_like	tumor_like	TGFB1	TGFBR1	TGFB	0.0003694318078203006	736	736	2.5
commot_pilot_v1	GSE283052	GSM8655164_P13	colorectal cancer	Visium	tumor_like	stroma_fibroblast	TGFB1	TGFBR1	TGFB	2.3846084837504648e-05	736	673	2.5
commot_pilot_v1	GSE283052	GSM8655164_P13	colorectal cancer	Visium	tumor_like	ambiguous_or_low_signal	TGFB1	TGFBR1	TGFB	9.496694691532657e-05	736	378	2.5
commot_pilot_v1	GSE283052	GSM8655164_P13	colorectal cancer	Visium	immune	tumor_like	TGFB1	TGFBR1	TGFB	3.549467935717563e-05	22	736	2.5
commot_pilot_v1	GSE283052	GSM8655164_P13	colorectal cancer	Visium	immune	immune	TGFB1	TGFBR1	TGFB	0.013039482993210633	22	22	2.5
commot_pilot_v1	GSE283052	GSM8655164_P13	colorectal cancer	Visium	immune	stroma_fibroblast	TGFB1	TGFBR1	TGFB	0.00011593715427628822	22	673	2.5
commot_pilot_v1	GSE283052	GSM8655164_P13	colorectal cancer	Visium	immune	ambiguous_or_low_signal	TGFB1	TGFBR1	TGFB	0.00022168008345061708	22	378	2.5
commot_pilot_v1	GSE283052	GSM8655164_P13	colorectal cancer	Visium	stroma_fibroblast	tumor_like	TGFB1	TGFBR1	TGFB	8.115188805961102e-05	673	736	2.5
commot_pilot_v1	GSE283052	GSM8655164_P13	colorectal cancer	Visium	stroma_fibroblast	stroma_fibroblast	TGFB1	TGFBR1	TGFB	0.001263386811918562	673	673	2.5
commot_pilot_v1	GSE283052	GSM8655164_P13	colorectal cancer	Visium	stroma_fibroblast	ambiguous_or_low_signal	TGFB1	TGFBR1	TGFB	0.00026942186660391997	673	378	2.5
commot_pilot_v1	GSE283052	GSM8655164_P13	colorectal cancer	Visium	ambiguous_or_low_signal	tumor_like	TGFB1	TGFBR1	TGFB	0.00013353353391109244	378	736	2.5
commot_pilot_v1	GSE283052	GSM8655164_P13	colorectal cancer	Visium	ambiguous_or_low_signal	immune	TGFB1	TGFBR1	TGFB	4.487074114820496e-06	378	22	2.5
commot_pilot_v1	GSE283052	GSM8655164_P13	colorectal cancer	Visium	ambiguous_or_low_signal	stroma_fibroblast	TGFB1	TGFBR1	TGFB	0.00013804666826108784	378	673	2.5
commot_pilot_v1	GSE283052	GSM8655164_P13	colorectal cancer	Visium	ambiguous_or_low_signal	ambiguous_or_low_signal	TGFB1	TGFBR1	TGFB	0.0012781904245031898	378	378	2.5
commot_pilot_v1	GSE283052	GSM8655164_P13	colorectal cancer	Visium	tumor_like	tumor_like	TGFB1	TGFBR2	TGFB	0.00040569236330570803	736	736	2.5
commot_pilot_v1	GSE283052	GSM8655164_P13	colorectal cancer	Visium	tumor_like	stroma_fibroblast	TGFB1	TGFBR2	TGFB	2.0272586001312577e-05	736	673	2.5
commot_pilot_v1	GSE283052	GSM8655164_P13	colorectal cancer	Visium	tumor_like	ambiguous_or_low_signal	TGFB1	TGFBR2	TGFB	7.632795154751803e-05	736	378	2.5
commot_pilot_v1	GSE283052	GSM8655164_P13	colorectal cancer	Visium	immune	tumor_like	TGFB1	TGFBR2	TGFB	2.0368962428778426e-05	22	736	2.5
commot_pilot_v1	GSE283052	GSM8655164_P13	colorectal cancer	Visium	immune	immune	TGFB1	TGFBR2	TGFB	0.06444727689628817	22	22	2.5
commot_pilot_v1	GSE283052	GSM8655164_P13	colorectal cancer	Visium	immune	stroma_fibroblast	TGFB1	TGFBR2	TGFB	8.696325732926344e-06	22	673	2.5
commot_pilot_v1	GSE283052	GSM8655164_P13	colorectal cancer	Visium	immune	ambiguous_or_low_signal	TGFB1	TGFBR2	TGFB	0.00010174673611223798	22	378	2.5
commot_pilot_v1	GSE283052	GSM8655164_P13	colorectal cancer	Visium	stroma_fibroblast	tumor_like	TGFB1	TGFBR2	TGFB	8.027367903524287e-05	673	736	2.5
commot_pilot_v1	GSE283052	GSM8655164_P13	colorectal cancer	Visium	stroma_fibroblast	immune	TGFB1	TGFBR2	TGFB	5.883891659331686e-09	673	22	2.5
commot_pilot_v1	GSE283052	GSM8655164_P13	colorectal cancer	Visium	stroma_fibroblast	stroma_fibroblast	TGFB1	TGFBR2	TGFB	0.0013959442162236597	673	673	2.5
commot_pilot_v1	GSE283052	GSM8655164_P13	colorectal cancer	Visium	stroma_fibroblast	ambiguous_or_low_signal	TGFB1	TGFBR2	TGFB	0.00028724418015744195	673	378	2.5
commot_pilot_v1	GSE283052	GSM8655164_P13	colorectal cancer	Visium	ambiguous_or_low_signal	tumor_like	TGFB1	TGFBR2	TGFB	9.980267792613656e-05	378	736	2.5
commot_pilot_v1	GSE283052	GSM8655164_P13	colorectal cancer	Visium	ambiguous_or_low_signal	immune	TGFB1	TGFBR2	TGFB	0.00019334510962071573	378	22	2.5
commot_pilot_v1	GSE283052	GSM8655164_P13	colorectal cancer	Visium	ambiguous_or_low_signal	stroma_fibroblast	TGFB1	TGFBR2	TGFB	0.00014851589817128534	378	673	2.5
commot_pilot_v1	GSE283052	GSM8655164_P13	colorectal cancer	Visium	ambiguous_or_low_signal	ambiguous_or_low_signal	TGFB1	TGFBR2	TGFB	0.001238879149276165	378	378	2.5
commot_pilot_v1	GSE283052	GSM8655164_P13	colorectal cancer	Visium	tumor_like	tumor_like	CXCL12	CXCR4	CXCL chemokine	6.550642813288568e-05	736	736	2.5
commot_pilot_v1	GSE283052	GSM8655164_P13	colorectal cancer	Visium	tumor_like	stroma_fibroblast	CXCL12	CXCR4	CXCL chemokine	2.263000526965025e-06	736	673	2.5
commot_pilot_v1	GSE283052	GSM8655164_P13	colorectal cancer	Visium	tumor_like	ambiguous_or_low_signal	CXCL12	CXCR4	CXCL chemokine	1.5795744123599612e-05	736	378	2.5
commot_pilot_v1	GSE283052	GSM8655164_P13	colorectal cancer	Visium	immune	tumor_like	CXCL12	CXCR4	CXCL chemokine	4.582634287434266e-08	22	736	2.5
commot_pilot_v1	GSE283052	GSM8655164_P13	colorectal cancer	Visium	immune	immune	CXCL12	CXCR4	CXCL chemokine	0.02889697145663358	22	22	2.5
commot_pilot_v1	GSE283052	GSM8655164_P13	colorectal cancer	Visium	immune	stroma_fibroblast	CXCL12	CXCR4	CXCL chemokine	9.802025670584045e-08	22	673	2.5
commot_pilot_v1	GSE283052	GSM8655164_P13	colorectal cancer	Visium	immune	ambiguous_or_low_signal	CXCL12	CXCR4	CXCL chemokine	1.4036203613253683e-06	22	378	2.5
commot_pilot_v1	GSE283052	GSM8655164_P13	colorectal cancer	Visium	stroma_fibroblast	tumor_like	CXCL12	CXCR4	CXCL chemokine	1.1215214949112793e-05	673	736	2.5
commot_pilot_v1	GSE283052	GSM8655164_P13	colorectal cancer	Visium	stroma_fibroblast	immune	CXCL12	CXCR4	CXCL chemokine	6.678951787460994e-07	673	22	2.5
commot_pilot_v1	GSE283052	GSM8655164_P13	colorectal cancer	Visium	stroma_fibroblast	stroma_fibroblast	CXCL12	CXCR4	CXCL chemokine	0.00029342366284979964	673	673	2.5
commot_pilot_v1	GSE283052	GSM8655164_P13	colorectal cancer	Visium	stroma_fibroblast	ambiguous_or_low_signal	CXCL12	CXCR4	CXCL chemokine	4.927482550997705e-05	673	378	2.5
commot_pilot_v1	GSE283052	GSM8655164_P13	colorectal cancer	Visium	ambiguous_or_low_signal	tumor_like	CXCL12	CXCR4	CXCL chemokine	6.354610765388227e-06	378	736	2.5
commot_pilot_v1	GSE283052	GSM8655164_P13	colorectal cancer	Visium	ambiguous_or_low_signal	immune	CXCL12	CXCR4	CXCL chemokine	1.5036095484680175e-06	378	22	2.5
commot_pilot_v1	GSE283052	GSM8655164_P13	colorectal cancer	Visium	ambiguous_or_low_signal	stroma_fibroblast	CXCL12	CXCR4	CXCL chemokine	2.446495373254473e-05	378	673	2.5
commot_pilot_v1	GSE283052	GSM8655164_P13	colorectal cancer	Visium	ambiguous_or_low_signal	ambiguous_or_low_signal	CXCL12	CXCR4	CXCL chemokine	0.00011894578816467894	378	378	2.5
commot_pilot_v1	GSE283052	GSM8655164_P13	colorectal cancer	Visium	tumor_like	tumor_like	CXCL9	CXCR3	CXCL chemokine	9.2025856479916e-06	736	736	2.5
commot_pilot_v1	GSE283052	GSM8655164_P13	colorectal cancer	Visium	immune	immune	CXCL9	CXCR3	CXCL chemokine	0.00206611570247934	22	22	2.5
commot_pilot_v1	GSE283052	GSM8655164_P13	colorectal cancer	Visium	immune	stroma_fibroblast	CXCL9	CXCR3	CXCL chemokine	5.699259864044001e-08	22	673	2.5
commot_pilot_v1	GSE283052	GSM8655164_P13	colorectal cancer	Visium	immune	ambiguous_or_low_signal	CXCL9	CXCR3	CXCL chemokine	5.359133845904932e-08	22	378	2.5
commot_pilot_v1	GSE283052	GSM8655164_P13	colorectal cancer	Visium	stroma_fibroblast	tumor_like	CXCL9	CXCR3	CXCL chemokine	2.0190421087180005e-06	673	736	2.5
commot_pilot_v1	GSE283052	GSM8655164_P13	colorectal cancer	Visium	stroma_fibroblast	stroma_fibroblast	CXCL9	CXCR3	CXCL chemokine	3.311188475103336e-05	673	673	2.5
commot_pilot_v1	GSE283052	GSM8655164_P13	colorectal cancer	Visium	stroma_fibroblast	ambiguous_or_low_signal	CXCL9	CXCR3	CXCL chemokine	9.826595655327719e-06	673	378	2.5
commot_pilot_v1	GSE283052	GSM8655164_P13	colorectal cancer	Visium	ambiguous_or_low_signal	tumor_like	CXCL9	CXCR3	CXCL chemokine	3.6480190188580916e-06	378	736	2.5
commot_pilot_v1	GSE283052	GSM8655164_P13	colorectal cancer	Visium	ambiguous_or_low_signal	stroma_fibroblast	CXCL9	CXCR3	CXCL chemokine	7.167304196510597e-09	378	673	2.5
commot_pilot_v1	GSE283052	GSM8655164_P13	colorectal cancer	Visium	ambiguous_or_low_signal	ambiguous_or_low_signal	CXCL9	CXCR3	CXCL chemokine	2.4493486739508488e-05	378	378	2.5
commot_pilot_v1	GSE283052	GSM8655164_P13	colorectal cancer	Visium	tumor_like	tumor_like	CCL2	CCR2	CCL chemokine	3.5283947517069274e-06	736	736	2.5
commot_pilot_v1	GSE283052	GSM8655164_P13	colorectal cancer	Visium	tumor_like	stroma_fibroblast	CCL2	CCR2	CCL chemokine	7.006734141939072e-08	736	673	2.5
commot_pilot_v1	GSE283052	GSM8655164_P13	colorectal cancer	Visium	tumor_like	ambiguous_or_low_signal	CCL2	CCR2	CCL chemokine	3.1237852554041495e-06	736	378	2.5
commot_pilot_v1	GSE283052	GSM8655164_P13	colorectal cancer	Visium	immune	immune	CCL2	CCR2	CCL chemokine	0.0020661157024793346	22	22	2.5
commot_pilot_v1	GSE283052	GSM8655164_P13	colorectal cancer	Visium	immune	ambiguous_or_low_signal	CCL2	CCR2	CCL chemokine	4.676825566123433e-06	22	378	2.5
commot_pilot_v1	GSE283052	GSM8655164_P13	colorectal cancer	Visium	stroma_fibroblast	stroma_fibroblast	CCL2	CCR2	CCL chemokine	4.174759812726975e-05	673	673	2.5
commot_pilot_v1	GSE283052	GSM8655164_P13	colorectal cancer	Visium	stroma_fibroblast	ambiguous_or_low_signal	CCL2	CCR2	CCL chemokine	8.336906898653759e-09	673	378	2.5
commot_pilot_v1	GSE283052	GSM8655164_P13	colorectal cancer	Visium	ambiguous_or_low_signal	tumor_like	CCL2	CCR2	CCL chemokine	3.913196876363647e-06	378	736	2.5
commot_pilot_v1	GSE283052	GSM8655164_P13	colorectal cancer	Visium	ambiguous_or_low_signal	stroma_fibroblast	CCL2	CCR2	CCL chemokine	4.1533833805957905e-06	378	673	2.5
commot_pilot_v1	GSE283052	GSM8655164_P13	colorectal cancer	Visium	ambiguous_or_low_signal	ambiguous_or_low_signal	CCL2	CCR2	CCL chemokine	1.4626722454320079e-05	378	378	2.5
commot_pilot_v1	GSE283052	GSM8655164_P13	colorectal cancer	Visium	tumor_like	tumor_like	VEGFA	KDR	VEGF	4.235003015121521e-05	736	736	2.5
commot_pilot_v1	GSE283052	GSM8655164_P13	colorectal cancer	Visium	tumor_like	stroma_fibroblast	VEGFA	KDR	VEGF	1.269973473951107e-05	736	673	2.5
commot_pilot_v1	GSE283052	GSM8655164_P13	colorectal cancer	Visium	tumor_like	ambiguous_or_low_signal	VEGFA	KDR	VEGF	8.449109270265757e-06	736	378	2.5
commot_pilot_v1	GSE283052	GSM8655164_P13	colorectal cancer	Visium	immune	immune	VEGFA	KDR	VEGF	0.005984599035519951	22	22	2.5
commot_pilot_v1	GSE283052	GSM8655164_P13	colorectal cancer	Visium	immune	stroma_fibroblast	VEGFA	KDR	VEGF	8.505260014196013e-06	22	673	2.5
commot_pilot_v1	GSE283052	GSM8655164_P13	colorectal cancer	Visium	immune	ambiguous_or_low_signal	VEGFA	KDR	VEGF	5.989592521027145e-07	22	378	2.5
commot_pilot_v1	GSE283052	GSM8655164_P13	colorectal cancer	Visium	stroma_fibroblast	tumor_like	VEGFA	KDR	VEGF	3.9912879998694196e-08	673	736	2.5
commot_pilot_v1	GSE283052	GSM8655164_P13	colorectal cancer	Visium	stroma_fibroblast	stroma_fibroblast	VEGFA	KDR	VEGF	0.00017003549534748001	673	673	2.5
commot_pilot_v1	GSE283052	GSM8655164_P13	colorectal cancer	Visium	stroma_fibroblast	ambiguous_or_low_signal	VEGFA	KDR	VEGF	4.760476217591139e-06	673	378	2.5
commot_pilot_v1	GSE283052	GSM8655164_P13	colorectal cancer	Visium	ambiguous_or_low_signal	tumor_like	VEGFA	KDR	VEGF	1.4157788483215294e-07	378	736	2.5
commot_pilot_v1	GSE283052	GSM8655164_P13	colorectal cancer	Visium	ambiguous_or_low_signal	immune	VEGFA	KDR	VEGF	1.2440363974068266e-05	378	22	2.5
commot_pilot_v1	GSE283052	GSM8655164_P13	colorectal cancer	Visium	ambiguous_or_low_signal	stroma_fibroblast	VEGFA	KDR	VEGF	2.9755143749218674e-05	378	673	2.5
commot_pilot_v1	GSE283052	GSM8655164_P13	colorectal cancer	Visium	ambiguous_or_low_signal	ambiguous_or_low_signal	VEGFA	KDR	VEGF	0.00016400277621076928	378	378	2.5
commot_pilot_v1	GSE283052	GSM8655164_P13	colorectal cancer	Visium	tumor_like	tumor_like	SPP1	CD44	SPP1	0.0007828598255395368	736	736	2.5
commot_pilot_v1	GSE283052	GSM8655164_P13	colorectal cancer	Visium	tumor_like	stroma_fibroblast	SPP1	CD44	SPP1	1.8763843408037203e-05	736	673	2.5
commot_pilot_v1	GSE283052	GSM8655164_P13	colorectal cancer	Visium	tumor_like	ambiguous_or_low_signal	SPP1	CD44	SPP1	7.18103572029296e-05	736	378	2.5
commot_pilot_v1	GSE283052	GSM8655164_P13	colorectal cancer	Visium	immune	tumor_like	SPP1	CD44	SPP1	2.803302168908158e-07	22	736	2.5
commot_pilot_v1	GSE283052	GSM8655164_P13	colorectal cancer	Visium	immune	immune	SPP1	CD44	SPP1	0.012809331339249	22	22	2.5
commot_pilot_v1	GSE283052	GSM8655164_P13	colorectal cancer	Visium	immune	ambiguous_or_low_signal	SPP1	CD44	SPP1	2.9752961611915203e-05	22	378	2.5
commot_pilot_v1	GSE283052	GSM8655164_P13	colorectal cancer	Visium	stroma_fibroblast	tumor_like	SPP1	CD44	SPP1	8.26241463669741e-05	673	736	2.5
commot_pilot_v1	GSE283052	GSM8655164_P13	colorectal cancer	Visium	stroma_fibroblast	immune	SPP1	CD44	SPP1	4.865973172127712e-07	673	22	2.5
commot_pilot_v1	GSE283052	GSM8655164_P13	colorectal cancer	Visium	stroma_fibroblast	stroma_fibroblast	SPP1	CD44	SPP1	0.001564876205033172	673	673	2.5
commot_pilot_v1	GSE283052	GSM8655164_P13	colorectal cancer	Visium	stroma_fibroblast	ambiguous_or_low_signal	SPP1	CD44	SPP1	0.00016946374544445862	673	378	2.5
commot_pilot_v1	GSE283052	GSM8655164_P13	colorectal cancer	Visium	ambiguous_or_low_signal	tumor_like	SPP1	CD44	SPP1	0.0002867717939900858	378	736	2.5
commot_pilot_v1	GSE283052	GSM8655164_P13	colorectal cancer	Visium	ambiguous_or_low_signal	immune	SPP1	CD44	SPP1	9.854505024403784e-05	378	22	2.5
commot_pilot_v1	GSE283052	GSM8655164_P13	colorectal cancer	Visium	ambiguous_or_low_signal	stroma_fibroblast	SPP1	CD44	SPP1	9.994650012824605e-05	378	673	2.5
commot_pilot_v1	GSE283052	GSM8655164_P13	colorectal cancer	Visium	ambiguous_or_low_signal	ambiguous_or_low_signal	SPP1	CD44	SPP1	0.0022480145276491644	378	378	2.5
commot_pilot_v1	GSE283052	GSM8655164_P13	colorectal cancer	Visium	tumor_like	tumor_like	SPP1	ITGAV	SPP1	0.0005196437792902514	736	736	2.5
commot_pilot_v1	GSE283052	GSM8655164_P13	colorectal cancer	Visium	tumor_like	stroma_fibroblast	SPP1	ITGAV	SPP1	3.6455752999883986e-05	736	673	2.5
commot_pilot_v1	GSE283052	GSM8655164_P13	colorectal cancer	Visium	tumor_like	ambiguous_or_low_signal	SPP1	ITGAV	SPP1	9.981638596197094e-05	736	378	2.5
commot_pilot_v1	GSE283052	GSM8655164_P13	colorectal cancer	Visium	immune	tumor_like	SPP1	ITGAV	SPP1	3.675543326070936e-06	22	736	2.5
commot_pilot_v1	GSE283052	GSM8655164_P13	colorectal cancer	Visium	immune	immune	SPP1	ITGAV	SPP1	0.007003208135728716	22	22	2.5
commot_pilot_v1	GSE283052	GSM8655164_P13	colorectal cancer	Visium	immune	ambiguous_or_low_signal	SPP1	ITGAV	SPP1	7.206009631294785e-05	22	378	2.5
commot_pilot_v1	GSE283052	GSM8655164_P13	colorectal cancer	Visium	stroma_fibroblast	tumor_like	SPP1	ITGAV	SPP1	3.877706902930502e-05	673	736	2.5
commot_pilot_v1	GSE283052	GSM8655164_P13	colorectal cancer	Visium	stroma_fibroblast	immune	SPP1	ITGAV	SPP1	6.256398236519432e-05	673	22	2.5
commot_pilot_v1	GSE283052	GSM8655164_P13	colorectal cancer	Visium	stroma_fibroblast	stroma_fibroblast	SPP1	ITGAV	SPP1	0.003181662746491571	673	673	2.5
commot_pilot_v1	GSE283052	GSM8655164_P13	colorectal cancer	Visium	stroma_fibroblast	ambiguous_or_low_signal	SPP1	ITGAV	SPP1	0.00020174710981553883	673	378	2.5
commot_pilot_v1	GSE283052	GSM8655164_P13	colorectal cancer	Visium	ambiguous_or_low_signal	tumor_like	SPP1	ITGAV	SPP1	0.00012033847953107079	378	736	2.5
commot_pilot_v1	GSE283052	GSM8655164_P13	colorectal cancer	Visium	ambiguous_or_low_signal	immune	SPP1	ITGAV	SPP1	7.342104555250417e-05	378	22	2.5
commot_pilot_v1	GSE283052	GSM8655164_P13	colorectal cancer	Visium	ambiguous_or_low_signal	stroma_fibroblast	SPP1	ITGAV	SPP1	0.0002676395224413782	378	673	2.5
commot_pilot_v1	GSE283052	GSM8655164_P13	colorectal cancer	Visium	ambiguous_or_low_signal	ambiguous_or_low_signal	SPP1	ITGAV	SPP1	0.0025901122310143503	378	378	2.5
commot_pilot_v1	GSE283052	GSM8655164_P13	colorectal cancer	Visium	tumor_like	tumor_like	MIF	CD74	MIF	0.0034738536262648384	736	736	2.5
commot_pilot_v1	GSE283052	GSM8655164_P13	colorectal cancer	Visium	tumor_like	immune	MIF	CD74	MIF	0.0005120262379625646	736	22	2.5
commot_pilot_v1	GSE283052	GSM8655164_P13	colorectal cancer	Visium	tumor_like	stroma_fibroblast	MIF	CD74	MIF	0.0006921290587649027	736	673	2.5
commot_pilot_v1	GSE283052	GSM8655164_P13	colorectal cancer	Visium	tumor_like	ambiguous_or_low_signal	MIF	CD74	MIF	0.0012254966306234779	736	378	2.5
commot_pilot_v1	GSE283052	GSM8655164_P13	colorectal cancer	Visium	immune	tumor_like	MIF	CD74	MIF	4.5474448205311554e-07	22	736	2.5
commot_pilot_v1	GSE283052	GSM8655164_P13	colorectal cancer	Visium	immune	immune	MIF	CD74	MIF	0.24763330580846254	22	22	2.5
commot_pilot_v1	GSE283052	GSM8655164_P13	colorectal cancer	Visium	immune	stroma_fibroblast	MIF	CD74	MIF	6.662993057049982e-07	22	673	2.5
commot_pilot_v1	GSE283052	GSM8655164_P13	colorectal cancer	Visium	immune	ambiguous_or_low_signal	MIF	CD74	MIF	1.5422262930561908e-05	22	378	2.5
commot_pilot_v1	GSE283052	GSM8655164_P13	colorectal cancer	Visium	stroma_fibroblast	tumor_like	MIF	CD74	MIF	9.275000119953428e-05	673	736	2.5
commot_pilot_v1	GSE283052	GSM8655164_P13	colorectal cancer	Visium	stroma_fibroblast	immune	MIF	CD74	MIF	1.2061368165933594e-06	673	22	2.5
commot_pilot_v1	GSE283052	GSM8655164_P13	colorectal cancer	Visium	stroma_fibroblast	stroma_fibroblast	MIF	CD74	MIF	0.01126928013900039	673	673	2.5
commot_pilot_v1	GSE283052	GSM8655164_P13	colorectal cancer	Visium	stroma_fibroblast	ambiguous_or_low_signal	MIF	CD74	MIF	0.0007995226823096816	673	378	2.5
commot_pilot_v1	GSE283052	GSM8655164_P13	colorectal cancer	Visium	ambiguous_or_low_signal	tumor_like	MIF	CD74	MIF	0.0002370564694905733	378	736	2.5
commot_pilot_v1	GSE283052	GSM8655164_P13	colorectal cancer	Visium	ambiguous_or_low_signal	immune	MIF	CD74	MIF	0.0004459293049397054	378	22	2.5
commot_pilot_v1	GSE283052	GSM8655164_P13	colorectal cancer	Visium	ambiguous_or_low_signal	stroma_fibroblast	MIF	CD74	MIF	0.002302806074231497	378	673	2.5
commot_pilot_v1	GSE283052	GSM8655164_P13	colorectal cancer	Visium	ambiguous_or_low_signal	ambiguous_or_low_signal	MIF	CD74	MIF	0.01117692816802211	378	378	2.5
commot_pilot_v1	GSE283052	GSM8655164_P13	colorectal cancer	Visium	tumor_like	tumor_like	DLL4	NOTCH1	NOTCH	8.590927010419935e-05	736	736	2.5
commot_pilot_v1	GSE283052	GSM8655164_P13	colorectal cancer	Visium	tumor_like	stroma_fibroblast	DLL4	NOTCH1	NOTCH	7.844242284283505e-06	736	673	2.5
commot_pilot_v1	GSE283052	GSM8655164_P13	colorectal cancer	Visium	tumor_like	ambiguous_or_low_signal	DLL4	NOTCH1	NOTCH	9.265798177788285e-06	736	378	2.5
commot_pilot_v1	GSE283052	GSM8655164_P13	colorectal cancer	Visium	immune	immune	DLL4	NOTCH1	NOTCH	0.012515972208000027	22	22	2.5
commot_pilot_v1	GSE283052	GSM8655164_P13	colorectal cancer	Visium	immune	stroma_fibroblast	DLL4	NOTCH1	NOTCH	3.332373887881611e-07	22	673	2.5
commot_pilot_v1	GSE283052	GSM8655164_P13	colorectal cancer	Visium	immune	ambiguous_or_low_signal	DLL4	NOTCH1	NOTCH	0.00011271471198807098	22	378	2.5
commot_pilot_v1	GSE283052	GSM8655164_P13	colorectal cancer	Visium	stroma_fibroblast	tumor_like	DLL4	NOTCH1	NOTCH	1.4854415914790798e-05	673	736	2.5
commot_pilot_v1	GSE283052	GSM8655164_P13	colorectal cancer	Visium	stroma_fibroblast	stroma_fibroblast	DLL4	NOTCH1	NOTCH	0.0003254107697150193	673	673	2.5
commot_pilot_v1	GSE283052	GSM8655164_P13	colorectal cancer	Visium	stroma_fibroblast	ambiguous_or_low_signal	DLL4	NOTCH1	NOTCH	4.825726793719622e-05	673	378	2.5
commot_pilot_v1	GSE283052	GSM8655164_P13	colorectal cancer	Visium	ambiguous_or_low_signal	tumor_like	DLL4	NOTCH1	NOTCH	3.35105929315776e-05	378	736	2.5
commot_pilot_v1	GSE283052	GSM8655164_P13	colorectal cancer	Visium	ambiguous_or_low_signal	immune	DLL4	NOTCH1	NOTCH	0.00013416101582164856	378	22	2.5
commot_pilot_v1	GSE283052	GSM8655164_P13	colorectal cancer	Visium	ambiguous_or_low_signal	stroma_fibroblast	DLL4	NOTCH1	NOTCH	2.3823746569719798e-05	378	673	2.5
commot_pilot_v1	GSE283052	GSM8655164_P13	colorectal cancer	Visium	ambiguous_or_low_signal	ambiguous_or_low_signal	DLL4	NOTCH1	NOTCH	0.00026929991824587503	378	378	2.5
commot_pilot_v1	GSE283052	GSM8655164_P13	colorectal cancer	Visium	tumor_like	tumor_like	JAG1	NOTCH2	NOTCH	0.00029676335852206936	736	736	2.5
commot_pilot_v1	GSE283052	GSM8655164_P13	colorectal cancer	Visium	tumor_like	stroma_fibroblast	JAG1	NOTCH2	NOTCH	4.883907794900665e-05	736	673	2.5
commot_pilot_v1	GSE283052	GSM8655164_P13	colorectal cancer	Visium	tumor_like	ambiguous_or_low_signal	JAG1	NOTCH2	NOTCH	0.00011784646601678068	736	378	2.5
commot_pilot_v1	GSE283052	GSM8655164_P13	colorectal cancer	Visium	immune	immune	JAG1	NOTCH2	NOTCH	0.013363257222014528	22	22	2.5
commot_pilot_v1	GSE283052	GSM8655164_P13	colorectal cancer	Visium	immune	stroma_fibroblast	JAG1	NOTCH2	NOTCH	1.1899767658444816e-06	22	673	2.5
commot_pilot_v1	GSE283052	GSM8655164_P13	colorectal cancer	Visium	immune	ambiguous_or_low_signal	JAG1	NOTCH2	NOTCH	6.189658422924412e-05	22	378	2.5
commot_pilot_v1	GSE283052	GSM8655164_P13	colorectal cancer	Visium	stroma_fibroblast	tumor_like	JAG1	NOTCH2	NOTCH	4.478867494721637e-05	673	736	2.5
commot_pilot_v1	GSE283052	GSM8655164_P13	colorectal cancer	Visium	stroma_fibroblast	immune	JAG1	NOTCH2	NOTCH	2.655123966279199e-09	673	22	2.5
commot_pilot_v1	GSE283052	GSM8655164_P13	colorectal cancer	Visium	stroma_fibroblast	stroma_fibroblast	JAG1	NOTCH2	NOTCH	0.0010766575192638394	673	673	2.5
commot_pilot_v1	GSE283052	GSM8655164_P13	colorectal cancer	Visium	stroma_fibroblast	ambiguous_or_low_signal	JAG1	NOTCH2	NOTCH	0.0002231387916639114	673	378	2.5
commot_pilot_v1	GSE283052	GSM8655164_P13	colorectal cancer	Visium	ambiguous_or_low_signal	tumor_like	JAG1	NOTCH2	NOTCH	9.668516099325193e-05	378	736	2.5
commot_pilot_v1	GSE283052	GSM8655164_P13	colorectal cancer	Visium	ambiguous_or_low_signal	immune	JAG1	NOTCH2	NOTCH	0.00012053704871506708	378	22	2.5
commot_pilot_v1	GSE283052	GSM8655164_P13	colorectal cancer	Visium	ambiguous_or_low_signal	stroma_fibroblast	JAG1	NOTCH2	NOTCH	0.0002167534236497552	378	673	2.5
commot_pilot_v1	GSE283052	GSM8655164_P13	colorectal cancer	Visium	ambiguous_or_low_signal	ambiguous_or_low_signal	JAG1	NOTCH2	NOTCH	0.0008587428022286142	378	378	2.5
commot_pilot_v1	GSE283052	GSM8655164_P13	colorectal cancer	Visium	tumor_like	tumor_like	WNT5A	FZD5	WNT	0.00024574872257629557	736	736	2.5
commot_pilot_v1	GSE283052	GSM8655164_P13	colorectal cancer	Visium	tumor_like	stroma_fibroblast	WNT5A	FZD5	WNT	6.735643523568828e-06	736	673	2.5
commot_pilot_v1	GSE283052	GSM8655164_P13	colorectal cancer	Visium	tumor_like	ambiguous_or_low_signal	WNT5A	FZD5	WNT	1.9930174259032467e-05	736	378	2.5
commot_pilot_v1	GSE283052	GSM8655164_P13	colorectal cancer	Visium	immune	tumor_like	WNT5A	FZD5	WNT	2.8626443479902598e-05	22	736	2.5
commot_pilot_v1	GSE283052	GSM8655164_P13	colorectal cancer	Visium	immune	immune	WNT5A	FZD5	WNT	0.002066115702479339	22	22	2.5
commot_pilot_v1	GSE283052	GSM8655164_P13	colorectal cancer	Visium	stroma_fibroblast	tumor_like	WNT5A	FZD5	WNT	8.110735904573877e-05	673	736	2.5
commot_pilot_v1	GSE283052	GSM8655164_P13	colorectal cancer	Visium	stroma_fibroblast	stroma_fibroblast	WNT5A	FZD5	WNT	0.00024132310219596268	673	673	2.5
commot_pilot_v1	GSE283052	GSM8655164_P13	colorectal cancer	Visium	stroma_fibroblast	ambiguous_or_low_signal	WNT5A	FZD5	WNT	0.0001244477508599979	673	378	2.5
commot_pilot_v1	GSE283052	GSM8655164_P13	colorectal cancer	Visium	ambiguous_or_low_signal	tumor_like	WNT5A	FZD5	WNT	0.00013364972379935935	378	736	2.5
commot_pilot_v1	GSE283052	GSM8655164_P13	colorectal cancer	Visium	ambiguous_or_low_signal	stroma_fibroblast	WNT5A	FZD5	WNT	4.067978144084773e-05	378	673	2.5
commot_pilot_v1	GSE283052	GSM8655164_P13	colorectal cancer	Visium	ambiguous_or_low_signal	ambiguous_or_low_signal	WNT5A	FZD5	WNT	0.00032801511535292163	378	378	2.5
commot_pilot_v1	GSE283052	GSM8655164_P13	colorectal cancer	Visium	tumor_like	tumor_like	EGF	EGFR	EGF/ERBB	1.3845404064272227e-06	736	736	2.5
commot_pilot_v1	GSE283052	GSM8655164_P13	colorectal cancer	Visium	ambiguous_or_low_signal	ambiguous_or_low_signal	EGF	EGFR	EGF/ERBB	6.9986842473614964e-06	378	378	2.5
commot_pilot_v1	GSE283052	GSM8655164_P13	colorectal cancer	Visium	tumor_like	tumor_like	HBEGF	EGFR	EGF/ERBB	0.00032360522116324123	736	736	2.5
commot_pilot_v1	GSE283052	GSM8655164_P13	colorectal cancer	Visium	tumor_like	stroma_fibroblast	HBEGF	EGFR	EGF/ERBB	2.597391012317605e-05	736	673	2.5
commot_pilot_v1	GSE283052	GSM8655164_P13	colorectal cancer	Visium	tumor_like	ambiguous_or_low_signal	HBEGF	EGFR	EGF/ERBB	2.0120911221846354e-05	736	378	2.5
commot_pilot_v1	GSE283052	GSM8655164_P13	colorectal cancer	Visium	stroma_fibroblast	tumor_like	HBEGF	EGFR	EGF/ERBB	2.4190334197492654e-05	673	736	2.5
commot_pilot_v1	GSE283052	GSM8655164_P13	colorectal cancer	Visium	stroma_fibroblast	stroma_fibroblast	HBEGF	EGFR	EGF/ERBB	0.00015802287726004636	673	673	2.5
commot_pilot_v1	GSE283052	GSM8655164_P13	colorectal cancer	Visium	stroma_fibroblast	ambiguous_or_low_signal	HBEGF	EGFR	EGF/ERBB	7.963677859936638e-05	673	378	2.5
commot_pilot_v1	GSE283052	GSM8655164_P13	colorectal cancer	Visium	ambiguous_or_low_signal	tumor_like	HBEGF	EGFR	EGF/ERBB	4.79451940536221e-05	378	736	2.5
commot_pilot_v1	GSE283052	GSM8655164_P13	colorectal cancer	Visium	ambiguous_or_low_signal	stroma_fibroblast	HBEGF	EGFR	EGF/ERBB	7.091517241357197e-05	378	673	2.5
commot_pilot_v1	GSE283052	GSM8655164_P13	colorectal cancer	Visium	ambiguous_or_low_signal	ambiguous_or_low_signal	HBEGF	EGFR	EGF/ERBB	0.00022261523571505033	378	378	2.5
commot_pilot_v1	GSE283052	GSM8655164_P13	colorectal cancer	Visium	tumor_like	tumor_like	COL1A1	ITGA2	ECM-integrin	0.0009565883212572028	736	736	2.5
commot_pilot_v1	GSE283052	GSM8655164_P13	colorectal cancer	Visium	tumor_like	immune	COL1A1	ITGA2	ECM-integrin	1.870824471486913e-06	736	22	2.5
commot_pilot_v1	GSE283052	GSM8655164_P13	colorectal cancer	Visium	tumor_like	stroma_fibroblast	COL1A1	ITGA2	ECM-integrin	1.9113650399740353e-07	736	673	2.5
commot_pilot_v1	GSE283052	GSM8655164_P13	colorectal cancer	Visium	tumor_like	ambiguous_or_low_signal	COL1A1	ITGA2	ECM-integrin	7.085842588068141e-07	736	378	2.5
commot_pilot_v1	GSE283052	GSM8655164_P13	colorectal cancer	Visium	immune	immune	COL1A1	ITGA2	ECM-integrin	0.010991501358099131	22	22	2.5
commot_pilot_v1	GSE283052	GSM8655164_P13	colorectal cancer	Visium	immune	stroma_fibroblast	COL1A1	ITGA2	ECM-integrin	4.7352323712526954e-08	22	673	2.5
commot_pilot_v1	GSE283052	GSM8655164_P13	colorectal cancer	Visium	immune	ambiguous_or_low_signal	COL1A1	ITGA2	ECM-integrin	8.219907605900453e-07	22	378	2.5
commot_pilot_v1	GSE283052	GSM8655164_P13	colorectal cancer	Visium	stroma_fibroblast	tumor_like	COL1A1	ITGA2	ECM-integrin	9.896685503653363e-06	673	736	2.5
commot_pilot_v1	GSE283052	GSM8655164_P13	colorectal cancer	Visium	stroma_fibroblast	immune	COL1A1	ITGA2	ECM-integrin	2.4839058406943778e-06	673	22	2.5
commot_pilot_v1	GSE283052	GSM8655164_P13	colorectal cancer	Visium	stroma_fibroblast	stroma_fibroblast	COL1A1	ITGA2	ECM-integrin	0.0013392901786617195	673	673	2.5
commot_pilot_v1	GSE283052	GSM8655164_P13	colorectal cancer	Visium	stroma_fibroblast	ambiguous_or_low_signal	COL1A1	ITGA2	ECM-integrin	5.333471686182689e-06	673	378	2.5
commot_pilot_v1	GSE283052	GSM8655164_P13	colorectal cancer	Visium	ambiguous_or_low_signal	tumor_like	COL1A1	ITGA2	ECM-integrin	2.4865666304005358e-05	378	736	2.5
commot_pilot_v1	GSE283052	GSM8655164_P13	colorectal cancer	Visium	ambiguous_or_low_signal	immune	COL1A1	ITGA2	ECM-integrin	0.00019396876418475	378	22	2.5
commot_pilot_v1	GSE283052	GSM8655164_P13	colorectal cancer	Visium	ambiguous_or_low_signal	stroma_fibroblast	COL1A1	ITGA2	ECM-integrin	1.1842351162731261e-06	378	673	2.5
commot_pilot_v1	GSE283052	GSM8655164_P13	colorectal cancer	Visium	ambiguous_or_low_signal	ambiguous_or_low_signal	COL1A1	ITGA2	ECM-integrin	0.0022846450779599264	378	378	2.5
commot_pilot_v1	GSE283052	GSM8655165_P15	colorectal cancer	Visium	tumor_like	tumor_like	TGFB1	TGFBR1	TGFB	5.2679380936838404e-05	1675	1675	2.5
commot_pilot_v1	GSE283052	GSM8655165_P15	colorectal cancer	Visium	tumor_like	stroma_fibroblast	TGFB1	TGFBR1	TGFB	7.549996965261882e-06	1675	666	2.5
commot_pilot_v1	GSE283052	GSM8655165_P15	colorectal cancer	Visium	tumor_like	ambiguous_or_low_signal	TGFB1	TGFBR1	TGFB	2.954593280918795e-05	1675	374	2.5
commot_pilot_v1	GSE283052	GSM8655165_P15	colorectal cancer	Visium	stroma_fibroblast	tumor_like	TGFB1	TGFBR1	TGFB	1.3911361382077444e-05	666	1675	2.5
commot_pilot_v1	GSE283052	GSM8655165_P15	colorectal cancer	Visium	stroma_fibroblast	stroma_fibroblast	TGFB1	TGFBR1	TGFB	0.00043334673869115776	666	666	2.5
commot_pilot_v1	GSE283052	GSM8655165_P15	colorectal cancer	Visium	stroma_fibroblast	ambiguous_or_low_signal	TGFB1	TGFBR1	TGFB	5.262376056354627e-05	666	374	2.5
commot_pilot_v1	GSE283052	GSM8655165_P15	colorectal cancer	Visium	ambiguous_or_low_signal	tumor_like	TGFB1	TGFBR1	TGFB	4.4718220226379634e-05	374	1675	2.5
commot_pilot_v1	GSE283052	GSM8655165_P15	colorectal cancer	Visium	ambiguous_or_low_signal	stroma_fibroblast	TGFB1	TGFBR1	TGFB	5.482282634569459e-05	374	666	2.5
commot_pilot_v1	GSE283052	GSM8655165_P15	colorectal cancer	Visium	ambiguous_or_low_signal	ambiguous_or_low_signal	TGFB1	TGFBR1	TGFB	0.0004550401787189032	374	374	2.5
commot_pilot_v1	GSE283052	GSM8655165_P15	colorectal cancer	Visium	tumor_like	tumor_like	TGFB1	TGFBR2	TGFB	9.800490594127263e-05	1675	1675	2.5
commot_pilot_v1	GSE283052	GSM8655165_P15	colorectal cancer	Visium	tumor_like	stroma_fibroblast	TGFB1	TGFBR2	TGFB	9.767145965559135e-06	1675	666	2.5
commot_pilot_v1	GSE283052	GSM8655165_P15	colorectal cancer	Visium	tumor_like	ambiguous_or_low_signal	TGFB1	TGFBR2	TGFB	2.024993129792536e-05	1675	374	2.5
commot_pilot_v1	GSE283052	GSM8655165_P15	colorectal cancer	Visium	stroma_fibroblast	tumor_like	TGFB1	TGFBR2	TGFB	2.2510237695871042e-05	666	1675	2.5
commot_pilot_v1	GSE283052	GSM8655165_P15	colorectal cancer	Visium	stroma_fibroblast	stroma_fibroblast	TGFB1	TGFBR2	TGFB	0.0008204000973950263	666	666	2.5
commot_pilot_v1	GSE283052	GSM8655165_P15	colorectal cancer	Visium	stroma_fibroblast	ambiguous_or_low_signal	TGFB1	TGFBR2	TGFB	9.572176520519576e-05	666	374	2.5
commot_pilot_v1	GSE283052	GSM8655165_P15	colorectal cancer	Visium	ambiguous_or_low_signal	tumor_like	TGFB1	TGFBR2	TGFB	5.358307799337283e-05	374	1675	2.5
commot_pilot_v1	GSE283052	GSM8655165_P15	colorectal cancer	Visium	ambiguous_or_low_signal	stroma_fibroblast	TGFB1	TGFBR2	TGFB	6.968181445809935e-05	374	666	2.5
commot_pilot_v1	GSE283052	GSM8655165_P15	colorectal cancer	Visium	ambiguous_or_low_signal	ambiguous_or_low_signal	TGFB1	TGFBR2	TGFB	0.0009243481000374472	374	374	2.5
commot_pilot_v1	GSE283052	GSM8655165_P15	colorectal cancer	Visium	tumor_like	tumor_like	CXCL12	CXCR4	CXCL chemokine	3.8723298133748844e-05	1675	1675	2.5
commot_pilot_v1	GSE283052	GSM8655165_P15	colorectal cancer	Visium	tumor_like	stroma_fibroblast	CXCL12	CXCR4	CXCL chemokine	1.716642096144637e-05	1675	666	2.5
commot_pilot_v1	GSE283052	GSM8655165_P15	colorectal cancer	Visium	tumor_like	ambiguous_or_low_signal	CXCL12	CXCR4	CXCL chemokine	1.88219794777492e-05	1675	374	2.5
commot_pilot_v1	GSE283052	GSM8655165_P15	colorectal cancer	Visium	stroma_fibroblast	tumor_like	CXCL12	CXCR4	CXCL chemokine	2.176324561300171e-05	666	1675	2.5
commot_pilot_v1	GSE283052	GSM8655165_P15	colorectal cancer	Visium	stroma_fibroblast	stroma_fibroblast	CXCL12	CXCR4	CXCL chemokine	0.0005485085458923949	666	666	2.5
commot_pilot_v1	GSE283052	GSM8655165_P15	colorectal cancer	Visium	stroma_fibroblast	ambiguous_or_low_signal	CXCL12	CXCR4	CXCL chemokine	5.129834242498275e-05	666	374	2.5
commot_pilot_v1	GSE283052	GSM8655165_P15	colorectal cancer	Visium	ambiguous_or_low_signal	tumor_like	CXCL12	CXCR4	CXCL chemokine	3.3840334745658006e-05	374	1675	2.5
commot_pilot_v1	GSE283052	GSM8655165_P15	colorectal cancer	Visium	ambiguous_or_low_signal	stroma_fibroblast	CXCL12	CXCR4	CXCL chemokine	6.954744418384973e-05	374	666	2.5
commot_pilot_v1	GSE283052	GSM8655165_P15	colorectal cancer	Visium	ambiguous_or_low_signal	ambiguous_or_low_signal	CXCL12	CXCR4	CXCL chemokine	0.0004256887664869122	374	374	2.5
commot_pilot_v1	GSE283052	GSM8655165_P15	colorectal cancer	Visium	tumor_like	tumor_like	CXCL9	CXCR3	CXCL chemokine	5.169643627924898e-06	1675	1675	2.5
commot_pilot_v1	GSE283052	GSM8655165_P15	colorectal cancer	Visium	tumor_like	stroma_fibroblast	CXCL9	CXCR3	CXCL chemokine	2.3200641067490565e-08	1675	666	2.5
commot_pilot_v1	GSE283052	GSM8655165_P15	colorectal cancer	Visium	tumor_like	ambiguous_or_low_signal	CXCL9	CXCR3	CXCL chemokine	1.5962965919067766e-06	1675	374	2.5
commot_pilot_v1	GSE283052	GSM8655165_P15	colorectal cancer	Visium	stroma_fibroblast	tumor_like	CXCL9	CXCR3	CXCL chemokine	1.5425375303051466e-06	666	1675	2.5
commot_pilot_v1	GSE283052	GSM8655165_P15	colorectal cancer	Visium	stroma_fibroblast	stroma_fibroblast	CXCL9	CXCR3	CXCL chemokine	2.918947698680033e-05	666	666	2.5
commot_pilot_v1	GSE283052	GSM8655165_P15	colorectal cancer	Visium	stroma_fibroblast	ambiguous_or_low_signal	CXCL9	CXCR3	CXCL chemokine	1.5146240341337297e-05	666	374	2.5
commot_pilot_v1	GSE283052	GSM8655165_P15	colorectal cancer	Visium	ambiguous_or_low_signal	tumor_like	CXCL9	CXCR3	CXCL chemokine	5.463524432909285e-06	374	1675	2.5
commot_pilot_v1	GSE283052	GSM8655165_P15	colorectal cancer	Visium	ambiguous_or_low_signal	stroma_fibroblast	CXCL9	CXCR3	CXCL chemokine	2.2087896782898936e-06	374	666	2.5
commot_pilot_v1	GSE283052	GSM8655165_P15	colorectal cancer	Visium	ambiguous_or_low_signal	ambiguous_or_low_signal	CXCL9	CXCR3	CXCL chemokine	4.0469091600005616e-07	374	374	2.5
commot_pilot_v1	GSE283052	GSM8655165_P15	colorectal cancer	Visium	tumor_like	tumor_like	CCL2	CCR2	CCL chemokine	1.8799820317365023e-06	1675	1675	2.5
commot_pilot_v1	GSE283052	GSM8655165_P15	colorectal cancer	Visium	tumor_like	stroma_fibroblast	CCL2	CCR2	CCL chemokine	1.921190935710078e-07	1675	666	2.5
commot_pilot_v1	GSE283052	GSM8655165_P15	colorectal cancer	Visium	tumor_like	ambiguous_or_low_signal	CCL2	CCR2	CCL chemokine	1.5962965919067762e-06	1675	374	2.5
commot_pilot_v1	GSE283052	GSM8655165_P15	colorectal cancer	Visium	stroma_fibroblast	tumor_like	CCL2	CCR2	CCL chemokine	1.2205110818658221e-06	666	1675	2.5
commot_pilot_v1	GSE283052	GSM8655165_P15	colorectal cancer	Visium	stroma_fibroblast	stroma_fibroblast	CCL2	CCR2	CCL chemokine	6.570141628440407e-05	666	666	2.5
commot_pilot_v1	GSE283052	GSM8655165_P15	colorectal cancer	Visium	stroma_fibroblast	ambiguous_or_low_signal	CCL2	CCR2	CCL chemokine	8.413735419348095e-06	666	374	2.5
commot_pilot_v1	GSE283052	GSM8655165_P15	colorectal cancer	Visium	ambiguous_or_low_signal	tumor_like	CCL2	CCR2	CCL chemokine	6.966133410222466e-06	374	1675	2.5
commot_pilot_v1	GSE283052	GSM8655165_P15	colorectal cancer	Visium	ambiguous_or_low_signal	stroma_fibroblast	CCL2	CCR2	CCL chemokine	2.583161277808932e-06	374	666	2.5
commot_pilot_v1	GSE283052	GSM8655165_P15	colorectal cancer	Visium	ambiguous_or_low_signal	ambiguous_or_low_signal	CCL2	CCR2	CCL chemokine	1.3614009028046989e-05	374	374	2.5
commot_pilot_v1	GSE283052	GSM8655165_P15	colorectal cancer	Visium	tumor_like	tumor_like	VEGFA	KDR	VEGF	3.181428796013158e-05	1675	1675	2.5
commot_pilot_v1	GSE283052	GSM8655165_P15	colorectal cancer	Visium	tumor_like	stroma_fibroblast	VEGFA	KDR	VEGF	1.5854146130508845e-05	1675	666	2.5
commot_pilot_v1	GSE283052	GSM8655165_P15	colorectal cancer	Visium	tumor_like	ambiguous_or_low_signal	VEGFA	KDR	VEGF	1.566319100562414e-05	1675	374	2.5
commot_pilot_v1	GSE283052	GSM8655165_P15	colorectal cancer	Visium	stroma_fibroblast	tumor_like	VEGFA	KDR	VEGF	3.344958564863081e-07	666	1675	2.5
commot_pilot_v1	GSE283052	GSM8655165_P15	colorectal cancer	Visium	stroma_fibroblast	stroma_fibroblast	VEGFA	KDR	VEGF	0.00011017492871910918	666	666	2.5
commot_pilot_v1	GSE283052	GSM8655165_P15	colorectal cancer	Visium	stroma_fibroblast	ambiguous_or_low_signal	VEGFA	KDR	VEGF	3.303842260052643e-06	666	374	2.5
commot_pilot_v1	GSE283052	GSM8655165_P15	colorectal cancer	Visium	ambiguous_or_low_signal	tumor_like	VEGFA	KDR	VEGF	3.7798571141395627e-06	374	1675	2.5
commot_pilot_v1	GSE283052	GSM8655165_P15	colorectal cancer	Visium	ambiguous_or_low_signal	stroma_fibroblast	VEGFA	KDR	VEGF	1.3831304303680084e-05	374	666	2.5
commot_pilot_v1	GSE283052	GSM8655165_P15	colorectal cancer	Visium	ambiguous_or_low_signal	ambiguous_or_low_signal	VEGFA	KDR	VEGF	0.00015274142632777502	374	374	2.5
commot_pilot_v1	GSE283052	GSM8655165_P15	colorectal cancer	Visium	tumor_like	tumor_like	SPP1	CD44	SPP1	0.0003365434794937894	1675	1675	2.5
commot_pilot_v1	GSE283052	GSM8655165_P15	colorectal cancer	Visium	tumor_like	stroma_fibroblast	SPP1	CD44	SPP1	6.242466720728421e-06	1675	666	2.5
commot_pilot_v1	GSE283052	GSM8655165_P15	colorectal cancer	Visium	tumor_like	ambiguous_or_low_signal	SPP1	CD44	SPP1	2.3646724566961518e-05	1675	374	2.5
commot_pilot_v1	GSE283052	GSM8655165_P15	colorectal cancer	Visium	stroma_fibroblast	tumor_like	SPP1	CD44	SPP1	1.511571747808785e-05	666	1675	2.5
commot_pilot_v1	GSE283052	GSM8655165_P15	colorectal cancer	Visium	stroma_fibroblast	stroma_fibroblast	SPP1	CD44	SPP1	0.00045484382405486083	666	666	2.5
commot_pilot_v1	GSE283052	GSM8655165_P15	colorectal cancer	Visium	stroma_fibroblast	ambiguous_or_low_signal	SPP1	CD44	SPP1	5.391644245011161e-05	666	374	2.5
commot_pilot_v1	GSE283052	GSM8655165_P15	colorectal cancer	Visium	ambiguous_or_low_signal	tumor_like	SPP1	CD44	SPP1	8.174784702843696e-05	374	1675	2.5
commot_pilot_v1	GSE283052	GSM8655165_P15	colorectal cancer	Visium	ambiguous_or_low_signal	stroma_fibroblast	SPP1	CD44	SPP1	5.809321129270328e-05	374	666	2.5
commot_pilot_v1	GSE283052	GSM8655165_P15	colorectal cancer	Visium	ambiguous_or_low_signal	ambiguous_or_low_signal	SPP1	CD44	SPP1	0.0008037478863510663	374	374	2.5
commot_pilot_v1	GSE283052	GSM8655165_P15	colorectal cancer	Visium	tumor_like	tumor_like	SPP1	ITGAV	SPP1	0.00013295985207937932	1675	1675	2.5
commot_pilot_v1	GSE283052	GSM8655165_P15	colorectal cancer	Visium	tumor_like	stroma_fibroblast	SPP1	ITGAV	SPP1	1.2928727311155179e-05	1675	666	2.5
commot_pilot_v1	GSE283052	GSM8655165_P15	colorectal cancer	Visium	tumor_like	ambiguous_or_low_signal	SPP1	ITGAV	SPP1	3.578886781052251e-05	1675	374	2.5
commot_pilot_v1	GSE283052	GSM8655165_P15	colorectal cancer	Visium	stroma_fibroblast	tumor_like	SPP1	ITGAV	SPP1	1.2599338919063884e-05	666	1675	2.5
commot_pilot_v1	GSE283052	GSM8655165_P15	colorectal cancer	Visium	stroma_fibroblast	stroma_fibroblast	SPP1	ITGAV	SPP1	0.00035736994139212806	666	666	2.5
commot_pilot_v1	GSE283052	GSM8655165_P15	colorectal cancer	Visium	stroma_fibroblast	ambiguous_or_low_signal	SPP1	ITGAV	SPP1	6.470436676456647e-05	666	374	2.5
commot_pilot_v1	GSE283052	GSM8655165_P15	colorectal cancer	Visium	ambiguous_or_low_signal	tumor_like	SPP1	ITGAV	SPP1	4.509171932191923e-05	374	1675	2.5
commot_pilot_v1	GSE283052	GSM8655165_P15	colorectal cancer	Visium	ambiguous_or_low_signal	stroma_fibroblast	SPP1	ITGAV	SPP1	8.523780491447406e-05	374	666	2.5
commot_pilot_v1	GSE283052	GSM8655165_P15	colorectal cancer	Visium	ambiguous_or_low_signal	ambiguous_or_low_signal	SPP1	ITGAV	SPP1	0.0004634333794524638	374	374	2.5
commot_pilot_v1	GSE283052	GSM8655165_P15	colorectal cancer	Visium	tumor_like	tumor_like	MIF	CD74	MIF	0.0025131816118107173	1675	1675	2.5
commot_pilot_v1	GSE283052	GSM8655165_P15	colorectal cancer	Visium	tumor_like	stroma_fibroblast	MIF	CD74	MIF	0.0007399050109863195	1675	666	2.5
commot_pilot_v1	GSE283052	GSM8655165_P15	colorectal cancer	Visium	tumor_like	ambiguous_or_low_signal	MIF	CD74	MIF	0.0015091487050097351	1675	374	2.5
commot_pilot_v1	GSE283052	GSM8655165_P15	colorectal cancer	Visium	stroma_fibroblast	tumor_like	MIF	CD74	MIF	7.41869112025275e-05	666	1675	2.5
commot_pilot_v1	GSE283052	GSM8655165_P15	colorectal cancer	Visium	stroma_fibroblast	stroma_fibroblast	MIF	CD74	MIF	0.01303539180920164	666	666	2.5
commot_pilot_v1	GSE283052	GSM8655165_P15	colorectal cancer	Visium	stroma_fibroblast	ambiguous_or_low_signal	MIF	CD74	MIF	0.0003429458005262037	666	374	2.5
commot_pilot_v1	GSE283052	GSM8655165_P15	colorectal cancer	Visium	ambiguous_or_low_signal	tumor_like	MIF	CD74	MIF	0.0002745138350780509	374	1675	2.5
commot_pilot_v1	GSE283052	GSM8655165_P15	colorectal cancer	Visium	ambiguous_or_low_signal	stroma_fibroblast	MIF	CD74	MIF	0.0013155602013931768	374	666	2.5
commot_pilot_v1	GSE283052	GSM8655165_P15	colorectal cancer	Visium	ambiguous_or_low_signal	ambiguous_or_low_signal	MIF	CD74	MIF	0.020027545589160537	374	374	2.5
commot_pilot_v1	GSE283052	GSM8655165_P15	colorectal cancer	Visium	tumor_like	tumor_like	DLL4	NOTCH1	NOTCH	0.00011458030134914864	1675	1675	2.5
commot_pilot_v1	GSE283052	GSM8655165_P15	colorectal cancer	Visium	tumor_like	stroma_fibroblast	DLL4	NOTCH1	NOTCH	5.0454568928583384e-06	1675	666	2.5
commot_pilot_v1	GSE283052	GSM8655165_P15	colorectal cancer	Visium	tumor_like	ambiguous_or_low_signal	DLL4	NOTCH1	NOTCH	1.4210523729705742e-05	1675	374	2.5
commot_pilot_v1	GSE283052	GSM8655165_P15	colorectal cancer	Visium	stroma_fibroblast	tumor_like	DLL4	NOTCH1	NOTCH	1.2770900256896816e-05	666	1675	2.5
commot_pilot_v1	GSE283052	GSM8655165_P15	colorectal cancer	Visium	stroma_fibroblast	stroma_fibroblast	DLL4	NOTCH1	NOTCH	0.00022397852267924413	666	666	2.5
commot_pilot_v1	GSE283052	GSM8655165_P15	colorectal cancer	Visium	stroma_fibroblast	ambiguous_or_low_signal	DLL4	NOTCH1	NOTCH	4.178174746894905e-05	666	374	2.5
commot_pilot_v1	GSE283052	GSM8655165_P15	colorectal cancer	Visium	ambiguous_or_low_signal	tumor_like	DLL4	NOTCH1	NOTCH	3.234360719245175e-05	374	1675	2.5
commot_pilot_v1	GSE283052	GSM8655165_P15	colorectal cancer	Visium	ambiguous_or_low_signal	stroma_fibroblast	DLL4	NOTCH1	NOTCH	3.010470890971482e-05	374	666	2.5
commot_pilot_v1	GSE283052	GSM8655165_P15	colorectal cancer	Visium	ambiguous_or_low_signal	ambiguous_or_low_signal	DLL4	NOTCH1	NOTCH	0.0004378145354472641	374	374	2.5
commot_pilot_v1	GSE283052	GSM8655165_P15	colorectal cancer	Visium	tumor_like	tumor_like	JAG1	NOTCH2	NOTCH	0.0002053942821865722	1675	1675	2.5
commot_pilot_v1	GSE283052	GSM8655165_P15	colorectal cancer	Visium	tumor_like	stroma_fibroblast	JAG1	NOTCH2	NOTCH	3.06294566993544e-05	1675	666	2.5
commot_pilot_v1	GSE283052	GSM8655165_P15	colorectal cancer	Visium	tumor_like	ambiguous_or_low_signal	JAG1	NOTCH2	NOTCH	8.171848894547994e-05	1675	374	2.5
commot_pilot_v1	GSE283052	GSM8655165_P15	colorectal cancer	Visium	stroma_fibroblast	tumor_like	JAG1	NOTCH2	NOTCH	2.028637985843931e-05	666	1675	2.5
commot_pilot_v1	GSE283052	GSM8655165_P15	colorectal cancer	Visium	stroma_fibroblast	stroma_fibroblast	JAG1	NOTCH2	NOTCH	0.00046382161117654406	666	666	2.5
commot_pilot_v1	GSE283052	GSM8655165_P15	colorectal cancer	Visium	stroma_fibroblast	ambiguous_or_low_signal	JAG1	NOTCH2	NOTCH	0.00010591932191577165	666	374	2.5
commot_pilot_v1	GSE283052	GSM8655165_P15	colorectal cancer	Visium	ambiguous_or_low_signal	tumor_like	JAG1	NOTCH2	NOTCH	7.717343629182975e-05	374	1675	2.5
commot_pilot_v1	GSE283052	GSM8655165_P15	colorectal cancer	Visium	ambiguous_or_low_signal	stroma_fibroblast	JAG1	NOTCH2	NOTCH	7.928298022621552e-05	374	666	2.5
commot_pilot_v1	GSE283052	GSM8655165_P15	colorectal cancer	Visium	ambiguous_or_low_signal	ambiguous_or_low_signal	JAG1	NOTCH2	NOTCH	0.0005901301158754691	374	374	2.5
commot_pilot_v1	GSE283052	GSM8655165_P15	colorectal cancer	Visium	tumor_like	tumor_like	WNT5A	FZD5	WNT	9.953593385238067e-05	1675	1675	2.5
commot_pilot_v1	GSE283052	GSM8655165_P15	colorectal cancer	Visium	tumor_like	stroma_fibroblast	WNT5A	FZD5	WNT	7.361373942553672e-06	1675	666	2.5
commot_pilot_v1	GSE283052	GSM8655165_P15	colorectal cancer	Visium	tumor_like	ambiguous_or_low_signal	WNT5A	FZD5	WNT	1.8503176684401094e-05	1675	374	2.5
commot_pilot_v1	GSE283052	GSM8655165_P15	colorectal cancer	Visium	stroma_fibroblast	tumor_like	WNT5A	FZD5	WNT	6.403472897267842e-05	666	1675	2.5
commot_pilot_v1	GSE283052	GSM8655165_P15	colorectal cancer	Visium	stroma_fibroblast	stroma_fibroblast	WNT5A	FZD5	WNT	0.00017829470155433547	666	666	2.5
commot_pilot_v1	GSE283052	GSM8655165_P15	colorectal cancer	Visium	stroma_fibroblast	ambiguous_or_low_signal	WNT5A	FZD5	WNT	8.830809808981114e-05	666	374	2.5
commot_pilot_v1	GSE283052	GSM8655165_P15	colorectal cancer	Visium	ambiguous_or_low_signal	tumor_like	WNT5A	FZD5	WNT	9.766771521866088e-05	374	1675	2.5
commot_pilot_v1	GSE283052	GSM8655165_P15	colorectal cancer	Visium	ambiguous_or_low_signal	stroma_fibroblast	WNT5A	FZD5	WNT	4.92818596548635e-05	374	666	2.5
commot_pilot_v1	GSE283052	GSM8655165_P15	colorectal cancer	Visium	ambiguous_or_low_signal	ambiguous_or_low_signal	WNT5A	FZD5	WNT	0.0003571962084663892	374	374	2.5
commot_pilot_v1	GSE283052	GSM8655165_P15	colorectal cancer	Visium	tumor_like	tumor_like	HBEGF	EGFR	EGF/ERBB	0.00016108450751943688	1675	1675	2.5
commot_pilot_v1	GSE283052	GSM8655165_P15	colorectal cancer	Visium	tumor_like	stroma_fibroblast	HBEGF	EGFR	EGF/ERBB	9.771269974419536e-06	1675	666	2.5
commot_pilot_v1	GSE283052	GSM8655165_P15	colorectal cancer	Visium	tumor_like	ambiguous_or_low_signal	HBEGF	EGFR	EGF/ERBB	4.484684344819316e-05	1675	374	2.5
commot_pilot_v1	GSE283052	GSM8655165_P15	colorectal cancer	Visium	stroma_fibroblast	tumor_like	HBEGF	EGFR	EGF/ERBB	7.085785960261788e-06	666	1675	2.5
commot_pilot_v1	GSE283052	GSM8655165_P15	colorectal cancer	Visium	stroma_fibroblast	stroma_fibroblast	HBEGF	EGFR	EGF/ERBB	0.00015262842031513337	666	666	2.5
commot_pilot_v1	GSE283052	GSM8655165_P15	colorectal cancer	Visium	stroma_fibroblast	ambiguous_or_low_signal	HBEGF	EGFR	EGF/ERBB	1.6692765695401197e-05	666	374	2.5
commot_pilot_v1	GSE283052	GSM8655165_P15	colorectal cancer	Visium	ambiguous_or_low_signal	tumor_like	HBEGF	EGFR	EGF/ERBB	2.9048040785404578e-05	374	1675	2.5
commot_pilot_v1	GSE283052	GSM8655165_P15	colorectal cancer	Visium	ambiguous_or_low_signal	stroma_fibroblast	HBEGF	EGFR	EGF/ERBB	3.875912165290334e-05	374	666	2.5
commot_pilot_v1	GSE283052	GSM8655165_P15	colorectal cancer	Visium	ambiguous_or_low_signal	ambiguous_or_low_signal	HBEGF	EGFR	EGF/ERBB	0.00023913695562394148	374	374	2.5
commot_pilot_v1	GSE283052	GSM8655165_P15	colorectal cancer	Visium	tumor_like	tumor_like	COL1A1	ITGA2	ECM-integrin	0.00031535103266243543	1675	1675	2.5
commot_pilot_v1	GSE283052	GSM8655165_P15	colorectal cancer	Visium	tumor_like	stroma_fibroblast	COL1A1	ITGA2	ECM-integrin	2.2339729689161315e-08	1675	666	2.5
commot_pilot_v1	GSE283052	GSM8655165_P15	colorectal cancer	Visium	tumor_like	ambiguous_or_low_signal	COL1A1	ITGA2	ECM-integrin	2.946296984889364e-07	1675	374	2.5
commot_pilot_v1	GSE283052	GSM8655165_P15	colorectal cancer	Visium	stroma_fibroblast	tumor_like	COL1A1	ITGA2	ECM-integrin	6.322573273585681e-06	666	1675	2.5
commot_pilot_v1	GSE283052	GSM8655165_P15	colorectal cancer	Visium	stroma_fibroblast	stroma_fibroblast	COL1A1	ITGA2	ECM-integrin	0.000261302790700877	666	666	2.5
commot_pilot_v1	GSE283052	GSM8655165_P15	colorectal cancer	Visium	stroma_fibroblast	ambiguous_or_low_signal	COL1A1	ITGA2	ECM-integrin	5.822628007837012e-06	666	374	2.5
commot_pilot_v1	GSE283052	GSM8655165_P15	colorectal cancer	Visium	ambiguous_or_low_signal	tumor_like	COL1A1	ITGA2	ECM-integrin	3.382570427472786e-05	374	1675	2.5
commot_pilot_v1	GSE283052	GSM8655165_P15	colorectal cancer	Visium	ambiguous_or_low_signal	stroma_fibroblast	COL1A1	ITGA2	ECM-integrin	2.917019255639745e-07	374	666	2.5
commot_pilot_v1	GSE283052	GSM8655165_P15	colorectal cancer	Visium	ambiguous_or_low_signal	ambiguous_or_low_signal	COL1A1	ITGA2	ECM-integrin	0.0008891096810795101	374	374	2.5
commot_pilot_v1	GSE283052	GSM8655166_P17	colorectal cancer	Visium	tumor_like	tumor_like	TGFB1	TGFBR1	TGFB	6.464969530497235e-05	1772	1772	2.5
commot_pilot_v1	GSE283052	GSM8655166_P17	colorectal cancer	Visium	tumor_like	stroma_fibroblast	TGFB1	TGFBR1	TGFB	1.9149966088666418e-05	1772	196	2.5
commot_pilot_v1	GSE283052	GSM8655166_P17	colorectal cancer	Visium	tumor_like	ambiguous_or_low_signal	TGFB1	TGFBR1	TGFB	3.207440451822548e-05	1772	256	2.5
commot_pilot_v1	GSE283052	GSM8655166_P17	colorectal cancer	Visium	stroma_fibroblast	tumor_like	TGFB1	TGFBR1	TGFB	3.3345880219330705e-05	196	1772	2.5
commot_pilot_v1	GSE283052	GSM8655166_P17	colorectal cancer	Visium	stroma_fibroblast	stroma_fibroblast	TGFB1	TGFBR1	TGFB	0.003919700584523671	196	196	2.5
commot_pilot_v1	GSE283052	GSM8655166_P17	colorectal cancer	Visium	stroma_fibroblast	ambiguous_or_low_signal	TGFB1	TGFBR1	TGFB	0.000354806411869244	196	256	2.5
commot_pilot_v1	GSE283052	GSM8655166_P17	colorectal cancer	Visium	ambiguous_or_low_signal	tumor_like	TGFB1	TGFBR1	TGFB	5.589506049763319e-05	256	1772	2.5
commot_pilot_v1	GSE283052	GSM8655166_P17	colorectal cancer	Visium	ambiguous_or_low_signal	stroma_fibroblast	TGFB1	TGFBR1	TGFB	0.00024137673578547933	256	196	2.5
commot_pilot_v1	GSE283052	GSM8655166_P17	colorectal cancer	Visium	ambiguous_or_low_signal	ambiguous_or_low_signal	TGFB1	TGFBR1	TGFB	0.0014253722689345238	256	256	2.5
commot_pilot_v1	GSE283052	GSM8655166_P17	colorectal cancer	Visium	tumor_like	tumor_like	TGFB1	TGFBR2	TGFB	0.00010498826131853818	1772	1772	2.5
commot_pilot_v1	GSE283052	GSM8655166_P17	colorectal cancer	Visium	tumor_like	stroma_fibroblast	TGFB1	TGFBR2	TGFB	2.1262837290110608e-05	1772	196	2.5
commot_pilot_v1	GSE283052	GSM8655166_P17	colorectal cancer	Visium	tumor_like	ambiguous_or_low_signal	TGFB1	TGFBR2	TGFB	1.547093653930583e-05	1772	256	2.5
commot_pilot_v1	GSE283052	GSM8655166_P17	colorectal cancer	Visium	stroma_fibroblast	tumor_like	TGFB1	TGFBR2	TGFB	3.418793024321313e-05	196	1772	2.5
commot_pilot_v1	GSE283052	GSM8655166_P17	colorectal cancer	Visium	stroma_fibroblast	stroma_fibroblast	TGFB1	TGFBR2	TGFB	0.0053842060244883635	196	196	2.5
commot_pilot_v1	GSE283052	GSM8655166_P17	colorectal cancer	Visium	stroma_fibroblast	ambiguous_or_low_signal	TGFB1	TGFBR2	TGFB	0.0002884727481377805	196	256	2.5
commot_pilot_v1	GSE283052	GSM8655166_P17	colorectal cancer	Visium	ambiguous_or_low_signal	tumor_like	TGFB1	TGFBR2	TGFB	5.8897399200859125e-05	256	1772	2.5
commot_pilot_v1	GSE283052	GSM8655166_P17	colorectal cancer	Visium	ambiguous_or_low_signal	stroma_fibroblast	TGFB1	TGFBR2	TGFB	0.0002514708093945502	256	196	2.5
commot_pilot_v1	GSE283052	GSM8655166_P17	colorectal cancer	Visium	ambiguous_or_low_signal	ambiguous_or_low_signal	TGFB1	TGFBR2	TGFB	0.0023101067787720054	256	256	2.5
commot_pilot_v1	GSE283052	GSM8655166_P17	colorectal cancer	Visium	tumor_like	tumor_like	CXCL12	CXCR4	CXCL chemokine	1.873570534926694e-05	1772	1772	2.5
commot_pilot_v1	GSE283052	GSM8655166_P17	colorectal cancer	Visium	tumor_like	stroma_fibroblast	CXCL12	CXCR4	CXCL chemokine	5.200831124348413e-06	1772	196	2.5
commot_pilot_v1	GSE283052	GSM8655166_P17	colorectal cancer	Visium	tumor_like	ambiguous_or_low_signal	CXCL12	CXCR4	CXCL chemokine	3.048743052553281e-06	1772	256	2.5
commot_pilot_v1	GSE283052	GSM8655166_P17	colorectal cancer	Visium	stroma_fibroblast	tumor_like	CXCL12	CXCR4	CXCL chemokine	1.1576754463330774e-05	196	1772	2.5
commot_pilot_v1	GSE283052	GSM8655166_P17	colorectal cancer	Visium	stroma_fibroblast	stroma_fibroblast	CXCL12	CXCR4	CXCL chemokine	0.0010341056948656021	196	196	2.5
commot_pilot_v1	GSE283052	GSM8655166_P17	colorectal cancer	Visium	stroma_fibroblast	ambiguous_or_low_signal	CXCL12	CXCR4	CXCL chemokine	0.00016680107816471223	196	256	2.5
commot_pilot_v1	GSE283052	GSM8655166_P17	colorectal cancer	Visium	ambiguous_or_low_signal	tumor_like	CXCL12	CXCR4	CXCL chemokine	1.2710694257564112e-05	256	1772	2.5
commot_pilot_v1	GSE283052	GSM8655166_P17	colorectal cancer	Visium	ambiguous_or_low_signal	stroma_fibroblast	CXCL12	CXCR4	CXCL chemokine	0.00015703263148399512	256	196	2.5
commot_pilot_v1	GSE283052	GSM8655166_P17	colorectal cancer	Visium	ambiguous_or_low_signal	ambiguous_or_low_signal	CXCL12	CXCR4	CXCL chemokine	0.00027800382253732533	256	256	2.5
commot_pilot_v1	GSE283052	GSM8655166_P17	colorectal cancer	Visium	tumor_like	tumor_like	CXCL9	CXCR3	CXCL chemokine	1.0058039410043938e-05	1772	1772	2.5
commot_pilot_v1	GSE283052	GSM8655166_P17	colorectal cancer	Visium	tumor_like	stroma_fibroblast	CXCL9	CXCR3	CXCL chemokine	2.1119230876200917e-06	1772	196	2.5
commot_pilot_v1	GSE283052	GSM8655166_P17	colorectal cancer	Visium	tumor_like	ambiguous_or_low_signal	CXCL9	CXCR3	CXCL chemokine	6.391811450312841e-06	1772	256	2.5
commot_pilot_v1	GSE283052	GSM8655166_P17	colorectal cancer	Visium	stroma_fibroblast	tumor_like	CXCL9	CXCR3	CXCL chemokine	8.221709956668949e-08	196	1772	2.5
commot_pilot_v1	GSE283052	GSM8655166_P17	colorectal cancer	Visium	stroma_fibroblast	stroma_fibroblast	CXCL9	CXCR3	CXCL chemokine	0.00013078875937753566	196	196	2.5
commot_pilot_v1	GSE283052	GSM8655166_P17	colorectal cancer	Visium	stroma_fibroblast	ambiguous_or_low_signal	CXCL9	CXCR3	CXCL chemokine	1.1314172191554737e-05	196	256	2.5
commot_pilot_v1	GSE283052	GSM8655166_P17	colorectal cancer	Visium	ambiguous_or_low_signal	tumor_like	CXCL9	CXCR3	CXCL chemokine	9.676041804387577e-06	256	1772	2.5
commot_pilot_v1	GSE283052	GSM8655166_P17	colorectal cancer	Visium	ambiguous_or_low_signal	stroma_fibroblast	CXCL9	CXCR3	CXCL chemokine	4.468516398965828e-05	256	196	2.5
commot_pilot_v1	GSE283052	GSM8655166_P17	colorectal cancer	Visium	ambiguous_or_low_signal	ambiguous_or_low_signal	CXCL9	CXCR3	CXCL chemokine	8.44233685957067e-05	256	256	2.5
commot_pilot_v1	GSE283052	GSM8655166_P17	colorectal cancer	Visium	tumor_like	tumor_like	CCL2	CCR2	CCL chemokine	2.8589599835752017e-06	1772	1772	2.5
commot_pilot_v1	GSE283052	GSM8655166_P17	colorectal cancer	Visium	tumor_like	stroma_fibroblast	CCL2	CCR2	CCL chemokine	2.5380817665918225e-09	1772	196	2.5
commot_pilot_v1	GSE283052	GSM8655166_P17	colorectal cancer	Visium	tumor_like	ambiguous_or_low_signal	CCL2	CCR2	CCL chemokine	9.987825690318665e-07	1772	256	2.5
commot_pilot_v1	GSE283052	GSM8655166_P17	colorectal cancer	Visium	stroma_fibroblast	tumor_like	CCL2	CCR2	CCL chemokine	6.976063914136371e-08	196	1772	2.5
commot_pilot_v1	GSE283052	GSM8655166_P17	colorectal cancer	Visium	stroma_fibroblast	stroma_fibroblast	CCL2	CCR2	CCL chemokine	0.0002601676058978442	196	196	2.5
commot_pilot_v1	GSE283052	GSM8655166_P17	colorectal cancer	Visium	stroma_fibroblast	ambiguous_or_low_signal	CCL2	CCR2	CCL chemokine	3.4348825549717157e-06	196	256	2.5
commot_pilot_v1	GSE283052	GSM8655166_P17	colorectal cancer	Visium	ambiguous_or_low_signal	tumor_like	CCL2	CCR2	CCL chemokine	4.405956122654873e-06	256	1772	2.5
commot_pilot_v1	GSE283052	GSM8655166_P17	colorectal cancer	Visium	ambiguous_or_low_signal	stroma_fibroblast	CCL2	CCR2	CCL chemokine	9.007783749014175e-08	256	196	2.5
commot_pilot_v1	GSE283052	GSM8655166_P17	colorectal cancer	Visium	ambiguous_or_low_signal	ambiguous_or_low_signal	CCL2	CCR2	CCL chemokine	8.200945432383269e-05	256	256	2.5
commot_pilot_v1	GSE283052	GSM8655166_P17	colorectal cancer	Visium	tumor_like	tumor_like	VEGFA	KDR	VEGF	1.9431099895128906e-05	1772	1772	2.5
commot_pilot_v1	GSE283052	GSM8655166_P17	colorectal cancer	Visium	tumor_like	stroma_fibroblast	VEGFA	KDR	VEGF	2.605511402435775e-06	1772	196	2.5
commot_pilot_v1	GSE283052	GSM8655166_P17	colorectal cancer	Visium	tumor_like	ambiguous_or_low_signal	VEGFA	KDR	VEGF	5.440650505820729e-06	1772	256	2.5
commot_pilot_v1	GSE283052	GSM8655166_P17	colorectal cancer	Visium	stroma_fibroblast	tumor_like	VEGFA	KDR	VEGF	9.453903009570367e-07	196	1772	2.5
commot_pilot_v1	GSE283052	GSM8655166_P17	colorectal cancer	Visium	stroma_fibroblast	stroma_fibroblast	VEGFA	KDR	VEGF	0.0006571878810425727	196	196	2.5
commot_pilot_v1	GSE283052	GSM8655166_P17	colorectal cancer	Visium	stroma_fibroblast	ambiguous_or_low_signal	VEGFA	KDR	VEGF	1.9467309790063622e-05	196	256	2.5
commot_pilot_v1	GSE283052	GSM8655166_P17	colorectal cancer	Visium	ambiguous_or_low_signal	tumor_like	VEGFA	KDR	VEGF	1.4512023637831486e-06	256	1772	2.5
commot_pilot_v1	GSE283052	GSM8655166_P17	colorectal cancer	Visium	ambiguous_or_low_signal	stroma_fibroblast	VEGFA	KDR	VEGF	3.684121862376157e-05	256	196	2.5
commot_pilot_v1	GSE283052	GSM8655166_P17	colorectal cancer	Visium	ambiguous_or_low_signal	ambiguous_or_low_signal	VEGFA	KDR	VEGF	0.00023735283040950567	256	256	2.5
commot_pilot_v1	GSE283052	GSM8655166_P17	colorectal cancer	Visium	tumor_like	tumor_like	SPP1	CD44	SPP1	3.055775766621228e-05	1772	1772	2.5
commot_pilot_v1	GSE283052	GSM8655166_P17	colorectal cancer	Visium	tumor_like	stroma_fibroblast	SPP1	CD44	SPP1	2.642088075440913e-06	1772	196	2.5
commot_pilot_v1	GSE283052	GSM8655166_P17	colorectal cancer	Visium	tumor_like	ambiguous_or_low_signal	SPP1	CD44	SPP1	9.380501920516225e-06	1772	256	2.5
commot_pilot_v1	GSE283052	GSM8655166_P17	colorectal cancer	Visium	stroma_fibroblast	tumor_like	SPP1	CD44	SPP1	3.174064758802946e-05	196	1772	2.5
commot_pilot_v1	GSE283052	GSM8655166_P17	colorectal cancer	Visium	stroma_fibroblast	stroma_fibroblast	SPP1	CD44	SPP1	0.0015019124143482404	196	196	2.5
commot_pilot_v1	GSE283052	GSM8655166_P17	colorectal cancer	Visium	stroma_fibroblast	ambiguous_or_low_signal	SPP1	CD44	SPP1	7.983164523481709e-05	196	256	2.5
commot_pilot_v1	GSE283052	GSM8655166_P17	colorectal cancer	Visium	ambiguous_or_low_signal	tumor_like	SPP1	CD44	SPP1	7.252021245069099e-06	256	1772	2.5
commot_pilot_v1	GSE283052	GSM8655166_P17	colorectal cancer	Visium	ambiguous_or_low_signal	stroma_fibroblast	SPP1	CD44	SPP1	1.832492787269691e-06	256	196	2.5
commot_pilot_v1	GSE283052	GSM8655166_P17	colorectal cancer	Visium	ambiguous_or_low_signal	ambiguous_or_low_signal	SPP1	CD44	SPP1	0.0006270986120737428	256	256	2.5
commot_pilot_v1	GSE283052	GSM8655166_P17	colorectal cancer	Visium	tumor_like	tumor_like	SPP1	ITGAV	SPP1	1.9494426576440228e-05	1772	1772	2.5
commot_pilot_v1	GSE283052	GSM8655166_P17	colorectal cancer	Visium	tumor_like	stroma_fibroblast	SPP1	ITGAV	SPP1	9.992877233434783e-06	1772	196	2.5
commot_pilot_v1	GSE283052	GSM8655166_P17	colorectal cancer	Visium	tumor_like	ambiguous_or_low_signal	SPP1	ITGAV	SPP1	1.3652854935531089e-05	1772	256	2.5
commot_pilot_v1	GSE283052	GSM8655166_P17	colorectal cancer	Visium	stroma_fibroblast	tumor_like	SPP1	ITGAV	SPP1	3.0850564139736666e-05	196	1772	2.5
commot_pilot_v1	GSE283052	GSM8655166_P17	colorectal cancer	Visium	stroma_fibroblast	stroma_fibroblast	SPP1	ITGAV	SPP1	0.0013343807457590132	196	196	2.5
commot_pilot_v1	GSE283052	GSM8655166_P17	colorectal cancer	Visium	stroma_fibroblast	ambiguous_or_low_signal	SPP1	ITGAV	SPP1	7.566679480126075e-05	196	256	2.5
commot_pilot_v1	GSE283052	GSM8655166_P17	colorectal cancer	Visium	ambiguous_or_low_signal	tumor_like	SPP1	ITGAV	SPP1	6.3159140362527695e-06	256	1772	2.5
commot_pilot_v1	GSE283052	GSM8655166_P17	colorectal cancer	Visium	ambiguous_or_low_signal	stroma_fibroblast	SPP1	ITGAV	SPP1	1.3519106829812688e-05	256	196	2.5
commot_pilot_v1	GSE283052	GSM8655166_P17	colorectal cancer	Visium	ambiguous_or_low_signal	ambiguous_or_low_signal	SPP1	ITGAV	SPP1	0.0005718587397486964	256	256	2.5
commot_pilot_v1	GSE283052	GSM8655166_P17	colorectal cancer	Visium	tumor_like	tumor_like	MIF	CD74	MIF	0.0017563508956256098	1772	1772	2.5
commot_pilot_v1	GSE283052	GSM8655166_P17	colorectal cancer	Visium	tumor_like	stroma_fibroblast	MIF	CD74	MIF	0.0004882752327939039	1772	196	2.5
commot_pilot_v1	GSE283052	GSM8655166_P17	colorectal cancer	Visium	tumor_like	ambiguous_or_low_signal	MIF	CD74	MIF	0.0008899906624995648	1772	256	2.5
commot_pilot_v1	GSE283052	GSM8655166_P17	colorectal cancer	Visium	stroma_fibroblast	tumor_like	MIF	CD74	MIF	1.8367803892120137e-05	196	1772	2.5
commot_pilot_v1	GSE283052	GSM8655166_P17	colorectal cancer	Visium	stroma_fibroblast	stroma_fibroblast	MIF	CD74	MIF	0.03456336877958534	196	196	2.5
commot_pilot_v1	GSE283052	GSM8655166_P17	colorectal cancer	Visium	stroma_fibroblast	ambiguous_or_low_signal	MIF	CD74	MIF	0.0012161552996604059	196	256	2.5
commot_pilot_v1	GSE283052	GSM8655166_P17	colorectal cancer	Visium	ambiguous_or_low_signal	tumor_like	MIF	CD74	MIF	0.00016282502198887254	256	1772	2.5
commot_pilot_v1	GSE283052	GSM8655166_P17	colorectal cancer	Visium	ambiguous_or_low_signal	stroma_fibroblast	MIF	CD74	MIF	0.002056477439728294	256	196	2.5
commot_pilot_v1	GSE283052	GSM8655166_P17	colorectal cancer	Visium	ambiguous_or_low_signal	ambiguous_or_low_signal	MIF	CD74	MIF	0.021137272170124188	256	256	2.5
commot_pilot_v1	GSE283052	GSM8655166_P17	colorectal cancer	Visium	tumor_like	tumor_like	DLL4	NOTCH1	NOTCH	4.984916942063616e-05	1772	1772	2.5
commot_pilot_v1	GSE283052	GSM8655166_P17	colorectal cancer	Visium	tumor_like	stroma_fibroblast	DLL4	NOTCH1	NOTCH	5.974722171822026e-06	1772	196	2.5
commot_pilot_v1	GSE283052	GSM8655166_P17	colorectal cancer	Visium	tumor_like	ambiguous_or_low_signal	DLL4	NOTCH1	NOTCH	9.697977433208235e-06	1772	256	2.5
commot_pilot_v1	GSE283052	GSM8655166_P17	colorectal cancer	Visium	stroma_fibroblast	tumor_like	DLL4	NOTCH1	NOTCH	1.565521537020606e-05	196	1772	2.5
commot_pilot_v1	GSE283052	GSM8655166_P17	colorectal cancer	Visium	stroma_fibroblast	stroma_fibroblast	DLL4	NOTCH1	NOTCH	0.0010339235791746327	196	196	2.5
commot_pilot_v1	GSE283052	GSM8655166_P17	colorectal cancer	Visium	stroma_fibroblast	ambiguous_or_low_signal	DLL4	NOTCH1	NOTCH	0.00017625055049765733	196	256	2.5
commot_pilot_v1	GSE283052	GSM8655166_P17	colorectal cancer	Visium	ambiguous_or_low_signal	tumor_like	DLL4	NOTCH1	NOTCH	6.454613923812637e-06	256	1772	2.5
commot_pilot_v1	GSE283052	GSM8655166_P17	colorectal cancer	Visium	ambiguous_or_low_signal	stroma_fibroblast	DLL4	NOTCH1	NOTCH	6.742833271565524e-05	256	196	2.5
commot_pilot_v1	GSE283052	GSM8655166_P17	colorectal cancer	Visium	ambiguous_or_low_signal	ambiguous_or_low_signal	DLL4	NOTCH1	NOTCH	0.0005903426598231929	256	256	2.5
commot_pilot_v1	GSE283052	GSM8655166_P17	colorectal cancer	Visium	tumor_like	tumor_like	JAG1	NOTCH2	NOTCH	0.00017320132652824585	1772	1772	2.5
commot_pilot_v1	GSE283052	GSM8655166_P17	colorectal cancer	Visium	tumor_like	stroma_fibroblast	JAG1	NOTCH2	NOTCH	4.0934788028266974e-05	1772	196	2.5
commot_pilot_v1	GSE283052	GSM8655166_P17	colorectal cancer	Visium	tumor_like	ambiguous_or_low_signal	JAG1	NOTCH2	NOTCH	4.2435834274371343e-05	1772	256	2.5
commot_pilot_v1	GSE283052	GSM8655166_P17	colorectal cancer	Visium	stroma_fibroblast	tumor_like	JAG1	NOTCH2	NOTCH	6.491077154772678e-06	196	1772	2.5
commot_pilot_v1	GSE283052	GSM8655166_P17	colorectal cancer	Visium	stroma_fibroblast	stroma_fibroblast	JAG1	NOTCH2	NOTCH	0.004396716019652396	196	196	2.5
commot_pilot_v1	GSE283052	GSM8655166_P17	colorectal cancer	Visium	stroma_fibroblast	ambiguous_or_low_signal	JAG1	NOTCH2	NOTCH	0.00015326196233789754	196	256	2.5
commot_pilot_v1	GSE283052	GSM8655166_P17	colorectal cancer	Visium	ambiguous_or_low_signal	tumor_like	JAG1	NOTCH2	NOTCH	2.1654451102976486e-05	256	1772	2.5
commot_pilot_v1	GSE283052	GSM8655166_P17	colorectal cancer	Visium	ambiguous_or_low_signal	stroma_fibroblast	JAG1	NOTCH2	NOTCH	0.0003605934822354845	256	196	2.5
commot_pilot_v1	GSE283052	GSM8655166_P17	colorectal cancer	Visium	ambiguous_or_low_signal	ambiguous_or_low_signal	JAG1	NOTCH2	NOTCH	0.0016772182632431823	256	256	2.5
commot_pilot_v1	GSE283052	GSM8655166_P17	colorectal cancer	Visium	tumor_like	tumor_like	WNT5A	FZD5	WNT	7.046963971450314e-05	1772	1772	2.5
commot_pilot_v1	GSE283052	GSM8655166_P17	colorectal cancer	Visium	tumor_like	stroma_fibroblast	WNT5A	FZD5	WNT	1.8899443923556505e-06	1772	196	2.5
commot_pilot_v1	GSE283052	GSM8655166_P17	colorectal cancer	Visium	tumor_like	ambiguous_or_low_signal	WNT5A	FZD5	WNT	2.578672103497555e-05	1772	256	2.5
commot_pilot_v1	GSE283052	GSM8655166_P17	colorectal cancer	Visium	stroma_fibroblast	tumor_like	WNT5A	FZD5	WNT	0.00011905380350761648	196	1772	2.5
commot_pilot_v1	GSE283052	GSM8655166_P17	colorectal cancer	Visium	stroma_fibroblast	stroma_fibroblast	WNT5A	FZD5	WNT	0.001521891934181693	196	196	2.5
commot_pilot_v1	GSE283052	GSM8655166_P17	colorectal cancer	Visium	stroma_fibroblast	ambiguous_or_low_signal	WNT5A	FZD5	WNT	0.0006578267252707814	196	256	2.5
commot_pilot_v1	GSE283052	GSM8655166_P17	colorectal cancer	Visium	ambiguous_or_low_signal	tumor_like	WNT5A	FZD5	WNT	5.77070521755221e-05	256	1772	2.5
commot_pilot_v1	GSE283052	GSM8655166_P17	colorectal cancer	Visium	ambiguous_or_low_signal	stroma_fibroblast	WNT5A	FZD5	WNT	0.00017487750301651032	256	196	2.5
commot_pilot_v1	GSE283052	GSM8655166_P17	colorectal cancer	Visium	ambiguous_or_low_signal	ambiguous_or_low_signal	WNT5A	FZD5	WNT	0.0009647400900018955	256	256	2.5
commot_pilot_v1	GSE283052	GSM8655166_P17	colorectal cancer	Visium	tumor_like	tumor_like	EGF	EGFR	EGF/ERBB	4.3693345510757115e-06	1772	1772	2.5
commot_pilot_v1	GSE283052	GSM8655166_P17	colorectal cancer	Visium	tumor_like	tumor_like	HBEGF	EGFR	EGF/ERBB	0.0002566843927606264	1772	1772	2.5
commot_pilot_v1	GSE283052	GSM8655166_P17	colorectal cancer	Visium	tumor_like	stroma_fibroblast	HBEGF	EGFR	EGF/ERBB	2.0067063727156394e-05	1772	196	2.5
commot_pilot_v1	GSE283052	GSM8655166_P17	colorectal cancer	Visium	tumor_like	ambiguous_or_low_signal	HBEGF	EGFR	EGF/ERBB	3.611362261180562e-05	1772	256	2.5
commot_pilot_v1	GSE283052	GSM8655166_P17	colorectal cancer	Visium	stroma_fibroblast	tumor_like	HBEGF	EGFR	EGF/ERBB	1.5915288091023018e-05	196	1772	2.5
commot_pilot_v1	GSE283052	GSM8655166_P17	colorectal cancer	Visium	stroma_fibroblast	stroma_fibroblast	HBEGF	EGFR	EGF/ERBB	0.0011441835081044318	196	196	2.5
commot_pilot_v1	GSE283052	GSM8655166_P17	colorectal cancer	Visium	stroma_fibroblast	ambiguous_or_low_signal	HBEGF	EGFR	EGF/ERBB	0.00016937555044592968	196	256	2.5
commot_pilot_v1	GSE283052	GSM8655166_P17	colorectal cancer	Visium	ambiguous_or_low_signal	tumor_like	HBEGF	EGFR	EGF/ERBB	3.7389396808423804e-05	256	1772	2.5
commot_pilot_v1	GSE283052	GSM8655166_P17	colorectal cancer	Visium	ambiguous_or_low_signal	stroma_fibroblast	HBEGF	EGFR	EGF/ERBB	0.00018388480674385113	256	196	2.5
commot_pilot_v1	GSE283052	GSM8655166_P17	colorectal cancer	Visium	ambiguous_or_low_signal	ambiguous_or_low_signal	HBEGF	EGFR	EGF/ERBB	0.0006145462665143356	256	256	2.5
commot_pilot_v1	GSE283052	GSM8655166_P17	colorectal cancer	Visium	tumor_like	tumor_like	COL1A1	ITGA2	ECM-integrin	0.00031126778047663525	1772	1772	2.5
commot_pilot_v1	GSE283052	GSM8655166_P17	colorectal cancer	Visium	tumor_like	stroma_fibroblast	COL1A1	ITGA2	ECM-integrin	4.2179613293317766e-08	1772	196	2.5
commot_pilot_v1	GSE283052	GSM8655166_P17	colorectal cancer	Visium	tumor_like	ambiguous_or_low_signal	COL1A1	ITGA2	ECM-integrin	2.1100175028952567e-07	1772	256	2.5
commot_pilot_v1	GSE283052	GSM8655166_P17	colorectal cancer	Visium	stroma_fibroblast	tumor_like	COL1A1	ITGA2	ECM-integrin	8.626336323853319e-07	196	1772	2.5
commot_pilot_v1	GSE283052	GSM8655166_P17	colorectal cancer	Visium	stroma_fibroblast	stroma_fibroblast	COL1A1	ITGA2	ECM-integrin	0.002262729002711992	196	196	2.5
commot_pilot_v1	GSE283052	GSM8655166_P17	colorectal cancer	Visium	stroma_fibroblast	ambiguous_or_low_signal	COL1A1	ITGA2	ECM-integrin	4.605559623879752e-06	196	256	2.5
commot_pilot_v1	GSE283052	GSM8655166_P17	colorectal cancer	Visium	ambiguous_or_low_signal	tumor_like	COL1A1	ITGA2	ECM-integrin	4.673388789490893e-06	256	1772	2.5
commot_pilot_v1	GSE283052	GSM8655166_P17	colorectal cancer	Visium	ambiguous_or_low_signal	stroma_fibroblast	COL1A1	ITGA2	ECM-integrin	1.2028289613352646e-06	256	196	2.5
commot_pilot_v1	GSE283052	GSM8655166_P17	colorectal cancer	Visium	ambiguous_or_low_signal	ambiguous_or_low_signal	COL1A1	ITGA2	ECM-integrin	0.0022227965437976796	256	256	2.5
commot_pilot_v1	GSE283052	GSM8655167_P18	colorectal cancer	Visium	tumor_like	tumor_like	TGFB1	TGFBR1	TGFB	0.00017078111787268595	593	593	2.5
commot_pilot_v1	GSE283052	GSM8655167_P18	colorectal cancer	Visium	tumor_like	stroma_fibroblast	TGFB1	TGFBR1	TGFB	1.2219744228185934e-05	593	615	2.5
commot_pilot_v1	GSE283052	GSM8655167_P18	colorectal cancer	Visium	tumor_like	ambiguous_or_low_signal	TGFB1	TGFBR1	TGFB	1.5191461208706389e-05	593	406	2.5
commot_pilot_v1	GSE283052	GSM8655167_P18	colorectal cancer	Visium	immune	immune	TGFB1	TGFBR1	TGFB	0.0021847636870601043	75	75	2.5
commot_pilot_v1	GSE283052	GSM8655167_P18	colorectal cancer	Visium	immune	stroma_fibroblast	TGFB1	TGFBR1	TGFB	3.215636936965473e-07	75	615	2.5
commot_pilot_v1	GSE283052	GSM8655167_P18	colorectal cancer	Visium	immune	ambiguous_or_low_signal	TGFB1	TGFBR1	TGFB	2.875256528879877e-05	75	406	2.5
commot_pilot_v1	GSE283052	GSM8655167_P18	colorectal cancer	Visium	stroma_fibroblast	tumor_like	TGFB1	TGFBR1	TGFB	0.00011770289771594208	615	593	2.5
commot_pilot_v1	GSE283052	GSM8655167_P18	colorectal cancer	Visium	stroma_fibroblast	stroma_fibroblast	TGFB1	TGFBR1	TGFB	0.000564880486666643	615	615	2.5
commot_pilot_v1	GSE283052	GSM8655167_P18	colorectal cancer	Visium	stroma_fibroblast	ambiguous_or_low_signal	TGFB1	TGFBR1	TGFB	8.990133745822879e-05	615	406	2.5
commot_pilot_v1	GSE283052	GSM8655167_P18	colorectal cancer	Visium	ambiguous_or_low_signal	tumor_like	TGFB1	TGFBR1	TGFB	7.90990714806384e-05	406	593	2.5
commot_pilot_v1	GSE283052	GSM8655167_P18	colorectal cancer	Visium	ambiguous_or_low_signal	immune	TGFB1	TGFBR1	TGFB	2.93636136262805e-05	406	75	2.5
commot_pilot_v1	GSE283052	GSM8655167_P18	colorectal cancer	Visium	ambiguous_or_low_signal	stroma_fibroblast	TGFB1	TGFBR1	TGFB	6.0950774245192485e-05	406	615	2.5
commot_pilot_v1	GSE283052	GSM8655167_P18	colorectal cancer	Visium	ambiguous_or_low_signal	ambiguous_or_low_signal	TGFB1	TGFBR1	TGFB	0.00027280916494107636	406	406	2.5
commot_pilot_v1	GSE283052	GSM8655167_P18	colorectal cancer	Visium	tumor_like	tumor_like	TGFB1	TGFBR2	TGFB	0.0002848156203010848	593	593	2.5
commot_pilot_v1	GSE283052	GSM8655167_P18	colorectal cancer	Visium	tumor_like	stroma_fibroblast	TGFB1	TGFBR2	TGFB	7.485357201539104e-06	593	615	2.5
commot_pilot_v1	GSE283052	GSM8655167_P18	colorectal cancer	Visium	tumor_like	ambiguous_or_low_signal	TGFB1	TGFBR2	TGFB	9.705772037682413e-06	593	406	2.5
commot_pilot_v1	GSE283052	GSM8655167_P18	colorectal cancer	Visium	immune	immune	TGFB1	TGFBR2	TGFB	0.0076528829129009724	75	75	2.5
commot_pilot_v1	GSE283052	GSM8655167_P18	colorectal cancer	Visium	immune	stroma_fibroblast	TGFB1	TGFBR2	TGFB	4.433585694242015e-05	75	615	2.5
commot_pilot_v1	GSE283052	GSM8655167_P18	colorectal cancer	Visium	immune	ambiguous_or_low_signal	TGFB1	TGFBR2	TGFB	9.011152484894485e-05	75	406	2.5
commot_pilot_v1	GSE283052	GSM8655167_P18	colorectal cancer	Visium	stroma_fibroblast	tumor_like	TGFB1	TGFBR2	TGFB	9.629063867675334e-05	615	593	2.5
commot_pilot_v1	GSE283052	GSM8655167_P18	colorectal cancer	Visium	stroma_fibroblast	immune	TGFB1	TGFBR2	TGFB	2.6987238959064447e-05	615	75	2.5
commot_pilot_v1	GSE283052	GSM8655167_P18	colorectal cancer	Visium	stroma_fibroblast	stroma_fibroblast	TGFB1	TGFBR2	TGFB	0.0008895233865077218	615	615	2.5
commot_pilot_v1	GSE283052	GSM8655167_P18	colorectal cancer	Visium	stroma_fibroblast	endothelial	TGFB1	TGFBR2	TGFB	1.6404468967175318e-06	615	2	2.5
commot_pilot_v1	GSE283052	GSM8655167_P18	colorectal cancer	Visium	stroma_fibroblast	ambiguous_or_low_signal	TGFB1	TGFBR2	TGFB	9.525009846252578e-05	615	406	2.5
commot_pilot_v1	GSE283052	GSM8655167_P18	colorectal cancer	Visium	ambiguous_or_low_signal	tumor_like	TGFB1	TGFBR2	TGFB	7.985848737456617e-05	406	593	2.5
commot_pilot_v1	GSE283052	GSM8655167_P18	colorectal cancer	Visium	ambiguous_or_low_signal	immune	TGFB1	TGFBR2	TGFB	8.004155505686649e-05	406	75	2.5
commot_pilot_v1	GSE283052	GSM8655167_P18	colorectal cancer	Visium	ambiguous_or_low_signal	stroma_fibroblast	TGFB1	TGFBR2	TGFB	4.768565902495563e-05	406	615	2.5
commot_pilot_v1	GSE283052	GSM8655167_P18	colorectal cancer	Visium	ambiguous_or_low_signal	ambiguous_or_low_signal	TGFB1	TGFBR2	TGFB	0.0005453368046078384	406	406	2.5
commot_pilot_v1	GSE283052	GSM8655167_P18	colorectal cancer	Visium	tumor_like	tumor_like	CXCL12	CXCR4	CXCL chemokine	6.741707183477508e-06	593	593	2.5
commot_pilot_v1	GSE283052	GSM8655167_P18	colorectal cancer	Visium	tumor_like	stroma_fibroblast	CXCL12	CXCR4	CXCL chemokine	7.2088609356101915e-06	593	615	2.5
commot_pilot_v1	GSE283052	GSM8655167_P18	colorectal cancer	Visium	immune	immune	CXCL12	CXCR4	CXCL chemokine	0.01139757950147416	75	75	2.5
commot_pilot_v1	GSE283052	GSM8655167_P18	colorectal cancer	Visium	immune	stroma_fibroblast	CXCL12	CXCR4	CXCL chemokine	1.688873523827077e-08	75	615	2.5
commot_pilot_v1	GSE283052	GSM8655167_P18	colorectal cancer	Visium	immune	ambiguous_or_low_signal	CXCL12	CXCR4	CXCL chemokine	2.9157185921021195e-05	75	406	2.5
commot_pilot_v1	GSE283052	GSM8655167_P18	colorectal cancer	Visium	stroma_fibroblast	tumor_like	CXCL12	CXCR4	CXCL chemokine	1.0484663839465428e-05	615	593	2.5
commot_pilot_v1	GSE283052	GSM8655167_P18	colorectal cancer	Visium	stroma_fibroblast	immune	CXCL12	CXCR4	CXCL chemokine	6.46196698833654e-05	615	75	2.5
commot_pilot_v1	GSE283052	GSM8655167_P18	colorectal cancer	Visium	stroma_fibroblast	stroma_fibroblast	CXCL12	CXCR4	CXCL chemokine	9.670075226933323e-05	615	615	2.5
commot_pilot_v1	GSE283052	GSM8655167_P18	colorectal cancer	Visium	stroma_fibroblast	ambiguous_or_low_signal	CXCL12	CXCR4	CXCL chemokine	6.425332256446777e-06	615	406	2.5
commot_pilot_v1	GSE283052	GSM8655167_P18	colorectal cancer	Visium	endothelial	stroma_fibroblast	CXCL12	CXCR4	CXCL chemokine	6.887117592170245e-07	2	615	2.5
commot_pilot_v1	GSE283052	GSM8655167_P18	colorectal cancer	Visium	ambiguous_or_low_signal	tumor_like	CXCL12	CXCR4	CXCL chemokine	9.772143271212259e-06	406	593	2.5
commot_pilot_v1	GSE283052	GSM8655167_P18	colorectal cancer	Visium	ambiguous_or_low_signal	immune	CXCL12	CXCR4	CXCL chemokine	1.1903039613808715e-05	406	75	2.5
commot_pilot_v1	GSE283052	GSM8655167_P18	colorectal cancer	Visium	ambiguous_or_low_signal	stroma_fibroblast	CXCL12	CXCR4	CXCL chemokine	9.151595520937292e-06	406	615	2.5
commot_pilot_v1	GSE283052	GSM8655167_P18	colorectal cancer	Visium	ambiguous_or_low_signal	ambiguous_or_low_signal	CXCL12	CXCR4	CXCL chemokine	4.256292105188857e-05	406	406	2.5
commot_pilot_v1	GSE283052	GSM8655167_P18	colorectal cancer	Visium	tumor_like	tumor_like	CXCL9	CXCR3	CXCL chemokine	2.8437447568456062e-06	593	593	2.5
commot_pilot_v1	GSE283052	GSM8655167_P18	colorectal cancer	Visium	tumor_like	ambiguous_or_low_signal	CXCL9	CXCR3	CXCL chemokine	4.153548376377942e-06	593	406	2.5
commot_pilot_v1	GSE283052	GSM8655167_P18	colorectal cancer	Visium	stroma_fibroblast	stroma_fibroblast	CXCL9	CXCR3	CXCL chemokine	5.287857756626351e-06	615	615	2.5
commot_pilot_v1	GSE283052	GSM8655167_P18	colorectal cancer	Visium	stroma_fibroblast	ambiguous_or_low_signal	CXCL9	CXCR3	CXCL chemokine	6.007449237053956e-06	615	406	2.5
commot_pilot_v1	GSE283052	GSM8655167_P18	colorectal cancer	Visium	ambiguous_or_low_signal	ambiguous_or_low_signal	CXCL9	CXCR3	CXCL chemokine	3.033317964522315e-06	406	406	2.5
commot_pilot_v1	GSE283052	GSM8655167_P18	colorectal cancer	Visium	tumor_like	tumor_like	CCL2	CCR2	CCL chemokine	2.8364735044017332e-06	593	593	2.5
commot_pilot_v1	GSE283052	GSM8655167_P18	colorectal cancer	Visium	tumor_like	stroma_fibroblast	CCL2	CCR2	CCL chemokine	2.8543164415230604e-06	593	615	2.5
commot_pilot_v1	GSE283052	GSM8655167_P18	colorectal cancer	Visium	tumor_like	ambiguous_or_low_signal	CCL2	CCR2	CCL chemokine	1.3682354682138928e-09	593	406	2.5
commot_pilot_v1	GSE283052	GSM8655167_P18	colorectal cancer	Visium	immune	immune	CCL2	CCR2	CCL chemokine	0.00024671956726263975	75	75	2.5
commot_pilot_v1	GSE283052	GSM8655167_P18	colorectal cancer	Visium	stroma_fibroblast	stroma_fibroblast	CCL2	CCR2	CCL chemokine	1.50168704350567e-05	615	615	2.5
commot_pilot_v1	GSE283052	GSM8655167_P18	colorectal cancer	Visium	stroma_fibroblast	ambiguous_or_low_signal	CCL2	CCR2	CCL chemokine	1.6985193378045423e-09	615	406	2.5
commot_pilot_v1	GSE283052	GSM8655167_P18	colorectal cancer	Visium	ambiguous_or_low_signal	tumor_like	CCL2	CCR2	CCL chemokine	1.062032684534657e-08	406	593	2.5
commot_pilot_v1	GSE283052	GSM8655167_P18	colorectal cancer	Visium	ambiguous_or_low_signal	immune	CCL2	CCR2	CCL chemokine	2.010517025115447e-05	406	75	2.5
commot_pilot_v1	GSE283052	GSM8655167_P18	colorectal cancer	Visium	ambiguous_or_low_signal	stroma_fibroblast	CCL2	CCR2	CCL chemokine	1.1185439747665257e-06	406	615	2.5
commot_pilot_v1	GSE283052	GSM8655167_P18	colorectal cancer	Visium	ambiguous_or_low_signal	ambiguous_or_low_signal	CCL2	CCR2	CCL chemokine	6.062064616174169e-06	406	406	2.5
commot_pilot_v1	GSE283052	GSM8655167_P18	colorectal cancer	Visium	tumor_like	tumor_like	VEGFA	KDR	VEGF	4.019675314016043e-05	593	593	2.5
commot_pilot_v1	GSE283052	GSM8655167_P18	colorectal cancer	Visium	tumor_like	stroma_fibroblast	VEGFA	KDR	VEGF	2.3668802745826867e-05	593	615	2.5
commot_pilot_v1	GSE283052	GSM8655167_P18	colorectal cancer	Visium	tumor_like	ambiguous_or_low_signal	VEGFA	KDR	VEGF	4.206019334264793e-06	593	406	2.5
commot_pilot_v1	GSE283052	GSM8655167_P18	colorectal cancer	Visium	immune	immune	VEGFA	KDR	VEGF	0.00035555555555555395	75	75	2.5
commot_pilot_v1	GSE283052	GSM8655167_P18	colorectal cancer	Visium	stroma_fibroblast	tumor_like	VEGFA	KDR	VEGF	2.3123788211067475e-07	615	593	2.5
commot_pilot_v1	GSE283052	GSM8655167_P18	colorectal cancer	Visium	stroma_fibroblast	stroma_fibroblast	VEGFA	KDR	VEGF	0.0001297010084562153	615	615	2.5
commot_pilot_v1	GSE283052	GSM8655167_P18	colorectal cancer	Visium	stroma_fibroblast	ambiguous_or_low_signal	VEGFA	KDR	VEGF	1.4940888621415717e-05	615	406	2.5
commot_pilot_v1	GSE283052	GSM8655167_P18	colorectal cancer	Visium	ambiguous_or_low_signal	tumor_like	VEGFA	KDR	VEGF	7.395478678172167e-06	406	593	2.5
commot_pilot_v1	GSE283052	GSM8655167_P18	colorectal cancer	Visium	ambiguous_or_low_signal	stroma_fibroblast	VEGFA	KDR	VEGF	1.727256888338945e-05	406	615	2.5
commot_pilot_v1	GSE283052	GSM8655167_P18	colorectal cancer	Visium	ambiguous_or_low_signal	ambiguous_or_low_signal	VEGFA	KDR	VEGF	7.435227166398744e-05	406	406	2.5
commot_pilot_v1	GSE283052	GSM8655167_P18	colorectal cancer	Visium	tumor_like	tumor_like	SPP1	CD44	SPP1	0.002789768112541364	593	593	2.5
commot_pilot_v1	GSE283052	GSM8655167_P18	colorectal cancer	Visium	tumor_like	stroma_fibroblast	SPP1	CD44	SPP1	0.00011179827623863261	593	615	2.5
commot_pilot_v1	GSE283052	GSM8655167_P18	colorectal cancer	Visium	tumor_like	ambiguous_or_low_signal	SPP1	CD44	SPP1	0.0002363402519037589	593	406	2.5
commot_pilot_v1	GSE283052	GSM8655167_P18	colorectal cancer	Visium	immune	immune	SPP1	CD44	SPP1	0.0012176867913531678	75	75	2.5
commot_pilot_v1	GSE283052	GSM8655167_P18	colorectal cancer	Visium	immune	ambiguous_or_low_signal	SPP1	CD44	SPP1	1.0323249856206498e-06	75	406	2.5
commot_pilot_v1	GSE283052	GSM8655167_P18	colorectal cancer	Visium	stroma_fibroblast	tumor_like	SPP1	CD44	SPP1	0.0011339367586053735	615	593	2.5
commot_pilot_v1	GSE283052	GSM8655167_P18	colorectal cancer	Visium	stroma_fibroblast	immune	SPP1	CD44	SPP1	4.510216647517672e-08	615	75	2.5
commot_pilot_v1	GSE283052	GSM8655167_P18	colorectal cancer	Visium	stroma_fibroblast	stroma_fibroblast	SPP1	CD44	SPP1	0.0032667872962683572	615	615	2.5
commot_pilot_v1	GSE283052	GSM8655167_P18	colorectal cancer	Visium	stroma_fibroblast	ambiguous_or_low_signal	SPP1	CD44	SPP1	0.0005973783611480733	615	406	2.5
commot_pilot_v1	GSE283052	GSM8655167_P18	colorectal cancer	Visium	ambiguous_or_low_signal	tumor_like	SPP1	CD44	SPP1	0.0007551594792289077	406	593	2.5
commot_pilot_v1	GSE283052	GSM8655167_P18	colorectal cancer	Visium	ambiguous_or_low_signal	immune	SPP1	CD44	SPP1	0.00012234008744985446	406	75	2.5
commot_pilot_v1	GSE283052	GSM8655167_P18	colorectal cancer	Visium	ambiguous_or_low_signal	stroma_fibroblast	SPP1	CD44	SPP1	0.00028386814124184857	406	615	2.5
commot_pilot_v1	GSE283052	GSM8655167_P18	colorectal cancer	Visium	ambiguous_or_low_signal	ambiguous_or_low_signal	SPP1	CD44	SPP1	0.003044883939552219	406	406	2.5
commot_pilot_v1	GSE283052	GSM8655167_P18	colorectal cancer	Visium	tumor_like	tumor_like	SPP1	ITGAV	SPP1	0.0010548695947087215	593	593	2.5
commot_pilot_v1	GSE283052	GSM8655167_P18	colorectal cancer	Visium	tumor_like	stroma_fibroblast	SPP1	ITGAV	SPP1	7.63363199582459e-05	593	615	2.5
commot_pilot_v1	GSE283052	GSM8655167_P18	colorectal cancer	Visium	tumor_like	ambiguous_or_low_signal	SPP1	ITGAV	SPP1	6.261235442472084e-05	593	406	2.5
commot_pilot_v1	GSE283052	GSM8655167_P18	colorectal cancer	Visium	immune	immune	SPP1	ITGAV	SPP1	0.0006433915560580088	75	75	2.5
commot_pilot_v1	GSE283052	GSM8655167_P18	colorectal cancer	Visium	stroma_fibroblast	tumor_like	SPP1	ITGAV	SPP1	0.00018890336429893372	615	593	2.5
commot_pilot_v1	GSE283052	GSM8655167_P18	colorectal cancer	Visium	stroma_fibroblast	immune	SPP1	ITGAV	SPP1	1.8047118402081805e-05	615	75	2.5
commot_pilot_v1	GSE283052	GSM8655167_P18	colorectal cancer	Visium	stroma_fibroblast	stroma_fibroblast	SPP1	ITGAV	SPP1	0.0020089695864142134	615	615	2.5
commot_pilot_v1	GSE283052	GSM8655167_P18	colorectal cancer	Visium	stroma_fibroblast	ambiguous_or_low_signal	SPP1	ITGAV	SPP1	0.00011380105529782366	615	406	2.5
commot_pilot_v1	GSE283052	GSM8655167_P18	colorectal cancer	Visium	ambiguous_or_low_signal	tumor_like	SPP1	ITGAV	SPP1	0.00021075661607257806	406	593	2.5
commot_pilot_v1	GSE283052	GSM8655167_P18	colorectal cancer	Visium	ambiguous_or_low_signal	immune	SPP1	ITGAV	SPP1	5.835941033995612e-05	406	75	2.5
commot_pilot_v1	GSE283052	GSM8655167_P18	colorectal cancer	Visium	ambiguous_or_low_signal	stroma_fibroblast	SPP1	ITGAV	SPP1	0.00013379336874212518	406	615	2.5
commot_pilot_v1	GSE283052	GSM8655167_P18	colorectal cancer	Visium	ambiguous_or_low_signal	ambiguous_or_low_signal	SPP1	ITGAV	SPP1	0.0013160844081529363	406	406	2.5
commot_pilot_v1	GSE283052	GSM8655167_P18	colorectal cancer	Visium	tumor_like	tumor_like	MIF	CD74	MIF	0.018786601065799997	593	593	2.5
commot_pilot_v1	GSE283052	GSM8655167_P18	colorectal cancer	Visium	tumor_like	immune	MIF	CD74	MIF	2.2487753809932474e-05	593	75	2.5
commot_pilot_v1	GSE283052	GSM8655167_P18	colorectal cancer	Visium	tumor_like	stroma_fibroblast	MIF	CD74	MIF	0.00013858895059536472	593	615	2.5
commot_pilot_v1	GSE283052	GSM8655167_P18	colorectal cancer	Visium	tumor_like	ambiguous_or_low_signal	MIF	CD74	MIF	0.00013948035844814528	593	406	2.5
commot_pilot_v1	GSE283052	GSM8655167_P18	colorectal cancer	Visium	immune	tumor_like	MIF	CD74	MIF	3.742050769284547e-05	75	593	2.5
commot_pilot_v1	GSE283052	GSM8655167_P18	colorectal cancer	Visium	immune	immune	MIF	CD74	MIF	0.08478024074659943	75	75	2.5
commot_pilot_v1	GSE283052	GSM8655167_P18	colorectal cancer	Visium	immune	stroma_fibroblast	MIF	CD74	MIF	4.3724247714041564e-05	75	615	2.5
commot_pilot_v1	GSE283052	GSM8655167_P18	colorectal cancer	Visium	immune	ambiguous_or_low_signal	MIF	CD74	MIF	3.096757811681575e-06	75	406	2.5
commot_pilot_v1	GSE283052	GSM8655167_P18	colorectal cancer	Visium	stroma_fibroblast	tumor_like	MIF	CD74	MIF	5.777932758992418e-05	615	593	2.5
commot_pilot_v1	GSE283052	GSM8655167_P18	colorectal cancer	Visium	stroma_fibroblast	immune	MIF	CD74	MIF	3.052315804042386e-05	615	75	2.5
commot_pilot_v1	GSE283052	GSM8655167_P18	colorectal cancer	Visium	stroma_fibroblast	stroma_fibroblast	MIF	CD74	MIF	0.01305812797776142	615	615	2.5
commot_pilot_v1	GSE283052	GSM8655167_P18	colorectal cancer	Visium	stroma_fibroblast	ambiguous_or_low_signal	MIF	CD74	MIF	0.00019399849197365324	615	406	2.5
commot_pilot_v1	GSE283052	GSM8655167_P18	colorectal cancer	Visium	endothelial	tumor_like	MIF	CD74	MIF	7.64683121806878e-80	2	593	2.5
commot_pilot_v1	GSE283052	GSM8655167_P18	colorectal cancer	Visium	endothelial	stroma_fibroblast	MIF	CD74	MIF	0.002438610368505902	2	615	2.5
commot_pilot_v1	GSE283052	GSM8655167_P18	colorectal cancer	Visium	endothelial	ambiguous_or_low_signal	MIF	CD74	MIF	6.271511548368282e-07	2	406	2.5
commot_pilot_v1	GSE283052	GSM8655167_P18	colorectal cancer	Visium	ambiguous_or_low_signal	tumor_like	MIF	CD74	MIF	0.00011547911988022994	406	593	2.5
commot_pilot_v1	GSE283052	GSM8655167_P18	colorectal cancer	Visium	ambiguous_or_low_signal	immune	MIF	CD74	MIF	9.10766266185644e-05	406	75	2.5
commot_pilot_v1	GSE283052	GSM8655167_P18	colorectal cancer	Visium	ambiguous_or_low_signal	stroma_fibroblast	MIF	CD74	MIF	0.0003304510534761216	406	615	2.5
commot_pilot_v1	GSE283052	GSM8655167_P18	colorectal cancer	Visium	ambiguous_or_low_signal	ambiguous_or_low_signal	MIF	CD74	MIF	0.014153508608953334	406	406	2.5
commot_pilot_v1	GSE283052	GSM8655167_P18	colorectal cancer	Visium	tumor_like	tumor_like	DLL4	NOTCH1	NOTCH	0.00013449959362428525	593	593	2.5
commot_pilot_v1	GSE283052	GSM8655167_P18	colorectal cancer	Visium	tumor_like	stroma_fibroblast	DLL4	NOTCH1	NOTCH	9.456827626665562e-06	593	615	2.5
commot_pilot_v1	GSE283052	GSM8655167_P18	colorectal cancer	Visium	tumor_like	ambiguous_or_low_signal	DLL4	NOTCH1	NOTCH	5.210607727738073e-06	593	406	2.5
commot_pilot_v1	GSE283052	GSM8655167_P18	colorectal cancer	Visium	immune	immune	DLL4	NOTCH1	NOTCH	0.0003553406811508598	75	75	2.5
commot_pilot_v1	GSE283052	GSM8655167_P18	colorectal cancer	Visium	immune	ambiguous_or_low_signal	DLL4	NOTCH1	NOTCH	3.9693547665519725e-08	75	406	2.5
commot_pilot_v1	GSE283052	GSM8655167_P18	colorectal cancer	Visium	stroma_fibroblast	tumor_like	DLL4	NOTCH1	NOTCH	1.8825448164861505e-05	615	593	2.5
commot_pilot_v1	GSE283052	GSM8655167_P18	colorectal cancer	Visium	stroma_fibroblast	stroma_fibroblast	DLL4	NOTCH1	NOTCH	0.0001518846666332315	615	615	2.5
commot_pilot_v1	GSE283052	GSM8655167_P18	colorectal cancer	Visium	stroma_fibroblast	ambiguous_or_low_signal	DLL4	NOTCH1	NOTCH	1.4769815192691815e-05	615	406	2.5
commot_pilot_v1	GSE283052	GSM8655167_P18	colorectal cancer	Visium	ambiguous_or_low_signal	tumor_like	DLL4	NOTCH1	NOTCH	4.4122949308657085e-06	406	593	2.5
commot_pilot_v1	GSE283052	GSM8655167_P18	colorectal cancer	Visium	ambiguous_or_low_signal	stroma_fibroblast	DLL4	NOTCH1	NOTCH	1.2942657984052718e-05	406	615	2.5
commot_pilot_v1	GSE283052	GSM8655167_P18	colorectal cancer	Visium	ambiguous_or_low_signal	ambiguous_or_low_signal	DLL4	NOTCH1	NOTCH	0.00010134953792693739	406	406	2.5
commot_pilot_v1	GSE283052	GSM8655167_P18	colorectal cancer	Visium	tumor_like	tumor_like	JAG1	NOTCH2	NOTCH	0.0007308658856088544	593	593	2.5
commot_pilot_v1	GSE283052	GSM8655167_P18	colorectal cancer	Visium	tumor_like	stroma_fibroblast	JAG1	NOTCH2	NOTCH	6.060123136500887e-05	593	615	2.5
commot_pilot_v1	GSE283052	GSM8655167_P18	colorectal cancer	Visium	tumor_like	ambiguous_or_low_signal	JAG1	NOTCH2	NOTCH	8.347221377421692e-05	593	406	2.5
commot_pilot_v1	GSE283052	GSM8655167_P18	colorectal cancer	Visium	immune	immune	JAG1	NOTCH2	NOTCH	0.0003555555555555573	75	75	2.5
commot_pilot_v1	GSE283052	GSM8655167_P18	colorectal cancer	Visium	stroma_fibroblast	tumor_like	JAG1	NOTCH2	NOTCH	2.060489548637229e-05	615	593	2.5
commot_pilot_v1	GSE283052	GSM8655167_P18	colorectal cancer	Visium	stroma_fibroblast	stroma_fibroblast	JAG1	NOTCH2	NOTCH	0.0006036663923962308	615	615	2.5
commot_pilot_v1	GSE283052	GSM8655167_P18	colorectal cancer	Visium	stroma_fibroblast	ambiguous_or_low_signal	JAG1	NOTCH2	NOTCH	3.917279581670309e-05	615	406	2.5
commot_pilot_v1	GSE283052	GSM8655167_P18	colorectal cancer	Visium	ambiguous_or_low_signal	tumor_like	JAG1	NOTCH2	NOTCH	1.4442883859019187e-05	406	593	2.5
commot_pilot_v1	GSE283052	GSM8655167_P18	colorectal cancer	Visium	ambiguous_or_low_signal	stroma_fibroblast	JAG1	NOTCH2	NOTCH	5.362460437062827e-05	406	615	2.5
commot_pilot_v1	GSE283052	GSM8655167_P18	colorectal cancer	Visium	ambiguous_or_low_signal	ambiguous_or_low_signal	JAG1	NOTCH2	NOTCH	0.0004811456633662974	406	406	2.5
commot_pilot_v1	GSE283052	GSM8655167_P18	colorectal cancer	Visium	tumor_like	tumor_like	WNT5A	FZD5	WNT	0.0002744082940940273	593	593	2.5
commot_pilot_v1	GSE283052	GSM8655167_P18	colorectal cancer	Visium	tumor_like	stroma_fibroblast	WNT5A	FZD5	WNT	1.806911386757516e-05	593	615	2.5
commot_pilot_v1	GSE283052	GSM8655167_P18	colorectal cancer	Visium	tumor_like	ambiguous_or_low_signal	WNT5A	FZD5	WNT	1.9811396633808707e-05	593	406	2.5
commot_pilot_v1	GSE283052	GSM8655167_P18	colorectal cancer	Visium	immune	immune	WNT5A	FZD5	WNT	0.00035555555555555677	75	75	2.5
commot_pilot_v1	GSE283052	GSM8655167_P18	colorectal cancer	Visium	stroma_fibroblast	tumor_like	WNT5A	FZD5	WNT	0.0002361380463662042	615	593	2.5
commot_pilot_v1	GSE283052	GSM8655167_P18	colorectal cancer	Visium	stroma_fibroblast	stroma_fibroblast	WNT5A	FZD5	WNT	0.00034290179720257593	615	615	2.5
commot_pilot_v1	GSE283052	GSM8655167_P18	colorectal cancer	Visium	stroma_fibroblast	ambiguous_or_low_signal	WNT5A	FZD5	WNT	0.00011698329104376923	615	406	2.5
commot_pilot_v1	GSE283052	GSM8655167_P18	colorectal cancer	Visium	ambiguous_or_low_signal	tumor_like	WNT5A	FZD5	WNT	7.862435379302105e-05	406	593	2.5
commot_pilot_v1	GSE283052	GSM8655167_P18	colorectal cancer	Visium	ambiguous_or_low_signal	stroma_fibroblast	WNT5A	FZD5	WNT	2.1804970221480007e-05	406	615	2.5
commot_pilot_v1	GSE283052	GSM8655167_P18	colorectal cancer	Visium	ambiguous_or_low_signal	ambiguous_or_low_signal	WNT5A	FZD5	WNT	0.00021081117667558054	406	406	2.5
commot_pilot_v1	GSE283052	GSM8655167_P18	colorectal cancer	Visium	tumor_like	tumor_like	EGF	EGFR	EGF/ERBB	3.5713185386130385e-06	593	593	2.5
commot_pilot_v1	GSE283052	GSM8655167_P18	colorectal cancer	Visium	stroma_fibroblast	stroma_fibroblast	EGF	EGFR	EGF/ERBB	3.0254544140891834e-06	615	615	2.5
commot_pilot_v1	GSE283052	GSM8655167_P18	colorectal cancer	Visium	ambiguous_or_low_signal	tumor_like	EGF	EGFR	EGF/ERBB	4.022020518364801e-07	406	593	2.5
commot_pilot_v1	GSE283052	GSM8655167_P18	colorectal cancer	Visium	ambiguous_or_low_signal	ambiguous_or_low_signal	EGF	EGFR	EGF/ERBB	3.763656061558269e-06	406	406	2.5
commot_pilot_v1	GSE283052	GSM8655167_P18	colorectal cancer	Visium	tumor_like	tumor_like	HBEGF	EGFR	EGF/ERBB	0.0006912910338598493	593	593	2.5
commot_pilot_v1	GSE283052	GSM8655167_P18	colorectal cancer	Visium	tumor_like	stroma_fibroblast	HBEGF	EGFR	EGF/ERBB	5.4356873668917396e-05	593	615	2.5
commot_pilot_v1	GSE283052	GSM8655167_P18	colorectal cancer	Visium	tumor_like	ambiguous_or_low_signal	HBEGF	EGFR	EGF/ERBB	3.490861109392219e-05	593	406	2.5
commot_pilot_v1	GSE283052	GSM8655167_P18	colorectal cancer	Visium	immune	immune	HBEGF	EGFR	EGF/ERBB	0.0007111111111111145	75	75	2.5
commot_pilot_v1	GSE283052	GSM8655167_P18	colorectal cancer	Visium	stroma_fibroblast	tumor_like	HBEGF	EGFR	EGF/ERBB	1.2625946991756737e-05	615	593	2.5
commot_pilot_v1	GSE283052	GSM8655167_P18	colorectal cancer	Visium	stroma_fibroblast	stroma_fibroblast	HBEGF	EGFR	EGF/ERBB	0.00027080180216853416	615	615	2.5
commot_pilot_v1	GSE283052	GSM8655167_P18	colorectal cancer	Visium	stroma_fibroblast	ambiguous_or_low_signal	HBEGF	EGFR	EGF/ERBB	5.4105948283872777e-05	615	406	2.5
commot_pilot_v1	GSE283052	GSM8655167_P18	colorectal cancer	Visium	ambiguous_or_low_signal	tumor_like	HBEGF	EGFR	EGF/ERBB	4.587506243979164e-05	406	593	2.5
commot_pilot_v1	GSE283052	GSM8655167_P18	colorectal cancer	Visium	ambiguous_or_low_signal	stroma_fibroblast	HBEGF	EGFR	EGF/ERBB	3.4474772062764234e-05	406	615	2.5
commot_pilot_v1	GSE283052	GSM8655167_P18	colorectal cancer	Visium	ambiguous_or_low_signal	ambiguous_or_low_signal	HBEGF	EGFR	EGF/ERBB	0.0002904188400344253	406	406	2.5
commot_pilot_v1	GSE283052	GSM8655167_P18	colorectal cancer	Visium	tumor_like	tumor_like	COL1A1	ITGA2	ECM-integrin	0.0014570226818313072	593	593	2.5
commot_pilot_v1	GSE283052	GSM8655167_P18	colorectal cancer	Visium	tumor_like	stroma_fibroblast	COL1A1	ITGA2	ECM-integrin	1.5597263372551464e-06	593	615	2.5
commot_pilot_v1	GSE283052	GSM8655167_P18	colorectal cancer	Visium	tumor_like	ambiguous_or_low_signal	COL1A1	ITGA2	ECM-integrin	4.73577580414904e-06	593	406	2.5
commot_pilot_v1	GSE283052	GSM8655167_P18	colorectal cancer	Visium	immune	tumor_like	COL1A1	ITGA2	ECM-integrin	1.0274447005138237e-05	75	593	2.5
commot_pilot_v1	GSE283052	GSM8655167_P18	colorectal cancer	Visium	immune	stroma_fibroblast	COL1A1	ITGA2	ECM-integrin	1.4463729449169231e-08	75	615	2.5
commot_pilot_v1	GSE283052	GSM8655167_P18	colorectal cancer	Visium	immune	ambiguous_or_low_signal	COL1A1	ITGA2	ECM-integrin	1.5105040158176711e-05	75	406	2.5
commot_pilot_v1	GSE283052	GSM8655167_P18	colorectal cancer	Visium	stroma_fibroblast	tumor_like	COL1A1	ITGA2	ECM-integrin	1.249533998954374e-05	615	593	2.5
commot_pilot_v1	GSE283052	GSM8655167_P18	colorectal cancer	Visium	stroma_fibroblast	stroma_fibroblast	COL1A1	ITGA2	ECM-integrin	0.0008450209786395001	615	615	2.5
commot_pilot_v1	GSE283052	GSM8655167_P18	colorectal cancer	Visium	stroma_fibroblast	ambiguous_or_low_signal	COL1A1	ITGA2	ECM-integrin	1.678007701738592e-05	615	406	2.5
commot_pilot_v1	GSE283052	GSM8655167_P18	colorectal cancer	Visium	endothelial	stroma_fibroblast	COL1A1	ITGA2	ECM-integrin	3.799831273921269e-07	2	615	2.5
commot_pilot_v1	GSE283052	GSM8655167_P18	colorectal cancer	Visium	ambiguous_or_low_signal	tumor_like	COL1A1	ITGA2	ECM-integrin	1.5058635263058063e-05	406	593	2.5
commot_pilot_v1	GSE283052	GSM8655167_P18	colorectal cancer	Visium	ambiguous_or_low_signal	stroma_fibroblast	COL1A1	ITGA2	ECM-integrin	3.2920078446963713e-06	406	615	2.5
commot_pilot_v1	GSE283052	GSM8655167_P18	colorectal cancer	Visium	ambiguous_or_low_signal	ambiguous_or_low_signal	COL1A1	ITGA2	ECM-integrin	0.0010568689981900632	406	406	2.5
commot_pilot_v1	GSE283052	GSM8655168_P24	colorectal cancer	Visium	tumor_like	tumor_like	TGFB1	TGFBR1	TGFB	2.9562160900735934e-05	1567	1567	2.5
commot_pilot_v1	GSE283052	GSM8655168_P24	colorectal cancer	Visium	tumor_like	stroma_fibroblast	TGFB1	TGFBR1	TGFB	6.75277555619719e-06	1567	558	2.5
commot_pilot_v1	GSE283052	GSM8655168_P24	colorectal cancer	Visium	tumor_like	ambiguous_or_low_signal	TGFB1	TGFBR1	TGFB	1.0230515003855868e-05	1567	603	2.5
commot_pilot_v1	GSE283052	GSM8655168_P24	colorectal cancer	Visium	immune	immune	TGFB1	TGFBR1	TGFB	0.04879559392905029	7	7	2.5
commot_pilot_v1	GSE283052	GSM8655168_P24	colorectal cancer	Visium	stroma_fibroblast	tumor_like	TGFB1	TGFBR1	TGFB	2.1189017530179287e-05	558	1567	2.5
commot_pilot_v1	GSE283052	GSM8655168_P24	colorectal cancer	Visium	stroma_fibroblast	immune	TGFB1	TGFBR1	TGFB	0.00011389974932307459	558	7	2.5
commot_pilot_v1	GSE283052	GSM8655168_P24	colorectal cancer	Visium	stroma_fibroblast	stroma_fibroblast	TGFB1	TGFBR1	TGFB	0.0006253293635829269	558	558	2.5
commot_pilot_v1	GSE283052	GSM8655168_P24	colorectal cancer	Visium	stroma_fibroblast	ambiguous_or_low_signal	TGFB1	TGFBR1	TGFB	7.948576739263772e-05	558	603	2.5
commot_pilot_v1	GSE283052	GSM8655168_P24	colorectal cancer	Visium	ambiguous_or_low_signal	tumor_like	TGFB1	TGFBR1	TGFB	1.8280200713175502e-05	603	1567	2.5
commot_pilot_v1	GSE283052	GSM8655168_P24	colorectal cancer	Visium	ambiguous_or_low_signal	immune	TGFB1	TGFBR1	TGFB	0.00017596777522795192	603	7	2.5
commot_pilot_v1	GSE283052	GSM8655168_P24	colorectal cancer	Visium	ambiguous_or_low_signal	stroma_fibroblast	TGFB1	TGFBR1	TGFB	4.88901679113939e-05	603	558	2.5
commot_pilot_v1	GSE283052	GSM8655168_P24	colorectal cancer	Visium	ambiguous_or_low_signal	ambiguous_or_low_signal	TGFB1	TGFBR1	TGFB	0.00019805652757411921	603	603	2.5
commot_pilot_v1	GSE283052	GSM8655168_P24	colorectal cancer	Visium	tumor_like	tumor_like	TGFB1	TGFBR2	TGFB	7.168754384277673e-05	1567	1567	2.5
commot_pilot_v1	GSE283052	GSM8655168_P24	colorectal cancer	Visium	tumor_like	stroma_fibroblast	TGFB1	TGFBR2	TGFB	6.7780575503916095e-06	1567	558	2.5
commot_pilot_v1	GSE283052	GSM8655168_P24	colorectal cancer	Visium	tumor_like	ambiguous_or_low_signal	TGFB1	TGFBR2	TGFB	1.0629058575302607e-05	1567	603	2.5
commot_pilot_v1	GSE283052	GSM8655168_P24	colorectal cancer	Visium	immune	tumor_like	TGFB1	TGFBR2	TGFB	4.9759238511630045e-05	7	1567	2.5
commot_pilot_v1	GSE283052	GSM8655168_P24	colorectal cancer	Visium	immune	immune	TGFB1	TGFBR2	TGFB	0.03908533374910174	7	7	2.5
commot_pilot_v1	GSE283052	GSM8655168_P24	colorectal cancer	Visium	immune	stroma_fibroblast	TGFB1	TGFBR2	TGFB	3.797526730950032e-07	7	558	2.5
commot_pilot_v1	GSE283052	GSM8655168_P24	colorectal cancer	Visium	immune	ambiguous_or_low_signal	TGFB1	TGFBR2	TGFB	0.0004738239527120459	7	603	2.5
commot_pilot_v1	GSE283052	GSM8655168_P24	colorectal cancer	Visium	stroma_fibroblast	tumor_like	TGFB1	TGFBR2	TGFB	3.597455396245878e-05	558	1567	2.5
commot_pilot_v1	GSE283052	GSM8655168_P24	colorectal cancer	Visium	stroma_fibroblast	immune	TGFB1	TGFBR2	TGFB	6.49464750744017e-06	558	7	2.5
commot_pilot_v1	GSE283052	GSM8655168_P24	colorectal cancer	Visium	stroma_fibroblast	stroma_fibroblast	TGFB1	TGFBR2	TGFB	0.0012622608122645328	558	558	2.5
commot_pilot_v1	GSE283052	GSM8655168_P24	colorectal cancer	Visium	stroma_fibroblast	ambiguous_or_low_signal	TGFB1	TGFBR2	TGFB	8.56300551440287e-05	558	603	2.5
commot_pilot_v1	GSE283052	GSM8655168_P24	colorectal cancer	Visium	ambiguous_or_low_signal	tumor_like	TGFB1	TGFBR2	TGFB	2.464603274046501e-05	603	1567	2.5
commot_pilot_v1	GSE283052	GSM8655168_P24	colorectal cancer	Visium	ambiguous_or_low_signal	immune	TGFB1	TGFBR2	TGFB	5.391713155903334e-06	603	7	2.5
commot_pilot_v1	GSE283052	GSM8655168_P24	colorectal cancer	Visium	ambiguous_or_low_signal	stroma_fibroblast	TGFB1	TGFBR2	TGFB	3.613342368114276e-05	603	558	2.5
commot_pilot_v1	GSE283052	GSM8655168_P24	colorectal cancer	Visium	ambiguous_or_low_signal	ambiguous_or_low_signal	TGFB1	TGFBR2	TGFB	0.00044773477692158764	603	603	2.5
commot_pilot_v1	GSE283052	GSM8655168_P24	colorectal cancer	Visium	tumor_like	tumor_like	CXCL12	CXCR4	CXCL chemokine	1.2355247995746807e-05	1567	1567	2.5
commot_pilot_v1	GSE283052	GSM8655168_P24	colorectal cancer	Visium	tumor_like	stroma_fibroblast	CXCL12	CXCR4	CXCL chemokine	1.6659130378041644e-06	1567	558	2.5
commot_pilot_v1	GSE283052	GSM8655168_P24	colorectal cancer	Visium	tumor_like	ambiguous_or_low_signal	CXCL12	CXCR4	CXCL chemokine	2.334300072590096e-06	1567	603	2.5
commot_pilot_v1	GSE283052	GSM8655168_P24	colorectal cancer	Visium	immune	immune	CXCL12	CXCR4	CXCL chemokine	0.02039524503034599	7	7	2.5
commot_pilot_v1	GSE283052	GSM8655168_P24	colorectal cancer	Visium	immune	stroma_fibroblast	CXCL12	CXCR4	CXCL chemokine	1.5783786380553973e-07	7	558	2.5
commot_pilot_v1	GSE283052	GSM8655168_P24	colorectal cancer	Visium	immune	ambiguous_or_low_signal	CXCL12	CXCR4	CXCL chemokine	3.90400782246091e-09	7	603	2.5
commot_pilot_v1	GSE283052	GSM8655168_P24	colorectal cancer	Visium	stroma_fibroblast	tumor_like	CXCL12	CXCR4	CXCL chemokine	1.8142695101683432e-06	558	1567	2.5
commot_pilot_v1	GSE283052	GSM8655168_P24	colorectal cancer	Visium	stroma_fibroblast	stroma_fibroblast	CXCL12	CXCR4	CXCL chemokine	0.000250831570489382	558	558	2.5
commot_pilot_v1	GSE283052	GSM8655168_P24	colorectal cancer	Visium	stroma_fibroblast	ambiguous_or_low_signal	CXCL12	CXCR4	CXCL chemokine	1.5792325785131125e-05	558	603	2.5
commot_pilot_v1	GSE283052	GSM8655168_P24	colorectal cancer	Visium	ambiguous_or_low_signal	tumor_like	CXCL12	CXCR4	CXCL chemokine	4.4878311149681515e-06	603	1567	2.5
commot_pilot_v1	GSE283052	GSM8655168_P24	colorectal cancer	Visium	ambiguous_or_low_signal	immune	CXCL12	CXCR4	CXCL chemokine	1.4187456367054495e-07	603	7	2.5
commot_pilot_v1	GSE283052	GSM8655168_P24	colorectal cancer	Visium	ambiguous_or_low_signal	stroma_fibroblast	CXCL12	CXCR4	CXCL chemokine	1.9408208334419714e-05	603	558	2.5
commot_pilot_v1	GSE283052	GSM8655168_P24	colorectal cancer	Visium	ambiguous_or_low_signal	ambiguous_or_low_signal	CXCL12	CXCR4	CXCL chemokine	6.388314796384778e-05	603	603	2.5
commot_pilot_v1	GSE283052	GSM8655168_P24	colorectal cancer	Visium	tumor_like	tumor_like	CXCL9	CXCR3	CXCL chemokine	6.0807599975072736e-06	1567	1567	2.5
commot_pilot_v1	GSE283052	GSM8655168_P24	colorectal cancer	Visium	tumor_like	stroma_fibroblast	CXCL9	CXCR3	CXCL chemokine	3.956939487353001e-06	1567	558	2.5
commot_pilot_v1	GSE283052	GSM8655168_P24	colorectal cancer	Visium	tumor_like	ambiguous_or_low_signal	CXCL9	CXCR3	CXCL chemokine	1.598732189383217e-06	1567	603	2.5
commot_pilot_v1	GSE283052	GSM8655168_P24	colorectal cancer	Visium	stroma_fibroblast	tumor_like	CXCL9	CXCR3	CXCL chemokine	3.0127531509496424e-06	558	1567	2.5
commot_pilot_v1	GSE283052	GSM8655168_P24	colorectal cancer	Visium	stroma_fibroblast	stroma_fibroblast	CXCL9	CXCR3	CXCL chemokine	5.075588524082364e-05	558	558	2.5
commot_pilot_v1	GSE283052	GSM8655168_P24	colorectal cancer	Visium	stroma_fibroblast	ambiguous_or_low_signal	CXCL9	CXCR3	CXCL chemokine	6.674841795883274e-06	558	603	2.5
commot_pilot_v1	GSE283052	GSM8655168_P24	colorectal cancer	Visium	ambiguous_or_low_signal	tumor_like	CXCL9	CXCR3	CXCL chemokine	4.66306376995263e-06	603	1567	2.5
commot_pilot_v1	GSE283052	GSM8655168_P24	colorectal cancer	Visium	ambiguous_or_low_signal	stroma_fibroblast	CXCL9	CXCR3	CXCL chemokine	5.1610289570296116e-06	603	558	2.5
commot_pilot_v1	GSE283052	GSM8655168_P24	colorectal cancer	Visium	ambiguous_or_low_signal	ambiguous_or_low_signal	CXCL9	CXCR3	CXCL chemokine	1.724864773873653e-05	603	603	2.5
commot_pilot_v1	GSE283052	GSM8655168_P24	colorectal cancer	Visium	tumor_like	tumor_like	CCL2	CCR2	CCL chemokine	1.2217525714837237e-06	1567	1567	2.5
commot_pilot_v1	GSE283052	GSM8655168_P24	colorectal cancer	Visium	tumor_like	ambiguous_or_low_signal	CCL2	CCR2	CCL chemokine	1.0583599609996333e-06	1567	603	2.5
commot_pilot_v1	GSE283052	GSM8655168_P24	colorectal cancer	Visium	stroma_fibroblast	stroma_fibroblast	CCL2	CCR2	CCL chemokine	2.2481725568787656e-05	558	558	2.5
commot_pilot_v1	GSE283052	GSM8655168_P24	colorectal cancer	Visium	stroma_fibroblast	ambiguous_or_low_signal	CCL2	CCR2	CCL chemokine	2.697712662154654e-10	558	603	2.5
commot_pilot_v1	GSE283052	GSM8655168_P24	colorectal cancer	Visium	ambiguous_or_low_signal	ambiguous_or_low_signal	CCL2	CCR2	CCL chemokine	2.7498324944499653e-06	603	603	2.5
commot_pilot_v1	GSE283052	GSM8655168_P24	colorectal cancer	Visium	tumor_like	tumor_like	VEGFA	KDR	VEGF	1.7481751519054924e-05	1567	1567	2.5
commot_pilot_v1	GSE283052	GSM8655168_P24	colorectal cancer	Visium	tumor_like	stroma_fibroblast	VEGFA	KDR	VEGF	6.352130246151952e-06	1567	558	2.5
commot_pilot_v1	GSE283052	GSM8655168_P24	colorectal cancer	Visium	tumor_like	ambiguous_or_low_signal	VEGFA	KDR	VEGF	5.356528182983769e-06	1567	603	2.5
commot_pilot_v1	GSE283052	GSM8655168_P24	colorectal cancer	Visium	stroma_fibroblast	tumor_like	VEGFA	KDR	VEGF	2.431356095166492e-07	558	1567	2.5
commot_pilot_v1	GSE283052	GSM8655168_P24	colorectal cancer	Visium	stroma_fibroblast	stroma_fibroblast	VEGFA	KDR	VEGF	0.000216586679291306	558	558	2.5
commot_pilot_v1	GSE283052	GSM8655168_P24	colorectal cancer	Visium	stroma_fibroblast	ambiguous_or_low_signal	VEGFA	KDR	VEGF	1.2142998736383216e-05	558	603	2.5
commot_pilot_v1	GSE283052	GSM8655168_P24	colorectal cancer	Visium	ambiguous_or_low_signal	tumor_like	VEGFA	KDR	VEGF	3.02799665908342e-06	603	1567	2.5
commot_pilot_v1	GSE283052	GSM8655168_P24	colorectal cancer	Visium	ambiguous_or_low_signal	stroma_fibroblast	VEGFA	KDR	VEGF	2.6773217044199913e-05	603	558	2.5
commot_pilot_v1	GSE283052	GSM8655168_P24	colorectal cancer	Visium	ambiguous_or_low_signal	ambiguous_or_low_signal	VEGFA	KDR	VEGF	7.110057178602497e-05	603	603	2.5
commot_pilot_v1	GSE283052	GSM8655168_P24	colorectal cancer	Visium	tumor_like	tumor_like	SPP1	CD44	SPP1	0.0001640111496045483	1567	1567	2.5
commot_pilot_v1	GSE283052	GSM8655168_P24	colorectal cancer	Visium	tumor_like	stroma_fibroblast	SPP1	CD44	SPP1	1.3344046695240073e-05	1567	558	2.5
commot_pilot_v1	GSE283052	GSM8655168_P24	colorectal cancer	Visium	tumor_like	ambiguous_or_low_signal	SPP1	CD44	SPP1	3.412968929323807e-05	1567	603	2.5
commot_pilot_v1	GSE283052	GSM8655168_P24	colorectal cancer	Visium	immune	tumor_like	SPP1	CD44	SPP1	1.470502432252084e-08	7	1567	2.5
commot_pilot_v1	GSE283052	GSM8655168_P24	colorectal cancer	Visium	immune	immune	SPP1	CD44	SPP1	0.017847455207651092	7	7	2.5
commot_pilot_v1	GSE283052	GSM8655168_P24	colorectal cancer	Visium	immune	ambiguous_or_low_signal	SPP1	CD44	SPP1	5.7724948287610744e-08	7	603	2.5
commot_pilot_v1	GSE283052	GSM8655168_P24	colorectal cancer	Visium	stroma_fibroblast	tumor_like	SPP1	CD44	SPP1	0.00010060759678051022	558	1567	2.5
commot_pilot_v1	GSE283052	GSM8655168_P24	colorectal cancer	Visium	stroma_fibroblast	immune	SPP1	CD44	SPP1	3.736515963475187e-07	558	7	2.5
commot_pilot_v1	GSE283052	GSM8655168_P24	colorectal cancer	Visium	stroma_fibroblast	stroma_fibroblast	SPP1	CD44	SPP1	0.002332489704843961	558	558	2.5
commot_pilot_v1	GSE283052	GSM8655168_P24	colorectal cancer	Visium	stroma_fibroblast	ambiguous_or_low_signal	SPP1	CD44	SPP1	0.00019194354963720638	558	603	2.5
commot_pilot_v1	GSE283052	GSM8655168_P24	colorectal cancer	Visium	ambiguous_or_low_signal	tumor_like	SPP1	CD44	SPP1	9.738340349180244e-05	603	1567	2.5
commot_pilot_v1	GSE283052	GSM8655168_P24	colorectal cancer	Visium	ambiguous_or_low_signal	immune	SPP1	CD44	SPP1	8.106132634237267e-05	603	7	2.5
commot_pilot_v1	GSE283052	GSM8655168_P24	colorectal cancer	Visium	ambiguous_or_low_signal	stroma_fibroblast	SPP1	CD44	SPP1	0.00010514363661748129	603	558	2.5
commot_pilot_v1	GSE283052	GSM8655168_P24	colorectal cancer	Visium	ambiguous_or_low_signal	ambiguous_or_low_signal	SPP1	CD44	SPP1	0.001147838538795088	603	603	2.5
commot_pilot_v1	GSE283052	GSM8655168_P24	colorectal cancer	Visium	tumor_like	tumor_like	SPP1	ITGAV	SPP1	9.42251248889476e-05	1567	1567	2.5
commot_pilot_v1	GSE283052	GSM8655168_P24	colorectal cancer	Visium	tumor_like	stroma_fibroblast	SPP1	ITGAV	SPP1	3.568887021755954e-05	1567	558	2.5
commot_pilot_v1	GSE283052	GSM8655168_P24	colorectal cancer	Visium	tumor_like	ambiguous_or_low_signal	SPP1	ITGAV	SPP1	2.4734459726007016e-05	1567	603	2.5
commot_pilot_v1	GSE283052	GSM8655168_P24	colorectal cancer	Visium	immune	tumor_like	SPP1	ITGAV	SPP1	6.322881116748113e-07	7	1567	2.5
commot_pilot_v1	GSE283052	GSM8655168_P24	colorectal cancer	Visium	immune	immune	SPP1	ITGAV	SPP1	0.01230082207760709	7	7	2.5
commot_pilot_v1	GSE283052	GSM8655168_P24	colorectal cancer	Visium	immune	ambiguous_or_low_signal	SPP1	ITGAV	SPP1	3.646976632034918e-06	7	603	2.5
commot_pilot_v1	GSE283052	GSM8655168_P24	colorectal cancer	Visium	stroma_fibroblast	tumor_like	SPP1	ITGAV	SPP1	4.6146650076536054e-05	558	1567	2.5
commot_pilot_v1	GSE283052	GSM8655168_P24	colorectal cancer	Visium	stroma_fibroblast	immune	SPP1	ITGAV	SPP1	8.333213541804802e-07	558	7	2.5
commot_pilot_v1	GSE283052	GSM8655168_P24	colorectal cancer	Visium	stroma_fibroblast	stroma_fibroblast	SPP1	ITGAV	SPP1	0.002171910298456848	558	558	2.5
commot_pilot_v1	GSE283052	GSM8655168_P24	colorectal cancer	Visium	stroma_fibroblast	ambiguous_or_low_signal	SPP1	ITGAV	SPP1	0.00012439982870487875	558	603	2.5
commot_pilot_v1	GSE283052	GSM8655168_P24	colorectal cancer	Visium	ambiguous_or_low_signal	tumor_like	SPP1	ITGAV	SPP1	5.835425098211118e-05	603	1567	2.5
commot_pilot_v1	GSE283052	GSM8655168_P24	colorectal cancer	Visium	ambiguous_or_low_signal	immune	SPP1	ITGAV	SPP1	0.00024045125226658786	603	7	2.5
commot_pilot_v1	GSE283052	GSM8655168_P24	colorectal cancer	Visium	ambiguous_or_low_signal	stroma_fibroblast	SPP1	ITGAV	SPP1	0.00015161520714965427	603	558	2.5
commot_pilot_v1	GSE283052	GSM8655168_P24	colorectal cancer	Visium	ambiguous_or_low_signal	ambiguous_or_low_signal	SPP1	ITGAV	SPP1	0.0006720548515855253	603	603	2.5
commot_pilot_v1	GSE283052	GSM8655168_P24	colorectal cancer	Visium	tumor_like	tumor_like	MIF	CD74	MIF	0.0015973619373404872	1567	1567	2.5
commot_pilot_v1	GSE283052	GSM8655168_P24	colorectal cancer	Visium	tumor_like	immune	MIF	CD74	MIF	0.00013362430006382176	1567	7	2.5
commot_pilot_v1	GSE283052	GSM8655168_P24	colorectal cancer	Visium	tumor_like	stroma_fibroblast	MIF	CD74	MIF	0.0002831093312013162	1567	558	2.5
commot_pilot_v1	GSE283052	GSM8655168_P24	colorectal cancer	Visium	tumor_like	ambiguous_or_low_signal	MIF	CD74	MIF	0.00011731631746798089	1567	603	2.5
commot_pilot_v1	GSE283052	GSM8655168_P24	colorectal cancer	Visium	immune	tumor_like	MIF	CD74	MIF	8.659325917119269e-08	7	1567	2.5
commot_pilot_v1	GSE283052	GSM8655168_P24	colorectal cancer	Visium	immune	immune	MIF	CD74	MIF	2.060448417498371	7	7	2.5
commot_pilot_v1	GSE283052	GSM8655168_P24	colorectal cancer	Visium	immune	stroma_fibroblast	MIF	CD74	MIF	3.336163456178463e-06	7	558	2.5
commot_pilot_v1	GSE283052	GSM8655168_P24	colorectal cancer	Visium	immune	ambiguous_or_low_signal	MIF	CD74	MIF	5.696907524337937e-06	7	603	2.5
commot_pilot_v1	GSE283052	GSM8655168_P24	colorectal cancer	Visium	stroma_fibroblast	tumor_like	MIF	CD74	MIF	1.8867280567483377e-05	558	1567	2.5
commot_pilot_v1	GSE283052	GSM8655168_P24	colorectal cancer	Visium	stroma_fibroblast	immune	MIF	CD74	MIF	3.5811091027812952e-06	558	7	2.5
commot_pilot_v1	GSE283052	GSM8655168_P24	colorectal cancer	Visium	stroma_fibroblast	stroma_fibroblast	MIF	CD74	MIF	0.01735900702510721	558	558	2.5
commot_pilot_v1	GSE283052	GSM8655168_P24	colorectal cancer	Visium	stroma_fibroblast	ambiguous_or_low_signal	MIF	CD74	MIF	0.00010525189085471047	558	603	2.5
commot_pilot_v1	GSE283052	GSM8655168_P24	colorectal cancer	Visium	ambiguous_or_low_signal	tumor_like	MIF	CD74	MIF	3.225717407349471e-05	603	1567	2.5
commot_pilot_v1	GSE283052	GSM8655168_P24	colorectal cancer	Visium	ambiguous_or_low_signal	immune	MIF	CD74	MIF	0.0010794564151202681	603	7	2.5
commot_pilot_v1	GSE283052	GSM8655168_P24	colorectal cancer	Visium	ambiguous_or_low_signal	stroma_fibroblast	MIF	CD74	MIF	0.0008672222871935869	603	558	2.5
commot_pilot_v1	GSE283052	GSM8655168_P24	colorectal cancer	Visium	ambiguous_or_low_signal	ambiguous_or_low_signal	MIF	CD74	MIF	0.006884045313000446	603	603	2.5
commot_pilot_v1	GSE283052	GSM8655168_P24	colorectal cancer	Visium	tumor_like	tumor_like	DLL4	NOTCH1	NOTCH	4.6053942229568187e-05	1567	1567	2.5
commot_pilot_v1	GSE283052	GSM8655168_P24	colorectal cancer	Visium	tumor_like	stroma_fibroblast	DLL4	NOTCH1	NOTCH	3.412533593060123e-07	1567	558	2.5
commot_pilot_v1	GSE283052	GSM8655168_P24	colorectal cancer	Visium	tumor_like	ambiguous_or_low_signal	DLL4	NOTCH1	NOTCH	3.827558959965419e-06	1567	603	2.5
commot_pilot_v1	GSE283052	GSM8655168_P24	colorectal cancer	Visium	immune	ambiguous_or_low_signal	DLL4	NOTCH1	NOTCH	0.00023691068467187866	7	603	2.5
commot_pilot_v1	GSE283052	GSM8655168_P24	colorectal cancer	Visium	stroma_fibroblast	tumor_like	DLL4	NOTCH1	NOTCH	7.098877801029653e-06	558	1567	2.5
commot_pilot_v1	GSE283052	GSM8655168_P24	colorectal cancer	Visium	stroma_fibroblast	stroma_fibroblast	DLL4	NOTCH1	NOTCH	0.0002517205642233218	558	558	2.5
commot_pilot_v1	GSE283052	GSM8655168_P24	colorectal cancer	Visium	stroma_fibroblast	ambiguous_or_low_signal	DLL4	NOTCH1	NOTCH	1.609669358178854e-05	558	603	2.5
commot_pilot_v1	GSE283052	GSM8655168_P24	colorectal cancer	Visium	ambiguous_or_low_signal	tumor_like	DLL4	NOTCH1	NOTCH	3.7267580046850923e-06	603	1567	2.5
commot_pilot_v1	GSE283052	GSM8655168_P24	colorectal cancer	Visium	ambiguous_or_low_signal	stroma_fibroblast	DLL4	NOTCH1	NOTCH	1.994804555404892e-05	603	558	2.5
commot_pilot_v1	GSE283052	GSM8655168_P24	colorectal cancer	Visium	ambiguous_or_low_signal	ambiguous_or_low_signal	DLL4	NOTCH1	NOTCH	0.00013686840522336404	603	603	2.5
commot_pilot_v1	GSE283052	GSM8655168_P24	colorectal cancer	Visium	tumor_like	tumor_like	JAG1	NOTCH2	NOTCH	0.00016554997067490425	1567	1567	2.5
commot_pilot_v1	GSE283052	GSM8655168_P24	colorectal cancer	Visium	tumor_like	stroma_fibroblast	JAG1	NOTCH2	NOTCH	1.9514776581752338e-05	1567	558	2.5
commot_pilot_v1	GSE283052	GSM8655168_P24	colorectal cancer	Visium	tumor_like	ambiguous_or_low_signal	JAG1	NOTCH2	NOTCH	1.704580292887023e-05	1567	603	2.5
commot_pilot_v1	GSE283052	GSM8655168_P24	colorectal cancer	Visium	immune	immune	JAG1	NOTCH2	NOTCH	0.020408163265306152	7	7	2.5
commot_pilot_v1	GSE283052	GSM8655168_P24	colorectal cancer	Visium	stroma_fibroblast	tumor_like	JAG1	NOTCH2	NOTCH	8.277078650817015e-06	558	1567	2.5
commot_pilot_v1	GSE283052	GSM8655168_P24	colorectal cancer	Visium	stroma_fibroblast	immune	JAG1	NOTCH2	NOTCH	7.443163544172394e-06	558	7	2.5
commot_pilot_v1	GSE283052	GSM8655168_P24	colorectal cancer	Visium	stroma_fibroblast	stroma_fibroblast	JAG1	NOTCH2	NOTCH	0.0009557812135639508	558	558	2.5
commot_pilot_v1	GSE283052	GSM8655168_P24	colorectal cancer	Visium	stroma_fibroblast	ambiguous_or_low_signal	JAG1	NOTCH2	NOTCH	4.857773022290737e-05	558	603	2.5
commot_pilot_v1	GSE283052	GSM8655168_P24	colorectal cancer	Visium	ambiguous_or_low_signal	tumor_like	JAG1	NOTCH2	NOTCH	1.1185107495726293e-05	603	1567	2.5
commot_pilot_v1	GSE283052	GSM8655168_P24	colorectal cancer	Visium	ambiguous_or_low_signal	stroma_fibroblast	JAG1	NOTCH2	NOTCH	5.293608952507244e-05	603	558	2.5
commot_pilot_v1	GSE283052	GSM8655168_P24	colorectal cancer	Visium	ambiguous_or_low_signal	ambiguous_or_low_signal	JAG1	NOTCH2	NOTCH	0.00043655670702620917	603	603	2.5
commot_pilot_v1	GSE283052	GSM8655168_P24	colorectal cancer	Visium	tumor_like	tumor_like	WNT5A	FZD5	WNT	8.228667245687351e-05	1567	1567	2.5
commot_pilot_v1	GSE283052	GSM8655168_P24	colorectal cancer	Visium	tumor_like	stroma_fibroblast	WNT5A	FZD5	WNT	1.579962479361094e-06	1567	558	2.5
commot_pilot_v1	GSE283052	GSM8655168_P24	colorectal cancer	Visium	tumor_like	ambiguous_or_low_signal	WNT5A	FZD5	WNT	1.0970735676549849e-05	1567	603	2.5
commot_pilot_v1	GSE283052	GSM8655168_P24	colorectal cancer	Visium	stroma_fibroblast	tumor_like	WNT5A	FZD5	WNT	5.94611986930252e-05	558	1567	2.5
commot_pilot_v1	GSE283052	GSM8655168_P24	colorectal cancer	Visium	stroma_fibroblast	stroma_fibroblast	WNT5A	FZD5	WNT	0.00045015758325832886	558	558	2.5
commot_pilot_v1	GSE283052	GSM8655168_P24	colorectal cancer	Visium	stroma_fibroblast	ambiguous_or_low_signal	WNT5A	FZD5	WNT	0.00017774931951895854	558	603	2.5
commot_pilot_v1	GSE283052	GSM8655168_P24	colorectal cancer	Visium	ambiguous_or_low_signal	tumor_like	WNT5A	FZD5	WNT	5.735908859071788e-05	603	1567	2.5
commot_pilot_v1	GSE283052	GSM8655168_P24	colorectal cancer	Visium	ambiguous_or_low_signal	stroma_fibroblast	WNT5A	FZD5	WNT	5.121494392645203e-05	603	558	2.5
commot_pilot_v1	GSE283052	GSM8655168_P24	colorectal cancer	Visium	ambiguous_or_low_signal	ambiguous_or_low_signal	WNT5A	FZD5	WNT	0.00028823346627531886	603	603	2.5
commot_pilot_v1	GSE283052	GSM8655168_P24	colorectal cancer	Visium	tumor_like	tumor_like	EGF	EGFR	EGF/ERBB	4.419619389403779e-05	1567	1567	2.5
commot_pilot_v1	GSE283052	GSM8655168_P24	colorectal cancer	Visium	tumor_like	stroma_fibroblast	EGF	EGFR	EGF/ERBB	7.873587796039073e-06	1567	558	2.5
commot_pilot_v1	GSE283052	GSM8655168_P24	colorectal cancer	Visium	tumor_like	ambiguous_or_low_signal	EGF	EGFR	EGF/ERBB	7.5995164411099e-06	1567	603	2.5
commot_pilot_v1	GSE283052	GSM8655168_P24	colorectal cancer	Visium	stroma_fibroblast	tumor_like	EGF	EGFR	EGF/ERBB	3.584522180136776e-06	558	1567	2.5
commot_pilot_v1	GSE283052	GSM8655168_P24	colorectal cancer	Visium	stroma_fibroblast	stroma_fibroblast	EGF	EGFR	EGF/ERBB	5.0171869921270406e-05	558	558	2.5
commot_pilot_v1	GSE283052	GSM8655168_P24	colorectal cancer	Visium	stroma_fibroblast	ambiguous_or_low_signal	EGF	EGFR	EGF/ERBB	1.4966465882296009e-05	558	603	2.5
commot_pilot_v1	GSE283052	GSM8655168_P24	colorectal cancer	Visium	ambiguous_or_low_signal	tumor_like	EGF	EGFR	EGF/ERBB	1.1734382780500112e-05	603	1567	2.5
commot_pilot_v1	GSE283052	GSM8655168_P24	colorectal cancer	Visium	ambiguous_or_low_signal	stroma_fibroblast	EGF	EGFR	EGF/ERBB	1.8421839605526602e-05	603	558	2.5
commot_pilot_v1	GSE283052	GSM8655168_P24	colorectal cancer	Visium	ambiguous_or_low_signal	ambiguous_or_low_signal	EGF	EGFR	EGF/ERBB	6.659395231714608e-05	603	603	2.5
commot_pilot_v1	GSE283052	GSM8655168_P24	colorectal cancer	Visium	tumor_like	tumor_like	HBEGF	EGFR	EGF/ERBB	0.00011318049346558306	1567	1567	2.5
commot_pilot_v1	GSE283052	GSM8655168_P24	colorectal cancer	Visium	tumor_like	immune	HBEGF	EGFR	EGF/ERBB	4.312723453545856e-07	1567	7	2.5
commot_pilot_v1	GSE283052	GSM8655168_P24	colorectal cancer	Visium	tumor_like	stroma_fibroblast	HBEGF	EGFR	EGF/ERBB	1.6228389307884688e-05	1567	558	2.5
commot_pilot_v1	GSE283052	GSM8655168_P24	colorectal cancer	Visium	tumor_like	ambiguous_or_low_signal	HBEGF	EGFR	EGF/ERBB	2.39857984299556e-05	1567	603	2.5
commot_pilot_v1	GSE283052	GSM8655168_P24	colorectal cancer	Visium	immune	immune	HBEGF	EGFR	EGF/ERBB	0.020311619870281714	7	7	2.5
commot_pilot_v1	GSE283052	GSM8655168_P24	colorectal cancer	Visium	stroma_fibroblast	tumor_like	HBEGF	EGFR	EGF/ERBB	1.5595227186712404e-05	558	1567	2.5
commot_pilot_v1	GSE283052	GSM8655168_P24	colorectal cancer	Visium	stroma_fibroblast	stroma_fibroblast	HBEGF	EGFR	EGF/ERBB	0.00021708886438501977	558	558	2.5
commot_pilot_v1	GSE283052	GSM8655168_P24	colorectal cancer	Visium	stroma_fibroblast	ambiguous_or_low_signal	HBEGF	EGFR	EGF/ERBB	5.640318823577649e-05	558	603	2.5
commot_pilot_v1	GSE283052	GSM8655168_P24	colorectal cancer	Visium	ambiguous_or_low_signal	tumor_like	HBEGF	EGFR	EGF/ERBB	2.9567419057950927e-05	603	1567	2.5
commot_pilot_v1	GSE283052	GSM8655168_P24	colorectal cancer	Visium	ambiguous_or_low_signal	stroma_fibroblast	HBEGF	EGFR	EGF/ERBB	5.441862556483199e-05	603	558	2.5
commot_pilot_v1	GSE283052	GSM8655168_P24	colorectal cancer	Visium	ambiguous_or_low_signal	ambiguous_or_low_signal	HBEGF	EGFR	EGF/ERBB	0.0001647424725708363	603	603	2.5
commot_pilot_v1	GSE283052	GSM8655168_P24	colorectal cancer	Visium	tumor_like	tumor_like	COL1A1	ITGA2	ECM-integrin	0.0003083619635463297	1567	1567	2.5
commot_pilot_v1	GSE283052	GSM8655168_P24	colorectal cancer	Visium	tumor_like	stroma_fibroblast	COL1A1	ITGA2	ECM-integrin	5.47103177681545e-07	1567	558	2.5
commot_pilot_v1	GSE283052	GSM8655168_P24	colorectal cancer	Visium	tumor_like	ambiguous_or_low_signal	COL1A1	ITGA2	ECM-integrin	1.6080704535222307e-06	1567	603	2.5
commot_pilot_v1	GSE283052	GSM8655168_P24	colorectal cancer	Visium	immune	immune	COL1A1	ITGA2	ECM-integrin	0.020337926933452845	7	7	2.5
commot_pilot_v1	GSE283052	GSM8655168_P24	colorectal cancer	Visium	stroma_fibroblast	tumor_like	COL1A1	ITGA2	ECM-integrin	3.283903603783852e-06	558	1567	2.5
commot_pilot_v1	GSE283052	GSM8655168_P24	colorectal cancer	Visium	stroma_fibroblast	immune	COL1A1	ITGA2	ECM-integrin	8.417685371013297e-07	558	7	2.5
commot_pilot_v1	GSE283052	GSM8655168_P24	colorectal cancer	Visium	stroma_fibroblast	stroma_fibroblast	COL1A1	ITGA2	ECM-integrin	0.0012376035844884913	558	558	2.5
commot_pilot_v1	GSE283052	GSM8655168_P24	colorectal cancer	Visium	stroma_fibroblast	ambiguous_or_low_signal	COL1A1	ITGA2	ECM-integrin	6.141327493951876e-06	558	603	2.5
commot_pilot_v1	GSE283052	GSM8655168_P24	colorectal cancer	Visium	ambiguous_or_low_signal	tumor_like	COL1A1	ITGA2	ECM-integrin	6.296099969297866e-06	603	1567	2.5
commot_pilot_v1	GSE283052	GSM8655168_P24	colorectal cancer	Visium	ambiguous_or_low_signal	immune	COL1A1	ITGA2	ECM-integrin	3.6397146385616334e-08	603	7	2.5
commot_pilot_v1	GSE283052	GSM8655168_P24	colorectal cancer	Visium	ambiguous_or_low_signal	stroma_fibroblast	COL1A1	ITGA2	ECM-integrin	3.496312226814571e-06	603	558	2.5
commot_pilot_v1	GSE283052	GSM8655168_P24	colorectal cancer	Visium	ambiguous_or_low_signal	ambiguous_or_low_signal	COL1A1	ITGA2	ECM-integrin	0.0008894558044305735	603	603	2.5
commot_pilot_v1	GSE292299	GSM8855703_NSCLC_P1	NSCLC	Visium	tumor_like	tumor_like	TGFB1	TGFBR1	TGFB	5.063667174684853e-05	3475	3475	2.5
commot_pilot_v1	GSE292299	GSM8855703_NSCLC_P1	NSCLC	Visium	tumor_like	immune	TGFB1	TGFBR1	TGFB	6.859638544276344e-07	3475	232	2.5
commot_pilot_v1	GSE292299	GSM8855703_NSCLC_P1	NSCLC	Visium	tumor_like	stroma_fibroblast	TGFB1	TGFBR1	TGFB	8.516830454660989e-07	3475	2895	2.5
commot_pilot_v1	GSE292299	GSM8855703_NSCLC_P1	NSCLC	Visium	tumor_like	ambiguous_or_low_signal	TGFB1	TGFBR1	TGFB	2.243366078190127e-06	3475	1798	2.5
commot_pilot_v1	GSE292299	GSM8855703_NSCLC_P1	NSCLC	Visium	immune	immune	TGFB1	TGFBR1	TGFB	0.0006226585171372565	232	232	2.5
commot_pilot_v1	GSE292299	GSM8855703_NSCLC_P1	NSCLC	Visium	immune	stroma_fibroblast	TGFB1	TGFBR1	TGFB	6.302825344713575e-06	232	2895	2.5
commot_pilot_v1	GSE292299	GSM8855703_NSCLC_P1	NSCLC	Visium	immune	ambiguous_or_low_signal	TGFB1	TGFBR1	TGFB	7.70507579519445e-06	232	1798	2.5
commot_pilot_v1	GSE292299	GSM8855703_NSCLC_P1	NSCLC	Visium	stroma_fibroblast	tumor_like	TGFB1	TGFBR1	TGFB	8.856362799509944e-07	2895	3475	2.5
commot_pilot_v1	GSE292299	GSM8855703_NSCLC_P1	NSCLC	Visium	stroma_fibroblast	immune	TGFB1	TGFBR1	TGFB	1.945181651488232e-06	2895	232	2.5
commot_pilot_v1	GSE292299	GSM8855703_NSCLC_P1	NSCLC	Visium	stroma_fibroblast	stroma_fibroblast	TGFB1	TGFBR1	TGFB	9.265838729932592e-05	2895	2895	2.5
commot_pilot_v1	GSE292299	GSM8855703_NSCLC_P1	NSCLC	Visium	stroma_fibroblast	ambiguous_or_low_signal	TGFB1	TGFBR1	TGFB	5.162643944141261e-06	2895	1798	2.5
commot_pilot_v1	GSE292299	GSM8855703_NSCLC_P1	NSCLC	Visium	endothelial	ambiguous_or_low_signal	TGFB1	TGFBR1	TGFB	7.191899044915824e-06	58	1798	2.5
commot_pilot_v1	GSE292299	GSM8855703_NSCLC_P1	NSCLC	Visium	ambiguous_or_low_signal	tumor_like	TGFB1	TGFBR1	TGFB	3.029383053057806e-06	1798	3475	2.5
commot_pilot_v1	GSE292299	GSM8855703_NSCLC_P1	NSCLC	Visium	ambiguous_or_low_signal	immune	TGFB1	TGFBR1	TGFB	4.1819411380219564e-06	1798	232	2.5
commot_pilot_v1	GSE292299	GSM8855703_NSCLC_P1	NSCLC	Visium	ambiguous_or_low_signal	stroma_fibroblast	TGFB1	TGFBR1	TGFB	2.971114136440773e-06	1798	2895	2.5
commot_pilot_v1	GSE292299	GSM8855703_NSCLC_P1	NSCLC	Visium	ambiguous_or_low_signal	endothelial	TGFB1	TGFBR1	TGFB	1.0602987796972512e-05	1798	58	2.5
commot_pilot_v1	GSE292299	GSM8855703_NSCLC_P1	NSCLC	Visium	ambiguous_or_low_signal	ambiguous_or_low_signal	TGFB1	TGFBR1	TGFB	6.184394323384972e-05	1798	1798	2.5
commot_pilot_v1	GSE292299	GSM8855703_NSCLC_P1	NSCLC	Visium	tumor_like	tumor_like	TGFB1	TGFBR2	TGFB	7.383837153269254e-05	3475	3475	2.5
commot_pilot_v1	GSE292299	GSM8855703_NSCLC_P1	NSCLC	Visium	tumor_like	immune	TGFB1	TGFBR2	TGFB	3.084638984598437e-06	3475	232	2.5
commot_pilot_v1	GSE292299	GSM8855703_NSCLC_P1	NSCLC	Visium	tumor_like	stroma_fibroblast	TGFB1	TGFBR2	TGFB	1.0056341530976723e-06	3475	2895	2.5
commot_pilot_v1	GSE292299	GSM8855703_NSCLC_P1	NSCLC	Visium	tumor_like	ambiguous_or_low_signal	TGFB1	TGFBR2	TGFB	2.2155003379858456e-06	3475	1798	2.5
commot_pilot_v1	GSE292299	GSM8855703_NSCLC_P1	NSCLC	Visium	immune	tumor_like	TGFB1	TGFBR2	TGFB	1.4247903093251654e-06	232	3475	2.5
commot_pilot_v1	GSE292299	GSM8855703_NSCLC_P1	NSCLC	Visium	immune	immune	TGFB1	TGFBR2	TGFB	0.0008646233014325337	232	232	2.5
commot_pilot_v1	GSE292299	GSM8855703_NSCLC_P1	NSCLC	Visium	immune	stroma_fibroblast	TGFB1	TGFBR2	TGFB	2.2822934308688324e-06	232	2895	2.5
commot_pilot_v1	GSE292299	GSM8855703_NSCLC_P1	NSCLC	Visium	immune	ambiguous_or_low_signal	TGFB1	TGFBR2	TGFB	5.335733897114315e-06	232	1798	2.5
commot_pilot_v1	GSE292299	GSM8855703_NSCLC_P1	NSCLC	Visium	stroma_fibroblast	tumor_like	TGFB1	TGFBR2	TGFB	7.099818866355431e-07	2895	3475	2.5
commot_pilot_v1	GSE292299	GSM8855703_NSCLC_P1	NSCLC	Visium	stroma_fibroblast	immune	TGFB1	TGFBR2	TGFB	2.4011155177308323e-06	2895	232	2.5
commot_pilot_v1	GSE292299	GSM8855703_NSCLC_P1	NSCLC	Visium	stroma_fibroblast	stroma_fibroblast	TGFB1	TGFBR2	TGFB	0.00013660852584199322	2895	2895	2.5
commot_pilot_v1	GSE292299	GSM8855703_NSCLC_P1	NSCLC	Visium	stroma_fibroblast	ambiguous_or_low_signal	TGFB1	TGFBR2	TGFB	4.249014297407447e-06	2895	1798	2.5
commot_pilot_v1	GSE292299	GSM8855703_NSCLC_P1	NSCLC	Visium	endothelial	tumor_like	TGFB1	TGFBR2	TGFB	3.7211610022327022e-06	58	3475	2.5
commot_pilot_v1	GSE292299	GSM8855703_NSCLC_P1	NSCLC	Visium	ambiguous_or_low_signal	tumor_like	TGFB1	TGFBR2	TGFB	2.2448063309376646e-06	1798	3475	2.5
commot_pilot_v1	GSE292299	GSM8855703_NSCLC_P1	NSCLC	Visium	ambiguous_or_low_signal	immune	TGFB1	TGFBR2	TGFB	4.831746620248058e-06	1798	232	2.5
commot_pilot_v1	GSE292299	GSM8855703_NSCLC_P1	NSCLC	Visium	ambiguous_or_low_signal	stroma_fibroblast	TGFB1	TGFBR2	TGFB	3.463289110343964e-06	1798	2895	2.5
commot_pilot_v1	GSE292299	GSM8855703_NSCLC_P1	NSCLC	Visium	ambiguous_or_low_signal	endothelial	TGFB1	TGFBR2	TGFB	4.8399119205305595e-06	1798	58	2.5
commot_pilot_v1	GSE292299	GSM8855703_NSCLC_P1	NSCLC	Visium	ambiguous_or_low_signal	ambiguous_or_low_signal	TGFB1	TGFBR2	TGFB	8.603705719332365e-05	1798	1798	2.5
commot_pilot_v1	GSE292299	GSM8855703_NSCLC_P1	NSCLC	Visium	tumor_like	tumor_like	CXCL12	CXCR4	CXCL chemokine	3.996188229099517e-05	3475	3475	2.5
commot_pilot_v1	GSE292299	GSM8855703_NSCLC_P1	NSCLC	Visium	tumor_like	immune	CXCL12	CXCR4	CXCL chemokine	2.4807740014884585e-06	3475	232	2.5
commot_pilot_v1	GSE292299	GSM8855703_NSCLC_P1	NSCLC	Visium	tumor_like	stroma_fibroblast	CXCL12	CXCR4	CXCL chemokine	3.3967025526307e-06	3475	2895	2.5
commot_pilot_v1	GSE292299	GSM8855703_NSCLC_P1	NSCLC	Visium	tumor_like	endothelial	CXCL12	CXCR4	CXCL chemokine	4.96154800297689e-06	3475	58	2.5
commot_pilot_v1	GSE292299	GSM8855703_NSCLC_P1	NSCLC	Visium	tumor_like	ambiguous_or_low_signal	CXCL12	CXCR4	CXCL chemokine	7.098532945722778e-06	3475	1798	2.5
commot_pilot_v1	GSE292299	GSM8855703_NSCLC_P1	NSCLC	Visium	immune	tumor_like	CXCL12	CXCR4	CXCL chemokine	3.1558314959257684e-06	232	3475	2.5
commot_pilot_v1	GSE292299	GSM8855703_NSCLC_P1	NSCLC	Visium	immune	immune	CXCL12	CXCR4	CXCL chemokine	0.00044225296407739904	232	232	2.5
commot_pilot_v1	GSE292299	GSM8855703_NSCLC_P1	NSCLC	Visium	immune	stroma_fibroblast	CXCL12	CXCR4	CXCL chemokine	7.461657355183994e-06	232	2895	2.5
commot_pilot_v1	GSE292299	GSM8855703_NSCLC_P1	NSCLC	Visium	immune	endothelial	CXCL12	CXCR4	CXCL chemokine	7.431629013079628e-05	232	58	2.5
commot_pilot_v1	GSE292299	GSM8855703_NSCLC_P1	NSCLC	Visium	immune	ambiguous_or_low_signal	CXCL12	CXCR4	CXCL chemokine	7.608272254473604e-06	232	1798	2.5
commot_pilot_v1	GSE292299	GSM8855703_NSCLC_P1	NSCLC	Visium	stroma_fibroblast	tumor_like	CXCL12	CXCR4	CXCL chemokine	5.69044063017843e-06	2895	3475	2.5
commot_pilot_v1	GSE292299	GSM8855703_NSCLC_P1	NSCLC	Visium	stroma_fibroblast	immune	CXCL12	CXCR4	CXCL chemokine	2.6532470308389966e-05	2895	232	2.5
commot_pilot_v1	GSE292299	GSM8855703_NSCLC_P1	NSCLC	Visium	stroma_fibroblast	stroma_fibroblast	CXCL12	CXCR4	CXCL chemokine	0.00032799705608388	2895	2895	2.5
commot_pilot_v1	GSE292299	GSM8855703_NSCLC_P1	NSCLC	Visium	stroma_fibroblast	ambiguous_or_low_signal	CXCL12	CXCR4	CXCL chemokine	2.7177379732393713e-05	2895	1798	2.5
commot_pilot_v1	GSE292299	GSM8855703_NSCLC_P1	NSCLC	Visium	endothelial	stroma_fibroblast	CXCL12	CXCR4	CXCL chemokine	3.939932739651265e-06	58	2895	2.5
commot_pilot_v1	GSE292299	GSM8855703_NSCLC_P1	NSCLC	Visium	endothelial	endothelial	CXCL12	CXCR4	CXCL chemokine	0.00029559015502226795	58	58	2.5
commot_pilot_v1	GSE292299	GSM8855703_NSCLC_P1	NSCLC	Visium	endothelial	ambiguous_or_low_signal	CXCL12	CXCR4	CXCL chemokine	2.2481965117641394e-05	58	1798	2.5
commot_pilot_v1	GSE292299	GSM8855703_NSCLC_P1	NSCLC	Visium	ambiguous_or_low_signal	tumor_like	CXCL12	CXCR4	CXCL chemokine	8.015436674085045e-06	1798	3475	2.5
commot_pilot_v1	GSE292299	GSM8855703_NSCLC_P1	NSCLC	Visium	ambiguous_or_low_signal	immune	CXCL12	CXCR4	CXCL chemokine	3.842734917129786e-05	1798	232	2.5
commot_pilot_v1	GSE292299	GSM8855703_NSCLC_P1	NSCLC	Visium	ambiguous_or_low_signal	stroma_fibroblast	CXCL12	CXCR4	CXCL chemokine	1.970810727789055e-05	1798	2895	2.5
commot_pilot_v1	GSE292299	GSM8855703_NSCLC_P1	NSCLC	Visium	ambiguous_or_low_signal	endothelial	CXCL12	CXCR4	CXCL chemokine	9.64323116206792e-06	1798	58	2.5
commot_pilot_v1	GSE292299	GSM8855703_NSCLC_P1	NSCLC	Visium	ambiguous_or_low_signal	ambiguous_or_low_signal	CXCL12	CXCR4	CXCL chemokine	0.0001442090484477513	1798	1798	2.5
commot_pilot_v1	GSE292299	GSM8855703_NSCLC_P1	NSCLC	Visium	tumor_like	tumor_like	CXCL9	CXCR3	CXCL chemokine	6.5772500380818665e-06	3475	3475	2.5
commot_pilot_v1	GSE292299	GSM8855703_NSCLC_P1	NSCLC	Visium	tumor_like	stroma_fibroblast	CXCL9	CXCR3	CXCL chemokine	7.979585680742308e-07	3475	2895	2.5
commot_pilot_v1	GSE292299	GSM8855703_NSCLC_P1	NSCLC	Visium	tumor_like	endothelial	CXCL9	CXCR3	CXCL chemokine	4.961548002976926e-06	3475	58	2.5
commot_pilot_v1	GSE292299	GSM8855703_NSCLC_P1	NSCLC	Visium	tumor_like	ambiguous_or_low_signal	CXCL9	CXCR3	CXCL chemokine	1.5380906484421685e-06	3475	1798	2.5
commot_pilot_v1	GSE292299	GSM8855703_NSCLC_P1	NSCLC	Visium	immune	tumor_like	CXCL9	CXCR3	CXCL chemokine	1.4733133192411127e-06	232	3475	2.5
commot_pilot_v1	GSE292299	GSM8855703_NSCLC_P1	NSCLC	Visium	immune	stroma_fibroblast	CXCL9	CXCR3	CXCL chemokine	2.639985259966124e-07	232	2895	2.5
commot_pilot_v1	GSE292299	GSM8855703_NSCLC_P1	NSCLC	Visium	immune	ambiguous_or_low_signal	CXCL9	CXCR3	CXCL chemokine	5.593699257156734e-06	232	1798	2.5
commot_pilot_v1	GSE292299	GSM8855703_NSCLC_P1	NSCLC	Visium	stroma_fibroblast	tumor_like	CXCL9	CXCR3	CXCL chemokine	1.1140384522393467e-06	2895	3475	2.5
commot_pilot_v1	GSE292299	GSM8855703_NSCLC_P1	NSCLC	Visium	stroma_fibroblast	stroma_fibroblast	CXCL9	CXCR3	CXCL chemokine	1.2397157624647165e-05	2895	2895	2.5
commot_pilot_v1	GSE292299	GSM8855703_NSCLC_P1	NSCLC	Visium	stroma_fibroblast	ambiguous_or_low_signal	CXCL9	CXCR3	CXCL chemokine	2.8646225621929354e-06	2895	1798	2.5
commot_pilot_v1	GSE292299	GSM8855703_NSCLC_P1	NSCLC	Visium	endothelial	stroma_fibroblast	CXCL9	CXCR3	CXCL chemokine	2.977785718539689e-06	58	2895	2.5
commot_pilot_v1	GSE292299	GSM8855703_NSCLC_P1	NSCLC	Visium	ambiguous_or_low_signal	tumor_like	CXCL9	CXCR3	CXCL chemokine	1.3072117860018937e-06	1798	3475	2.5
commot_pilot_v1	GSE292299	GSM8855703_NSCLC_P1	NSCLC	Visium	ambiguous_or_low_signal	immune	CXCL9	CXCR3	CXCL chemokine	2.397299681638601e-06	1798	232	2.5
commot_pilot_v1	GSE292299	GSM8855703_NSCLC_P1	NSCLC	Visium	ambiguous_or_low_signal	stroma_fibroblast	CXCL9	CXCR3	CXCL chemokine	4.694805284881174e-06	1798	2895	2.5
commot_pilot_v1	GSE292299	GSM8855703_NSCLC_P1	NSCLC	Visium	ambiguous_or_low_signal	ambiguous_or_low_signal	CXCL9	CXCR3	CXCL chemokine	7.1503910468718155e-06	1798	1798	2.5
commot_pilot_v1	GSE292299	GSM8855703_NSCLC_P1	NSCLC	Visium	tumor_like	tumor_like	CCL2	CCR2	CCL chemokine	9.756815215168372e-06	3475	3475	2.5
commot_pilot_v1	GSE292299	GSM8855703_NSCLC_P1	NSCLC	Visium	tumor_like	immune	CCL2	CCR2	CCL chemokine	1.8763418319134197e-11	3475	232	2.5
commot_pilot_v1	GSE292299	GSM8855703_NSCLC_P1	NSCLC	Visium	tumor_like	stroma_fibroblast	CCL2	CCR2	CCL chemokine	8.115949728694601e-07	3475	2895	2.5
commot_pilot_v1	GSE292299	GSM8855703_NSCLC_P1	NSCLC	Visium	tumor_like	endothelial	CCL2	CCR2	CCL chemokine	4.961548002976932e-06	3475	58	2.5
commot_pilot_v1	GSE292299	GSM8855703_NSCLC_P1	NSCLC	Visium	tumor_like	ambiguous_or_low_signal	CCL2	CCR2	CCL chemokine	2.530544924871587e-06	3475	1798	2.5
commot_pilot_v1	GSE292299	GSM8855703_NSCLC_P1	NSCLC	Visium	immune	tumor_like	CCL2	CCR2	CCL chemokine	9.312996964718001e-07	232	3475	2.5
commot_pilot_v1	GSE292299	GSM8855703_NSCLC_P1	NSCLC	Visium	immune	immune	CCL2	CCR2	CCL chemokine	0.00013493482334241954	232	232	2.5
commot_pilot_v1	GSE292299	GSM8855703_NSCLC_P1	NSCLC	Visium	immune	stroma_fibroblast	CCL2	CCR2	CCL chemokine	1.0740289783106628e-06	232	2895	2.5
commot_pilot_v1	GSE292299	GSM8855703_NSCLC_P1	NSCLC	Visium	immune	ambiguous_or_low_signal	CCL2	CCR2	CCL chemokine	9.418199488959675e-06	232	1798	2.5
commot_pilot_v1	GSE292299	GSM8855703_NSCLC_P1	NSCLC	Visium	stroma_fibroblast	tumor_like	CCL2	CCR2	CCL chemokine	8.331962825518803e-07	2895	3475	2.5
commot_pilot_v1	GSE292299	GSM8855703_NSCLC_P1	NSCLC	Visium	stroma_fibroblast	immune	CCL2	CCR2	CCL chemokine	2.1991491082942e-07	2895	232	2.5
commot_pilot_v1	GSE292299	GSM8855703_NSCLC_P1	NSCLC	Visium	stroma_fibroblast	stroma_fibroblast	CCL2	CCR2	CCL chemokine	2.8333861145350037e-05	2895	2895	2.5
commot_pilot_v1	GSE292299	GSM8855703_NSCLC_P1	NSCLC	Visium	stroma_fibroblast	endothelial	CCL2	CCR2	CCL chemokine	1.1911142874158776e-05	2895	58	2.5
commot_pilot_v1	GSE292299	GSM8855703_NSCLC_P1	NSCLC	Visium	stroma_fibroblast	ambiguous_or_low_signal	CCL2	CCR2	CCL chemokine	4.973581457972448e-06	2895	1798	2.5
commot_pilot_v1	GSE292299	GSM8855703_NSCLC_P1	NSCLC	Visium	endothelial	tumor_like	CCL2	CCR2	CCL chemokine	7.466210356910047e-06	58	3475	2.5
commot_pilot_v1	GSE292299	GSM8855703_NSCLC_P1	NSCLC	Visium	ambiguous_or_low_signal	tumor_like	CCL2	CCR2	CCL chemokine	2.0802825644370026e-06	1798	3475	2.5
commot_pilot_v1	GSE292299	GSM8855703_NSCLC_P1	NSCLC	Visium	ambiguous_or_low_signal	immune	CCL2	CCR2	CCL chemokine	1.5247089993732232e-06	1798	232	2.5
commot_pilot_v1	GSE292299	GSM8855703_NSCLC_P1	NSCLC	Visium	ambiguous_or_low_signal	stroma_fibroblast	CCL2	CCR2	CCL chemokine	3.1740286462334605e-06	1798	2895	2.5
commot_pilot_v1	GSE292299	GSM8855703_NSCLC_P1	NSCLC	Visium	ambiguous_or_low_signal	ambiguous_or_low_signal	CCL2	CCR2	CCL chemokine	1.7630671633923545e-05	1798	1798	2.5
commot_pilot_v1	GSE292299	GSM8855703_NSCLC_P1	NSCLC	Visium	tumor_like	tumor_like	VEGFA	KDR	VEGF	0.000100492652306077	3475	3475	2.5
commot_pilot_v1	GSE292299	GSM8855703_NSCLC_P1	NSCLC	Visium	tumor_like	immune	VEGFA	KDR	VEGF	5.908781167837159e-06	3475	232	2.5
commot_pilot_v1	GSE292299	GSM8855703_NSCLC_P1	NSCLC	Visium	tumor_like	stroma_fibroblast	VEGFA	KDR	VEGF	5.858028688756921e-06	3475	2895	2.5
commot_pilot_v1	GSE292299	GSM8855703_NSCLC_P1	NSCLC	Visium	tumor_like	endothelial	VEGFA	KDR	VEGF	2.866250104099802e-05	3475	58	2.5
commot_pilot_v1	GSE292299	GSM8855703_NSCLC_P1	NSCLC	Visium	tumor_like	ambiguous_or_low_signal	VEGFA	KDR	VEGF	1.385332136802587e-05	3475	1798	2.5
commot_pilot_v1	GSE292299	GSM8855703_NSCLC_P1	NSCLC	Visium	immune	tumor_like	VEGFA	KDR	VEGF	4.832643773760597e-06	232	3475	2.5
commot_pilot_v1	GSE292299	GSM8855703_NSCLC_P1	NSCLC	Visium	immune	immune	VEGFA	KDR	VEGF	0.00018155114954287972	232	232	2.5
commot_pilot_v1	GSE292299	GSM8855703_NSCLC_P1	NSCLC	Visium	immune	stroma_fibroblast	VEGFA	KDR	VEGF	8.217408887354496e-06	232	2895	2.5
commot_pilot_v1	GSE292299	GSM8855703_NSCLC_P1	NSCLC	Visium	immune	ambiguous_or_low_signal	VEGFA	KDR	VEGF	2.1666765251591203e-05	232	1798	2.5
commot_pilot_v1	GSE292299	GSM8855703_NSCLC_P1	NSCLC	Visium	stroma_fibroblast	tumor_like	VEGFA	KDR	VEGF	1.3229840132694143e-06	2895	3475	2.5
commot_pilot_v1	GSE292299	GSM8855703_NSCLC_P1	NSCLC	Visium	stroma_fibroblast	immune	VEGFA	KDR	VEGF	4.011491086327687e-06	2895	232	2.5
commot_pilot_v1	GSE292299	GSM8855703_NSCLC_P1	NSCLC	Visium	stroma_fibroblast	stroma_fibroblast	VEGFA	KDR	VEGF	5.990223996060108e-05	2895	2895	2.5
commot_pilot_v1	GSE292299	GSM8855703_NSCLC_P1	NSCLC	Visium	stroma_fibroblast	endothelial	VEGFA	KDR	VEGF	6.725073645791909e-06	2895	58	2.5
commot_pilot_v1	GSE292299	GSM8855703_NSCLC_P1	NSCLC	Visium	stroma_fibroblast	ambiguous_or_low_signal	VEGFA	KDR	VEGF	1.0106936924544056e-05	2895	1798	2.5
commot_pilot_v1	GSE292299	GSM8855703_NSCLC_P1	NSCLC	Visium	endothelial	tumor_like	VEGFA	KDR	VEGF	4.97116924313361e-06	58	3475	2.5
commot_pilot_v1	GSE292299	GSM8855703_NSCLC_P1	NSCLC	Visium	endothelial	immune	VEGFA	KDR	VEGF	6.0360790876027176e-05	58	232	2.5
commot_pilot_v1	GSE292299	GSM8855703_NSCLC_P1	NSCLC	Visium	endothelial	stroma_fibroblast	VEGFA	KDR	VEGF	2.8173583206446127e-08	58	2895	2.5
commot_pilot_v1	GSE292299	GSM8855703_NSCLC_P1	NSCLC	Visium	endothelial	endothelial	VEGFA	KDR	VEGF	0.0009353008121694524	58	58	2.5
commot_pilot_v1	GSE292299	GSM8855703_NSCLC_P1	NSCLC	Visium	endothelial	ambiguous_or_low_signal	VEGFA	KDR	VEGF	3.062672834428637e-05	58	1798	2.5
commot_pilot_v1	GSE292299	GSM8855703_NSCLC_P1	NSCLC	Visium	ambiguous_or_low_signal	tumor_like	VEGFA	KDR	VEGF	6.999830147042344e-06	1798	3475	2.5
commot_pilot_v1	GSE292299	GSM8855703_NSCLC_P1	NSCLC	Visium	ambiguous_or_low_signal	immune	VEGFA	KDR	VEGF	1.3906495967043853e-05	1798	232	2.5
commot_pilot_v1	GSE292299	GSM8855703_NSCLC_P1	NSCLC	Visium	ambiguous_or_low_signal	stroma_fibroblast	VEGFA	KDR	VEGF	1.2199610863090606e-05	1798	2895	2.5
commot_pilot_v1	GSE292299	GSM8855703_NSCLC_P1	NSCLC	Visium	ambiguous_or_low_signal	endothelial	VEGFA	KDR	VEGF	1.2784087797498758e-05	1798	58	2.5
commot_pilot_v1	GSE292299	GSM8855703_NSCLC_P1	NSCLC	Visium	ambiguous_or_low_signal	ambiguous_or_low_signal	VEGFA	KDR	VEGF	8.689836204815638e-05	1798	1798	2.5
commot_pilot_v1	GSE292299	GSM8855703_NSCLC_P1	NSCLC	Visium	tumor_like	tumor_like	SPP1	CD44	SPP1	0.0004342387827646679	3475	3475	2.5
commot_pilot_v1	GSE292299	GSM8855703_NSCLC_P1	NSCLC	Visium	tumor_like	immune	SPP1	CD44	SPP1	8.564935212699774e-06	3475	232	2.5
commot_pilot_v1	GSE292299	GSM8855703_NSCLC_P1	NSCLC	Visium	tumor_like	stroma_fibroblast	SPP1	CD44	SPP1	7.81876798009786e-06	3475	2895	2.5
commot_pilot_v1	GSE292299	GSM8855703_NSCLC_P1	NSCLC	Visium	tumor_like	endothelial	SPP1	CD44	SPP1	9.687417822706755e-06	3475	58	2.5
commot_pilot_v1	GSE292299	GSM8855703_NSCLC_P1	NSCLC	Visium	tumor_like	ambiguous_or_low_signal	SPP1	CD44	SPP1	1.2253333614688795e-05	3475	1798	2.5
commot_pilot_v1	GSE292299	GSM8855703_NSCLC_P1	NSCLC	Visium	immune	tumor_like	SPP1	CD44	SPP1	8.020774287291924e-06	232	3475	2.5
commot_pilot_v1	GSE292299	GSM8855703_NSCLC_P1	NSCLC	Visium	immune	immune	SPP1	CD44	SPP1	0.00568877581460403	232	232	2.5
commot_pilot_v1	GSE292299	GSM8855703_NSCLC_P1	NSCLC	Visium	immune	stroma_fibroblast	SPP1	CD44	SPP1	2.5883125346839497e-06	232	2895	2.5
commot_pilot_v1	GSE292299	GSM8855703_NSCLC_P1	NSCLC	Visium	immune	ambiguous_or_low_signal	SPP1	CD44	SPP1	3.4627981489423554e-05	232	1798	2.5
commot_pilot_v1	GSE292299	GSM8855703_NSCLC_P1	NSCLC	Visium	stroma_fibroblast	tumor_like	SPP1	CD44	SPP1	6.986226560282903e-06	2895	3475	2.5
commot_pilot_v1	GSE292299	GSM8855703_NSCLC_P1	NSCLC	Visium	stroma_fibroblast	immune	SPP1	CD44	SPP1	5.898209022944283e-06	2895	232	2.5
commot_pilot_v1	GSE292299	GSM8855703_NSCLC_P1	NSCLC	Visium	stroma_fibroblast	stroma_fibroblast	SPP1	CD44	SPP1	0.0005542073070810274	2895	2895	2.5
commot_pilot_v1	GSE292299	GSM8855703_NSCLC_P1	NSCLC	Visium	stroma_fibroblast	endothelial	SPP1	CD44	SPP1	2.1146967426609732e-05	2895	58	2.5
commot_pilot_v1	GSE292299	GSM8855703_NSCLC_P1	NSCLC	Visium	stroma_fibroblast	ambiguous_or_low_signal	SPP1	CD44	SPP1	1.646146853236704e-05	2895	1798	2.5
commot_pilot_v1	GSE292299	GSM8855703_NSCLC_P1	NSCLC	Visium	endothelial	tumor_like	SPP1	CD44	SPP1	1.7421701048849937e-05	58	3475	2.5
commot_pilot_v1	GSE292299	GSM8855703_NSCLC_P1	NSCLC	Visium	endothelial	immune	SPP1	CD44	SPP1	6.527348350387753e-05	58	232	2.5
commot_pilot_v1	GSE292299	GSM8855703_NSCLC_P1	NSCLC	Visium	endothelial	stroma_fibroblast	SPP1	CD44	SPP1	1.1685333427545933e-05	58	2895	2.5
commot_pilot_v1	GSE292299	GSM8855703_NSCLC_P1	NSCLC	Visium	endothelial	endothelial	SPP1	CD44	SPP1	0.0005924777106684761	58	58	2.5
commot_pilot_v1	GSE292299	GSM8855703_NSCLC_P1	NSCLC	Visium	endothelial	ambiguous_or_low_signal	SPP1	CD44	SPP1	1.2676109351665447e-05	58	1798	2.5
commot_pilot_v1	GSE292299	GSM8855703_NSCLC_P1	NSCLC	Visium	ambiguous_or_low_signal	tumor_like	SPP1	CD44	SPP1	2.0568124044007437e-05	1798	3475	2.5
commot_pilot_v1	GSE292299	GSM8855703_NSCLC_P1	NSCLC	Visium	ambiguous_or_low_signal	immune	SPP1	CD44	SPP1	9.111414586350918e-06	1798	232	2.5
commot_pilot_v1	GSE292299	GSM8855703_NSCLC_P1	NSCLC	Visium	ambiguous_or_low_signal	stroma_fibroblast	SPP1	CD44	SPP1	1.5481282434951182e-05	1798	2895	2.5
commot_pilot_v1	GSE292299	GSM8855703_NSCLC_P1	NSCLC	Visium	ambiguous_or_low_signal	endothelial	SPP1	CD44	SPP1	8.926367752770234e-07	1798	58	2.5
commot_pilot_v1	GSE292299	GSM8855703_NSCLC_P1	NSCLC	Visium	ambiguous_or_low_signal	ambiguous_or_low_signal	SPP1	CD44	SPP1	0.0004998025966407834	1798	1798	2.5
commot_pilot_v1	GSE292299	GSM8855703_NSCLC_P1	NSCLC	Visium	tumor_like	tumor_like	SPP1	ITGAV	SPP1	0.0002167590283321161	3475	3475	2.5
commot_pilot_v1	GSE292299	GSM8855703_NSCLC_P1	NSCLC	Visium	tumor_like	immune	SPP1	ITGAV	SPP1	4.7608634739792425e-06	3475	232	2.5
commot_pilot_v1	GSE292299	GSM8855703_NSCLC_P1	NSCLC	Visium	tumor_like	stroma_fibroblast	SPP1	ITGAV	SPP1	3.2743621820372925e-06	3475	2895	2.5
commot_pilot_v1	GSE292299	GSM8855703_NSCLC_P1	NSCLC	Visium	tumor_like	endothelial	SPP1	ITGAV	SPP1	8.27282137453486e-06	3475	58	2.5
commot_pilot_v1	GSE292299	GSM8855703_NSCLC_P1	NSCLC	Visium	tumor_like	ambiguous_or_low_signal	SPP1	ITGAV	SPP1	6.658214758053026e-06	3475	1798	2.5
commot_pilot_v1	GSE292299	GSM8855703_NSCLC_P1	NSCLC	Visium	immune	tumor_like	SPP1	ITGAV	SPP1	2.9428362769667436e-06	232	3475	2.5
commot_pilot_v1	GSE292299	GSM8855703_NSCLC_P1	NSCLC	Visium	immune	immune	SPP1	ITGAV	SPP1	0.001604959337235351	232	232	2.5
commot_pilot_v1	GSE292299	GSM8855703_NSCLC_P1	NSCLC	Visium	immune	stroma_fibroblast	SPP1	ITGAV	SPP1	2.6110753717858115e-06	232	2895	2.5
commot_pilot_v1	GSE292299	GSM8855703_NSCLC_P1	NSCLC	Visium	immune	endothelial	SPP1	ITGAV	SPP1	3.6855137725693164e-07	232	58	2.5
commot_pilot_v1	GSE292299	GSM8855703_NSCLC_P1	NSCLC	Visium	immune	ambiguous_or_low_signal	SPP1	ITGAV	SPP1	1.4495124157859404e-05	232	1798	2.5
commot_pilot_v1	GSE292299	GSM8855703_NSCLC_P1	NSCLC	Visium	stroma_fibroblast	tumor_like	SPP1	ITGAV	SPP1	2.4169280872931365e-06	2895	3475	2.5
commot_pilot_v1	GSE292299	GSM8855703_NSCLC_P1	NSCLC	Visium	stroma_fibroblast	immune	SPP1	ITGAV	SPP1	8.897949687539047e-07	2895	232	2.5
commot_pilot_v1	GSE292299	GSM8855703_NSCLC_P1	NSCLC	Visium	stroma_fibroblast	stroma_fibroblast	SPP1	ITGAV	SPP1	0.0003685803984751217	2895	2895	2.5
commot_pilot_v1	GSE292299	GSM8855703_NSCLC_P1	NSCLC	Visium	stroma_fibroblast	ambiguous_or_low_signal	SPP1	ITGAV	SPP1	8.34440949893594e-06	2895	1798	2.5
commot_pilot_v1	GSE292299	GSM8855703_NSCLC_P1	NSCLC	Visium	endothelial	tumor_like	SPP1	ITGAV	SPP1	8.8879065947225e-06	58	3475	2.5
commot_pilot_v1	GSE292299	GSM8855703_NSCLC_P1	NSCLC	Visium	endothelial	immune	SPP1	ITGAV	SPP1	2.1977724041129972e-05	58	232	2.5
commot_pilot_v1	GSE292299	GSM8855703_NSCLC_P1	NSCLC	Visium	endothelial	stroma_fibroblast	SPP1	ITGAV	SPP1	8.904372144870442e-08	58	2895	2.5
commot_pilot_v1	GSE292299	GSM8855703_NSCLC_P1	NSCLC	Visium	endothelial	endothelial	SPP1	ITGAV	SPP1	0.0007563828296326345	58	58	2.5
commot_pilot_v1	GSE292299	GSM8855703_NSCLC_P1	NSCLC	Visium	endothelial	ambiguous_or_low_signal	SPP1	ITGAV	SPP1	1.4143866461947496e-05	58	1798	2.5
commot_pilot_v1	GSE292299	GSM8855703_NSCLC_P1	NSCLC	Visium	ambiguous_or_low_signal	tumor_like	SPP1	ITGAV	SPP1	8.802290082528671e-06	1798	3475	2.5
commot_pilot_v1	GSE292299	GSM8855703_NSCLC_P1	NSCLC	Visium	ambiguous_or_low_signal	immune	SPP1	ITGAV	SPP1	6.2069347398923455e-06	1798	232	2.5
commot_pilot_v1	GSE292299	GSM8855703_NSCLC_P1	NSCLC	Visium	ambiguous_or_low_signal	stroma_fibroblast	SPP1	ITGAV	SPP1	1.003798336705761e-05	1798	2895	2.5
commot_pilot_v1	GSE292299	GSM8855703_NSCLC_P1	NSCLC	Visium	ambiguous_or_low_signal	endothelial	SPP1	ITGAV	SPP1	1.2992438631196516e-05	1798	58	2.5
commot_pilot_v1	GSE292299	GSM8855703_NSCLC_P1	NSCLC	Visium	ambiguous_or_low_signal	ambiguous_or_low_signal	SPP1	ITGAV	SPP1	0.00033278858271434513	1798	1798	2.5
commot_pilot_v1	GSE292299	GSM8855703_NSCLC_P1	NSCLC	Visium	tumor_like	tumor_like	MIF	CD74	MIF	0.0007831445621265852	3475	3475	2.5
commot_pilot_v1	GSE292299	GSM8855703_NSCLC_P1	NSCLC	Visium	tumor_like	immune	MIF	CD74	MIF	2.6818150872995635e-05	3475	232	2.5
commot_pilot_v1	GSE292299	GSM8855703_NSCLC_P1	NSCLC	Visium	tumor_like	stroma_fibroblast	MIF	CD74	MIF	2.5985997668876535e-05	3475	2895	2.5
commot_pilot_v1	GSE292299	GSM8855703_NSCLC_P1	NSCLC	Visium	tumor_like	endothelial	MIF	CD74	MIF	3.478531139827686e-07	3475	58	2.5
commot_pilot_v1	GSE292299	GSM8855703_NSCLC_P1	NSCLC	Visium	tumor_like	ambiguous_or_low_signal	MIF	CD74	MIF	8.63754343697029e-05	3475	1798	2.5
commot_pilot_v1	GSE292299	GSM8855703_NSCLC_P1	NSCLC	Visium	immune	tumor_like	MIF	CD74	MIF	3.278245305278711e-06	232	3475	2.5
commot_pilot_v1	GSE292299	GSM8855703_NSCLC_P1	NSCLC	Visium	immune	immune	MIF	CD74	MIF	0.0038379268726045452	232	232	2.5
commot_pilot_v1	GSE292299	GSM8855703_NSCLC_P1	NSCLC	Visium	immune	stroma_fibroblast	MIF	CD74	MIF	3.597693314146684e-06	232	2895	2.5
commot_pilot_v1	GSE292299	GSM8855703_NSCLC_P1	NSCLC	Visium	immune	endothelial	MIF	CD74	MIF	3.4646790502062883e-05	232	58	2.5
commot_pilot_v1	GSE292299	GSM8855703_NSCLC_P1	NSCLC	Visium	immune	ambiguous_or_low_signal	MIF	CD74	MIF	1.3460626287981484e-05	232	1798	2.5
commot_pilot_v1	GSE292299	GSM8855703_NSCLC_P1	NSCLC	Visium	stroma_fibroblast	tumor_like	MIF	CD74	MIF	2.846479463537086e-06	2895	3475	2.5
commot_pilot_v1	GSE292299	GSM8855703_NSCLC_P1	NSCLC	Visium	stroma_fibroblast	immune	MIF	CD74	MIF	5.156144440524262e-06	2895	232	2.5
commot_pilot_v1	GSE292299	GSM8855703_NSCLC_P1	NSCLC	Visium	stroma_fibroblast	stroma_fibroblast	MIF	CD74	MIF	0.0006243525987848178	2895	2895	2.5
commot_pilot_v1	GSE292299	GSM8855703_NSCLC_P1	NSCLC	Visium	stroma_fibroblast	endothelial	MIF	CD74	MIF	4.950814122701924e-07	2895	58	2.5
commot_pilot_v1	GSE292299	GSM8855703_NSCLC_P1	NSCLC	Visium	stroma_fibroblast	ambiguous_or_low_signal	MIF	CD74	MIF	7.656598096567565e-06	2895	1798	2.5
commot_pilot_v1	GSE292299	GSM8855703_NSCLC_P1	NSCLC	Visium	endothelial	tumor_like	MIF	CD74	MIF	2.625923548058131e-06	58	3475	2.5
commot_pilot_v1	GSE292299	GSM8855703_NSCLC_P1	NSCLC	Visium	endothelial	immune	MIF	CD74	MIF	7.962626367041134e-05	58	232	2.5
commot_pilot_v1	GSE292299	GSM8855703_NSCLC_P1	NSCLC	Visium	endothelial	endothelial	MIF	CD74	MIF	0.0017771196679415612	58	58	2.5
commot_pilot_v1	GSE292299	GSM8855703_NSCLC_P1	NSCLC	Visium	endothelial	ambiguous_or_low_signal	MIF	CD74	MIF	1.362686070714996e-05	58	1798	2.5
commot_pilot_v1	GSE292299	GSM8855703_NSCLC_P1	NSCLC	Visium	ambiguous_or_low_signal	tumor_like	MIF	CD74	MIF	1.4359107687686365e-05	1798	3475	2.5
commot_pilot_v1	GSE292299	GSM8855703_NSCLC_P1	NSCLC	Visium	ambiguous_or_low_signal	immune	MIF	CD74	MIF	2.9651154834759676e-05	1798	232	2.5
commot_pilot_v1	GSE292299	GSM8855703_NSCLC_P1	NSCLC	Visium	ambiguous_or_low_signal	stroma_fibroblast	MIF	CD74	MIF	2.4606265189847923e-05	1798	2895	2.5
commot_pilot_v1	GSE292299	GSM8855703_NSCLC_P1	NSCLC	Visium	ambiguous_or_low_signal	endothelial	MIF	CD74	MIF	9.820514083600385e-06	1798	58	2.5
commot_pilot_v1	GSE292299	GSM8855703_NSCLC_P1	NSCLC	Visium	ambiguous_or_low_signal	ambiguous_or_low_signal	MIF	CD74	MIF	0.0008032028602893677	1798	1798	2.5
commot_pilot_v1	GSE292299	GSM8855703_NSCLC_P1	NSCLC	Visium	tumor_like	tumor_like	DLL4	NOTCH1	NOTCH	2.1725475369465836e-05	3475	3475	2.5
commot_pilot_v1	GSE292299	GSM8855703_NSCLC_P1	NSCLC	Visium	tumor_like	immune	DLL4	NOTCH1	NOTCH	1.860580501116351e-06	3475	232	2.5
commot_pilot_v1	GSE292299	GSM8855703_NSCLC_P1	NSCLC	Visium	tumor_like	stroma_fibroblast	DLL4	NOTCH1	NOTCH	8.873499159017125e-07	3475	2895	2.5
commot_pilot_v1	GSE292299	GSM8855703_NSCLC_P1	NSCLC	Visium	tumor_like	ambiguous_or_low_signal	DLL4	NOTCH1	NOTCH	3.3661640142594273e-06	3475	1798	2.5
commot_pilot_v1	GSE292299	GSM8855703_NSCLC_P1	NSCLC	Visium	immune	immune	DLL4	NOTCH1	NOTCH	2.7780425821480715e-05	232	232	2.5
commot_pilot_v1	GSE292299	GSM8855703_NSCLC_P1	NSCLC	Visium	immune	stroma_fibroblast	DLL4	NOTCH1	NOTCH	3.42017921902028e-07	232	2895	2.5
commot_pilot_v1	GSE292299	GSM8855703_NSCLC_P1	NSCLC	Visium	immune	ambiguous_or_low_signal	DLL4	NOTCH1	NOTCH	5.453936949864475e-06	232	1798	2.5
commot_pilot_v1	GSE292299	GSM8855703_NSCLC_P1	NSCLC	Visium	stroma_fibroblast	tumor_like	DLL4	NOTCH1	NOTCH	4.372257548915175e-07	2895	3475	2.5
commot_pilot_v1	GSE292299	GSM8855703_NSCLC_P1	NSCLC	Visium	stroma_fibroblast	immune	DLL4	NOTCH1	NOTCH	7.44494005879235e-07	2895	232	2.5
commot_pilot_v1	GSE292299	GSM8855703_NSCLC_P1	NSCLC	Visium	stroma_fibroblast	stroma_fibroblast	DLL4	NOTCH1	NOTCH	3.922879383433213e-05	2895	2895	2.5
commot_pilot_v1	GSE292299	GSM8855703_NSCLC_P1	NSCLC	Visium	stroma_fibroblast	ambiguous_or_low_signal	DLL4	NOTCH1	NOTCH	2.1987501394573386e-06	2895	1798	2.5
commot_pilot_v1	GSE292299	GSM8855703_NSCLC_P1	NSCLC	Visium	endothelial	stroma_fibroblast	DLL4	NOTCH1	NOTCH	1.4946166751927345e-84	58	2895	2.5
commot_pilot_v1	GSE292299	GSM8855703_NSCLC_P1	NSCLC	Visium	endothelial	endothelial	DLL4	NOTCH1	NOTCH	0.0002952756091188691	58	58	2.5
commot_pilot_v1	GSE292299	GSM8855703_NSCLC_P1	NSCLC	Visium	endothelial	ambiguous_or_low_signal	DLL4	NOTCH1	NOTCH	6.417907756169576e-08	58	1798	2.5
commot_pilot_v1	GSE292299	GSM8855703_NSCLC_P1	NSCLC	Visium	ambiguous_or_low_signal	tumor_like	DLL4	NOTCH1	NOTCH	1.6936107929453522e-06	1798	3475	2.5
commot_pilot_v1	GSE292299	GSM8855703_NSCLC_P1	NSCLC	Visium	ambiguous_or_low_signal	immune	DLL4	NOTCH1	NOTCH	4.571242424068375e-06	1798	232	2.5
commot_pilot_v1	GSE292299	GSM8855703_NSCLC_P1	NSCLC	Visium	ambiguous_or_low_signal	stroma_fibroblast	DLL4	NOTCH1	NOTCH	2.6213508834813915e-06	1798	2895	2.5
commot_pilot_v1	GSE292299	GSM8855703_NSCLC_P1	NSCLC	Visium	ambiguous_or_low_signal	endothelial	DLL4	NOTCH1	NOTCH	3.2662738955460945e-07	1798	58	2.5
commot_pilot_v1	GSE292299	GSM8855703_NSCLC_P1	NSCLC	Visium	ambiguous_or_low_signal	ambiguous_or_low_signal	DLL4	NOTCH1	NOTCH	2.6572634793734717e-05	1798	1798	2.5
commot_pilot_v1	GSE292299	GSM8855703_NSCLC_P1	NSCLC	Visium	tumor_like	tumor_like	JAG1	NOTCH2	NOTCH	6.569776876586523e-05	3475	3475	2.5
commot_pilot_v1	GSE292299	GSM8855703_NSCLC_P1	NSCLC	Visium	tumor_like	immune	JAG1	NOTCH2	NOTCH	1.6030884521472613e-06	3475	232	2.5
commot_pilot_v1	GSE292299	GSM8855703_NSCLC_P1	NSCLC	Visium	tumor_like	stroma_fibroblast	JAG1	NOTCH2	NOTCH	1.1866060114662322e-06	3475	2895	2.5
commot_pilot_v1	GSE292299	GSM8855703_NSCLC_P1	NSCLC	Visium	tumor_like	endothelial	JAG1	NOTCH2	NOTCH	4.961548002976926e-06	3475	58	2.5
commot_pilot_v1	GSE292299	GSM8855703_NSCLC_P1	NSCLC	Visium	tumor_like	ambiguous_or_low_signal	JAG1	NOTCH2	NOTCH	6.34809889662053e-06	3475	1798	2.5
commot_pilot_v1	GSE292299	GSM8855703_NSCLC_P1	NSCLC	Visium	immune	immune	JAG1	NOTCH2	NOTCH	0.0004030686854486722	232	232	2.5
commot_pilot_v1	GSE292299	GSM8855703_NSCLC_P1	NSCLC	Visium	immune	stroma_fibroblast	JAG1	NOTCH2	NOTCH	4.905932354395427e-06	232	2895	2.5
commot_pilot_v1	GSE292299	GSM8855703_NSCLC_P1	NSCLC	Visium	immune	ambiguous_or_low_signal	JAG1	NOTCH2	NOTCH	1.7699274563832557e-05	232	1798	2.5
commot_pilot_v1	GSE292299	GSM8855703_NSCLC_P1	NSCLC	Visium	stroma_fibroblast	tumor_like	JAG1	NOTCH2	NOTCH	3.828843710191597e-06	2895	3475	2.5
commot_pilot_v1	GSE292299	GSM8855703_NSCLC_P1	NSCLC	Visium	stroma_fibroblast	immune	JAG1	NOTCH2	NOTCH	1.5866947014195253e-05	2895	232	2.5
commot_pilot_v1	GSE292299	GSM8855703_NSCLC_P1	NSCLC	Visium	stroma_fibroblast	stroma_fibroblast	JAG1	NOTCH2	NOTCH	0.0001135872773579308	2895	2895	2.5
commot_pilot_v1	GSE292299	GSM8855703_NSCLC_P1	NSCLC	Visium	stroma_fibroblast	ambiguous_or_low_signal	JAG1	NOTCH2	NOTCH	1.6295604123690234e-05	2895	1798	2.5
commot_pilot_v1	GSE292299	GSM8855703_NSCLC_P1	NSCLC	Visium	endothelial	endothelial	JAG1	NOTCH2	NOTCH	0.0005945303210463735	58	58	2.5
commot_pilot_v1	GSE292299	GSM8855703_NSCLC_P1	NSCLC	Visium	endothelial	ambiguous_or_low_signal	JAG1	NOTCH2	NOTCH	1.4478146123100686e-10	58	1798	2.5
commot_pilot_v1	GSE292299	GSM8855703_NSCLC_P1	NSCLC	Visium	ambiguous_or_low_signal	tumor_like	JAG1	NOTCH2	NOTCH	1.1788492132902548e-05	1798	3475	2.5
commot_pilot_v1	GSE292299	GSM8855703_NSCLC_P1	NSCLC	Visium	ambiguous_or_low_signal	immune	JAG1	NOTCH2	NOTCH	1.6370259061597577e-05	1798	232	2.5
commot_pilot_v1	GSE292299	GSM8855703_NSCLC_P1	NSCLC	Visium	ambiguous_or_low_signal	stroma_fibroblast	JAG1	NOTCH2	NOTCH	8.100655582565485e-06	1798	2895	2.5
commot_pilot_v1	GSE292299	GSM8855703_NSCLC_P1	NSCLC	Visium	ambiguous_or_low_signal	endothelial	JAG1	NOTCH2	NOTCH	1.7377687871848206e-05	1798	58	2.5
commot_pilot_v1	GSE292299	GSM8855703_NSCLC_P1	NSCLC	Visium	ambiguous_or_low_signal	ambiguous_or_low_signal	JAG1	NOTCH2	NOTCH	5.980664024556673e-05	1798	1798	2.5
commot_pilot_v1	GSE292299	GSM8855703_NSCLC_P1	NSCLC	Visium	tumor_like	tumor_like	WNT5A	FZD5	WNT	7.27393592807692e-05	3475	3475	2.5
commot_pilot_v1	GSE292299	GSM8855703_NSCLC_P1	NSCLC	Visium	tumor_like	immune	WNT5A	FZD5	WNT	4.378972707311271e-06	3475	232	2.5
commot_pilot_v1	GSE292299	GSM8855703_NSCLC_P1	NSCLC	Visium	tumor_like	stroma_fibroblast	WNT5A	FZD5	WNT	2.9624925718284887e-06	3475	2895	2.5
commot_pilot_v1	GSE292299	GSM8855703_NSCLC_P1	NSCLC	Visium	tumor_like	endothelial	WNT5A	FZD5	WNT	1.5709461442336165e-06	3475	58	2.5
commot_pilot_v1	GSE292299	GSM8855703_NSCLC_P1	NSCLC	Visium	tumor_like	ambiguous_or_low_signal	WNT5A	FZD5	WNT	7.125822441449418e-06	3475	1798	2.5
commot_pilot_v1	GSE292299	GSM8855703_NSCLC_P1	NSCLC	Visium	immune	tumor_like	WNT5A	FZD5	WNT	2.4807740014884725e-06	232	3475	2.5
commot_pilot_v1	GSE292299	GSM8855703_NSCLC_P1	NSCLC	Visium	immune	immune	WNT5A	FZD5	WNT	0.0001837611921961087	232	232	2.5
commot_pilot_v1	GSE292299	GSM8855703_NSCLC_P1	NSCLC	Visium	immune	stroma_fibroblast	WNT5A	FZD5	WNT	4.972990920985751e-06	232	2895	2.5
commot_pilot_v1	GSE292299	GSM8855703_NSCLC_P1	NSCLC	Visium	immune	ambiguous_or_low_signal	WNT5A	FZD5	WNT	1.2187223327171108e-05	232	1798	2.5
commot_pilot_v1	GSE292299	GSM8855703_NSCLC_P1	NSCLC	Visium	stroma_fibroblast	tumor_like	WNT5A	FZD5	WNT	3.0572126128602633e-06	2895	3475	2.5
commot_pilot_v1	GSE292299	GSM8855703_NSCLC_P1	NSCLC	Visium	stroma_fibroblast	immune	WNT5A	FZD5	WNT	1.3342072556887443e-06	2895	232	2.5
commot_pilot_v1	GSE292299	GSM8855703_NSCLC_P1	NSCLC	Visium	stroma_fibroblast	stroma_fibroblast	WNT5A	FZD5	WNT	3.942940017935849e-05	2895	2895	2.5
commot_pilot_v1	GSE292299	GSM8855703_NSCLC_P1	NSCLC	Visium	stroma_fibroblast	ambiguous_or_low_signal	WNT5A	FZD5	WNT	1.0884845931275186e-05	2895	1798	2.5
commot_pilot_v1	GSE292299	GSM8855703_NSCLC_P1	NSCLC	Visium	endothelial	tumor_like	WNT5A	FZD5	WNT	6.154710144275577e-06	58	3475	2.5
commot_pilot_v1	GSE292299	GSM8855703_NSCLC_P1	NSCLC	Visium	endothelial	immune	WNT5A	FZD5	WNT	4.973878510913514e-07	58	232	2.5
commot_pilot_v1	GSE292299	GSM8855703_NSCLC_P1	NSCLC	Visium	endothelial	stroma_fibroblast	WNT5A	FZD5	WNT	2.9777857185396953e-06	58	2895	2.5
commot_pilot_v1	GSE292299	GSM8855703_NSCLC_P1	NSCLC	Visium	endothelial	endothelial	WNT5A	FZD5	WNT	0.0005004089787841017	58	58	2.5
commot_pilot_v1	GSE292299	GSM8855703_NSCLC_P1	NSCLC	Visium	endothelial	ambiguous_or_low_signal	WNT5A	FZD5	WNT	2.151151805718728e-05	58	1798	2.5
commot_pilot_v1	GSE292299	GSM8855703_NSCLC_P1	NSCLC	Visium	ambiguous_or_low_signal	tumor_like	WNT5A	FZD5	WNT	6.929814421994816e-06	1798	3475	2.5
commot_pilot_v1	GSE292299	GSM8855703_NSCLC_P1	NSCLC	Visium	ambiguous_or_low_signal	immune	WNT5A	FZD5	WNT	9.588910027774019e-06	1798	232	2.5
commot_pilot_v1	GSE292299	GSM8855703_NSCLC_P1	NSCLC	Visium	ambiguous_or_low_signal	stroma_fibroblast	WNT5A	FZD5	WNT	8.282225360897376e-06	1798	2895	2.5
commot_pilot_v1	GSE292299	GSM8855703_NSCLC_P1	NSCLC	Visium	ambiguous_or_low_signal	endothelial	WNT5A	FZD5	WNT	2.3142622902477753e-05	1798	58	2.5
commot_pilot_v1	GSE292299	GSM8855703_NSCLC_P1	NSCLC	Visium	ambiguous_or_low_signal	ambiguous_or_low_signal	WNT5A	FZD5	WNT	3.36785196469801e-05	1798	1798	2.5
commot_pilot_v1	GSE292299	GSM8855703_NSCLC_P1	NSCLC	Visium	tumor_like	tumor_like	EGF	EGFR	EGF/ERBB	6.116963607312201e-05	3475	3475	2.5
commot_pilot_v1	GSE292299	GSM8855703_NSCLC_P1	NSCLC	Visium	tumor_like	stroma_fibroblast	EGF	EGFR	EGF/ERBB	1.5676118060796775e-06	3475	2895	2.5
commot_pilot_v1	GSE292299	GSM8855703_NSCLC_P1	NSCLC	Visium	tumor_like	ambiguous_or_low_signal	EGF	EGFR	EGF/ERBB	2.7591550314870078e-06	3475	1798	2.5
commot_pilot_v1	GSE292299	GSM8855703_NSCLC_P1	NSCLC	Visium	immune	tumor_like	EGF	EGFR	EGF/ERBB	9.302902505581769e-07	232	3475	2.5
commot_pilot_v1	GSE292299	GSM8855703_NSCLC_P1	NSCLC	Visium	immune	immune	EGF	EGFR	EGF/ERBB	5.6956237131529204e-05	232	232	2.5
commot_pilot_v1	GSE292299	GSM8855703_NSCLC_P1	NSCLC	Visium	immune	endothelial	EGF	EGFR	EGF/ERBB	2.3444483935215605e-05	232	58	2.5
commot_pilot_v1	GSE292299	GSM8855703_NSCLC_P1	NSCLC	Visium	immune	ambiguous_or_low_signal	EGF	EGFR	EGF/ERBB	7.904758278542957e-06	232	1798	2.5
commot_pilot_v1	GSE292299	GSM8855703_NSCLC_P1	NSCLC	Visium	stroma_fibroblast	tumor_like	EGF	EGFR	EGF/ERBB	1.1324221371172983e-06	2895	3475	2.5
commot_pilot_v1	GSE292299	GSM8855703_NSCLC_P1	NSCLC	Visium	stroma_fibroblast	stroma_fibroblast	EGF	EGFR	EGF/ERBB	1.6686874031337092e-05	2895	2895	2.5
commot_pilot_v1	GSE292299	GSM8855703_NSCLC_P1	NSCLC	Visium	stroma_fibroblast	ambiguous_or_low_signal	EGF	EGFR	EGF/ERBB	3.256378867037966e-06	2895	1798	2.5
commot_pilot_v1	GSE292299	GSM8855703_NSCLC_P1	NSCLC	Visium	endothelial	endothelial	EGF	EGFR	EGF/ERBB	0.00022634277680812063	58	58	2.5
commot_pilot_v1	GSE292299	GSM8855703_NSCLC_P1	NSCLC	Visium	endothelial	ambiguous_or_low_signal	EGF	EGFR	EGF/ERBB	1.4543626138819005e-05	58	1798	2.5
commot_pilot_v1	GSE292299	GSM8855703_NSCLC_P1	NSCLC	Visium	ambiguous_or_low_signal	tumor_like	EGF	EGFR	EGF/ERBB	4.1567246686539065e-06	1798	3475	2.5
commot_pilot_v1	GSE292299	GSM8855703_NSCLC_P1	NSCLC	Visium	ambiguous_or_low_signal	stroma_fibroblast	EGF	EGFR	EGF/ERBB	3.5749500599779418e-06	1798	2895	2.5
commot_pilot_v1	GSE292299	GSM8855703_NSCLC_P1	NSCLC	Visium	ambiguous_or_low_signal	endothelial	EGF	EGFR	EGF/ERBB	1.2614293427872554e-05	1798	58	2.5
commot_pilot_v1	GSE292299	GSM8855703_NSCLC_P1	NSCLC	Visium	ambiguous_or_low_signal	ambiguous_or_low_signal	EGF	EGFR	EGF/ERBB	1.0574987956744186e-05	1798	1798	2.5
commot_pilot_v1	GSE292299	GSM8855703_NSCLC_P1	NSCLC	Visium	tumor_like	tumor_like	HBEGF	EGFR	EGF/ERBB	1.4688385266157971e-05	3475	3475	2.5
commot_pilot_v1	GSE292299	GSM8855703_NSCLC_P1	NSCLC	Visium	tumor_like	stroma_fibroblast	HBEGF	EGFR	EGF/ERBB	3.5836168650665764e-07	3475	2895	2.5
commot_pilot_v1	GSE292299	GSM8855703_NSCLC_P1	NSCLC	Visium	tumor_like	ambiguous_or_low_signal	HBEGF	EGFR	EGF/ERBB	2.134326156266713e-06	3475	1798	2.5
commot_pilot_v1	GSE292299	GSM8855703_NSCLC_P1	NSCLC	Visium	immune	tumor_like	HBEGF	EGFR	EGF/ERBB	1.420923015828767e-06	232	3475	2.5
commot_pilot_v1	GSE292299	GSM8855703_NSCLC_P1	NSCLC	Visium	immune	immune	HBEGF	EGFR	EGF/ERBB	6.602337213842981e-05	232	232	2.5
commot_pilot_v1	GSE292299	GSM8855703_NSCLC_P1	NSCLC	Visium	immune	stroma_fibroblast	HBEGF	EGFR	EGF/ERBB	1.3742372624226036e-06	232	2895	2.5
commot_pilot_v1	GSE292299	GSM8855703_NSCLC_P1	NSCLC	Visium	immune	ambiguous_or_low_signal	HBEGF	EGFR	EGF/ERBB	6.489553328678456e-06	232	1798	2.5
commot_pilot_v1	GSE292299	GSM8855703_NSCLC_P1	NSCLC	Visium	stroma_fibroblast	tumor_like	HBEGF	EGFR	EGF/ERBB	9.520807866157986e-07	2895	3475	2.5
commot_pilot_v1	GSE292299	GSM8855703_NSCLC_P1	NSCLC	Visium	stroma_fibroblast	immune	HBEGF	EGFR	EGF/ERBB	7.690802642749678e-09	2895	232	2.5
commot_pilot_v1	GSE292299	GSM8855703_NSCLC_P1	NSCLC	Visium	stroma_fibroblast	stroma_fibroblast	HBEGF	EGFR	EGF/ERBB	2.427226954927958e-05	2895	2895	2.5
commot_pilot_v1	GSE292299	GSM8855703_NSCLC_P1	NSCLC	Visium	stroma_fibroblast	ambiguous_or_low_signal	HBEGF	EGFR	EGF/ERBB	2.017799889329947e-06	2895	1798	2.5
commot_pilot_v1	GSE292299	GSM8855703_NSCLC_P1	NSCLC	Visium	endothelial	endothelial	HBEGF	EGFR	EGF/ERBB	0.00021654913469298505	58	58	2.5
commot_pilot_v1	GSE292299	GSM8855703_NSCLC_P1	NSCLC	Visium	endothelial	ambiguous_or_low_signal	HBEGF	EGFR	EGF/ERBB	2.4129324052263755e-07	58	1798	2.5
commot_pilot_v1	GSE292299	GSM8855703_NSCLC_P1	NSCLC	Visium	ambiguous_or_low_signal	tumor_like	HBEGF	EGFR	EGF/ERBB	3.5675833727647977e-06	1798	3475	2.5
commot_pilot_v1	GSE292299	GSM8855703_NSCLC_P1	NSCLC	Visium	ambiguous_or_low_signal	immune	HBEGF	EGFR	EGF/ERBB	1.4511734211083844e-09	1798	232	2.5
commot_pilot_v1	GSE292299	GSM8855703_NSCLC_P1	NSCLC	Visium	ambiguous_or_low_signal	stroma_fibroblast	HBEGF	EGFR	EGF/ERBB	2.4631833228644634e-06	1798	2895	2.5
commot_pilot_v1	GSE292299	GSM8855703_NSCLC_P1	NSCLC	Visium	ambiguous_or_low_signal	endothelial	HBEGF	EGFR	EGF/ERBB	8.430570922152574e-06	1798	58	2.5
commot_pilot_v1	GSE292299	GSM8855703_NSCLC_P1	NSCLC	Visium	ambiguous_or_low_signal	ambiguous_or_low_signal	HBEGF	EGFR	EGF/ERBB	1.8699734367748935e-05	1798	1798	2.5
commot_pilot_v1	GSE292299	GSM8855703_NSCLC_P1	NSCLC	Visium	tumor_like	tumor_like	COL1A1	ITGA2	ECM-integrin	9.634917073615385e-05	3475	3475	2.5
commot_pilot_v1	GSE292299	GSM8855703_NSCLC_P1	NSCLC	Visium	tumor_like	immune	COL1A1	ITGA2	ECM-integrin	3.2480396869264895e-06	3475	232	2.5
commot_pilot_v1	GSE292299	GSM8855703_NSCLC_P1	NSCLC	Visium	tumor_like	stroma_fibroblast	COL1A1	ITGA2	ECM-integrin	3.472644160916672e-07	3475	2895	2.5
commot_pilot_v1	GSE292299	GSM8855703_NSCLC_P1	NSCLC	Visium	tumor_like	endothelial	COL1A1	ITGA2	ECM-integrin	6.815964438098463e-06	3475	58	2.5
commot_pilot_v1	GSE292299	GSM8855703_NSCLC_P1	NSCLC	Visium	tumor_like	ambiguous_or_low_signal	COL1A1	ITGA2	ECM-integrin	3.43944200266283e-06	3475	1798	2.5
commot_pilot_v1	GSE292299	GSM8855703_NSCLC_P1	NSCLC	Visium	immune	tumor_like	COL1A1	ITGA2	ECM-integrin	1.3034492808972304e-06	232	3475	2.5
commot_pilot_v1	GSE292299	GSM8855703_NSCLC_P1	NSCLC	Visium	immune	immune	COL1A1	ITGA2	ECM-integrin	0.0004119645642779316	232	232	2.5
commot_pilot_v1	GSE292299	GSM8855703_NSCLC_P1	NSCLC	Visium	immune	stroma_fibroblast	COL1A1	ITGA2	ECM-integrin	6.344625270482116e-09	232	2895	2.5
commot_pilot_v1	GSE292299	GSM8855703_NSCLC_P1	NSCLC	Visium	immune	endothelial	COL1A1	ITGA2	ECM-integrin	4.8253355138206395e-08	232	58	2.5
commot_pilot_v1	GSE292299	GSM8855703_NSCLC_P1	NSCLC	Visium	immune	ambiguous_or_low_signal	COL1A1	ITGA2	ECM-integrin	7.279868080054147e-06	232	1798	2.5
commot_pilot_v1	GSE292299	GSM8855703_NSCLC_P1	NSCLC	Visium	stroma_fibroblast	tumor_like	COL1A1	ITGA2	ECM-integrin	3.7368634050151084e-06	2895	3475	2.5
commot_pilot_v1	GSE292299	GSM8855703_NSCLC_P1	NSCLC	Visium	stroma_fibroblast	immune	COL1A1	ITGA2	ECM-integrin	9.74109246614776e-06	2895	232	2.5
commot_pilot_v1	GSE292299	GSM8855703_NSCLC_P1	NSCLC	Visium	stroma_fibroblast	stroma_fibroblast	COL1A1	ITGA2	ECM-integrin	0.00010492213067065512	2895	2895	2.5
commot_pilot_v1	GSE292299	GSM8855703_NSCLC_P1	NSCLC	Visium	stroma_fibroblast	endothelial	COL1A1	ITGA2	ECM-integrin	1.2522006149770796e-05	2895	58	2.5
commot_pilot_v1	GSE292299	GSM8855703_NSCLC_P1	NSCLC	Visium	stroma_fibroblast	ambiguous_or_low_signal	COL1A1	ITGA2	ECM-integrin	5.009355265877049e-06	2895	1798	2.5
commot_pilot_v1	GSE292299	GSM8855703_NSCLC_P1	NSCLC	Visium	endothelial	tumor_like	COL1A1	ITGA2	ECM-integrin	4.813508058288359e-07	58	3475	2.5
commot_pilot_v1	GSE292299	GSM8855703_NSCLC_P1	NSCLC	Visium	endothelial	immune	COL1A1	ITGA2	ECM-integrin	3.241139408367312e-06	58	232	2.5
commot_pilot_v1	GSE292299	GSM8855703_NSCLC_P1	NSCLC	Visium	endothelial	stroma_fibroblast	COL1A1	ITGA2	ECM-integrin	1.0148233735369102e-06	58	2895	2.5
commot_pilot_v1	GSE292299	GSM8855703_NSCLC_P1	NSCLC	Visium	endothelial	endothelial	COL1A1	ITGA2	ECM-integrin	0.0011518499011241555	58	58	2.5
commot_pilot_v1	GSE292299	GSM8855703_NSCLC_P1	NSCLC	Visium	endothelial	ambiguous_or_low_signal	COL1A1	ITGA2	ECM-integrin	6.124949528855706e-06	58	1798	2.5
commot_pilot_v1	GSE292299	GSM8855703_NSCLC_P1	NSCLC	Visium	ambiguous_or_low_signal	tumor_like	COL1A1	ITGA2	ECM-integrin	7.967665928707626e-06	1798	3475	2.5
commot_pilot_v1	GSE292299	GSM8855703_NSCLC_P1	NSCLC	Visium	ambiguous_or_low_signal	immune	COL1A1	ITGA2	ECM-integrin	9.881021012000963e-06	1798	232	2.5
commot_pilot_v1	GSE292299	GSM8855703_NSCLC_P1	NSCLC	Visium	ambiguous_or_low_signal	stroma_fibroblast	COL1A1	ITGA2	ECM-integrin	1.7245828823949756e-06	1798	2895	2.5
commot_pilot_v1	GSE292299	GSM8855703_NSCLC_P1	NSCLC	Visium	ambiguous_or_low_signal	endothelial	COL1A1	ITGA2	ECM-integrin	3.4983314318254665e-05	1798	58	2.5
commot_pilot_v1	GSE292299	GSM8855703_NSCLC_P1	NSCLC	Visium	ambiguous_or_low_signal	ambiguous_or_low_signal	COL1A1	ITGA2	ECM-integrin	0.00010432430143728423	1798	1798	2.5
commot_pilot_v1	GSE292299	GSM8855704_NSCLC_P2	NSCLC	Visium	tumor_like	tumor_like	TGFB1	TGFBR1	TGFB	0.0011322291022022193	732	732	2.5
commot_pilot_v1	GSE292299	GSM8855704_NSCLC_P2	NSCLC	Visium	tumor_like	immune	TGFB1	TGFBR1	TGFB	4.021225831745026e-05	732	56	2.5
commot_pilot_v1	GSE292299	GSM8855704_NSCLC_P2	NSCLC	Visium	tumor_like	stroma_fibroblast	TGFB1	TGFBR1	TGFB	1.8386365907550614e-05	732	4784	2.5
commot_pilot_v1	GSE292299	GSM8855704_NSCLC_P2	NSCLC	Visium	tumor_like	endothelial	TGFB1	TGFBR1	TGFB	6.830601092896175e-05	732	20	2.5
commot_pilot_v1	GSE292299	GSM8855704_NSCLC_P2	NSCLC	Visium	tumor_like	ambiguous_or_low_signal	TGFB1	TGFBR1	TGFB	9.67023531231479e-05	732	1315	2.5
commot_pilot_v1	GSE292299	GSM8855704_NSCLC_P2	NSCLC	Visium	immune	tumor_like	TGFB1	TGFBR1	TGFB	2.7950716138965365e-07	56	732	2.5
commot_pilot_v1	GSE292299	GSM8855704_NSCLC_P2	NSCLC	Visium	immune	immune	TGFB1	TGFBR1	TGFB	0.0012237271109688092	56	56	2.5
commot_pilot_v1	GSE292299	GSM8855704_NSCLC_P2	NSCLC	Visium	immune	stroma_fibroblast	TGFB1	TGFBR1	TGFB	3.151749028524228e-09	56	4784	2.5
commot_pilot_v1	GSE292299	GSM8855704_NSCLC_P2	NSCLC	Visium	immune	ambiguous_or_low_signal	TGFB1	TGFBR1	TGFB	1.8968973738689048e-05	56	1315	2.5
commot_pilot_v1	GSE292299	GSM8855704_NSCLC_P2	NSCLC	Visium	stroma_fibroblast	tumor_like	TGFB1	TGFBR1	TGFB	6.061248212243724e-06	4784	732	2.5
commot_pilot_v1	GSE292299	GSM8855704_NSCLC_P2	NSCLC	Visium	stroma_fibroblast	immune	TGFB1	TGFBR1	TGFB	1.4253263981397704e-06	4784	56	2.5
commot_pilot_v1	GSE292299	GSM8855704_NSCLC_P2	NSCLC	Visium	stroma_fibroblast	stroma_fibroblast	TGFB1	TGFBR1	TGFB	0.00011072811416642906	4784	4784	2.5
commot_pilot_v1	GSE292299	GSM8855704_NSCLC_P2	NSCLC	Visium	stroma_fibroblast	ambiguous_or_low_signal	TGFB1	TGFBR1	TGFB	1.7003513082291436e-05	4784	1315	2.5
commot_pilot_v1	GSE292299	GSM8855704_NSCLC_P2	NSCLC	Visium	endothelial	stroma_fibroblast	TGFB1	TGFBR1	TGFB	1.9626379386724855e-06	20	4784	2.5
commot_pilot_v1	GSE292299	GSM8855704_NSCLC_P2	NSCLC	Visium	endothelial	ambiguous_or_low_signal	TGFB1	TGFBR1	TGFB	2.2576717229034412e-05	20	1315	2.5
commot_pilot_v1	GSE292299	GSM8855704_NSCLC_P2	NSCLC	Visium	ambiguous_or_low_signal	tumor_like	TGFB1	TGFBR1	TGFB	5.415214464260702e-05	1315	732	2.5
commot_pilot_v1	GSE292299	GSM8855704_NSCLC_P2	NSCLC	Visium	ambiguous_or_low_signal	immune	TGFB1	TGFBR1	TGFB	4.608286466118025e-05	1315	56	2.5
commot_pilot_v1	GSE292299	GSM8855704_NSCLC_P2	NSCLC	Visium	ambiguous_or_low_signal	stroma_fibroblast	TGFB1	TGFBR1	TGFB	2.738600515794399e-05	1315	4784	2.5
commot_pilot_v1	GSE292299	GSM8855704_NSCLC_P2	NSCLC	Visium	ambiguous_or_low_signal	ambiguous_or_low_signal	TGFB1	TGFBR1	TGFB	0.00045407823306824896	1315	1315	2.5
commot_pilot_v1	GSE292299	GSM8855704_NSCLC_P2	NSCLC	Visium	tumor_like	tumor_like	TGFB1	TGFBR2	TGFB	0.0004407067193146386	732	732	2.5
commot_pilot_v1	GSE292299	GSM8855704_NSCLC_P2	NSCLC	Visium	tumor_like	immune	TGFB1	TGFBR2	TGFB	7.28198487568595e-05	732	56	2.5
commot_pilot_v1	GSE292299	GSM8855704_NSCLC_P2	NSCLC	Visium	tumor_like	stroma_fibroblast	TGFB1	TGFBR2	TGFB	2.181221498927775e-05	732	4784	2.5
commot_pilot_v1	GSE292299	GSM8855704_NSCLC_P2	NSCLC	Visium	tumor_like	ambiguous_or_low_signal	TGFB1	TGFBR2	TGFB	5.490274388153481e-05	732	1315	2.5
commot_pilot_v1	GSE292299	GSM8855704_NSCLC_P2	NSCLC	Visium	immune	tumor_like	TGFB1	TGFBR2	TGFB	3.851837389144348e-10	56	732	2.5
commot_pilot_v1	GSE292299	GSM8855704_NSCLC_P2	NSCLC	Visium	immune	immune	TGFB1	TGFBR2	TGFB	0.0009684537196804604	56	56	2.5
commot_pilot_v1	GSE292299	GSM8855704_NSCLC_P2	NSCLC	Visium	immune	stroma_fibroblast	TGFB1	TGFBR2	TGFB	3.7405226622971238e-06	56	4784	2.5
commot_pilot_v1	GSE292299	GSM8855704_NSCLC_P2	NSCLC	Visium	immune	ambiguous_or_low_signal	TGFB1	TGFBR2	TGFB	8.42820319584192e-06	56	1315	2.5
commot_pilot_v1	GSE292299	GSM8855704_NSCLC_P2	NSCLC	Visium	stroma_fibroblast	tumor_like	TGFB1	TGFBR2	TGFB	2.1422166059776154e-06	4784	732	2.5
commot_pilot_v1	GSE292299	GSM8855704_NSCLC_P2	NSCLC	Visium	stroma_fibroblast	immune	TGFB1	TGFBR2	TGFB	5.854251180216823e-08	4784	56	2.5
commot_pilot_v1	GSE292299	GSM8855704_NSCLC_P2	NSCLC	Visium	stroma_fibroblast	stroma_fibroblast	TGFB1	TGFBR2	TGFB	9.02575514496114e-05	4784	4784	2.5
commot_pilot_v1	GSE292299	GSM8855704_NSCLC_P2	NSCLC	Visium	stroma_fibroblast	ambiguous_or_low_signal	TGFB1	TGFBR2	TGFB	9.645071752235731e-06	4784	1315	2.5
commot_pilot_v1	GSE292299	GSM8855704_NSCLC_P2	NSCLC	Visium	endothelial	stroma_fibroblast	TGFB1	TGFBR2	TGFB	1.0451505016722413e-05	20	4784	2.5
commot_pilot_v1	GSE292299	GSM8855704_NSCLC_P2	NSCLC	Visium	ambiguous_or_low_signal	tumor_like	TGFB1	TGFBR2	TGFB	2.504481122452119e-05	1315	732	2.5
commot_pilot_v1	GSE292299	GSM8855704_NSCLC_P2	NSCLC	Visium	ambiguous_or_low_signal	immune	TGFB1	TGFBR2	TGFB	8.114786168305904e-05	1315	56	2.5
commot_pilot_v1	GSE292299	GSM8855704_NSCLC_P2	NSCLC	Visium	ambiguous_or_low_signal	stroma_fibroblast	TGFB1	TGFBR2	TGFB	2.2850298000363457e-05	1315	4784	2.5
commot_pilot_v1	GSE292299	GSM8855704_NSCLC_P2	NSCLC	Visium	ambiguous_or_low_signal	ambiguous_or_low_signal	TGFB1	TGFBR2	TGFB	0.00028255470459204884	1315	1315	2.5
commot_pilot_v1	GSE292299	GSM8855704_NSCLC_P2	NSCLC	Visium	tumor_like	tumor_like	CXCL12	CXCR4	CXCL chemokine	0.00015918234983514388	732	732	2.5
commot_pilot_v1	GSE292299	GSM8855704_NSCLC_P2	NSCLC	Visium	tumor_like	stroma_fibroblast	CXCL12	CXCR4	CXCL chemokine	3.515960041101696e-06	732	4784	2.5
commot_pilot_v1	GSE292299	GSM8855704_NSCLC_P2	NSCLC	Visium	tumor_like	ambiguous_or_low_signal	CXCL12	CXCR4	CXCL chemokine	2.847529829599819e-05	732	1315	2.5
commot_pilot_v1	GSE292299	GSM8855704_NSCLC_P2	NSCLC	Visium	immune	tumor_like	CXCL12	CXCR4	CXCL chemokine	1.0644278598502899e-06	56	732	2.5
commot_pilot_v1	GSE292299	GSM8855704_NSCLC_P2	NSCLC	Visium	immune	immune	CXCL12	CXCR4	CXCL chemokine	0.00031788789016174725	56	56	2.5
commot_pilot_v1	GSE292299	GSM8855704_NSCLC_P2	NSCLC	Visium	immune	stroma_fibroblast	CXCL12	CXCR4	CXCL chemokine	2.0537153494347383e-05	56	4784	2.5
commot_pilot_v1	GSE292299	GSM8855704_NSCLC_P2	NSCLC	Visium	immune	endothelial	CXCL12	CXCR4	CXCL chemokine	0.0017857142857142867	56	20	2.5
commot_pilot_v1	GSE292299	GSM8855704_NSCLC_P2	NSCLC	Visium	immune	ambiguous_or_low_signal	CXCL12	CXCR4	CXCL chemokine	3.3371604833541144e-05	56	1315	2.5
commot_pilot_v1	GSE292299	GSM8855704_NSCLC_P2	NSCLC	Visium	stroma_fibroblast	tumor_like	CXCL12	CXCR4	CXCL chemokine	8.201453991694488e-06	4784	732	2.5
commot_pilot_v1	GSE292299	GSM8855704_NSCLC_P2	NSCLC	Visium	stroma_fibroblast	immune	CXCL12	CXCR4	CXCL chemokine	6.778309199496581e-06	4784	56	2.5
commot_pilot_v1	GSE292299	GSM8855704_NSCLC_P2	NSCLC	Visium	stroma_fibroblast	stroma_fibroblast	CXCL12	CXCR4	CXCL chemokine	8.01412782409102e-05	4784	4784	2.5
commot_pilot_v1	GSE292299	GSM8855704_NSCLC_P2	NSCLC	Visium	stroma_fibroblast	ambiguous_or_low_signal	CXCL12	CXCR4	CXCL chemokine	1.518038223302188e-05	4784	1315	2.5
commot_pilot_v1	GSE292299	GSM8855704_NSCLC_P2	NSCLC	Visium	ambiguous_or_low_signal	tumor_like	CXCL12	CXCR4	CXCL chemokine	2.455891687240461e-05	1315	732	2.5
commot_pilot_v1	GSE292299	GSM8855704_NSCLC_P2	NSCLC	Visium	ambiguous_or_low_signal	immune	CXCL12	CXCR4	CXCL chemokine	2.555748299371201e-06	1315	56	2.5
commot_pilot_v1	GSE292299	GSM8855704_NSCLC_P2	NSCLC	Visium	ambiguous_or_low_signal	stroma_fibroblast	CXCL12	CXCR4	CXCL chemokine	1.1782787056499852e-05	1315	4784	2.5
commot_pilot_v1	GSE292299	GSM8855704_NSCLC_P2	NSCLC	Visium	ambiguous_or_low_signal	endothelial	CXCL12	CXCR4	CXCL chemokine	5.70114669232331e-44	1315	20	2.5
commot_pilot_v1	GSE292299	GSM8855704_NSCLC_P2	NSCLC	Visium	ambiguous_or_low_signal	ambiguous_or_low_signal	CXCL12	CXCR4	CXCL chemokine	9.420870174473451e-05	1315	1315	2.5
commot_pilot_v1	GSE292299	GSM8855704_NSCLC_P2	NSCLC	Visium	tumor_like	tumor_like	CXCL9	CXCR3	CXCL chemokine	2.0382989895271912e-05	732	732	2.5
commot_pilot_v1	GSE292299	GSM8855704_NSCLC_P2	NSCLC	Visium	tumor_like	stroma_fibroblast	CXCL9	CXCR3	CXCL chemokine	2.989046151820152e-09	732	4784	2.5
commot_pilot_v1	GSE292299	GSM8855704_NSCLC_P2	NSCLC	Visium	tumor_like	endothelial	CXCL9	CXCR3	CXCL chemokine	6.830601092896178e-05	732	20	2.5
commot_pilot_v1	GSE292299	GSM8855704_NSCLC_P2	NSCLC	Visium	tumor_like	ambiguous_or_low_signal	CXCL9	CXCR3	CXCL chemokine	4.51028900346179e-06	732	1315	2.5
commot_pilot_v1	GSE292299	GSM8855704_NSCLC_P2	NSCLC	Visium	immune	ambiguous_or_low_signal	CXCL9	CXCR3	CXCL chemokine	1.1617127854850202e-05	56	1315	2.5
commot_pilot_v1	GSE292299	GSM8855704_NSCLC_P2	NSCLC	Visium	stroma_fibroblast	tumor_like	CXCL9	CXCR3	CXCL chemokine	8.704843765275125e-07	4784	732	2.5
commot_pilot_v1	GSE292299	GSM8855704_NSCLC_P2	NSCLC	Visium	stroma_fibroblast	stroma_fibroblast	CXCL9	CXCR3	CXCL chemokine	5.356527930917645e-06	4784	4784	2.5
commot_pilot_v1	GSE292299	GSM8855704_NSCLC_P2	NSCLC	Visium	stroma_fibroblast	ambiguous_or_low_signal	CXCL9	CXCR3	CXCL chemokine	5.302065276616231e-07	4784	1315	2.5
commot_pilot_v1	GSE292299	GSM8855704_NSCLC_P2	NSCLC	Visium	ambiguous_or_low_signal	tumor_like	CXCL9	CXCR3	CXCL chemokine	2.10888033203126e-06	1315	732	2.5
commot_pilot_v1	GSE292299	GSM8855704_NSCLC_P2	NSCLC	Visium	ambiguous_or_low_signal	stroma_fibroblast	CXCL9	CXCR3	CXCL chemokine	1.2552171029295624e-06	1315	4784	2.5
commot_pilot_v1	GSE292299	GSM8855704_NSCLC_P2	NSCLC	Visium	ambiguous_or_low_signal	ambiguous_or_low_signal	CXCL9	CXCR3	CXCL chemokine	8.65560737241161e-06	1315	1315	2.5
commot_pilot_v1	GSE292299	GSM8855704_NSCLC_P2	NSCLC	Visium	tumor_like	tumor_like	CCL2	CCR2	CCL chemokine	3.392336482963843e-05	732	732	2.5
commot_pilot_v1	GSE292299	GSM8855704_NSCLC_P2	NSCLC	Visium	tumor_like	stroma_fibroblast	CCL2	CCR2	CCL chemokine	8.653606916976107e-07	732	4784	2.5
commot_pilot_v1	GSE292299	GSM8855704_NSCLC_P2	NSCLC	Visium	tumor_like	ambiguous_or_low_signal	CCL2	CCR2	CCL chemokine	2.582777904515713e-06	732	1315	2.5
commot_pilot_v1	GSE292299	GSM8855704_NSCLC_P2	NSCLC	Visium	immune	stroma_fibroblast	CCL2	CCR2	CCL chemokine	3.734136746397526e-06	56	4784	2.5
commot_pilot_v1	GSE292299	GSM8855704_NSCLC_P2	NSCLC	Visium	immune	ambiguous_or_low_signal	CCL2	CCR2	CCL chemokine	1.3579576317218896e-05	56	1315	2.5
commot_pilot_v1	GSE292299	GSM8855704_NSCLC_P2	NSCLC	Visium	stroma_fibroblast	tumor_like	CCL2	CCR2	CCL chemokine	2.173929868830749e-06	4784	732	2.5
commot_pilot_v1	GSE292299	GSM8855704_NSCLC_P2	NSCLC	Visium	stroma_fibroblast	stroma_fibroblast	CCL2	CCR2	CCL chemokine	8.196639972109499e-06	4784	4784	2.5
commot_pilot_v1	GSE292299	GSM8855704_NSCLC_P2	NSCLC	Visium	stroma_fibroblast	ambiguous_or_low_signal	CCL2	CCR2	CCL chemokine	3.566405341084886e-06	4784	1315	2.5
commot_pilot_v1	GSE292299	GSM8855704_NSCLC_P2	NSCLC	Visium	endothelial	tumor_like	CCL2	CCR2	CCL chemokine	3.415300546448077e-05	20	732	2.5
commot_pilot_v1	GSE292299	GSM8855704_NSCLC_P2	NSCLC	Visium	ambiguous_or_low_signal	tumor_like	CCL2	CCR2	CCL chemokine	2.815545765571575e-06	1315	732	2.5
commot_pilot_v1	GSE292299	GSM8855704_NSCLC_P2	NSCLC	Visium	ambiguous_or_low_signal	stroma_fibroblast	CCL2	CCR2	CCL chemokine	1.6990989371310688e-06	1315	4784	2.5
commot_pilot_v1	GSE292299	GSM8855704_NSCLC_P2	NSCLC	Visium	ambiguous_or_low_signal	ambiguous_or_low_signal	CCL2	CCR2	CCL chemokine	1.3164467932300492e-05	1315	1315	2.5
commot_pilot_v1	GSE292299	GSM8855704_NSCLC_P2	NSCLC	Visium	tumor_like	tumor_like	VEGFA	KDR	VEGF	7.661962108303544e-05	732	732	2.5
commot_pilot_v1	GSE292299	GSM8855704_NSCLC_P2	NSCLC	Visium	tumor_like	stroma_fibroblast	VEGFA	KDR	VEGF	9.843986767429278e-07	732	4784	2.5
commot_pilot_v1	GSE292299	GSM8855704_NSCLC_P2	NSCLC	Visium	tumor_like	endothelial	VEGFA	KDR	VEGF	0.00013661202185792355	732	20	2.5
commot_pilot_v1	GSE292299	GSM8855704_NSCLC_P2	NSCLC	Visium	tumor_like	ambiguous_or_low_signal	VEGFA	KDR	VEGF	2.8133963802781762e-06	732	1315	2.5
commot_pilot_v1	GSE292299	GSM8855704_NSCLC_P2	NSCLC	Visium	immune	stroma_fibroblast	VEGFA	KDR	VEGF	1.2131245228788712e-05	56	4784	2.5
commot_pilot_v1	GSE292299	GSM8855704_NSCLC_P2	NSCLC	Visium	immune	ambiguous_or_low_signal	VEGFA	KDR	VEGF	1.575961227707501e-05	56	1315	2.5
commot_pilot_v1	GSE292299	GSM8855704_NSCLC_P2	NSCLC	Visium	stroma_fibroblast	tumor_like	VEGFA	KDR	VEGF	8.781249183961603e-07	4784	732	2.5
commot_pilot_v1	GSE292299	GSM8855704_NSCLC_P2	NSCLC	Visium	stroma_fibroblast	immune	VEGFA	KDR	VEGF	7.465360726230288e-06	4784	56	2.5
commot_pilot_v1	GSE292299	GSM8855704_NSCLC_P2	NSCLC	Visium	stroma_fibroblast	stroma_fibroblast	VEGFA	KDR	VEGF	1.8817569092990278e-05	4784	4784	2.5
commot_pilot_v1	GSE292299	GSM8855704_NSCLC_P2	NSCLC	Visium	stroma_fibroblast	endothelial	VEGFA	KDR	VEGF	6.6300347393887415e-06	4784	20	2.5
commot_pilot_v1	GSE292299	GSM8855704_NSCLC_P2	NSCLC	Visium	stroma_fibroblast	ambiguous_or_low_signal	VEGFA	KDR	VEGF	1.457499466204458e-06	4784	1315	2.5
commot_pilot_v1	GSE292299	GSM8855704_NSCLC_P2	NSCLC	Visium	endothelial	tumor_like	VEGFA	KDR	VEGF	3.1212843617043856e-05	20	732	2.5
commot_pilot_v1	GSE292299	GSM8855704_NSCLC_P2	NSCLC	Visium	endothelial	endothelial	VEGFA	KDR	VEGF	0.0025000000000000014	20	20	2.5
commot_pilot_v1	GSE292299	GSM8855704_NSCLC_P2	NSCLC	Visium	ambiguous_or_low_signal	tumor_like	VEGFA	KDR	VEGF	1.6633445594026947e-06	1315	732	2.5
commot_pilot_v1	GSE292299	GSM8855704_NSCLC_P2	NSCLC	Visium	ambiguous_or_low_signal	stroma_fibroblast	VEGFA	KDR	VEGF	1.8190739059623027e-06	1315	4784	2.5
commot_pilot_v1	GSE292299	GSM8855704_NSCLC_P2	NSCLC	Visium	ambiguous_or_low_signal	endothelial	VEGFA	KDR	VEGF	1.3902596050771377e-05	1315	20	2.5
commot_pilot_v1	GSE292299	GSM8855704_NSCLC_P2	NSCLC	Visium	ambiguous_or_low_signal	ambiguous_or_low_signal	VEGFA	KDR	VEGF	6.532537536889333e-05	1315	1315	2.5
commot_pilot_v1	GSE292299	GSM8855704_NSCLC_P2	NSCLC	Visium	tumor_like	tumor_like	SPP1	CD44	SPP1	0.026508878920299926	732	732	2.5
commot_pilot_v1	GSE292299	GSM8855704_NSCLC_P2	NSCLC	Visium	tumor_like	immune	SPP1	CD44	SPP1	3.4578287744990385e-05	732	56	2.5
commot_pilot_v1	GSE292299	GSM8855704_NSCLC_P2	NSCLC	Visium	tumor_like	stroma_fibroblast	SPP1	CD44	SPP1	8.06031697438434e-06	732	4784	2.5
commot_pilot_v1	GSE292299	GSM8855704_NSCLC_P2	NSCLC	Visium	tumor_like	endothelial	SPP1	CD44	SPP1	1.3600581555335752e-05	732	20	2.5
commot_pilot_v1	GSE292299	GSM8855704_NSCLC_P2	NSCLC	Visium	tumor_like	ambiguous_or_low_signal	SPP1	CD44	SPP1	6.472014610999082e-05	732	1315	2.5
commot_pilot_v1	GSE292299	GSM8855704_NSCLC_P2	NSCLC	Visium	immune	tumor_like	SPP1	CD44	SPP1	0.00010414507612428027	56	732	2.5
commot_pilot_v1	GSE292299	GSM8855704_NSCLC_P2	NSCLC	Visium	immune	immune	SPP1	CD44	SPP1	0.01338678156492486	56	56	2.5
commot_pilot_v1	GSE292299	GSM8855704_NSCLC_P2	NSCLC	Visium	immune	stroma_fibroblast	SPP1	CD44	SPP1	3.3277959115648357e-06	56	4784	2.5
commot_pilot_v1	GSE292299	GSM8855704_NSCLC_P2	NSCLC	Visium	immune	ambiguous_or_low_signal	SPP1	CD44	SPP1	1.9025427869859048e-05	56	1315	2.5
commot_pilot_v1	GSE292299	GSM8855704_NSCLC_P2	NSCLC	Visium	stroma_fibroblast	tumor_like	SPP1	CD44	SPP1	1.7984166974420987e-05	4784	732	2.5
commot_pilot_v1	GSE292299	GSM8855704_NSCLC_P2	NSCLC	Visium	stroma_fibroblast	immune	SPP1	CD44	SPP1	1.027228694202914e-05	4784	56	2.5
commot_pilot_v1	GSE292299	GSM8855704_NSCLC_P2	NSCLC	Visium	stroma_fibroblast	stroma_fibroblast	SPP1	CD44	SPP1	0.0020105494167356385	4784	4784	2.5
commot_pilot_v1	GSE292299	GSM8855704_NSCLC_P2	NSCLC	Visium	stroma_fibroblast	endothelial	SPP1	CD44	SPP1	1.9035803574419798e-05	4784	20	2.5
commot_pilot_v1	GSE292299	GSM8855704_NSCLC_P2	NSCLC	Visium	stroma_fibroblast	ambiguous_or_low_signal	SPP1	CD44	SPP1	1.8426929852221286e-05	4784	1315	2.5
commot_pilot_v1	GSE292299	GSM8855704_NSCLC_P2	NSCLC	Visium	endothelial	tumor_like	SPP1	CD44	SPP1	1.2772693378710771e-06	20	732	2.5
commot_pilot_v1	GSE292299	GSM8855704_NSCLC_P2	NSCLC	Visium	endothelial	stroma_fibroblast	SPP1	CD44	SPP1	1.862774964160988e-05	20	4784	2.5
commot_pilot_v1	GSE292299	GSM8855704_NSCLC_P2	NSCLC	Visium	endothelial	endothelial	SPP1	CD44	SPP1	0.006980077778462551	20	20	2.5
commot_pilot_v1	GSE292299	GSM8855704_NSCLC_P2	NSCLC	Visium	endothelial	ambiguous_or_low_signal	SPP1	CD44	SPP1	2.6725442006279612e-09	20	1315	2.5
commot_pilot_v1	GSE292299	GSM8855704_NSCLC_P2	NSCLC	Visium	ambiguous_or_low_signal	tumor_like	SPP1	CD44	SPP1	8.164611869490758e-05	1315	732	2.5
commot_pilot_v1	GSE292299	GSM8855704_NSCLC_P2	NSCLC	Visium	ambiguous_or_low_signal	immune	SPP1	CD44	SPP1	5.227638620635167e-05	1315	56	2.5
commot_pilot_v1	GSE292299	GSM8855704_NSCLC_P2	NSCLC	Visium	ambiguous_or_low_signal	stroma_fibroblast	SPP1	CD44	SPP1	1.3025414395543723e-05	1315	4784	2.5
commot_pilot_v1	GSE292299	GSM8855704_NSCLC_P2	NSCLC	Visium	ambiguous_or_low_signal	endothelial	SPP1	CD44	SPP1	4.515249766708738e-05	1315	20	2.5
commot_pilot_v1	GSE292299	GSM8855704_NSCLC_P2	NSCLC	Visium	ambiguous_or_low_signal	ambiguous_or_low_signal	SPP1	CD44	SPP1	0.01079464933732631	1315	1315	2.5
commot_pilot_v1	GSE292299	GSM8855704_NSCLC_P2	NSCLC	Visium	tumor_like	tumor_like	SPP1	ITGAV	SPP1	0.003876248674648401	732	732	2.5
commot_pilot_v1	GSE292299	GSM8855704_NSCLC_P2	NSCLC	Visium	tumor_like	immune	SPP1	ITGAV	SPP1	3.510884341184109e-06	732	56	2.5
commot_pilot_v1	GSE292299	GSM8855704_NSCLC_P2	NSCLC	Visium	tumor_like	stroma_fibroblast	SPP1	ITGAV	SPP1	1.7374988752625734e-06	732	4784	2.5
commot_pilot_v1	GSE292299	GSM8855704_NSCLC_P2	NSCLC	Visium	tumor_like	ambiguous_or_low_signal	SPP1	ITGAV	SPP1	1.1140294570573614e-05	732	1315	2.5
commot_pilot_v1	GSE292299	GSM8855704_NSCLC_P2	NSCLC	Visium	immune	tumor_like	SPP1	ITGAV	SPP1	2.0908361696956057e-06	56	732	2.5
commot_pilot_v1	GSE292299	GSM8855704_NSCLC_P2	NSCLC	Visium	immune	immune	SPP1	ITGAV	SPP1	0.0087695742423596	56	56	2.5
commot_pilot_v1	GSE292299	GSM8855704_NSCLC_P2	NSCLC	Visium	immune	stroma_fibroblast	SPP1	ITGAV	SPP1	2.8616664525568813e-06	56	4784	2.5
commot_pilot_v1	GSE292299	GSM8855704_NSCLC_P2	NSCLC	Visium	immune	ambiguous_or_low_signal	SPP1	ITGAV	SPP1	2.66749642205239e-06	56	1315	2.5
commot_pilot_v1	GSE292299	GSM8855704_NSCLC_P2	NSCLC	Visium	stroma_fibroblast	tumor_like	SPP1	ITGAV	SPP1	2.464531309824351e-06	4784	732	2.5
commot_pilot_v1	GSE292299	GSM8855704_NSCLC_P2	NSCLC	Visium	stroma_fibroblast	immune	SPP1	ITGAV	SPP1	1.0594310938298244e-06	4784	56	2.5
commot_pilot_v1	GSE292299	GSM8855704_NSCLC_P2	NSCLC	Visium	stroma_fibroblast	stroma_fibroblast	SPP1	ITGAV	SPP1	0.00039720885358056666	4784	4784	2.5
commot_pilot_v1	GSE292299	GSM8855704_NSCLC_P2	NSCLC	Visium	stroma_fibroblast	ambiguous_or_low_signal	SPP1	ITGAV	SPP1	3.2668769912671687e-06	4784	1315	2.5
commot_pilot_v1	GSE292299	GSM8855704_NSCLC_P2	NSCLC	Visium	endothelial	tumor_like	SPP1	ITGAV	SPP1	5.7888748385346524e-05	20	732	2.5
commot_pilot_v1	GSE292299	GSM8855704_NSCLC_P2	NSCLC	Visium	endothelial	stroma_fibroblast	SPP1	ITGAV	SPP1	1.6732191167439997e-06	20	4784	2.5
commot_pilot_v1	GSE292299	GSM8855704_NSCLC_P2	NSCLC	Visium	endothelial	ambiguous_or_low_signal	SPP1	ITGAV	SPP1	3.7224824696107313e-06	20	1315	2.5
commot_pilot_v1	GSE292299	GSM8855704_NSCLC_P2	NSCLC	Visium	ambiguous_or_low_signal	tumor_like	SPP1	ITGAV	SPP1	1.0807427426592462e-05	1315	732	2.5
commot_pilot_v1	GSE292299	GSM8855704_NSCLC_P2	NSCLC	Visium	ambiguous_or_low_signal	immune	SPP1	ITGAV	SPP1	9.624005606345833e-07	1315	56	2.5
commot_pilot_v1	GSE292299	GSM8855704_NSCLC_P2	NSCLC	Visium	ambiguous_or_low_signal	stroma_fibroblast	SPP1	ITGAV	SPP1	2.576130827650246e-06	1315	4784	2.5
commot_pilot_v1	GSE292299	GSM8855704_NSCLC_P2	NSCLC	Visium	ambiguous_or_low_signal	ambiguous_or_low_signal	SPP1	ITGAV	SPP1	0.0017056371767987426	1315	1315	2.5
commot_pilot_v1	GSE292299	GSM8855704_NSCLC_P2	NSCLC	Visium	tumor_like	tumor_like	MIF	CD74	MIF	0.007390118678339001	732	732	2.5
commot_pilot_v1	GSE292299	GSM8855704_NSCLC_P2	NSCLC	Visium	tumor_like	immune	MIF	CD74	MIF	6.751244849096874e-06	732	56	2.5
commot_pilot_v1	GSE292299	GSM8855704_NSCLC_P2	NSCLC	Visium	tumor_like	stroma_fibroblast	MIF	CD74	MIF	0.0003116307371892615	732	4784	2.5
commot_pilot_v1	GSE292299	GSM8855704_NSCLC_P2	NSCLC	Visium	tumor_like	endothelial	MIF	CD74	MIF	5.2847953553045515e-05	732	20	2.5
commot_pilot_v1	GSE292299	GSM8855704_NSCLC_P2	NSCLC	Visium	tumor_like	ambiguous_or_low_signal	MIF	CD74	MIF	0.0005669667860593722	732	1315	2.5
commot_pilot_v1	GSE292299	GSM8855704_NSCLC_P2	NSCLC	Visium	immune	tumor_like	MIF	CD74	MIF	1.3711629702253523e-05	56	732	2.5
commot_pilot_v1	GSE292299	GSM8855704_NSCLC_P2	NSCLC	Visium	immune	immune	MIF	CD74	MIF	0.0041407418817440205	56	56	2.5
commot_pilot_v1	GSE292299	GSM8855704_NSCLC_P2	NSCLC	Visium	immune	stroma_fibroblast	MIF	CD74	MIF	1.3806372565285153e-08	56	4784	2.5
commot_pilot_v1	GSE292299	GSM8855704_NSCLC_P2	NSCLC	Visium	immune	ambiguous_or_low_signal	MIF	CD74	MIF	2.731892518393094e-05	56	1315	2.5
commot_pilot_v1	GSE292299	GSM8855704_NSCLC_P2	NSCLC	Visium	stroma_fibroblast	tumor_like	MIF	CD74	MIF	5.685411392788341e-05	4784	732	2.5
commot_pilot_v1	GSE292299	GSM8855704_NSCLC_P2	NSCLC	Visium	stroma_fibroblast	immune	MIF	CD74	MIF	1.8051081952037627e-06	4784	56	2.5
commot_pilot_v1	GSE292299	GSM8855704_NSCLC_P2	NSCLC	Visium	stroma_fibroblast	stroma_fibroblast	MIF	CD74	MIF	0.0014755349844354992	4784	4784	2.5
commot_pilot_v1	GSE292299	GSM8855704_NSCLC_P2	NSCLC	Visium	stroma_fibroblast	endothelial	MIF	CD74	MIF	1.244295860128213e-05	4784	20	2.5
commot_pilot_v1	GSE292299	GSM8855704_NSCLC_P2	NSCLC	Visium	stroma_fibroblast	ambiguous_or_low_signal	MIF	CD74	MIF	0.00010925486948037115	4784	1315	2.5
commot_pilot_v1	GSE292299	GSM8855704_NSCLC_P2	NSCLC	Visium	ambiguous_or_low_signal	tumor_like	MIF	CD74	MIF	0.00023562789267592566	1315	732	2.5
commot_pilot_v1	GSE292299	GSM8855704_NSCLC_P2	NSCLC	Visium	ambiguous_or_low_signal	immune	MIF	CD74	MIF	1.6005203218856802e-05	1315	56	2.5
commot_pilot_v1	GSE292299	GSM8855704_NSCLC_P2	NSCLC	Visium	ambiguous_or_low_signal	stroma_fibroblast	MIF	CD74	MIF	0.00047243083496896287	1315	4784	2.5
commot_pilot_v1	GSE292299	GSM8855704_NSCLC_P2	NSCLC	Visium	ambiguous_or_low_signal	endothelial	MIF	CD74	MIF	3.938264946816504e-05	1315	20	2.5
commot_pilot_v1	GSE292299	GSM8855704_NSCLC_P2	NSCLC	Visium	ambiguous_or_low_signal	ambiguous_or_low_signal	MIF	CD74	MIF	0.003570084290623679	1315	1315	2.5
commot_pilot_v1	GSE292299	GSM8855704_NSCLC_P2	NSCLC	Visium	tumor_like	tumor_like	DLL4	NOTCH1	NOTCH	9.66226231078906e-05	732	732	2.5
commot_pilot_v1	GSE292299	GSM8855704_NSCLC_P2	NSCLC	Visium	tumor_like	immune	DLL4	NOTCH1	NOTCH	2.497055277933104e-08	732	56	2.5
commot_pilot_v1	GSE292299	GSM8855704_NSCLC_P2	NSCLC	Visium	tumor_like	stroma_fibroblast	DLL4	NOTCH1	NOTCH	4.801962738024943e-07	732	4784	2.5
commot_pilot_v1	GSE292299	GSM8855704_NSCLC_P2	NSCLC	Visium	tumor_like	ambiguous_or_low_signal	DLL4	NOTCH1	NOTCH	2.8386714000881787e-06	732	1315	2.5
commot_pilot_v1	GSE292299	GSM8855704_NSCLC_P2	NSCLC	Visium	stroma_fibroblast	tumor_like	DLL4	NOTCH1	NOTCH	5.857175656773667e-07	4784	732	2.5
commot_pilot_v1	GSE292299	GSM8855704_NSCLC_P2	NSCLC	Visium	stroma_fibroblast	immune	DLL4	NOTCH1	NOTCH	1.690662762524694e-10	4784	56	2.5
commot_pilot_v1	GSE292299	GSM8855704_NSCLC_P2	NSCLC	Visium	stroma_fibroblast	stroma_fibroblast	DLL4	NOTCH1	NOTCH	1.0742492370592634e-05	4784	4784	2.5
commot_pilot_v1	GSE292299	GSM8855704_NSCLC_P2	NSCLC	Visium	stroma_fibroblast	ambiguous_or_low_signal	DLL4	NOTCH1	NOTCH	2.527646989007805e-06	4784	1315	2.5
commot_pilot_v1	GSE292299	GSM8855704_NSCLC_P2	NSCLC	Visium	ambiguous_or_low_signal	tumor_like	DLL4	NOTCH1	NOTCH	1.841737391087354e-06	1315	732	2.5
commot_pilot_v1	GSE292299	GSM8855704_NSCLC_P2	NSCLC	Visium	ambiguous_or_low_signal	stroma_fibroblast	DLL4	NOTCH1	NOTCH	1.2498181738759092e-06	1315	4784	2.5
commot_pilot_v1	GSE292299	GSM8855704_NSCLC_P2	NSCLC	Visium	ambiguous_or_low_signal	ambiguous_or_low_signal	DLL4	NOTCH1	NOTCH	3.6643365833226364e-05	1315	1315	2.5
commot_pilot_v1	GSE292299	GSM8855704_NSCLC_P2	NSCLC	Visium	tumor_like	tumor_like	JAG1	NOTCH2	NOTCH	0.0005312479764883034	732	732	2.5
commot_pilot_v1	GSE292299	GSM8855704_NSCLC_P2	NSCLC	Visium	tumor_like	immune	JAG1	NOTCH2	NOTCH	7.33668237864045e-08	732	56	2.5
commot_pilot_v1	GSE292299	GSM8855704_NSCLC_P2	NSCLC	Visium	tumor_like	stroma_fibroblast	JAG1	NOTCH2	NOTCH	1.212829785020931e-06	732	4784	2.5
commot_pilot_v1	GSE292299	GSM8855704_NSCLC_P2	NSCLC	Visium	tumor_like	ambiguous_or_low_signal	JAG1	NOTCH2	NOTCH	6.784902559487475e-06	732	1315	2.5
commot_pilot_v1	GSE292299	GSM8855704_NSCLC_P2	NSCLC	Visium	immune	tumor_like	JAG1	NOTCH2	NOTCH	2.4395136043094168e-05	56	732	2.5
commot_pilot_v1	GSE292299	GSM8855704_NSCLC_P2	NSCLC	Visium	immune	immune	JAG1	NOTCH2	NOTCH	0.0019448557461223467	56	56	2.5
commot_pilot_v1	GSE292299	GSM8855704_NSCLC_P2	NSCLC	Visium	immune	stroma_fibroblast	JAG1	NOTCH2	NOTCH	3.4549922740059043e-07	56	4784	2.5
commot_pilot_v1	GSE292299	GSM8855704_NSCLC_P2	NSCLC	Visium	immune	ambiguous_or_low_signal	JAG1	NOTCH2	NOTCH	4.065623539166547e-07	56	1315	2.5
commot_pilot_v1	GSE292299	GSM8855704_NSCLC_P2	NSCLC	Visium	stroma_fibroblast	tumor_like	JAG1	NOTCH2	NOTCH	1.2252041878042648e-06	4784	732	2.5
commot_pilot_v1	GSE292299	GSM8855704_NSCLC_P2	NSCLC	Visium	stroma_fibroblast	immune	JAG1	NOTCH2	NOTCH	9.107446446588009e-06	4784	56	2.5
commot_pilot_v1	GSE292299	GSM8855704_NSCLC_P2	NSCLC	Visium	stroma_fibroblast	stroma_fibroblast	JAG1	NOTCH2	NOTCH	6.17225693636228e-05	4784	4784	2.5
commot_pilot_v1	GSE292299	GSM8855704_NSCLC_P2	NSCLC	Visium	stroma_fibroblast	ambiguous_or_low_signal	JAG1	NOTCH2	NOTCH	3.1338033289539588e-06	4784	1315	2.5
commot_pilot_v1	GSE292299	GSM8855704_NSCLC_P2	NSCLC	Visium	ambiguous_or_low_signal	tumor_like	JAG1	NOTCH2	NOTCH	4.211650965770525e-06	1315	732	2.5
commot_pilot_v1	GSE292299	GSM8855704_NSCLC_P2	NSCLC	Visium	ambiguous_or_low_signal	immune	JAG1	NOTCH2	NOTCH	6.219494764977863e-06	1315	56	2.5
commot_pilot_v1	GSE292299	GSM8855704_NSCLC_P2	NSCLC	Visium	ambiguous_or_low_signal	stroma_fibroblast	JAG1	NOTCH2	NOTCH	2.7204829444371092e-06	1315	4784	2.5
commot_pilot_v1	GSE292299	GSM8855704_NSCLC_P2	NSCLC	Visium	ambiguous_or_low_signal	ambiguous_or_low_signal	JAG1	NOTCH2	NOTCH	0.00024325752942011396	1315	1315	2.5
commot_pilot_v1	GSE292299	GSM8855704_NSCLC_P2	NSCLC	Visium	tumor_like	tumor_like	WNT5A	FZD5	WNT	0.0002896258766805516	732	732	2.5
commot_pilot_v1	GSE292299	GSM8855704_NSCLC_P2	NSCLC	Visium	tumor_like	immune	WNT5A	FZD5	WNT	2.439500390320064e-05	732	56	2.5
commot_pilot_v1	GSE292299	GSM8855704_NSCLC_P2	NSCLC	Visium	tumor_like	stroma_fibroblast	WNT5A	FZD5	WNT	1.4471224179723866e-06	732	4784	2.5
commot_pilot_v1	GSE292299	GSM8855704_NSCLC_P2	NSCLC	Visium	tumor_like	endothelial	WNT5A	FZD5	WNT	6.830601092896136e-05	732	20	2.5
commot_pilot_v1	GSE292299	GSM8855704_NSCLC_P2	NSCLC	Visium	tumor_like	ambiguous_or_low_signal	WNT5A	FZD5	WNT	4.193403000643475e-06	732	1315	2.5
commot_pilot_v1	GSE292299	GSM8855704_NSCLC_P2	NSCLC	Visium	immune	tumor_like	WNT5A	FZD5	WNT	1.9478369167014951e-10	56	732	2.5
commot_pilot_v1	GSE292299	GSM8855704_NSCLC_P2	NSCLC	Visium	immune	stroma_fibroblast	WNT5A	FZD5	WNT	5.929146066702675e-09	56	4784	2.5
commot_pilot_v1	GSE292299	GSM8855704_NSCLC_P2	NSCLC	Visium	stroma_fibroblast	tumor_like	WNT5A	FZD5	WNT	7.703958700436107e-07	4784	732	2.5
commot_pilot_v1	GSE292299	GSM8855704_NSCLC_P2	NSCLC	Visium	stroma_fibroblast	immune	WNT5A	FZD5	WNT	7.465360726230296e-06	4784	56	2.5
commot_pilot_v1	GSE292299	GSM8855704_NSCLC_P2	NSCLC	Visium	stroma_fibroblast	stroma_fibroblast	WNT5A	FZD5	WNT	2.9518669944558987e-05	4784	4784	2.5
commot_pilot_v1	GSE292299	GSM8855704_NSCLC_P2	NSCLC	Visium	stroma_fibroblast	ambiguous_or_low_signal	WNT5A	FZD5	WNT	2.754671790795384e-06	4784	1315	2.5
commot_pilot_v1	GSE292299	GSM8855704_NSCLC_P2	NSCLC	Visium	ambiguous_or_low_signal	tumor_like	WNT5A	FZD5	WNT	2.166405179672515e-06	1315	732	2.5
commot_pilot_v1	GSE292299	GSM8855704_NSCLC_P2	NSCLC	Visium	ambiguous_or_low_signal	stroma_fibroblast	WNT5A	FZD5	WNT	2.8414461779930273e-06	1315	4784	2.5
commot_pilot_v1	GSE292299	GSM8855704_NSCLC_P2	NSCLC	Visium	ambiguous_or_low_signal	ambiguous_or_low_signal	WNT5A	FZD5	WNT	0.00013366333709645585	1315	1315	2.5
commot_pilot_v1	GSE292299	GSM8855704_NSCLC_P2	NSCLC	Visium	tumor_like	tumor_like	EGF	EGFR	EGF/ERBB	0.00010448807688700403	732	732	2.5
commot_pilot_v1	GSE292299	GSM8855704_NSCLC_P2	NSCLC	Visium	tumor_like	stroma_fibroblast	EGF	EGFR	EGF/ERBB	7.622167396665243e-07	732	4784	2.5
commot_pilot_v1	GSE292299	GSM8855704_NSCLC_P2	NSCLC	Visium	tumor_like	ambiguous_or_low_signal	EGF	EGFR	EGF/ERBB	3.139914050612632e-06	732	1315	2.5
commot_pilot_v1	GSE292299	GSM8855704_NSCLC_P2	NSCLC	Visium	immune	stroma_fibroblast	EGF	EGFR	EGF/ERBB	2.671564908387339e-06	56	4784	2.5
commot_pilot_v1	GSE292299	GSM8855704_NSCLC_P2	NSCLC	Visium	immune	ambiguous_or_low_signal	EGF	EGFR	EGF/ERBB	1.488989512236848e-05	56	1315	2.5
commot_pilot_v1	GSE292299	GSM8855704_NSCLC_P2	NSCLC	Visium	stroma_fibroblast	tumor_like	EGF	EGFR	EGF/ERBB	2.98008145508087e-07	4784	732	2.5
commot_pilot_v1	GSE292299	GSM8855704_NSCLC_P2	NSCLC	Visium	stroma_fibroblast	stroma_fibroblast	EGF	EGFR	EGF/ERBB	1.1929642822301423e-05	4784	4784	2.5
commot_pilot_v1	GSE292299	GSM8855704_NSCLC_P2	NSCLC	Visium	stroma_fibroblast	ambiguous_or_low_signal	EGF	EGFR	EGF/ERBB	1.8897127256640791e-06	4784	1315	2.5
commot_pilot_v1	GSE292299	GSM8855704_NSCLC_P2	NSCLC	Visium	ambiguous_or_low_signal	tumor_like	EGF	EGFR	EGF/ERBB	5.788735730241e-06	1315	732	2.5
commot_pilot_v1	GSE292299	GSM8855704_NSCLC_P2	NSCLC	Visium	ambiguous_or_low_signal	stroma_fibroblast	EGF	EGFR	EGF/ERBB	1.6979335960577647e-06	1315	4784	2.5
commot_pilot_v1	GSE292299	GSM8855704_NSCLC_P2	NSCLC	Visium	ambiguous_or_low_signal	ambiguous_or_low_signal	EGF	EGFR	EGF/ERBB	4.6346087706098074e-05	1315	1315	2.5
commot_pilot_v1	GSE292299	GSM8855704_NSCLC_P2	NSCLC	Visium	tumor_like	tumor_like	HBEGF	EGFR	EGF/ERBB	0.0012289494754921778	732	732	2.5
commot_pilot_v1	GSE292299	GSM8855704_NSCLC_P2	NSCLC	Visium	tumor_like	stroma_fibroblast	HBEGF	EGFR	EGF/ERBB	9.791175419168066e-06	732	4784	2.5
commot_pilot_v1	GSE292299	GSM8855704_NSCLC_P2	NSCLC	Visium	tumor_like	ambiguous_or_low_signal	HBEGF	EGFR	EGF/ERBB	6.547615364276813e-05	732	1315	2.5
commot_pilot_v1	GSE292299	GSM8855704_NSCLC_P2	NSCLC	Visium	immune	stroma_fibroblast	HBEGF	EGFR	EGF/ERBB	3.154186465235666e-06	56	4784	2.5
commot_pilot_v1	GSE292299	GSM8855704_NSCLC_P2	NSCLC	Visium	immune	ambiguous_or_low_signal	HBEGF	EGFR	EGF/ERBB	2.1045739980649e-06	56	1315	2.5
commot_pilot_v1	GSE292299	GSM8855704_NSCLC_P2	NSCLC	Visium	stroma_fibroblast	tumor_like	HBEGF	EGFR	EGF/ERBB	4.764848852976806e-06	4784	732	2.5
commot_pilot_v1	GSE292299	GSM8855704_NSCLC_P2	NSCLC	Visium	stroma_fibroblast	stroma_fibroblast	HBEGF	EGFR	EGF/ERBB	7.688924114681645e-05	4784	4784	2.5
commot_pilot_v1	GSE292299	GSM8855704_NSCLC_P2	NSCLC	Visium	stroma_fibroblast	ambiguous_or_low_signal	HBEGF	EGFR	EGF/ERBB	1.20894880519511e-05	4784	1315	2.5
commot_pilot_v1	GSE292299	GSM8855704_NSCLC_P2	NSCLC	Visium	ambiguous_or_low_signal	tumor_like	HBEGF	EGFR	EGF/ERBB	2.831716411063586e-05	1315	732	2.5
commot_pilot_v1	GSE292299	GSM8855704_NSCLC_P2	NSCLC	Visium	ambiguous_or_low_signal	immune	HBEGF	EGFR	EGF/ERBB	1.3579576317218903e-05	1315	56	2.5
commot_pilot_v1	GSE292299	GSM8855704_NSCLC_P2	NSCLC	Visium	ambiguous_or_low_signal	stroma_fibroblast	HBEGF	EGFR	EGF/ERBB	1.793142604105196e-05	1315	4784	2.5
commot_pilot_v1	GSE292299	GSM8855704_NSCLC_P2	NSCLC	Visium	ambiguous_or_low_signal	ambiguous_or_low_signal	HBEGF	EGFR	EGF/ERBB	0.00034042222322229243	1315	1315	2.5
commot_pilot_v1	GSE292299	GSM8855704_NSCLC_P2	NSCLC	Visium	tumor_like	tumor_like	COL1A1	ITGA2	ECM-integrin	0.005139192436249286	732	732	2.5
commot_pilot_v1	GSE292299	GSM8855704_NSCLC_P2	NSCLC	Visium	tumor_like	immune	COL1A1	ITGA2	ECM-integrin	9.420595954344058e-10	732	56	2.5
commot_pilot_v1	GSE292299	GSM8855704_NSCLC_P2	NSCLC	Visium	tumor_like	stroma_fibroblast	COL1A1	ITGA2	ECM-integrin	7.528907709172342e-07	732	4784	2.5
commot_pilot_v1	GSE292299	GSM8855704_NSCLC_P2	NSCLC	Visium	tumor_like	ambiguous_or_low_signal	COL1A1	ITGA2	ECM-integrin	7.79854955771734e-06	732	1315	2.5
commot_pilot_v1	GSE292299	GSM8855704_NSCLC_P2	NSCLC	Visium	immune	tumor_like	COL1A1	ITGA2	ECM-integrin	3.85801633266391e-06	56	732	2.5
commot_pilot_v1	GSE292299	GSM8855704_NSCLC_P2	NSCLC	Visium	immune	immune	COL1A1	ITGA2	ECM-integrin	0.0009486328012670419	56	56	2.5
commot_pilot_v1	GSE292299	GSM8855704_NSCLC_P2	NSCLC	Visium	immune	stroma_fibroblast	COL1A1	ITGA2	ECM-integrin	1.0342781212243299e-07	56	4784	2.5
commot_pilot_v1	GSE292299	GSM8855704_NSCLC_P2	NSCLC	Visium	immune	ambiguous_or_low_signal	COL1A1	ITGA2	ECM-integrin	1.479366156397862e-07	56	1315	2.5
commot_pilot_v1	GSE292299	GSM8855704_NSCLC_P2	NSCLC	Visium	stroma_fibroblast	tumor_like	COL1A1	ITGA2	ECM-integrin	2.5920910115342457e-05	4784	732	2.5
commot_pilot_v1	GSE292299	GSM8855704_NSCLC_P2	NSCLC	Visium	stroma_fibroblast	immune	COL1A1	ITGA2	ECM-integrin	1.1241004046359733e-05	4784	56	2.5
commot_pilot_v1	GSE292299	GSM8855704_NSCLC_P2	NSCLC	Visium	stroma_fibroblast	stroma_fibroblast	COL1A1	ITGA2	ECM-integrin	0.0003922058480970988	4784	4784	2.5
commot_pilot_v1	GSE292299	GSM8855704_NSCLC_P2	NSCLC	Visium	stroma_fibroblast	ambiguous_or_low_signal	COL1A1	ITGA2	ECM-integrin	4.998879782555424e-06	4784	1315	2.5
commot_pilot_v1	GSE292299	GSM8855704_NSCLC_P2	NSCLC	Visium	endothelial	tumor_like	COL1A1	ITGA2	ECM-integrin	1.2313964633963324e-06	20	732	2.5
commot_pilot_v1	GSE292299	GSM8855704_NSCLC_P2	NSCLC	Visium	ambiguous_or_low_signal	tumor_like	COL1A1	ITGA2	ECM-integrin	0.00012814420880076434	1315	732	2.5
commot_pilot_v1	GSE292299	GSM8855704_NSCLC_P2	NSCLC	Visium	ambiguous_or_low_signal	immune	COL1A1	ITGA2	ECM-integrin	1.838534802234048e-07	1315	56	2.5
commot_pilot_v1	GSE292299	GSM8855704_NSCLC_P2	NSCLC	Visium	ambiguous_or_low_signal	stroma_fibroblast	COL1A1	ITGA2	ECM-integrin	1.4394346066228402e-06	1315	4784	2.5
commot_pilot_v1	GSE292299	GSM8855704_NSCLC_P2	NSCLC	Visium	ambiguous_or_low_signal	ambiguous_or_low_signal	COL1A1	ITGA2	ECM-integrin	0.002201584308205984	1315	1315	2.5
commot_pilot_v1	GSE292299	GSM8855705_NSCLC_P3	NSCLC	Visium	tumor_like	tumor_like	TGFB1	TGFBR1	TGFB	4.27735820136163e-05	2366	2366	2.5
commot_pilot_v1	GSE292299	GSM8855705_NSCLC_P3	NSCLC	Visium	tumor_like	immune	TGFB1	TGFBR1	TGFB	2.1098487987408196e-06	2366	424	2.5
commot_pilot_v1	GSE292299	GSM8855705_NSCLC_P3	NSCLC	Visium	tumor_like	stroma_fibroblast	TGFB1	TGFBR1	TGFB	1.0736128055604886e-06	2366	3253	2.5
commot_pilot_v1	GSE292299	GSM8855705_NSCLC_P3	NSCLC	Visium	tumor_like	ambiguous_or_low_signal	TGFB1	TGFBR1	TGFB	3.673574275072975e-06	2366	3103	2.5
commot_pilot_v1	GSE292299	GSM8855705_NSCLC_P3	NSCLC	Visium	immune	tumor_like	TGFB1	TGFBR1	TGFB	1.891974860755985e-06	424	2366	2.5
commot_pilot_v1	GSE292299	GSM8855705_NSCLC_P3	NSCLC	Visium	immune	immune	TGFB1	TGFBR1	TGFB	0.00021798953629484138	424	424	2.5
commot_pilot_v1	GSE292299	GSM8855705_NSCLC_P3	NSCLC	Visium	immune	stroma_fibroblast	TGFB1	TGFBR1	TGFB	3.414173054954692e-06	424	3253	2.5
commot_pilot_v1	GSE292299	GSM8855705_NSCLC_P3	NSCLC	Visium	immune	ambiguous_or_low_signal	TGFB1	TGFBR1	TGFB	8.217050585548707e-06	424	3103	2.5
commot_pilot_v1	GSE292299	GSM8855705_NSCLC_P3	NSCLC	Visium	stroma_fibroblast	tumor_like	TGFB1	TGFBR1	TGFB	1.475970459841568e-06	3253	2366	2.5
commot_pilot_v1	GSE292299	GSM8855705_NSCLC_P3	NSCLC	Visium	stroma_fibroblast	immune	TGFB1	TGFBR1	TGFB	1.4614774631643106e-06	3253	424	2.5
commot_pilot_v1	GSE292299	GSM8855705_NSCLC_P3	NSCLC	Visium	stroma_fibroblast	stroma_fibroblast	TGFB1	TGFBR1	TGFB	2.6429969339188135e-05	3253	3253	2.5
commot_pilot_v1	GSE292299	GSM8855705_NSCLC_P3	NSCLC	Visium	stroma_fibroblast	ambiguous_or_low_signal	TGFB1	TGFBR1	TGFB	5.124201674579535e-06	3253	3103	2.5
commot_pilot_v1	GSE292299	GSM8855705_NSCLC_P3	NSCLC	Visium	ambiguous_or_low_signal	tumor_like	TGFB1	TGFBR1	TGFB	5.217945266236043e-06	3103	2366	2.5
commot_pilot_v1	GSE292299	GSM8855705_NSCLC_P3	NSCLC	Visium	ambiguous_or_low_signal	immune	TGFB1	TGFBR1	TGFB	7.809739317451912e-06	3103	424	2.5
commot_pilot_v1	GSE292299	GSM8855705_NSCLC_P3	NSCLC	Visium	ambiguous_or_low_signal	stroma_fibroblast	TGFB1	TGFBR1	TGFB	3.7587910242997827e-06	3103	3253	2.5
commot_pilot_v1	GSE292299	GSM8855705_NSCLC_P3	NSCLC	Visium	ambiguous_or_low_signal	ambiguous_or_low_signal	TGFB1	TGFBR1	TGFB	3.584019969648558e-05	3103	3103	2.5
commot_pilot_v1	GSE292299	GSM8855705_NSCLC_P3	NSCLC	Visium	tumor_like	tumor_like	TGFB1	TGFBR2	TGFB	7.467260291650072e-05	2366	2366	2.5
commot_pilot_v1	GSE292299	GSM8855705_NSCLC_P3	NSCLC	Visium	tumor_like	immune	TGFB1	TGFBR2	TGFB	5.682280296532529e-07	2366	424	2.5
commot_pilot_v1	GSE292299	GSM8855705_NSCLC_P3	NSCLC	Visium	tumor_like	stroma_fibroblast	TGFB1	TGFBR2	TGFB	3.3900991169774176e-07	2366	3253	2.5
commot_pilot_v1	GSE292299	GSM8855705_NSCLC_P3	NSCLC	Visium	tumor_like	ambiguous_or_low_signal	TGFB1	TGFBR2	TGFB	1.2495009526039185e-06	2366	3103	2.5
commot_pilot_v1	GSE292299	GSM8855705_NSCLC_P3	NSCLC	Visium	immune	tumor_like	TGFB1	TGFBR2	TGFB	3.957525069409319e-07	424	2366	2.5
commot_pilot_v1	GSE292299	GSM8855705_NSCLC_P3	NSCLC	Visium	immune	immune	TGFB1	TGFBR2	TGFB	0.00043602501536488264	424	424	2.5
commot_pilot_v1	GSE292299	GSM8855705_NSCLC_P3	NSCLC	Visium	immune	stroma_fibroblast	TGFB1	TGFBR2	TGFB	1.6949145053771112e-06	424	3253	2.5
commot_pilot_v1	GSE292299	GSM8855705_NSCLC_P3	NSCLC	Visium	immune	ambiguous_or_low_signal	TGFB1	TGFBR2	TGFB	2.7138882629944505e-06	424	3103	2.5
commot_pilot_v1	GSE292299	GSM8855705_NSCLC_P3	NSCLC	Visium	stroma_fibroblast	tumor_like	TGFB1	TGFBR2	TGFB	1.2816844143904654e-06	3253	2366	2.5
commot_pilot_v1	GSE292299	GSM8855705_NSCLC_P3	NSCLC	Visium	stroma_fibroblast	immune	TGFB1	TGFBR2	TGFB	2.0830450411872638e-06	3253	424	2.5
commot_pilot_v1	GSE292299	GSM8855705_NSCLC_P3	NSCLC	Visium	stroma_fibroblast	stroma_fibroblast	TGFB1	TGFBR2	TGFB	4.303353467971712e-05	3253	3253	2.5
commot_pilot_v1	GSE292299	GSM8855705_NSCLC_P3	NSCLC	Visium	stroma_fibroblast	ambiguous_or_low_signal	TGFB1	TGFBR2	TGFB	2.903436077944635e-06	3253	3103	2.5
commot_pilot_v1	GSE292299	GSM8855705_NSCLC_P3	NSCLC	Visium	ambiguous_or_low_signal	tumor_like	TGFB1	TGFBR2	TGFB	2.9216159072957935e-06	3103	2366	2.5
commot_pilot_v1	GSE292299	GSM8855705_NSCLC_P3	NSCLC	Visium	ambiguous_or_low_signal	immune	TGFB1	TGFBR2	TGFB	3.1297080568642348e-06	3103	424	2.5
commot_pilot_v1	GSE292299	GSM8855705_NSCLC_P3	NSCLC	Visium	ambiguous_or_low_signal	stroma_fibroblast	TGFB1	TGFBR2	TGFB	2.060271121032787e-06	3103	3253	2.5
commot_pilot_v1	GSE292299	GSM8855705_NSCLC_P3	NSCLC	Visium	ambiguous_or_low_signal	ambiguous_or_low_signal	TGFB1	TGFBR2	TGFB	6.0014071569643006e-05	3103	3103	2.5
commot_pilot_v1	GSE292299	GSM8855705_NSCLC_P3	NSCLC	Visium	tumor_like	tumor_like	CXCL12	CXCR4	CXCL chemokine	3.90531218629354e-05	2366	2366	2.5
commot_pilot_v1	GSE292299	GSM8855705_NSCLC_P3	NSCLC	Visium	tumor_like	immune	CXCL12	CXCR4	CXCL chemokine	3.661086016080538e-06	2366	424	2.5
commot_pilot_v1	GSE292299	GSM8855705_NSCLC_P3	NSCLC	Visium	tumor_like	stroma_fibroblast	CXCL12	CXCR4	CXCL chemokine	3.7400602153319134e-06	2366	3253	2.5
commot_pilot_v1	GSE292299	GSM8855705_NSCLC_P3	NSCLC	Visium	tumor_like	endothelial	CXCL12	CXCR4	CXCL chemokine	1.5373308843242782e-06	2366	12	2.5
commot_pilot_v1	GSE292299	GSM8855705_NSCLC_P3	NSCLC	Visium	tumor_like	ambiguous_or_low_signal	CXCL12	CXCR4	CXCL chemokine	9.503616094384961e-06	2366	3103	2.5
commot_pilot_v1	GSE292299	GSM8855705_NSCLC_P3	NSCLC	Visium	immune	tumor_like	CXCL12	CXCR4	CXCL chemokine	2.3284396540477516e-06	424	2366	2.5
commot_pilot_v1	GSE292299	GSM8855705_NSCLC_P3	NSCLC	Visium	immune	immune	CXCL12	CXCR4	CXCL chemokine	0.0006039847723624783	424	424	2.5
commot_pilot_v1	GSE292299	GSM8855705_NSCLC_P3	NSCLC	Visium	immune	stroma_fibroblast	CXCL12	CXCR4	CXCL chemokine	9.746524958400705e-06	424	3253	2.5
commot_pilot_v1	GSE292299	GSM8855705_NSCLC_P3	NSCLC	Visium	immune	ambiguous_or_low_signal	CXCL12	CXCR4	CXCL chemokine	1.4977484769374303e-05	424	3103	2.5
commot_pilot_v1	GSE292299	GSM8855705_NSCLC_P3	NSCLC	Visium	stroma_fibroblast	tumor_like	CXCL12	CXCR4	CXCL chemokine	5.339266424158552e-06	3253	2366	2.5
commot_pilot_v1	GSE292299	GSM8855705_NSCLC_P3	NSCLC	Visium	stroma_fibroblast	immune	CXCL12	CXCR4	CXCL chemokine	1.3097097037895912e-05	3253	424	2.5
commot_pilot_v1	GSE292299	GSM8855705_NSCLC_P3	NSCLC	Visium	stroma_fibroblast	stroma_fibroblast	CXCL12	CXCR4	CXCL chemokine	0.00011672078029440532	3253	3253	2.5
commot_pilot_v1	GSE292299	GSM8855705_NSCLC_P3	NSCLC	Visium	stroma_fibroblast	ambiguous_or_low_signal	CXCL12	CXCR4	CXCL chemokine	2.4111151334155907e-05	3253	3103	2.5
commot_pilot_v1	GSE292299	GSM8855705_NSCLC_P3	NSCLC	Visium	endothelial	tumor_like	CXCL12	CXCR4	CXCL chemokine	7.044237813468605e-05	12	2366	2.5
commot_pilot_v1	GSE292299	GSM8855705_NSCLC_P3	NSCLC	Visium	ambiguous_or_low_signal	tumor_like	CXCL12	CXCR4	CXCL chemokine	1.231457335656209e-05	3103	2366	2.5
commot_pilot_v1	GSE292299	GSM8855705_NSCLC_P3	NSCLC	Visium	ambiguous_or_low_signal	immune	CXCL12	CXCR4	CXCL chemokine	1.8060676055079892e-05	3103	424	2.5
commot_pilot_v1	GSE292299	GSM8855705_NSCLC_P3	NSCLC	Visium	ambiguous_or_low_signal	stroma_fibroblast	CXCL12	CXCR4	CXCL chemokine	1.4687959716747674e-05	3103	3253	2.5
commot_pilot_v1	GSE292299	GSM8855705_NSCLC_P3	NSCLC	Visium	ambiguous_or_low_signal	ambiguous_or_low_signal	CXCL12	CXCR4	CXCL chemokine	0.00011039346651760945	3103	3103	2.5
commot_pilot_v1	GSE292299	GSM8855705_NSCLC_P3	NSCLC	Visium	tumor_like	tumor_like	CXCL9	CXCR3	CXCL chemokine	1.8871604760476617e-05	2366	2366	2.5
commot_pilot_v1	GSE292299	GSM8855705_NSCLC_P3	NSCLC	Visium	tumor_like	immune	CXCL9	CXCR3	CXCL chemokine	5.28843445965424e-07	2366	424	2.5
commot_pilot_v1	GSE292299	GSM8855705_NSCLC_P3	NSCLC	Visium	tumor_like	stroma_fibroblast	CXCL9	CXCR3	CXCL chemokine	9.203611554000011e-07	2366	3253	2.5
commot_pilot_v1	GSE292299	GSM8855705_NSCLC_P3	NSCLC	Visium	tumor_like	ambiguous_or_low_signal	CXCL9	CXCR3	CXCL chemokine	5.235605893655536e-06	2366	3103	2.5
commot_pilot_v1	GSE292299	GSM8855705_NSCLC_P3	NSCLC	Visium	immune	tumor_like	CXCL9	CXCR3	CXCL chemokine	1.134331287656486e-06	424	2366	2.5
commot_pilot_v1	GSE292299	GSM8855705_NSCLC_P3	NSCLC	Visium	immune	immune	CXCL9	CXCR3	CXCL chemokine	0.00014479673332100566	424	424	2.5
commot_pilot_v1	GSE292299	GSM8855705_NSCLC_P3	NSCLC	Visium	immune	stroma_fibroblast	CXCL9	CXCR3	CXCL chemokine	1.7842205836834063e-06	424	3253	2.5
commot_pilot_v1	GSE292299	GSM8855705_NSCLC_P3	NSCLC	Visium	immune	ambiguous_or_low_signal	CXCL9	CXCR3	CXCL chemokine	6.586262233496635e-06	424	3103	2.5
commot_pilot_v1	GSE292299	GSM8855705_NSCLC_P3	NSCLC	Visium	stroma_fibroblast	tumor_like	CXCL9	CXCR3	CXCL chemokine	1.5592226931256422e-06	3253	2366	2.5
commot_pilot_v1	GSE292299	GSM8855705_NSCLC_P3	NSCLC	Visium	stroma_fibroblast	immune	CXCL9	CXCR3	CXCL chemokine	3.4712241103068312e-06	3253	424	2.5
commot_pilot_v1	GSE292299	GSM8855705_NSCLC_P3	NSCLC	Visium	stroma_fibroblast	stroma_fibroblast	CXCL9	CXCR3	CXCL chemokine	1.892122685476599e-05	3253	3253	2.5
commot_pilot_v1	GSE292299	GSM8855705_NSCLC_P3	NSCLC	Visium	stroma_fibroblast	ambiguous_or_low_signal	CXCL9	CXCR3	CXCL chemokine	5.247193998429863e-06	3253	3103	2.5
commot_pilot_v1	GSE292299	GSM8855705_NSCLC_P3	NSCLC	Visium	ambiguous_or_low_signal	tumor_like	CXCL9	CXCR3	CXCL chemokine	5.272540309730184e-06	3103	2366	2.5
commot_pilot_v1	GSE292299	GSM8855705_NSCLC_P3	NSCLC	Visium	ambiguous_or_low_signal	immune	CXCL9	CXCR3	CXCL chemokine	5.953963244487131e-06	3103	424	2.5
commot_pilot_v1	GSE292299	GSM8855705_NSCLC_P3	NSCLC	Visium	ambiguous_or_low_signal	stroma_fibroblast	CXCL9	CXCR3	CXCL chemokine	6.1653497296778664e-06	3103	3253	2.5
commot_pilot_v1	GSE292299	GSM8855705_NSCLC_P3	NSCLC	Visium	ambiguous_or_low_signal	ambiguous_or_low_signal	CXCL9	CXCR3	CXCL chemokine	2.3082788924823846e-05	3103	3103	2.5
commot_pilot_v1	GSE292299	GSM8855705_NSCLC_P3	NSCLC	Visium	tumor_like	tumor_like	CCL2	CCR2	CCL chemokine	3.410792312836988e-05	2366	2366	2.5
commot_pilot_v1	GSE292299	GSM8855705_NSCLC_P3	NSCLC	Visium	tumor_like	immune	CCL2	CCR2	CCL chemokine	3.8144917922874855e-06	2366	424	2.5
commot_pilot_v1	GSE292299	GSM8855705_NSCLC_P3	NSCLC	Visium	tumor_like	stroma_fibroblast	CCL2	CCR2	CCL chemokine	1.415342845317055e-06	2366	3253	2.5
commot_pilot_v1	GSE292299	GSM8855705_NSCLC_P3	NSCLC	Visium	tumor_like	endothelial	CCL2	CCR2	CCL chemokine	3.5456919235153295e-05	2366	12	2.5
commot_pilot_v1	GSE292299	GSM8855705_NSCLC_P3	NSCLC	Visium	tumor_like	ambiguous_or_low_signal	CCL2	CCR2	CCL chemokine	5.760507468761729e-06	2366	3103	2.5
commot_pilot_v1	GSE292299	GSM8855705_NSCLC_P3	NSCLC	Visium	immune	tumor_like	CCL2	CCR2	CCL chemokine	1.1363257876232365e-06	424	2366	2.5
commot_pilot_v1	GSE292299	GSM8855705_NSCLC_P3	NSCLC	Visium	immune	immune	CCL2	CCR2	CCL chemokine	0.000206611649131804	424	424	2.5
commot_pilot_v1	GSE292299	GSM8855705_NSCLC_P3	NSCLC	Visium	immune	stroma_fibroblast	CCL2	CCR2	CCL chemokine	2.3927174686542184e-06	424	3253	2.5
commot_pilot_v1	GSE292299	GSM8855705_NSCLC_P3	NSCLC	Visium	immune	ambiguous_or_low_signal	CCL2	CCR2	CCL chemokine	9.000364047725468e-06	424	3103	2.5
commot_pilot_v1	GSE292299	GSM8855705_NSCLC_P3	NSCLC	Visium	stroma_fibroblast	tumor_like	CCL2	CCR2	CCL chemokine	1.5289271750670773e-06	3253	2366	2.5
commot_pilot_v1	GSE292299	GSM8855705_NSCLC_P3	NSCLC	Visium	stroma_fibroblast	immune	CCL2	CCR2	CCL chemokine	5.635622541505829e-06	3253	424	2.5
commot_pilot_v1	GSE292299	GSM8855705_NSCLC_P3	NSCLC	Visium	stroma_fibroblast	stroma_fibroblast	CCL2	CCR2	CCL chemokine	3.136370441031227e-05	3253	3253	2.5
commot_pilot_v1	GSE292299	GSM8855705_NSCLC_P3	NSCLC	Visium	stroma_fibroblast	ambiguous_or_low_signal	CCL2	CCR2	CCL chemokine	5.8152206486023905e-06	3253	3103	2.5
commot_pilot_v1	GSE292299	GSM8855705_NSCLC_P3	NSCLC	Visium	endothelial	endothelial	CCL2	CCR2	CCL chemokine	0.006897966313024471	12	12	2.5
commot_pilot_v1	GSE292299	GSM8855705_NSCLC_P3	NSCLC	Visium	ambiguous_or_low_signal	tumor_like	CCL2	CCR2	CCL chemokine	5.3343531489782926e-06	3103	2366	2.5
commot_pilot_v1	GSE292299	GSM8855705_NSCLC_P3	NSCLC	Visium	ambiguous_or_low_signal	immune	CCL2	CCR2	CCL chemokine	1.2388155619620654e-05	3103	424	2.5
commot_pilot_v1	GSE292299	GSM8855705_NSCLC_P3	NSCLC	Visium	ambiguous_or_low_signal	stroma_fibroblast	CCL2	CCR2	CCL chemokine	5.453497343572165e-06	3103	3253	2.5
commot_pilot_v1	GSE292299	GSM8855705_NSCLC_P3	NSCLC	Visium	ambiguous_or_low_signal	ambiguous_or_low_signal	CCL2	CCR2	CCL chemokine	3.6037118534962615e-05	3103	3103	2.5
commot_pilot_v1	GSE292299	GSM8855705_NSCLC_P3	NSCLC	Visium	tumor_like	tumor_like	VEGFA	KDR	VEGF	2.8530057059374247e-05	2366	2366	2.5
commot_pilot_v1	GSE292299	GSM8855705_NSCLC_P3	NSCLC	Visium	tumor_like	immune	VEGFA	KDR	VEGF	2.273583656105719e-06	2366	424	2.5
commot_pilot_v1	GSE292299	GSM8855705_NSCLC_P3	NSCLC	Visium	tumor_like	stroma_fibroblast	VEGFA	KDR	VEGF	1.1463487345480607e-06	2366	3253	2.5
commot_pilot_v1	GSE292299	GSM8855705_NSCLC_P3	NSCLC	Visium	tumor_like	endothelial	VEGFA	KDR	VEGF	4.844922499099645e-05	2366	12	2.5
commot_pilot_v1	GSE292299	GSM8855705_NSCLC_P3	NSCLC	Visium	tumor_like	ambiguous_or_low_signal	VEGFA	KDR	VEGF	4.265117632951466e-06	2366	3103	2.5
commot_pilot_v1	GSE292299	GSM8855705_NSCLC_P3	NSCLC	Visium	immune	tumor_like	VEGFA	KDR	VEGF	2.0178990808695194e-06	424	2366	2.5
commot_pilot_v1	GSE292299	GSM8855705_NSCLC_P3	NSCLC	Visium	immune	immune	VEGFA	KDR	VEGF	0.0001773589327157077	424	424	2.5
commot_pilot_v1	GSE292299	GSM8855705_NSCLC_P3	NSCLC	Visium	immune	stroma_fibroblast	VEGFA	KDR	VEGF	3.502874470920671e-06	424	3253	2.5
commot_pilot_v1	GSE292299	GSM8855705_NSCLC_P3	NSCLC	Visium	immune	ambiguous_or_low_signal	VEGFA	KDR	VEGF	8.22011935740329e-06	424	3103	2.5
commot_pilot_v1	GSE292299	GSM8855705_NSCLC_P3	NSCLC	Visium	stroma_fibroblast	tumor_like	VEGFA	KDR	VEGF	2.9342310698285905e-07	3253	2366	2.5
commot_pilot_v1	GSE292299	GSM8855705_NSCLC_P3	NSCLC	Visium	stroma_fibroblast	immune	VEGFA	KDR	VEGF	3.210052093042262e-06	3253	424	2.5
commot_pilot_v1	GSE292299	GSM8855705_NSCLC_P3	NSCLC	Visium	stroma_fibroblast	stroma_fibroblast	VEGFA	KDR	VEGF	2.9444424712166282e-05	3253	3253	2.5
commot_pilot_v1	GSE292299	GSM8855705_NSCLC_P3	NSCLC	Visium	stroma_fibroblast	ambiguous_or_low_signal	VEGFA	KDR	VEGF	2.959959699355481e-06	3253	3103	2.5
commot_pilot_v1	GSE292299	GSM8855705_NSCLC_P3	NSCLC	Visium	ambiguous_or_low_signal	tumor_like	VEGFA	KDR	VEGF	5.617557004743438e-07	3103	2366	2.5
commot_pilot_v1	GSE292299	GSM8855705_NSCLC_P3	NSCLC	Visium	ambiguous_or_low_signal	immune	VEGFA	KDR	VEGF	3.6043664650014073e-06	3103	424	2.5
commot_pilot_v1	GSE292299	GSM8855705_NSCLC_P3	NSCLC	Visium	ambiguous_or_low_signal	stroma_fibroblast	VEGFA	KDR	VEGF	5.013945833849057e-06	3103	3253	2.5
commot_pilot_v1	GSE292299	GSM8855705_NSCLC_P3	NSCLC	Visium	ambiguous_or_low_signal	endothelial	VEGFA	KDR	VEGF	4.362524449606944e-05	3103	12	2.5
commot_pilot_v1	GSE292299	GSM8855705_NSCLC_P3	NSCLC	Visium	ambiguous_or_low_signal	ambiguous_or_low_signal	VEGFA	KDR	VEGF	2.7282742274241225e-05	3103	3103	2.5
commot_pilot_v1	GSE292299	GSM8855705_NSCLC_P3	NSCLC	Visium	tumor_like	tumor_like	SPP1	CD44	SPP1	0.0010089058906083575	2366	2366	2.5
commot_pilot_v1	GSE292299	GSM8855705_NSCLC_P3	NSCLC	Visium	tumor_like	immune	SPP1	CD44	SPP1	2.669096118235455e-05	2366	424	2.5
commot_pilot_v1	GSE292299	GSM8855705_NSCLC_P3	NSCLC	Visium	tumor_like	stroma_fibroblast	SPP1	CD44	SPP1	3.577601340721253e-05	2366	3253	2.5
commot_pilot_v1	GSE292299	GSM8855705_NSCLC_P3	NSCLC	Visium	tumor_like	endothelial	SPP1	CD44	SPP1	5.564430509232112e-05	2366	12	2.5
commot_pilot_v1	GSE292299	GSM8855705_NSCLC_P3	NSCLC	Visium	tumor_like	ambiguous_or_low_signal	SPP1	CD44	SPP1	9.176630362230133e-05	2366	3103	2.5
commot_pilot_v1	GSE292299	GSM8855705_NSCLC_P3	NSCLC	Visium	immune	tumor_like	SPP1	CD44	SPP1	3.635131393782865e-05	424	2366	2.5
commot_pilot_v1	GSE292299	GSM8855705_NSCLC_P3	NSCLC	Visium	immune	immune	SPP1	CD44	SPP1	0.0027299918953677645	424	424	2.5
commot_pilot_v1	GSE292299	GSM8855705_NSCLC_P3	NSCLC	Visium	immune	stroma_fibroblast	SPP1	CD44	SPP1	2.3334410840964158e-05	424	3253	2.5
commot_pilot_v1	GSE292299	GSM8855705_NSCLC_P3	NSCLC	Visium	immune	endothelial	SPP1	CD44	SPP1	8.635741614716699e-05	424	12	2.5
commot_pilot_v1	GSE292299	GSM8855705_NSCLC_P3	NSCLC	Visium	immune	ambiguous_or_low_signal	SPP1	CD44	SPP1	0.00010676805776584036	424	3103	2.5
commot_pilot_v1	GSE292299	GSM8855705_NSCLC_P3	NSCLC	Visium	stroma_fibroblast	tumor_like	SPP1	CD44	SPP1	1.2205557596054962e-05	3253	2366	2.5
commot_pilot_v1	GSE292299	GSM8855705_NSCLC_P3	NSCLC	Visium	stroma_fibroblast	immune	SPP1	CD44	SPP1	2.4326899683601948e-05	3253	424	2.5
commot_pilot_v1	GSE292299	GSM8855705_NSCLC_P3	NSCLC	Visium	stroma_fibroblast	stroma_fibroblast	SPP1	CD44	SPP1	0.0004621869182753807	3253	3253	2.5
commot_pilot_v1	GSE292299	GSM8855705_NSCLC_P3	NSCLC	Visium	stroma_fibroblast	endothelial	SPP1	CD44	SPP1	1.2276022182799314e-08	3253	12	2.5
commot_pilot_v1	GSE292299	GSM8855705_NSCLC_P3	NSCLC	Visium	stroma_fibroblast	ambiguous_or_low_signal	SPP1	CD44	SPP1	5.942741176591944e-05	3253	3103	2.5
commot_pilot_v1	GSE292299	GSM8855705_NSCLC_P3	NSCLC	Visium	endothelial	tumor_like	SPP1	CD44	SPP1	5.328503647342964e-05	12	2366	2.5
commot_pilot_v1	GSE292299	GSM8855705_NSCLC_P3	NSCLC	Visium	endothelial	immune	SPP1	CD44	SPP1	1.2232818505710455e-05	12	424	2.5
commot_pilot_v1	GSE292299	GSM8855705_NSCLC_P3	NSCLC	Visium	endothelial	stroma_fibroblast	SPP1	CD44	SPP1	1.918714612490996e-05	12	3253	2.5
commot_pilot_v1	GSE292299	GSM8855705_NSCLC_P3	NSCLC	Visium	endothelial	endothelial	SPP1	CD44	SPP1	0.006934219784911072	12	12	2.5
commot_pilot_v1	GSE292299	GSM8855705_NSCLC_P3	NSCLC	Visium	endothelial	ambiguous_or_low_signal	SPP1	CD44	SPP1	4.301922748180194e-05	12	3103	2.5
commot_pilot_v1	GSE292299	GSM8855705_NSCLC_P3	NSCLC	Visium	ambiguous_or_low_signal	tumor_like	SPP1	CD44	SPP1	6.172220125731306e-05	3103	2366	2.5
commot_pilot_v1	GSE292299	GSM8855705_NSCLC_P3	NSCLC	Visium	ambiguous_or_low_signal	immune	SPP1	CD44	SPP1	8.272739062698861e-05	3103	424	2.5
commot_pilot_v1	GSE292299	GSM8855705_NSCLC_P3	NSCLC	Visium	ambiguous_or_low_signal	stroma_fibroblast	SPP1	CD44	SPP1	8.221304482337012e-05	3103	3253	2.5
commot_pilot_v1	GSE292299	GSM8855705_NSCLC_P3	NSCLC	Visium	ambiguous_or_low_signal	endothelial	SPP1	CD44	SPP1	5.322143894706554e-05	3103	12	2.5
commot_pilot_v1	GSE292299	GSM8855705_NSCLC_P3	NSCLC	Visium	ambiguous_or_low_signal	ambiguous_or_low_signal	SPP1	CD44	SPP1	0.0006725648556903463	3103	3103	2.5
commot_pilot_v1	GSE292299	GSM8855705_NSCLC_P3	NSCLC	Visium	tumor_like	tumor_like	SPP1	ITGAV	SPP1	0.0009285782470844728	2366	2366	2.5
commot_pilot_v1	GSE292299	GSM8855705_NSCLC_P3	NSCLC	Visium	tumor_like	immune	SPP1	ITGAV	SPP1	4.668593842270961e-06	2366	424	2.5
commot_pilot_v1	GSE292299	GSM8855705_NSCLC_P3	NSCLC	Visium	tumor_like	stroma_fibroblast	SPP1	ITGAV	SPP1	1.3237821328741298e-05	2366	3253	2.5
commot_pilot_v1	GSE292299	GSM8855705_NSCLC_P3	NSCLC	Visium	tumor_like	endothelial	SPP1	ITGAV	SPP1	2.3064041048994293e-05	2366	12	2.5
commot_pilot_v1	GSE292299	GSM8855705_NSCLC_P3	NSCLC	Visium	tumor_like	ambiguous_or_low_signal	SPP1	ITGAV	SPP1	5.0284599909819665e-05	2366	3103	2.5
commot_pilot_v1	GSE292299	GSM8855705_NSCLC_P3	NSCLC	Visium	immune	tumor_like	SPP1	ITGAV	SPP1	4.024970606846627e-05	424	2366	2.5
commot_pilot_v1	GSE292299	GSM8855705_NSCLC_P3	NSCLC	Visium	immune	immune	SPP1	ITGAV	SPP1	0.0007772353072690944	424	424	2.5
commot_pilot_v1	GSE292299	GSM8855705_NSCLC_P3	NSCLC	Visium	immune	stroma_fibroblast	SPP1	ITGAV	SPP1	8.236312991317934e-06	424	3253	2.5
commot_pilot_v1	GSE292299	GSM8855705_NSCLC_P3	NSCLC	Visium	immune	ambiguous_or_low_signal	SPP1	ITGAV	SPP1	3.895218936093507e-05	424	3103	2.5
commot_pilot_v1	GSE292299	GSM8855705_NSCLC_P3	NSCLC	Visium	stroma_fibroblast	tumor_like	SPP1	ITGAV	SPP1	1.0960080093367856e-05	3253	2366	2.5
commot_pilot_v1	GSE292299	GSM8855705_NSCLC_P3	NSCLC	Visium	stroma_fibroblast	immune	SPP1	ITGAV	SPP1	6.56637914927636e-06	3253	424	2.5
commot_pilot_v1	GSE292299	GSM8855705_NSCLC_P3	NSCLC	Visium	stroma_fibroblast	stroma_fibroblast	SPP1	ITGAV	SPP1	0.00022968130715456385	3253	3253	2.5
commot_pilot_v1	GSE292299	GSM8855705_NSCLC_P3	NSCLC	Visium	stroma_fibroblast	endothelial	SPP1	ITGAV	SPP1	1.0506847417544242e-05	3253	12	2.5
commot_pilot_v1	GSE292299	GSM8855705_NSCLC_P3	NSCLC	Visium	stroma_fibroblast	ambiguous_or_low_signal	SPP1	ITGAV	SPP1	2.6103518857789453e-05	3253	3103	2.5
commot_pilot_v1	GSE292299	GSM8855705_NSCLC_P3	NSCLC	Visium	endothelial	tumor_like	SPP1	ITGAV	SPP1	9.440450573371649e-07	12	2366	2.5
commot_pilot_v1	GSE292299	GSM8855705_NSCLC_P3	NSCLC	Visium	endothelial	stroma_fibroblast	SPP1	ITGAV	SPP1	7.291908568432978e-06	12	3253	2.5
commot_pilot_v1	GSE292299	GSM8855705_NSCLC_P3	NSCLC	Visium	endothelial	endothelial	SPP1	ITGAV	SPP1	0.006488689369897468	12	12	2.5
commot_pilot_v1	GSE292299	GSM8855705_NSCLC_P3	NSCLC	Visium	endothelial	ambiguous_or_low_signal	SPP1	ITGAV	SPP1	1.74922631695916e-05	12	3103	2.5
commot_pilot_v1	GSE292299	GSM8855705_NSCLC_P3	NSCLC	Visium	ambiguous_or_low_signal	tumor_like	SPP1	ITGAV	SPP1	5.447126269618976e-05	3103	2366	2.5
commot_pilot_v1	GSE292299	GSM8855705_NSCLC_P3	NSCLC	Visium	ambiguous_or_low_signal	immune	SPP1	ITGAV	SPP1	2.2368754443871505e-05	3103	424	2.5
commot_pilot_v1	GSE292299	GSM8855705_NSCLC_P3	NSCLC	Visium	ambiguous_or_low_signal	stroma_fibroblast	SPP1	ITGAV	SPP1	2.9660770217373398e-05	3103	3253	2.5
commot_pilot_v1	GSE292299	GSM8855705_NSCLC_P3	NSCLC	Visium	ambiguous_or_low_signal	endothelial	SPP1	ITGAV	SPP1	1.7434243217990448e-08	3103	12	2.5
commot_pilot_v1	GSE292299	GSM8855705_NSCLC_P3	NSCLC	Visium	ambiguous_or_low_signal	ambiguous_or_low_signal	SPP1	ITGAV	SPP1	0.0003959059218020124	3103	3103	2.5
commot_pilot_v1	GSE292299	GSM8855705_NSCLC_P3	NSCLC	Visium	tumor_like	tumor_like	MIF	CD74	MIF	0.0008982785209804017	2366	2366	2.5
commot_pilot_v1	GSE292299	GSM8855705_NSCLC_P3	NSCLC	Visium	tumor_like	immune	MIF	CD74	MIF	1.8660677915247146e-06	2366	424	2.5
commot_pilot_v1	GSE292299	GSM8855705_NSCLC_P3	NSCLC	Visium	tumor_like	stroma_fibroblast	MIF	CD74	MIF	1.7252225909736038e-06	2366	3253	2.5
commot_pilot_v1	GSE292299	GSM8855705_NSCLC_P3	NSCLC	Visium	tumor_like	endothelial	MIF	CD74	MIF	6.331242297586107e-09	2366	12	2.5
commot_pilot_v1	GSE292299	GSM8855705_NSCLC_P3	NSCLC	Visium	tumor_like	ambiguous_or_low_signal	MIF	CD74	MIF	6.037544714505176e-06	2366	3103	2.5
commot_pilot_v1	GSE292299	GSM8855705_NSCLC_P3	NSCLC	Visium	immune	tumor_like	MIF	CD74	MIF	1.9960211465949185e-06	424	2366	2.5
commot_pilot_v1	GSE292299	GSM8855705_NSCLC_P3	NSCLC	Visium	immune	immune	MIF	CD74	MIF	0.001678901349879837	424	424	2.5
commot_pilot_v1	GSE292299	GSM8855705_NSCLC_P3	NSCLC	Visium	immune	stroma_fibroblast	MIF	CD74	MIF	9.934394320196012e-07	424	3253	2.5
commot_pilot_v1	GSE292299	GSM8855705_NSCLC_P3	NSCLC	Visium	immune	ambiguous_or_low_signal	MIF	CD74	MIF	2.889193700098633e-06	424	3103	2.5
commot_pilot_v1	GSE292299	GSM8855705_NSCLC_P3	NSCLC	Visium	stroma_fibroblast	tumor_like	MIF	CD74	MIF	1.0456632075629597e-06	3253	2366	2.5
commot_pilot_v1	GSE292299	GSM8855705_NSCLC_P3	NSCLC	Visium	stroma_fibroblast	immune	MIF	CD74	MIF	1.411419365504607e-06	3253	424	2.5
commot_pilot_v1	GSE292299	GSM8855705_NSCLC_P3	NSCLC	Visium	stroma_fibroblast	stroma_fibroblast	MIF	CD74	MIF	0.00025568248654417775	3253	3253	2.5
commot_pilot_v1	GSE292299	GSM8855705_NSCLC_P3	NSCLC	Visium	stroma_fibroblast	ambiguous_or_low_signal	MIF	CD74	MIF	2.1171707408695496e-06	3253	3103	2.5
commot_pilot_v1	GSE292299	GSM8855705_NSCLC_P3	NSCLC	Visium	endothelial	tumor_like	MIF	CD74	MIF	1.4348870863959866e-06	12	2366	2.5
commot_pilot_v1	GSE292299	GSM8855705_NSCLC_P3	NSCLC	Visium	endothelial	immune	MIF	CD74	MIF	6.653707963825327e-06	12	424	2.5
commot_pilot_v1	GSE292299	GSM8855705_NSCLC_P3	NSCLC	Visium	endothelial	stroma_fibroblast	MIF	CD74	MIF	2.8166858607220097e-08	12	3253	2.5
commot_pilot_v1	GSE292299	GSM8855705_NSCLC_P3	NSCLC	Visium	endothelial	endothelial	MIF	CD74	MIF	0.006414981488714576	12	12	2.5
commot_pilot_v1	GSE292299	GSM8855705_NSCLC_P3	NSCLC	Visium	endothelial	ambiguous_or_low_signal	MIF	CD74	MIF	1.4764310227196964e-08	12	3103	2.5
commot_pilot_v1	GSE292299	GSM8855705_NSCLC_P3	NSCLC	Visium	ambiguous_or_low_signal	tumor_like	MIF	CD74	MIF	3.972156269919011e-06	3103	2366	2.5
commot_pilot_v1	GSE292299	GSM8855705_NSCLC_P3	NSCLC	Visium	ambiguous_or_low_signal	immune	MIF	CD74	MIF	4.277357459275817e-06	3103	424	2.5
commot_pilot_v1	GSE292299	GSM8855705_NSCLC_P3	NSCLC	Visium	ambiguous_or_low_signal	stroma_fibroblast	MIF	CD74	MIF	2.884428589531969e-06	3103	3253	2.5
commot_pilot_v1	GSE292299	GSM8855705_NSCLC_P3	NSCLC	Visium	ambiguous_or_low_signal	endothelial	MIF	CD74	MIF	1.9820952977597575e-05	3103	12	2.5
commot_pilot_v1	GSE292299	GSM8855705_NSCLC_P3	NSCLC	Visium	ambiguous_or_low_signal	ambiguous_or_low_signal	MIF	CD74	MIF	0.00043592551981757645	3103	3103	2.5
commot_pilot_v1	GSE292299	GSM8855705_NSCLC_P3	NSCLC	Visium	tumor_like	tumor_like	DLL4	NOTCH1	NOTCH	2.2412080091216738e-05	2366	2366	2.5
commot_pilot_v1	GSE292299	GSM8855705_NSCLC_P3	NSCLC	Visium	tumor_like	immune	DLL4	NOTCH1	NOTCH	8.076444830271651e-07	2366	424	2.5
commot_pilot_v1	GSE292299	GSM8855705_NSCLC_P3	NSCLC	Visium	tumor_like	stroma_fibroblast	DLL4	NOTCH1	NOTCH	1.1632689786370317e-06	2366	3253	2.5
commot_pilot_v1	GSE292299	GSM8855705_NSCLC_P3	NSCLC	Visium	tumor_like	ambiguous_or_low_signal	DLL4	NOTCH1	NOTCH	3.7832062943175143e-06	2366	3103	2.5
commot_pilot_v1	GSE292299	GSM8855705_NSCLC_P3	NSCLC	Visium	immune	tumor_like	DLL4	NOTCH1	NOTCH	1.8202384404671764e-06	424	2366	2.5
commot_pilot_v1	GSE292299	GSM8855705_NSCLC_P3	NSCLC	Visium	immune	immune	DLL4	NOTCH1	NOTCH	0.00016183742986903562	424	424	2.5
commot_pilot_v1	GSE292299	GSM8855705_NSCLC_P3	NSCLC	Visium	immune	stroma_fibroblast	DLL4	NOTCH1	NOTCH	9.171017445336031e-07	424	3253	2.5
commot_pilot_v1	GSE292299	GSM8855705_NSCLC_P3	NSCLC	Visium	immune	ambiguous_or_low_signal	DLL4	NOTCH1	NOTCH	2.1392469937920113e-06	424	3103	2.5
commot_pilot_v1	GSE292299	GSM8855705_NSCLC_P3	NSCLC	Visium	stroma_fibroblast	tumor_like	DLL4	NOTCH1	NOTCH	1.5831784550454302e-06	3253	2366	2.5
commot_pilot_v1	GSE292299	GSM8855705_NSCLC_P3	NSCLC	Visium	stroma_fibroblast	immune	DLL4	NOTCH1	NOTCH	8.470281101748209e-07	3253	424	2.5
commot_pilot_v1	GSE292299	GSM8855705_NSCLC_P3	NSCLC	Visium	stroma_fibroblast	stroma_fibroblast	DLL4	NOTCH1	NOTCH	2.4212273568175367e-05	3253	3253	2.5
commot_pilot_v1	GSE292299	GSM8855705_NSCLC_P3	NSCLC	Visium	stroma_fibroblast	ambiguous_or_low_signal	DLL4	NOTCH1	NOTCH	2.5850846364862196e-06	3253	3103	2.5
commot_pilot_v1	GSE292299	GSM8855705_NSCLC_P3	NSCLC	Visium	ambiguous_or_low_signal	tumor_like	DLL4	NOTCH1	NOTCH	2.6200261067019476e-06	3103	2366	2.5
commot_pilot_v1	GSE292299	GSM8855705_NSCLC_P3	NSCLC	Visium	ambiguous_or_low_signal	immune	DLL4	NOTCH1	NOTCH	6.2523639119336934e-06	3103	424	2.5
commot_pilot_v1	GSE292299	GSM8855705_NSCLC_P3	NSCLC	Visium	ambiguous_or_low_signal	stroma_fibroblast	DLL4	NOTCH1	NOTCH	2.877428466825149e-06	3103	3253	2.5
commot_pilot_v1	GSE292299	GSM8855705_NSCLC_P3	NSCLC	Visium	ambiguous_or_low_signal	endothelial	DLL4	NOTCH1	NOTCH	2.685573101299819e-05	3103	12	2.5
commot_pilot_v1	GSE292299	GSM8855705_NSCLC_P3	NSCLC	Visium	ambiguous_or_low_signal	ambiguous_or_low_signal	DLL4	NOTCH1	NOTCH	2.3246481061940985e-05	3103	3103	2.5
commot_pilot_v1	GSE292299	GSM8855705_NSCLC_P3	NSCLC	Visium	tumor_like	tumor_like	JAG1	NOTCH2	NOTCH	7.40304887610007e-05	2366	2366	2.5
commot_pilot_v1	GSE292299	GSM8855705_NSCLC_P3	NSCLC	Visium	tumor_like	immune	JAG1	NOTCH2	NOTCH	4.710510244922331e-06	2366	424	2.5
commot_pilot_v1	GSE292299	GSM8855705_NSCLC_P3	NSCLC	Visium	tumor_like	stroma_fibroblast	JAG1	NOTCH2	NOTCH	2.1192770874183968e-06	2366	3253	2.5
commot_pilot_v1	GSE292299	GSM8855705_NSCLC_P3	NSCLC	Visium	tumor_like	ambiguous_or_low_signal	JAG1	NOTCH2	NOTCH	9.130745003149738e-06	2366	3103	2.5
commot_pilot_v1	GSE292299	GSM8855705_NSCLC_P3	NSCLC	Visium	immune	tumor_like	JAG1	NOTCH2	NOTCH	2.2773571555440905e-06	424	2366	2.5
commot_pilot_v1	GSE292299	GSM8855705_NSCLC_P3	NSCLC	Visium	immune	immune	JAG1	NOTCH2	NOTCH	0.0001854098355481837	424	424	2.5
commot_pilot_v1	GSE292299	GSM8855705_NSCLC_P3	NSCLC	Visium	immune	stroma_fibroblast	JAG1	NOTCH2	NOTCH	2.9729933616295095e-06	424	3253	2.5
commot_pilot_v1	GSE292299	GSM8855705_NSCLC_P3	NSCLC	Visium	immune	ambiguous_or_low_signal	JAG1	NOTCH2	NOTCH	6.908999865100781e-06	424	3103	2.5
commot_pilot_v1	GSE292299	GSM8855705_NSCLC_P3	NSCLC	Visium	stroma_fibroblast	tumor_like	JAG1	NOTCH2	NOTCH	4.636488189789664e-06	3253	2366	2.5
commot_pilot_v1	GSE292299	GSM8855705_NSCLC_P3	NSCLC	Visium	stroma_fibroblast	immune	JAG1	NOTCH2	NOTCH	8.408098109503889e-07	3253	424	2.5
commot_pilot_v1	GSE292299	GSM8855705_NSCLC_P3	NSCLC	Visium	stroma_fibroblast	stroma_fibroblast	JAG1	NOTCH2	NOTCH	4.183035870408328e-05	3253	3253	2.5
commot_pilot_v1	GSE292299	GSM8855705_NSCLC_P3	NSCLC	Visium	stroma_fibroblast	ambiguous_or_low_signal	JAG1	NOTCH2	NOTCH	1.3018920121692502e-05	3253	3103	2.5
commot_pilot_v1	GSE292299	GSM8855705_NSCLC_P3	NSCLC	Visium	ambiguous_or_low_signal	tumor_like	JAG1	NOTCH2	NOTCH	1.6132593392599977e-05	3103	2366	2.5
commot_pilot_v1	GSE292299	GSM8855705_NSCLC_P3	NSCLC	Visium	ambiguous_or_low_signal	immune	JAG1	NOTCH2	NOTCH	1.4951611766097124e-05	3103	424	2.5
commot_pilot_v1	GSE292299	GSM8855705_NSCLC_P3	NSCLC	Visium	ambiguous_or_low_signal	stroma_fibroblast	JAG1	NOTCH2	NOTCH	8.762682200103855e-06	3103	3253	2.5
commot_pilot_v1	GSE292299	GSM8855705_NSCLC_P3	NSCLC	Visium	ambiguous_or_low_signal	ambiguous_or_low_signal	JAG1	NOTCH2	NOTCH	4.666248970256025e-05	3103	3103	2.5
commot_pilot_v1	GSE292299	GSM8855705_NSCLC_P3	NSCLC	Visium	tumor_like	tumor_like	WNT5A	FZD5	WNT	1.8184899237822762e-05	2366	2366	2.5
commot_pilot_v1	GSE292299	GSM8855705_NSCLC_P3	NSCLC	Visium	tumor_like	immune	WNT5A	FZD5	WNT	1.4853471676242884e-06	2366	424	2.5
commot_pilot_v1	GSE292299	GSM8855705_NSCLC_P3	NSCLC	Visium	tumor_like	stroma_fibroblast	WNT5A	FZD5	WNT	7.585747444736675e-07	2366	3253	2.5
commot_pilot_v1	GSE292299	GSM8855705_NSCLC_P3	NSCLC	Visium	tumor_like	ambiguous_or_low_signal	WNT5A	FZD5	WNT	3.7069395699606598e-06	2366	3103	2.5
commot_pilot_v1	GSE292299	GSM8855705_NSCLC_P3	NSCLC	Visium	immune	tumor_like	WNT5A	FZD5	WNT	2.007334889485968e-07	424	2366	2.5
commot_pilot_v1	GSE292299	GSM8855705_NSCLC_P3	NSCLC	Visium	immune	immune	WNT5A	FZD5	WNT	5.454618594983843e-05	424	424	2.5
commot_pilot_v1	GSE292299	GSM8855705_NSCLC_P3	NSCLC	Visium	immune	stroma_fibroblast	WNT5A	FZD5	WNT	1.1278034213654854e-06	424	3253	2.5
commot_pilot_v1	GSE292299	GSM8855705_NSCLC_P3	NSCLC	Visium	immune	ambiguous_or_low_signal	WNT5A	FZD5	WNT	3.810290264718689e-06	424	3103	2.5
commot_pilot_v1	GSE292299	GSM8855705_NSCLC_P3	NSCLC	Visium	stroma_fibroblast	tumor_like	WNT5A	FZD5	WNT	2.2610414773299765e-06	3253	2366	2.5
commot_pilot_v1	GSE292299	GSM8855705_NSCLC_P3	NSCLC	Visium	stroma_fibroblast	immune	WNT5A	FZD5	WNT	1.3140733768744258e-06	3253	424	2.5
commot_pilot_v1	GSE292299	GSM8855705_NSCLC_P3	NSCLC	Visium	stroma_fibroblast	stroma_fibroblast	WNT5A	FZD5	WNT	8.455180580030942e-06	3253	3253	2.5
commot_pilot_v1	GSE292299	GSM8855705_NSCLC_P3	NSCLC	Visium	stroma_fibroblast	endothelial	WNT5A	FZD5	WNT	2.5617378829798134e-05	3253	12	2.5
commot_pilot_v1	GSE292299	GSM8855705_NSCLC_P3	NSCLC	Visium	stroma_fibroblast	ambiguous_or_low_signal	WNT5A	FZD5	WNT	4.298564946719569e-06	3253	3103	2.5
commot_pilot_v1	GSE292299	GSM8855705_NSCLC_P3	NSCLC	Visium	ambiguous_or_low_signal	tumor_like	WNT5A	FZD5	WNT	5.918112091140652e-06	3103	2366	2.5
commot_pilot_v1	GSE292299	GSM8855705_NSCLC_P3	NSCLC	Visium	ambiguous_or_low_signal	immune	WNT5A	FZD5	WNT	3.4588031519736313e-06	3103	424	2.5
commot_pilot_v1	GSE292299	GSM8855705_NSCLC_P3	NSCLC	Visium	ambiguous_or_low_signal	stroma_fibroblast	WNT5A	FZD5	WNT	3.970888415248436e-06	3103	3253	2.5
commot_pilot_v1	GSE292299	GSM8855705_NSCLC_P3	NSCLC	Visium	ambiguous_or_low_signal	ambiguous_or_low_signal	WNT5A	FZD5	WNT	1.0793074412386426e-05	3103	3103	2.5
commot_pilot_v1	GSE292299	GSM8855705_NSCLC_P3	NSCLC	Visium	tumor_like	tumor_like	EGF	EGFR	EGF/ERBB	2.719456304009515e-05	2366	2366	2.5
commot_pilot_v1	GSE292299	GSM8855705_NSCLC_P3	NSCLC	Visium	tumor_like	immune	EGF	EGFR	EGF/ERBB	1.5345786982056961e-06	2366	424	2.5
commot_pilot_v1	GSE292299	GSM8855705_NSCLC_P3	NSCLC	Visium	tumor_like	stroma_fibroblast	EGF	EGFR	EGF/ERBB	1.0434261202690068e-06	2366	3253	2.5
commot_pilot_v1	GSE292299	GSM8855705_NSCLC_P3	NSCLC	Visium	tumor_like	ambiguous_or_low_signal	EGF	EGFR	EGF/ERBB	3.633764625714844e-06	2366	3103	2.5
commot_pilot_v1	GSE292299	GSM8855705_NSCLC_P3	NSCLC	Visium	immune	tumor_like	EGF	EGFR	EGF/ERBB	5.574209735119077e-06	424	2366	2.5
commot_pilot_v1	GSE292299	GSM8855705_NSCLC_P3	NSCLC	Visium	immune	immune	EGF	EGFR	EGF/ERBB	1.064671596196273e-05	424	424	2.5
commot_pilot_v1	GSE292299	GSM8855705_NSCLC_P3	NSCLC	Visium	immune	stroma_fibroblast	EGF	EGFR	EGF/ERBB	7.31714452241809e-07	424	3253	2.5
commot_pilot_v1	GSE292299	GSM8855705_NSCLC_P3	NSCLC	Visium	immune	ambiguous_or_low_signal	EGF	EGFR	EGF/ERBB	4.146309461879892e-06	424	3103	2.5
commot_pilot_v1	GSE292299	GSM8855705_NSCLC_P3	NSCLC	Visium	stroma_fibroblast	tumor_like	EGF	EGFR	EGF/ERBB	1.5315865050771837e-06	3253	2366	2.5
commot_pilot_v1	GSE292299	GSM8855705_NSCLC_P3	NSCLC	Visium	stroma_fibroblast	immune	EGF	EGFR	EGF/ERBB	2.2602234693414828e-08	3253	424	2.5
commot_pilot_v1	GSE292299	GSM8855705_NSCLC_P3	NSCLC	Visium	stroma_fibroblast	stroma_fibroblast	EGF	EGFR	EGF/ERBB	4.549372152365269e-06	3253	3253	2.5
commot_pilot_v1	GSE292299	GSM8855705_NSCLC_P3	NSCLC	Visium	stroma_fibroblast	ambiguous_or_low_signal	EGF	EGFR	EGF/ERBB	2.02391071070477e-06	3253	3103	2.5
commot_pilot_v1	GSE292299	GSM8855705_NSCLC_P3	NSCLC	Visium	ambiguous_or_low_signal	tumor_like	EGF	EGFR	EGF/ERBB	4.438052109731311e-06	3103	2366	2.5
commot_pilot_v1	GSE292299	GSM8855705_NSCLC_P3	NSCLC	Visium	ambiguous_or_low_signal	immune	EGF	EGFR	EGF/ERBB	6.104892149515814e-06	3103	424	2.5
commot_pilot_v1	GSE292299	GSM8855705_NSCLC_P3	NSCLC	Visium	ambiguous_or_low_signal	stroma_fibroblast	EGF	EGFR	EGF/ERBB	2.3917247584737516e-06	3103	3253	2.5
commot_pilot_v1	GSE292299	GSM8855705_NSCLC_P3	NSCLC	Visium	ambiguous_or_low_signal	ambiguous_or_low_signal	EGF	EGFR	EGF/ERBB	1.0486235952104874e-05	3103	3103	2.5
commot_pilot_v1	GSE292299	GSM8855705_NSCLC_P3	NSCLC	Visium	tumor_like	tumor_like	HBEGF	EGFR	EGF/ERBB	6.502921028115697e-05	2366	2366	2.5
commot_pilot_v1	GSE292299	GSM8855705_NSCLC_P3	NSCLC	Visium	tumor_like	immune	HBEGF	EGFR	EGF/ERBB	1.5537764483771162e-06	2366	424	2.5
commot_pilot_v1	GSE292299	GSM8855705_NSCLC_P3	NSCLC	Visium	tumor_like	stroma_fibroblast	HBEGF	EGFR	EGF/ERBB	1.7733656432762151e-06	2366	3253	2.5
commot_pilot_v1	GSE292299	GSM8855705_NSCLC_P3	NSCLC	Visium	tumor_like	ambiguous_or_low_signal	HBEGF	EGFR	EGF/ERBB	1.0751031252042454e-05	2366	3103	2.5
commot_pilot_v1	GSE292299	GSM8855705_NSCLC_P3	NSCLC	Visium	immune	tumor_like	HBEGF	EGFR	EGF/ERBB	1.0726273229226803e-05	424	2366	2.5
commot_pilot_v1	GSE292299	GSM8855705_NSCLC_P3	NSCLC	Visium	immune	immune	HBEGF	EGFR	EGF/ERBB	3.8281695441951444e-05	424	424	2.5
commot_pilot_v1	GSE292299	GSM8855705_NSCLC_P3	NSCLC	Visium	immune	stroma_fibroblast	HBEGF	EGFR	EGF/ERBB	3.3131940644819043e-07	424	3253	2.5
commot_pilot_v1	GSE292299	GSM8855705_NSCLC_P3	NSCLC	Visium	immune	ambiguous_or_low_signal	HBEGF	EGFR	EGF/ERBB	5.637454459806181e-06	424	3103	2.5
commot_pilot_v1	GSE292299	GSM8855705_NSCLC_P3	NSCLC	Visium	stroma_fibroblast	tumor_like	HBEGF	EGFR	EGF/ERBB	4.4228327583900196e-06	3253	2366	2.5
commot_pilot_v1	GSE292299	GSM8855705_NSCLC_P3	NSCLC	Visium	stroma_fibroblast	immune	HBEGF	EGFR	EGF/ERBB	5.623626338934241e-07	3253	424	2.5
commot_pilot_v1	GSE292299	GSM8855705_NSCLC_P3	NSCLC	Visium	stroma_fibroblast	stroma_fibroblast	HBEGF	EGFR	EGF/ERBB	1.4472481686726918e-05	3253	3253	2.5
commot_pilot_v1	GSE292299	GSM8855705_NSCLC_P3	NSCLC	Visium	stroma_fibroblast	ambiguous_or_low_signal	HBEGF	EGFR	EGF/ERBB	6.092651978176787e-06	3253	3103	2.5
commot_pilot_v1	GSE292299	GSM8855705_NSCLC_P3	NSCLC	Visium	ambiguous_or_low_signal	tumor_like	HBEGF	EGFR	EGF/ERBB	1.4949551299796611e-05	3103	2366	2.5
commot_pilot_v1	GSE292299	GSM8855705_NSCLC_P3	NSCLC	Visium	ambiguous_or_low_signal	immune	HBEGF	EGFR	EGF/ERBB	4.63785656688729e-06	3103	424	2.5
commot_pilot_v1	GSE292299	GSM8855705_NSCLC_P3	NSCLC	Visium	ambiguous_or_low_signal	stroma_fibroblast	HBEGF	EGFR	EGF/ERBB	6.382827895869785e-06	3103	3253	2.5
commot_pilot_v1	GSE292299	GSM8855705_NSCLC_P3	NSCLC	Visium	ambiguous_or_low_signal	ambiguous_or_low_signal	HBEGF	EGFR	EGF/ERBB	2.6329245450796567e-05	3103	3103	2.5
commot_pilot_v1	GSE292299	GSM8855705_NSCLC_P3	NSCLC	Visium	tumor_like	tumor_like	COL1A1	ITGA2	ECM-integrin	0.00044530673837762214	2366	2366	2.5
commot_pilot_v1	GSE292299	GSM8855705_NSCLC_P3	NSCLC	Visium	tumor_like	immune	COL1A1	ITGA2	ECM-integrin	2.4465905598922947e-06	2366	424	2.5
commot_pilot_v1	GSE292299	GSM8855705_NSCLC_P3	NSCLC	Visium	tumor_like	stroma_fibroblast	COL1A1	ITGA2	ECM-integrin	3.827835352185767e-07	2366	3253	2.5
commot_pilot_v1	GSE292299	GSM8855705_NSCLC_P3	NSCLC	Visium	tumor_like	ambiguous_or_low_signal	COL1A1	ITGA2	ECM-integrin	2.2611097936857385e-06	2366	3103	2.5
commot_pilot_v1	GSE292299	GSM8855705_NSCLC_P3	NSCLC	Visium	immune	tumor_like	COL1A1	ITGA2	ECM-integrin	4.1904313712660125e-06	424	2366	2.5
commot_pilot_v1	GSE292299	GSM8855705_NSCLC_P3	NSCLC	Visium	immune	immune	COL1A1	ITGA2	ECM-integrin	0.0004006252220707066	424	424	2.5
commot_pilot_v1	GSE292299	GSM8855705_NSCLC_P3	NSCLC	Visium	immune	stroma_fibroblast	COL1A1	ITGA2	ECM-integrin	1.406670303297442e-06	424	3253	2.5
commot_pilot_v1	GSE292299	GSM8855705_NSCLC_P3	NSCLC	Visium	immune	ambiguous_or_low_signal	COL1A1	ITGA2	ECM-integrin	2.124557851246016e-06	424	3103	2.5
commot_pilot_v1	GSE292299	GSM8855705_NSCLC_P3	NSCLC	Visium	stroma_fibroblast	tumor_like	COL1A1	ITGA2	ECM-integrin	4.197437740659862e-06	3253	2366	2.5
commot_pilot_v1	GSE292299	GSM8855705_NSCLC_P3	NSCLC	Visium	stroma_fibroblast	immune	COL1A1	ITGA2	ECM-integrin	3.997815169845465e-06	3253	424	2.5
commot_pilot_v1	GSE292299	GSM8855705_NSCLC_P3	NSCLC	Visium	stroma_fibroblast	stroma_fibroblast	COL1A1	ITGA2	ECM-integrin	0.00013025327908480484	3253	3253	2.5
commot_pilot_v1	GSE292299	GSM8855705_NSCLC_P3	NSCLC	Visium	stroma_fibroblast	ambiguous_or_low_signal	COL1A1	ITGA2	ECM-integrin	3.25639352579146e-06	3253	3103	2.5
commot_pilot_v1	GSE292299	GSM8855705_NSCLC_P3	NSCLC	Visium	ambiguous_or_low_signal	tumor_like	COL1A1	ITGA2	ECM-integrin	1.0938897480737665e-05	3103	2366	2.5
commot_pilot_v1	GSE292299	GSM8855705_NSCLC_P3	NSCLC	Visium	ambiguous_or_low_signal	immune	COL1A1	ITGA2	ECM-integrin	8.797396664515212e-06	3103	424	2.5
commot_pilot_v1	GSE292299	GSM8855705_NSCLC_P3	NSCLC	Visium	ambiguous_or_low_signal	stroma_fibroblast	COL1A1	ITGA2	ECM-integrin	2.7464833432404747e-07	3103	3253	2.5
commot_pilot_v1	GSE292299	GSM8855705_NSCLC_P3	NSCLC	Visium	ambiguous_or_low_signal	ambiguous_or_low_signal	COL1A1	ITGA2	ECM-integrin	0.00022282980307507846	3103	3103	2.5
commot_pilot_v1	GSE292299	GSM8855706_NSCLC_P4	NSCLC	Visium	tumor_like	tumor_like	TGFB1	TGFBR1	TGFB	4.859833629898966e-06	4184	4184	2.5
commot_pilot_v1	GSE292299	GSM8855706_NSCLC_P4	NSCLC	Visium	tumor_like	immune	TGFB1	TGFBR1	TGFB	9.392096953211709e-07	4184	765	2.5
commot_pilot_v1	GSE292299	GSM8855706_NSCLC_P4	NSCLC	Visium	tumor_like	stroma_fibroblast	TGFB1	TGFBR1	TGFB	5.274988321692472e-07	4184	2000	2.5
commot_pilot_v1	GSE292299	GSM8855706_NSCLC_P4	NSCLC	Visium	tumor_like	ambiguous_or_low_signal	TGFB1	TGFBR1	TGFB	1.4269065410000228e-06	4184	2425	2.5
commot_pilot_v1	GSE292299	GSM8855706_NSCLC_P4	NSCLC	Visium	immune	tumor_like	TGFB1	TGFBR1	TGFB	1.2642901677658452e-06	765	4184	2.5
commot_pilot_v1	GSE292299	GSM8855706_NSCLC_P4	NSCLC	Visium	immune	immune	TGFB1	TGFBR1	TGFB	5.920125224305786e-05	765	765	2.5
commot_pilot_v1	GSE292299	GSM8855706_NSCLC_P4	NSCLC	Visium	immune	stroma_fibroblast	TGFB1	TGFBR1	TGFB	7.816926644953946e-07	765	2000	2.5
commot_pilot_v1	GSE292299	GSM8855706_NSCLC_P4	NSCLC	Visium	immune	ambiguous_or_low_signal	TGFB1	TGFBR1	TGFB	4.31516372386266e-06	765	2425	2.5
commot_pilot_v1	GSE292299	GSM8855706_NSCLC_P4	NSCLC	Visium	stroma_fibroblast	tumor_like	TGFB1	TGFBR1	TGFB	9.650593828525445e-07	2000	4184	2.5
commot_pilot_v1	GSE292299	GSM8855706_NSCLC_P4	NSCLC	Visium	stroma_fibroblast	immune	TGFB1	TGFBR1	TGFB	1.7421236912229516e-07	2000	765	2.5
commot_pilot_v1	GSE292299	GSM8855706_NSCLC_P4	NSCLC	Visium	stroma_fibroblast	stroma_fibroblast	TGFB1	TGFBR1	TGFB	1.9163461276168716e-05	2000	2000	2.5
commot_pilot_v1	GSE292299	GSM8855706_NSCLC_P4	NSCLC	Visium	stroma_fibroblast	ambiguous_or_low_signal	TGFB1	TGFBR1	TGFB	2.2609629569409582e-06	2000	2425	2.5
commot_pilot_v1	GSE292299	GSM8855706_NSCLC_P4	NSCLC	Visium	ambiguous_or_low_signal	tumor_like	TGFB1	TGFBR1	TGFB	1.781759261886696e-06	2425	4184	2.5
commot_pilot_v1	GSE292299	GSM8855706_NSCLC_P4	NSCLC	Visium	ambiguous_or_low_signal	immune	TGFB1	TGFBR1	TGFB	3.5821983120404547e-06	2425	765	2.5
commot_pilot_v1	GSE292299	GSM8855706_NSCLC_P4	NSCLC	Visium	ambiguous_or_low_signal	stroma_fibroblast	TGFB1	TGFBR1	TGFB	1.1730664428613523e-06	2425	2000	2.5
commot_pilot_v1	GSE292299	GSM8855706_NSCLC_P4	NSCLC	Visium	ambiguous_or_low_signal	endothelial	TGFB1	TGFBR1	TGFB	2.9040220705677356e-06	2425	142	2.5
commot_pilot_v1	GSE292299	GSM8855706_NSCLC_P4	NSCLC	Visium	ambiguous_or_low_signal	ambiguous_or_low_signal	TGFB1	TGFBR1	TGFB	4.770145740739663e-06	2425	2425	2.5
commot_pilot_v1	GSE292299	GSM8855706_NSCLC_P4	NSCLC	Visium	tumor_like	tumor_like	TGFB1	TGFBR2	TGFB	1.0218755592288171e-05	4184	4184	2.5
commot_pilot_v1	GSE292299	GSM8855706_NSCLC_P4	NSCLC	Visium	tumor_like	immune	TGFB1	TGFBR2	TGFB	8.405130945397179e-07	4184	765	2.5
commot_pilot_v1	GSE292299	GSM8855706_NSCLC_P4	NSCLC	Visium	tumor_like	stroma_fibroblast	TGFB1	TGFBR2	TGFB	3.0768718095500536e-07	4184	2000	2.5
commot_pilot_v1	GSE292299	GSM8855706_NSCLC_P4	NSCLC	Visium	tumor_like	ambiguous_or_low_signal	TGFB1	TGFBR2	TGFB	1.1779661712208842e-06	4184	2425	2.5
commot_pilot_v1	GSE292299	GSM8855706_NSCLC_P4	NSCLC	Visium	immune	tumor_like	TGFB1	TGFBR2	TGFB	1.5944546180199422e-06	765	4184	2.5
commot_pilot_v1	GSE292299	GSM8855706_NSCLC_P4	NSCLC	Visium	immune	immune	TGFB1	TGFBR2	TGFB	9.521730818798024e-05	765	765	2.5
commot_pilot_v1	GSE292299	GSM8855706_NSCLC_P4	NSCLC	Visium	immune	stroma_fibroblast	TGFB1	TGFBR2	TGFB	8.756683417337561e-08	765	2000	2.5
commot_pilot_v1	GSE292299	GSM8855706_NSCLC_P4	NSCLC	Visium	immune	ambiguous_or_low_signal	TGFB1	TGFBR2	TGFB	3.0389903390945935e-06	765	2425	2.5
commot_pilot_v1	GSE292299	GSM8855706_NSCLC_P4	NSCLC	Visium	stroma_fibroblast	tumor_like	TGFB1	TGFBR2	TGFB	4.456198293622823e-07	2000	4184	2.5
commot_pilot_v1	GSE292299	GSM8855706_NSCLC_P4	NSCLC	Visium	stroma_fibroblast	immune	TGFB1	TGFBR2	TGFB	1.0170723181587893e-08	2000	765	2.5
commot_pilot_v1	GSE292299	GSM8855706_NSCLC_P4	NSCLC	Visium	stroma_fibroblast	stroma_fibroblast	TGFB1	TGFBR2	TGFB	4.283732482994782e-05	2000	2000	2.5
commot_pilot_v1	GSE292299	GSM8855706_NSCLC_P4	NSCLC	Visium	stroma_fibroblast	endothelial	TGFB1	TGFBR2	TGFB	2.3814533352668943e-10	2000	142	2.5
commot_pilot_v1	GSE292299	GSM8855706_NSCLC_P4	NSCLC	Visium	stroma_fibroblast	ambiguous_or_low_signal	TGFB1	TGFBR2	TGFB	1.5481472768317012e-06	2000	2425	2.5
commot_pilot_v1	GSE292299	GSM8855706_NSCLC_P4	NSCLC	Visium	endothelial	stroma_fibroblast	TGFB1	TGFBR2	TGFB	3.141980858363699e-09	142	2000	2.5
commot_pilot_v1	GSE292299	GSM8855706_NSCLC_P4	NSCLC	Visium	endothelial	endothelial	TGFB1	TGFBR2	TGFB	9.910040798007943e-05	142	142	2.5
commot_pilot_v1	GSE292299	GSM8855706_NSCLC_P4	NSCLC	Visium	endothelial	ambiguous_or_low_signal	TGFB1	TGFBR2	TGFB	2.906481925151458e-06	142	2425	2.5
commot_pilot_v1	GSE292299	GSM8855706_NSCLC_P4	NSCLC	Visium	ambiguous_or_low_signal	tumor_like	TGFB1	TGFBR2	TGFB	1.3821065618115641e-06	2425	4184	2.5
commot_pilot_v1	GSE292299	GSM8855706_NSCLC_P4	NSCLC	Visium	ambiguous_or_low_signal	immune	TGFB1	TGFBR2	TGFB	4.370617579852581e-06	2425	765	2.5
commot_pilot_v1	GSE292299	GSM8855706_NSCLC_P4	NSCLC	Visium	ambiguous_or_low_signal	stroma_fibroblast	TGFB1	TGFBR2	TGFB	1.634604220520676e-06	2425	2000	2.5
commot_pilot_v1	GSE292299	GSM8855706_NSCLC_P4	NSCLC	Visium	ambiguous_or_low_signal	ambiguous_or_low_signal	TGFB1	TGFBR2	TGFB	1.4002174342809658e-05	2425	2425	2.5
commot_pilot_v1	GSE292299	GSM8855706_NSCLC_P4	NSCLC	Visium	tumor_like	tumor_like	CXCL12	CXCR4	CXCL chemokine	1.8849796029335373e-05	4184	4184	2.5
commot_pilot_v1	GSE292299	GSM8855706_NSCLC_P4	NSCLC	Visium	tumor_like	immune	CXCL12	CXCR4	CXCL chemokine	5.045076085648674e-06	4184	765	2.5
commot_pilot_v1	GSE292299	GSM8855706_NSCLC_P4	NSCLC	Visium	tumor_like	stroma_fibroblast	CXCL12	CXCR4	CXCL chemokine	5.230664551398761e-06	4184	2000	2.5
commot_pilot_v1	GSE292299	GSM8855706_NSCLC_P4	NSCLC	Visium	tumor_like	endothelial	CXCL12	CXCR4	CXCL chemokine	2.2297844177007907e-09	4184	142	2.5
commot_pilot_v1	GSE292299	GSM8855706_NSCLC_P4	NSCLC	Visium	tumor_like	ambiguous_or_low_signal	CXCL12	CXCR4	CXCL chemokine	6.946940810823692e-06	4184	2425	2.5
commot_pilot_v1	GSE292299	GSM8855706_NSCLC_P4	NSCLC	Visium	immune	tumor_like	CXCL12	CXCR4	CXCL chemokine	2.3098709974681325e-06	765	4184	2.5
commot_pilot_v1	GSE292299	GSM8855706_NSCLC_P4	NSCLC	Visium	immune	immune	CXCL12	CXCR4	CXCL chemokine	8.427261111524318e-05	765	765	2.5
commot_pilot_v1	GSE292299	GSM8855706_NSCLC_P4	NSCLC	Visium	immune	stroma_fibroblast	CXCL12	CXCR4	CXCL chemokine	2.6856246383163803e-06	765	2000	2.5
commot_pilot_v1	GSE292299	GSM8855706_NSCLC_P4	NSCLC	Visium	immune	endothelial	CXCL12	CXCR4	CXCL chemokine	4.1500955276466985e-10	765	142	2.5
commot_pilot_v1	GSE292299	GSM8855706_NSCLC_P4	NSCLC	Visium	immune	ambiguous_or_low_signal	CXCL12	CXCR4	CXCL chemokine	6.195018141313093e-06	765	2425	2.5
commot_pilot_v1	GSE292299	GSM8855706_NSCLC_P4	NSCLC	Visium	stroma_fibroblast	tumor_like	CXCL12	CXCR4	CXCL chemokine	3.401998453364689e-06	2000	4184	2.5
commot_pilot_v1	GSE292299	GSM8855706_NSCLC_P4	NSCLC	Visium	stroma_fibroblast	immune	CXCL12	CXCR4	CXCL chemokine	6.7323536845374986e-06	2000	765	2.5
commot_pilot_v1	GSE292299	GSM8855706_NSCLC_P4	NSCLC	Visium	stroma_fibroblast	stroma_fibroblast	CXCL12	CXCR4	CXCL chemokine	0.0001363868755827603	2000	2000	2.5
commot_pilot_v1	GSE292299	GSM8855706_NSCLC_P4	NSCLC	Visium	stroma_fibroblast	endothelial	CXCL12	CXCR4	CXCL chemokine	8.142879021648567e-06	2000	142	2.5
commot_pilot_v1	GSE292299	GSM8855706_NSCLC_P4	NSCLC	Visium	stroma_fibroblast	ambiguous_or_low_signal	CXCL12	CXCR4	CXCL chemokine	9.295087658969884e-06	2000	2425	2.5
commot_pilot_v1	GSE292299	GSM8855706_NSCLC_P4	NSCLC	Visium	endothelial	tumor_like	CXCL12	CXCR4	CXCL chemokine	3.4537456076264203e-06	142	4184	2.5
commot_pilot_v1	GSE292299	GSM8855706_NSCLC_P4	NSCLC	Visium	endothelial	immune	CXCL12	CXCR4	CXCL chemokine	1.883561786956149e-05	142	765	2.5
commot_pilot_v1	GSE292299	GSM8855706_NSCLC_P4	NSCLC	Visium	endothelial	stroma_fibroblast	CXCL12	CXCR4	CXCL chemokine	4.6788413635518754e-07	142	2000	2.5
commot_pilot_v1	GSE292299	GSM8855706_NSCLC_P4	NSCLC	Visium	endothelial	endothelial	CXCL12	CXCR4	CXCL chemokine	8.628255232435896e-05	142	142	2.5
commot_pilot_v1	GSE292299	GSM8855706_NSCLC_P4	NSCLC	Visium	endothelial	ambiguous_or_low_signal	CXCL12	CXCR4	CXCL chemokine	3.0106132824603615e-07	142	2425	2.5
commot_pilot_v1	GSE292299	GSM8855706_NSCLC_P4	NSCLC	Visium	ambiguous_or_low_signal	tumor_like	CXCL12	CXCR4	CXCL chemokine	7.870047780453978e-06	2425	4184	2.5
commot_pilot_v1	GSE292299	GSM8855706_NSCLC_P4	NSCLC	Visium	ambiguous_or_low_signal	immune	CXCL12	CXCR4	CXCL chemokine	1.0077182779521113e-05	2425	765	2.5
commot_pilot_v1	GSE292299	GSM8855706_NSCLC_P4	NSCLC	Visium	ambiguous_or_low_signal	stroma_fibroblast	CXCL12	CXCR4	CXCL chemokine	1.257683178455007e-05	2425	2000	2.5
commot_pilot_v1	GSE292299	GSM8855706_NSCLC_P4	NSCLC	Visium	ambiguous_or_low_signal	endothelial	CXCL12	CXCR4	CXCL chemokine	7.260995535350402e-06	2425	142	2.5
commot_pilot_v1	GSE292299	GSM8855706_NSCLC_P4	NSCLC	Visium	ambiguous_or_low_signal	ambiguous_or_low_signal	CXCL12	CXCR4	CXCL chemokine	2.2356921727920996e-05	2425	2425	2.5
commot_pilot_v1	GSE292299	GSM8855706_NSCLC_P4	NSCLC	Visium	tumor_like	tumor_like	CXCL9	CXCR3	CXCL chemokine	3.522180257795419e-06	4184	4184	2.5
commot_pilot_v1	GSE292299	GSM8855706_NSCLC_P4	NSCLC	Visium	tumor_like	immune	CXCL9	CXCR3	CXCL chemokine	1.8158858527436682e-06	4184	765	2.5
commot_pilot_v1	GSE292299	GSM8855706_NSCLC_P4	NSCLC	Visium	tumor_like	stroma_fibroblast	CXCL9	CXCR3	CXCL chemokine	1.0352214111541682e-06	4184	2000	2.5
commot_pilot_v1	GSE292299	GSM8855706_NSCLC_P4	NSCLC	Visium	tumor_like	endothelial	CXCL9	CXCR3	CXCL chemokine	2.524708480327467e-06	4184	142	2.5
commot_pilot_v1	GSE292299	GSM8855706_NSCLC_P4	NSCLC	Visium	tumor_like	ambiguous_or_low_signal	CXCL9	CXCR3	CXCL chemokine	1.3786383047179285e-06	4184	2425	2.5
commot_pilot_v1	GSE292299	GSM8855706_NSCLC_P4	NSCLC	Visium	immune	tumor_like	CXCL9	CXCR3	CXCL chemokine	6.403150717775316e-07	765	4184	2.5
commot_pilot_v1	GSE292299	GSM8855706_NSCLC_P4	NSCLC	Visium	immune	immune	CXCL9	CXCR3	CXCL chemokine	1.0785895656435688e-05	765	765	2.5
commot_pilot_v1	GSE292299	GSM8855706_NSCLC_P4	NSCLC	Visium	immune	stroma_fibroblast	CXCL9	CXCR3	CXCL chemokine	1.3072801292456294e-06	765	2000	2.5
commot_pilot_v1	GSE292299	GSM8855706_NSCLC_P4	NSCLC	Visium	immune	endothelial	CXCL9	CXCR3	CXCL chemokine	9.205560158335684e-06	765	142	2.5
commot_pilot_v1	GSE292299	GSM8855706_NSCLC_P4	NSCLC	Visium	immune	ambiguous_or_low_signal	CXCL9	CXCR3	CXCL chemokine	3.2338762255953855e-06	765	2425	2.5
commot_pilot_v1	GSE292299	GSM8855706_NSCLC_P4	NSCLC	Visium	stroma_fibroblast	tumor_like	CXCL9	CXCR3	CXCL chemokine	5.888015599319641e-07	2000	4184	2.5
commot_pilot_v1	GSE292299	GSM8855706_NSCLC_P4	NSCLC	Visium	stroma_fibroblast	immune	CXCL9	CXCR3	CXCL chemokine	6.535947712418301e-07	2000	765	2.5
commot_pilot_v1	GSE292299	GSM8855706_NSCLC_P4	NSCLC	Visium	stroma_fibroblast	stroma_fibroblast	CXCL9	CXCR3	CXCL chemokine	8.193277724118338e-06	2000	2000	2.5
commot_pilot_v1	GSE292299	GSM8855706_NSCLC_P4	NSCLC	Visium	stroma_fibroblast	endothelial	CXCL9	CXCR3	CXCL chemokine	1.7605633802816809e-06	2000	142	2.5
commot_pilot_v1	GSE292299	GSM8855706_NSCLC_P4	NSCLC	Visium	stroma_fibroblast	ambiguous_or_low_signal	CXCL9	CXCR3	CXCL chemokine	1.7207718039779512e-06	2000	2425	2.5
commot_pilot_v1	GSE292299	GSM8855706_NSCLC_P4	NSCLC	Visium	endothelial	endothelial	CXCL9	CXCR3	CXCL chemokine	4.959333465582226e-05	142	142	2.5
commot_pilot_v1	GSE292299	GSM8855706_NSCLC_P4	NSCLC	Visium	endothelial	ambiguous_or_low_signal	CXCL9	CXCR3	CXCL chemokine	5.808044141135484e-06	142	2425	2.5
commot_pilot_v1	GSE292299	GSM8855706_NSCLC_P4	NSCLC	Visium	ambiguous_or_low_signal	tumor_like	CXCL9	CXCR3	CXCL chemokine	1.075296419476581e-06	2425	4184	2.5
commot_pilot_v1	GSE292299	GSM8855706_NSCLC_P4	NSCLC	Visium	ambiguous_or_low_signal	immune	CXCL9	CXCR3	CXCL chemokine	8.758255406857195e-07	2425	765	2.5
commot_pilot_v1	GSE292299	GSM8855706_NSCLC_P4	NSCLC	Visium	ambiguous_or_low_signal	stroma_fibroblast	CXCL9	CXCR3	CXCL chemokine	1.6950877511347822e-06	2425	2000	2.5
commot_pilot_v1	GSE292299	GSM8855706_NSCLC_P4	NSCLC	Visium	ambiguous_or_low_signal	endothelial	CXCL9	CXCR3	CXCL chemokine	2.9040220705677364e-06	2425	142	2.5
commot_pilot_v1	GSE292299	GSM8855706_NSCLC_P4	NSCLC	Visium	ambiguous_or_low_signal	ambiguous_or_low_signal	CXCL9	CXCR3	CXCL chemokine	3.862721836186544e-06	2425	2425	2.5
commot_pilot_v1	GSE292299	GSM8855706_NSCLC_P4	NSCLC	Visium	tumor_like	tumor_like	CCL2	CCR2	CCL chemokine	6.721933325572686e-06	4184	4184	2.5
commot_pilot_v1	GSE292299	GSM8855706_NSCLC_P4	NSCLC	Visium	tumor_like	immune	CCL2	CCR2	CCL chemokine	9.146104535803437e-07	4184	765	2.5
commot_pilot_v1	GSE292299	GSM8855706_NSCLC_P4	NSCLC	Visium	tumor_like	stroma_fibroblast	CCL2	CCR2	CCL chemokine	1.8033478684837227e-06	4184	2000	2.5
commot_pilot_v1	GSE292299	GSM8855706_NSCLC_P4	NSCLC	Visium	tumor_like	endothelial	CCL2	CCR2	CCL chemokine	3.3666934186834454e-06	4184	142	2.5
commot_pilot_v1	GSE292299	GSM8855706_NSCLC_P4	NSCLC	Visium	tumor_like	ambiguous_or_low_signal	CCL2	CCR2	CCL chemokine	2.7791989556112576e-06	4184	2425	2.5
commot_pilot_v1	GSE292299	GSM8855706_NSCLC_P4	NSCLC	Visium	immune	tumor_like	CCL2	CCR2	CCL chemokine	1.971626048602753e-06	765	4184	2.5
commot_pilot_v1	GSE292299	GSM8855706_NSCLC_P4	NSCLC	Visium	immune	immune	CCL2	CCR2	CCL chemokine	3.7206640032234266e-05	765	765	2.5
commot_pilot_v1	GSE292299	GSM8855706_NSCLC_P4	NSCLC	Visium	immune	stroma_fibroblast	CCL2	CCR2	CCL chemokine	1.7932680836561145e-06	765	2000	2.5
commot_pilot_v1	GSE292299	GSM8855706_NSCLC_P4	NSCLC	Visium	immune	ambiguous_or_low_signal	CCL2	CCR2	CCL chemokine	1.9822911352283798e-06	765	2425	2.5
commot_pilot_v1	GSE292299	GSM8855706_NSCLC_P4	NSCLC	Visium	stroma_fibroblast	tumor_like	CCL2	CCR2	CCL chemokine	1.3286485336241784e-06	2000	4184	2.5
commot_pilot_v1	GSE292299	GSM8855706_NSCLC_P4	NSCLC	Visium	stroma_fibroblast	immune	CCL2	CCR2	CCL chemokine	4.916950285910742e-07	2000	765	2.5
commot_pilot_v1	GSE292299	GSM8855706_NSCLC_P4	NSCLC	Visium	stroma_fibroblast	stroma_fibroblast	CCL2	CCR2	CCL chemokine	2.073327504705442e-05	2000	2000	2.5
commot_pilot_v1	GSE292299	GSM8855706_NSCLC_P4	NSCLC	Visium	stroma_fibroblast	endothelial	CCL2	CCR2	CCL chemokine	3.5202576498043637e-06	2000	142	2.5
commot_pilot_v1	GSE292299	GSM8855706_NSCLC_P4	NSCLC	Visium	stroma_fibroblast	ambiguous_or_low_signal	CCL2	CCR2	CCL chemokine	3.3258364072233914e-06	2000	2425	2.5
commot_pilot_v1	GSE292299	GSM8855706_NSCLC_P4	NSCLC	Visium	endothelial	tumor_like	CCL2	CCR2	CCL chemokine	1.6827185174903073e-06	142	4184	2.5
commot_pilot_v1	GSE292299	GSM8855706_NSCLC_P4	NSCLC	Visium	endothelial	ambiguous_or_low_signal	CCL2	CCR2	CCL chemokine	2.9040220705677356e-06	142	2425	2.5
commot_pilot_v1	GSE292299	GSM8855706_NSCLC_P4	NSCLC	Visium	ambiguous_or_low_signal	tumor_like	CCL2	CCR2	CCL chemokine	3.1364838943662763e-06	2425	4184	2.5
commot_pilot_v1	GSE292299	GSM8855706_NSCLC_P4	NSCLC	Visium	ambiguous_or_low_signal	immune	CCL2	CCR2	CCL chemokine	9.461634996495889e-07	2425	765	2.5
commot_pilot_v1	GSE292299	GSM8855706_NSCLC_P4	NSCLC	Visium	ambiguous_or_low_signal	stroma_fibroblast	CCL2	CCR2	CCL chemokine	3.3507265245186366e-06	2425	2000	2.5
commot_pilot_v1	GSE292299	GSM8855706_NSCLC_P4	NSCLC	Visium	ambiguous_or_low_signal	ambiguous_or_low_signal	CCL2	CCR2	CCL chemokine	8.645567900813024e-06	2425	2425	2.5
commot_pilot_v1	GSE292299	GSM8855706_NSCLC_P4	NSCLC	Visium	tumor_like	tumor_like	VEGFA	KDR	VEGF	1.8542258371767025e-05	4184	4184	2.5
commot_pilot_v1	GSE292299	GSM8855706_NSCLC_P4	NSCLC	Visium	tumor_like	immune	VEGFA	KDR	VEGF	1.9607460135388926e-06	4184	765	2.5
commot_pilot_v1	GSE292299	GSM8855706_NSCLC_P4	NSCLC	Visium	tumor_like	stroma_fibroblast	VEGFA	KDR	VEGF	2.285038810191044e-06	4184	2000	2.5
commot_pilot_v1	GSE292299	GSM8855706_NSCLC_P4	NSCLC	Visium	tumor_like	endothelial	VEGFA	KDR	VEGF	1.1660445587432832e-05	4184	142	2.5
commot_pilot_v1	GSE292299	GSM8855706_NSCLC_P4	NSCLC	Visium	tumor_like	ambiguous_or_low_signal	VEGFA	KDR	VEGF	3.1306901999335693e-06	4184	2425	2.5
commot_pilot_v1	GSE292299	GSM8855706_NSCLC_P4	NSCLC	Visium	immune	tumor_like	VEGFA	KDR	VEGF	1.035410282779075e-06	765	4184	2.5
commot_pilot_v1	GSE292299	GSM8855706_NSCLC_P4	NSCLC	Visium	immune	immune	VEGFA	KDR	VEGF	4.798523458230484e-05	765	765	2.5
commot_pilot_v1	GSE292299	GSM8855706_NSCLC_P4	NSCLC	Visium	immune	stroma_fibroblast	VEGFA	KDR	VEGF	1.802760341500903e-06	765	2000	2.5
commot_pilot_v1	GSE292299	GSM8855706_NSCLC_P4	NSCLC	Visium	immune	endothelial	VEGFA	KDR	VEGF	8.839604671546242e-06	765	142	2.5
commot_pilot_v1	GSE292299	GSM8855706_NSCLC_P4	NSCLC	Visium	immune	ambiguous_or_low_signal	VEGFA	KDR	VEGF	3.086304032036512e-06	765	2425	2.5
commot_pilot_v1	GSE292299	GSM8855706_NSCLC_P4	NSCLC	Visium	stroma_fibroblast	tumor_like	VEGFA	KDR	VEGF	1.3237121496399783e-06	2000	4184	2.5
commot_pilot_v1	GSE292299	GSM8855706_NSCLC_P4	NSCLC	Visium	stroma_fibroblast	immune	VEGFA	KDR	VEGF	1.6328047919033991e-06	2000	765	2.5
commot_pilot_v1	GSE292299	GSM8855706_NSCLC_P4	NSCLC	Visium	stroma_fibroblast	stroma_fibroblast	VEGFA	KDR	VEGF	6.642854992350308e-05	2000	2000	2.5
commot_pilot_v1	GSE292299	GSM8855706_NSCLC_P4	NSCLC	Visium	stroma_fibroblast	endothelial	VEGFA	KDR	VEGF	2.9206310185811072e-05	2000	142	2.5
commot_pilot_v1	GSE292299	GSM8855706_NSCLC_P4	NSCLC	Visium	stroma_fibroblast	ambiguous_or_low_signal	VEGFA	KDR	VEGF	3.511151400741249e-06	2000	2425	2.5
commot_pilot_v1	GSE292299	GSM8855706_NSCLC_P4	NSCLC	Visium	endothelial	tumor_like	VEGFA	KDR	VEGF	8.685595926555496e-08	142	4184	2.5
commot_pilot_v1	GSE292299	GSM8855706_NSCLC_P4	NSCLC	Visium	endothelial	immune	VEGFA	KDR	VEGF	2.1250831677847035e-05	142	765	2.5
commot_pilot_v1	GSE292299	GSM8855706_NSCLC_P4	NSCLC	Visium	endothelial	endothelial	VEGFA	KDR	VEGF	0.0008030182703035326	142	142	2.5
commot_pilot_v1	GSE292299	GSM8855706_NSCLC_P4	NSCLC	Visium	endothelial	ambiguous_or_low_signal	VEGFA	KDR	VEGF	4.1376496841216833e-10	142	2425	2.5
commot_pilot_v1	GSE292299	GSM8855706_NSCLC_P4	NSCLC	Visium	ambiguous_or_low_signal	tumor_like	VEGFA	KDR	VEGF	1.6742905033739953e-06	2425	4184	2.5
commot_pilot_v1	GSE292299	GSM8855706_NSCLC_P4	NSCLC	Visium	ambiguous_or_low_signal	immune	VEGFA	KDR	VEGF	2.3369285112859035e-06	2425	765	2.5
commot_pilot_v1	GSE292299	GSM8855706_NSCLC_P4	NSCLC	Visium	ambiguous_or_low_signal	stroma_fibroblast	VEGFA	KDR	VEGF	4.207141530754532e-06	2425	2000	2.5
commot_pilot_v1	GSE292299	GSM8855706_NSCLC_P4	NSCLC	Visium	ambiguous_or_low_signal	endothelial	VEGFA	KDR	VEGF	1.4801760170890881e-05	2425	142	2.5
commot_pilot_v1	GSE292299	GSM8855706_NSCLC_P4	NSCLC	Visium	ambiguous_or_low_signal	ambiguous_or_low_signal	VEGFA	KDR	VEGF	2.78001777613964e-05	2425	2425	2.5
commot_pilot_v1	GSE292299	GSM8855706_NSCLC_P4	NSCLC	Visium	tumor_like	tumor_like	SPP1	CD44	SPP1	0.00011210924685016778	4184	4184	2.5
commot_pilot_v1	GSE292299	GSM8855706_NSCLC_P4	NSCLC	Visium	tumor_like	immune	SPP1	CD44	SPP1	1.6791798075293347e-06	4184	765	2.5
commot_pilot_v1	GSE292299	GSM8855706_NSCLC_P4	NSCLC	Visium	tumor_like	stroma_fibroblast	SPP1	CD44	SPP1	3.7558015084283794e-06	4184	2000	2.5
commot_pilot_v1	GSE292299	GSM8855706_NSCLC_P4	NSCLC	Visium	tumor_like	endothelial	SPP1	CD44	SPP1	2.1752912816948577e-06	4184	142	2.5
commot_pilot_v1	GSE292299	GSM8855706_NSCLC_P4	NSCLC	Visium	tumor_like	ambiguous_or_low_signal	SPP1	CD44	SPP1	6.802787018706467e-06	4184	2425	2.5
commot_pilot_v1	GSE292299	GSM8855706_NSCLC_P4	NSCLC	Visium	immune	tumor_like	SPP1	CD44	SPP1	3.150874603558721e-06	765	4184	2.5
commot_pilot_v1	GSE292299	GSM8855706_NSCLC_P4	NSCLC	Visium	immune	immune	SPP1	CD44	SPP1	0.0007900578993833369	765	765	2.5
commot_pilot_v1	GSE292299	GSM8855706_NSCLC_P4	NSCLC	Visium	immune	stroma_fibroblast	SPP1	CD44	SPP1	2.9629266415264174e-06	765	2000	2.5
commot_pilot_v1	GSE292299	GSM8855706_NSCLC_P4	NSCLC	Visium	immune	endothelial	SPP1	CD44	SPP1	7.963348113394127e-06	765	142	2.5
commot_pilot_v1	GSE292299	GSM8855706_NSCLC_P4	NSCLC	Visium	immune	ambiguous_or_low_signal	SPP1	CD44	SPP1	4.113155743651645e-06	765	2425	2.5
commot_pilot_v1	GSE292299	GSM8855706_NSCLC_P4	NSCLC	Visium	stroma_fibroblast	tumor_like	SPP1	CD44	SPP1	2.4266600753389556e-06	2000	4184	2.5
commot_pilot_v1	GSE292299	GSM8855706_NSCLC_P4	NSCLC	Visium	stroma_fibroblast	immune	SPP1	CD44	SPP1	1.1609442297897718e-06	2000	765	2.5
commot_pilot_v1	GSE292299	GSM8855706_NSCLC_P4	NSCLC	Visium	stroma_fibroblast	stroma_fibroblast	SPP1	CD44	SPP1	0.0001522206680723735	2000	2000	2.5
commot_pilot_v1	GSE292299	GSM8855706_NSCLC_P4	NSCLC	Visium	stroma_fibroblast	endothelial	SPP1	CD44	SPP1	7.382563108759343e-06	2000	142	2.5
commot_pilot_v1	GSE292299	GSM8855706_NSCLC_P4	NSCLC	Visium	stroma_fibroblast	ambiguous_or_low_signal	SPP1	CD44	SPP1	6.812711704742383e-06	2000	2425	2.5
commot_pilot_v1	GSE292299	GSM8855706_NSCLC_P4	NSCLC	Visium	endothelial	tumor_like	SPP1	CD44	SPP1	3.1853697921508038e-06	142	4184	2.5
commot_pilot_v1	GSE292299	GSM8855706_NSCLC_P4	NSCLC	Visium	endothelial	immune	SPP1	CD44	SPP1	1.2698007267816355e-05	142	765	2.5
commot_pilot_v1	GSE292299	GSM8855706_NSCLC_P4	NSCLC	Visium	endothelial	stroma_fibroblast	SPP1	CD44	SPP1	9.695991380052657e-06	142	2000	2.5
commot_pilot_v1	GSE292299	GSM8855706_NSCLC_P4	NSCLC	Visium	endothelial	endothelial	SPP1	CD44	SPP1	0.0007364021408188405	142	142	2.5
commot_pilot_v1	GSE292299	GSM8855706_NSCLC_P4	NSCLC	Visium	endothelial	ambiguous_or_low_signal	SPP1	CD44	SPP1	1.327454626410695e-05	142	2425	2.5
commot_pilot_v1	GSE292299	GSM8855706_NSCLC_P4	NSCLC	Visium	ambiguous_or_low_signal	tumor_like	SPP1	CD44	SPP1	5.8200023367613795e-06	2425	4184	2.5
commot_pilot_v1	GSE292299	GSM8855706_NSCLC_P4	NSCLC	Visium	ambiguous_or_low_signal	immune	SPP1	CD44	SPP1	2.2144518949171464e-06	2425	765	2.5
commot_pilot_v1	GSE292299	GSM8855706_NSCLC_P4	NSCLC	Visium	ambiguous_or_low_signal	stroma_fibroblast	SPP1	CD44	SPP1	1.2591923910235574e-05	2425	2000	2.5
commot_pilot_v1	GSE292299	GSM8855706_NSCLC_P4	NSCLC	Visium	ambiguous_or_low_signal	endothelial	SPP1	CD44	SPP1	1.4221226500573646e-05	2425	142	2.5
commot_pilot_v1	GSE292299	GSM8855706_NSCLC_P4	NSCLC	Visium	ambiguous_or_low_signal	ambiguous_or_low_signal	SPP1	CD44	SPP1	0.00011698786852381353	2425	2425	2.5
commot_pilot_v1	GSE292299	GSM8855706_NSCLC_P4	NSCLC	Visium	tumor_like	tumor_like	SPP1	ITGAV	SPP1	6.469198022048203e-05	4184	4184	2.5
commot_pilot_v1	GSE292299	GSM8855706_NSCLC_P4	NSCLC	Visium	tumor_like	immune	SPP1	ITGAV	SPP1	1.2113066761498906e-06	4184	765	2.5
commot_pilot_v1	GSE292299	GSM8855706_NSCLC_P4	NSCLC	Visium	tumor_like	stroma_fibroblast	SPP1	ITGAV	SPP1	4.245597666161554e-06	4184	2000	2.5
commot_pilot_v1	GSE292299	GSM8855706_NSCLC_P4	NSCLC	Visium	tumor_like	endothelial	SPP1	ITGAV	SPP1	9.117889712386559e-07	4184	142	2.5
commot_pilot_v1	GSE292299	GSM8855706_NSCLC_P4	NSCLC	Visium	tumor_like	ambiguous_or_low_signal	SPP1	ITGAV	SPP1	4.264215005061454e-06	4184	2425	2.5
commot_pilot_v1	GSE292299	GSM8855706_NSCLC_P4	NSCLC	Visium	immune	tumor_like	SPP1	ITGAV	SPP1	9.511536620724916e-07	765	4184	2.5
commot_pilot_v1	GSE292299	GSM8855706_NSCLC_P4	NSCLC	Visium	immune	immune	SPP1	ITGAV	SPP1	0.0002591993009527695	765	765	2.5
commot_pilot_v1	GSE292299	GSM8855706_NSCLC_P4	NSCLC	Visium	immune	stroma_fibroblast	SPP1	ITGAV	SPP1	1.5945218831124547e-06	765	2000	2.5
commot_pilot_v1	GSE292299	GSM8855706_NSCLC_P4	NSCLC	Visium	immune	endothelial	SPP1	ITGAV	SPP1	6.559149435345401e-08	765	142	2.5
commot_pilot_v1	GSE292299	GSM8855706_NSCLC_P4	NSCLC	Visium	immune	ambiguous_or_low_signal	SPP1	ITGAV	SPP1	1.6562110863216988e-06	765	2425	2.5
commot_pilot_v1	GSE292299	GSM8855706_NSCLC_P4	NSCLC	Visium	stroma_fibroblast	tumor_like	SPP1	ITGAV	SPP1	1.964933979074606e-06	2000	4184	2.5
commot_pilot_v1	GSE292299	GSM8855706_NSCLC_P4	NSCLC	Visium	stroma_fibroblast	immune	SPP1	ITGAV	SPP1	1.6968150942606815e-06	2000	765	2.5
commot_pilot_v1	GSE292299	GSM8855706_NSCLC_P4	NSCLC	Visium	stroma_fibroblast	stroma_fibroblast	SPP1	ITGAV	SPP1	0.00017122849123639864	2000	2000	2.5
commot_pilot_v1	GSE292299	GSM8855706_NSCLC_P4	NSCLC	Visium	stroma_fibroblast	endothelial	SPP1	ITGAV	SPP1	5.512605618772744e-06	2000	142	2.5
commot_pilot_v1	GSE292299	GSM8855706_NSCLC_P4	NSCLC	Visium	stroma_fibroblast	ambiguous_or_low_signal	SPP1	ITGAV	SPP1	3.837233178452222e-06	2000	2425	2.5
commot_pilot_v1	GSE292299	GSM8855706_NSCLC_P4	NSCLC	Visium	endothelial	tumor_like	SPP1	ITGAV	SPP1	2.4955612301766827e-06	142	4184	2.5
commot_pilot_v1	GSE292299	GSM8855706_NSCLC_P4	NSCLC	Visium	endothelial	immune	SPP1	ITGAV	SPP1	1.5049284731092744e-08	142	765	2.5
commot_pilot_v1	GSE292299	GSM8855706_NSCLC_P4	NSCLC	Visium	endothelial	stroma_fibroblast	SPP1	ITGAV	SPP1	1.9963124838997145e-06	142	2000	2.5
commot_pilot_v1	GSE292299	GSM8855706_NSCLC_P4	NSCLC	Visium	endothelial	endothelial	SPP1	ITGAV	SPP1	0.0004623518787820562	142	142	2.5
commot_pilot_v1	GSE292299	GSM8855706_NSCLC_P4	NSCLC	Visium	endothelial	ambiguous_or_low_signal	SPP1	ITGAV	SPP1	7.805146512580855e-06	142	2425	2.5
commot_pilot_v1	GSE292299	GSM8855706_NSCLC_P4	NSCLC	Visium	ambiguous_or_low_signal	tumor_like	SPP1	ITGAV	SPP1	3.4233688169720996e-06	2425	4184	2.5
commot_pilot_v1	GSE292299	GSM8855706_NSCLC_P4	NSCLC	Visium	ambiguous_or_low_signal	immune	SPP1	ITGAV	SPP1	9.892730921867998e-07	2425	765	2.5
commot_pilot_v1	GSE292299	GSM8855706_NSCLC_P4	NSCLC	Visium	ambiguous_or_low_signal	stroma_fibroblast	SPP1	ITGAV	SPP1	8.835648966325012e-06	2425	2000	2.5
commot_pilot_v1	GSE292299	GSM8855706_NSCLC_P4	NSCLC	Visium	ambiguous_or_low_signal	endothelial	SPP1	ITGAV	SPP1	1.6341285278684584e-06	2425	142	2.5
commot_pilot_v1	GSE292299	GSM8855706_NSCLC_P4	NSCLC	Visium	ambiguous_or_low_signal	ambiguous_or_low_signal	SPP1	ITGAV	SPP1	7.313541345447955e-05	2425	2425	2.5
commot_pilot_v1	GSE292299	GSM8855706_NSCLC_P4	NSCLC	Visium	tumor_like	tumor_like	MIF	CD74	MIF	0.00028251929521603804	4184	4184	2.5
commot_pilot_v1	GSE292299	GSM8855706_NSCLC_P4	NSCLC	Visium	tumor_like	immune	MIF	CD74	MIF	1.2080444193813779e-06	4184	765	2.5
commot_pilot_v1	GSE292299	GSM8855706_NSCLC_P4	NSCLC	Visium	tumor_like	stroma_fibroblast	MIF	CD74	MIF	6.845505951350355e-07	4184	2000	2.5
commot_pilot_v1	GSE292299	GSM8855706_NSCLC_P4	NSCLC	Visium	tumor_like	endothelial	MIF	CD74	MIF	2.654202166204634e-08	4184	142	2.5
commot_pilot_v1	GSE292299	GSM8855706_NSCLC_P4	NSCLC	Visium	tumor_like	ambiguous_or_low_signal	MIF	CD74	MIF	1.3450506381763975e-06	4184	2425	2.5
commot_pilot_v1	GSE292299	GSM8855706_NSCLC_P4	NSCLC	Visium	immune	tumor_like	MIF	CD74	MIF	5.624050510922407e-07	765	4184	2.5
commot_pilot_v1	GSE292299	GSM8855706_NSCLC_P4	NSCLC	Visium	immune	immune	MIF	CD74	MIF	0.00031748898584034056	765	765	2.5
commot_pilot_v1	GSE292299	GSM8855706_NSCLC_P4	NSCLC	Visium	immune	stroma_fibroblast	MIF	CD74	MIF	3.465522662152458e-07	765	2000	2.5
commot_pilot_v1	GSE292299	GSM8855706_NSCLC_P4	NSCLC	Visium	immune	endothelial	MIF	CD74	MIF	1.640670276257304e-07	765	142	2.5
commot_pilot_v1	GSE292299	GSM8855706_NSCLC_P4	NSCLC	Visium	immune	ambiguous_or_low_signal	MIF	CD74	MIF	1.5359276323376217e-06	765	2425	2.5
commot_pilot_v1	GSE292299	GSM8855706_NSCLC_P4	NSCLC	Visium	stroma_fibroblast	tumor_like	MIF	CD74	MIF	1.5767794244455935e-06	2000	4184	2.5
commot_pilot_v1	GSE292299	GSM8855706_NSCLC_P4	NSCLC	Visium	stroma_fibroblast	immune	MIF	CD74	MIF	7.062912860457888e-07	2000	765	2.5
commot_pilot_v1	GSE292299	GSM8855706_NSCLC_P4	NSCLC	Visium	stroma_fibroblast	stroma_fibroblast	MIF	CD74	MIF	0.00022619549449250394	2000	2000	2.5
commot_pilot_v1	GSE292299	GSM8855706_NSCLC_P4	NSCLC	Visium	stroma_fibroblast	endothelial	MIF	CD74	MIF	1.2145514970039514e-07	2000	142	2.5
commot_pilot_v1	GSE292299	GSM8855706_NSCLC_P4	NSCLC	Visium	stroma_fibroblast	ambiguous_or_low_signal	MIF	CD74	MIF	2.2491574274496447e-06	2000	2425	2.5
commot_pilot_v1	GSE292299	GSM8855706_NSCLC_P4	NSCLC	Visium	endothelial	tumor_like	MIF	CD74	MIF	1.2324590749703046e-07	142	4184	2.5
commot_pilot_v1	GSE292299	GSM8855706_NSCLC_P4	NSCLC	Visium	endothelial	immune	MIF	CD74	MIF	1.8411120316671227e-06	142	765	2.5
commot_pilot_v1	GSE292299	GSM8855706_NSCLC_P4	NSCLC	Visium	endothelial	stroma_fibroblast	MIF	CD74	MIF	2.8188745984709446e-06	142	2000	2.5
commot_pilot_v1	GSE292299	GSM8855706_NSCLC_P4	NSCLC	Visium	endothelial	endothelial	MIF	CD74	MIF	4.587854580308275e-05	142	142	2.5
commot_pilot_v1	GSE292299	GSM8855706_NSCLC_P4	NSCLC	Visium	endothelial	ambiguous_or_low_signal	MIF	CD74	MIF	3.254746425148517e-09	142	2425	2.5
commot_pilot_v1	GSE292299	GSM8855706_NSCLC_P4	NSCLC	Visium	ambiguous_or_low_signal	tumor_like	MIF	CD74	MIF	1.706538327251305e-06	2425	4184	2.5
commot_pilot_v1	GSE292299	GSM8855706_NSCLC_P4	NSCLC	Visium	ambiguous_or_low_signal	immune	MIF	CD74	MIF	9.589719377653464e-07	2425	765	2.5
commot_pilot_v1	GSE292299	GSM8855706_NSCLC_P4	NSCLC	Visium	ambiguous_or_low_signal	stroma_fibroblast	MIF	CD74	MIF	1.3272708600240453e-06	2425	2000	2.5
commot_pilot_v1	GSE292299	GSM8855706_NSCLC_P4	NSCLC	Visium	ambiguous_or_low_signal	endothelial	MIF	CD74	MIF	2.6436324289856506e-06	2425	142	2.5
commot_pilot_v1	GSE292299	GSM8855706_NSCLC_P4	NSCLC	Visium	ambiguous_or_low_signal	ambiguous_or_low_signal	MIF	CD74	MIF	0.00019072097090711633	2425	2425	2.5
commot_pilot_v1	GSE292299	GSM8855706_NSCLC_P4	NSCLC	Visium	tumor_like	tumor_like	DLL4	NOTCH1	NOTCH	6.929243021770645e-06	4184	4184	2.5
commot_pilot_v1	GSE292299	GSM8855706_NSCLC_P4	NSCLC	Visium	tumor_like	immune	DLL4	NOTCH1	NOTCH	5.227766457982143e-07	4184	765	2.5
commot_pilot_v1	GSE292299	GSM8855706_NSCLC_P4	NSCLC	Visium	tumor_like	stroma_fibroblast	DLL4	NOTCH1	NOTCH	7.137753879593614e-07	4184	2000	2.5
commot_pilot_v1	GSE292299	GSM8855706_NSCLC_P4	NSCLC	Visium	tumor_like	endothelial	DLL4	NOTCH1	NOTCH	1.6831389868849802e-06	4184	142	2.5
commot_pilot_v1	GSE292299	GSM8855706_NSCLC_P4	NSCLC	Visium	tumor_like	ambiguous_or_low_signal	DLL4	NOTCH1	NOTCH	1.628535446051485e-06	4184	2425	2.5
commot_pilot_v1	GSE292299	GSM8855706_NSCLC_P4	NSCLC	Visium	immune	tumor_like	DLL4	NOTCH1	NOTCH	5.794961044193035e-07	765	4184	2.5
commot_pilot_v1	GSE292299	GSM8855706_NSCLC_P4	NSCLC	Visium	immune	immune	DLL4	NOTCH1	NOTCH	1.4713360630580746e-05	765	765	2.5
commot_pilot_v1	GSE292299	GSM8855706_NSCLC_P4	NSCLC	Visium	immune	stroma_fibroblast	DLL4	NOTCH1	NOTCH	3.3274953581934806e-07	765	2000	2.5
commot_pilot_v1	GSE292299	GSM8855706_NSCLC_P4	NSCLC	Visium	immune	ambiguous_or_low_signal	DLL4	NOTCH1	NOTCH	1.6307197155225166e-06	765	2425	2.5
commot_pilot_v1	GSE292299	GSM8855706_NSCLC_P4	NSCLC	Visium	stroma_fibroblast	tumor_like	DLL4	NOTCH1	NOTCH	1.4349265736177762e-06	2000	4184	2.5
commot_pilot_v1	GSE292299	GSM8855706_NSCLC_P4	NSCLC	Visium	stroma_fibroblast	immune	DLL4	NOTCH1	NOTCH	6.836027961828198e-08	2000	765	2.5
commot_pilot_v1	GSE292299	GSM8855706_NSCLC_P4	NSCLC	Visium	stroma_fibroblast	stroma_fibroblast	DLL4	NOTCH1	NOTCH	3.118584064849012e-05	2000	2000	2.5
commot_pilot_v1	GSE292299	GSM8855706_NSCLC_P4	NSCLC	Visium	stroma_fibroblast	ambiguous_or_low_signal	DLL4	NOTCH1	NOTCH	1.88548062603677e-06	2000	2425	2.5
commot_pilot_v1	GSE292299	GSM8855706_NSCLC_P4	NSCLC	Visium	endothelial	tumor_like	DLL4	NOTCH1	NOTCH	4.6089846370102113e-07	142	4184	2.5
commot_pilot_v1	GSE292299	GSM8855706_NSCLC_P4	NSCLC	Visium	endothelial	immune	DLL4	NOTCH1	NOTCH	1.1084992996963648e-05	142	765	2.5
commot_pilot_v1	GSE292299	GSM8855706_NSCLC_P4	NSCLC	Visium	endothelial	stroma_fibroblast	DLL4	NOTCH1	NOTCH	5.840031746578975e-06	142	2000	2.5
commot_pilot_v1	GSE292299	GSM8855706_NSCLC_P4	NSCLC	Visium	endothelial	ambiguous_or_low_signal	DLL4	NOTCH1	NOTCH	5.411457854710792e-06	142	2425	2.5
commot_pilot_v1	GSE292299	GSM8855706_NSCLC_P4	NSCLC	Visium	ambiguous_or_low_signal	tumor_like	DLL4	NOTCH1	NOTCH	2.0578375285645023e-06	2425	4184	2.5
commot_pilot_v1	GSE292299	GSM8855706_NSCLC_P4	NSCLC	Visium	ambiguous_or_low_signal	immune	DLL4	NOTCH1	NOTCH	9.00950929467924e-07	2425	765	2.5
commot_pilot_v1	GSE292299	GSM8855706_NSCLC_P4	NSCLC	Visium	ambiguous_or_low_signal	stroma_fibroblast	DLL4	NOTCH1	NOTCH	3.070560899719106e-06	2425	2000	2.5
commot_pilot_v1	GSE292299	GSM8855706_NSCLC_P4	NSCLC	Visium	ambiguous_or_low_signal	endothelial	DLL4	NOTCH1	NOTCH	2.904022070567735e-06	2425	142	2.5
commot_pilot_v1	GSE292299	GSM8855706_NSCLC_P4	NSCLC	Visium	ambiguous_or_low_signal	ambiguous_or_low_signal	DLL4	NOTCH1	NOTCH	7.83683527899687e-06	2425	2425	2.5
commot_pilot_v1	GSE292299	GSM8855706_NSCLC_P4	NSCLC	Visium	tumor_like	tumor_like	JAG1	NOTCH2	NOTCH	2.307222697756476e-05	4184	4184	2.5
commot_pilot_v1	GSE292299	GSM8855706_NSCLC_P4	NSCLC	Visium	tumor_like	immune	JAG1	NOTCH2	NOTCH	1.3398918485030873e-06	4184	765	2.5
commot_pilot_v1	GSE292299	GSM8855706_NSCLC_P4	NSCLC	Visium	tumor_like	stroma_fibroblast	JAG1	NOTCH2	NOTCH	6.965687445967465e-07	4184	2000	2.5
commot_pilot_v1	GSE292299	GSM8855706_NSCLC_P4	NSCLC	Visium	tumor_like	endothelial	JAG1	NOTCH2	NOTCH	1.6396071594810706e-06	4184	142	2.5
commot_pilot_v1	GSE292299	GSM8855706_NSCLC_P4	NSCLC	Visium	tumor_like	ambiguous_or_low_signal	JAG1	NOTCH2	NOTCH	2.5338453951175858e-06	4184	2425	2.5
commot_pilot_v1	GSE292299	GSM8855706_NSCLC_P4	NSCLC	Visium	immune	tumor_like	JAG1	NOTCH2	NOTCH	3.330043233906568e-06	765	4184	2.5
commot_pilot_v1	GSE292299	GSM8855706_NSCLC_P4	NSCLC	Visium	immune	immune	JAG1	NOTCH2	NOTCH	6.255300284368921e-05	765	765	2.5
commot_pilot_v1	GSE292299	GSM8855706_NSCLC_P4	NSCLC	Visium	immune	stroma_fibroblast	JAG1	NOTCH2	NOTCH	3.547843690970483e-07	765	2000	2.5
commot_pilot_v1	GSE292299	GSM8855706_NSCLC_P4	NSCLC	Visium	immune	endothelial	JAG1	NOTCH2	NOTCH	9.205560158335597e-06	765	142	2.5
commot_pilot_v1	GSE292299	GSM8855706_NSCLC_P4	NSCLC	Visium	immune	ambiguous_or_low_signal	JAG1	NOTCH2	NOTCH	4.806292983339473e-06	765	2425	2.5
commot_pilot_v1	GSE292299	GSM8855706_NSCLC_P4	NSCLC	Visium	stroma_fibroblast	tumor_like	JAG1	NOTCH2	NOTCH	7.059655381144104e-06	2000	4184	2.5
commot_pilot_v1	GSE292299	GSM8855706_NSCLC_P4	NSCLC	Visium	stroma_fibroblast	immune	JAG1	NOTCH2	NOTCH	4.118038736372864e-06	2000	765	2.5
commot_pilot_v1	GSE292299	GSM8855706_NSCLC_P4	NSCLC	Visium	stroma_fibroblast	stroma_fibroblast	JAG1	NOTCH2	NOTCH	8.047264276705841e-05	2000	2000	2.5
commot_pilot_v1	GSE292299	GSM8855706_NSCLC_P4	NSCLC	Visium	stroma_fibroblast	endothelial	JAG1	NOTCH2	NOTCH	1.0465967877630592e-05	2000	142	2.5
commot_pilot_v1	GSE292299	GSM8855706_NSCLC_P4	NSCLC	Visium	stroma_fibroblast	ambiguous_or_low_signal	JAG1	NOTCH2	NOTCH	1.296751129899742e-05	2000	2425	2.5
commot_pilot_v1	GSE292299	GSM8855706_NSCLC_P4	NSCLC	Visium	endothelial	tumor_like	JAG1	NOTCH2	NOTCH	1.8926008788684512e-07	142	4184	2.5
commot_pilot_v1	GSE292299	GSM8855706_NSCLC_P4	NSCLC	Visium	endothelial	stroma_fibroblast	JAG1	NOTCH2	NOTCH	6.6962243906915915e-06	142	2000	2.5
commot_pilot_v1	GSE292299	GSM8855706_NSCLC_P4	NSCLC	Visium	endothelial	endothelial	JAG1	NOTCH2	NOTCH	9.884112673481646e-05	142	142	2.5
commot_pilot_v1	GSE292299	GSM8855706_NSCLC_P4	NSCLC	Visium	endothelial	ambiguous_or_low_signal	JAG1	NOTCH2	NOTCH	1.3033134278798483e-06	142	2425	2.5
commot_pilot_v1	GSE292299	GSM8855706_NSCLC_P4	NSCLC	Visium	ambiguous_or_low_signal	tumor_like	JAG1	NOTCH2	NOTCH	6.121249424370346e-06	2425	4184	2.5
commot_pilot_v1	GSE292299	GSM8855706_NSCLC_P4	NSCLC	Visium	ambiguous_or_low_signal	immune	JAG1	NOTCH2	NOTCH	5.2852574455640474e-06	2425	765	2.5
commot_pilot_v1	GSE292299	GSM8855706_NSCLC_P4	NSCLC	Visium	ambiguous_or_low_signal	stroma_fibroblast	JAG1	NOTCH2	NOTCH	4.153495737867752e-06	2425	2000	2.5
commot_pilot_v1	GSE292299	GSM8855706_NSCLC_P4	NSCLC	Visium	ambiguous_or_low_signal	endothelial	JAG1	NOTCH2	NOTCH	7.5713377047686886e-06	2425	142	2.5
commot_pilot_v1	GSE292299	GSM8855706_NSCLC_P4	NSCLC	Visium	ambiguous_or_low_signal	ambiguous_or_low_signal	JAG1	NOTCH2	NOTCH	2.3011833535697252e-05	2425	2425	2.5
commot_pilot_v1	GSE292299	GSM8855706_NSCLC_P4	NSCLC	Visium	tumor_like	tumor_like	WNT5A	FZD5	WNT	5.139116227553994e-05	4184	4184	2.5
commot_pilot_v1	GSE292299	GSM8855706_NSCLC_P4	NSCLC	Visium	tumor_like	immune	WNT5A	FZD5	WNT	2.909883226583199e-06	4184	765	2.5
commot_pilot_v1	GSE292299	GSM8855706_NSCLC_P4	NSCLC	Visium	tumor_like	stroma_fibroblast	WNT5A	FZD5	WNT	3.178152107592441e-06	4184	2000	2.5
commot_pilot_v1	GSE292299	GSM8855706_NSCLC_P4	NSCLC	Visium	tumor_like	endothelial	WNT5A	FZD5	WNT	3.160685878668995e-07	4184	142	2.5
commot_pilot_v1	GSE292299	GSM8855706_NSCLC_P4	NSCLC	Visium	tumor_like	ambiguous_or_low_signal	WNT5A	FZD5	WNT	7.855940564577046e-06	4184	2425	2.5
commot_pilot_v1	GSE292299	GSM8855706_NSCLC_P4	NSCLC	Visium	immune	tumor_like	WNT5A	FZD5	WNT	4.0647732448581125e-06	765	4184	2.5
commot_pilot_v1	GSE292299	GSM8855706_NSCLC_P4	NSCLC	Visium	immune	immune	WNT5A	FZD5	WNT	2.8001171108386742e-05	765	765	2.5
commot_pilot_v1	GSE292299	GSM8855706_NSCLC_P4	NSCLC	Visium	immune	stroma_fibroblast	WNT5A	FZD5	WNT	1.1693317971944203e-06	765	2000	2.5
commot_pilot_v1	GSE292299	GSM8855706_NSCLC_P4	NSCLC	Visium	immune	endothelial	WNT5A	FZD5	WNT	6.794845776221642e-06	765	142	2.5
commot_pilot_v1	GSE292299	GSM8855706_NSCLC_P4	NSCLC	Visium	immune	ambiguous_or_low_signal	WNT5A	FZD5	WNT	5.3784007304710926e-06	765	2425	2.5
commot_pilot_v1	GSE292299	GSM8855706_NSCLC_P4	NSCLC	Visium	stroma_fibroblast	tumor_like	WNT5A	FZD5	WNT	3.857480479839457e-06	2000	4184	2.5
commot_pilot_v1	GSE292299	GSM8855706_NSCLC_P4	NSCLC	Visium	stroma_fibroblast	immune	WNT5A	FZD5	WNT	1.3197695010962395e-06	2000	765	2.5
commot_pilot_v1	GSE292299	GSM8855706_NSCLC_P4	NSCLC	Visium	stroma_fibroblast	stroma_fibroblast	WNT5A	FZD5	WNT	4.107748152080182e-05	2000	2000	2.5
commot_pilot_v1	GSE292299	GSM8855706_NSCLC_P4	NSCLC	Visium	stroma_fibroblast	endothelial	WNT5A	FZD5	WNT	3.5211267605633546e-06	2000	142	2.5
commot_pilot_v1	GSE292299	GSM8855706_NSCLC_P4	NSCLC	Visium	stroma_fibroblast	ambiguous_or_low_signal	WNT5A	FZD5	WNT	6.469654709511345e-06	2000	2425	2.5
commot_pilot_v1	GSE292299	GSM8855706_NSCLC_P4	NSCLC	Visium	endothelial	tumor_like	WNT5A	FZD5	WNT	1.6855151208242588e-06	142	4184	2.5
commot_pilot_v1	GSE292299	GSM8855706_NSCLC_P4	NSCLC	Visium	endothelial	immune	WNT5A	FZD5	WNT	1.3824615651594515e-05	142	765	2.5
commot_pilot_v1	GSE292299	GSM8855706_NSCLC_P4	NSCLC	Visium	endothelial	stroma_fibroblast	WNT5A	FZD5	WNT	7.042253521126767e-06	142	2000	2.5
commot_pilot_v1	GSE292299	GSM8855706_NSCLC_P4	NSCLC	Visium	endothelial	ambiguous_or_low_signal	WNT5A	FZD5	WNT	5.234126458818445e-06	142	2425	2.5
commot_pilot_v1	GSE292299	GSM8855706_NSCLC_P4	NSCLC	Visium	ambiguous_or_low_signal	tumor_like	WNT5A	FZD5	WNT	7.709596486318153e-06	2425	4184	2.5
commot_pilot_v1	GSE292299	GSM8855706_NSCLC_P4	NSCLC	Visium	ambiguous_or_low_signal	immune	WNT5A	FZD5	WNT	5.348806165084184e-06	2425	765	2.5
commot_pilot_v1	GSE292299	GSM8855706_NSCLC_P4	NSCLC	Visium	ambiguous_or_low_signal	stroma_fibroblast	WNT5A	FZD5	WNT	6.083019229986182e-06	2425	2000	2.5
commot_pilot_v1	GSE292299	GSM8855706_NSCLC_P4	NSCLC	Visium	ambiguous_or_low_signal	endothelial	WNT5A	FZD5	WNT	1.1831249325851229e-05	2425	142	2.5
commot_pilot_v1	GSE292299	GSM8855706_NSCLC_P4	NSCLC	Visium	ambiguous_or_low_signal	ambiguous_or_low_signal	WNT5A	FZD5	WNT	2.867643090174165e-05	2425	2425	2.5
commot_pilot_v1	GSE292299	GSM8855706_NSCLC_P4	NSCLC	Visium	tumor_like	tumor_like	EGF	EGFR	EGF/ERBB	1.7150105515528413e-05	4184	4184	2.5
commot_pilot_v1	GSE292299	GSM8855706_NSCLC_P4	NSCLC	Visium	tumor_like	immune	EGF	EGFR	EGF/ERBB	9.967417138682125e-07	4184	765	2.5
commot_pilot_v1	GSE292299	GSM8855706_NSCLC_P4	NSCLC	Visium	tumor_like	stroma_fibroblast	EGF	EGFR	EGF/ERBB	6.356092275946538e-07	4184	2000	2.5
commot_pilot_v1	GSE292299	GSM8855706_NSCLC_P4	NSCLC	Visium	tumor_like	endothelial	EGF	EGFR	EGF/ERBB	2.609593086019923e-06	4184	142	2.5
commot_pilot_v1	GSE292299	GSM8855706_NSCLC_P4	NSCLC	Visium	tumor_like	ambiguous_or_low_signal	EGF	EGFR	EGF/ERBB	1.8085699388800775e-06	4184	2425	2.5
commot_pilot_v1	GSE292299	GSM8855706_NSCLC_P4	NSCLC	Visium	immune	tumor_like	EGF	EGFR	EGF/ERBB	2.3962809710778313e-06	765	4184	2.5
commot_pilot_v1	GSE292299	GSM8855706_NSCLC_P4	NSCLC	Visium	immune	immune	EGF	EGFR	EGF/ERBB	1.7030446225416634e-05	765	765	2.5
commot_pilot_v1	GSE292299	GSM8855706_NSCLC_P4	NSCLC	Visium	immune	stroma_fibroblast	EGF	EGFR	EGF/ERBB	1.0727374647468525e-06	765	2000	2.5
commot_pilot_v1	GSE292299	GSM8855706_NSCLC_P4	NSCLC	Visium	immune	ambiguous_or_low_signal	EGF	EGFR	EGF/ERBB	4.135297550695315e-06	765	2425	2.5
commot_pilot_v1	GSE292299	GSM8855706_NSCLC_P4	NSCLC	Visium	stroma_fibroblast	tumor_like	EGF	EGFR	EGF/ERBB	1.6229487686457983e-06	2000	4184	2.5
commot_pilot_v1	GSE292299	GSM8855706_NSCLC_P4	NSCLC	Visium	stroma_fibroblast	immune	EGF	EGFR	EGF/ERBB	2.717120368253008e-06	2000	765	2.5
commot_pilot_v1	GSE292299	GSM8855706_NSCLC_P4	NSCLC	Visium	stroma_fibroblast	stroma_fibroblast	EGF	EGFR	EGF/ERBB	1.3008902466398527e-05	2000	2000	2.5
commot_pilot_v1	GSE292299	GSM8855706_NSCLC_P4	NSCLC	Visium	stroma_fibroblast	ambiguous_or_low_signal	EGF	EGFR	EGF/ERBB	2.857684754017602e-06	2000	2425	2.5
commot_pilot_v1	GSE292299	GSM8855706_NSCLC_P4	NSCLC	Visium	endothelial	immune	EGF	EGFR	EGF/ERBB	3.530749867982041e-06	142	765	2.5
commot_pilot_v1	GSE292299	GSM8855706_NSCLC_P4	NSCLC	Visium	endothelial	stroma_fibroblast	EGF	EGFR	EGF/ERBB	4.9493614838056015e-08	142	2000	2.5
commot_pilot_v1	GSE292299	GSM8855706_NSCLC_P4	NSCLC	Visium	ambiguous_or_low_signal	tumor_like	EGF	EGFR	EGF/ERBB	4.293178728180958e-06	2425	4184	2.5
commot_pilot_v1	GSE292299	GSM8855706_NSCLC_P4	NSCLC	Visium	ambiguous_or_low_signal	immune	EGF	EGFR	EGF/ERBB	3.0004385946064113e-06	2425	765	2.5
commot_pilot_v1	GSE292299	GSM8855706_NSCLC_P4	NSCLC	Visium	ambiguous_or_low_signal	stroma_fibroblast	EGF	EGFR	EGF/ERBB	1.8454149263937563e-06	2425	2000	2.5
commot_pilot_v1	GSE292299	GSM8855706_NSCLC_P4	NSCLC	Visium	ambiguous_or_low_signal	endothelial	EGF	EGFR	EGF/ERBB	3.630027588209676e-06	2425	142	2.5
commot_pilot_v1	GSE292299	GSM8855706_NSCLC_P4	NSCLC	Visium	ambiguous_or_low_signal	ambiguous_or_low_signal	EGF	EGFR	EGF/ERBB	1.2358045202241065e-05	2425	2425	2.5
commot_pilot_v1	GSE292299	GSM8855706_NSCLC_P4	NSCLC	Visium	tumor_like	tumor_like	HBEGF	EGFR	EGF/ERBB	4.505586954464081e-05	4184	4184	2.5
commot_pilot_v1	GSE292299	GSM8855706_NSCLC_P4	NSCLC	Visium	tumor_like	immune	HBEGF	EGFR	EGF/ERBB	3.381996188198508e-06	4184	765	2.5
commot_pilot_v1	GSE292299	GSM8855706_NSCLC_P4	NSCLC	Visium	tumor_like	stroma_fibroblast	HBEGF	EGFR	EGF/ERBB	1.085713370941761e-06	4184	2000	2.5
commot_pilot_v1	GSE292299	GSM8855706_NSCLC_P4	NSCLC	Visium	tumor_like	endothelial	HBEGF	EGFR	EGF/ERBB	1.683335680942289e-06	4184	142	2.5
commot_pilot_v1	GSE292299	GSM8855706_NSCLC_P4	NSCLC	Visium	tumor_like	ambiguous_or_low_signal	HBEGF	EGFR	EGF/ERBB	3.854467658131254e-06	4184	2425	2.5
commot_pilot_v1	GSE292299	GSM8855706_NSCLC_P4	NSCLC	Visium	immune	tumor_like	HBEGF	EGFR	EGF/ERBB	1.5389447582034997e-05	765	4184	2.5
commot_pilot_v1	GSE292299	GSM8855706_NSCLC_P4	NSCLC	Visium	immune	immune	HBEGF	EGFR	EGF/ERBB	0.00014370852034604602	765	765	2.5
commot_pilot_v1	GSE292299	GSM8855706_NSCLC_P4	NSCLC	Visium	immune	stroma_fibroblast	HBEGF	EGFR	EGF/ERBB	2.743155636137733e-06	765	2000	2.5
commot_pilot_v1	GSE292299	GSM8855706_NSCLC_P4	NSCLC	Visium	immune	ambiguous_or_low_signal	HBEGF	EGFR	EGF/ERBB	1.5335724052973707e-05	765	2425	2.5
commot_pilot_v1	GSE292299	GSM8855706_NSCLC_P4	NSCLC	Visium	stroma_fibroblast	tumor_like	HBEGF	EGFR	EGF/ERBB	2.9137755364698104e-06	2000	4184	2.5
commot_pilot_v1	GSE292299	GSM8855706_NSCLC_P4	NSCLC	Visium	stroma_fibroblast	immune	HBEGF	EGFR	EGF/ERBB	1.173288407895209e-06	2000	765	2.5
commot_pilot_v1	GSE292299	GSM8855706_NSCLC_P4	NSCLC	Visium	stroma_fibroblast	stroma_fibroblast	HBEGF	EGFR	EGF/ERBB	4.3070096789828776e-05	2000	2000	2.5
commot_pilot_v1	GSE292299	GSM8855706_NSCLC_P4	NSCLC	Visium	stroma_fibroblast	endothelial	HBEGF	EGFR	EGF/ERBB	8.672157362730036e-06	2000	142	2.5
commot_pilot_v1	GSE292299	GSM8855706_NSCLC_P4	NSCLC	Visium	stroma_fibroblast	ambiguous_or_low_signal	HBEGF	EGFR	EGF/ERBB	5.157821867396974e-06	2000	2425	2.5
commot_pilot_v1	GSE292299	GSM8855706_NSCLC_P4	NSCLC	Visium	endothelial	tumor_like	HBEGF	EGFR	EGF/ERBB	1.683277628779837e-06	142	4184	2.5
commot_pilot_v1	GSE292299	GSM8855706_NSCLC_P4	NSCLC	Visium	endothelial	stroma_fibroblast	HBEGF	EGFR	EGF/ERBB	3.521129705865157e-06	142	2000	2.5
commot_pilot_v1	GSE292299	GSM8855706_NSCLC_P4	NSCLC	Visium	endothelial	endothelial	HBEGF	EGFR	EGF/ERBB	4.9593334655822223e-05	142	142	2.5
commot_pilot_v1	GSE292299	GSM8855706_NSCLC_P4	NSCLC	Visium	endothelial	ambiguous_or_low_signal	HBEGF	EGFR	EGF/ERBB	8.712066211703221e-06	142	2425	2.5
commot_pilot_v1	GSE292299	GSM8855706_NSCLC_P4	NSCLC	Visium	ambiguous_or_low_signal	tumor_like	HBEGF	EGFR	EGF/ERBB	7.85670576530331e-06	2425	4184	2.5
commot_pilot_v1	GSE292299	GSM8855706_NSCLC_P4	NSCLC	Visium	ambiguous_or_low_signal	immune	HBEGF	EGFR	EGF/ERBB	7.127329979889513e-06	2425	765	2.5
commot_pilot_v1	GSE292299	GSM8855706_NSCLC_P4	NSCLC	Visium	ambiguous_or_low_signal	stroma_fibroblast	HBEGF	EGFR	EGF/ERBB	1.8335223786550122e-06	2425	2000	2.5
commot_pilot_v1	GSE292299	GSM8855706_NSCLC_P4	NSCLC	Visium	ambiguous_or_low_signal	endothelial	HBEGF	EGFR	EGF/ERBB	3.4493544300048874e-06	2425	142	2.5
commot_pilot_v1	GSE292299	GSM8855706_NSCLC_P4	NSCLC	Visium	ambiguous_or_low_signal	ambiguous_or_low_signal	HBEGF	EGFR	EGF/ERBB	2.6385398597625794e-05	2425	2425	2.5
commot_pilot_v1	GSE292299	GSM8855706_NSCLC_P4	NSCLC	Visium	tumor_like	tumor_like	COL1A1	ITGA2	ECM-integrin	7.290102232268806e-05	4184	4184	2.5
commot_pilot_v1	GSE292299	GSM8855706_NSCLC_P4	NSCLC	Visium	tumor_like	immune	COL1A1	ITGA2	ECM-integrin	4.164584759986313e-06	4184	765	2.5
commot_pilot_v1	GSE292299	GSM8855706_NSCLC_P4	NSCLC	Visium	tumor_like	stroma_fibroblast	COL1A1	ITGA2	ECM-integrin	1.5841115847401724e-06	4184	2000	2.5
commot_pilot_v1	GSE292299	GSM8855706_NSCLC_P4	NSCLC	Visium	tumor_like	endothelial	COL1A1	ITGA2	ECM-integrin	6.881317425418302e-06	4184	142	2.5
commot_pilot_v1	GSE292299	GSM8855706_NSCLC_P4	NSCLC	Visium	tumor_like	ambiguous_or_low_signal	COL1A1	ITGA2	ECM-integrin	5.9545214437395465e-06	4184	2425	2.5
commot_pilot_v1	GSE292299	GSM8855706_NSCLC_P4	NSCLC	Visium	immune	tumor_like	COL1A1	ITGA2	ECM-integrin	3.955398619097137e-06	765	4184	2.5
commot_pilot_v1	GSE292299	GSM8855706_NSCLC_P4	NSCLC	Visium	immune	immune	COL1A1	ITGA2	ECM-integrin	7.4783570826157e-05	765	765	2.5
commot_pilot_v1	GSE292299	GSM8855706_NSCLC_P4	NSCLC	Visium	immune	stroma_fibroblast	COL1A1	ITGA2	ECM-integrin	2.040683126289663e-06	765	2000	2.5
commot_pilot_v1	GSE292299	GSM8855706_NSCLC_P4	NSCLC	Visium	immune	endothelial	COL1A1	ITGA2	ECM-integrin	1.768384907698473e-06	765	142	2.5
commot_pilot_v1	GSE292299	GSM8855706_NSCLC_P4	NSCLC	Visium	immune	ambiguous_or_low_signal	COL1A1	ITGA2	ECM-integrin	9.010427073691575e-06	765	2425	2.5
commot_pilot_v1	GSE292299	GSM8855706_NSCLC_P4	NSCLC	Visium	stroma_fibroblast	tumor_like	COL1A1	ITGA2	ECM-integrin	1.1258971074396455e-05	2000	4184	2.5
commot_pilot_v1	GSE292299	GSM8855706_NSCLC_P4	NSCLC	Visium	stroma_fibroblast	immune	COL1A1	ITGA2	ECM-integrin	1.0585073638796134e-05	2000	765	2.5
commot_pilot_v1	GSE292299	GSM8855706_NSCLC_P4	NSCLC	Visium	stroma_fibroblast	stroma_fibroblast	COL1A1	ITGA2	ECM-integrin	0.00011187658652139491	2000	2000	2.5
commot_pilot_v1	GSE292299	GSM8855706_NSCLC_P4	NSCLC	Visium	stroma_fibroblast	endothelial	COL1A1	ITGA2	ECM-integrin	1.6875191395920153e-05	2000	142	2.5
commot_pilot_v1	GSE292299	GSM8855706_NSCLC_P4	NSCLC	Visium	stroma_fibroblast	ambiguous_or_low_signal	COL1A1	ITGA2	ECM-integrin	1.4044172189444047e-05	2000	2425	2.5
commot_pilot_v1	GSE292299	GSM8855706_NSCLC_P4	NSCLC	Visium	endothelial	tumor_like	COL1A1	ITGA2	ECM-integrin	3.3253842740390638e-06	142	4184	2.5
commot_pilot_v1	GSE292299	GSM8855706_NSCLC_P4	NSCLC	Visium	endothelial	stroma_fibroblast	COL1A1	ITGA2	ECM-integrin	2.4215336188248676e-06	142	2000	2.5
commot_pilot_v1	GSE292299	GSM8855706_NSCLC_P4	NSCLC	Visium	endothelial	endothelial	COL1A1	ITGA2	ECM-integrin	0.00019410002966464937	142	142	2.5
commot_pilot_v1	GSE292299	GSM8855706_NSCLC_P4	NSCLC	Visium	endothelial	ambiguous_or_low_signal	COL1A1	ITGA2	ECM-integrin	1.629203516689699e-06	142	2425	2.5
commot_pilot_v1	GSE292299	GSM8855706_NSCLC_P4	NSCLC	Visium	ambiguous_or_low_signal	tumor_like	COL1A1	ITGA2	ECM-integrin	1.3800960252283064e-05	2425	4184	2.5
commot_pilot_v1	GSE292299	GSM8855706_NSCLC_P4	NSCLC	Visium	ambiguous_or_low_signal	immune	COL1A1	ITGA2	ECM-integrin	1.2288811344875316e-05	2425	765	2.5
commot_pilot_v1	GSE292299	GSM8855706_NSCLC_P4	NSCLC	Visium	ambiguous_or_low_signal	stroma_fibroblast	COL1A1	ITGA2	ECM-integrin	6.437094756111955e-06	2425	2000	2.5
commot_pilot_v1	GSE292299	GSM8855706_NSCLC_P4	NSCLC	Visium	ambiguous_or_low_signal	endothelial	COL1A1	ITGA2	ECM-integrin	9.643142966252624e-06	2425	142	2.5
commot_pilot_v1	GSE292299	GSM8855706_NSCLC_P4	NSCLC	Visium	ambiguous_or_low_signal	ambiguous_or_low_signal	COL1A1	ITGA2	ECM-integrin	7.106961033520706e-05	2425	2425	2.5
commot_pilot_v1	GSE292299	GSM8855707_NSCLC_P5	NSCLC	Visium	tumor_like	tumor_like	TGFB1	TGFBR1	TGFB	4.983499526643503e-05	540	540	2.5
commot_pilot_v1	GSE292299	GSM8855707_NSCLC_P5	NSCLC	Visium	tumor_like	stroma_fibroblast	TGFB1	TGFBR1	TGFB	1.0935001740949916e-06	540	3752	2.5
commot_pilot_v1	GSE292299	GSM8855707_NSCLC_P5	NSCLC	Visium	tumor_like	ambiguous_or_low_signal	TGFB1	TGFBR1	TGFB	5.3359288842751826e-06	540	842	2.5
commot_pilot_v1	GSE292299	GSM8855707_NSCLC_P5	NSCLC	Visium	immune	immune	TGFB1	TGFBR1	TGFB	6.839141678486383e-05	191	191	2.5
commot_pilot_v1	GSE292299	GSM8855707_NSCLC_P5	NSCLC	Visium	immune	ambiguous_or_low_signal	TGFB1	TGFBR1	TGFB	6.837593032315295e-06	191	842	2.5
commot_pilot_v1	GSE292299	GSM8855707_NSCLC_P5	NSCLC	Visium	stroma_fibroblast	tumor_like	TGFB1	TGFBR1	TGFB	9.907482932690541e-07	3752	540	2.5
commot_pilot_v1	GSE292299	GSM8855707_NSCLC_P5	NSCLC	Visium	stroma_fibroblast	stroma_fibroblast	TGFB1	TGFBR1	TGFB	1.1414180025194646e-05	3752	3752	2.5
commot_pilot_v1	GSE292299	GSM8855707_NSCLC_P5	NSCLC	Visium	stroma_fibroblast	ambiguous_or_low_signal	TGFB1	TGFBR1	TGFB	1.684817759851559e-06	3752	842	2.5
commot_pilot_v1	GSE292299	GSM8855707_NSCLC_P5	NSCLC	Visium	ambiguous_or_low_signal	tumor_like	TGFB1	TGFBR1	TGFB	1.2305517563229894e-06	842	540	2.5
commot_pilot_v1	GSE292299	GSM8855707_NSCLC_P5	NSCLC	Visium	ambiguous_or_low_signal	stroma_fibroblast	TGFB1	TGFBR1	TGFB	1.3558286771265668e-06	842	3752	2.5
commot_pilot_v1	GSE292299	GSM8855707_NSCLC_P5	NSCLC	Visium	ambiguous_or_low_signal	ambiguous_or_low_signal	TGFB1	TGFBR1	TGFB	1.2785801568961953e-05	842	842	2.5
commot_pilot_v1	GSE292299	GSM8855707_NSCLC_P5	NSCLC	Visium	tumor_like	tumor_like	TGFB1	TGFBR2	TGFB	6.598168187272952e-05	540	540	2.5
commot_pilot_v1	GSE292299	GSM8855707_NSCLC_P5	NSCLC	Visium	tumor_like	stroma_fibroblast	TGFB1	TGFBR2	TGFB	6.390116673822691e-07	540	3752	2.5
commot_pilot_v1	GSE292299	GSM8855707_NSCLC_P5	NSCLC	Visium	tumor_like	ambiguous_or_low_signal	TGFB1	TGFBR2	TGFB	5.0397234502345285e-06	540	842	2.5
commot_pilot_v1	GSE292299	GSM8855707_NSCLC_P5	NSCLC	Visium	immune	immune	TGFB1	TGFBR2	TGFB	9.676298546843507e-05	191	191	2.5
commot_pilot_v1	GSE292299	GSM8855707_NSCLC_P5	NSCLC	Visium	immune	stroma_fibroblast	TGFB1	TGFBR2	TGFB	1.2648118026958987e-06	191	3752	2.5
commot_pilot_v1	GSE292299	GSM8855707_NSCLC_P5	NSCLC	Visium	immune	ambiguous_or_low_signal	TGFB1	TGFBR2	TGFB	2.9160329616896243e-06	191	842	2.5
commot_pilot_v1	GSE292299	GSM8855707_NSCLC_P5	NSCLC	Visium	stroma_fibroblast	tumor_like	TGFB1	TGFBR2	TGFB	1.2246262132458433e-06	3752	540	2.5
commot_pilot_v1	GSE292299	GSM8855707_NSCLC_P5	NSCLC	Visium	stroma_fibroblast	immune	TGFB1	TGFBR2	TGFB	6.815050836920484e-07	3752	191	2.5
commot_pilot_v1	GSE292299	GSM8855707_NSCLC_P5	NSCLC	Visium	stroma_fibroblast	stroma_fibroblast	TGFB1	TGFBR2	TGFB	1.503270052052436e-05	3752	3752	2.5
commot_pilot_v1	GSE292299	GSM8855707_NSCLC_P5	NSCLC	Visium	stroma_fibroblast	ambiguous_or_low_signal	TGFB1	TGFBR2	TGFB	2.065545371585588e-06	3752	842	2.5
commot_pilot_v1	GSE292299	GSM8855707_NSCLC_P5	NSCLC	Visium	ambiguous_or_low_signal	tumor_like	TGFB1	TGFBR2	TGFB	3.5269410918535108e-06	842	540	2.5
commot_pilot_v1	GSE292299	GSM8855707_NSCLC_P5	NSCLC	Visium	ambiguous_or_low_signal	immune	TGFB1	TGFBR2	TGFB	4.776790355703807e-06	842	191	2.5
commot_pilot_v1	GSE292299	GSM8855707_NSCLC_P5	NSCLC	Visium	ambiguous_or_low_signal	stroma_fibroblast	TGFB1	TGFBR2	TGFB	1.4264923943975796e-06	842	3752	2.5
commot_pilot_v1	GSE292299	GSM8855707_NSCLC_P5	NSCLC	Visium	ambiguous_or_low_signal	ambiguous_or_low_signal	TGFB1	TGFBR2	TGFB	2.1980089945981567e-05	842	842	2.5
commot_pilot_v1	GSE292299	GSM8855707_NSCLC_P5	NSCLC	Visium	tumor_like	tumor_like	CXCL12	CXCR4	CXCL chemokine	4.2083423234298936e-05	540	540	2.5
commot_pilot_v1	GSE292299	GSM8855707_NSCLC_P5	NSCLC	Visium	tumor_like	immune	CXCL12	CXCR4	CXCL chemokine	2.745580622711882e-07	540	191	2.5
commot_pilot_v1	GSE292299	GSM8855707_NSCLC_P5	NSCLC	Visium	tumor_like	stroma_fibroblast	CXCL12	CXCR4	CXCL chemokine	3.532270537943909e-06	540	3752	2.5
commot_pilot_v1	GSE292299	GSM8855707_NSCLC_P5	NSCLC	Visium	tumor_like	ambiguous_or_low_signal	CXCL12	CXCR4	CXCL chemokine	1.667880406647066e-05	540	842	2.5
commot_pilot_v1	GSE292299	GSM8855707_NSCLC_P5	NSCLC	Visium	immune	tumor_like	CXCL12	CXCR4	CXCL chemokine	1.293873061967542e-06	191	540	2.5
commot_pilot_v1	GSE292299	GSM8855707_NSCLC_P5	NSCLC	Visium	immune	immune	CXCL12	CXCR4	CXCL chemokine	0.00027278751886835136	191	191	2.5
commot_pilot_v1	GSE292299	GSM8855707_NSCLC_P5	NSCLC	Visium	immune	stroma_fibroblast	CXCL12	CXCR4	CXCL chemokine	1.4419538376336447e-06	191	3752	2.5
commot_pilot_v1	GSE292299	GSM8855707_NSCLC_P5	NSCLC	Visium	immune	ambiguous_or_low_signal	CXCL12	CXCR4	CXCL chemokine	1.1692235074200649e-05	191	842	2.5
commot_pilot_v1	GSE292299	GSM8855707_NSCLC_P5	NSCLC	Visium	stroma_fibroblast	tumor_like	CXCL12	CXCR4	CXCL chemokine	5.087028565674481e-06	3752	540	2.5
commot_pilot_v1	GSE292299	GSM8855707_NSCLC_P5	NSCLC	Visium	stroma_fibroblast	immune	CXCL12	CXCR4	CXCL chemokine	3.5524613849850536e-06	3752	191	2.5
commot_pilot_v1	GSE292299	GSM8855707_NSCLC_P5	NSCLC	Visium	stroma_fibroblast	stroma_fibroblast	CXCL12	CXCR4	CXCL chemokine	2.8409059948432488e-05	3752	3752	2.5
commot_pilot_v1	GSE292299	GSM8855707_NSCLC_P5	NSCLC	Visium	stroma_fibroblast	endothelial	CXCL12	CXCR4	CXCL chemokine	2.115273970284636e-06	3752	63	2.5
commot_pilot_v1	GSE292299	GSM8855707_NSCLC_P5	NSCLC	Visium	stroma_fibroblast	ambiguous_or_low_signal	CXCL12	CXCR4	CXCL chemokine	4.073508315076465e-06	3752	842	2.5
commot_pilot_v1	GSE292299	GSM8855707_NSCLC_P5	NSCLC	Visium	endothelial	tumor_like	CXCL12	CXCR4	CXCL chemokine	2.9126953577387173e-05	63	540	2.5
commot_pilot_v1	GSE292299	GSM8855707_NSCLC_P5	NSCLC	Visium	endothelial	immune	CXCL12	CXCR4	CXCL chemokine	8.101985390635501e-05	63	191	2.5
commot_pilot_v1	GSE292299	GSM8855707_NSCLC_P5	NSCLC	Visium	endothelial	stroma_fibroblast	CXCL12	CXCR4	CXCL chemokine	3.5443760708071687e-06	63	3752	2.5
commot_pilot_v1	GSE292299	GSM8855707_NSCLC_P5	NSCLC	Visium	endothelial	endothelial	CXCL12	CXCR4	CXCL chemokine	0.00025195263290501394	63	63	2.5
commot_pilot_v1	GSE292299	GSM8855707_NSCLC_P5	NSCLC	Visium	endothelial	ambiguous_or_low_signal	CXCL12	CXCR4	CXCL chemokine	2.2563176059824743e-05	63	842	2.5
commot_pilot_v1	GSE292299	GSM8855707_NSCLC_P5	NSCLC	Visium	ambiguous_or_low_signal	tumor_like	CXCL12	CXCR4	CXCL chemokine	1.2364119007228895e-05	842	540	2.5
commot_pilot_v1	GSE292299	GSM8855707_NSCLC_P5	NSCLC	Visium	ambiguous_or_low_signal	immune	CXCL12	CXCR4	CXCL chemokine	2.6215721180640663e-05	842	191	2.5
commot_pilot_v1	GSE292299	GSM8855707_NSCLC_P5	NSCLC	Visium	ambiguous_or_low_signal	stroma_fibroblast	CXCL12	CXCR4	CXCL chemokine	3.9192012747549705e-06	842	3752	2.5
commot_pilot_v1	GSE292299	GSM8855707_NSCLC_P5	NSCLC	Visium	ambiguous_or_low_signal	endothelial	CXCL12	CXCR4	CXCL chemokine	7.96850667606455e-09	842	63	2.5
commot_pilot_v1	GSE292299	GSM8855707_NSCLC_P5	NSCLC	Visium	ambiguous_or_low_signal	ambiguous_or_low_signal	CXCL12	CXCR4	CXCL chemokine	4.879078143876839e-05	842	842	2.5
commot_pilot_v1	GSE292299	GSM8855707_NSCLC_P5	NSCLC	Visium	tumor_like	tumor_like	CXCL9	CXCR3	CXCL chemokine	1.3717421124828532e-05	540	540	2.5
commot_pilot_v1	GSE292299	GSM8855707_NSCLC_P5	NSCLC	Visium	tumor_like	immune	CXCL9	CXCR3	CXCL chemokine	3.7249830666934917e-10	540	191	2.5
commot_pilot_v1	GSE292299	GSM8855707_NSCLC_P5	NSCLC	Visium	tumor_like	stroma_fibroblast	CXCL9	CXCR3	CXCL chemokine	1.4806917791992444e-06	540	3752	2.5
commot_pilot_v1	GSE292299	GSM8855707_NSCLC_P5	NSCLC	Visium	immune	immune	CXCL9	CXCR3	CXCL chemokine	2.7410476152645195e-05	191	191	2.5
commot_pilot_v1	GSE292299	GSM8855707_NSCLC_P5	NSCLC	Visium	stroma_fibroblast	immune	CXCL9	CXCR3	CXCL chemokine	2.7903703042306092e-06	3752	191	2.5
commot_pilot_v1	GSE292299	GSM8855707_NSCLC_P5	NSCLC	Visium	stroma_fibroblast	stroma_fibroblast	CXCL9	CXCR3	CXCL chemokine	4.2633241608072545e-06	3752	3752	2.5
commot_pilot_v1	GSE292299	GSM8855707_NSCLC_P5	NSCLC	Visium	stroma_fibroblast	ambiguous_or_low_signal	CXCL9	CXCR3	CXCL chemokine	1.6367588183883854e-06	3752	842	2.5
commot_pilot_v1	GSE292299	GSM8855707_NSCLC_P5	NSCLC	Visium	ambiguous_or_low_signal	tumor_like	CXCL9	CXCR3	CXCL chemokine	6.5980469780944934e-06	842	540	2.5
commot_pilot_v1	GSE292299	GSM8855707_NSCLC_P5	NSCLC	Visium	ambiguous_or_low_signal	immune	CXCL9	CXCR3	CXCL chemokine	6.220115084619084e-06	842	191	2.5
commot_pilot_v1	GSE292299	GSM8855707_NSCLC_P5	NSCLC	Visium	ambiguous_or_low_signal	stroma_fibroblast	CXCL9	CXCR3	CXCL chemokine	1.206708695038919e-06	842	3752	2.5
commot_pilot_v1	GSE292299	GSM8855707_NSCLC_P5	NSCLC	Visium	ambiguous_or_low_signal	ambiguous_or_low_signal	CXCL9	CXCR3	CXCL chemokine	1.4105088551745936e-05	842	842	2.5
commot_pilot_v1	GSE292299	GSM8855707_NSCLC_P5	NSCLC	Visium	tumor_like	tumor_like	CCL2	CCR2	CCL chemokine	1.9529117034724765e-05	540	540	2.5
commot_pilot_v1	GSE292299	GSM8855707_NSCLC_P5	NSCLC	Visium	tumor_like	immune	CCL2	CCR2	CCL chemokine	9.69555943377935e-06	540	191	2.5
commot_pilot_v1	GSE292299	GSM8855707_NSCLC_P5	NSCLC	Visium	tumor_like	stroma_fibroblast	CCL2	CCR2	CCL chemokine	7.410751382170761e-07	540	3752	2.5
commot_pilot_v1	GSE292299	GSM8855707_NSCLC_P5	NSCLC	Visium	tumor_like	ambiguous_or_low_signal	CCL2	CCR2	CCL chemokine	7.368938665695176e-06	540	842	2.5
commot_pilot_v1	GSE292299	GSM8855707_NSCLC_P5	NSCLC	Visium	immune	immune	CCL2	CCR2	CCL chemokine	5.48184930339196e-05	191	191	2.5
commot_pilot_v1	GSE292299	GSM8855707_NSCLC_P5	NSCLC	Visium	immune	stroma_fibroblast	CCL2	CCR2	CCL chemokine	2.7908326728362692e-06	191	3752	2.5
commot_pilot_v1	GSE292299	GSM8855707_NSCLC_P5	NSCLC	Visium	immune	ambiguous_or_low_signal	CCL2	CCR2	CCL chemokine	1.748617185977066e-05	191	842	2.5
commot_pilot_v1	GSE292299	GSM8855707_NSCLC_P5	NSCLC	Visium	stroma_fibroblast	tumor_like	CCL2	CCR2	CCL chemokine	1.061093759016104e-06	3752	540	2.5
commot_pilot_v1	GSE292299	GSM8855707_NSCLC_P5	NSCLC	Visium	stroma_fibroblast	immune	CCL2	CCR2	CCL chemokine	6.977081682090673e-06	3752	191	2.5
commot_pilot_v1	GSE292299	GSM8855707_NSCLC_P5	NSCLC	Visium	stroma_fibroblast	stroma_fibroblast	CCL2	CCR2	CCL chemokine	1.1677350163881474e-05	3752	3752	2.5
commot_pilot_v1	GSE292299	GSM8855707_NSCLC_P5	NSCLC	Visium	stroma_fibroblast	endothelial	CCL2	CCR2	CCL chemokine	4.229491096217384e-06	3752	63	2.5
commot_pilot_v1	GSE292299	GSM8855707_NSCLC_P5	NSCLC	Visium	stroma_fibroblast	ambiguous_or_low_signal	CCL2	CCR2	CCL chemokine	1.82742132837842e-06	3752	842	2.5
commot_pilot_v1	GSE292299	GSM8855707_NSCLC_P5	NSCLC	Visium	ambiguous_or_low_signal	tumor_like	CCL2	CCR2	CCL chemokine	4.433059089671624e-06	842	540	2.5
commot_pilot_v1	GSE292299	GSM8855707_NSCLC_P5	NSCLC	Visium	ambiguous_or_low_signal	immune	CCL2	CCR2	CCL chemokine	1.0356520226098983e-09	842	191	2.5
commot_pilot_v1	GSE292299	GSM8855707_NSCLC_P5	NSCLC	Visium	ambiguous_or_low_signal	stroma_fibroblast	CCL2	CCR2	CCL chemokine	1.9955646020444605e-06	842	3752	2.5
commot_pilot_v1	GSE292299	GSM8855707_NSCLC_P5	NSCLC	Visium	ambiguous_or_low_signal	endothelial	CCL2	CCR2	CCL chemokine	4.709358679625989e-09	842	63	2.5
commot_pilot_v1	GSE292299	GSM8855707_NSCLC_P5	NSCLC	Visium	ambiguous_or_low_signal	ambiguous_or_low_signal	CCL2	CCR2	CCL chemokine	1.9761536577409945e-05	842	842	2.5
commot_pilot_v1	GSE292299	GSM8855707_NSCLC_P5	NSCLC	Visium	tumor_like	tumor_like	VEGFA	KDR	VEGF	0.00046538944822319903	540	540	2.5
commot_pilot_v1	GSE292299	GSM8855707_NSCLC_P5	NSCLC	Visium	tumor_like	stroma_fibroblast	VEGFA	KDR	VEGF	3.452742580561074e-06	540	3752	2.5
commot_pilot_v1	GSE292299	GSM8855707_NSCLC_P5	NSCLC	Visium	tumor_like	endothelial	VEGFA	KDR	VEGF	1.249485795887392e-05	540	63	2.5
commot_pilot_v1	GSE292299	GSM8855707_NSCLC_P5	NSCLC	Visium	tumor_like	ambiguous_or_low_signal	VEGFA	KDR	VEGF	1.548962959906432e-05	540	842	2.5
commot_pilot_v1	GSE292299	GSM8855707_NSCLC_P5	NSCLC	Visium	immune	immune	VEGFA	KDR	VEGF	8.945838463122864e-05	191	191	2.5
commot_pilot_v1	GSE292299	GSM8855707_NSCLC_P5	NSCLC	Visium	immune	stroma_fibroblast	VEGFA	KDR	VEGF	2.7260203347681955e-06	191	3752	2.5
commot_pilot_v1	GSE292299	GSM8855707_NSCLC_P5	NSCLC	Visium	immune	ambiguous_or_low_signal	VEGFA	KDR	VEGF	1.1334478826742506e-06	191	842	2.5
commot_pilot_v1	GSE292299	GSM8855707_NSCLC_P5	NSCLC	Visium	stroma_fibroblast	tumor_like	VEGFA	KDR	VEGF	1.2835231555999574e-06	3752	540	2.5
commot_pilot_v1	GSE292299	GSM8855707_NSCLC_P5	NSCLC	Visium	stroma_fibroblast	immune	VEGFA	KDR	VEGF	4.6301318525897245e-06	3752	191	2.5
commot_pilot_v1	GSE292299	GSM8855707_NSCLC_P5	NSCLC	Visium	stroma_fibroblast	stroma_fibroblast	VEGFA	KDR	VEGF	4.55635265780045e-05	3752	3752	2.5
commot_pilot_v1	GSE292299	GSM8855707_NSCLC_P5	NSCLC	Visium	stroma_fibroblast	endothelial	VEGFA	KDR	VEGF	4.471026871106667e-06	3752	63	2.5
commot_pilot_v1	GSE292299	GSM8855707_NSCLC_P5	NSCLC	Visium	stroma_fibroblast	ambiguous_or_low_signal	VEGFA	KDR	VEGF	3.5430079274203696e-06	3752	842	2.5
commot_pilot_v1	GSE292299	GSM8855707_NSCLC_P5	NSCLC	Visium	endothelial	endothelial	VEGFA	KDR	VEGF	0.0004996854619492576	63	63	2.5
commot_pilot_v1	GSE292299	GSM8855707_NSCLC_P5	NSCLC	Visium	endothelial	ambiguous_or_low_signal	VEGFA	KDR	VEGF	3.844865879937442e-05	63	842	2.5
commot_pilot_v1	GSE292299	GSM8855707_NSCLC_P5	NSCLC	Visium	ambiguous_or_low_signal	tumor_like	VEGFA	KDR	VEGF	6.925126756499375e-06	842	540	2.5
commot_pilot_v1	GSE292299	GSM8855707_NSCLC_P5	NSCLC	Visium	ambiguous_or_low_signal	immune	VEGFA	KDR	VEGF	2.9102012932385787e-05	842	191	2.5
commot_pilot_v1	GSE292299	GSM8855707_NSCLC_P5	NSCLC	Visium	ambiguous_or_low_signal	stroma_fibroblast	VEGFA	KDR	VEGF	5.426763755657982e-06	842	3752	2.5
commot_pilot_v1	GSE292299	GSM8855707_NSCLC_P5	NSCLC	Visium	ambiguous_or_low_signal	endothelial	VEGFA	KDR	VEGF	4.859695086385934e-05	842	63	2.5
commot_pilot_v1	GSE292299	GSM8855707_NSCLC_P5	NSCLC	Visium	ambiguous_or_low_signal	ambiguous_or_low_signal	VEGFA	KDR	VEGF	0.00022182600409536863	842	842	2.5
commot_pilot_v1	GSE292299	GSM8855707_NSCLC_P5	NSCLC	Visium	tumor_like	tumor_like	SPP1	CD44	SPP1	0.0008019300891055868	540	540	2.5
commot_pilot_v1	GSE292299	GSM8855707_NSCLC_P5	NSCLC	Visium	tumor_like	immune	SPP1	CD44	SPP1	1.9419671757590128e-05	540	191	2.5
commot_pilot_v1	GSE292299	GSM8855707_NSCLC_P5	NSCLC	Visium	tumor_like	stroma_fibroblast	SPP1	CD44	SPP1	1.1027770085287081e-05	540	3752	2.5
commot_pilot_v1	GSE292299	GSM8855707_NSCLC_P5	NSCLC	Visium	tumor_like	endothelial	SPP1	CD44	SPP1	2.6655961660432775e-05	540	63	2.5
commot_pilot_v1	GSE292299	GSM8855707_NSCLC_P5	NSCLC	Visium	tumor_like	ambiguous_or_low_signal	SPP1	CD44	SPP1	4.767740121362236e-05	540	842	2.5
commot_pilot_v1	GSE292299	GSM8855707_NSCLC_P5	NSCLC	Visium	immune	tumor_like	SPP1	CD44	SPP1	6.100475875818878e-06	191	540	2.5
commot_pilot_v1	GSE292299	GSM8855707_NSCLC_P5	NSCLC	Visium	immune	immune	SPP1	CD44	SPP1	0.0007264140463493593	191	191	2.5
commot_pilot_v1	GSE292299	GSM8855707_NSCLC_P5	NSCLC	Visium	immune	stroma_fibroblast	SPP1	CD44	SPP1	9.453735757319191e-06	191	3752	2.5
commot_pilot_v1	GSE292299	GSM8855707_NSCLC_P5	NSCLC	Visium	immune	endothelial	SPP1	CD44	SPP1	7.926062301333734e-06	191	63	2.5
commot_pilot_v1	GSE292299	GSM8855707_NSCLC_P5	NSCLC	Visium	immune	ambiguous_or_low_signal	SPP1	CD44	SPP1	6.522699233983254e-05	191	842	2.5
commot_pilot_v1	GSE292299	GSM8855707_NSCLC_P5	NSCLC	Visium	stroma_fibroblast	tumor_like	SPP1	CD44	SPP1	1.2226367965350794e-05	3752	540	2.5
commot_pilot_v1	GSE292299	GSM8855707_NSCLC_P5	NSCLC	Visium	stroma_fibroblast	immune	SPP1	CD44	SPP1	6.07611379921669e-06	3752	191	2.5
commot_pilot_v1	GSE292299	GSM8855707_NSCLC_P5	NSCLC	Visium	stroma_fibroblast	stroma_fibroblast	SPP1	CD44	SPP1	0.00023376832272359988	3752	3752	2.5
commot_pilot_v1	GSE292299	GSM8855707_NSCLC_P5	NSCLC	Visium	stroma_fibroblast	endothelial	SPP1	CD44	SPP1	1.000684327797929e-05	3752	63	2.5
commot_pilot_v1	GSE292299	GSM8855707_NSCLC_P5	NSCLC	Visium	stroma_fibroblast	ambiguous_or_low_signal	SPP1	CD44	SPP1	2.390374158246294e-05	3752	842	2.5
commot_pilot_v1	GSE292299	GSM8855707_NSCLC_P5	NSCLC	Visium	endothelial	tumor_like	SPP1	CD44	SPP1	3.536332709347185e-05	63	540	2.5
commot_pilot_v1	GSE292299	GSM8855707_NSCLC_P5	NSCLC	Visium	endothelial	immune	SPP1	CD44	SPP1	0.0002580946866686996	63	191	2.5
commot_pilot_v1	GSE292299	GSM8855707_NSCLC_P5	NSCLC	Visium	endothelial	stroma_fibroblast	SPP1	CD44	SPP1	1.0923618735087668e-05	63	3752	2.5
commot_pilot_v1	GSE292299	GSM8855707_NSCLC_P5	NSCLC	Visium	endothelial	endothelial	SPP1	CD44	SPP1	0.0002711976453686039	63	63	2.5
commot_pilot_v1	GSE292299	GSM8855707_NSCLC_P5	NSCLC	Visium	endothelial	ambiguous_or_low_signal	SPP1	CD44	SPP1	2.579914183928076e-05	63	842	2.5
commot_pilot_v1	GSE292299	GSM8855707_NSCLC_P5	NSCLC	Visium	ambiguous_or_low_signal	tumor_like	SPP1	CD44	SPP1	4.977522850338977e-05	842	540	2.5
commot_pilot_v1	GSE292299	GSM8855707_NSCLC_P5	NSCLC	Visium	ambiguous_or_low_signal	immune	SPP1	CD44	SPP1	3.8732081486448734e-05	842	191	2.5
commot_pilot_v1	GSE292299	GSM8855707_NSCLC_P5	NSCLC	Visium	ambiguous_or_low_signal	stroma_fibroblast	SPP1	CD44	SPP1	3.196982507008675e-05	842	3752	2.5
commot_pilot_v1	GSE292299	GSM8855707_NSCLC_P5	NSCLC	Visium	ambiguous_or_low_signal	endothelial	SPP1	CD44	SPP1	9.998354512988343e-06	842	63	2.5
commot_pilot_v1	GSE292299	GSM8855707_NSCLC_P5	NSCLC	Visium	ambiguous_or_low_signal	ambiguous_or_low_signal	SPP1	CD44	SPP1	0.0005318138401830073	842	842	2.5
commot_pilot_v1	GSE292299	GSM8855707_NSCLC_P5	NSCLC	Visium	tumor_like	tumor_like	SPP1	ITGAV	SPP1	0.0011110702452400915	540	540	2.5
commot_pilot_v1	GSE292299	GSM8855707_NSCLC_P5	NSCLC	Visium	tumor_like	immune	SPP1	ITGAV	SPP1	6.785565011130006e-06	540	191	2.5
commot_pilot_v1	GSE292299	GSM8855707_NSCLC_P5	NSCLC	Visium	tumor_like	stroma_fibroblast	SPP1	ITGAV	SPP1	9.768908646656835e-06	540	3752	2.5
commot_pilot_v1	GSE292299	GSM8855707_NSCLC_P5	NSCLC	Visium	tumor_like	endothelial	SPP1	ITGAV	SPP1	4.351404186044335e-05	540	63	2.5
commot_pilot_v1	GSE292299	GSM8855707_NSCLC_P5	NSCLC	Visium	tumor_like	ambiguous_or_low_signal	SPP1	ITGAV	SPP1	2.936002829469179e-05	540	842	2.5
commot_pilot_v1	GSE292299	GSM8855707_NSCLC_P5	NSCLC	Visium	immune	tumor_like	SPP1	ITGAV	SPP1	9.939493569606744e-06	191	540	2.5
commot_pilot_v1	GSE292299	GSM8855707_NSCLC_P5	NSCLC	Visium	immune	immune	SPP1	ITGAV	SPP1	0.0003960492398160919	191	191	2.5
commot_pilot_v1	GSE292299	GSM8855707_NSCLC_P5	NSCLC	Visium	immune	stroma_fibroblast	SPP1	ITGAV	SPP1	5.380958050419477e-06	191	3752	2.5
commot_pilot_v1	GSE292299	GSM8855707_NSCLC_P5	NSCLC	Visium	immune	ambiguous_or_low_signal	SPP1	ITGAV	SPP1	1.217280610167185e-05	191	842	2.5
commot_pilot_v1	GSE292299	GSM8855707_NSCLC_P5	NSCLC	Visium	stroma_fibroblast	tumor_like	SPP1	ITGAV	SPP1	1.779821150462255e-05	3752	540	2.5
commot_pilot_v1	GSE292299	GSM8855707_NSCLC_P5	NSCLC	Visium	stroma_fibroblast	immune	SPP1	ITGAV	SPP1	1.1656087445754747e-05	3752	191	2.5
commot_pilot_v1	GSE292299	GSM8855707_NSCLC_P5	NSCLC	Visium	stroma_fibroblast	stroma_fibroblast	SPP1	ITGAV	SPP1	0.00016396603044797377	3752	3752	2.5
commot_pilot_v1	GSE292299	GSM8855707_NSCLC_P5	NSCLC	Visium	stroma_fibroblast	endothelial	SPP1	ITGAV	SPP1	4.971295616841056e-06	3752	63	2.5
commot_pilot_v1	GSE292299	GSM8855707_NSCLC_P5	NSCLC	Visium	stroma_fibroblast	ambiguous_or_low_signal	SPP1	ITGAV	SPP1	2.63141658431865e-05	3752	842	2.5
commot_pilot_v1	GSE292299	GSM8855707_NSCLC_P5	NSCLC	Visium	endothelial	tumor_like	SPP1	ITGAV	SPP1	2.0497704801678303e-05	63	540	2.5
commot_pilot_v1	GSE292299	GSM8855707_NSCLC_P5	NSCLC	Visium	endothelial	immune	SPP1	ITGAV	SPP1	9.333795927299948e-06	63	191	2.5
commot_pilot_v1	GSE292299	GSM8855707_NSCLC_P5	NSCLC	Visium	endothelial	stroma_fibroblast	SPP1	ITGAV	SPP1	2.8130217563078555e-06	63	3752	2.5
commot_pilot_v1	GSE292299	GSM8855707_NSCLC_P5	NSCLC	Visium	endothelial	endothelial	SPP1	ITGAV	SPP1	0.0007229848814644317	63	63	2.5
commot_pilot_v1	GSE292299	GSM8855707_NSCLC_P5	NSCLC	Visium	endothelial	ambiguous_or_low_signal	SPP1	ITGAV	SPP1	1.5908694321647103e-05	63	842	2.5
commot_pilot_v1	GSE292299	GSM8855707_NSCLC_P5	NSCLC	Visium	ambiguous_or_low_signal	tumor_like	SPP1	ITGAV	SPP1	4.6486168642609495e-05	842	540	2.5
commot_pilot_v1	GSE292299	GSM8855707_NSCLC_P5	NSCLC	Visium	ambiguous_or_low_signal	immune	SPP1	ITGAV	SPP1	4.286909119645199e-05	842	191	2.5
commot_pilot_v1	GSE292299	GSM8855707_NSCLC_P5	NSCLC	Visium	ambiguous_or_low_signal	stroma_fibroblast	SPP1	ITGAV	SPP1	2.033367079256916e-05	842	3752	2.5
commot_pilot_v1	GSE292299	GSM8855707_NSCLC_P5	NSCLC	Visium	ambiguous_or_low_signal	endothelial	SPP1	ITGAV	SPP1	3.4765900286551467e-06	842	63	2.5
commot_pilot_v1	GSE292299	GSM8855707_NSCLC_P5	NSCLC	Visium	ambiguous_or_low_signal	ambiguous_or_low_signal	SPP1	ITGAV	SPP1	0.0005718279147091309	842	842	2.5
commot_pilot_v1	GSE292299	GSM8855707_NSCLC_P5	NSCLC	Visium	tumor_like	tumor_like	MIF	CD74	MIF	0.001064681491217317	540	540	2.5
commot_pilot_v1	GSE292299	GSM8855707_NSCLC_P5	NSCLC	Visium	tumor_like	immune	MIF	CD74	MIF	2.4660824164607426e-07	540	191	2.5
commot_pilot_v1	GSE292299	GSM8855707_NSCLC_P5	NSCLC	Visium	tumor_like	stroma_fibroblast	MIF	CD74	MIF	1.8517942329895453e-05	540	3752	2.5
commot_pilot_v1	GSE292299	GSM8855707_NSCLC_P5	NSCLC	Visium	tumor_like	ambiguous_or_low_signal	MIF	CD74	MIF	3.5184963411398015e-05	540	842	2.5
commot_pilot_v1	GSE292299	GSM8855707_NSCLC_P5	NSCLC	Visium	immune	tumor_like	MIF	CD74	MIF	9.709205132450322e-06	191	540	2.5
commot_pilot_v1	GSE292299	GSM8855707_NSCLC_P5	NSCLC	Visium	immune	immune	MIF	CD74	MIF	0.0003224743547943537	191	191	2.5
commot_pilot_v1	GSE292299	GSM8855707_NSCLC_P5	NSCLC	Visium	immune	stroma_fibroblast	MIF	CD74	MIF	4.587790172869622e-08	191	3752	2.5
commot_pilot_v1	GSE292299	GSM8855707_NSCLC_P5	NSCLC	Visium	immune	ambiguous_or_low_signal	MIF	CD74	MIF	1.2531125897863148e-06	191	842	2.5
commot_pilot_v1	GSE292299	GSM8855707_NSCLC_P5	NSCLC	Visium	stroma_fibroblast	tumor_like	MIF	CD74	MIF	4.6012711034032125e-06	3752	540	2.5
commot_pilot_v1	GSE292299	GSM8855707_NSCLC_P5	NSCLC	Visium	stroma_fibroblast	immune	MIF	CD74	MIF	1.1402779187907004e-06	3752	191	2.5
commot_pilot_v1	GSE292299	GSM8855707_NSCLC_P5	NSCLC	Visium	stroma_fibroblast	stroma_fibroblast	MIF	CD74	MIF	0.00014161747089742817	3752	3752	2.5
commot_pilot_v1	GSE292299	GSM8855707_NSCLC_P5	NSCLC	Visium	stroma_fibroblast	endothelial	MIF	CD74	MIF	6.402003599118202e-09	3752	63	2.5
commot_pilot_v1	GSE292299	GSM8855707_NSCLC_P5	NSCLC	Visium	stroma_fibroblast	ambiguous_or_low_signal	MIF	CD74	MIF	9.246280618093013e-06	3752	842	2.5
commot_pilot_v1	GSE292299	GSM8855707_NSCLC_P5	NSCLC	Visium	endothelial	tumor_like	MIF	CD74	MIF	1.4466665631659623e-06	63	540	2.5
commot_pilot_v1	GSE292299	GSM8855707_NSCLC_P5	NSCLC	Visium	endothelial	immune	MIF	CD74	MIF	1.4056276209331677e-07	63	191	2.5
commot_pilot_v1	GSE292299	GSM8855707_NSCLC_P5	NSCLC	Visium	endothelial	endothelial	MIF	CD74	MIF	0.00023912648319597722	63	63	2.5
commot_pilot_v1	GSE292299	GSM8855707_NSCLC_P5	NSCLC	Visium	ambiguous_or_low_signal	tumor_like	MIF	CD74	MIF	2.4787250944378658e-05	842	540	2.5
commot_pilot_v1	GSE292299	GSM8855707_NSCLC_P5	NSCLC	Visium	ambiguous_or_low_signal	immune	MIF	CD74	MIF	1.4952803012254366e-05	842	191	2.5
commot_pilot_v1	GSE292299	GSM8855707_NSCLC_P5	NSCLC	Visium	ambiguous_or_low_signal	stroma_fibroblast	MIF	CD74	MIF	1.5632603385052225e-05	842	3752	2.5
commot_pilot_v1	GSE292299	GSM8855707_NSCLC_P5	NSCLC	Visium	ambiguous_or_low_signal	endothelial	MIF	CD74	MIF	1.8823035101558225e-05	842	63	2.5
commot_pilot_v1	GSE292299	GSM8855707_NSCLC_P5	NSCLC	Visium	ambiguous_or_low_signal	ambiguous_or_low_signal	MIF	CD74	MIF	0.0005683896644004547	842	842	2.5
commot_pilot_v1	GSE292299	GSM8855707_NSCLC_P5	NSCLC	Visium	tumor_like	tumor_like	DLL4	NOTCH1	NOTCH	3.0278129000515043e-05	540	540	2.5
commot_pilot_v1	GSE292299	GSM8855707_NSCLC_P5	NSCLC	Visium	tumor_like	immune	DLL4	NOTCH1	NOTCH	9.695559433779328e-06	540	191	2.5
commot_pilot_v1	GSE292299	GSM8855707_NSCLC_P5	NSCLC	Visium	tumor_like	stroma_fibroblast	DLL4	NOTCH1	NOTCH	2.1702507462474544e-06	540	3752	2.5
commot_pilot_v1	GSE292299	GSM8855707_NSCLC_P5	NSCLC	Visium	tumor_like	ambiguous_or_low_signal	DLL4	NOTCH1	NOTCH	7.566227363749e-06	540	842	2.5
commot_pilot_v1	GSE292299	GSM8855707_NSCLC_P5	NSCLC	Visium	immune	immune	DLL4	NOTCH1	NOTCH	0.00017585446858721306	191	191	2.5
commot_pilot_v1	GSE292299	GSM8855707_NSCLC_P5	NSCLC	Visium	immune	stroma_fibroblast	DLL4	NOTCH1	NOTCH	4.920841577460526e-07	191	3752	2.5
commot_pilot_v1	GSE292299	GSM8855707_NSCLC_P5	NSCLC	Visium	immune	ambiguous_or_low_signal	DLL4	NOTCH1	NOTCH	1.2533411682370736e-05	191	842	2.5
commot_pilot_v1	GSE292299	GSM8855707_NSCLC_P5	NSCLC	Visium	stroma_fibroblast	tumor_like	DLL4	NOTCH1	NOTCH	2.1703677847497445e-06	3752	540	2.5
commot_pilot_v1	GSE292299	GSM8855707_NSCLC_P5	NSCLC	Visium	stroma_fibroblast	immune	DLL4	NOTCH1	NOTCH	2.548344612860152e-06	3752	191	2.5
commot_pilot_v1	GSE292299	GSM8855707_NSCLC_P5	NSCLC	Visium	stroma_fibroblast	stroma_fibroblast	DLL4	NOTCH1	NOTCH	2.2298204736726083e-05	3752	3752	2.5
commot_pilot_v1	GSE292299	GSM8855707_NSCLC_P5	NSCLC	Visium	stroma_fibroblast	ambiguous_or_low_signal	DLL4	NOTCH1	NOTCH	4.8140223185035525e-06	3752	842	2.5
commot_pilot_v1	GSE292299	GSM8855707_NSCLC_P5	NSCLC	Visium	ambiguous_or_low_signal	tumor_like	DLL4	NOTCH1	NOTCH	4.689483379288908e-06	842	540	2.5
commot_pilot_v1	GSE292299	GSM8855707_NSCLC_P5	NSCLC	Visium	ambiguous_or_low_signal	immune	DLL4	NOTCH1	NOTCH	3.592717606332726e-06	842	191	2.5
commot_pilot_v1	GSE292299	GSM8855707_NSCLC_P5	NSCLC	Visium	ambiguous_or_low_signal	stroma_fibroblast	DLL4	NOTCH1	NOTCH	6.672968291427665e-06	842	3752	2.5
commot_pilot_v1	GSE292299	GSM8855707_NSCLC_P5	NSCLC	Visium	ambiguous_or_low_signal	ambiguous_or_low_signal	DLL4	NOTCH1	NOTCH	1.329395737483807e-05	842	842	2.5
commot_pilot_v1	GSE292299	GSM8855707_NSCLC_P5	NSCLC	Visium	tumor_like	tumor_like	JAG1	NOTCH2	NOTCH	4.9402878200447326e-05	540	540	2.5
commot_pilot_v1	GSE292299	GSM8855707_NSCLC_P5	NSCLC	Visium	tumor_like	immune	JAG1	NOTCH2	NOTCH	7.508540181117826e-06	540	191	2.5
commot_pilot_v1	GSE292299	GSM8855707_NSCLC_P5	NSCLC	Visium	tumor_like	stroma_fibroblast	JAG1	NOTCH2	NOTCH	1.1309452458421428e-06	540	3752	2.5
commot_pilot_v1	GSE292299	GSM8855707_NSCLC_P5	NSCLC	Visium	tumor_like	ambiguous_or_low_signal	JAG1	NOTCH2	NOTCH	2.267426712031412e-06	540	842	2.5
commot_pilot_v1	GSE292299	GSM8855707_NSCLC_P5	NSCLC	Visium	immune	immune	JAG1	NOTCH2	NOTCH	0.00014259970885683782	191	191	2.5
commot_pilot_v1	GSE292299	GSM8855707_NSCLC_P5	NSCLC	Visium	immune	stroma_fibroblast	JAG1	NOTCH2	NOTCH	2.528740528684828e-06	191	3752	2.5
commot_pilot_v1	GSE292299	GSM8855707_NSCLC_P5	NSCLC	Visium	immune	endothelial	JAG1	NOTCH2	NOTCH	1.5605850409056953e-05	191	63	2.5
commot_pilot_v1	GSE292299	GSM8855707_NSCLC_P5	NSCLC	Visium	immune	ambiguous_or_low_signal	JAG1	NOTCH2	NOTCH	8.087661863426701e-06	191	842	2.5
commot_pilot_v1	GSE292299	GSM8855707_NSCLC_P5	NSCLC	Visium	stroma_fibroblast	tumor_like	JAG1	NOTCH2	NOTCH	1.8857075113481657e-06	3752	540	2.5
commot_pilot_v1	GSE292299	GSM8855707_NSCLC_P5	NSCLC	Visium	stroma_fibroblast	immune	JAG1	NOTCH2	NOTCH	1.3954163364181338e-06	3752	191	2.5
commot_pilot_v1	GSE292299	GSM8855707_NSCLC_P5	NSCLC	Visium	stroma_fibroblast	stroma_fibroblast	JAG1	NOTCH2	NOTCH	1.7719257559276896e-05	3752	3752	2.5
commot_pilot_v1	GSE292299	GSM8855707_NSCLC_P5	NSCLC	Visium	stroma_fibroblast	ambiguous_or_low_signal	JAG1	NOTCH2	NOTCH	4.391379813878489e-06	3752	842	2.5
commot_pilot_v1	GSE292299	GSM8855707_NSCLC_P5	NSCLC	Visium	ambiguous_or_low_signal	tumor_like	JAG1	NOTCH2	NOTCH	1.0116408554677844e-05	842	540	2.5
commot_pilot_v1	GSE292299	GSM8855707_NSCLC_P5	NSCLC	Visium	ambiguous_or_low_signal	immune	JAG1	NOTCH2	NOTCH	4.5899136577824464e-06	842	191	2.5
commot_pilot_v1	GSE292299	GSM8855707_NSCLC_P5	NSCLC	Visium	ambiguous_or_low_signal	stroma_fibroblast	JAG1	NOTCH2	NOTCH	2.1361873644134295e-06	842	3752	2.5
commot_pilot_v1	GSE292299	GSM8855707_NSCLC_P5	NSCLC	Visium	ambiguous_or_low_signal	ambiguous_or_low_signal	JAG1	NOTCH2	NOTCH	2.224562640553779e-05	842	842	2.5
commot_pilot_v1	GSE292299	GSM8855707_NSCLC_P5	NSCLC	Visium	tumor_like	tumor_like	WNT5A	FZD5	WNT	0.00011060500446917083	540	540	2.5
commot_pilot_v1	GSE292299	GSM8855707_NSCLC_P5	NSCLC	Visium	tumor_like	stroma_fibroblast	WNT5A	FZD5	WNT	3.075962749420567e-06	540	3752	2.5
commot_pilot_v1	GSE292299	GSM8855707_NSCLC_P5	NSCLC	Visium	tumor_like	endothelial	WNT5A	FZD5	WNT	2.8013552729077487e-42	540	63	2.5
commot_pilot_v1	GSE292299	GSM8855707_NSCLC_P5	NSCLC	Visium	tumor_like	ambiguous_or_low_signal	WNT5A	FZD5	WNT	1.5416438389295412e-05	540	842	2.5
commot_pilot_v1	GSE292299	GSM8855707_NSCLC_P5	NSCLC	Visium	immune	tumor_like	WNT5A	FZD5	WNT	1.8672768030280514e-05	191	540	2.5
commot_pilot_v1	GSE292299	GSM8855707_NSCLC_P5	NSCLC	Visium	immune	immune	WNT5A	FZD5	WNT	7.347155003818323e-05	191	191	2.5
commot_pilot_v1	GSE292299	GSM8855707_NSCLC_P5	NSCLC	Visium	immune	stroma_fibroblast	WNT5A	FZD5	WNT	8.810130782889985e-07	191	3752	2.5
commot_pilot_v1	GSE292299	GSM8855707_NSCLC_P5	NSCLC	Visium	immune	ambiguous_or_low_signal	WNT5A	FZD5	WNT	1.8301285640516987e-05	191	842	2.5
commot_pilot_v1	GSE292299	GSM8855707_NSCLC_P5	NSCLC	Visium	stroma_fibroblast	tumor_like	WNT5A	FZD5	WNT	5.464407692426969e-06	3752	540	2.5
commot_pilot_v1	GSE292299	GSM8855707_NSCLC_P5	NSCLC	Visium	stroma_fibroblast	immune	WNT5A	FZD5	WNT	2.974200764252396e-07	3752	191	2.5
commot_pilot_v1	GSE292299	GSM8855707_NSCLC_P5	NSCLC	Visium	stroma_fibroblast	stroma_fibroblast	WNT5A	FZD5	WNT	1.5477724964764044e-05	3752	3752	2.5
commot_pilot_v1	GSE292299	GSM8855707_NSCLC_P5	NSCLC	Visium	stroma_fibroblast	ambiguous_or_low_signal	WNT5A	FZD5	WNT	6.041196497302132e-06	3752	842	2.5
commot_pilot_v1	GSE292299	GSM8855707_NSCLC_P5	NSCLC	Visium	endothelial	tumor_like	WNT5A	FZD5	WNT	4.4091710758377536e-05	63	540	2.5
commot_pilot_v1	GSE292299	GSM8855707_NSCLC_P5	NSCLC	Visium	endothelial	stroma_fibroblast	WNT5A	FZD5	WNT	4.230547940569286e-06	63	3752	2.5
commot_pilot_v1	GSE292299	GSM8855707_NSCLC_P5	NSCLC	Visium	endothelial	ambiguous_or_low_signal	WNT5A	FZD5	WNT	1.531151834309507e-05	63	842	2.5
commot_pilot_v1	GSE292299	GSM8855707_NSCLC_P5	NSCLC	Visium	ambiguous_or_low_signal	tumor_like	WNT5A	FZD5	WNT	2.3328928317192083e-05	842	540	2.5
commot_pilot_v1	GSE292299	GSM8855707_NSCLC_P5	NSCLC	Visium	ambiguous_or_low_signal	immune	WNT5A	FZD5	WNT	2.130658628705004e-05	842	191	2.5
commot_pilot_v1	GSE292299	GSM8855707_NSCLC_P5	NSCLC	Visium	ambiguous_or_low_signal	stroma_fibroblast	WNT5A	FZD5	WNT	6.308386580788073e-06	842	3752	2.5
commot_pilot_v1	GSE292299	GSM8855707_NSCLC_P5	NSCLC	Visium	ambiguous_or_low_signal	endothelial	WNT5A	FZD5	WNT	1.885156279455567e-05	842	63	2.5
commot_pilot_v1	GSE292299	GSM8855707_NSCLC_P5	NSCLC	Visium	ambiguous_or_low_signal	ambiguous_or_low_signal	WNT5A	FZD5	WNT	3.496970806015248e-05	842	842	2.5
commot_pilot_v1	GSE292299	GSM8855707_NSCLC_P5	NSCLC	Visium	tumor_like	tumor_like	EGF	EGFR	EGF/ERBB	4.2696563348766195e-05	540	540	2.5
commot_pilot_v1	GSE292299	GSM8855707_NSCLC_P5	NSCLC	Visium	tumor_like	immune	EGF	EGFR	EGF/ERBB	1.2367404509570893e-07	540	191	2.5
commot_pilot_v1	GSE292299	GSM8855707_NSCLC_P5	NSCLC	Visium	tumor_like	stroma_fibroblast	EGF	EGFR	EGF/ERBB	2.0171497245588627e-06	540	3752	2.5
commot_pilot_v1	GSE292299	GSM8855707_NSCLC_P5	NSCLC	Visium	tumor_like	endothelial	EGF	EGFR	EGF/ERBB	2.3874626749788965e-05	540	63	2.5
commot_pilot_v1	GSE292299	GSM8855707_NSCLC_P5	NSCLC	Visium	tumor_like	ambiguous_or_low_signal	EGF	EGFR	EGF/ERBB	9.882159999346774e-06	540	842	2.5
commot_pilot_v1	GSE292299	GSM8855707_NSCLC_P5	NSCLC	Visium	immune	immune	EGF	EGFR	EGF/ERBB	0.00010550930906006836	191	191	2.5
commot_pilot_v1	GSE292299	GSM8855707_NSCLC_P5	NSCLC	Visium	immune	ambiguous_or_low_signal	EGF	EGFR	EGF/ERBB	1.0893586894493062e-05	191	842	2.5
commot_pilot_v1	GSE292299	GSM8855707_NSCLC_P5	NSCLC	Visium	stroma_fibroblast	tumor_like	EGF	EGFR	EGF/ERBB	1.7044596237689246e-06	3752	540	2.5
commot_pilot_v1	GSE292299	GSM8855707_NSCLC_P5	NSCLC	Visium	stroma_fibroblast	immune	EGF	EGFR	EGF/ERBB	1.3290803265067016e-08	3752	191	2.5
commot_pilot_v1	GSE292299	GSM8855707_NSCLC_P5	NSCLC	Visium	stroma_fibroblast	stroma_fibroblast	EGF	EGFR	EGF/ERBB	1.0165280189517372e-05	3752	3752	2.5
commot_pilot_v1	GSE292299	GSM8855707_NSCLC_P5	NSCLC	Visium	stroma_fibroblast	endothelial	EGF	EGFR	EGF/ERBB	1.920317100152287e-10	3752	63	2.5
commot_pilot_v1	GSE292299	GSM8855707_NSCLC_P5	NSCLC	Visium	stroma_fibroblast	ambiguous_or_low_signal	EGF	EGFR	EGF/ERBB	4.666350945404348e-06	3752	842	2.5
commot_pilot_v1	GSE292299	GSM8855707_NSCLC_P5	NSCLC	Visium	endothelial	stroma_fibroblast	EGF	EGFR	EGF/ERBB	1.4101826468564357e-06	63	3752	2.5
commot_pilot_v1	GSE292299	GSM8855707_NSCLC_P5	NSCLC	Visium	endothelial	endothelial	EGF	EGFR	EGF/ERBB	0.00025193547833176597	63	63	2.5
commot_pilot_v1	GSE292299	GSM8855707_NSCLC_P5	NSCLC	Visium	endothelial	ambiguous_or_low_signal	EGF	EGFR	EGF/ERBB	3.4031271072712515e-05	63	842	2.5
commot_pilot_v1	GSE292299	GSM8855707_NSCLC_P5	NSCLC	Visium	ambiguous_or_low_signal	tumor_like	EGF	EGFR	EGF/ERBB	1.3543055799298568e-05	842	540	2.5
commot_pilot_v1	GSE292299	GSM8855707_NSCLC_P5	NSCLC	Visium	ambiguous_or_low_signal	immune	EGF	EGFR	EGF/ERBB	1.5924739829195077e-06	842	191	2.5
commot_pilot_v1	GSE292299	GSM8855707_NSCLC_P5	NSCLC	Visium	ambiguous_or_low_signal	stroma_fibroblast	EGF	EGFR	EGF/ERBB	2.731054154552541e-06	842	3752	2.5
commot_pilot_v1	GSE292299	GSM8855707_NSCLC_P5	NSCLC	Visium	ambiguous_or_low_signal	endothelial	EGF	EGFR	EGF/ERBB	2.2391607246016454e-05	842	63	2.5
commot_pilot_v1	GSE292299	GSM8855707_NSCLC_P5	NSCLC	Visium	ambiguous_or_low_signal	ambiguous_or_low_signal	EGF	EGFR	EGF/ERBB	3.000816087606624e-05	842	842	2.5
commot_pilot_v1	GSE292299	GSM8855707_NSCLC_P5	NSCLC	Visium	tumor_like	tumor_like	HBEGF	EGFR	EGF/ERBB	0.000142873869307527	540	540	2.5
commot_pilot_v1	GSE292299	GSM8855707_NSCLC_P5	NSCLC	Visium	tumor_like	immune	HBEGF	EGFR	EGF/ERBB	7.623099420568829e-06	540	191	2.5
commot_pilot_v1	GSE292299	GSM8855707_NSCLC_P5	NSCLC	Visium	tumor_like	stroma_fibroblast	HBEGF	EGFR	EGF/ERBB	1.8046762106828677e-06	540	3752	2.5
commot_pilot_v1	GSE292299	GSM8855707_NSCLC_P5	NSCLC	Visium	tumor_like	endothelial	HBEGF	EGFR	EGF/ERBB	1.239522629101139e-06	540	63	2.5
commot_pilot_v1	GSE292299	GSM8855707_NSCLC_P5	NSCLC	Visium	tumor_like	ambiguous_or_low_signal	HBEGF	EGFR	EGF/ERBB	9.267627095913557e-06	540	842	2.5
commot_pilot_v1	GSE292299	GSM8855707_NSCLC_P5	NSCLC	Visium	immune	immune	HBEGF	EGFR	EGF/ERBB	3.720665649750001e-05	191	191	2.5
commot_pilot_v1	GSE292299	GSM8855707_NSCLC_P5	NSCLC	Visium	immune	stroma_fibroblast	HBEGF	EGFR	EGF/ERBB	9.436805348811745e-07	191	3752	2.5
commot_pilot_v1	GSE292299	GSM8855707_NSCLC_P5	NSCLC	Visium	immune	endothelial	HBEGF	EGFR	EGF/ERBB	1.168136509100536e-06	191	63	2.5
commot_pilot_v1	GSE292299	GSM8855707_NSCLC_P5	NSCLC	Visium	immune	ambiguous_or_low_signal	HBEGF	EGFR	EGF/ERBB	9.357820815962588e-06	191	842	2.5
commot_pilot_v1	GSE292299	GSM8855707_NSCLC_P5	NSCLC	Visium	stroma_fibroblast	tumor_like	HBEGF	EGFR	EGF/ERBB	5.623417489586526e-06	3752	540	2.5
commot_pilot_v1	GSE292299	GSM8855707_NSCLC_P5	NSCLC	Visium	stroma_fibroblast	immune	HBEGF	EGFR	EGF/ERBB	7.19680076764026e-07	3752	191	2.5
commot_pilot_v1	GSE292299	GSM8855707_NSCLC_P5	NSCLC	Visium	stroma_fibroblast	stroma_fibroblast	HBEGF	EGFR	EGF/ERBB	2.7097433349409134e-05	3752	3752	2.5
commot_pilot_v1	GSE292299	GSM8855707_NSCLC_P5	NSCLC	Visium	stroma_fibroblast	ambiguous_or_low_signal	HBEGF	EGFR	EGF/ERBB	8.232940289995926e-06	3752	842	2.5
commot_pilot_v1	GSE292299	GSM8855707_NSCLC_P5	NSCLC	Visium	endothelial	endothelial	HBEGF	EGFR	EGF/ERBB	0.0002377866600010029	63	63	2.5
commot_pilot_v1	GSE292299	GSM8855707_NSCLC_P5	NSCLC	Visium	endothelial	ambiguous_or_low_signal	HBEGF	EGFR	EGF/ERBB	1.433975233819634e-05	63	842	2.5
commot_pilot_v1	GSE292299	GSM8855707_NSCLC_P5	NSCLC	Visium	ambiguous_or_low_signal	tumor_like	HBEGF	EGFR	EGF/ERBB	2.2835654021838542e-05	842	540	2.5
commot_pilot_v1	GSE292299	GSM8855707_NSCLC_P5	NSCLC	Visium	ambiguous_or_low_signal	immune	HBEGF	EGFR	EGF/ERBB	5.6942172285877e-06	842	191	2.5
commot_pilot_v1	GSE292299	GSM8855707_NSCLC_P5	NSCLC	Visium	ambiguous_or_low_signal	stroma_fibroblast	HBEGF	EGFR	EGF/ERBB	2.7694673224951113e-06	842	3752	2.5
commot_pilot_v1	GSE292299	GSM8855707_NSCLC_P5	NSCLC	Visium	ambiguous_or_low_signal	endothelial	HBEGF	EGFR	EGF/ERBB	9.426209229983929e-06	842	63	2.5
commot_pilot_v1	GSE292299	GSM8855707_NSCLC_P5	NSCLC	Visium	ambiguous_or_low_signal	ambiguous_or_low_signal	HBEGF	EGFR	EGF/ERBB	7.058998185778628e-05	842	842	2.5
commot_pilot_v1	GSE292299	GSM8855707_NSCLC_P5	NSCLC	Visium	tumor_like	tumor_like	COL1A1	ITGA2	ECM-integrin	0.0008845084203330507	540	540	2.5
commot_pilot_v1	GSE292299	GSM8855707_NSCLC_P5	NSCLC	Visium	tumor_like	immune	COL1A1	ITGA2	ECM-integrin	1.214826519000812e-06	540	191	2.5
commot_pilot_v1	GSE292299	GSM8855707_NSCLC_P5	NSCLC	Visium	tumor_like	stroma_fibroblast	COL1A1	ITGA2	ECM-integrin	1.9419018353707034e-07	540	3752	2.5
commot_pilot_v1	GSE292299	GSM8855707_NSCLC_P5	NSCLC	Visium	tumor_like	endothelial	COL1A1	ITGA2	ECM-integrin	7.607737840746741e-05	540	63	2.5
commot_pilot_v1	GSE292299	GSM8855707_NSCLC_P5	NSCLC	Visium	tumor_like	ambiguous_or_low_signal	COL1A1	ITGA2	ECM-integrin	7.482907342212885e-06	540	842	2.5
commot_pilot_v1	GSE292299	GSM8855707_NSCLC_P5	NSCLC	Visium	immune	tumor_like	COL1A1	ITGA2	ECM-integrin	5.7329884154909056e-06	191	540	2.5
commot_pilot_v1	GSE292299	GSM8855707_NSCLC_P5	NSCLC	Visium	immune	immune	COL1A1	ITGA2	ECM-integrin	0.00018521039293491117	191	191	2.5
commot_pilot_v1	GSE292299	GSM8855707_NSCLC_P5	NSCLC	Visium	immune	stroma_fibroblast	COL1A1	ITGA2	ECM-integrin	4.836589127034503e-07	191	3752	2.5
commot_pilot_v1	GSE292299	GSM8855707_NSCLC_P5	NSCLC	Visium	immune	ambiguous_or_low_signal	COL1A1	ITGA2	ECM-integrin	1.197021517371975e-05	191	842	2.5
commot_pilot_v1	GSE292299	GSM8855707_NSCLC_P5	NSCLC	Visium	stroma_fibroblast	tumor_like	COL1A1	ITGA2	ECM-integrin	1.1956827550442004e-05	3752	540	2.5
commot_pilot_v1	GSE292299	GSM8855707_NSCLC_P5	NSCLC	Visium	stroma_fibroblast	immune	COL1A1	ITGA2	ECM-integrin	5.117611947101306e-06	3752	191	2.5
commot_pilot_v1	GSE292299	GSM8855707_NSCLC_P5	NSCLC	Visium	stroma_fibroblast	stroma_fibroblast	COL1A1	ITGA2	ECM-integrin	0.00011012444979797303	3752	3752	2.5
commot_pilot_v1	GSE292299	GSM8855707_NSCLC_P5	NSCLC	Visium	stroma_fibroblast	endothelial	COL1A1	ITGA2	ECM-integrin	1.184605593084589e-05	3752	63	2.5
commot_pilot_v1	GSE292299	GSM8855707_NSCLC_P5	NSCLC	Visium	stroma_fibroblast	ambiguous_or_low_signal	COL1A1	ITGA2	ECM-integrin	8.623294397131024e-06	3752	842	2.5
commot_pilot_v1	GSE292299	GSM8855707_NSCLC_P5	NSCLC	Visium	endothelial	tumor_like	COL1A1	ITGA2	ECM-integrin	3.491432092804778e-05	63	540	2.5
commot_pilot_v1	GSE292299	GSM8855707_NSCLC_P5	NSCLC	Visium	endothelial	stroma_fibroblast	COL1A1	ITGA2	ECM-integrin	2.0022951451968837e-08	63	3752	2.5
commot_pilot_v1	GSE292299	GSM8855707_NSCLC_P5	NSCLC	Visium	endothelial	endothelial	COL1A1	ITGA2	ECM-integrin	0.0002390260545187425	63	63	2.5
commot_pilot_v1	GSE292299	GSM8855707_NSCLC_P5	NSCLC	Visium	endothelial	ambiguous_or_low_signal	COL1A1	ITGA2	ECM-integrin	1.4044353213705053e-05	63	842	2.5
commot_pilot_v1	GSE292299	GSM8855707_NSCLC_P5	NSCLC	Visium	ambiguous_or_low_signal	tumor_like	COL1A1	ITGA2	ECM-integrin	2.875158318891909e-05	842	540	2.5
commot_pilot_v1	GSE292299	GSM8855707_NSCLC_P5	NSCLC	Visium	ambiguous_or_low_signal	immune	COL1A1	ITGA2	ECM-integrin	2.1456007034464905e-05	842	191	2.5
commot_pilot_v1	GSE292299	GSM8855707_NSCLC_P5	NSCLC	Visium	ambiguous_or_low_signal	stroma_fibroblast	COL1A1	ITGA2	ECM-integrin	2.4658421374326077e-06	842	3752	2.5
commot_pilot_v1	GSE292299	GSM8855707_NSCLC_P5	NSCLC	Visium	ambiguous_or_low_signal	endothelial	COL1A1	ITGA2	ECM-integrin	1.2499149030717913e-05	842	63	2.5
commot_pilot_v1	GSE292299	GSM8855707_NSCLC_P5	NSCLC	Visium	ambiguous_or_low_signal	ambiguous_or_low_signal	COL1A1	ITGA2	ECM-integrin	0.0004398993637133439	842	842	2.5
commot_pilot_v1	GSE292299	GSM8855708_NSCLC_P6	NSCLC	Visium	tumor_like	tumor_like	TGFB1	TGFBR1	TGFB	6.55372748131397e-05	6043	6043	2.5
commot_pilot_v1	GSE292299	GSM8855708_NSCLC_P6	NSCLC	Visium	tumor_like	immune	TGFB1	TGFBR1	TGFB	2.3593211920631847e-06	6043	168	2.5
commot_pilot_v1	GSE292299	GSM8855708_NSCLC_P6	NSCLC	Visium	tumor_like	stroma_fibroblast	TGFB1	TGFBR1	TGFB	7.932186551619527e-07	6043	1994	2.5
commot_pilot_v1	GSE292299	GSM8855708_NSCLC_P6	NSCLC	Visium	tumor_like	endothelial	TGFB1	TGFBR1	TGFB	5.45112088715295e-07	6043	46	2.5
commot_pilot_v1	GSE292299	GSM8855708_NSCLC_P6	NSCLC	Visium	tumor_like	ambiguous_or_low_signal	TGFB1	TGFBR1	TGFB	6.247247082696555e-06	6043	1827	2.5
commot_pilot_v1	GSE292299	GSM8855708_NSCLC_P6	NSCLC	Visium	immune	tumor_like	TGFB1	TGFBR1	TGFB	8.346694250465189e-07	168	6043	2.5
commot_pilot_v1	GSE292299	GSM8855708_NSCLC_P6	NSCLC	Visium	immune	immune	TGFB1	TGFBR1	TGFB	0.0007655955495852301	168	168	2.5
commot_pilot_v1	GSE292299	GSM8855708_NSCLC_P6	NSCLC	Visium	immune	stroma_fibroblast	TGFB1	TGFBR1	TGFB	2.9120333128507425e-06	168	1994	2.5
commot_pilot_v1	GSE292299	GSM8855708_NSCLC_P6	NSCLC	Visium	immune	ambiguous_or_low_signal	TGFB1	TGFBR1	TGFB	1.02524823345801e-05	168	1827	2.5
commot_pilot_v1	GSE292299	GSM8855708_NSCLC_P6	NSCLC	Visium	stroma_fibroblast	tumor_like	TGFB1	TGFBR1	TGFB	7.617544933429577e-07	1994	6043	2.5
commot_pilot_v1	GSE292299	GSM8855708_NSCLC_P6	NSCLC	Visium	stroma_fibroblast	immune	TGFB1	TGFBR1	TGFB	2.348411590820942e-06	1994	168	2.5
commot_pilot_v1	GSE292299	GSM8855708_NSCLC_P6	NSCLC	Visium	stroma_fibroblast	stroma_fibroblast	TGFB1	TGFBR1	TGFB	0.00015692870401257862	1994	1994	2.5
commot_pilot_v1	GSE292299	GSM8855708_NSCLC_P6	NSCLC	Visium	stroma_fibroblast	endothelial	TGFB1	TGFBR1	TGFB	2.0811862469717357e-07	1994	46	2.5
commot_pilot_v1	GSE292299	GSM8855708_NSCLC_P6	NSCLC	Visium	stroma_fibroblast	ambiguous_or_low_signal	TGFB1	TGFBR1	TGFB	1.034230664480728e-05	1994	1827	2.5
commot_pilot_v1	GSE292299	GSM8855708_NSCLC_P6	NSCLC	Visium	endothelial	endothelial	TGFB1	TGFBR1	TGFB	0.0004720340448342999	46	46	2.5
commot_pilot_v1	GSE292299	GSM8855708_NSCLC_P6	NSCLC	Visium	endothelial	ambiguous_or_low_signal	TGFB1	TGFBR1	TGFB	9.904196055444457e-06	46	1827	2.5
commot_pilot_v1	GSE292299	GSM8855708_NSCLC_P6	NSCLC	Visium	ambiguous_or_low_signal	tumor_like	TGFB1	TGFBR1	TGFB	4.607468269575286e-06	1827	6043	2.5
commot_pilot_v1	GSE292299	GSM8855708_NSCLC_P6	NSCLC	Visium	ambiguous_or_low_signal	immune	TGFB1	TGFBR1	TGFB	2.2354179821196328e-05	1827	168	2.5
commot_pilot_v1	GSE292299	GSM8855708_NSCLC_P6	NSCLC	Visium	ambiguous_or_low_signal	stroma_fibroblast	TGFB1	TGFBR1	TGFB	1.2628232014420288e-05	1827	1994	2.5
commot_pilot_v1	GSE292299	GSM8855708_NSCLC_P6	NSCLC	Visium	ambiguous_or_low_signal	endothelial	TGFB1	TGFBR1	TGFB	7.851479442720366e-06	1827	46	2.5
commot_pilot_v1	GSE292299	GSM8855708_NSCLC_P6	NSCLC	Visium	ambiguous_or_low_signal	ambiguous_or_low_signal	TGFB1	TGFBR1	TGFB	0.00012502367590961464	1827	1827	2.5
commot_pilot_v1	GSE292299	GSM8855708_NSCLC_P6	NSCLC	Visium	tumor_like	tumor_like	TGFB1	TGFBR2	TGFB	0.00012846064690919649	6043	6043	2.5
commot_pilot_v1	GSE292299	GSM8855708_NSCLC_P6	NSCLC	Visium	tumor_like	immune	TGFB1	TGFBR2	TGFB	5.194774547001434e-07	6043	168	2.5
commot_pilot_v1	GSE292299	GSM8855708_NSCLC_P6	NSCLC	Visium	tumor_like	stroma_fibroblast	TGFB1	TGFBR2	TGFB	1.6652369342825535e-07	6043	1994	2.5
commot_pilot_v1	GSE292299	GSM8855708_NSCLC_P6	NSCLC	Visium	tumor_like	ambiguous_or_low_signal	TGFB1	TGFBR2	TGFB	1.4593123063759968e-06	6043	1827	2.5
commot_pilot_v1	GSE292299	GSM8855708_NSCLC_P6	NSCLC	Visium	immune	tumor_like	TGFB1	TGFBR2	TGFB	1.87099620558782e-07	168	6043	2.5
commot_pilot_v1	GSE292299	GSM8855708_NSCLC_P6	NSCLC	Visium	immune	immune	TGFB1	TGFBR2	TGFB	0.0011183869954912824	168	168	2.5
commot_pilot_v1	GSE292299	GSM8855708_NSCLC_P6	NSCLC	Visium	immune	stroma_fibroblast	TGFB1	TGFBR2	TGFB	2.4639562026191097e-06	168	1994	2.5
commot_pilot_v1	GSE292299	GSM8855708_NSCLC_P6	NSCLC	Visium	immune	ambiguous_or_low_signal	TGFB1	TGFBR2	TGFB	2.741234296360348e-06	168	1827	2.5
commot_pilot_v1	GSE292299	GSM8855708_NSCLC_P6	NSCLC	Visium	stroma_fibroblast	tumor_like	TGFB1	TGFBR2	TGFB	3.9533799877683084e-07	1994	6043	2.5
commot_pilot_v1	GSE292299	GSM8855708_NSCLC_P6	NSCLC	Visium	stroma_fibroblast	immune	TGFB1	TGFBR2	TGFB	3.10279204550717e-06	1994	168	2.5
commot_pilot_v1	GSE292299	GSM8855708_NSCLC_P6	NSCLC	Visium	stroma_fibroblast	stroma_fibroblast	TGFB1	TGFBR2	TGFB	0.00022365526241015476	1994	1994	2.5
commot_pilot_v1	GSE292299	GSM8855708_NSCLC_P6	NSCLC	Visium	stroma_fibroblast	endothelial	TGFB1	TGFBR2	TGFB	3.7889280008074792e-06	1994	46	2.5
commot_pilot_v1	GSE292299	GSM8855708_NSCLC_P6	NSCLC	Visium	stroma_fibroblast	ambiguous_or_low_signal	TGFB1	TGFBR2	TGFB	3.59116148056211e-06	1994	1827	2.5
commot_pilot_v1	GSE292299	GSM8855708_NSCLC_P6	NSCLC	Visium	endothelial	stroma_fibroblast	TGFB1	TGFBR2	TGFB	1.6191476329791804e-05	46	1994	2.5
commot_pilot_v1	GSE292299	GSM8855708_NSCLC_P6	NSCLC	Visium	endothelial	endothelial	TGFB1	TGFBR2	TGFB	0.0001242775382054787	46	46	2.5
commot_pilot_v1	GSE292299	GSM8855708_NSCLC_P6	NSCLC	Visium	endothelial	ambiguous_or_low_signal	TGFB1	TGFBR2	TGFB	1.0955108999337907e-05	46	1827	2.5
commot_pilot_v1	GSE292299	GSM8855708_NSCLC_P6	NSCLC	Visium	ambiguous_or_low_signal	tumor_like	TGFB1	TGFBR2	TGFB	1.576755258394555e-06	1827	6043	2.5
commot_pilot_v1	GSE292299	GSM8855708_NSCLC_P6	NSCLC	Visium	ambiguous_or_low_signal	immune	TGFB1	TGFBR2	TGFB	1.1239866771598286e-05	1827	168	2.5
commot_pilot_v1	GSE292299	GSM8855708_NSCLC_P6	NSCLC	Visium	ambiguous_or_low_signal	stroma_fibroblast	TGFB1	TGFBR2	TGFB	4.238349129596268e-06	1827	1994	2.5
commot_pilot_v1	GSE292299	GSM8855708_NSCLC_P6	NSCLC	Visium	ambiguous_or_low_signal	endothelial	TGFB1	TGFBR2	TGFB	1.0168878377751338e-05	1827	46	2.5
commot_pilot_v1	GSE292299	GSM8855708_NSCLC_P6	NSCLC	Visium	ambiguous_or_low_signal	ambiguous_or_low_signal	TGFB1	TGFBR2	TGFB	0.00021716946617525518	1827	1827	2.5
commot_pilot_v1	GSE292299	GSM8855708_NSCLC_P6	NSCLC	Visium	tumor_like	tumor_like	CXCL12	CXCR4	CXCL chemokine	3.523289223736363e-05	6043	6043	2.5
commot_pilot_v1	GSE292299	GSM8855708_NSCLC_P6	NSCLC	Visium	tumor_like	immune	CXCL12	CXCR4	CXCL chemokine	6.052119511873717e-07	6043	168	2.5
commot_pilot_v1	GSE292299	GSM8855708_NSCLC_P6	NSCLC	Visium	tumor_like	stroma_fibroblast	CXCL12	CXCR4	CXCL chemokine	1.1052251031853076e-06	6043	1994	2.5
commot_pilot_v1	GSE292299	GSM8855708_NSCLC_P6	NSCLC	Visium	tumor_like	endothelial	CXCL12	CXCR4	CXCL chemokine	3.7365465829648437e-06	6043	46	2.5
commot_pilot_v1	GSE292299	GSM8855708_NSCLC_P6	NSCLC	Visium	tumor_like	ambiguous_or_low_signal	CXCL12	CXCR4	CXCL chemokine	6.494995673854555e-06	6043	1827	2.5
commot_pilot_v1	GSE292299	GSM8855708_NSCLC_P6	NSCLC	Visium	immune	tumor_like	CXCL12	CXCR4	CXCL chemokine	6.321862816525956e-06	168	6043	2.5
commot_pilot_v1	GSE292299	GSM8855708_NSCLC_P6	NSCLC	Visium	immune	immune	CXCL12	CXCR4	CXCL chemokine	0.0013511386563962112	168	168	2.5
commot_pilot_v1	GSE292299	GSM8855708_NSCLC_P6	NSCLC	Visium	immune	stroma_fibroblast	CXCL12	CXCR4	CXCL chemokine	4.7584083178872615e-06	168	1994	2.5
commot_pilot_v1	GSE292299	GSM8855708_NSCLC_P6	NSCLC	Visium	immune	endothelial	CXCL12	CXCR4	CXCL chemokine	5.888739151664195e-05	168	46	2.5
commot_pilot_v1	GSE292299	GSM8855708_NSCLC_P6	NSCLC	Visium	immune	ambiguous_or_low_signal	CXCL12	CXCR4	CXCL chemokine	2.4102737763688107e-05	168	1827	2.5
commot_pilot_v1	GSE292299	GSM8855708_NSCLC_P6	NSCLC	Visium	stroma_fibroblast	tumor_like	CXCL12	CXCR4	CXCL chemokine	2.0884824269733637e-06	1994	6043	2.5
commot_pilot_v1	GSE292299	GSM8855708_NSCLC_P6	NSCLC	Visium	stroma_fibroblast	immune	CXCL12	CXCR4	CXCL chemokine	9.029677724899337e-06	1994	168	2.5
commot_pilot_v1	GSE292299	GSM8855708_NSCLC_P6	NSCLC	Visium	stroma_fibroblast	stroma_fibroblast	CXCL12	CXCR4	CXCL chemokine	0.0011724610932383275	1994	1994	2.5
commot_pilot_v1	GSE292299	GSM8855708_NSCLC_P6	NSCLC	Visium	stroma_fibroblast	ambiguous_or_low_signal	CXCL12	CXCR4	CXCL chemokine	2.1559097899981702e-05	1994	1827	2.5
commot_pilot_v1	GSE292299	GSM8855708_NSCLC_P6	NSCLC	Visium	endothelial	tumor_like	CXCL12	CXCR4	CXCL chemokine	6.940169569986802e-06	46	6043	2.5
commot_pilot_v1	GSE292299	GSM8855708_NSCLC_P6	NSCLC	Visium	endothelial	stroma_fibroblast	CXCL12	CXCR4	CXCL chemokine	6.751727922961734e-06	46	1994	2.5
commot_pilot_v1	GSE292299	GSM8855708_NSCLC_P6	NSCLC	Visium	endothelial	endothelial	CXCL12	CXCR4	CXCL chemokine	0.0004713828606978702	46	46	2.5
commot_pilot_v1	GSE292299	GSM8855708_NSCLC_P6	NSCLC	Visium	endothelial	ambiguous_or_low_signal	CXCL12	CXCR4	CXCL chemokine	6.48966470653616e-05	46	1827	2.5
commot_pilot_v1	GSE292299	GSM8855708_NSCLC_P6	NSCLC	Visium	ambiguous_or_low_signal	tumor_like	CXCL12	CXCR4	CXCL chemokine	1.066446713757566e-05	1827	6043	2.5
commot_pilot_v1	GSE292299	GSM8855708_NSCLC_P6	NSCLC	Visium	ambiguous_or_low_signal	immune	CXCL12	CXCR4	CXCL chemokine	1.3074468161966685e-05	1827	168	2.5
commot_pilot_v1	GSE292299	GSM8855708_NSCLC_P6	NSCLC	Visium	ambiguous_or_low_signal	stroma_fibroblast	CXCL12	CXCR4	CXCL chemokine	1.4869566038010147e-05	1827	1994	2.5
commot_pilot_v1	GSE292299	GSM8855708_NSCLC_P6	NSCLC	Visium	ambiguous_or_low_signal	endothelial	CXCL12	CXCR4	CXCL chemokine	1.7803331478772665e-05	1827	46	2.5
commot_pilot_v1	GSE292299	GSM8855708_NSCLC_P6	NSCLC	Visium	ambiguous_or_low_signal	ambiguous_or_low_signal	CXCL12	CXCR4	CXCL chemokine	0.0003591426806321415	1827	1827	2.5
commot_pilot_v1	GSE292299	GSM8855708_NSCLC_P6	NSCLC	Visium	tumor_like	tumor_like	CXCL9	CXCR3	CXCL chemokine	3.1371454508251614e-05	6043	6043	2.5
commot_pilot_v1	GSE292299	GSM8855708_NSCLC_P6	NSCLC	Visium	tumor_like	immune	CXCL9	CXCR3	CXCL chemokine	3.1649679192178576e-09	6043	168	2.5
commot_pilot_v1	GSE292299	GSM8855708_NSCLC_P6	NSCLC	Visium	tumor_like	stroma_fibroblast	CXCL9	CXCR3	CXCL chemokine	1.7154688556777728e-07	6043	1994	2.5
commot_pilot_v1	GSE292299	GSM8855708_NSCLC_P6	NSCLC	Visium	tumor_like	ambiguous_or_low_signal	CXCL9	CXCR3	CXCL chemokine	2.0544013593490624e-06	6043	1827	2.5
commot_pilot_v1	GSE292299	GSM8855708_NSCLC_P6	NSCLC	Visium	immune	tumor_like	CXCL9	CXCR3	CXCL chemokine	1.0633036259955144e-06	168	6043	2.5
commot_pilot_v1	GSE292299	GSM8855708_NSCLC_P6	NSCLC	Visium	immune	immune	CXCL9	CXCR3	CXCL chemokine	0.00029343682954764596	168	168	2.5
commot_pilot_v1	GSE292299	GSM8855708_NSCLC_P6	NSCLC	Visium	immune	ambiguous_or_low_signal	CXCL9	CXCR3	CXCL chemokine	5.740134819816573e-06	168	1827	2.5
commot_pilot_v1	GSE292299	GSM8855708_NSCLC_P6	NSCLC	Visium	stroma_fibroblast	tumor_like	CXCL9	CXCR3	CXCL chemokine	7.735544758932476e-07	1994	6043	2.5
commot_pilot_v1	GSE292299	GSM8855708_NSCLC_P6	NSCLC	Visium	stroma_fibroblast	immune	CXCL9	CXCR3	CXCL chemokine	2.9976557782382094e-06	1994	168	2.5
commot_pilot_v1	GSE292299	GSM8855708_NSCLC_P6	NSCLC	Visium	stroma_fibroblast	stroma_fibroblast	CXCL9	CXCR3	CXCL chemokine	5.746348620585066e-05	1994	1994	2.5
commot_pilot_v1	GSE292299	GSM8855708_NSCLC_P6	NSCLC	Visium	stroma_fibroblast	ambiguous_or_low_signal	CXCL9	CXCR3	CXCL chemokine	2.4266229537774385e-06	1994	1827	2.5
commot_pilot_v1	GSE292299	GSM8855708_NSCLC_P6	NSCLC	Visium	ambiguous_or_low_signal	tumor_like	CXCL9	CXCR3	CXCL chemokine	3.893219272431572e-06	1827	6043	2.5
commot_pilot_v1	GSE292299	GSM8855708_NSCLC_P6	NSCLC	Visium	ambiguous_or_low_signal	immune	CXCL9	CXCR3	CXCL chemokine	2.315254864182925e-06	1827	168	2.5
commot_pilot_v1	GSE292299	GSM8855708_NSCLC_P6	NSCLC	Visium	ambiguous_or_low_signal	stroma_fibroblast	CXCL9	CXCR3	CXCL chemokine	4.517113038085173e-06	1827	1994	2.5
commot_pilot_v1	GSE292299	GSM8855708_NSCLC_P6	NSCLC	Visium	ambiguous_or_low_signal	ambiguous_or_low_signal	CXCL9	CXCR3	CXCL chemokine	5.8633998152832346e-05	1827	1827	2.5
commot_pilot_v1	GSE292299	GSM8855708_NSCLC_P6	NSCLC	Visium	tumor_like	tumor_like	CCL2	CCR2	CCL chemokine	1.2165619025059112e-05	6043	6043	2.5
commot_pilot_v1	GSE292299	GSM8855708_NSCLC_P6	NSCLC	Visium	tumor_like	immune	CCL2	CCR2	CCL chemokine	2.199173510223335e-06	6043	168	2.5
commot_pilot_v1	GSE292299	GSM8855708_NSCLC_P6	NSCLC	Visium	tumor_like	stroma_fibroblast	CCL2	CCR2	CCL chemokine	3.104221530591283e-07	6043	1994	2.5
commot_pilot_v1	GSE292299	GSM8855708_NSCLC_P6	NSCLC	Visium	tumor_like	ambiguous_or_low_signal	CCL2	CCR2	CCL chemokine	2.3875563376039617e-06	6043	1827	2.5
commot_pilot_v1	GSE292299	GSM8855708_NSCLC_P6	NSCLC	Visium	immune	tumor_like	CCL2	CCR2	CCL chemokine	5.893464286126364e-08	168	6043	2.5
commot_pilot_v1	GSE292299	GSM8855708_NSCLC_P6	NSCLC	Visium	immune	immune	CCL2	CCR2	CCL chemokine	0.00029149649992173934	168	168	2.5
commot_pilot_v1	GSE292299	GSM8855708_NSCLC_P6	NSCLC	Visium	immune	stroma_fibroblast	CCL2	CCR2	CCL chemokine	2.9897711493733882e-06	168	1994	2.5
commot_pilot_v1	GSE292299	GSM8855708_NSCLC_P6	NSCLC	Visium	immune	ambiguous_or_low_signal	CCL2	CCR2	CCL chemokine	1.0693828518562384e-05	168	1827	2.5
commot_pilot_v1	GSE292299	GSM8855708_NSCLC_P6	NSCLC	Visium	stroma_fibroblast	tumor_like	CCL2	CCR2	CCL chemokine	4.612499681456411e-07	1994	6043	2.5
commot_pilot_v1	GSE292299	GSM8855708_NSCLC_P6	NSCLC	Visium	stroma_fibroblast	immune	CCL2	CCR2	CCL chemokine	1.2425468466783784e-06	1994	168	2.5
commot_pilot_v1	GSE292299	GSM8855708_NSCLC_P6	NSCLC	Visium	stroma_fibroblast	stroma_fibroblast	CCL2	CCR2	CCL chemokine	8.331620475198379e-05	1994	1994	2.5
commot_pilot_v1	GSE292299	GSM8855708_NSCLC_P6	NSCLC	Visium	stroma_fibroblast	ambiguous_or_low_signal	CCL2	CCR2	CCL chemokine	8.410859919112216e-06	1994	1827	2.5
commot_pilot_v1	GSE292299	GSM8855708_NSCLC_P6	NSCLC	Visium	endothelial	tumor_like	CCL2	CCR2	CCL chemokine	2.6553327841446e-06	46	6043	2.5
commot_pilot_v1	GSE292299	GSM8855708_NSCLC_P6	NSCLC	Visium	endothelial	endothelial	CCL2	CCR2	CCL chemokine	0.0002362948960302453	46	46	2.5
commot_pilot_v1	GSE292299	GSM8855708_NSCLC_P6	NSCLC	Visium	ambiguous_or_low_signal	tumor_like	CCL2	CCR2	CCL chemokine	1.9366644844557075e-06	1827	6043	2.5
commot_pilot_v1	GSE292299	GSM8855708_NSCLC_P6	NSCLC	Visium	ambiguous_or_low_signal	immune	CCL2	CCR2	CCL chemokine	6.919702495645345e-06	1827	168	2.5
commot_pilot_v1	GSE292299	GSM8855708_NSCLC_P6	NSCLC	Visium	ambiguous_or_low_signal	stroma_fibroblast	CCL2	CCR2	CCL chemokine	7.683069528899869e-06	1827	1994	2.5
commot_pilot_v1	GSE292299	GSM8855708_NSCLC_P6	NSCLC	Visium	ambiguous_or_low_signal	endothelial	CCL2	CCR2	CCL chemokine	5.9494062492563124e-06	1827	46	2.5
commot_pilot_v1	GSE292299	GSM8855708_NSCLC_P6	NSCLC	Visium	ambiguous_or_low_signal	ambiguous_or_low_signal	CCL2	CCR2	CCL chemokine	5.384076035337229e-05	1827	1827	2.5
commot_pilot_v1	GSE292299	GSM8855708_NSCLC_P6	NSCLC	Visium	tumor_like	tumor_like	VEGFA	KDR	VEGF	0.00048003051665428966	6043	6043	2.5
commot_pilot_v1	GSE292299	GSM8855708_NSCLC_P6	NSCLC	Visium	tumor_like	immune	VEGFA	KDR	VEGF	2.7262129439787795e-06	6043	168	2.5
commot_pilot_v1	GSE292299	GSM8855708_NSCLC_P6	NSCLC	Visium	tumor_like	stroma_fibroblast	VEGFA	KDR	VEGF	7.92162924556048e-07	6043	1994	2.5
commot_pilot_v1	GSE292299	GSM8855708_NSCLC_P6	NSCLC	Visium	tumor_like	endothelial	VEGFA	KDR	VEGF	6.934318591519981e-06	6043	46	2.5
commot_pilot_v1	GSE292299	GSM8855708_NSCLC_P6	NSCLC	Visium	tumor_like	ambiguous_or_low_signal	VEGFA	KDR	VEGF	3.9609321955236e-06	6043	1827	2.5
commot_pilot_v1	GSE292299	GSM8855708_NSCLC_P6	NSCLC	Visium	immune	tumor_like	VEGFA	KDR	VEGF	5.004172556743461e-07	168	6043	2.5
commot_pilot_v1	GSE292299	GSM8855708_NSCLC_P6	NSCLC	Visium	immune	immune	VEGFA	KDR	VEGF	0.0009574554329389612	168	168	2.5
commot_pilot_v1	GSE292299	GSM8855708_NSCLC_P6	NSCLC	Visium	immune	stroma_fibroblast	VEGFA	KDR	VEGF	4.984873515667009e-07	168	1994	2.5
commot_pilot_v1	GSE292299	GSM8855708_NSCLC_P6	NSCLC	Visium	immune	endothelial	VEGFA	KDR	VEGF	6.469979296066242e-05	168	46	2.5
commot_pilot_v1	GSE292299	GSM8855708_NSCLC_P6	NSCLC	Visium	immune	ambiguous_or_low_signal	VEGFA	KDR	VEGF	2.612548367214791e-05	168	1827	2.5
commot_pilot_v1	GSE292299	GSM8855708_NSCLC_P6	NSCLC	Visium	stroma_fibroblast	tumor_like	VEGFA	KDR	VEGF	4.997307501947896e-07	1994	6043	2.5
commot_pilot_v1	GSE292299	GSM8855708_NSCLC_P6	NSCLC	Visium	stroma_fibroblast	immune	VEGFA	KDR	VEGF	4.093237556176642e-06	1994	168	2.5
commot_pilot_v1	GSE292299	GSM8855708_NSCLC_P6	NSCLC	Visium	stroma_fibroblast	stroma_fibroblast	VEGFA	KDR	VEGF	0.0001864731584119237	1994	1994	2.5
commot_pilot_v1	GSE292299	GSM8855708_NSCLC_P6	NSCLC	Visium	stroma_fibroblast	ambiguous_or_low_signal	VEGFA	KDR	VEGF	6.264184563670262e-06	1994	1827	2.5
commot_pilot_v1	GSE292299	GSM8855708_NSCLC_P6	NSCLC	Visium	ambiguous_or_low_signal	tumor_like	VEGFA	KDR	VEGF	3.0603893416906645e-06	1827	6043	2.5
commot_pilot_v1	GSE292299	GSM8855708_NSCLC_P6	NSCLC	Visium	ambiguous_or_low_signal	immune	VEGFA	KDR	VEGF	1.2503776733502043e-05	1827	168	2.5
commot_pilot_v1	GSE292299	GSM8855708_NSCLC_P6	NSCLC	Visium	ambiguous_or_low_signal	stroma_fibroblast	VEGFA	KDR	VEGF	1.1346420150080008e-05	1827	1994	2.5
commot_pilot_v1	GSE292299	GSM8855708_NSCLC_P6	NSCLC	Visium	ambiguous_or_low_signal	endothelial	VEGFA	KDR	VEGF	4.2294766122168315e-05	1827	46	2.5
commot_pilot_v1	GSE292299	GSM8855708_NSCLC_P6	NSCLC	Visium	ambiguous_or_low_signal	ambiguous_or_low_signal	VEGFA	KDR	VEGF	0.00029898049631426195	1827	1827	2.5
commot_pilot_v1	GSE292299	GSM8855708_NSCLC_P6	NSCLC	Visium	tumor_like	tumor_like	SPP1	CD44	SPP1	0.0004862820426198305	6043	6043	2.5
commot_pilot_v1	GSE292299	GSM8855708_NSCLC_P6	NSCLC	Visium	tumor_like	immune	SPP1	CD44	SPP1	8.483073475133907e-06	6043	168	2.5
commot_pilot_v1	GSE292299	GSM8855708_NSCLC_P6	NSCLC	Visium	tumor_like	stroma_fibroblast	SPP1	CD44	SPP1	5.895955487107426e-06	6043	1994	2.5
commot_pilot_v1	GSE292299	GSM8855708_NSCLC_P6	NSCLC	Visium	tumor_like	endothelial	SPP1	CD44	SPP1	4.712771458907879e-06	6043	46	2.5
commot_pilot_v1	GSE292299	GSM8855708_NSCLC_P6	NSCLC	Visium	tumor_like	ambiguous_or_low_signal	SPP1	CD44	SPP1	3.156255088290486e-05	6043	1827	2.5
commot_pilot_v1	GSE292299	GSM8855708_NSCLC_P6	NSCLC	Visium	immune	tumor_like	SPP1	CD44	SPP1	8.442810329059787e-06	168	6043	2.5
commot_pilot_v1	GSE292299	GSM8855708_NSCLC_P6	NSCLC	Visium	immune	immune	SPP1	CD44	SPP1	0.011698758541781679	168	168	2.5
commot_pilot_v1	GSE292299	GSM8855708_NSCLC_P6	NSCLC	Visium	immune	stroma_fibroblast	SPP1	CD44	SPP1	5.630559354439396e-05	168	1994	2.5
commot_pilot_v1	GSE292299	GSM8855708_NSCLC_P6	NSCLC	Visium	immune	endothelial	SPP1	CD44	SPP1	4.0384420992893173e-07	168	46	2.5
commot_pilot_v1	GSE292299	GSM8855708_NSCLC_P6	NSCLC	Visium	immune	ambiguous_or_low_signal	SPP1	CD44	SPP1	8.44760405859916e-05	168	1827	2.5
commot_pilot_v1	GSE292299	GSM8855708_NSCLC_P6	NSCLC	Visium	stroma_fibroblast	tumor_like	SPP1	CD44	SPP1	8.155944339971457e-06	1994	6043	2.5
commot_pilot_v1	GSE292299	GSM8855708_NSCLC_P6	NSCLC	Visium	stroma_fibroblast	immune	SPP1	CD44	SPP1	2.840537577720625e-06	1994	168	2.5
commot_pilot_v1	GSE292299	GSM8855708_NSCLC_P6	NSCLC	Visium	stroma_fibroblast	stroma_fibroblast	SPP1	CD44	SPP1	0.001716231123097454	1994	1994	2.5
commot_pilot_v1	GSE292299	GSM8855708_NSCLC_P6	NSCLC	Visium	stroma_fibroblast	endothelial	SPP1	CD44	SPP1	1.1085950133592959e-05	1994	46	2.5
commot_pilot_v1	GSE292299	GSM8855708_NSCLC_P6	NSCLC	Visium	stroma_fibroblast	ambiguous_or_low_signal	SPP1	CD44	SPP1	9.76787895800067e-05	1994	1827	2.5
commot_pilot_v1	GSE292299	GSM8855708_NSCLC_P6	NSCLC	Visium	endothelial	tumor_like	SPP1	CD44	SPP1	2.0575298842467405e-06	46	6043	2.5
commot_pilot_v1	GSE292299	GSM8855708_NSCLC_P6	NSCLC	Visium	endothelial	immune	SPP1	CD44	SPP1	1.3735852973373376e-07	46	168	2.5
commot_pilot_v1	GSE292299	GSM8855708_NSCLC_P6	NSCLC	Visium	endothelial	stroma_fibroblast	SPP1	CD44	SPP1	3.1909847069525216e-07	46	1994	2.5
commot_pilot_v1	GSE292299	GSM8855708_NSCLC_P6	NSCLC	Visium	endothelial	endothelial	SPP1	CD44	SPP1	0.0034399635879420534	46	46	2.5
commot_pilot_v1	GSE292299	GSM8855708_NSCLC_P6	NSCLC	Visium	endothelial	ambiguous_or_low_signal	SPP1	CD44	SPP1	2.1916867289436237e-05	46	1827	2.5
commot_pilot_v1	GSE292299	GSM8855708_NSCLC_P6	NSCLC	Visium	ambiguous_or_low_signal	tumor_like	SPP1	CD44	SPP1	3.201026727130354e-05	1827	6043	2.5
commot_pilot_v1	GSE292299	GSM8855708_NSCLC_P6	NSCLC	Visium	ambiguous_or_low_signal	immune	SPP1	CD44	SPP1	2.9267510365417753e-05	1827	168	2.5
commot_pilot_v1	GSE292299	GSM8855708_NSCLC_P6	NSCLC	Visium	ambiguous_or_low_signal	stroma_fibroblast	SPP1	CD44	SPP1	9.374339366015618e-05	1827	1994	2.5
commot_pilot_v1	GSE292299	GSM8855708_NSCLC_P6	NSCLC	Visium	ambiguous_or_low_signal	endothelial	SPP1	CD44	SPP1	3.365097002814445e-05	1827	46	2.5
commot_pilot_v1	GSE292299	GSM8855708_NSCLC_P6	NSCLC	Visium	ambiguous_or_low_signal	ambiguous_or_low_signal	SPP1	CD44	SPP1	0.0013746418848761288	1827	1827	2.5
commot_pilot_v1	GSE292299	GSM8855708_NSCLC_P6	NSCLC	Visium	tumor_like	tumor_like	SPP1	ITGAV	SPP1	0.0003830072492929604	6043	6043	2.5
commot_pilot_v1	GSE292299	GSM8855708_NSCLC_P6	NSCLC	Visium	tumor_like	immune	SPP1	ITGAV	SPP1	7.852610955784948e-06	6043	168	2.5
commot_pilot_v1	GSE292299	GSM8855708_NSCLC_P6	NSCLC	Visium	tumor_like	stroma_fibroblast	SPP1	ITGAV	SPP1	3.067316507145671e-06	6043	1994	2.5
commot_pilot_v1	GSE292299	GSM8855708_NSCLC_P6	NSCLC	Visium	tumor_like	endothelial	SPP1	ITGAV	SPP1	5.639582892451385e-06	6043	46	2.5
commot_pilot_v1	GSE292299	GSM8855708_NSCLC_P6	NSCLC	Visium	tumor_like	ambiguous_or_low_signal	SPP1	ITGAV	SPP1	2.1838054961699474e-05	6043	1827	2.5
commot_pilot_v1	GSE292299	GSM8855708_NSCLC_P6	NSCLC	Visium	immune	tumor_like	SPP1	ITGAV	SPP1	4.115164725670242e-06	168	6043	2.5
commot_pilot_v1	GSE292299	GSM8855708_NSCLC_P6	NSCLC	Visium	immune	immune	SPP1	ITGAV	SPP1	0.005724442558120213	168	168	2.5
commot_pilot_v1	GSE292299	GSM8855708_NSCLC_P6	NSCLC	Visium	immune	stroma_fibroblast	SPP1	ITGAV	SPP1	2.2236146703156434e-05	168	1994	2.5
commot_pilot_v1	GSE292299	GSM8855708_NSCLC_P6	NSCLC	Visium	immune	endothelial	SPP1	ITGAV	SPP1	2.4356479557678337e-06	168	46	2.5
commot_pilot_v1	GSE292299	GSM8855708_NSCLC_P6	NSCLC	Visium	immune	ambiguous_or_low_signal	SPP1	ITGAV	SPP1	3.4852897708610747e-05	168	1827	2.5
commot_pilot_v1	GSE292299	GSM8855708_NSCLC_P6	NSCLC	Visium	stroma_fibroblast	tumor_like	SPP1	ITGAV	SPP1	5.1688164492991325e-06	1994	6043	2.5
commot_pilot_v1	GSE292299	GSM8855708_NSCLC_P6	NSCLC	Visium	stroma_fibroblast	immune	SPP1	ITGAV	SPP1	5.720955764818978e-06	1994	168	2.5
commot_pilot_v1	GSE292299	GSM8855708_NSCLC_P6	NSCLC	Visium	stroma_fibroblast	stroma_fibroblast	SPP1	ITGAV	SPP1	0.0007633130402775843	1994	1994	2.5
commot_pilot_v1	GSE292299	GSM8855708_NSCLC_P6	NSCLC	Visium	stroma_fibroblast	endothelial	SPP1	ITGAV	SPP1	4.12193344232164e-08	1994	46	2.5
commot_pilot_v1	GSE292299	GSM8855708_NSCLC_P6	NSCLC	Visium	stroma_fibroblast	ambiguous_or_low_signal	SPP1	ITGAV	SPP1	4.104366818487874e-05	1994	1827	2.5
commot_pilot_v1	GSE292299	GSM8855708_NSCLC_P6	NSCLC	Visium	endothelial	tumor_like	SPP1	ITGAV	SPP1	5.766188032075181e-06	46	6043	2.5
commot_pilot_v1	GSE292299	GSM8855708_NSCLC_P6	NSCLC	Visium	endothelial	immune	SPP1	ITGAV	SPP1	7.213442423690059e-06	46	168	2.5
commot_pilot_v1	GSE292299	GSM8855708_NSCLC_P6	NSCLC	Visium	endothelial	stroma_fibroblast	SPP1	ITGAV	SPP1	7.800668096479601e-06	46	1994	2.5
commot_pilot_v1	GSE292299	GSM8855708_NSCLC_P6	NSCLC	Visium	endothelial	endothelial	SPP1	ITGAV	SPP1	0.005762186835729011	46	46	2.5
commot_pilot_v1	GSE292299	GSM8855708_NSCLC_P6	NSCLC	Visium	endothelial	ambiguous_or_low_signal	SPP1	ITGAV	SPP1	3.323017417568897e-05	46	1827	2.5
commot_pilot_v1	GSE292299	GSM8855708_NSCLC_P6	NSCLC	Visium	ambiguous_or_low_signal	tumor_like	SPP1	ITGAV	SPP1	2.833438130619015e-05	1827	6043	2.5
commot_pilot_v1	GSE292299	GSM8855708_NSCLC_P6	NSCLC	Visium	ambiguous_or_low_signal	immune	SPP1	ITGAV	SPP1	3.4164734444006615e-05	1827	168	2.5
commot_pilot_v1	GSE292299	GSM8855708_NSCLC_P6	NSCLC	Visium	ambiguous_or_low_signal	stroma_fibroblast	SPP1	ITGAV	SPP1	4.071016564106085e-05	1827	1994	2.5
commot_pilot_v1	GSE292299	GSM8855708_NSCLC_P6	NSCLC	Visium	ambiguous_or_low_signal	endothelial	SPP1	ITGAV	SPP1	8.232549257855647e-06	1827	46	2.5
commot_pilot_v1	GSE292299	GSM8855708_NSCLC_P6	NSCLC	Visium	ambiguous_or_low_signal	ambiguous_or_low_signal	SPP1	ITGAV	SPP1	0.0009168739383070512	1827	1827	2.5
commot_pilot_v1	GSE292299	GSM8855708_NSCLC_P6	NSCLC	Visium	tumor_like	tumor_like	MIF	CD74	MIF	0.0020380540304433775	6043	6043	2.5
commot_pilot_v1	GSE292299	GSM8855708_NSCLC_P6	NSCLC	Visium	tumor_like	immune	MIF	CD74	MIF	8.324049799834559e-05	6043	168	2.5
commot_pilot_v1	GSE292299	GSM8855708_NSCLC_P6	NSCLC	Visium	tumor_like	stroma_fibroblast	MIF	CD74	MIF	0.00012321771356619843	6043	1994	2.5
commot_pilot_v1	GSE292299	GSM8855708_NSCLC_P6	NSCLC	Visium	tumor_like	endothelial	MIF	CD74	MIF	1.3000935585651145e-05	6043	46	2.5
commot_pilot_v1	GSE292299	GSM8855708_NSCLC_P6	NSCLC	Visium	tumor_like	ambiguous_or_low_signal	MIF	CD74	MIF	0.0003765504599806194	6043	1827	2.5
commot_pilot_v1	GSE292299	GSM8855708_NSCLC_P6	NSCLC	Visium	immune	tumor_like	MIF	CD74	MIF	1.1924565056292221e-06	168	6043	2.5
commot_pilot_v1	GSE292299	GSM8855708_NSCLC_P6	NSCLC	Visium	immune	immune	MIF	CD74	MIF	0.015644990191573463	168	168	2.5
commot_pilot_v1	GSE292299	GSM8855708_NSCLC_P6	NSCLC	Visium	immune	stroma_fibroblast	MIF	CD74	MIF	3.9426994567352524e-07	168	1994	2.5
commot_pilot_v1	GSE292299	GSM8855708_NSCLC_P6	NSCLC	Visium	immune	endothelial	MIF	CD74	MIF	4.759119706309852e-08	168	46	2.5
commot_pilot_v1	GSE292299	GSM8855708_NSCLC_P6	NSCLC	Visium	immune	ambiguous_or_low_signal	MIF	CD74	MIF	1.0076176597791368e-05	168	1827	2.5
commot_pilot_v1	GSE292299	GSM8855708_NSCLC_P6	NSCLC	Visium	stroma_fibroblast	tumor_like	MIF	CD74	MIF	6.919356994358497e-06	1994	6043	2.5
commot_pilot_v1	GSE292299	GSM8855708_NSCLC_P6	NSCLC	Visium	stroma_fibroblast	immune	MIF	CD74	MIF	1.1112428271638129e-06	1994	168	2.5
commot_pilot_v1	GSE292299	GSM8855708_NSCLC_P6	NSCLC	Visium	stroma_fibroblast	stroma_fibroblast	MIF	CD74	MIF	0.0018684406206558159	1994	1994	2.5
commot_pilot_v1	GSE292299	GSM8855708_NSCLC_P6	NSCLC	Visium	stroma_fibroblast	endothelial	MIF	CD74	MIF	6.993438416484723e-06	1994	46	2.5
commot_pilot_v1	GSE292299	GSM8855708_NSCLC_P6	NSCLC	Visium	stroma_fibroblast	ambiguous_or_low_signal	MIF	CD74	MIF	2.192451612972992e-05	1994	1827	2.5
commot_pilot_v1	GSE292299	GSM8855708_NSCLC_P6	NSCLC	Visium	endothelial	tumor_like	MIF	CD74	MIF	1.6678548315503282e-06	46	6043	2.5
commot_pilot_v1	GSE292299	GSM8855708_NSCLC_P6	NSCLC	Visium	endothelial	immune	MIF	CD74	MIF	6.2109705429321695e-06	46	168	2.5
commot_pilot_v1	GSE292299	GSM8855708_NSCLC_P6	NSCLC	Visium	endothelial	stroma_fibroblast	MIF	CD74	MIF	2.6724435628223465e-06	46	1994	2.5
commot_pilot_v1	GSE292299	GSM8855708_NSCLC_P6	NSCLC	Visium	endothelial	endothelial	MIF	CD74	MIF	0.010833746106981249	46	46	2.5
commot_pilot_v1	GSE292299	GSM8855708_NSCLC_P6	NSCLC	Visium	endothelial	ambiguous_or_low_signal	MIF	CD74	MIF	3.79620539195721e-06	46	1827	2.5
commot_pilot_v1	GSE292299	GSM8855708_NSCLC_P6	NSCLC	Visium	ambiguous_or_low_signal	tumor_like	MIF	CD74	MIF	4.0322893179314504e-05	1827	6043	2.5
commot_pilot_v1	GSE292299	GSM8855708_NSCLC_P6	NSCLC	Visium	ambiguous_or_low_signal	immune	MIF	CD74	MIF	1.8261585093674004e-05	1827	168	2.5
commot_pilot_v1	GSE292299	GSM8855708_NSCLC_P6	NSCLC	Visium	ambiguous_or_low_signal	stroma_fibroblast	MIF	CD74	MIF	0.0002425849386885105	1827	1994	2.5
commot_pilot_v1	GSE292299	GSM8855708_NSCLC_P6	NSCLC	Visium	ambiguous_or_low_signal	endothelial	MIF	CD74	MIF	1.9317319588084222e-05	1827	46	2.5
commot_pilot_v1	GSE292299	GSM8855708_NSCLC_P6	NSCLC	Visium	ambiguous_or_low_signal	ambiguous_or_low_signal	MIF	CD74	MIF	0.003529191893677874	1827	1827	2.5
commot_pilot_v1	GSE292299	GSM8855708_NSCLC_P6	NSCLC	Visium	tumor_like	tumor_like	DLL4	NOTCH1	NOTCH	9.496426592073518e-06	6043	6043	2.5
commot_pilot_v1	GSE292299	GSM8855708_NSCLC_P6	NSCLC	Visium	tumor_like	immune	DLL4	NOTCH1	NOTCH	4.575009599300395e-08	6043	168	2.5
commot_pilot_v1	GSE292299	GSM8855708_NSCLC_P6	NSCLC	Visium	tumor_like	stroma_fibroblast	DLL4	NOTCH1	NOTCH	1.1937678841586647e-07	6043	1994	2.5
commot_pilot_v1	GSE292299	GSM8855708_NSCLC_P6	NSCLC	Visium	tumor_like	endothelial	DLL4	NOTCH1	NOTCH	1.7987034945211432e-06	6043	46	2.5
commot_pilot_v1	GSE292299	GSM8855708_NSCLC_P6	NSCLC	Visium	tumor_like	ambiguous_or_low_signal	DLL4	NOTCH1	NOTCH	1.3790985416793003e-06	6043	1827	2.5
commot_pilot_v1	GSE292299	GSM8855708_NSCLC_P6	NSCLC	Visium	immune	tumor_like	DLL4	NOTCH1	NOTCH	9.8500429461873e-07	168	6043	2.5
commot_pilot_v1	GSE292299	GSM8855708_NSCLC_P6	NSCLC	Visium	immune	immune	DLL4	NOTCH1	NOTCH	2.5413943282717444e-06	168	168	2.5
commot_pilot_v1	GSE292299	GSM8855708_NSCLC_P6	NSCLC	Visium	immune	ambiguous_or_low_signal	DLL4	NOTCH1	NOTCH	6.282324935748364e-06	168	1827	2.5
commot_pilot_v1	GSE292299	GSM8855708_NSCLC_P6	NSCLC	Visium	stroma_fibroblast	tumor_like	DLL4	NOTCH1	NOTCH	4.852272968694534e-07	1994	6043	2.5
commot_pilot_v1	GSE292299	GSM8855708_NSCLC_P6	NSCLC	Visium	stroma_fibroblast	immune	DLL4	NOTCH1	NOTCH	4.430021039955503e-09	1994	168	2.5
commot_pilot_v1	GSE292299	GSM8855708_NSCLC_P6	NSCLC	Visium	stroma_fibroblast	stroma_fibroblast	DLL4	NOTCH1	NOTCH	4.634800195257039e-05	1994	1994	2.5
commot_pilot_v1	GSE292299	GSM8855708_NSCLC_P6	NSCLC	Visium	stroma_fibroblast	ambiguous_or_low_signal	DLL4	NOTCH1	NOTCH	2.434802528995924e-06	1994	1827	2.5
commot_pilot_v1	GSE292299	GSM8855708_NSCLC_P6	NSCLC	Visium	endothelial	tumor_like	DLL4	NOTCH1	NOTCH	1.798723771206218e-06	46	6043	2.5
commot_pilot_v1	GSE292299	GSM8855708_NSCLC_P6	NSCLC	Visium	endothelial	ambiguous_or_low_signal	DLL4	NOTCH1	NOTCH	5.949339181928592e-06	46	1827	2.5
commot_pilot_v1	GSE292299	GSM8855708_NSCLC_P6	NSCLC	Visium	ambiguous_or_low_signal	tumor_like	DLL4	NOTCH1	NOTCH	1.337664626363074e-06	1827	6043	2.5
commot_pilot_v1	GSE292299	GSM8855708_NSCLC_P6	NSCLC	Visium	ambiguous_or_low_signal	immune	DLL4	NOTCH1	NOTCH	5.188306451056564e-06	1827	168	2.5
commot_pilot_v1	GSE292299	GSM8855708_NSCLC_P6	NSCLC	Visium	ambiguous_or_low_signal	stroma_fibroblast	DLL4	NOTCH1	NOTCH	3.125784498631132e-06	1827	1994	2.5
commot_pilot_v1	GSE292299	GSM8855708_NSCLC_P6	NSCLC	Visium	ambiguous_or_low_signal	endothelial	DLL4	NOTCH1	NOTCH	5.949406249256305e-06	1827	46	2.5
commot_pilot_v1	GSE292299	GSM8855708_NSCLC_P6	NSCLC	Visium	ambiguous_or_low_signal	ambiguous_or_low_signal	DLL4	NOTCH1	NOTCH	2.65888975381296e-05	1827	1827	2.5
commot_pilot_v1	GSE292299	GSM8855708_NSCLC_P6	NSCLC	Visium	tumor_like	tumor_like	JAG1	NOTCH2	NOTCH	8.524826034514916e-05	6043	6043	2.5
commot_pilot_v1	GSE292299	GSM8855708_NSCLC_P6	NSCLC	Visium	tumor_like	immune	JAG1	NOTCH2	NOTCH	5.081410650812982e-06	6043	168	2.5
commot_pilot_v1	GSE292299	GSM8855708_NSCLC_P6	NSCLC	Visium	tumor_like	stroma_fibroblast	JAG1	NOTCH2	NOTCH	6.784681089016995e-07	6043	1994	2.5
commot_pilot_v1	GSE292299	GSM8855708_NSCLC_P6	NSCLC	Visium	tumor_like	endothelial	JAG1	NOTCH2	NOTCH	1.4043852506392879e-06	6043	46	2.5
commot_pilot_v1	GSE292299	GSM8855708_NSCLC_P6	NSCLC	Visium	tumor_like	ambiguous_or_low_signal	JAG1	NOTCH2	NOTCH	6.606142984907318e-06	6043	1827	2.5
commot_pilot_v1	GSE292299	GSM8855708_NSCLC_P6	NSCLC	Visium	immune	tumor_like	JAG1	NOTCH2	NOTCH	1.2196315308754847e-05	168	6043	2.5
commot_pilot_v1	GSE292299	GSM8855708_NSCLC_P6	NSCLC	Visium	immune	immune	JAG1	NOTCH2	NOTCH	0.0004522469876956574	168	168	2.5
commot_pilot_v1	GSE292299	GSM8855708_NSCLC_P6	NSCLC	Visium	immune	stroma_fibroblast	JAG1	NOTCH2	NOTCH	4.378240061559293e-06	168	1994	2.5
commot_pilot_v1	GSE292299	GSM8855708_NSCLC_P6	NSCLC	Visium	immune	ambiguous_or_low_signal	JAG1	NOTCH2	NOTCH	6.388573994994122e-05	168	1827	2.5
commot_pilot_v1	GSE292299	GSM8855708_NSCLC_P6	NSCLC	Visium	stroma_fibroblast	tumor_like	JAG1	NOTCH2	NOTCH	6.064976358043123e-06	1994	6043	2.5
commot_pilot_v1	GSE292299	GSM8855708_NSCLC_P6	NSCLC	Visium	stroma_fibroblast	immune	JAG1	NOTCH2	NOTCH	1.4559135875146066e-05	1994	168	2.5
commot_pilot_v1	GSE292299	GSM8855708_NSCLC_P6	NSCLC	Visium	stroma_fibroblast	stroma_fibroblast	JAG1	NOTCH2	NOTCH	0.00026618937391451015	1994	1994	2.5
commot_pilot_v1	GSE292299	GSM8855708_NSCLC_P6	NSCLC	Visium	stroma_fibroblast	ambiguous_or_low_signal	JAG1	NOTCH2	NOTCH	3.909096879365727e-05	1994	1827	2.5
commot_pilot_v1	GSE292299	GSM8855708_NSCLC_P6	NSCLC	Visium	endothelial	tumor_like	JAG1	NOTCH2	NOTCH	3.6158980898593897e-13	46	6043	2.5
commot_pilot_v1	GSE292299	GSM8855708_NSCLC_P6	NSCLC	Visium	endothelial	stroma_fibroblast	JAG1	NOTCH2	NOTCH	5.517980793502513e-10	46	1994	2.5
commot_pilot_v1	GSE292299	GSM8855708_NSCLC_P6	NSCLC	Visium	endothelial	endothelial	JAG1	NOTCH2	NOTCH	0.00011612527586363587	46	46	2.5
commot_pilot_v1	GSE292299	GSM8855708_NSCLC_P6	NSCLC	Visium	endothelial	ambiguous_or_low_signal	JAG1	NOTCH2	NOTCH	3.2700979417689836e-05	46	1827	2.5
commot_pilot_v1	GSE292299	GSM8855708_NSCLC_P6	NSCLC	Visium	ambiguous_or_low_signal	tumor_like	JAG1	NOTCH2	NOTCH	2.1126337552771515e-05	1827	6043	2.5
commot_pilot_v1	GSE292299	GSM8855708_NSCLC_P6	NSCLC	Visium	ambiguous_or_low_signal	immune	JAG1	NOTCH2	NOTCH	5.0104849713111843e-05	1827	168	2.5
commot_pilot_v1	GSE292299	GSM8855708_NSCLC_P6	NSCLC	Visium	ambiguous_or_low_signal	stroma_fibroblast	JAG1	NOTCH2	NOTCH	1.9219919017158693e-05	1827	1994	2.5
commot_pilot_v1	GSE292299	GSM8855708_NSCLC_P6	NSCLC	Visium	ambiguous_or_low_signal	endothelial	JAG1	NOTCH2	NOTCH	1.6228679863286776e-05	1827	46	2.5
commot_pilot_v1	GSE292299	GSM8855708_NSCLC_P6	NSCLC	Visium	ambiguous_or_low_signal	ambiguous_or_low_signal	JAG1	NOTCH2	NOTCH	0.00023616057772917555	1827	1827	2.5
commot_pilot_v1	GSE292299	GSM8855708_NSCLC_P6	NSCLC	Visium	tumor_like	tumor_like	WNT5A	FZD5	WNT	2.5918086183289615e-05	6043	6043	2.5
commot_pilot_v1	GSE292299	GSM8855708_NSCLC_P6	NSCLC	Visium	tumor_like	immune	WNT5A	FZD5	WNT	1.840684302575392e-06	6043	168	2.5
commot_pilot_v1	GSE292299	GSM8855708_NSCLC_P6	NSCLC	Visium	tumor_like	stroma_fibroblast	WNT5A	FZD5	WNT	5.30457699390113e-07	6043	1994	2.5
commot_pilot_v1	GSE292299	GSM8855708_NSCLC_P6	NSCLC	Visium	tumor_like	ambiguous_or_low_signal	WNT5A	FZD5	WNT	2.760436355528709e-06	6043	1827	2.5
commot_pilot_v1	GSE292299	GSM8855708_NSCLC_P6	NSCLC	Visium	immune	tumor_like	WNT5A	FZD5	WNT	4.657302005282009e-06	168	6043	2.5
commot_pilot_v1	GSE292299	GSM8855708_NSCLC_P6	NSCLC	Visium	immune	immune	WNT5A	FZD5	WNT	0.0001408974784695153	168	168	2.5
commot_pilot_v1	GSE292299	GSM8855708_NSCLC_P6	NSCLC	Visium	immune	stroma_fibroblast	WNT5A	FZD5	WNT	6.1454527367933534e-06	168	1994	2.5
commot_pilot_v1	GSE292299	GSM8855708_NSCLC_P6	NSCLC	Visium	immune	ambiguous_or_low_signal	WNT5A	FZD5	WNT	1.2953121280872692e-05	168	1827	2.5
commot_pilot_v1	GSE292299	GSM8855708_NSCLC_P6	NSCLC	Visium	stroma_fibroblast	tumor_like	WNT5A	FZD5	WNT	1.0648458723948083e-06	1994	6043	2.5
commot_pilot_v1	GSE292299	GSM8855708_NSCLC_P6	NSCLC	Visium	stroma_fibroblast	immune	WNT5A	FZD5	WNT	9.919405227817355e-08	1994	168	2.5
commot_pilot_v1	GSE292299	GSM8855708_NSCLC_P6	NSCLC	Visium	stroma_fibroblast	stroma_fibroblast	WNT5A	FZD5	WNT	6.395029873061035e-05	1994	1994	2.5
commot_pilot_v1	GSE292299	GSM8855708_NSCLC_P6	NSCLC	Visium	stroma_fibroblast	ambiguous_or_low_signal	WNT5A	FZD5	WNT	1.4029747722082934e-05	1994	1827	2.5
commot_pilot_v1	GSE292299	GSM8855708_NSCLC_P6	NSCLC	Visium	endothelial	tumor_like	WNT5A	FZD5	WNT	3.597406989042299e-06	46	6043	2.5
commot_pilot_v1	GSE292299	GSM8855708_NSCLC_P6	NSCLC	Visium	ambiguous_or_low_signal	tumor_like	WNT5A	FZD5	WNT	9.76402274138178e-06	1827	6043	2.5
commot_pilot_v1	GSE292299	GSM8855708_NSCLC_P6	NSCLC	Visium	ambiguous_or_low_signal	immune	WNT5A	FZD5	WNT	1.2806055573928554e-05	1827	168	2.5
commot_pilot_v1	GSE292299	GSM8855708_NSCLC_P6	NSCLC	Visium	ambiguous_or_low_signal	stroma_fibroblast	WNT5A	FZD5	WNT	4.527134963711145e-06	1827	1994	2.5
commot_pilot_v1	GSE292299	GSM8855708_NSCLC_P6	NSCLC	Visium	ambiguous_or_low_signal	endothelial	WNT5A	FZD5	WNT	1.1898812498512652e-05	1827	46	2.5
commot_pilot_v1	GSE292299	GSM8855708_NSCLC_P6	NSCLC	Visium	ambiguous_or_low_signal	ambiguous_or_low_signal	WNT5A	FZD5	WNT	4.001999686260432e-05	1827	1827	2.5
commot_pilot_v1	GSE292299	GSM8855708_NSCLC_P6	NSCLC	Visium	tumor_like	tumor_like	EGF	EGFR	EGF/ERBB	4.549580299030595e-05	6043	6043	2.5
commot_pilot_v1	GSE292299	GSM8855708_NSCLC_P6	NSCLC	Visium	tumor_like	immune	EGF	EGFR	EGF/ERBB	2.866339644162624e-08	6043	168	2.5
commot_pilot_v1	GSE292299	GSM8855708_NSCLC_P6	NSCLC	Visium	tumor_like	stroma_fibroblast	EGF	EGFR	EGF/ERBB	1.6656189082364547e-07	6043	1994	2.5
commot_pilot_v1	GSE292299	GSM8855708_NSCLC_P6	NSCLC	Visium	tumor_like	ambiguous_or_low_signal	EGF	EGFR	EGF/ERBB	1.3009992256727747e-06	6043	1827	2.5
commot_pilot_v1	GSE292299	GSM8855708_NSCLC_P6	NSCLC	Visium	immune	tumor_like	EGF	EGFR	EGF/ERBB	4.90734459519555e-07	168	6043	2.5
commot_pilot_v1	GSE292299	GSM8855708_NSCLC_P6	NSCLC	Visium	immune	immune	EGF	EGFR	EGF/ERBB	0.0001453076423240922	168	168	2.5
commot_pilot_v1	GSE292299	GSM8855708_NSCLC_P6	NSCLC	Visium	immune	ambiguous_or_low_signal	EGF	EGFR	EGF/ERBB	5.436325629549086e-06	168	1827	2.5
commot_pilot_v1	GSE292299	GSM8855708_NSCLC_P6	NSCLC	Visium	stroma_fibroblast	tumor_like	EGF	EGFR	EGF/ERBB	8.626870419575262e-07	1994	6043	2.5
commot_pilot_v1	GSE292299	GSM8855708_NSCLC_P6	NSCLC	Visium	stroma_fibroblast	stroma_fibroblast	EGF	EGFR	EGF/ERBB	3.3154025983458726e-05	1994	1994	2.5
commot_pilot_v1	GSE292299	GSM8855708_NSCLC_P6	NSCLC	Visium	stroma_fibroblast	ambiguous_or_low_signal	EGF	EGFR	EGF/ERBB	4.1745129742092504e-06	1994	1827	2.5
commot_pilot_v1	GSE292299	GSM8855708_NSCLC_P6	NSCLC	Visium	endothelial	endothelial	EGF	EGFR	EGF/ERBB	0.00047181120875485453	46	46	2.5
commot_pilot_v1	GSE292299	GSM8855708_NSCLC_P6	NSCLC	Visium	ambiguous_or_low_signal	tumor_like	EGF	EGFR	EGF/ERBB	2.018884499779123e-06	1827	6043	2.5
commot_pilot_v1	GSE292299	GSM8855708_NSCLC_P6	NSCLC	Visium	ambiguous_or_low_signal	immune	EGF	EGFR	EGF/ERBB	1.0732114496553621e-05	1827	168	2.5
commot_pilot_v1	GSE292299	GSM8855708_NSCLC_P6	NSCLC	Visium	ambiguous_or_low_signal	stroma_fibroblast	EGF	EGFR	EGF/ERBB	2.740968446909848e-06	1827	1994	2.5
commot_pilot_v1	GSE292299	GSM8855708_NSCLC_P6	NSCLC	Visium	ambiguous_or_low_signal	ambiguous_or_low_signal	EGF	EGFR	EGF/ERBB	4.698763489564698e-05	1827	1827	2.5
commot_pilot_v1	GSE292299	GSM8855708_NSCLC_P6	NSCLC	Visium	tumor_like	tumor_like	HBEGF	EGFR	EGF/ERBB	6.166860706518051e-05	6043	6043	2.5
commot_pilot_v1	GSE292299	GSM8855708_NSCLC_P6	NSCLC	Visium	tumor_like	immune	HBEGF	EGFR	EGF/ERBB	2.5467911585291955e-06	6043	168	2.5
commot_pilot_v1	GSE292299	GSM8855708_NSCLC_P6	NSCLC	Visium	tumor_like	stroma_fibroblast	HBEGF	EGFR	EGF/ERBB	3.031154658461494e-07	6043	1994	2.5
commot_pilot_v1	GSE292299	GSM8855708_NSCLC_P6	NSCLC	Visium	tumor_like	endothelial	HBEGF	EGFR	EGF/ERBB	2.839685162453536e-06	6043	46	2.5
commot_pilot_v1	GSE292299	GSM8855708_NSCLC_P6	NSCLC	Visium	tumor_like	ambiguous_or_low_signal	HBEGF	EGFR	EGF/ERBB	3.5464196103509078e-06	6043	1827	2.5
commot_pilot_v1	GSE292299	GSM8855708_NSCLC_P6	NSCLC	Visium	immune	tumor_like	HBEGF	EGFR	EGF/ERBB	3.4906781179047746e-05	168	6043	2.5
commot_pilot_v1	GSE292299	GSM8855708_NSCLC_P6	NSCLC	Visium	immune	immune	HBEGF	EGFR	EGF/ERBB	0.0004881547767784961	168	168	2.5
commot_pilot_v1	GSE292299	GSM8855708_NSCLC_P6	NSCLC	Visium	immune	stroma_fibroblast	HBEGF	EGFR	EGF/ERBB	9.315494306409941e-06	168	1994	2.5
commot_pilot_v1	GSE292299	GSM8855708_NSCLC_P6	NSCLC	Visium	immune	ambiguous_or_low_signal	HBEGF	EGFR	EGF/ERBB	3.622766857387866e-05	168	1827	2.5
commot_pilot_v1	GSE292299	GSM8855708_NSCLC_P6	NSCLC	Visium	stroma_fibroblast	tumor_like	HBEGF	EGFR	EGF/ERBB	3.9056111810298555e-06	1994	6043	2.5
commot_pilot_v1	GSE292299	GSM8855708_NSCLC_P6	NSCLC	Visium	stroma_fibroblast	immune	HBEGF	EGFR	EGF/ERBB	9.524043011305374e-06	1994	168	2.5
commot_pilot_v1	GSE292299	GSM8855708_NSCLC_P6	NSCLC	Visium	stroma_fibroblast	stroma_fibroblast	HBEGF	EGFR	EGF/ERBB	0.00013267675775058247	1994	1994	2.5
commot_pilot_v1	GSE292299	GSM8855708_NSCLC_P6	NSCLC	Visium	stroma_fibroblast	endothelial	HBEGF	EGFR	EGF/ERBB	9.61055265900101e-06	1994	46	2.5
commot_pilot_v1	GSE292299	GSM8855708_NSCLC_P6	NSCLC	Visium	stroma_fibroblast	ambiguous_or_low_signal	HBEGF	EGFR	EGF/ERBB	2.8932232798163142e-05	1994	1827	2.5
commot_pilot_v1	GSE292299	GSM8855708_NSCLC_P6	NSCLC	Visium	endothelial	tumor_like	HBEGF	EGFR	EGF/ERBB	3.5986617682174056e-06	46	6043	2.5
commot_pilot_v1	GSE292299	GSM8855708_NSCLC_P6	NSCLC	Visium	endothelial	stroma_fibroblast	HBEGF	EGFR	EGF/ERBB	1.0902272033491775e-05	46	1994	2.5
commot_pilot_v1	GSE292299	GSM8855708_NSCLC_P6	NSCLC	Visium	endothelial	endothelial	HBEGF	EGFR	EGF/ERBB	0.0016030108211523477	46	46	2.5
commot_pilot_v1	GSE292299	GSM8855708_NSCLC_P6	NSCLC	Visium	endothelial	ambiguous_or_low_signal	HBEGF	EGFR	EGF/ERBB	1.867079476149847e-05	46	1827	2.5
commot_pilot_v1	GSE292299	GSM8855708_NSCLC_P6	NSCLC	Visium	ambiguous_or_low_signal	tumor_like	HBEGF	EGFR	EGF/ERBB	1.769548104134805e-05	1827	6043	2.5
commot_pilot_v1	GSE292299	GSM8855708_NSCLC_P6	NSCLC	Visium	ambiguous_or_low_signal	immune	HBEGF	EGFR	EGF/ERBB	5.103514443986913e-05	1827	168	2.5
commot_pilot_v1	GSE292299	GSM8855708_NSCLC_P6	NSCLC	Visium	ambiguous_or_low_signal	stroma_fibroblast	HBEGF	EGFR	EGF/ERBB	8.070282494436849e-06	1827	1994	2.5
commot_pilot_v1	GSE292299	GSM8855708_NSCLC_P6	NSCLC	Visium	ambiguous_or_low_signal	ambiguous_or_low_signal	HBEGF	EGFR	EGF/ERBB	0.00013765205922919042	1827	1827	2.5
commot_pilot_v1	GSE292299	GSM8855708_NSCLC_P6	NSCLC	Visium	tumor_like	tumor_like	COL1A1	ITGA2	ECM-integrin	0.0005730330824713925	6043	6043	2.5
commot_pilot_v1	GSE292299	GSM8855708_NSCLC_P6	NSCLC	Visium	tumor_like	immune	COL1A1	ITGA2	ECM-integrin	4.546587515685255e-06	6043	168	2.5
commot_pilot_v1	GSE292299	GSM8855708_NSCLC_P6	NSCLC	Visium	tumor_like	stroma_fibroblast	COL1A1	ITGA2	ECM-integrin	4.757376111396018e-07	6043	1994	2.5
commot_pilot_v1	GSE292299	GSM8855708_NSCLC_P6	NSCLC	Visium	tumor_like	endothelial	COL1A1	ITGA2	ECM-integrin	3.5999739395481115e-06	6043	46	2.5
commot_pilot_v1	GSE292299	GSM8855708_NSCLC_P6	NSCLC	Visium	tumor_like	ambiguous_or_low_signal	COL1A1	ITGA2	ECM-integrin	4.3820607846892646e-06	6043	1827	2.5
commot_pilot_v1	GSE292299	GSM8855708_NSCLC_P6	NSCLC	Visium	immune	tumor_like	COL1A1	ITGA2	ECM-integrin	7.153634277379687e-06	168	6043	2.5
commot_pilot_v1	GSE292299	GSM8855708_NSCLC_P6	NSCLC	Visium	immune	immune	COL1A1	ITGA2	ECM-integrin	0.0016314773418234592	168	168	2.5
commot_pilot_v1	GSE292299	GSM8855708_NSCLC_P6	NSCLC	Visium	immune	stroma_fibroblast	COL1A1	ITGA2	ECM-integrin	1.481194557900138e-07	168	1994	2.5
commot_pilot_v1	GSE292299	GSM8855708_NSCLC_P6	NSCLC	Visium	immune	endothelial	COL1A1	ITGA2	ECM-integrin	2.1626205420750362e-05	168	46	2.5
commot_pilot_v1	GSE292299	GSM8855708_NSCLC_P6	NSCLC	Visium	immune	ambiguous_or_low_signal	COL1A1	ITGA2	ECM-integrin	1.772339274044721e-05	168	1827	2.5
commot_pilot_v1	GSE292299	GSM8855708_NSCLC_P6	NSCLC	Visium	stroma_fibroblast	tumor_like	COL1A1	ITGA2	ECM-integrin	1.2948524464047614e-06	1994	6043	2.5
commot_pilot_v1	GSE292299	GSM8855708_NSCLC_P6	NSCLC	Visium	stroma_fibroblast	immune	COL1A1	ITGA2	ECM-integrin	3.0656138620226526e-06	1994	168	2.5
commot_pilot_v1	GSE292299	GSM8855708_NSCLC_P6	NSCLC	Visium	stroma_fibroblast	stroma_fibroblast	COL1A1	ITGA2	ECM-integrin	0.00036136993994336945	1994	1994	2.5
commot_pilot_v1	GSE292299	GSM8855708_NSCLC_P6	NSCLC	Visium	stroma_fibroblast	endothelial	COL1A1	ITGA2	ECM-integrin	2.1928517367434193e-06	1994	46	2.5
commot_pilot_v1	GSE292299	GSM8855708_NSCLC_P6	NSCLC	Visium	stroma_fibroblast	ambiguous_or_low_signal	COL1A1	ITGA2	ECM-integrin	3.2905041345344067e-06	1994	1827	2.5
commot_pilot_v1	GSE292299	GSM8855708_NSCLC_P6	NSCLC	Visium	endothelial	stroma_fibroblast	COL1A1	ITGA2	ECM-integrin	2.5306498340238407e-10	46	1994	2.5
commot_pilot_v1	GSE292299	GSM8855708_NSCLC_P6	NSCLC	Visium	endothelial	endothelial	COL1A1	ITGA2	ECM-integrin	0.00044709076792786076	46	46	2.5
commot_pilot_v1	GSE292299	GSM8855708_NSCLC_P6	NSCLC	Visium	endothelial	ambiguous_or_low_signal	COL1A1	ITGA2	ECM-integrin	3.9339621072207315e-06	46	1827	2.5
commot_pilot_v1	GSE292299	GSM8855708_NSCLC_P6	NSCLC	Visium	ambiguous_or_low_signal	tumor_like	COL1A1	ITGA2	ECM-integrin	1.8280041492531343e-05	1827	6043	2.5
commot_pilot_v1	GSE292299	GSM8855708_NSCLC_P6	NSCLC	Visium	ambiguous_or_low_signal	immune	COL1A1	ITGA2	ECM-integrin	2.5064145591213655e-05	1827	168	2.5
commot_pilot_v1	GSE292299	GSM8855708_NSCLC_P6	NSCLC	Visium	ambiguous_or_low_signal	stroma_fibroblast	COL1A1	ITGA2	ECM-integrin	2.8541980480385203e-06	1827	1994	2.5
commot_pilot_v1	GSE292299	GSM8855708_NSCLC_P6	NSCLC	Visium	ambiguous_or_low_signal	endothelial	COL1A1	ITGA2	ECM-integrin	2.004923646634218e-05	1827	46	2.5
commot_pilot_v1	GSE292299	GSM8855708_NSCLC_P6	NSCLC	Visium	ambiguous_or_low_signal	ambiguous_or_low_signal	COL1A1	ITGA2	ECM-integrin	0.0007761867487963022	1827	1827	2.5
commot_pilot_v1	GSE292299	GSM8855709_NSCLC_P7	NSCLC	Visium	tumor_like	tumor_like	TGFB1	TGFBR1	TGFB	0.0001072872857401611	2536	2536	2.5
commot_pilot_v1	GSE292299	GSM8855709_NSCLC_P7	NSCLC	Visium	tumor_like	immune	TGFB1	TGFBR1	TGFB	1.346350409459605e-06	2536	334	2.5
commot_pilot_v1	GSE292299	GSM8855709_NSCLC_P7	NSCLC	Visium	tumor_like	stroma_fibroblast	TGFB1	TGFBR1	TGFB	2.4167429488320236e-06	2536	933	2.5
commot_pilot_v1	GSE292299	GSM8855709_NSCLC_P7	NSCLC	Visium	tumor_like	endothelial	TGFB1	TGFBR1	TGFB	5.387058650225123e-06	2536	34	2.5
commot_pilot_v1	GSE292299	GSM8855709_NSCLC_P7	NSCLC	Visium	tumor_like	ambiguous_or_low_signal	TGFB1	TGFBR1	TGFB	7.370919395577955e-06	2536	1868	2.5
commot_pilot_v1	GSE292299	GSM8855709_NSCLC_P7	NSCLC	Visium	immune	tumor_like	TGFB1	TGFBR1	TGFB	5.229337891886507e-06	334	2536	2.5
commot_pilot_v1	GSE292299	GSM8855709_NSCLC_P7	NSCLC	Visium	immune	immune	TGFB1	TGFBR1	TGFB	0.0007436087977840216	334	334	2.5
commot_pilot_v1	GSE292299	GSM8855709_NSCLC_P7	NSCLC	Visium	immune	stroma_fibroblast	TGFB1	TGFBR1	TGFB	6.4232833443011165e-06	334	933	2.5
commot_pilot_v1	GSE292299	GSM8855709_NSCLC_P7	NSCLC	Visium	immune	ambiguous_or_low_signal	TGFB1	TGFBR1	TGFB	8.787678304741308e-06	334	1868	2.5
commot_pilot_v1	GSE292299	GSM8855709_NSCLC_P7	NSCLC	Visium	stroma_fibroblast	tumor_like	TGFB1	TGFBR1	TGFB	4.0391931253588715e-06	933	2536	2.5
commot_pilot_v1	GSE292299	GSM8855709_NSCLC_P7	NSCLC	Visium	stroma_fibroblast	immune	TGFB1	TGFBR1	TGFB	3.7318382741026957e-06	933	334	2.5
commot_pilot_v1	GSE292299	GSM8855709_NSCLC_P7	NSCLC	Visium	stroma_fibroblast	stroma_fibroblast	TGFB1	TGFBR1	TGFB	0.0004176862699155338	933	933	2.5
commot_pilot_v1	GSE292299	GSM8855709_NSCLC_P7	NSCLC	Visium	stroma_fibroblast	endothelial	TGFB1	TGFBR1	TGFB	1.4444460396864342e-05	933	34	2.5
commot_pilot_v1	GSE292299	GSM8855709_NSCLC_P7	NSCLC	Visium	stroma_fibroblast	ambiguous_or_low_signal	TGFB1	TGFBR1	TGFB	1.0982602039151675e-05	933	1868	2.5
commot_pilot_v1	GSE292299	GSM8855709_NSCLC_P7	NSCLC	Visium	endothelial	tumor_like	TGFB1	TGFBR1	TGFB	3.8101855065319156e-06	34	2536	2.5
commot_pilot_v1	GSE292299	GSM8855709_NSCLC_P7	NSCLC	Visium	endothelial	immune	TGFB1	TGFBR1	TGFB	2.7951987913040067e-05	34	334	2.5
commot_pilot_v1	GSE292299	GSM8855709_NSCLC_P7	NSCLC	Visium	endothelial	stroma_fibroblast	TGFB1	TGFBR1	TGFB	4.714447012555031e-06	34	933	2.5
commot_pilot_v1	GSE292299	GSM8855709_NSCLC_P7	NSCLC	Visium	endothelial	endothelial	TGFB1	TGFBR1	TGFB	0.001510329501798643	34	34	2.5
commot_pilot_v1	GSE292299	GSM8855709_NSCLC_P7	NSCLC	Visium	endothelial	ambiguous_or_low_signal	TGFB1	TGFBR1	TGFB	1.6187949889287168e-05	34	1868	2.5
commot_pilot_v1	GSE292299	GSM8855709_NSCLC_P7	NSCLC	Visium	ambiguous_or_low_signal	tumor_like	TGFB1	TGFBR1	TGFB	6.9867792728949944e-06	1868	2536	2.5
commot_pilot_v1	GSE292299	GSM8855709_NSCLC_P7	NSCLC	Visium	ambiguous_or_low_signal	immune	TGFB1	TGFBR1	TGFB	1.1135266121040626e-05	1868	334	2.5
commot_pilot_v1	GSE292299	GSM8855709_NSCLC_P7	NSCLC	Visium	ambiguous_or_low_signal	stroma_fibroblast	TGFB1	TGFBR1	TGFB	1.1659651743328627e-05	1868	933	2.5
commot_pilot_v1	GSE292299	GSM8855709_NSCLC_P7	NSCLC	Visium	ambiguous_or_low_signal	endothelial	TGFB1	TGFBR1	TGFB	1.2293312405871052e-05	1868	34	2.5
commot_pilot_v1	GSE292299	GSM8855709_NSCLC_P7	NSCLC	Visium	ambiguous_or_low_signal	ambiguous_or_low_signal	TGFB1	TGFBR1	TGFB	0.00012554686962595475	1868	1868	2.5
commot_pilot_v1	GSE292299	GSM8855709_NSCLC_P7	NSCLC	Visium	tumor_like	tumor_like	TGFB1	TGFBR2	TGFB	0.0001572686427277424	2536	2536	2.5
commot_pilot_v1	GSE292299	GSM8855709_NSCLC_P7	NSCLC	Visium	tumor_like	immune	TGFB1	TGFBR2	TGFB	1.3607253948934404e-06	2536	334	2.5
commot_pilot_v1	GSE292299	GSM8855709_NSCLC_P7	NSCLC	Visium	tumor_like	stroma_fibroblast	TGFB1	TGFBR2	TGFB	1.2556207916797884e-06	2536	933	2.5
commot_pilot_v1	GSE292299	GSM8855709_NSCLC_P7	NSCLC	Visium	tumor_like	endothelial	TGFB1	TGFBR2	TGFB	4.0142059921403315e-06	2536	34	2.5
commot_pilot_v1	GSE292299	GSM8855709_NSCLC_P7	NSCLC	Visium	tumor_like	ambiguous_or_low_signal	TGFB1	TGFBR2	TGFB	4.388138584546068e-06	2536	1868	2.5
commot_pilot_v1	GSE292299	GSM8855709_NSCLC_P7	NSCLC	Visium	immune	tumor_like	TGFB1	TGFBR2	TGFB	2.393826837279975e-06	334	2536	2.5
commot_pilot_v1	GSE292299	GSM8855709_NSCLC_P7	NSCLC	Visium	immune	immune	TGFB1	TGFBR2	TGFB	0.000808578023430263	334	334	2.5
commot_pilot_v1	GSE292299	GSM8855709_NSCLC_P7	NSCLC	Visium	immune	stroma_fibroblast	TGFB1	TGFBR2	TGFB	5.583240280748854e-06	334	933	2.5
commot_pilot_v1	GSE292299	GSM8855709_NSCLC_P7	NSCLC	Visium	immune	endothelial	TGFB1	TGFBR2	TGFB	1.2215392288798146e-05	334	34	2.5
commot_pilot_v1	GSE292299	GSM8855709_NSCLC_P7	NSCLC	Visium	immune	ambiguous_or_low_signal	TGFB1	TGFBR2	TGFB	1.3662448722174463e-05	334	1868	2.5
commot_pilot_v1	GSE292299	GSM8855709_NSCLC_P7	NSCLC	Visium	stroma_fibroblast	tumor_like	TGFB1	TGFBR2	TGFB	4.6208124155615693e-07	933	2536	2.5
commot_pilot_v1	GSE292299	GSM8855709_NSCLC_P7	NSCLC	Visium	stroma_fibroblast	immune	TGFB1	TGFBR2	TGFB	3.337099878330636e-06	933	334	2.5
commot_pilot_v1	GSE292299	GSM8855709_NSCLC_P7	NSCLC	Visium	stroma_fibroblast	stroma_fibroblast	TGFB1	TGFBR2	TGFB	0.0006385009352543554	933	933	2.5
commot_pilot_v1	GSE292299	GSM8855709_NSCLC_P7	NSCLC	Visium	stroma_fibroblast	endothelial	TGFB1	TGFBR2	TGFB	3.752277555618264e-07	933	34	2.5
commot_pilot_v1	GSE292299	GSM8855709_NSCLC_P7	NSCLC	Visium	stroma_fibroblast	ambiguous_or_low_signal	TGFB1	TGFBR2	TGFB	2.764372836253924e-06	933	1868	2.5
commot_pilot_v1	GSE292299	GSM8855709_NSCLC_P7	NSCLC	Visium	endothelial	tumor_like	TGFB1	TGFBR2	TGFB	3.935506561107148e-06	34	2536	2.5
commot_pilot_v1	GSE292299	GSM8855709_NSCLC_P7	NSCLC	Visium	endothelial	immune	TGFB1	TGFBR2	TGFB	3.080633343747127e-05	34	334	2.5
commot_pilot_v1	GSE292299	GSM8855709_NSCLC_P7	NSCLC	Visium	endothelial	stroma_fibroblast	TGFB1	TGFBR2	TGFB	6.344862846885111e-08	34	933	2.5
commot_pilot_v1	GSE292299	GSM8855709_NSCLC_P7	NSCLC	Visium	endothelial	endothelial	TGFB1	TGFBR2	TGFB	0.002333681124591129	34	34	2.5
commot_pilot_v1	GSE292299	GSM8855709_NSCLC_P7	NSCLC	Visium	endothelial	ambiguous_or_low_signal	TGFB1	TGFBR2	TGFB	8.526045265524311e-06	34	1868	2.5
commot_pilot_v1	GSE292299	GSM8855709_NSCLC_P7	NSCLC	Visium	ambiguous_or_low_signal	tumor_like	TGFB1	TGFBR2	TGFB	4.414357107824072e-06	1868	2536	2.5
commot_pilot_v1	GSE292299	GSM8855709_NSCLC_P7	NSCLC	Visium	ambiguous_or_low_signal	immune	TGFB1	TGFBR2	TGFB	6.8341790381833e-06	1868	334	2.5
commot_pilot_v1	GSE292299	GSM8855709_NSCLC_P7	NSCLC	Visium	ambiguous_or_low_signal	stroma_fibroblast	TGFB1	TGFBR2	TGFB	5.179294086741033e-06	1868	933	2.5
commot_pilot_v1	GSE292299	GSM8855709_NSCLC_P7	NSCLC	Visium	ambiguous_or_low_signal	endothelial	TGFB1	TGFBR2	TGFB	1.2293557680167134e-05	1868	34	2.5
commot_pilot_v1	GSE292299	GSM8855709_NSCLC_P7	NSCLC	Visium	ambiguous_or_low_signal	ambiguous_or_low_signal	TGFB1	TGFBR2	TGFB	0.0001622531700114183	1868	1868	2.5
commot_pilot_v1	GSE292299	GSM8855709_NSCLC_P7	NSCLC	Visium	tumor_like	tumor_like	CXCL12	CXCR4	CXCL chemokine	0.00014526541565897217	2536	2536	2.5
commot_pilot_v1	GSE292299	GSM8855709_NSCLC_P7	NSCLC	Visium	tumor_like	immune	CXCL12	CXCR4	CXCL chemokine	2.178305428974543e-06	2536	334	2.5
commot_pilot_v1	GSE292299	GSM8855709_NSCLC_P7	NSCLC	Visium	tumor_like	stroma_fibroblast	CXCL12	CXCR4	CXCL chemokine	3.1259620605229368e-06	2536	933	2.5
commot_pilot_v1	GSE292299	GSM8855709_NSCLC_P7	NSCLC	Visium	tumor_like	endothelial	CXCL12	CXCR4	CXCL chemokine	6.280579386965825e-34	2536	34	2.5
commot_pilot_v1	GSE292299	GSM8855709_NSCLC_P7	NSCLC	Visium	tumor_like	ambiguous_or_low_signal	CXCL12	CXCR4	CXCL chemokine	8.804747717233445e-06	2536	1868	2.5
commot_pilot_v1	GSE292299	GSM8855709_NSCLC_P7	NSCLC	Visium	immune	tumor_like	CXCL12	CXCR4	CXCL chemokine	1.0081950299427074e-06	334	2536	2.5
commot_pilot_v1	GSE292299	GSM8855709_NSCLC_P7	NSCLC	Visium	immune	immune	CXCL12	CXCR4	CXCL chemokine	0.0008971524554660247	334	334	2.5
commot_pilot_v1	GSE292299	GSM8855709_NSCLC_P7	NSCLC	Visium	immune	stroma_fibroblast	CXCL12	CXCR4	CXCL chemokine	9.70951381506144e-06	334	933	2.5
commot_pilot_v1	GSE292299	GSM8855709_NSCLC_P7	NSCLC	Visium	immune	endothelial	CXCL12	CXCR4	CXCL chemokine	1.5700999723867107e-06	334	34	2.5
commot_pilot_v1	GSE292299	GSM8855709_NSCLC_P7	NSCLC	Visium	immune	ambiguous_or_low_signal	CXCL12	CXCR4	CXCL chemokine	2.377758584978646e-05	334	1868	2.5
commot_pilot_v1	GSE292299	GSM8855709_NSCLC_P7	NSCLC	Visium	stroma_fibroblast	tumor_like	CXCL12	CXCR4	CXCL chemokine	3.097246941910988e-05	933	2536	2.5
commot_pilot_v1	GSE292299	GSM8855709_NSCLC_P7	NSCLC	Visium	stroma_fibroblast	immune	CXCL12	CXCR4	CXCL chemokine	1.1937410616206768e-05	933	334	2.5
commot_pilot_v1	GSE292299	GSM8855709_NSCLC_P7	NSCLC	Visium	stroma_fibroblast	stroma_fibroblast	CXCL12	CXCR4	CXCL chemokine	0.0024038168996289937	933	933	2.5
commot_pilot_v1	GSE292299	GSM8855709_NSCLC_P7	NSCLC	Visium	stroma_fibroblast	endothelial	CXCL12	CXCR4	CXCL chemokine	9.457159069415536e-05	933	34	2.5
commot_pilot_v1	GSE292299	GSM8855709_NSCLC_P7	NSCLC	Visium	stroma_fibroblast	ambiguous_or_low_signal	CXCL12	CXCR4	CXCL chemokine	7.238295281687163e-05	933	1868	2.5
commot_pilot_v1	GSE292299	GSM8855709_NSCLC_P7	NSCLC	Visium	ambiguous_or_low_signal	tumor_like	CXCL12	CXCR4	CXCL chemokine	2.2601019087382373e-05	1868	2536	2.5
commot_pilot_v1	GSE292299	GSM8855709_NSCLC_P7	NSCLC	Visium	ambiguous_or_low_signal	immune	CXCL12	CXCR4	CXCL chemokine	2.9130874409923436e-05	1868	334	2.5
commot_pilot_v1	GSE292299	GSM8855709_NSCLC_P7	NSCLC	Visium	ambiguous_or_low_signal	stroma_fibroblast	CXCL12	CXCR4	CXCL chemokine	1.8149115071164056e-05	1868	933	2.5
commot_pilot_v1	GSE292299	GSM8855709_NSCLC_P7	NSCLC	Visium	ambiguous_or_low_signal	endothelial	CXCL12	CXCR4	CXCL chemokine	5.537886919589583e-05	1868	34	2.5
commot_pilot_v1	GSE292299	GSM8855709_NSCLC_P7	NSCLC	Visium	ambiguous_or_low_signal	ambiguous_or_low_signal	CXCL12	CXCR4	CXCL chemokine	0.00022838902974157277	1868	1868	2.5
commot_pilot_v1	GSE292299	GSM8855709_NSCLC_P7	NSCLC	Visium	tumor_like	tumor_like	CXCL9	CXCR3	CXCL chemokine	5.273427696301604e-06	2536	2536	2.5
commot_pilot_v1	GSE292299	GSM8855709_NSCLC_P7	NSCLC	Visium	tumor_like	immune	CXCL9	CXCR3	CXCL chemokine	2.2169997304938847e-07	2536	334	2.5
commot_pilot_v1	GSE292299	GSM8855709_NSCLC_P7	NSCLC	Visium	tumor_like	stroma_fibroblast	CXCL9	CXCR3	CXCL chemokine	3.530920674217347e-07	2536	933	2.5
commot_pilot_v1	GSE292299	GSM8855709_NSCLC_P7	NSCLC	Visium	tumor_like	ambiguous_or_low_signal	CXCL9	CXCR3	CXCL chemokine	8.915539017898951e-07	2536	1868	2.5
commot_pilot_v1	GSE292299	GSM8855709_NSCLC_P7	NSCLC	Visium	immune	immune	CXCL9	CXCR3	CXCL chemokine	5.821972616998708e-05	334	334	2.5
commot_pilot_v1	GSE292299	GSM8855709_NSCLC_P7	NSCLC	Visium	immune	stroma_fibroblast	CXCL9	CXCR3	CXCL chemokine	3.2090160514982917e-06	334	933	2.5
commot_pilot_v1	GSE292299	GSM8855709_NSCLC_P7	NSCLC	Visium	immune	ambiguous_or_low_signal	CXCL9	CXCR3	CXCL chemokine	3.2800244192360483e-06	334	1868	2.5
commot_pilot_v1	GSE292299	GSM8855709_NSCLC_P7	NSCLC	Visium	stroma_fibroblast	tumor_like	CXCL9	CXCR3	CXCL chemokine	5.745575787932503e-07	933	2536	2.5
commot_pilot_v1	GSE292299	GSM8855709_NSCLC_P7	NSCLC	Visium	stroma_fibroblast	stroma_fibroblast	CXCL9	CXCR3	CXCL chemokine	2.427504355376631e-05	933	933	2.5
commot_pilot_v1	GSE292299	GSM8855709_NSCLC_P7	NSCLC	Visium	stroma_fibroblast	ambiguous_or_low_signal	CXCL9	CXCR3	CXCL chemokine	1.5800840073699273e-06	933	1868	2.5
commot_pilot_v1	GSE292299	GSM8855709_NSCLC_P7	NSCLC	Visium	ambiguous_or_low_signal	tumor_like	CXCL9	CXCR3	CXCL chemokine	8.147192459342163e-07	1868	2536	2.5
commot_pilot_v1	GSE292299	GSM8855709_NSCLC_P7	NSCLC	Visium	ambiguous_or_low_signal	immune	CXCL9	CXCR3	CXCL chemokine	3.714394064241082e-06	1868	334	2.5
commot_pilot_v1	GSE292299	GSM8855709_NSCLC_P7	NSCLC	Visium	ambiguous_or_low_signal	stroma_fibroblast	CXCL9	CXCR3	CXCL chemokine	4.602527361206435e-06	1868	933	2.5
commot_pilot_v1	GSE292299	GSM8855709_NSCLC_P7	NSCLC	Visium	ambiguous_or_low_signal	ambiguous_or_low_signal	CXCL9	CXCR3	CXCL chemokine	5.689944775526015e-06	1868	1868	2.5
commot_pilot_v1	GSE292299	GSM8855709_NSCLC_P7	NSCLC	Visium	tumor_like	tumor_like	CCL2	CCR2	CCL chemokine	1.0254937796680686e-05	2536	2536	2.5
commot_pilot_v1	GSE292299	GSM8855709_NSCLC_P7	NSCLC	Visium	tumor_like	immune	CCL2	CCR2	CCL chemokine	3.449479553186784e-08	2536	334	2.5
commot_pilot_v1	GSE292299	GSM8855709_NSCLC_P7	NSCLC	Visium	tumor_like	stroma_fibroblast	CCL2	CCR2	CCL chemokine	9.305258643134669e-07	2536	933	2.5
commot_pilot_v1	GSE292299	GSM8855709_NSCLC_P7	NSCLC	Visium	tumor_like	ambiguous_or_low_signal	CCL2	CCR2	CCL chemokine	1.6811599830340332e-06	2536	1868	2.5
commot_pilot_v1	GSE292299	GSM8855709_NSCLC_P7	NSCLC	Visium	immune	tumor_like	CCL2	CCR2	CCL chemokine	1.7039131586355658e-09	334	2536	2.5
commot_pilot_v1	GSE292299	GSM8855709_NSCLC_P7	NSCLC	Visium	immune	immune	CCL2	CCR2	CCL chemokine	1.843607708012471e-05	334	334	2.5
commot_pilot_v1	GSE292299	GSM8855709_NSCLC_P7	NSCLC	Visium	immune	ambiguous_or_low_signal	CCL2	CCR2	CCL chemokine	4.9628154739815586e-06	334	1868	2.5
commot_pilot_v1	GSE292299	GSM8855709_NSCLC_P7	NSCLC	Visium	stroma_fibroblast	tumor_like	CCL2	CCR2	CCL chemokine	8.969943908194086e-08	933	2536	2.5
commot_pilot_v1	GSE292299	GSM8855709_NSCLC_P7	NSCLC	Visium	stroma_fibroblast	stroma_fibroblast	CCL2	CCR2	CCL chemokine	9.480917222262084e-05	933	933	2.5
commot_pilot_v1	GSE292299	GSM8855709_NSCLC_P7	NSCLC	Visium	stroma_fibroblast	ambiguous_or_low_signal	CCL2	CCR2	CCL chemokine	1.1389968534108065e-06	933	1868	2.5
commot_pilot_v1	GSE292299	GSM8855709_NSCLC_P7	NSCLC	Visium	endothelial	stroma_fibroblast	CCL2	CCR2	CCL chemokine	3.902092397970977e-08	34	933	2.5
commot_pilot_v1	GSE292299	GSM8855709_NSCLC_P7	NSCLC	Visium	ambiguous_or_low_signal	tumor_like	CCL2	CCR2	CCL chemokine	1.8647492270198035e-06	1868	2536	2.5
commot_pilot_v1	GSE292299	GSM8855709_NSCLC_P7	NSCLC	Visium	ambiguous_or_low_signal	immune	CCL2	CCR2	CCL chemokine	1.4651538447073054e-06	1868	334	2.5
commot_pilot_v1	GSE292299	GSM8855709_NSCLC_P7	NSCLC	Visium	ambiguous_or_low_signal	stroma_fibroblast	CCL2	CCR2	CCL chemokine	6.190625094034697e-07	1868	933	2.5
commot_pilot_v1	GSE292299	GSM8855709_NSCLC_P7	NSCLC	Visium	ambiguous_or_low_signal	ambiguous_or_low_signal	CCL2	CCR2	CCL chemokine	1.2650299725878991e-05	1868	1868	2.5
commot_pilot_v1	GSE292299	GSM8855709_NSCLC_P7	NSCLC	Visium	tumor_like	tumor_like	VEGFA	KDR	VEGF	0.00023646395249142567	2536	2536	2.5
commot_pilot_v1	GSE292299	GSM8855709_NSCLC_P7	NSCLC	Visium	tumor_like	immune	VEGFA	KDR	VEGF	3.2296901477420815e-06	2536	334	2.5
commot_pilot_v1	GSE292299	GSM8855709_NSCLC_P7	NSCLC	Visium	tumor_like	stroma_fibroblast	VEGFA	KDR	VEGF	9.263664124952619e-07	2536	933	2.5
commot_pilot_v1	GSE292299	GSM8855709_NSCLC_P7	NSCLC	Visium	tumor_like	endothelial	VEGFA	KDR	VEGF	2.3195398033030246e-05	2536	34	2.5
commot_pilot_v1	GSE292299	GSM8855709_NSCLC_P7	NSCLC	Visium	tumor_like	ambiguous_or_low_signal	VEGFA	KDR	VEGF	3.3289065106793345e-06	2536	1868	2.5
commot_pilot_v1	GSE292299	GSM8855709_NSCLC_P7	NSCLC	Visium	immune	tumor_like	VEGFA	KDR	VEGF	2.060870281767525e-06	334	2536	2.5
commot_pilot_v1	GSE292299	GSM8855709_NSCLC_P7	NSCLC	Visium	immune	immune	VEGFA	KDR	VEGF	0.00041922597546545837	334	334	2.5
commot_pilot_v1	GSE292299	GSM8855709_NSCLC_P7	NSCLC	Visium	immune	stroma_fibroblast	VEGFA	KDR	VEGF	1.0571030428433734e-06	334	933	2.5
commot_pilot_v1	GSE292299	GSM8855709_NSCLC_P7	NSCLC	Visium	immune	ambiguous_or_low_signal	VEGFA	KDR	VEGF	3.0078348280265026e-05	334	1868	2.5
commot_pilot_v1	GSE292299	GSM8855709_NSCLC_P7	NSCLC	Visium	stroma_fibroblast	tumor_like	VEGFA	KDR	VEGF	2.9601337475947793e-07	933	2536	2.5
commot_pilot_v1	GSE292299	GSM8855709_NSCLC_P7	NSCLC	Visium	stroma_fibroblast	immune	VEGFA	KDR	VEGF	1.5964977882114352e-06	933	334	2.5
commot_pilot_v1	GSE292299	GSM8855709_NSCLC_P7	NSCLC	Visium	stroma_fibroblast	stroma_fibroblast	VEGFA	KDR	VEGF	0.0005737544125182532	933	933	2.5
commot_pilot_v1	GSE292299	GSM8855709_NSCLC_P7	NSCLC	Visium	stroma_fibroblast	ambiguous_or_low_signal	VEGFA	KDR	VEGF	6.818486501392282e-06	933	1868	2.5
commot_pilot_v1	GSE292299	GSM8855709_NSCLC_P7	NSCLC	Visium	endothelial	tumor_like	VEGFA	KDR	VEGF	2.7239815052325263e-07	34	2536	2.5
commot_pilot_v1	GSE292299	GSM8855709_NSCLC_P7	NSCLC	Visium	endothelial	stroma_fibroblast	VEGFA	KDR	VEGF	1.0451292098913558e-07	34	933	2.5
commot_pilot_v1	GSE292299	GSM8855709_NSCLC_P7	NSCLC	Visium	endothelial	endothelial	VEGFA	KDR	VEGF	0.0008650519031141869	34	34	2.5
commot_pilot_v1	GSE292299	GSM8855709_NSCLC_P7	NSCLC	Visium	ambiguous_or_low_signal	tumor_like	VEGFA	KDR	VEGF	2.0604453590294506e-06	1868	2536	2.5
commot_pilot_v1	GSE292299	GSM8855709_NSCLC_P7	NSCLC	Visium	ambiguous_or_low_signal	immune	VEGFA	KDR	VEGF	2.0835788027023524e-05	1868	334	2.5
commot_pilot_v1	GSE292299	GSM8855709_NSCLC_P7	NSCLC	Visium	ambiguous_or_low_signal	stroma_fibroblast	VEGFA	KDR	VEGF	8.049199369475605e-06	1868	933	2.5
commot_pilot_v1	GSE292299	GSM8855709_NSCLC_P7	NSCLC	Visium	ambiguous_or_low_signal	ambiguous_or_low_signal	VEGFA	KDR	VEGF	0.00013887115568925654	1868	1868	2.5
commot_pilot_v1	GSE292299	GSM8855709_NSCLC_P7	NSCLC	Visium	tumor_like	tumor_like	SPP1	CD44	SPP1	0.0027833581677252817	2536	2536	2.5
commot_pilot_v1	GSE292299	GSM8855709_NSCLC_P7	NSCLC	Visium	tumor_like	immune	SPP1	CD44	SPP1	1.8344221623727706e-06	2536	334	2.5
commot_pilot_v1	GSE292299	GSM8855709_NSCLC_P7	NSCLC	Visium	tumor_like	stroma_fibroblast	SPP1	CD44	SPP1	1.585532728932096e-05	2536	933	2.5
commot_pilot_v1	GSE292299	GSM8855709_NSCLC_P7	NSCLC	Visium	tumor_like	endothelial	SPP1	CD44	SPP1	7.943431648946143e-06	2536	34	2.5
commot_pilot_v1	GSE292299	GSM8855709_NSCLC_P7	NSCLC	Visium	tumor_like	ambiguous_or_low_signal	SPP1	CD44	SPP1	4.146679384753584e-05	2536	1868	2.5
commot_pilot_v1	GSE292299	GSM8855709_NSCLC_P7	NSCLC	Visium	immune	tumor_like	SPP1	CD44	SPP1	1.3648629875060793e-06	334	2536	2.5
commot_pilot_v1	GSE292299	GSM8855709_NSCLC_P7	NSCLC	Visium	immune	immune	SPP1	CD44	SPP1	0.010225014528057602	334	334	2.5
commot_pilot_v1	GSE292299	GSM8855709_NSCLC_P7	NSCLC	Visium	immune	stroma_fibroblast	SPP1	CD44	SPP1	2.4278300684610164e-06	334	933	2.5
commot_pilot_v1	GSE292299	GSM8855709_NSCLC_P7	NSCLC	Visium	immune	endothelial	SPP1	CD44	SPP1	1.4805269736851642e-05	334	34	2.5
commot_pilot_v1	GSE292299	GSM8855709_NSCLC_P7	NSCLC	Visium	immune	ambiguous_or_low_signal	SPP1	CD44	SPP1	6.1462574834630974e-06	334	1868	2.5
commot_pilot_v1	GSE292299	GSM8855709_NSCLC_P7	NSCLC	Visium	stroma_fibroblast	tumor_like	SPP1	CD44	SPP1	2.295083876632025e-05	933	2536	2.5
commot_pilot_v1	GSE292299	GSM8855709_NSCLC_P7	NSCLC	Visium	stroma_fibroblast	immune	SPP1	CD44	SPP1	7.148443742882692e-07	933	334	2.5
commot_pilot_v1	GSE292299	GSM8855709_NSCLC_P7	NSCLC	Visium	stroma_fibroblast	stroma_fibroblast	SPP1	CD44	SPP1	0.005780063929908966	933	933	2.5
commot_pilot_v1	GSE292299	GSM8855709_NSCLC_P7	NSCLC	Visium	stroma_fibroblast	endothelial	SPP1	CD44	SPP1	7.634887742754534e-07	933	34	2.5
commot_pilot_v1	GSE292299	GSM8855709_NSCLC_P7	NSCLC	Visium	stroma_fibroblast	ambiguous_or_low_signal	SPP1	CD44	SPP1	8.982003149715904e-05	933	1868	2.5
commot_pilot_v1	GSE292299	GSM8855709_NSCLC_P7	NSCLC	Visium	endothelial	tumor_like	SPP1	CD44	SPP1	2.1311235315495027e-07	34	2536	2.5
commot_pilot_v1	GSE292299	GSM8855709_NSCLC_P7	NSCLC	Visium	endothelial	immune	SPP1	CD44	SPP1	4.660989978726701e-07	34	334	2.5
commot_pilot_v1	GSE292299	GSM8855709_NSCLC_P7	NSCLC	Visium	endothelial	stroma_fibroblast	SPP1	CD44	SPP1	1.560305048890682e-05	34	933	2.5
commot_pilot_v1	GSE292299	GSM8855709_NSCLC_P7	NSCLC	Visium	endothelial	endothelial	SPP1	CD44	SPP1	0.011188112185745707	34	34	2.5
commot_pilot_v1	GSE292299	GSM8855709_NSCLC_P7	NSCLC	Visium	endothelial	ambiguous_or_low_signal	SPP1	CD44	SPP1	4.251979820878096e-07	34	1868	2.5
commot_pilot_v1	GSE292299	GSM8855709_NSCLC_P7	NSCLC	Visium	ambiguous_or_low_signal	tumor_like	SPP1	CD44	SPP1	3.680699042450517e-05	1868	2536	2.5
commot_pilot_v1	GSE292299	GSM8855709_NSCLC_P7	NSCLC	Visium	ambiguous_or_low_signal	immune	SPP1	CD44	SPP1	4.097413507867759e-06	1868	334	2.5
commot_pilot_v1	GSE292299	GSM8855709_NSCLC_P7	NSCLC	Visium	ambiguous_or_low_signal	stroma_fibroblast	SPP1	CD44	SPP1	0.00015271176869987248	1868	933	2.5
commot_pilot_v1	GSE292299	GSM8855709_NSCLC_P7	NSCLC	Visium	ambiguous_or_low_signal	endothelial	SPP1	CD44	SPP1	2.980221513257527e-06	1868	34	2.5
commot_pilot_v1	GSE292299	GSM8855709_NSCLC_P7	NSCLC	Visium	ambiguous_or_low_signal	ambiguous_or_low_signal	SPP1	CD44	SPP1	0.0020359416633924823	1868	1868	2.5
commot_pilot_v1	GSE292299	GSM8855709_NSCLC_P7	NSCLC	Visium	tumor_like	tumor_like	SPP1	ITGAV	SPP1	0.0011395430588025902	2536	2536	2.5
commot_pilot_v1	GSE292299	GSM8855709_NSCLC_P7	NSCLC	Visium	tumor_like	immune	SPP1	ITGAV	SPP1	2.680622748752642e-07	2536	334	2.5
commot_pilot_v1	GSE292299	GSM8855709_NSCLC_P7	NSCLC	Visium	tumor_like	stroma_fibroblast	SPP1	ITGAV	SPP1	8.700387570256599e-06	2536	933	2.5
commot_pilot_v1	GSE292299	GSM8855709_NSCLC_P7	NSCLC	Visium	tumor_like	endothelial	SPP1	ITGAV	SPP1	1.1043708694927217e-06	2536	34	2.5
commot_pilot_v1	GSE292299	GSM8855709_NSCLC_P7	NSCLC	Visium	tumor_like	ambiguous_or_low_signal	SPP1	ITGAV	SPP1	1.7623030646073712e-05	2536	1868	2.5
commot_pilot_v1	GSE292299	GSM8855709_NSCLC_P7	NSCLC	Visium	immune	tumor_like	SPP1	ITGAV	SPP1	6.192790550795621e-07	334	2536	2.5
commot_pilot_v1	GSE292299	GSM8855709_NSCLC_P7	NSCLC	Visium	immune	immune	SPP1	ITGAV	SPP1	0.005177604697614774	334	334	2.5
commot_pilot_v1	GSE292299	GSM8855709_NSCLC_P7	NSCLC	Visium	immune	stroma_fibroblast	SPP1	ITGAV	SPP1	6.027376534093119e-07	334	933	2.5
commot_pilot_v1	GSE292299	GSM8855709_NSCLC_P7	NSCLC	Visium	immune	endothelial	SPP1	ITGAV	SPP1	2.265484704729392e-07	334	34	2.5
commot_pilot_v1	GSE292299	GSM8855709_NSCLC_P7	NSCLC	Visium	immune	ambiguous_or_low_signal	SPP1	ITGAV	SPP1	2.5405895230818925e-06	334	1868	2.5
commot_pilot_v1	GSE292299	GSM8855709_NSCLC_P7	NSCLC	Visium	stroma_fibroblast	tumor_like	SPP1	ITGAV	SPP1	9.097203451111296e-06	933	2536	2.5
commot_pilot_v1	GSE292299	GSM8855709_NSCLC_P7	NSCLC	Visium	stroma_fibroblast	immune	SPP1	ITGAV	SPP1	1.6247847963239554e-07	933	334	2.5
commot_pilot_v1	GSE292299	GSM8855709_NSCLC_P7	NSCLC	Visium	stroma_fibroblast	stroma_fibroblast	SPP1	ITGAV	SPP1	0.0025790220271100575	933	933	2.5
commot_pilot_v1	GSE292299	GSM8855709_NSCLC_P7	NSCLC	Visium	stroma_fibroblast	endothelial	SPP1	ITGAV	SPP1	2.742846724759355e-06	933	34	2.5
commot_pilot_v1	GSE292299	GSM8855709_NSCLC_P7	NSCLC	Visium	stroma_fibroblast	ambiguous_or_low_signal	SPP1	ITGAV	SPP1	2.6498710382185154e-05	933	1868	2.5
commot_pilot_v1	GSE292299	GSM8855709_NSCLC_P7	NSCLC	Visium	endothelial	tumor_like	SPP1	ITGAV	SPP1	1.4449333972037149e-07	34	2536	2.5
commot_pilot_v1	GSE292299	GSM8855709_NSCLC_P7	NSCLC	Visium	endothelial	immune	SPP1	ITGAV	SPP1	2.7770404740183473e-07	34	334	2.5
commot_pilot_v1	GSE292299	GSM8855709_NSCLC_P7	NSCLC	Visium	endothelial	stroma_fibroblast	SPP1	ITGAV	SPP1	1.099202618518472e-06	34	933	2.5
commot_pilot_v1	GSE292299	GSM8855709_NSCLC_P7	NSCLC	Visium	endothelial	endothelial	SPP1	ITGAV	SPP1	0.011004396422333381	34	34	2.5
commot_pilot_v1	GSE292299	GSM8855709_NSCLC_P7	NSCLC	Visium	endothelial	ambiguous_or_low_signal	SPP1	ITGAV	SPP1	4.5021729908449436e-07	34	1868	2.5
commot_pilot_v1	GSE292299	GSM8855709_NSCLC_P7	NSCLC	Visium	ambiguous_or_low_signal	tumor_like	SPP1	ITGAV	SPP1	1.3100440152472365e-05	1868	2536	2.5
commot_pilot_v1	GSE292299	GSM8855709_NSCLC_P7	NSCLC	Visium	ambiguous_or_low_signal	immune	SPP1	ITGAV	SPP1	1.8052060172429572e-06	1868	334	2.5
commot_pilot_v1	GSE292299	GSM8855709_NSCLC_P7	NSCLC	Visium	ambiguous_or_low_signal	stroma_fibroblast	SPP1	ITGAV	SPP1	5.158935972745191e-05	1868	933	2.5
commot_pilot_v1	GSE292299	GSM8855709_NSCLC_P7	NSCLC	Visium	ambiguous_or_low_signal	endothelial	SPP1	ITGAV	SPP1	1.481817510045566e-06	1868	34	2.5
commot_pilot_v1	GSE292299	GSM8855709_NSCLC_P7	NSCLC	Visium	ambiguous_or_low_signal	ambiguous_or_low_signal	SPP1	ITGAV	SPP1	0.0011207227728167728	1868	1868	2.5
commot_pilot_v1	GSE292299	GSM8855709_NSCLC_P7	NSCLC	Visium	tumor_like	tumor_like	MIF	CD74	MIF	0.004622955961292265	2536	2536	2.5
commot_pilot_v1	GSE292299	GSM8855709_NSCLC_P7	NSCLC	Visium	tumor_like	immune	MIF	CD74	MIF	4.490606357085859e-05	2536	334	2.5
commot_pilot_v1	GSE292299	GSM8855709_NSCLC_P7	NSCLC	Visium	tumor_like	stroma_fibroblast	MIF	CD74	MIF	0.00047031494232157634	2536	933	2.5
commot_pilot_v1	GSE292299	GSM8855709_NSCLC_P7	NSCLC	Visium	tumor_like	endothelial	MIF	CD74	MIF	3.7193838422026285e-05	2536	34	2.5
commot_pilot_v1	GSE292299	GSM8855709_NSCLC_P7	NSCLC	Visium	tumor_like	ambiguous_or_low_signal	MIF	CD74	MIF	0.0006693893393129022	2536	1868	2.5
commot_pilot_v1	GSE292299	GSM8855709_NSCLC_P7	NSCLC	Visium	immune	tumor_like	MIF	CD74	MIF	3.341444510754552e-06	334	2536	2.5
commot_pilot_v1	GSE292299	GSM8855709_NSCLC_P7	NSCLC	Visium	immune	immune	MIF	CD74	MIF	0.007398915439093272	334	334	2.5
commot_pilot_v1	GSE292299	GSM8855709_NSCLC_P7	NSCLC	Visium	immune	stroma_fibroblast	MIF	CD74	MIF	3.735990269278253e-06	334	933	2.5
commot_pilot_v1	GSE292299	GSM8855709_NSCLC_P7	NSCLC	Visium	immune	endothelial	MIF	CD74	MIF	2.036582133394527e-06	334	34	2.5
commot_pilot_v1	GSE292299	GSM8855709_NSCLC_P7	NSCLC	Visium	immune	ambiguous_or_low_signal	MIF	CD74	MIF	6.323800089712749e-06	334	1868	2.5
commot_pilot_v1	GSE292299	GSM8855709_NSCLC_P7	NSCLC	Visium	stroma_fibroblast	tumor_like	MIF	CD74	MIF	1.286021661189465e-05	933	2536	2.5
commot_pilot_v1	GSE292299	GSM8855709_NSCLC_P7	NSCLC	Visium	stroma_fibroblast	immune	MIF	CD74	MIF	5.10267560198598e-07	933	334	2.5
commot_pilot_v1	GSE292299	GSM8855709_NSCLC_P7	NSCLC	Visium	stroma_fibroblast	stroma_fibroblast	MIF	CD74	MIF	0.006497021396432901	933	933	2.5
commot_pilot_v1	GSE292299	GSM8855709_NSCLC_P7	NSCLC	Visium	stroma_fibroblast	endothelial	MIF	CD74	MIF	1.2166405188968039e-05	933	34	2.5
commot_pilot_v1	GSE292299	GSM8855709_NSCLC_P7	NSCLC	Visium	stroma_fibroblast	ambiguous_or_low_signal	MIF	CD74	MIF	2.146698650147529e-05	933	1868	2.5
commot_pilot_v1	GSE292299	GSM8855709_NSCLC_P7	NSCLC	Visium	endothelial	tumor_like	MIF	CD74	MIF	3.3514530627496295e-06	34	2536	2.5
commot_pilot_v1	GSE292299	GSM8855709_NSCLC_P7	NSCLC	Visium	endothelial	immune	MIF	CD74	MIF	5.562120435360804e-07	34	334	2.5
commot_pilot_v1	GSE292299	GSM8855709_NSCLC_P7	NSCLC	Visium	endothelial	stroma_fibroblast	MIF	CD74	MIF	1.897708558183216e-07	34	933	2.5
commot_pilot_v1	GSE292299	GSM8855709_NSCLC_P7	NSCLC	Visium	endothelial	endothelial	MIF	CD74	MIF	0.01611200722950504	34	34	2.5
commot_pilot_v1	GSE292299	GSM8855709_NSCLC_P7	NSCLC	Visium	endothelial	ambiguous_or_low_signal	MIF	CD74	MIF	1.6897715372764726e-05	34	1868	2.5
commot_pilot_v1	GSE292299	GSM8855709_NSCLC_P7	NSCLC	Visium	ambiguous_or_low_signal	tumor_like	MIF	CD74	MIF	8.393542630002717e-05	1868	2536	2.5
commot_pilot_v1	GSE292299	GSM8855709_NSCLC_P7	NSCLC	Visium	ambiguous_or_low_signal	immune	MIF	CD74	MIF	2.2716672470574747e-05	1868	334	2.5
commot_pilot_v1	GSE292299	GSM8855709_NSCLC_P7	NSCLC	Visium	ambiguous_or_low_signal	stroma_fibroblast	MIF	CD74	MIF	0.00026993860672790344	1868	933	2.5
commot_pilot_v1	GSE292299	GSM8855709_NSCLC_P7	NSCLC	Visium	ambiguous_or_low_signal	endothelial	MIF	CD74	MIF	1.0804265742130965e-05	1868	34	2.5
commot_pilot_v1	GSE292299	GSM8855709_NSCLC_P7	NSCLC	Visium	ambiguous_or_low_signal	ambiguous_or_low_signal	MIF	CD74	MIF	0.0025109828462311435	1868	1868	2.5
commot_pilot_v1	GSE292299	GSM8855709_NSCLC_P7	NSCLC	Visium	tumor_like	tumor_like	DLL4	NOTCH1	NOTCH	4.506615555411427e-05	2536	2536	2.5
commot_pilot_v1	GSE292299	GSM8855709_NSCLC_P7	NSCLC	Visium	tumor_like	immune	DLL4	NOTCH1	NOTCH	9.409976720373685e-07	2536	334	2.5
commot_pilot_v1	GSE292299	GSM8855709_NSCLC_P7	NSCLC	Visium	tumor_like	stroma_fibroblast	DLL4	NOTCH1	NOTCH	2.395370367114487e-06	2536	933	2.5
commot_pilot_v1	GSE292299	GSM8855709_NSCLC_P7	NSCLC	Visium	tumor_like	endothelial	DLL4	NOTCH1	NOTCH	1.9850341129943967e-07	2536	34	2.5
commot_pilot_v1	GSE292299	GSM8855709_NSCLC_P7	NSCLC	Visium	tumor_like	ambiguous_or_low_signal	DLL4	NOTCH1	NOTCH	5.210703260208794e-06	2536	1868	2.5
commot_pilot_v1	GSE292299	GSM8855709_NSCLC_P7	NSCLC	Visium	immune	tumor_like	DLL4	NOTCH1	NOTCH	2.3535808484690604e-06	334	2536	2.5
commot_pilot_v1	GSE292299	GSM8855709_NSCLC_P7	NSCLC	Visium	immune	immune	DLL4	NOTCH1	NOTCH	7.523586234880511e-05	334	334	2.5
commot_pilot_v1	GSE292299	GSM8855709_NSCLC_P7	NSCLC	Visium	immune	stroma_fibroblast	DLL4	NOTCH1	NOTCH	3.216448692884515e-06	334	933	2.5
commot_pilot_v1	GSE292299	GSM8855709_NSCLC_P7	NSCLC	Visium	immune	ambiguous_or_low_signal	DLL4	NOTCH1	NOTCH	7.390677692765984e-06	334	1868	2.5
commot_pilot_v1	GSE292299	GSM8855709_NSCLC_P7	NSCLC	Visium	stroma_fibroblast	tumor_like	DLL4	NOTCH1	NOTCH	2.739188201555784e-06	933	2536	2.5
commot_pilot_v1	GSE292299	GSM8855709_NSCLC_P7	NSCLC	Visium	stroma_fibroblast	immune	DLL4	NOTCH1	NOTCH	2.4469398612613527e-06	933	334	2.5
commot_pilot_v1	GSE292299	GSM8855709_NSCLC_P7	NSCLC	Visium	stroma_fibroblast	stroma_fibroblast	DLL4	NOTCH1	NOTCH	0.00037887862717909894	933	933	2.5
commot_pilot_v1	GSE292299	GSM8855709_NSCLC_P7	NSCLC	Visium	stroma_fibroblast	endothelial	DLL4	NOTCH1	NOTCH	4.127670123716191e-06	933	34	2.5
commot_pilot_v1	GSE292299	GSM8855709_NSCLC_P7	NSCLC	Visium	stroma_fibroblast	ambiguous_or_low_signal	DLL4	NOTCH1	NOTCH	6.779553492418705e-06	933	1868	2.5
commot_pilot_v1	GSE292299	GSM8855709_NSCLC_P7	NSCLC	Visium	ambiguous_or_low_signal	tumor_like	DLL4	NOTCH1	NOTCH	3.6109872392807734e-06	1868	2536	2.5
commot_pilot_v1	GSE292299	GSM8855709_NSCLC_P7	NSCLC	Visium	ambiguous_or_low_signal	immune	DLL4	NOTCH1	NOTCH	3.1371655009216345e-06	1868	334	2.5
commot_pilot_v1	GSE292299	GSM8855709_NSCLC_P7	NSCLC	Visium	ambiguous_or_low_signal	stroma_fibroblast	DLL4	NOTCH1	NOTCH	7.781949131910655e-06	1868	933	2.5
commot_pilot_v1	GSE292299	GSM8855709_NSCLC_P7	NSCLC	Visium	ambiguous_or_low_signal	endothelial	DLL4	NOTCH1	NOTCH	1.830943196108693e-05	1868	34	2.5
commot_pilot_v1	GSE292299	GSM8855709_NSCLC_P7	NSCLC	Visium	ambiguous_or_low_signal	ambiguous_or_low_signal	DLL4	NOTCH1	NOTCH	4.791935595247619e-05	1868	1868	2.5
commot_pilot_v1	GSE292299	GSM8855709_NSCLC_P7	NSCLC	Visium	tumor_like	tumor_like	JAG1	NOTCH2	NOTCH	0.00014851452308608186	2536	2536	2.5
commot_pilot_v1	GSE292299	GSM8855709_NSCLC_P7	NSCLC	Visium	tumor_like	immune	JAG1	NOTCH2	NOTCH	6.774463809989648e-06	2536	334	2.5
commot_pilot_v1	GSE292299	GSM8855709_NSCLC_P7	NSCLC	Visium	tumor_like	stroma_fibroblast	JAG1	NOTCH2	NOTCH	3.604742012421439e-06	2536	933	2.5
commot_pilot_v1	GSE292299	GSM8855709_NSCLC_P7	NSCLC	Visium	tumor_like	endothelial	JAG1	NOTCH2	NOTCH	2.2989220088128196e-05	2536	34	2.5
commot_pilot_v1	GSE292299	GSM8855709_NSCLC_P7	NSCLC	Visium	tumor_like	ambiguous_or_low_signal	JAG1	NOTCH2	NOTCH	9.038074067443799e-06	2536	1868	2.5
commot_pilot_v1	GSE292299	GSM8855709_NSCLC_P7	NSCLC	Visium	immune	tumor_like	JAG1	NOTCH2	NOTCH	6.330521229556671e-06	334	2536	2.5
commot_pilot_v1	GSE292299	GSM8855709_NSCLC_P7	NSCLC	Visium	immune	immune	JAG1	NOTCH2	NOTCH	0.0008052081520609195	334	334	2.5
commot_pilot_v1	GSE292299	GSM8855709_NSCLC_P7	NSCLC	Visium	immune	stroma_fibroblast	JAG1	NOTCH2	NOTCH	2.5750725557112165e-06	334	933	2.5
commot_pilot_v1	GSE292299	GSM8855709_NSCLC_P7	NSCLC	Visium	immune	ambiguous_or_low_signal	JAG1	NOTCH2	NOTCH	4.314454734547739e-05	334	1868	2.5
commot_pilot_v1	GSE292299	GSM8855709_NSCLC_P7	NSCLC	Visium	stroma_fibroblast	tumor_like	JAG1	NOTCH2	NOTCH	2.4286648203326908e-05	933	2536	2.5
commot_pilot_v1	GSE292299	GSM8855709_NSCLC_P7	NSCLC	Visium	stroma_fibroblast	immune	JAG1	NOTCH2	NOTCH	1.8008841070522503e-06	933	334	2.5
commot_pilot_v1	GSE292299	GSM8855709_NSCLC_P7	NSCLC	Visium	stroma_fibroblast	stroma_fibroblast	JAG1	NOTCH2	NOTCH	0.00078591598919146	933	933	2.5
commot_pilot_v1	GSE292299	GSM8855709_NSCLC_P7	NSCLC	Visium	stroma_fibroblast	ambiguous_or_low_signal	JAG1	NOTCH2	NOTCH	7.63317725335018e-05	933	1868	2.5
commot_pilot_v1	GSE292299	GSM8855709_NSCLC_P7	NSCLC	Visium	endothelial	tumor_like	JAG1	NOTCH2	NOTCH	2.31953980330304e-05	34	2536	2.5
commot_pilot_v1	GSE292299	GSM8855709_NSCLC_P7	NSCLC	Visium	endothelial	ambiguous_or_low_signal	JAG1	NOTCH2	NOTCH	3.105733036830451e-05	34	1868	2.5
commot_pilot_v1	GSE292299	GSM8855709_NSCLC_P7	NSCLC	Visium	ambiguous_or_low_signal	tumor_like	JAG1	NOTCH2	NOTCH	2.7580945816519726e-05	1868	2536	2.5
commot_pilot_v1	GSE292299	GSM8855709_NSCLC_P7	NSCLC	Visium	ambiguous_or_low_signal	immune	JAG1	NOTCH2	NOTCH	5.093932619946538e-05	1868	334	2.5
commot_pilot_v1	GSE292299	GSM8855709_NSCLC_P7	NSCLC	Visium	ambiguous_or_low_signal	stroma_fibroblast	JAG1	NOTCH2	NOTCH	1.4987606486756162e-05	1868	933	2.5
commot_pilot_v1	GSE292299	GSM8855709_NSCLC_P7	NSCLC	Visium	ambiguous_or_low_signal	endothelial	JAG1	NOTCH2	NOTCH	1.574507258230467e-05	1868	34	2.5
commot_pilot_v1	GSE292299	GSM8855709_NSCLC_P7	NSCLC	Visium	ambiguous_or_low_signal	ambiguous_or_low_signal	JAG1	NOTCH2	NOTCH	0.00019177218135753594	1868	1868	2.5
commot_pilot_v1	GSE292299	GSM8855709_NSCLC_P7	NSCLC	Visium	tumor_like	tumor_like	WNT5A	FZD5	WNT	0.00013866825354851508	2536	2536	2.5
commot_pilot_v1	GSE292299	GSM8855709_NSCLC_P7	NSCLC	Visium	tumor_like	immune	WNT5A	FZD5	WNT	1.3091765858269017e-06	2536	334	2.5
commot_pilot_v1	GSE292299	GSM8855709_NSCLC_P7	NSCLC	Visium	tumor_like	stroma_fibroblast	WNT5A	FZD5	WNT	2.8074105718729373e-06	2536	933	2.5
commot_pilot_v1	GSE292299	GSM8855709_NSCLC_P7	NSCLC	Visium	tumor_like	endothelial	WNT5A	FZD5	WNT	5.798849508257559e-06	2536	34	2.5
commot_pilot_v1	GSE292299	GSM8855709_NSCLC_P7	NSCLC	Visium	tumor_like	ambiguous_or_low_signal	WNT5A	FZD5	WNT	8.778435029331919e-06	2536	1868	2.5
commot_pilot_v1	GSE292299	GSM8855709_NSCLC_P7	NSCLC	Visium	immune	tumor_like	WNT5A	FZD5	WNT	8.90560719874476e-06	334	2536	2.5
commot_pilot_v1	GSE292299	GSM8855709_NSCLC_P7	NSCLC	Visium	immune	immune	WNT5A	FZD5	WNT	0.0002311922543800853	334	334	2.5
commot_pilot_v1	GSE292299	GSM8855709_NSCLC_P7	NSCLC	Visium	immune	stroma_fibroblast	WNT5A	FZD5	WNT	3.2102724279454082e-06	334	933	2.5
commot_pilot_v1	GSE292299	GSM8855709_NSCLC_P7	NSCLC	Visium	immune	ambiguous_or_low_signal	WNT5A	FZD5	WNT	2.685413175835689e-05	334	1868	2.5
commot_pilot_v1	GSE292299	GSM8855709_NSCLC_P7	NSCLC	Visium	stroma_fibroblast	tumor_like	WNT5A	FZD5	WNT	1.3930641836298448e-05	933	2536	2.5
commot_pilot_v1	GSE292299	GSM8855709_NSCLC_P7	NSCLC	Visium	stroma_fibroblast	immune	WNT5A	FZD5	WNT	3.2090160514983133e-06	933	334	2.5
commot_pilot_v1	GSE292299	GSM8855709_NSCLC_P7	NSCLC	Visium	stroma_fibroblast	stroma_fibroblast	WNT5A	FZD5	WNT	0.00018398613703530096	933	933	2.5
commot_pilot_v1	GSE292299	GSM8855709_NSCLC_P7	NSCLC	Visium	stroma_fibroblast	endothelial	WNT5A	FZD5	WNT	1.5761931782359238e-05	933	34	2.5
commot_pilot_v1	GSE292299	GSM8855709_NSCLC_P7	NSCLC	Visium	stroma_fibroblast	ambiguous_or_low_signal	WNT5A	FZD5	WNT	1.9995787203147876e-05	933	1868	2.5
commot_pilot_v1	GSE292299	GSM8855709_NSCLC_P7	NSCLC	Visium	endothelial	endothelial	WNT5A	FZD5	WNT	0.0008650519031141871	34	34	2.5
commot_pilot_v1	GSE292299	GSM8855709_NSCLC_P7	NSCLC	Visium	ambiguous_or_low_signal	tumor_like	WNT5A	FZD5	WNT	1.949905650901978e-05	1868	2536	2.5
commot_pilot_v1	GSE292299	GSM8855709_NSCLC_P7	NSCLC	Visium	ambiguous_or_low_signal	immune	WNT5A	FZD5	WNT	2.1668879913801056e-05	1868	334	2.5
commot_pilot_v1	GSE292299	GSM8855709_NSCLC_P7	NSCLC	Visium	ambiguous_or_low_signal	stroma_fibroblast	WNT5A	FZD5	WNT	8.213740633299342e-06	1868	933	2.5
commot_pilot_v1	GSE292299	GSM8855709_NSCLC_P7	NSCLC	Visium	ambiguous_or_low_signal	ambiguous_or_low_signal	WNT5A	FZD5	WNT	6.296596876958382e-05	1868	1868	2.5
commot_pilot_v1	GSE292299	GSM8855709_NSCLC_P7	NSCLC	Visium	tumor_like	tumor_like	EGF	EGFR	EGF/ERBB	2.0714518944692704e-05	2536	2536	2.5
commot_pilot_v1	GSE292299	GSM8855709_NSCLC_P7	NSCLC	Visium	tumor_like	immune	EGF	EGFR	EGF/ERBB	1.286349185708018e-10	2536	334	2.5
commot_pilot_v1	GSE292299	GSM8855709_NSCLC_P7	NSCLC	Visium	tumor_like	stroma_fibroblast	EGF	EGFR	EGF/ERBB	4.3664680172664264e-07	2536	933	2.5
commot_pilot_v1	GSE292299	GSM8855709_NSCLC_P7	NSCLC	Visium	tumor_like	ambiguous_or_low_signal	EGF	EGFR	EGF/ERBB	2.2466728073481565e-06	2536	1868	2.5
commot_pilot_v1	GSE292299	GSM8855709_NSCLC_P7	NSCLC	Visium	immune	tumor_like	EGF	EGFR	EGF/ERBB	1.9673409629444027e-06	334	2536	2.5
commot_pilot_v1	GSE292299	GSM8855709_NSCLC_P7	NSCLC	Visium	immune	immune	EGF	EGFR	EGF/ERBB	2.7064034780186852e-05	334	334	2.5
commot_pilot_v1	GSE292299	GSM8855709_NSCLC_P7	NSCLC	Visium	immune	stroma_fibroblast	EGF	EGFR	EGF/ERBB	7.157491565894666e-08	334	933	2.5
commot_pilot_v1	GSE292299	GSM8855709_NSCLC_P7	NSCLC	Visium	immune	ambiguous_or_low_signal	EGF	EGFR	EGF/ERBB	6.478726496520415e-06	334	1868	2.5
commot_pilot_v1	GSE292299	GSM8855709_NSCLC_P7	NSCLC	Visium	stroma_fibroblast	tumor_like	EGF	EGFR	EGF/ERBB	2.1635290761412234e-06	933	2536	2.5
commot_pilot_v1	GSE292299	GSM8855709_NSCLC_P7	NSCLC	Visium	stroma_fibroblast	stroma_fibroblast	EGF	EGFR	EGF/ERBB	3.193712752034949e-05	933	933	2.5
commot_pilot_v1	GSE292299	GSM8855709_NSCLC_P7	NSCLC	Visium	stroma_fibroblast	ambiguous_or_low_signal	EGF	EGFR	EGF/ERBB	1.7671605037727714e-06	933	1868	2.5
commot_pilot_v1	GSE292299	GSM8855709_NSCLC_P7	NSCLC	Visium	endothelial	endothelial	EGF	EGFR	EGF/ERBB	0.0008568958469385308	34	34	2.5
commot_pilot_v1	GSE292299	GSM8855709_NSCLC_P7	NSCLC	Visium	endothelial	ambiguous_or_low_signal	EGF	EGFR	EGF/ERBB	1.484507012701148e-07	34	1868	2.5
commot_pilot_v1	GSE292299	GSM8855709_NSCLC_P7	NSCLC	Visium	ambiguous_or_low_signal	tumor_like	EGF	EGFR	EGF/ERBB	1.2796508570868399e-06	1868	2536	2.5
commot_pilot_v1	GSE292299	GSM8855709_NSCLC_P7	NSCLC	Visium	ambiguous_or_low_signal	immune	EGF	EGFR	EGF/ERBB	2.353651859044514e-06	1868	334	2.5
commot_pilot_v1	GSE292299	GSM8855709_NSCLC_P7	NSCLC	Visium	ambiguous_or_low_signal	stroma_fibroblast	EGF	EGFR	EGF/ERBB	8.567126854377412e-07	1868	933	2.5
commot_pilot_v1	GSE292299	GSM8855709_NSCLC_P7	NSCLC	Visium	ambiguous_or_low_signal	ambiguous_or_low_signal	EGF	EGFR	EGF/ERBB	1.0269388984932348e-05	1868	1868	2.5
commot_pilot_v1	GSE292299	GSM8855709_NSCLC_P7	NSCLC	Visium	tumor_like	tumor_like	HBEGF	EGFR	EGF/ERBB	9.447639951655289e-05	2536	2536	2.5
commot_pilot_v1	GSE292299	GSM8855709_NSCLC_P7	NSCLC	Visium	tumor_like	immune	HBEGF	EGFR	EGF/ERBB	3.515564715389598e-06	2536	334	2.5
commot_pilot_v1	GSE292299	GSM8855709_NSCLC_P7	NSCLC	Visium	tumor_like	stroma_fibroblast	HBEGF	EGFR	EGF/ERBB	1.3585001191785021e-06	2536	933	2.5
commot_pilot_v1	GSE292299	GSM8855709_NSCLC_P7	NSCLC	Visium	tumor_like	ambiguous_or_low_signal	HBEGF	EGFR	EGF/ERBB	6.7398005706046405e-06	2536	1868	2.5
commot_pilot_v1	GSE292299	GSM8855709_NSCLC_P7	NSCLC	Visium	immune	tumor_like	HBEGF	EGFR	EGF/ERBB	1.0579685781082757e-05	334	2536	2.5
commot_pilot_v1	GSE292299	GSM8855709_NSCLC_P7	NSCLC	Visium	immune	immune	HBEGF	EGFR	EGF/ERBB	0.0002761565614767888	334	334	2.5
commot_pilot_v1	GSE292299	GSM8855709_NSCLC_P7	NSCLC	Visium	immune	stroma_fibroblast	HBEGF	EGFR	EGF/ERBB	5.7514308556695214e-06	334	933	2.5
commot_pilot_v1	GSE292299	GSM8855709_NSCLC_P7	NSCLC	Visium	immune	ambiguous_or_low_signal	HBEGF	EGFR	EGF/ERBB	4.1588783484494346e-05	334	1868	2.5
commot_pilot_v1	GSE292299	GSM8855709_NSCLC_P7	NSCLC	Visium	stroma_fibroblast	tumor_like	HBEGF	EGFR	EGF/ERBB	3.3287192930756612e-06	933	2536	2.5
commot_pilot_v1	GSE292299	GSM8855709_NSCLC_P7	NSCLC	Visium	stroma_fibroblast	immune	HBEGF	EGFR	EGF/ERBB	2.704735658779977e-06	933	334	2.5
commot_pilot_v1	GSE292299	GSM8855709_NSCLC_P7	NSCLC	Visium	stroma_fibroblast	stroma_fibroblast	HBEGF	EGFR	EGF/ERBB	0.0002701015355208162	933	933	2.5
commot_pilot_v1	GSE292299	GSM8855709_NSCLC_P7	NSCLC	Visium	stroma_fibroblast	endothelial	HBEGF	EGFR	EGF/ERBB	7.494681821794687e-06	933	34	2.5
commot_pilot_v1	GSE292299	GSM8855709_NSCLC_P7	NSCLC	Visium	stroma_fibroblast	ambiguous_or_low_signal	HBEGF	EGFR	EGF/ERBB	1.4090109232463853e-05	933	1868	2.5
commot_pilot_v1	GSE292299	GSM8855709_NSCLC_P7	NSCLC	Visium	ambiguous_or_low_signal	tumor_like	HBEGF	EGFR	EGF/ERBB	9.353054906354349e-06	1868	2536	2.5
commot_pilot_v1	GSE292299	GSM8855709_NSCLC_P7	NSCLC	Visium	ambiguous_or_low_signal	immune	HBEGF	EGFR	EGF/ERBB	1.3739519418617021e-05	1868	334	2.5
commot_pilot_v1	GSE292299	GSM8855709_NSCLC_P7	NSCLC	Visium	ambiguous_or_low_signal	stroma_fibroblast	HBEGF	EGFR	EGF/ERBB	9.612085395704123e-06	1868	933	2.5
commot_pilot_v1	GSE292299	GSM8855709_NSCLC_P7	NSCLC	Visium	ambiguous_or_low_signal	endothelial	HBEGF	EGFR	EGF/ERBB	9.766612552948453e-06	1868	34	2.5
commot_pilot_v1	GSE292299	GSM8855709_NSCLC_P7	NSCLC	Visium	ambiguous_or_low_signal	ambiguous_or_low_signal	HBEGF	EGFR	EGF/ERBB	8.694101812422285e-05	1868	1868	2.5
commot_pilot_v1	GSE292299	GSM8855709_NSCLC_P7	NSCLC	Visium	tumor_like	tumor_like	COL1A1	ITGA2	ECM-integrin	0.002443625393040506	2536	2536	2.5
commot_pilot_v1	GSE292299	GSM8855709_NSCLC_P7	NSCLC	Visium	tumor_like	immune	COL1A1	ITGA2	ECM-integrin	6.397242950610259e-06	2536	334	2.5
commot_pilot_v1	GSE292299	GSM8855709_NSCLC_P7	NSCLC	Visium	tumor_like	stroma_fibroblast	COL1A1	ITGA2	ECM-integrin	2.2528507064511524e-06	2536	933	2.5
commot_pilot_v1	GSE292299	GSM8855709_NSCLC_P7	NSCLC	Visium	tumor_like	endothelial	COL1A1	ITGA2	ECM-integrin	7.5435188773034915e-06	2536	34	2.5
commot_pilot_v1	GSE292299	GSM8855709_NSCLC_P7	NSCLC	Visium	tumor_like	ambiguous_or_low_signal	COL1A1	ITGA2	ECM-integrin	3.0230680829849173e-05	2536	1868	2.5
commot_pilot_v1	GSE292299	GSM8855709_NSCLC_P7	NSCLC	Visium	immune	tumor_like	COL1A1	ITGA2	ECM-integrin	3.254559310141342e-05	334	2536	2.5
commot_pilot_v1	GSE292299	GSM8855709_NSCLC_P7	NSCLC	Visium	immune	immune	COL1A1	ITGA2	ECM-integrin	0.001102497654696549	334	334	2.5
commot_pilot_v1	GSE292299	GSM8855709_NSCLC_P7	NSCLC	Visium	immune	stroma_fibroblast	COL1A1	ITGA2	ECM-integrin	4.594943552241884e-06	334	933	2.5
commot_pilot_v1	GSE292299	GSM8855709_NSCLC_P7	NSCLC	Visium	immune	ambiguous_or_low_signal	COL1A1	ITGA2	ECM-integrin	0.0001011216972961733	334	1868	2.5
commot_pilot_v1	GSE292299	GSM8855709_NSCLC_P7	NSCLC	Visium	stroma_fibroblast	tumor_like	COL1A1	ITGA2	ECM-integrin	0.00018431717305844147	933	2536	2.5
commot_pilot_v1	GSE292299	GSM8855709_NSCLC_P7	NSCLC	Visium	stroma_fibroblast	immune	COL1A1	ITGA2	ECM-integrin	5.041527083049194e-06	933	334	2.5
commot_pilot_v1	GSE292299	GSM8855709_NSCLC_P7	NSCLC	Visium	stroma_fibroblast	stroma_fibroblast	COL1A1	ITGA2	ECM-integrin	0.0033207545566579944	933	933	2.5
commot_pilot_v1	GSE292299	GSM8855709_NSCLC_P7	NSCLC	Visium	stroma_fibroblast	endothelial	COL1A1	ITGA2	ECM-integrin	5.0228606852164854e-05	933	34	2.5
commot_pilot_v1	GSE292299	GSM8855709_NSCLC_P7	NSCLC	Visium	stroma_fibroblast	ambiguous_or_low_signal	COL1A1	ITGA2	ECM-integrin	4.852210450992289e-05	933	1868	2.5
commot_pilot_v1	GSE292299	GSM8855709_NSCLC_P7	NSCLC	Visium	endothelial	tumor_like	COL1A1	ITGA2	ECM-integrin	5.5467786381954084e-05	34	2536	2.5
commot_pilot_v1	GSE292299	GSM8855709_NSCLC_P7	NSCLC	Visium	endothelial	immune	COL1A1	ITGA2	ECM-integrin	4.09004891285673e-06	34	334	2.5
commot_pilot_v1	GSE292299	GSM8855709_NSCLC_P7	NSCLC	Visium	endothelial	stroma_fibroblast	COL1A1	ITGA2	ECM-integrin	8.536124580367514e-11	34	933	2.5
commot_pilot_v1	GSE292299	GSM8855709_NSCLC_P7	NSCLC	Visium	endothelial	endothelial	COL1A1	ITGA2	ECM-integrin	0.0012171435236309855	34	34	2.5
commot_pilot_v1	GSE292299	GSM8855709_NSCLC_P7	NSCLC	Visium	endothelial	ambiguous_or_low_signal	COL1A1	ITGA2	ECM-integrin	4.288829442241642e-07	34	1868	2.5
commot_pilot_v1	GSE292299	GSM8855709_NSCLC_P7	NSCLC	Visium	ambiguous_or_low_signal	tumor_like	COL1A1	ITGA2	ECM-integrin	0.00038736487233778546	1868	2536	2.5
commot_pilot_v1	GSE292299	GSM8855709_NSCLC_P7	NSCLC	Visium	ambiguous_or_low_signal	immune	COL1A1	ITGA2	ECM-integrin	7.325785022667873e-05	1868	334	2.5
commot_pilot_v1	GSE292299	GSM8855709_NSCLC_P7	NSCLC	Visium	ambiguous_or_low_signal	stroma_fibroblast	COL1A1	ITGA2	ECM-integrin	8.88455655806546e-06	1868	933	2.5
commot_pilot_v1	GSE292299	GSM8855709_NSCLC_P7	NSCLC	Visium	ambiguous_or_low_signal	endothelial	COL1A1	ITGA2	ECM-integrin	5.498139697090516e-06	1868	34	2.5
commot_pilot_v1	GSE292299	GSM8855709_NSCLC_P7	NSCLC	Visium	ambiguous_or_low_signal	ambiguous_or_low_signal	COL1A1	ITGA2	ECM-integrin	0.0012721218363893458	1868	1868	2.5
commot_pilot_v1	GSE292299	GSM8855710_NSCLC_P8	NSCLC	Visium	tumor_like	tumor_like	TGFB1	TGFBR1	TGFB	0.00032565748647505444	251	251	2.5
commot_pilot_v1	GSE292299	GSM8855710_NSCLC_P8	NSCLC	Visium	tumor_like	stroma_fibroblast	TGFB1	TGFBR1	TGFB	1.0080744745195889e-07	251	4664	2.5
commot_pilot_v1	GSE292299	GSM8855710_NSCLC_P8	NSCLC	Visium	tumor_like	ambiguous_or_low_signal	TGFB1	TGFBR1	TGFB	3.789932195731176e-05	251	294	2.5
commot_pilot_v1	GSE292299	GSM8855710_NSCLC_P8	NSCLC	Visium	stroma_fibroblast	stroma_fibroblast	TGFB1	TGFBR1	TGFB	6.621835518745922e-06	4664	4664	2.5
commot_pilot_v1	GSE292299	GSM8855710_NSCLC_P8	NSCLC	Visium	stroma_fibroblast	ambiguous_or_low_signal	TGFB1	TGFBR1	TGFB	2.624704473378645e-06	4664	294	2.5
commot_pilot_v1	GSE292299	GSM8855710_NSCLC_P8	NSCLC	Visium	ambiguous_or_low_signal	tumor_like	TGFB1	TGFBR1	TGFB	2.3230057281778177e-05	294	251	2.5
commot_pilot_v1	GSE292299	GSM8855710_NSCLC_P8	NSCLC	Visium	ambiguous_or_low_signal	stroma_fibroblast	TGFB1	TGFBR1	TGFB	2.1806832970429365e-06	294	4664	2.5
commot_pilot_v1	GSE292299	GSM8855710_NSCLC_P8	NSCLC	Visium	ambiguous_or_low_signal	ambiguous_or_low_signal	TGFB1	TGFBR1	TGFB	0.0001521379517504135	294	294	2.5
commot_pilot_v1	GSE292299	GSM8855710_NSCLC_P8	NSCLC	Visium	tumor_like	tumor_like	TGFB1	TGFBR2	TGFB	0.0004266157854240201	251	251	2.5
commot_pilot_v1	GSE292299	GSM8855710_NSCLC_P8	NSCLC	Visium	tumor_like	stroma_fibroblast	TGFB1	TGFBR2	TGFB	1.9158429636987606e-08	251	4664	2.5
commot_pilot_v1	GSE292299	GSM8855710_NSCLC_P8	NSCLC	Visium	tumor_like	ambiguous_or_low_signal	TGFB1	TGFBR2	TGFB	9.065336151953597e-06	251	294	2.5
commot_pilot_v1	GSE292299	GSM8855710_NSCLC_P8	NSCLC	Visium	stroma_fibroblast	tumor_like	TGFB1	TGFBR2	TGFB	1.227390739780254e-07	4664	251	2.5
commot_pilot_v1	GSE292299	GSM8855710_NSCLC_P8	NSCLC	Visium	stroma_fibroblast	stroma_fibroblast	TGFB1	TGFBR2	TGFB	1.0238375133679419e-05	4664	4664	2.5
commot_pilot_v1	GSE292299	GSM8855710_NSCLC_P8	NSCLC	Visium	stroma_fibroblast	ambiguous_or_low_signal	TGFB1	TGFBR2	TGFB	4.4276312202093035e-06	4664	294	2.5
commot_pilot_v1	GSE292299	GSM8855710_NSCLC_P8	NSCLC	Visium	ambiguous_or_low_signal	tumor_like	TGFB1	TGFBR2	TGFB	1.3634723571668934e-05	294	251	2.5
commot_pilot_v1	GSE292299	GSM8855710_NSCLC_P8	NSCLC	Visium	ambiguous_or_low_signal	stroma_fibroblast	TGFB1	TGFBR2	TGFB	4.279196681402474e-06	294	4664	2.5
commot_pilot_v1	GSE292299	GSM8855710_NSCLC_P8	NSCLC	Visium	ambiguous_or_low_signal	ambiguous_or_low_signal	TGFB1	TGFBR2	TGFB	0.00023368900655601325	294	294	2.5
commot_pilot_v1	GSE292299	GSM8855710_NSCLC_P8	NSCLC	Visium	tumor_like	tumor_like	CXCL12	CXCR4	CXCL chemokine	0.00010806360754200507	251	251	2.5
commot_pilot_v1	GSE292299	GSM8855710_NSCLC_P8	NSCLC	Visium	tumor_like	stroma_fibroblast	CXCL12	CXCR4	CXCL chemokine	1.7565954421150396e-06	251	4664	2.5
commot_pilot_v1	GSE292299	GSM8855710_NSCLC_P8	NSCLC	Visium	tumor_like	ambiguous_or_low_signal	CXCL12	CXCR4	CXCL chemokine	1.3559694083130107e-05	251	294	2.5
commot_pilot_v1	GSE292299	GSM8855710_NSCLC_P8	NSCLC	Visium	stroma_fibroblast	tumor_like	CXCL12	CXCR4	CXCL chemokine	3.7437338454082454e-06	4664	251	2.5
commot_pilot_v1	GSE292299	GSM8855710_NSCLC_P8	NSCLC	Visium	stroma_fibroblast	stroma_fibroblast	CXCL12	CXCR4	CXCL chemokine	2.9281762099797223e-05	4664	4664	2.5
commot_pilot_v1	GSE292299	GSM8855710_NSCLC_P8	NSCLC	Visium	stroma_fibroblast	ambiguous_or_low_signal	CXCL12	CXCR4	CXCL chemokine	1.1449654249340307e-05	4664	294	2.5
commot_pilot_v1	GSE292299	GSM8855710_NSCLC_P8	NSCLC	Visium	ambiguous_or_low_signal	tumor_like	CXCL12	CXCR4	CXCL chemokine	7.481362739239363e-05	294	251	2.5
commot_pilot_v1	GSE292299	GSM8855710_NSCLC_P8	NSCLC	Visium	ambiguous_or_low_signal	stroma_fibroblast	CXCL12	CXCR4	CXCL chemokine	4.739029290852766e-06	294	4664	2.5
commot_pilot_v1	GSE292299	GSM8855710_NSCLC_P8	NSCLC	Visium	ambiguous_or_low_signal	ambiguous_or_low_signal	CXCL12	CXCR4	CXCL chemokine	0.00022125829305703776	294	294	2.5
commot_pilot_v1	GSE292299	GSM8855710_NSCLC_P8	NSCLC	Visium	tumor_like	tumor_like	CXCL9	CXCR3	CXCL chemokine	0.00020107211102171157	251	251	2.5
commot_pilot_v1	GSE292299	GSM8855710_NSCLC_P8	NSCLC	Visium	tumor_like	stroma_fibroblast	CXCL9	CXCR3	CXCL chemokine	1.7084703936204013e-06	251	4664	2.5
commot_pilot_v1	GSE292299	GSM8855710_NSCLC_P8	NSCLC	Visium	tumor_like	ambiguous_or_low_signal	CXCL9	CXCR3	CXCL chemokine	5.276203217075742e-05	251	294	2.5
commot_pilot_v1	GSE292299	GSM8855710_NSCLC_P8	NSCLC	Visium	stroma_fibroblast	stroma_fibroblast	CXCL9	CXCR3	CXCL chemokine	1.072842760031366e-05	4664	4664	2.5
commot_pilot_v1	GSE292299	GSM8855710_NSCLC_P8	NSCLC	Visium	stroma_fibroblast	ambiguous_or_low_signal	CXCL9	CXCR3	CXCL chemokine	1.952811433304547e-06	4664	294	2.5
commot_pilot_v1	GSE292299	GSM8855710_NSCLC_P8	NSCLC	Visium	ambiguous_or_low_signal	tumor_like	CXCL9	CXCR3	CXCL chemokine	1.8053716203501702e-05	294	251	2.5
commot_pilot_v1	GSE292299	GSM8855710_NSCLC_P8	NSCLC	Visium	ambiguous_or_low_signal	stroma_fibroblast	CXCL9	CXCR3	CXCL chemokine	1.185506427908954e-06	294	4664	2.5
commot_pilot_v1	GSE292299	GSM8855710_NSCLC_P8	NSCLC	Visium	ambiguous_or_low_signal	ambiguous_or_low_signal	CXCL9	CXCR3	CXCL chemokine	0.00010908362621663471	294	294	2.5
commot_pilot_v1	GSE292299	GSM8855710_NSCLC_P8	NSCLC	Visium	tumor_like	tumor_like	CCL2	CCR2	CCL chemokine	3.1745527848764306e-05	251	251	2.5
commot_pilot_v1	GSE292299	GSM8855710_NSCLC_P8	NSCLC	Visium	tumor_like	stroma_fibroblast	CCL2	CCR2	CCL chemokine	1.7084321376586279e-06	251	4664	2.5
commot_pilot_v1	GSE292299	GSM8855710_NSCLC_P8	NSCLC	Visium	tumor_like	ambiguous_or_low_signal	CCL2	CCR2	CCL chemokine	6.7307072341857225e-06	251	294	2.5
commot_pilot_v1	GSE292299	GSM8855710_NSCLC_P8	NSCLC	Visium	stroma_fibroblast	tumor_like	CCL2	CCR2	CCL chemokine	8.542160688293139e-07	4664	251	2.5
commot_pilot_v1	GSE292299	GSM8855710_NSCLC_P8	NSCLC	Visium	stroma_fibroblast	stroma_fibroblast	CCL2	CCR2	CCL chemokine	9.828060927012284e-06	4664	4664	2.5
commot_pilot_v1	GSE292299	GSM8855710_NSCLC_P8	NSCLC	Visium	stroma_fibroblast	ambiguous_or_low_signal	CCL2	CCR2	CCL chemokine	4.24848418050741e-06	4664	294	2.5
commot_pilot_v1	GSE292299	GSM8855710_NSCLC_P8	NSCLC	Visium	ambiguous_or_low_signal	stroma_fibroblast	CCL2	CCR2	CCL chemokine	4.529711418976884e-06	294	4664	2.5
commot_pilot_v1	GSE292299	GSM8855710_NSCLC_P8	NSCLC	Visium	ambiguous_or_low_signal	ambiguous_or_low_signal	CCL2	CCR2	CCL chemokine	0.00012353330448310745	294	294	2.5
commot_pilot_v1	GSE292299	GSM8855710_NSCLC_P8	NSCLC	Visium	tumor_like	tumor_like	VEGFA	KDR	VEGF	0.00031692840414976824	251	251	2.5
commot_pilot_v1	GSE292299	GSM8855710_NSCLC_P8	NSCLC	Visium	tumor_like	stroma_fibroblast	VEGFA	KDR	VEGF	1.5576676068423213e-07	251	4664	2.5
commot_pilot_v1	GSE292299	GSM8855710_NSCLC_P8	NSCLC	Visium	tumor_like	ambiguous_or_low_signal	VEGFA	KDR	VEGF	2.222984783905679e-05	251	294	2.5
commot_pilot_v1	GSE292299	GSM8855710_NSCLC_P8	NSCLC	Visium	stroma_fibroblast	tumor_like	VEGFA	KDR	VEGF	1.3705992881191712e-06	4664	251	2.5
commot_pilot_v1	GSE292299	GSM8855710_NSCLC_P8	NSCLC	Visium	stroma_fibroblast	stroma_fibroblast	VEGFA	KDR	VEGF	1.7401335471555583e-05	4664	4664	2.5
commot_pilot_v1	GSE292299	GSM8855710_NSCLC_P8	NSCLC	Visium	stroma_fibroblast	endothelial	VEGFA	KDR	VEGF	0.00021440823327615894	4664	1	2.5
commot_pilot_v1	GSE292299	GSM8855710_NSCLC_P8	NSCLC	Visium	stroma_fibroblast	ambiguous_or_low_signal	VEGFA	KDR	VEGF	2.9419918521472614e-06	4664	294	2.5
commot_pilot_v1	GSE292299	GSM8855710_NSCLC_P8	NSCLC	Visium	ambiguous_or_low_signal	tumor_like	VEGFA	KDR	VEGF	1.2920973493835531e-06	294	251	2.5
commot_pilot_v1	GSE292299	GSM8855710_NSCLC_P8	NSCLC	Visium	ambiguous_or_low_signal	stroma_fibroblast	VEGFA	KDR	VEGF	6.773702091438836e-06	294	4664	2.5
commot_pilot_v1	GSE292299	GSM8855710_NSCLC_P8	NSCLC	Visium	ambiguous_or_low_signal	ambiguous_or_low_signal	VEGFA	KDR	VEGF	0.00022743761444726784	294	294	2.5
commot_pilot_v1	GSE292299	GSM8855710_NSCLC_P8	NSCLC	Visium	tumor_like	tumor_like	SPP1	CD44	SPP1	0.003724500599121109	251	251	2.5
commot_pilot_v1	GSE292299	GSM8855710_NSCLC_P8	NSCLC	Visium	tumor_like	stroma_fibroblast	SPP1	CD44	SPP1	4.961829460565349e-07	251	4664	2.5
commot_pilot_v1	GSE292299	GSM8855710_NSCLC_P8	NSCLC	Visium	tumor_like	ambiguous_or_low_signal	SPP1	CD44	SPP1	4.217754026197886e-05	251	294	2.5
commot_pilot_v1	GSE292299	GSM8855710_NSCLC_P8	NSCLC	Visium	stroma_fibroblast	tumor_like	SPP1	CD44	SPP1	4.137984428940898e-06	4664	251	2.5
commot_pilot_v1	GSE292299	GSM8855710_NSCLC_P8	NSCLC	Visium	stroma_fibroblast	stroma_fibroblast	SPP1	CD44	SPP1	9.121949514826416e-05	4664	4664	2.5
commot_pilot_v1	GSE292299	GSM8855710_NSCLC_P8	NSCLC	Visium	stroma_fibroblast	ambiguous_or_low_signal	SPP1	CD44	SPP1	1.595542274915821e-05	4664	294	2.5
commot_pilot_v1	GSE292299	GSM8855710_NSCLC_P8	NSCLC	Visium	ambiguous_or_low_signal	tumor_like	SPP1	CD44	SPP1	0.0001155541086387292	294	251	2.5
commot_pilot_v1	GSE292299	GSM8855710_NSCLC_P8	NSCLC	Visium	ambiguous_or_low_signal	stroma_fibroblast	SPP1	CD44	SPP1	8.122513582679692e-06	294	4664	2.5
commot_pilot_v1	GSE292299	GSM8855710_NSCLC_P8	NSCLC	Visium	ambiguous_or_low_signal	ambiguous_or_low_signal	SPP1	CD44	SPP1	0.003002791993300136	294	294	2.5
commot_pilot_v1	GSE292299	GSM8855710_NSCLC_P8	NSCLC	Visium	tumor_like	tumor_like	SPP1	ITGAV	SPP1	0.0016177490237974405	251	251	2.5
commot_pilot_v1	GSE292299	GSM8855710_NSCLC_P8	NSCLC	Visium	tumor_like	stroma_fibroblast	SPP1	ITGAV	SPP1	5.242249371108733e-06	251	4664	2.5
commot_pilot_v1	GSE292299	GSM8855710_NSCLC_P8	NSCLC	Visium	tumor_like	ambiguous_or_low_signal	SPP1	ITGAV	SPP1	0.00013347640918533004	251	294	2.5
commot_pilot_v1	GSE292299	GSM8855710_NSCLC_P8	NSCLC	Visium	stroma_fibroblast	tumor_like	SPP1	ITGAV	SPP1	2.5085634103821817e-06	4664	251	2.5
commot_pilot_v1	GSE292299	GSM8855710_NSCLC_P8	NSCLC	Visium	stroma_fibroblast	immune	SPP1	ITGAV	SPP1	1.658402597275371e-05	4664	8	2.5
commot_pilot_v1	GSE292299	GSM8855710_NSCLC_P8	NSCLC	Visium	stroma_fibroblast	stroma_fibroblast	SPP1	ITGAV	SPP1	7.060957321447974e-05	4664	4664	2.5
commot_pilot_v1	GSE292299	GSM8855710_NSCLC_P8	NSCLC	Visium	stroma_fibroblast	ambiguous_or_low_signal	SPP1	ITGAV	SPP1	1.6372641787602976e-05	4664	294	2.5
commot_pilot_v1	GSE292299	GSM8855710_NSCLC_P8	NSCLC	Visium	ambiguous_or_low_signal	tumor_like	SPP1	ITGAV	SPP1	0.00012781451388740585	294	251	2.5
commot_pilot_v1	GSE292299	GSM8855710_NSCLC_P8	NSCLC	Visium	ambiguous_or_low_signal	stroma_fibroblast	SPP1	ITGAV	SPP1	2.2747081337449384e-05	294	4664	2.5
commot_pilot_v1	GSE292299	GSM8855710_NSCLC_P8	NSCLC	Visium	ambiguous_or_low_signal	ambiguous_or_low_signal	SPP1	ITGAV	SPP1	0.0018336256488571663	294	294	2.5
commot_pilot_v1	GSE292299	GSM8855710_NSCLC_P8	NSCLC	Visium	tumor_like	tumor_like	MIF	CD74	MIF	0.0060426169339390864	251	251	2.5
commot_pilot_v1	GSE292299	GSM8855710_NSCLC_P8	NSCLC	Visium	tumor_like	stroma_fibroblast	MIF	CD74	MIF	3.3607016290080283e-06	251	4664	2.5
commot_pilot_v1	GSE292299	GSM8855710_NSCLC_P8	NSCLC	Visium	tumor_like	ambiguous_or_low_signal	MIF	CD74	MIF	7.283570861190363e-05	251	294	2.5
commot_pilot_v1	GSE292299	GSM8855710_NSCLC_P8	NSCLC	Visium	stroma_fibroblast	tumor_like	MIF	CD74	MIF	1.1647944657308986e-05	4664	251	2.5
commot_pilot_v1	GSE292299	GSM8855710_NSCLC_P8	NSCLC	Visium	stroma_fibroblast	stroma_fibroblast	MIF	CD74	MIF	9.346309405153748e-05	4664	4664	2.5
commot_pilot_v1	GSE292299	GSM8855710_NSCLC_P8	NSCLC	Visium	stroma_fibroblast	ambiguous_or_low_signal	MIF	CD74	MIF	1.2595541004944506e-05	4664	294	2.5
commot_pilot_v1	GSE292299	GSM8855710_NSCLC_P8	NSCLC	Visium	ambiguous_or_low_signal	tumor_like	MIF	CD74	MIF	6.46789742047253e-05	294	251	2.5
commot_pilot_v1	GSE292299	GSM8855710_NSCLC_P8	NSCLC	Visium	ambiguous_or_low_signal	stroma_fibroblast	MIF	CD74	MIF	1.393751036895308e-05	294	4664	2.5
commot_pilot_v1	GSE292299	GSM8855710_NSCLC_P8	NSCLC	Visium	ambiguous_or_low_signal	ambiguous_or_low_signal	MIF	CD74	MIF	0.004351378401223169	294	294	2.5
commot_pilot_v1	GSE292299	GSM8855710_NSCLC_P8	NSCLC	Visium	tumor_like	tumor_like	DLL4	NOTCH1	NOTCH	9.523658354629304e-05	251	251	2.5
commot_pilot_v1	GSE292299	GSM8855710_NSCLC_P8	NSCLC	Visium	stroma_fibroblast	stroma_fibroblast	DLL4	NOTCH1	NOTCH	7.998260569718069e-06	4664	4664	2.5
commot_pilot_v1	GSE292299	GSM8855710_NSCLC_P8	NSCLC	Visium	stroma_fibroblast	ambiguous_or_low_signal	DLL4	NOTCH1	NOTCH	2.9277839904696674e-06	4664	294	2.5
commot_pilot_v1	GSE292299	GSM8855710_NSCLC_P8	NSCLC	Visium	ambiguous_or_low_signal	tumor_like	DLL4	NOTCH1	NOTCH	2.0422702582012996e-05	294	251	2.5
commot_pilot_v1	GSE292299	GSM8855710_NSCLC_P8	NSCLC	Visium	ambiguous_or_low_signal	stroma_fibroblast	DLL4	NOTCH1	NOTCH	2.1966624706651073e-06	294	4664	2.5
commot_pilot_v1	GSE292299	GSM8855710_NSCLC_P8	NSCLC	Visium	ambiguous_or_low_signal	ambiguous_or_low_signal	DLL4	NOTCH1	NOTCH	7.497887168581348e-05	294	294	2.5
commot_pilot_v1	GSE292299	GSM8855710_NSCLC_P8	NSCLC	Visium	tumor_like	tumor_like	JAG1	NOTCH2	NOTCH	0.0010992601571034957	251	251	2.5
commot_pilot_v1	GSE292299	GSM8855710_NSCLC_P8	NSCLC	Visium	tumor_like	stroma_fibroblast	JAG1	NOTCH2	NOTCH	2.071832068193532e-06	251	4664	2.5
commot_pilot_v1	GSE292299	GSM8855710_NSCLC_P8	NSCLC	Visium	tumor_like	ambiguous_or_low_signal	JAG1	NOTCH2	NOTCH	2.208968098508548e-05	251	294	2.5
commot_pilot_v1	GSE292299	GSM8855710_NSCLC_P8	NSCLC	Visium	stroma_fibroblast	tumor_like	JAG1	NOTCH2	NOTCH	3.189985922457151e-06	4664	251	2.5
commot_pilot_v1	GSE292299	GSM8855710_NSCLC_P8	NSCLC	Visium	stroma_fibroblast	stroma_fibroblast	JAG1	NOTCH2	NOTCH	2.585597198184068e-05	4664	4664	2.5
commot_pilot_v1	GSE292299	GSM8855710_NSCLC_P8	NSCLC	Visium	stroma_fibroblast	ambiguous_or_low_signal	JAG1	NOTCH2	NOTCH	1.47814215409367e-06	4664	294	2.5
commot_pilot_v1	GSE292299	GSM8855710_NSCLC_P8	NSCLC	Visium	ambiguous_or_low_signal	tumor_like	JAG1	NOTCH2	NOTCH	5.6900213572480556e-05	294	251	2.5
commot_pilot_v1	GSE292299	GSM8855710_NSCLC_P8	NSCLC	Visium	ambiguous_or_low_signal	stroma_fibroblast	JAG1	NOTCH2	NOTCH	1.5132880077870704e-05	294	4664	2.5
commot_pilot_v1	GSE292299	GSM8855710_NSCLC_P8	NSCLC	Visium	ambiguous_or_low_signal	ambiguous_or_low_signal	JAG1	NOTCH2	NOTCH	0.000480590078089257	294	294	2.5
commot_pilot_v1	GSE292299	GSM8855710_NSCLC_P8	NSCLC	Visium	tumor_like	tumor_like	WNT5A	FZD5	WNT	0.0003358569052623431	251	251	2.5
commot_pilot_v1	GSE292299	GSM8855710_NSCLC_P8	NSCLC	Visium	tumor_like	stroma_fibroblast	WNT5A	FZD5	WNT	6.944665066872601e-07	251	4664	2.5
commot_pilot_v1	GSE292299	GSM8855710_NSCLC_P8	NSCLC	Visium	tumor_like	ambiguous_or_low_signal	WNT5A	FZD5	WNT	4.977564106081736e-05	251	294	2.5
commot_pilot_v1	GSE292299	GSM8855710_NSCLC_P8	NSCLC	Visium	stroma_fibroblast	tumor_like	WNT5A	FZD5	WNT	2.7498584979575333e-06	4664	251	2.5
commot_pilot_v1	GSE292299	GSM8855710_NSCLC_P8	NSCLC	Visium	stroma_fibroblast	stroma_fibroblast	WNT5A	FZD5	WNT	1.9286681848872284e-05	4664	4664	2.5
commot_pilot_v1	GSE292299	GSM8855710_NSCLC_P8	NSCLC	Visium	stroma_fibroblast	ambiguous_or_low_signal	WNT5A	FZD5	WNT	1.1669823095155226e-05	4664	294	2.5
commot_pilot_v1	GSE292299	GSM8855710_NSCLC_P8	NSCLC	Visium	ambiguous_or_low_signal	tumor_like	WNT5A	FZD5	WNT	5.474408976843656e-05	294	251	2.5
commot_pilot_v1	GSE292299	GSM8855710_NSCLC_P8	NSCLC	Visium	ambiguous_or_low_signal	stroma_fibroblast	WNT5A	FZD5	WNT	7.205089468951688e-06	294	4664	2.5
commot_pilot_v1	GSE292299	GSM8855710_NSCLC_P8	NSCLC	Visium	ambiguous_or_low_signal	ambiguous_or_low_signal	WNT5A	FZD5	WNT	0.00029701558541310723	294	294	2.5
commot_pilot_v1	GSE292299	GSM8855710_NSCLC_P8	NSCLC	Visium	tumor_like	tumor_like	EGF	EGFR	EGF/ERBB	0.00010896665242172594	251	251	2.5
commot_pilot_v1	GSE292299	GSM8855710_NSCLC_P8	NSCLC	Visium	tumor_like	stroma_fibroblast	EGF	EGFR	EGF/ERBB	8.54002090661399e-07	251	4664	2.5
commot_pilot_v1	GSE292299	GSM8855710_NSCLC_P8	NSCLC	Visium	tumor_like	ambiguous_or_low_signal	EGF	EGFR	EGF/ERBB	2.01476620085782e-06	251	294	2.5
commot_pilot_v1	GSE292299	GSM8855710_NSCLC_P8	NSCLC	Visium	stroma_fibroblast	tumor_like	EGF	EGFR	EGF/ERBB	7.184868055310734e-07	4664	251	2.5
commot_pilot_v1	GSE292299	GSM8855710_NSCLC_P8	NSCLC	Visium	stroma_fibroblast	stroma_fibroblast	EGF	EGFR	EGF/ERBB	9.740808709734423e-06	4664	4664	2.5
commot_pilot_v1	GSE292299	GSM8855710_NSCLC_P8	NSCLC	Visium	stroma_fibroblast	ambiguous_or_low_signal	EGF	EGFR	EGF/ERBB	5.023951760759481e-06	4664	294	2.5
commot_pilot_v1	GSE292299	GSM8855710_NSCLC_P8	NSCLC	Visium	ambiguous_or_low_signal	tumor_like	EGF	EGFR	EGF/ERBB	1.8453262144041996e-05	294	251	2.5
commot_pilot_v1	GSE292299	GSM8855710_NSCLC_P8	NSCLC	Visium	ambiguous_or_low_signal	stroma_fibroblast	EGF	EGFR	EGF/ERBB	2.2734827968009414e-06	294	4664	2.5
commot_pilot_v1	GSE292299	GSM8855710_NSCLC_P8	NSCLC	Visium	ambiguous_or_low_signal	ambiguous_or_low_signal	EGF	EGFR	EGF/ERBB	0.00018131768683723624	294	294	2.5
commot_pilot_v1	GSE292299	GSM8855710_NSCLC_P8	NSCLC	Visium	tumor_like	tumor_like	HBEGF	EGFR	EGF/ERBB	0.001636567501309198	251	251	2.5
commot_pilot_v1	GSE292299	GSM8855710_NSCLC_P8	NSCLC	Visium	tumor_like	stroma_fibroblast	HBEGF	EGFR	EGF/ERBB	2.5772352834152734e-06	251	4664	2.5
commot_pilot_v1	GSE292299	GSM8855710_NSCLC_P8	NSCLC	Visium	tumor_like	ambiguous_or_low_signal	HBEGF	EGFR	EGF/ERBB	0.0001275824717978913	251	294	2.5
commot_pilot_v1	GSE292299	GSM8855710_NSCLC_P8	NSCLC	Visium	stroma_fibroblast	tumor_like	HBEGF	EGFR	EGF/ERBB	9.266773450859518e-07	4664	251	2.5
commot_pilot_v1	GSE292299	GSM8855710_NSCLC_P8	NSCLC	Visium	stroma_fibroblast	stroma_fibroblast	HBEGF	EGFR	EGF/ERBB	2.1628020181083327e-05	4664	4664	2.5
commot_pilot_v1	GSE292299	GSM8855710_NSCLC_P8	NSCLC	Visium	stroma_fibroblast	ambiguous_or_low_signal	HBEGF	EGFR	EGF/ERBB	1.8011722045998594e-05	4664	294	2.5
commot_pilot_v1	GSE292299	GSM8855710_NSCLC_P8	NSCLC	Visium	ambiguous_or_low_signal	tumor_like	HBEGF	EGFR	EGF/ERBB	9.52401646773267e-05	294	251	2.5
commot_pilot_v1	GSE292299	GSM8855710_NSCLC_P8	NSCLC	Visium	ambiguous_or_low_signal	stroma_fibroblast	HBEGF	EGFR	EGF/ERBB	1.3237178978183172e-05	294	4664	2.5
commot_pilot_v1	GSE292299	GSM8855710_NSCLC_P8	NSCLC	Visium	ambiguous_or_low_signal	ambiguous_or_low_signal	HBEGF	EGFR	EGF/ERBB	0.0009630576469562503	294	294	2.5
commot_pilot_v1	GSE292299	GSM8855710_NSCLC_P8	NSCLC	Visium	tumor_like	tumor_like	COL1A1	ITGA2	ECM-integrin	0.003164953531755113	251	251	2.5
commot_pilot_v1	GSE292299	GSM8855710_NSCLC_P8	NSCLC	Visium	tumor_like	stroma_fibroblast	COL1A1	ITGA2	ECM-integrin	1.1169712808256705e-08	251	4664	2.5
commot_pilot_v1	GSE292299	GSM8855710_NSCLC_P8	NSCLC	Visium	tumor_like	ambiguous_or_low_signal	COL1A1	ITGA2	ECM-integrin	1.0969593063481196e-06	251	294	2.5
commot_pilot_v1	GSE292299	GSM8855710_NSCLC_P8	NSCLC	Visium	immune	stroma_fibroblast	COL1A1	ITGA2	ECM-integrin	6.044668775972663e-10	8	4664	2.5
commot_pilot_v1	GSE292299	GSM8855710_NSCLC_P8	NSCLC	Visium	stroma_fibroblast	tumor_like	COL1A1	ITGA2	ECM-integrin	1.7398034937731839e-06	4664	251	2.5
commot_pilot_v1	GSE292299	GSM8855710_NSCLC_P8	NSCLC	Visium	stroma_fibroblast	stroma_fibroblast	COL1A1	ITGA2	ECM-integrin	3.544564046617655e-05	4664	4664	2.5
commot_pilot_v1	GSE292299	GSM8855710_NSCLC_P8	NSCLC	Visium	stroma_fibroblast	ambiguous_or_low_signal	COL1A1	ITGA2	ECM-integrin	4.02200814402948e-06	4664	294	2.5
commot_pilot_v1	GSE292299	GSM8855710_NSCLC_P8	NSCLC	Visium	ambiguous_or_low_signal	tumor_like	COL1A1	ITGA2	ECM-integrin	7.697607239908592e-06	294	251	2.5
commot_pilot_v1	GSE292299	GSM8855710_NSCLC_P8	NSCLC	Visium	ambiguous_or_low_signal	stroma_fibroblast	COL1A1	ITGA2	ECM-integrin	6.866684397838886e-07	294	4664	2.5
commot_pilot_v1	GSE292299	GSM8855710_NSCLC_P8	NSCLC	Visium	ambiguous_or_low_signal	ambiguous_or_low_signal	COL1A1	ITGA2	ECM-integrin	0.0017979083838414983	294	294	2.5
commot_pilot_v1	GSE292299	GSM8855711_NSCLC_P9	NSCLC	Visium	tumor_like	tumor_like	TGFB1	TGFBR1	TGFB	7.891572368394897e-06	8953	8953	2.5
commot_pilot_v1	GSE292299	GSM8855711_NSCLC_P9	NSCLC	Visium	tumor_like	immune	TGFB1	TGFBR1	TGFB	3.696915051995792e-07	8953	379	2.5
commot_pilot_v1	GSE292299	GSM8855711_NSCLC_P9	NSCLC	Visium	tumor_like	stroma_fibroblast	TGFB1	TGFBR1	TGFB	1.268796529556158e-06	8953	946	2.5
commot_pilot_v1	GSE292299	GSM8855711_NSCLC_P9	NSCLC	Visium	tumor_like	endothelial	TGFB1	TGFBR1	TGFB	5.381639044168858e-07	8953	58	2.5
commot_pilot_v1	GSE292299	GSM8855711_NSCLC_P9	NSCLC	Visium	tumor_like	ambiguous_or_low_signal	TGFB1	TGFBR1	TGFB	1.5014416079670999e-06	8953	1906	2.5
commot_pilot_v1	GSE292299	GSM8855711_NSCLC_P9	NSCLC	Visium	immune	tumor_like	TGFB1	TGFBR1	TGFB	7.270887636054945e-07	379	8953	2.5
commot_pilot_v1	GSE292299	GSM8855711_NSCLC_P9	NSCLC	Visium	immune	immune	TGFB1	TGFBR1	TGFB	6.636779193688495e-05	379	379	2.5
commot_pilot_v1	GSE292299	GSM8855711_NSCLC_P9	NSCLC	Visium	immune	stroma_fibroblast	TGFB1	TGFBR1	TGFB	1.3267296714452728e-06	379	946	2.5
commot_pilot_v1	GSE292299	GSM8855711_NSCLC_P9	NSCLC	Visium	immune	ambiguous_or_low_signal	TGFB1	TGFBR1	TGFB	5.155604340667355e-06	379	1906	2.5
commot_pilot_v1	GSE292299	GSM8855711_NSCLC_P9	NSCLC	Visium	stroma_fibroblast	tumor_like	TGFB1	TGFBR1	TGFB	2.458920165936914e-06	946	8953	2.5
commot_pilot_v1	GSE292299	GSM8855711_NSCLC_P9	NSCLC	Visium	stroma_fibroblast	immune	TGFB1	TGFBR1	TGFB	1.6150613806801745e-06	946	379	2.5
commot_pilot_v1	GSE292299	GSM8855711_NSCLC_P9	NSCLC	Visium	stroma_fibroblast	stroma_fibroblast	TGFB1	TGFBR1	TGFB	0.00012106246246419724	946	946	2.5
commot_pilot_v1	GSE292299	GSM8855711_NSCLC_P9	NSCLC	Visium	stroma_fibroblast	ambiguous_or_low_signal	TGFB1	TGFBR1	TGFB	1.1813258133893933e-05	946	1906	2.5
commot_pilot_v1	GSE292299	GSM8855711_NSCLC_P9	NSCLC	Visium	endothelial	tumor_like	TGFB1	TGFBR1	TGFB	3.998863799182826e-08	58	8953	2.5
commot_pilot_v1	GSE292299	GSM8855711_NSCLC_P9	NSCLC	Visium	endothelial	immune	TGFB1	TGFBR1	TGFB	5.347933689117665e-05	58	379	2.5
commot_pilot_v1	GSE292299	GSM8855711_NSCLC_P9	NSCLC	Visium	endothelial	ambiguous_or_low_signal	TGFB1	TGFBR1	TGFB	7.927201417622355e-06	58	1906	2.5
commot_pilot_v1	GSE292299	GSM8855711_NSCLC_P9	NSCLC	Visium	ambiguous_or_low_signal	tumor_like	TGFB1	TGFBR1	TGFB	2.469457487583285e-06	1906	8953	2.5
commot_pilot_v1	GSE292299	GSM8855711_NSCLC_P9	NSCLC	Visium	ambiguous_or_low_signal	immune	TGFB1	TGFBR1	TGFB	6.84131813976195e-06	1906	379	2.5
commot_pilot_v1	GSE292299	GSM8855711_NSCLC_P9	NSCLC	Visium	ambiguous_or_low_signal	stroma_fibroblast	TGFB1	TGFBR1	TGFB	8.632825494223348e-06	1906	946	2.5
commot_pilot_v1	GSE292299	GSM8855711_NSCLC_P9	NSCLC	Visium	ambiguous_or_low_signal	endothelial	TGFB1	TGFBR1	TGFB	2.7708476211185533e-06	1906	58	2.5
commot_pilot_v1	GSE292299	GSM8855711_NSCLC_P9	NSCLC	Visium	ambiguous_or_low_signal	ambiguous_or_low_signal	TGFB1	TGFBR1	TGFB	3.0060900120653103e-05	1906	1906	2.5
commot_pilot_v1	GSE292299	GSM8855711_NSCLC_P9	NSCLC	Visium	tumor_like	tumor_like	TGFB1	TGFBR2	TGFB	1.0567625592065502e-05	8953	8953	2.5
commot_pilot_v1	GSE292299	GSM8855711_NSCLC_P9	NSCLC	Visium	tumor_like	immune	TGFB1	TGFBR2	TGFB	1.525604725986823e-07	8953	379	2.5
commot_pilot_v1	GSE292299	GSM8855711_NSCLC_P9	NSCLC	Visium	tumor_like	stroma_fibroblast	TGFB1	TGFBR2	TGFB	1.1120110272921726e-06	8953	946	2.5
commot_pilot_v1	GSE292299	GSM8855711_NSCLC_P9	NSCLC	Visium	tumor_like	endothelial	TGFB1	TGFBR2	TGFB	5.129111765262753e-07	8953	58	2.5
commot_pilot_v1	GSE292299	GSM8855711_NSCLC_P9	NSCLC	Visium	tumor_like	ambiguous_or_low_signal	TGFB1	TGFBR2	TGFB	1.914126203266323e-06	8953	1906	2.5
commot_pilot_v1	GSE292299	GSM8855711_NSCLC_P9	NSCLC	Visium	immune	tumor_like	TGFB1	TGFBR2	TGFB	1.1703743618474283e-07	379	8953	2.5
commot_pilot_v1	GSE292299	GSM8855711_NSCLC_P9	NSCLC	Visium	immune	immune	TGFB1	TGFBR2	TGFB	0.0001469652689727675	379	379	2.5
commot_pilot_v1	GSE292299	GSM8855711_NSCLC_P9	NSCLC	Visium	immune	stroma_fibroblast	TGFB1	TGFBR2	TGFB	3.9338244837905286e-06	379	946	2.5
commot_pilot_v1	GSE292299	GSM8855711_NSCLC_P9	NSCLC	Visium	immune	endothelial	TGFB1	TGFBR2	TGFB	1.290410810229414e-09	379	58	2.5
commot_pilot_v1	GSE292299	GSM8855711_NSCLC_P9	NSCLC	Visium	immune	ambiguous_or_low_signal	TGFB1	TGFBR2	TGFB	8.142365277378709e-06	379	1906	2.5
commot_pilot_v1	GSE292299	GSM8855711_NSCLC_P9	NSCLC	Visium	stroma_fibroblast	tumor_like	TGFB1	TGFBR2	TGFB	1.3849443981973057e-06	946	8953	2.5
commot_pilot_v1	GSE292299	GSM8855711_NSCLC_P9	NSCLC	Visium	stroma_fibroblast	immune	TGFB1	TGFBR2	TGFB	1.5356444678195584e-07	946	379	2.5
commot_pilot_v1	GSE292299	GSM8855711_NSCLC_P9	NSCLC	Visium	stroma_fibroblast	stroma_fibroblast	TGFB1	TGFBR2	TGFB	0.00026050862927863284	946	946	2.5
commot_pilot_v1	GSE292299	GSM8855711_NSCLC_P9	NSCLC	Visium	stroma_fibroblast	endothelial	TGFB1	TGFBR2	TGFB	6.130410854044569e-07	946	58	2.5
commot_pilot_v1	GSE292299	GSM8855711_NSCLC_P9	NSCLC	Visium	stroma_fibroblast	ambiguous_or_low_signal	TGFB1	TGFBR2	TGFB	6.424611927397241e-06	946	1906	2.5
commot_pilot_v1	GSE292299	GSM8855711_NSCLC_P9	NSCLC	Visium	endothelial	tumor_like	TGFB1	TGFBR2	TGFB	3.927200983003772e-08	58	8953	2.5
commot_pilot_v1	GSE292299	GSM8855711_NSCLC_P9	NSCLC	Visium	endothelial	immune	TGFB1	TGFBR2	TGFB	2.181979965113523e-06	58	379	2.5
commot_pilot_v1	GSE292299	GSM8855711_NSCLC_P9	NSCLC	Visium	endothelial	stroma_fibroblast	TGFB1	TGFBR2	TGFB	9.020506967930368e-07	58	946	2.5
commot_pilot_v1	GSE292299	GSM8855711_NSCLC_P9	NSCLC	Visium	endothelial	endothelial	TGFB1	TGFBR2	TGFB	0.0016126044137032205	58	58	2.5
commot_pilot_v1	GSE292299	GSM8855711_NSCLC_P9	NSCLC	Visium	endothelial	ambiguous_or_low_signal	TGFB1	TGFBR2	TGFB	1.1053901921260625e-05	58	1906	2.5
commot_pilot_v1	GSE292299	GSM8855711_NSCLC_P9	NSCLC	Visium	ambiguous_or_low_signal	tumor_like	TGFB1	TGFBR2	TGFB	1.5475010924033757e-06	1906	8953	2.5
commot_pilot_v1	GSE292299	GSM8855711_NSCLC_P9	NSCLC	Visium	ambiguous_or_low_signal	immune	TGFB1	TGFBR2	TGFB	6.5412904987481414e-06	1906	379	2.5
commot_pilot_v1	GSE292299	GSM8855711_NSCLC_P9	NSCLC	Visium	ambiguous_or_low_signal	stroma_fibroblast	TGFB1	TGFBR2	TGFB	1.0447910939386995e-05	1906	946	2.5
commot_pilot_v1	GSE292299	GSM8855711_NSCLC_P9	NSCLC	Visium	ambiguous_or_low_signal	endothelial	TGFB1	TGFBR2	TGFB	2.6847144011134224e-05	1906	58	2.5
commot_pilot_v1	GSE292299	GSM8855711_NSCLC_P9	NSCLC	Visium	ambiguous_or_low_signal	ambiguous_or_low_signal	TGFB1	TGFBR2	TGFB	5.576820198846296e-05	1906	1906	2.5
commot_pilot_v1	GSE292299	GSM8855711_NSCLC_P9	NSCLC	Visium	tumor_like	tumor_like	CXCL12	CXCR4	CXCL chemokine	2.8477809491489975e-05	8953	8953	2.5
commot_pilot_v1	GSE292299	GSM8855711_NSCLC_P9	NSCLC	Visium	tumor_like	immune	CXCL12	CXCR4	CXCL chemokine	9.466033297830105e-07	8953	379	2.5
commot_pilot_v1	GSE292299	GSM8855711_NSCLC_P9	NSCLC	Visium	tumor_like	stroma_fibroblast	CXCL12	CXCR4	CXCL chemokine	2.364940080500792e-06	8953	946	2.5
commot_pilot_v1	GSE292299	GSM8855711_NSCLC_P9	NSCLC	Visium	tumor_like	endothelial	CXCL12	CXCR4	CXCL chemokine	5.753088936728663e-06	8953	58	2.5
commot_pilot_v1	GSE292299	GSM8855711_NSCLC_P9	NSCLC	Visium	tumor_like	ambiguous_or_low_signal	CXCL12	CXCR4	CXCL chemokine	4.609047833341685e-06	8953	1906	2.5
commot_pilot_v1	GSE292299	GSM8855711_NSCLC_P9	NSCLC	Visium	immune	tumor_like	CXCL12	CXCR4	CXCL chemokine	3.4097669982092246e-06	379	8953	2.5
commot_pilot_v1	GSE292299	GSM8855711_NSCLC_P9	NSCLC	Visium	immune	immune	CXCL12	CXCR4	CXCL chemokine	0.00041735938180666746	379	379	2.5
commot_pilot_v1	GSE292299	GSM8855711_NSCLC_P9	NSCLC	Visium	immune	stroma_fibroblast	CXCL12	CXCR4	CXCL chemokine	2.7078566441689473e-05	379	946	2.5
commot_pilot_v1	GSE292299	GSM8855711_NSCLC_P9	NSCLC	Visium	immune	endothelial	CXCL12	CXCR4	CXCL chemokine	0.00015321441132363955	379	58	2.5
commot_pilot_v1	GSE292299	GSM8855711_NSCLC_P9	NSCLC	Visium	immune	ambiguous_or_low_signal	CXCL12	CXCR4	CXCL chemokine	6.369686525715121e-05	379	1906	2.5
commot_pilot_v1	GSE292299	GSM8855711_NSCLC_P9	NSCLC	Visium	stroma_fibroblast	tumor_like	CXCL12	CXCR4	CXCL chemokine	2.7903432918860374e-05	946	8953	2.5
commot_pilot_v1	GSE292299	GSM8855711_NSCLC_P9	NSCLC	Visium	stroma_fibroblast	immune	CXCL12	CXCR4	CXCL chemokine	1.4652962362823703e-05	946	379	2.5
commot_pilot_v1	GSE292299	GSM8855711_NSCLC_P9	NSCLC	Visium	stroma_fibroblast	stroma_fibroblast	CXCL12	CXCR4	CXCL chemokine	0.0009937331716564825	946	946	2.5
commot_pilot_v1	GSE292299	GSM8855711_NSCLC_P9	NSCLC	Visium	stroma_fibroblast	endothelial	CXCL12	CXCR4	CXCL chemokine	1.9283906712838463e-05	946	58	2.5
commot_pilot_v1	GSE292299	GSM8855711_NSCLC_P9	NSCLC	Visium	stroma_fibroblast	ambiguous_or_low_signal	CXCL12	CXCR4	CXCL chemokine	7.490590973141749e-05	946	1906	2.5
commot_pilot_v1	GSE292299	GSM8855711_NSCLC_P9	NSCLC	Visium	endothelial	tumor_like	CXCL12	CXCR4	CXCL chemokine	4.14740175729516e-06	58	8953	2.5
commot_pilot_v1	GSE292299	GSM8855711_NSCLC_P9	NSCLC	Visium	endothelial	immune	CXCL12	CXCR4	CXCL chemokine	7.915404809076695e-05	58	379	2.5
commot_pilot_v1	GSE292299	GSM8855711_NSCLC_P9	NSCLC	Visium	endothelial	stroma_fibroblast	CXCL12	CXCR4	CXCL chemokine	6.077622211929156e-07	58	946	2.5
commot_pilot_v1	GSE292299	GSM8855711_NSCLC_P9	NSCLC	Visium	endothelial	endothelial	CXCL12	CXCR4	CXCL chemokine	0.0020212926225559626	58	58	2.5
commot_pilot_v1	GSE292299	GSM8855711_NSCLC_P9	NSCLC	Visium	endothelial	ambiguous_or_low_signal	CXCL12	CXCR4	CXCL chemokine	5.3019275618458105e-05	58	1906	2.5
commot_pilot_v1	GSE292299	GSM8855711_NSCLC_P9	NSCLC	Visium	ambiguous_or_low_signal	tumor_like	CXCL12	CXCR4	CXCL chemokine	1.3226715753025855e-05	1906	8953	2.5
commot_pilot_v1	GSE292299	GSM8855711_NSCLC_P9	NSCLC	Visium	ambiguous_or_low_signal	immune	CXCL12	CXCR4	CXCL chemokine	8.149350497633186e-05	1906	379	2.5
commot_pilot_v1	GSE292299	GSM8855711_NSCLC_P9	NSCLC	Visium	ambiguous_or_low_signal	stroma_fibroblast	CXCL12	CXCR4	CXCL chemokine	4.4591453416325326e-05	1906	946	2.5
commot_pilot_v1	GSE292299	GSM8855711_NSCLC_P9	NSCLC	Visium	ambiguous_or_low_signal	endothelial	CXCL12	CXCR4	CXCL chemokine	3.0693887980044434e-05	1906	58	2.5
commot_pilot_v1	GSE292299	GSM8855711_NSCLC_P9	NSCLC	Visium	ambiguous_or_low_signal	ambiguous_or_low_signal	CXCL12	CXCR4	CXCL chemokine	0.0002204606313131506	1906	1906	2.5
commot_pilot_v1	GSE292299	GSM8855711_NSCLC_P9	NSCLC	Visium	tumor_like	tumor_like	CXCL9	CXCR3	CXCL chemokine	5.048261551973732e-06	8953	8953	2.5
commot_pilot_v1	GSE292299	GSM8855711_NSCLC_P9	NSCLC	Visium	tumor_like	immune	CXCL9	CXCR3	CXCL chemokine	2.580102228407853e-10	8953	379	2.5
commot_pilot_v1	GSE292299	GSM8855711_NSCLC_P9	NSCLC	Visium	tumor_like	stroma_fibroblast	CXCL9	CXCR3	CXCL chemokine	1.102608059039514e-06	8953	946	2.5
commot_pilot_v1	GSE292299	GSM8855711_NSCLC_P9	NSCLC	Visium	tumor_like	ambiguous_or_low_signal	CXCL9	CXCR3	CXCL chemokine	1.8530774183931907e-06	8953	1906	2.5
commot_pilot_v1	GSE292299	GSM8855711_NSCLC_P9	NSCLC	Visium	immune	immune	CXCL9	CXCR3	CXCL chemokine	4.4357960277137825e-05	379	379	2.5
commot_pilot_v1	GSE292299	GSM8855711_NSCLC_P9	NSCLC	Visium	immune	stroma_fibroblast	CXCL9	CXCR3	CXCL chemokine	3.394879293683322e-06	379	946	2.5
commot_pilot_v1	GSE292299	GSM8855711_NSCLC_P9	NSCLC	Visium	immune	ambiguous_or_low_signal	CXCL9	CXCR3	CXCL chemokine	9.335373566669473e-06	379	1906	2.5
commot_pilot_v1	GSE292299	GSM8855711_NSCLC_P9	NSCLC	Visium	stroma_fibroblast	tumor_like	CXCL9	CXCR3	CXCL chemokine	1.2783492776072716e-06	946	8953	2.5
commot_pilot_v1	GSE292299	GSM8855711_NSCLC_P9	NSCLC	Visium	stroma_fibroblast	stroma_fibroblast	CXCL9	CXCR3	CXCL chemokine	3.378116183207382e-05	946	946	2.5
commot_pilot_v1	GSE292299	GSM8855711_NSCLC_P9	NSCLC	Visium	stroma_fibroblast	ambiguous_or_low_signal	CXCL9	CXCR3	CXCL chemokine	3.1624348467492082e-06	946	1906	2.5
commot_pilot_v1	GSE292299	GSM8855711_NSCLC_P9	NSCLC	Visium	endothelial	immune	CXCL9	CXCR3	CXCL chemokine	4.549176599035574e-05	58	379	2.5
commot_pilot_v1	GSE292299	GSM8855711_NSCLC_P9	NSCLC	Visium	ambiguous_or_low_signal	tumor_like	CXCL9	CXCR3	CXCL chemokine	1.6257992720204002e-06	1906	8953	2.5
commot_pilot_v1	GSE292299	GSM8855711_NSCLC_P9	NSCLC	Visium	ambiguous_or_low_signal	immune	CXCL9	CXCR3	CXCL chemokine	1.8904706531084623e-06	1906	379	2.5
commot_pilot_v1	GSE292299	GSM8855711_NSCLC_P9	NSCLC	Visium	ambiguous_or_low_signal	stroma_fibroblast	CXCL9	CXCR3	CXCL chemokine	5.333212180832041e-06	1906	946	2.5
commot_pilot_v1	GSE292299	GSM8855711_NSCLC_P9	NSCLC	Visium	ambiguous_or_low_signal	endothelial	CXCL9	CXCR3	CXCL chemokine	2.4940379572145094e-07	1906	58	2.5
commot_pilot_v1	GSE292299	GSM8855711_NSCLC_P9	NSCLC	Visium	ambiguous_or_low_signal	ambiguous_or_low_signal	CXCL9	CXCR3	CXCL chemokine	1.446356836133625e-05	1906	1906	2.5
commot_pilot_v1	GSE292299	GSM8855711_NSCLC_P9	NSCLC	Visium	tumor_like	tumor_like	CCL2	CCR2	CCL chemokine	5.384637472011953e-06	8953	8953	2.5
commot_pilot_v1	GSE292299	GSM8855711_NSCLC_P9	NSCLC	Visium	tumor_like	immune	CCL2	CCR2	CCL chemokine	1.9647212684319207e-07	8953	379	2.5
commot_pilot_v1	GSE292299	GSM8855711_NSCLC_P9	NSCLC	Visium	tumor_like	stroma_fibroblast	CCL2	CCR2	CCL chemokine	1.0252603077373863e-06	8953	946	2.5
commot_pilot_v1	GSE292299	GSM8855711_NSCLC_P9	NSCLC	Visium	tumor_like	endothelial	CCL2	CCR2	CCL chemokine	1.6638618663913464e-06	8953	58	2.5
commot_pilot_v1	GSE292299	GSM8855711_NSCLC_P9	NSCLC	Visium	tumor_like	ambiguous_or_low_signal	CCL2	CCR2	CCL chemokine	1.7543092169062457e-06	8953	1906	2.5
commot_pilot_v1	GSE292299	GSM8855711_NSCLC_P9	NSCLC	Visium	immune	immune	CCL2	CCR2	CCL chemokine	1.4540806489791766e-05	379	379	2.5
commot_pilot_v1	GSE292299	GSM8855711_NSCLC_P9	NSCLC	Visium	immune	stroma_fibroblast	CCL2	CCR2	CCL chemokine	2.8357999822944483e-06	379	946	2.5
commot_pilot_v1	GSE292299	GSM8855711_NSCLC_P9	NSCLC	Visium	immune	ambiguous_or_low_signal	CCL2	CCR2	CCL chemokine	4.5336442567721295e-06	379	1906	2.5
commot_pilot_v1	GSE292299	GSM8855711_NSCLC_P9	NSCLC	Visium	stroma_fibroblast	tumor_like	CCL2	CCR2	CCL chemokine	1.9271039036157845e-06	946	8953	2.5
commot_pilot_v1	GSE292299	GSM8855711_NSCLC_P9	NSCLC	Visium	stroma_fibroblast	stroma_fibroblast	CCL2	CCR2	CCL chemokine	6.064517812427348e-05	946	946	2.5
commot_pilot_v1	GSE292299	GSM8855711_NSCLC_P9	NSCLC	Visium	stroma_fibroblast	ambiguous_or_low_signal	CCL2	CCR2	CCL chemokine	9.59411992915947e-06	946	1906	2.5
commot_pilot_v1	GSE292299	GSM8855711_NSCLC_P9	NSCLC	Visium	endothelial	immune	CCL2	CCR2	CCL chemokine	4.5491765990355755e-05	58	379	2.5
commot_pilot_v1	GSE292299	GSM8855711_NSCLC_P9	NSCLC	Visium	endothelial	stroma_fibroblast	CCL2	CCR2	CCL chemokine	2.414780215980819e-07	58	946	2.5
commot_pilot_v1	GSE292299	GSM8855711_NSCLC_P9	NSCLC	Visium	endothelial	endothelial	CCL2	CCR2	CCL chemokine	0.00029719089992850185	58	58	2.5
commot_pilot_v1	GSE292299	GSM8855711_NSCLC_P9	NSCLC	Visium	ambiguous_or_low_signal	tumor_like	CCL2	CCR2	CCL chemokine	2.0857814974925604e-06	1906	8953	2.5
commot_pilot_v1	GSE292299	GSM8855711_NSCLC_P9	NSCLC	Visium	ambiguous_or_low_signal	immune	CCL2	CCR2	CCL chemokine	5.4145692051483474e-06	1906	379	2.5
commot_pilot_v1	GSE292299	GSM8855711_NSCLC_P9	NSCLC	Visium	ambiguous_or_low_signal	stroma_fibroblast	CCL2	CCR2	CCL chemokine	5.817253134262684e-06	1906	946	2.5
commot_pilot_v1	GSE292299	GSM8855711_NSCLC_P9	NSCLC	Visium	ambiguous_or_low_signal	endothelial	CCL2	CCR2	CCL chemokine	1.1977012734777741e-05	1906	58	2.5
commot_pilot_v1	GSE292299	GSM8855711_NSCLC_P9	NSCLC	Visium	ambiguous_or_low_signal	ambiguous_or_low_signal	CCL2	CCR2	CCL chemokine	1.916798984759523e-05	1906	1906	2.5
commot_pilot_v1	GSE292299	GSM8855711_NSCLC_P9	NSCLC	Visium	tumor_like	tumor_like	VEGFA	KDR	VEGF	3.097348399563299e-05	8953	8953	2.5
commot_pilot_v1	GSE292299	GSM8855711_NSCLC_P9	NSCLC	Visium	tumor_like	immune	VEGFA	KDR	VEGF	1.3409328314351404e-07	8953	379	2.5
commot_pilot_v1	GSE292299	GSM8855711_NSCLC_P9	NSCLC	Visium	tumor_like	stroma_fibroblast	VEGFA	KDR	VEGF	5.583504526000067e-06	8953	946	2.5
commot_pilot_v1	GSE292299	GSM8855711_NSCLC_P9	NSCLC	Visium	tumor_like	endothelial	VEGFA	KDR	VEGF	7.87119666286304e-06	8953	58	2.5
commot_pilot_v1	GSE292299	GSM8855711_NSCLC_P9	NSCLC	Visium	tumor_like	ambiguous_or_low_signal	VEGFA	KDR	VEGF	4.0707321341673175e-06	8953	1906	2.5
commot_pilot_v1	GSE292299	GSM8855711_NSCLC_P9	NSCLC	Visium	immune	tumor_like	VEGFA	KDR	VEGF	7.6968773352348e-07	379	8953	2.5
commot_pilot_v1	GSE292299	GSM8855711_NSCLC_P9	NSCLC	Visium	immune	immune	VEGFA	KDR	VEGF	4.204015535348657e-05	379	379	2.5
commot_pilot_v1	GSE292299	GSM8855711_NSCLC_P9	NSCLC	Visium	immune	stroma_fibroblast	VEGFA	KDR	VEGF	7.774314301407632e-06	379	946	2.5
commot_pilot_v1	GSE292299	GSM8855711_NSCLC_P9	NSCLC	Visium	immune	endothelial	VEGFA	KDR	VEGF	7.92970740749082e-05	379	58	2.5
commot_pilot_v1	GSE292299	GSM8855711_NSCLC_P9	NSCLC	Visium	immune	ambiguous_or_low_signal	VEGFA	KDR	VEGF	1.3642276370962974e-05	379	1906	2.5
commot_pilot_v1	GSE292299	GSM8855711_NSCLC_P9	NSCLC	Visium	stroma_fibroblast	tumor_like	VEGFA	KDR	VEGF	6.210893129243637e-07	946	8953	2.5
commot_pilot_v1	GSE292299	GSM8855711_NSCLC_P9	NSCLC	Visium	stroma_fibroblast	immune	VEGFA	KDR	VEGF	3.714526506424491e-06	946	379	2.5
commot_pilot_v1	GSE292299	GSM8855711_NSCLC_P9	NSCLC	Visium	stroma_fibroblast	stroma_fibroblast	VEGFA	KDR	VEGF	0.00036530761037430225	946	946	2.5
commot_pilot_v1	GSE292299	GSM8855711_NSCLC_P9	NSCLC	Visium	stroma_fibroblast	endothelial	VEGFA	KDR	VEGF	5.176300665153989e-05	946	58	2.5
commot_pilot_v1	GSE292299	GSM8855711_NSCLC_P9	NSCLC	Visium	stroma_fibroblast	ambiguous_or_low_signal	VEGFA	KDR	VEGF	9.154235744194132e-06	946	1906	2.5
commot_pilot_v1	GSE292299	GSM8855711_NSCLC_P9	NSCLC	Visium	endothelial	immune	VEGFA	KDR	VEGF	3.384226114284703e-05	58	379	2.5
commot_pilot_v1	GSE292299	GSM8855711_NSCLC_P9	NSCLC	Visium	endothelial	stroma_fibroblast	VEGFA	KDR	VEGF	1.7917544918100488e-05	58	946	2.5
commot_pilot_v1	GSE292299	GSM8855711_NSCLC_P9	NSCLC	Visium	endothelial	endothelial	VEGFA	KDR	VEGF	0.0008843778733088118	58	58	2.5
commot_pilot_v1	GSE292299	GSM8855711_NSCLC_P9	NSCLC	Visium	endothelial	ambiguous_or_low_signal	VEGFA	KDR	VEGF	2.2692770817625785e-05	58	1906	2.5
commot_pilot_v1	GSE292299	GSM8855711_NSCLC_P9	NSCLC	Visium	ambiguous_or_low_signal	tumor_like	VEGFA	KDR	VEGF	1.0785141683885707e-06	1906	8953	2.5
commot_pilot_v1	GSE292299	GSM8855711_NSCLC_P9	NSCLC	Visium	ambiguous_or_low_signal	immune	VEGFA	KDR	VEGF	1.840819172013229e-05	1906	379	2.5
commot_pilot_v1	GSE292299	GSM8855711_NSCLC_P9	NSCLC	Visium	ambiguous_or_low_signal	stroma_fibroblast	VEGFA	KDR	VEGF	2.8877080986361058e-05	1906	946	2.5
commot_pilot_v1	GSE292299	GSM8855711_NSCLC_P9	NSCLC	Visium	ambiguous_or_low_signal	endothelial	VEGFA	KDR	VEGF	6.935464327354733e-05	1906	58	2.5
commot_pilot_v1	GSE292299	GSM8855711_NSCLC_P9	NSCLC	Visium	ambiguous_or_low_signal	ambiguous_or_low_signal	VEGFA	KDR	VEGF	0.0001063757907673445	1906	1906	2.5
commot_pilot_v1	GSE292299	GSM8855711_NSCLC_P9	NSCLC	Visium	tumor_like	tumor_like	SPP1	CD44	SPP1	0.0001610361567651798	8953	8953	2.5
commot_pilot_v1	GSE292299	GSM8855711_NSCLC_P9	NSCLC	Visium	tumor_like	immune	SPP1	CD44	SPP1	1.6457869930915585e-06	8953	379	2.5
commot_pilot_v1	GSE292299	GSM8855711_NSCLC_P9	NSCLC	Visium	tumor_like	stroma_fibroblast	SPP1	CD44	SPP1	2.6674623083994728e-05	8953	946	2.5
commot_pilot_v1	GSE292299	GSM8855711_NSCLC_P9	NSCLC	Visium	tumor_like	endothelial	SPP1	CD44	SPP1	1.9213604688363803e-06	8953	58	2.5
commot_pilot_v1	GSE292299	GSM8855711_NSCLC_P9	NSCLC	Visium	tumor_like	ambiguous_or_low_signal	SPP1	CD44	SPP1	2.3640070667404753e-05	8953	1906	2.5
commot_pilot_v1	GSE292299	GSM8855711_NSCLC_P9	NSCLC	Visium	immune	tumor_like	SPP1	CD44	SPP1	4.715575781624466e-06	379	8953	2.5
commot_pilot_v1	GSE292299	GSM8855711_NSCLC_P9	NSCLC	Visium	immune	immune	SPP1	CD44	SPP1	0.0012036400820839214	379	379	2.5
commot_pilot_v1	GSE292299	GSM8855711_NSCLC_P9	NSCLC	Visium	immune	stroma_fibroblast	SPP1	CD44	SPP1	3.448344397826697e-05	379	946	2.5
commot_pilot_v1	GSE292299	GSM8855711_NSCLC_P9	NSCLC	Visium	immune	endothelial	SPP1	CD44	SPP1	0.00012877888424379813	379	58	2.5
commot_pilot_v1	GSE292299	GSM8855711_NSCLC_P9	NSCLC	Visium	immune	ambiguous_or_low_signal	SPP1	CD44	SPP1	9.857433993606338e-05	379	1906	2.5
commot_pilot_v1	GSE292299	GSM8855711_NSCLC_P9	NSCLC	Visium	stroma_fibroblast	tumor_like	SPP1	CD44	SPP1	1.778669736077558e-05	946	8953	2.5
commot_pilot_v1	GSE292299	GSM8855711_NSCLC_P9	NSCLC	Visium	stroma_fibroblast	immune	SPP1	CD44	SPP1	2.1974578095235825e-05	946	379	2.5
commot_pilot_v1	GSE292299	GSM8855711_NSCLC_P9	NSCLC	Visium	stroma_fibroblast	stroma_fibroblast	SPP1	CD44	SPP1	0.0011839985630901079	946	946	2.5
commot_pilot_v1	GSE292299	GSM8855711_NSCLC_P9	NSCLC	Visium	stroma_fibroblast	endothelial	SPP1	CD44	SPP1	1.4358867208680218e-05	946	58	2.5
commot_pilot_v1	GSE292299	GSM8855711_NSCLC_P9	NSCLC	Visium	stroma_fibroblast	ambiguous_or_low_signal	SPP1	CD44	SPP1	6.11634149423008e-05	946	1906	2.5
commot_pilot_v1	GSE292299	GSM8855711_NSCLC_P9	NSCLC	Visium	endothelial	tumor_like	SPP1	CD44	SPP1	6.444888691626005e-06	58	8953	2.5
commot_pilot_v1	GSE292299	GSM8855711_NSCLC_P9	NSCLC	Visium	endothelial	immune	SPP1	CD44	SPP1	0.00020041569150713317	58	379	2.5
commot_pilot_v1	GSE292299	GSM8855711_NSCLC_P9	NSCLC	Visium	endothelial	stroma_fibroblast	SPP1	CD44	SPP1	1.8456024569648807e-05	58	946	2.5
commot_pilot_v1	GSE292299	GSM8855711_NSCLC_P9	NSCLC	Visium	endothelial	endothelial	SPP1	CD44	SPP1	0.004951457675570914	58	58	2.5
commot_pilot_v1	GSE292299	GSM8855711_NSCLC_P9	NSCLC	Visium	endothelial	ambiguous_or_low_signal	SPP1	CD44	SPP1	9.093594440842119e-05	58	1906	2.5
commot_pilot_v1	GSE292299	GSM8855711_NSCLC_P9	NSCLC	Visium	ambiguous_or_low_signal	tumor_like	SPP1	CD44	SPP1	2.787787271692287e-05	1906	8953	2.5
commot_pilot_v1	GSE292299	GSM8855711_NSCLC_P9	NSCLC	Visium	ambiguous_or_low_signal	immune	SPP1	CD44	SPP1	5.007146400399282e-05	1906	379	2.5
commot_pilot_v1	GSE292299	GSM8855711_NSCLC_P9	NSCLC	Visium	ambiguous_or_low_signal	stroma_fibroblast	SPP1	CD44	SPP1	0.00012164876982714817	1906	946	2.5
commot_pilot_v1	GSE292299	GSM8855711_NSCLC_P9	NSCLC	Visium	ambiguous_or_low_signal	endothelial	SPP1	CD44	SPP1	7.78221837694382e-05	1906	58	2.5
commot_pilot_v1	GSE292299	GSM8855711_NSCLC_P9	NSCLC	Visium	ambiguous_or_low_signal	ambiguous_or_low_signal	SPP1	CD44	SPP1	0.00046401056105718026	1906	1906	2.5
commot_pilot_v1	GSE292299	GSM8855711_NSCLC_P9	NSCLC	Visium	tumor_like	tumor_like	SPP1	ITGAV	SPP1	5.473543181202983e-05	8953	8953	2.5
commot_pilot_v1	GSE292299	GSM8855711_NSCLC_P9	NSCLC	Visium	tumor_like	immune	SPP1	ITGAV	SPP1	1.7523579315122757e-06	8953	379	2.5
commot_pilot_v1	GSE292299	GSM8855711_NSCLC_P9	NSCLC	Visium	tumor_like	stroma_fibroblast	SPP1	ITGAV	SPP1	1.2897529171283361e-05	8953	946	2.5
commot_pilot_v1	GSE292299	GSM8855711_NSCLC_P9	NSCLC	Visium	tumor_like	endothelial	SPP1	ITGAV	SPP1	4.0379088239961433e-07	8953	58	2.5
commot_pilot_v1	GSE292299	GSM8855711_NSCLC_P9	NSCLC	Visium	tumor_like	ambiguous_or_low_signal	SPP1	ITGAV	SPP1	1.0514781622927262e-05	8953	1906	2.5
commot_pilot_v1	GSE292299	GSM8855711_NSCLC_P9	NSCLC	Visium	immune	tumor_like	SPP1	ITGAV	SPP1	1.8259132372244769e-06	379	8953	2.5
commot_pilot_v1	GSE292299	GSM8855711_NSCLC_P9	NSCLC	Visium	immune	immune	SPP1	ITGAV	SPP1	0.0008546771471642275	379	379	2.5
commot_pilot_v1	GSE292299	GSM8855711_NSCLC_P9	NSCLC	Visium	immune	stroma_fibroblast	SPP1	ITGAV	SPP1	2.2078832405569753e-05	379	946	2.5
commot_pilot_v1	GSE292299	GSM8855711_NSCLC_P9	NSCLC	Visium	immune	endothelial	SPP1	ITGAV	SPP1	0.00015819640694303297	379	58	2.5
commot_pilot_v1	GSE292299	GSM8855711_NSCLC_P9	NSCLC	Visium	immune	ambiguous_or_low_signal	SPP1	ITGAV	SPP1	5.8466468563393386e-05	379	1906	2.5
commot_pilot_v1	GSE292299	GSM8855711_NSCLC_P9	NSCLC	Visium	stroma_fibroblast	tumor_like	SPP1	ITGAV	SPP1	5.425979563673392e-06	946	8953	2.5
commot_pilot_v1	GSE292299	GSM8855711_NSCLC_P9	NSCLC	Visium	stroma_fibroblast	immune	SPP1	ITGAV	SPP1	1.8402416483126193e-05	946	379	2.5
commot_pilot_v1	GSE292299	GSM8855711_NSCLC_P9	NSCLC	Visium	stroma_fibroblast	stroma_fibroblast	SPP1	ITGAV	SPP1	0.0006189029072531493	946	946	2.5
commot_pilot_v1	GSE292299	GSM8855711_NSCLC_P9	NSCLC	Visium	stroma_fibroblast	endothelial	SPP1	ITGAV	SPP1	1.6338238890924476e-05	946	58	2.5
commot_pilot_v1	GSE292299	GSM8855711_NSCLC_P9	NSCLC	Visium	stroma_fibroblast	ambiguous_or_low_signal	SPP1	ITGAV	SPP1	2.991924476325444e-05	946	1906	2.5
commot_pilot_v1	GSE292299	GSM8855711_NSCLC_P9	NSCLC	Visium	endothelial	tumor_like	SPP1	ITGAV	SPP1	3.593070591263388e-06	58	8953	2.5
commot_pilot_v1	GSE292299	GSM8855711_NSCLC_P9	NSCLC	Visium	endothelial	immune	SPP1	ITGAV	SPP1	0.0001294637664616086	58	379	2.5
commot_pilot_v1	GSE292299	GSM8855711_NSCLC_P9	NSCLC	Visium	endothelial	stroma_fibroblast	SPP1	ITGAV	SPP1	2.2780626367277095e-05	58	946	2.5
commot_pilot_v1	GSE292299	GSM8855711_NSCLC_P9	NSCLC	Visium	endothelial	endothelial	SPP1	ITGAV	SPP1	0.004877856853574702	58	58	2.5
commot_pilot_v1	GSE292299	GSM8855711_NSCLC_P9	NSCLC	Visium	endothelial	ambiguous_or_low_signal	SPP1	ITGAV	SPP1	4.70990955048015e-05	58	1906	2.5
commot_pilot_v1	GSE292299	GSM8855711_NSCLC_P9	NSCLC	Visium	ambiguous_or_low_signal	tumor_like	SPP1	ITGAV	SPP1	1.0215012842266451e-05	1906	8953	2.5
commot_pilot_v1	GSE292299	GSM8855711_NSCLC_P9	NSCLC	Visium	ambiguous_or_low_signal	immune	SPP1	ITGAV	SPP1	2.389957930554144e-05	1906	379	2.5
commot_pilot_v1	GSE292299	GSM8855711_NSCLC_P9	NSCLC	Visium	ambiguous_or_low_signal	stroma_fibroblast	SPP1	ITGAV	SPP1	6.0297769713513666e-05	1906	946	2.5
commot_pilot_v1	GSE292299	GSM8855711_NSCLC_P9	NSCLC	Visium	ambiguous_or_low_signal	endothelial	SPP1	ITGAV	SPP1	2.3544462044750767e-05	1906	58	2.5
commot_pilot_v1	GSE292299	GSM8855711_NSCLC_P9	NSCLC	Visium	ambiguous_or_low_signal	ambiguous_or_low_signal	SPP1	ITGAV	SPP1	0.00026081437178894517	1906	1906	2.5
commot_pilot_v1	GSE292299	GSM8855711_NSCLC_P9	NSCLC	Visium	tumor_like	tumor_like	MIF	CD74	MIF	0.0004555518981428618	8953	8953	2.5
commot_pilot_v1	GSE292299	GSM8855711_NSCLC_P9	NSCLC	Visium	tumor_like	immune	MIF	CD74	MIF	7.02511304356288e-07	8953	379	2.5
commot_pilot_v1	GSE292299	GSM8855711_NSCLC_P9	NSCLC	Visium	tumor_like	stroma_fibroblast	MIF	CD74	MIF	1.7230026642387114e-05	8953	946	2.5
commot_pilot_v1	GSE292299	GSM8855711_NSCLC_P9	NSCLC	Visium	tumor_like	endothelial	MIF	CD74	MIF	1.57137255865949e-06	8953	58	2.5
commot_pilot_v1	GSE292299	GSM8855711_NSCLC_P9	NSCLC	Visium	tumor_like	ambiguous_or_low_signal	MIF	CD74	MIF	2.014304053411667e-05	8953	1906	2.5
commot_pilot_v1	GSE292299	GSM8855711_NSCLC_P9	NSCLC	Visium	immune	tumor_like	MIF	CD74	MIF	2.6024871120647344e-07	379	8953	2.5
commot_pilot_v1	GSE292299	GSM8855711_NSCLC_P9	NSCLC	Visium	immune	immune	MIF	CD74	MIF	0.001681097521962311	379	379	2.5
commot_pilot_v1	GSE292299	GSM8855711_NSCLC_P9	NSCLC	Visium	immune	stroma_fibroblast	MIF	CD74	MIF	2.2733144901383376e-06	379	946	2.5
commot_pilot_v1	GSE292299	GSM8855711_NSCLC_P9	NSCLC	Visium	immune	endothelial	MIF	CD74	MIF	5.490575702870892e-06	379	58	2.5
commot_pilot_v1	GSE292299	GSM8855711_NSCLC_P9	NSCLC	Visium	immune	ambiguous_or_low_signal	MIF	CD74	MIF	3.74687340963551e-06	379	1906	2.5
commot_pilot_v1	GSE292299	GSM8855711_NSCLC_P9	NSCLC	Visium	stroma_fibroblast	tumor_like	MIF	CD74	MIF	2.2664319873989586e-06	946	8953	2.5
commot_pilot_v1	GSE292299	GSM8855711_NSCLC_P9	NSCLC	Visium	stroma_fibroblast	immune	MIF	CD74	MIF	3.116680761909938e-06	946	379	2.5
commot_pilot_v1	GSE292299	GSM8855711_NSCLC_P9	NSCLC	Visium	stroma_fibroblast	stroma_fibroblast	MIF	CD74	MIF	0.001716213940104261	946	946	2.5
commot_pilot_v1	GSE292299	GSM8855711_NSCLC_P9	NSCLC	Visium	stroma_fibroblast	endothelial	MIF	CD74	MIF	2.601596251586686e-06	946	58	2.5
commot_pilot_v1	GSE292299	GSM8855711_NSCLC_P9	NSCLC	Visium	stroma_fibroblast	ambiguous_or_low_signal	MIF	CD74	MIF	7.0086701539836746e-06	946	1906	2.5
commot_pilot_v1	GSE292299	GSM8855711_NSCLC_P9	NSCLC	Visium	endothelial	tumor_like	MIF	CD74	MIF	2.705786260014137e-08	58	8953	2.5
commot_pilot_v1	GSE292299	GSM8855711_NSCLC_P9	NSCLC	Visium	endothelial	immune	MIF	CD74	MIF	2.9289388369534845e-06	58	379	2.5
commot_pilot_v1	GSE292299	GSM8855711_NSCLC_P9	NSCLC	Visium	endothelial	stroma_fibroblast	MIF	CD74	MIF	2.9688040476789645e-06	58	946	2.5
commot_pilot_v1	GSE292299	GSM8855711_NSCLC_P9	NSCLC	Visium	endothelial	endothelial	MIF	CD74	MIF	0.01035385709073312	58	58	2.5
commot_pilot_v1	GSE292299	GSM8855711_NSCLC_P9	NSCLC	Visium	endothelial	ambiguous_or_low_signal	MIF	CD74	MIF	8.397239463722129e-06	58	1906	2.5
commot_pilot_v1	GSE292299	GSM8855711_NSCLC_P9	NSCLC	Visium	ambiguous_or_low_signal	tumor_like	MIF	CD74	MIF	5.864389246701624e-06	1906	8953	2.5
commot_pilot_v1	GSE292299	GSM8855711_NSCLC_P9	NSCLC	Visium	ambiguous_or_low_signal	immune	MIF	CD74	MIF	5.698945156763167e-06	1906	379	2.5
commot_pilot_v1	GSE292299	GSM8855711_NSCLC_P9	NSCLC	Visium	ambiguous_or_low_signal	stroma_fibroblast	MIF	CD74	MIF	2.691822404051135e-05	1906	946	2.5
commot_pilot_v1	GSE292299	GSM8855711_NSCLC_P9	NSCLC	Visium	ambiguous_or_low_signal	endothelial	MIF	CD74	MIF	1.0590738074575299e-05	1906	58	2.5
commot_pilot_v1	GSE292299	GSM8855711_NSCLC_P9	NSCLC	Visium	ambiguous_or_low_signal	ambiguous_or_low_signal	MIF	CD74	MIF	0.0008143243549036796	1906	1906	2.5
commot_pilot_v1	GSE292299	GSM8855711_NSCLC_P9	NSCLC	Visium	tumor_like	tumor_like	DLL4	NOTCH1	NOTCH	3.7337709419119323e-06	8953	8953	2.5
commot_pilot_v1	GSE292299	GSM8855711_NSCLC_P9	NSCLC	Visium	tumor_like	immune	DLL4	NOTCH1	NOTCH	5.544787068201312e-08	8953	379	2.5
commot_pilot_v1	GSE292299	GSM8855711_NSCLC_P9	NSCLC	Visium	tumor_like	stroma_fibroblast	DLL4	NOTCH1	NOTCH	1.0139838841372921e-06	8953	946	2.5
commot_pilot_v1	GSE292299	GSM8855711_NSCLC_P9	NSCLC	Visium	tumor_like	endothelial	DLL4	NOTCH1	NOTCH	7.698604493034915e-08	8953	58	2.5
commot_pilot_v1	GSE292299	GSM8855711_NSCLC_P9	NSCLC	Visium	tumor_like	ambiguous_or_low_signal	DLL4	NOTCH1	NOTCH	1.3192544623162505e-06	8953	1906	2.5
commot_pilot_v1	GSE292299	GSM8855711_NSCLC_P9	NSCLC	Visium	immune	tumor_like	DLL4	NOTCH1	NOTCH	9.541321380109012e-08	379	8953	2.5
commot_pilot_v1	GSE292299	GSM8855711_NSCLC_P9	NSCLC	Visium	immune	immune	DLL4	NOTCH1	NOTCH	4.174347618104436e-05	379	379	2.5
commot_pilot_v1	GSE292299	GSM8855711_NSCLC_P9	NSCLC	Visium	immune	stroma_fibroblast	DLL4	NOTCH1	NOTCH	4.033463016281445e-06	379	946	2.5
commot_pilot_v1	GSE292299	GSM8855711_NSCLC_P9	NSCLC	Visium	immune	endothelial	DLL4	NOTCH1	NOTCH	0.00010579321215766921	379	58	2.5
commot_pilot_v1	GSE292299	GSM8855711_NSCLC_P9	NSCLC	Visium	immune	ambiguous_or_low_signal	DLL4	NOTCH1	NOTCH	9.563592407168256e-06	379	1906	2.5
commot_pilot_v1	GSE292299	GSM8855711_NSCLC_P9	NSCLC	Visium	stroma_fibroblast	tumor_like	DLL4	NOTCH1	NOTCH	1.2577551003399054e-06	946	8953	2.5
commot_pilot_v1	GSE292299	GSM8855711_NSCLC_P9	NSCLC	Visium	stroma_fibroblast	immune	DLL4	NOTCH1	NOTCH	1.8692621319763257e-06	946	379	2.5
commot_pilot_v1	GSE292299	GSM8855711_NSCLC_P9	NSCLC	Visium	stroma_fibroblast	stroma_fibroblast	DLL4	NOTCH1	NOTCH	0.00012002183234940752	946	946	2.5
commot_pilot_v1	GSE292299	GSM8855711_NSCLC_P9	NSCLC	Visium	stroma_fibroblast	ambiguous_or_low_signal	DLL4	NOTCH1	NOTCH	9.249663467308156e-06	946	1906	2.5
commot_pilot_v1	GSE292299	GSM8855711_NSCLC_P9	NSCLC	Visium	endothelial	stroma_fibroblast	DLL4	NOTCH1	NOTCH	9.112779762338739e-06	58	946	2.5
commot_pilot_v1	GSE292299	GSM8855711_NSCLC_P9	NSCLC	Visium	endothelial	endothelial	DLL4	NOTCH1	NOTCH	1.9035599061246058e-42	58	58	2.5
commot_pilot_v1	GSE292299	GSM8855711_NSCLC_P9	NSCLC	Visium	endothelial	ambiguous_or_low_signal	DLL4	NOTCH1	NOTCH	2.0424301204858635e-05	58	1906	2.5
commot_pilot_v1	GSE292299	GSM8855711_NSCLC_P9	NSCLC	Visium	ambiguous_or_low_signal	tumor_like	DLL4	NOTCH1	NOTCH	1.735491742652309e-06	1906	8953	2.5
commot_pilot_v1	GSE292299	GSM8855711_NSCLC_P9	NSCLC	Visium	ambiguous_or_low_signal	immune	DLL4	NOTCH1	NOTCH	4.1632052846021705e-06	1906	379	2.5
commot_pilot_v1	GSE292299	GSM8855711_NSCLC_P9	NSCLC	Visium	ambiguous_or_low_signal	stroma_fibroblast	DLL4	NOTCH1	NOTCH	1.121883010526469e-05	1906	946	2.5
commot_pilot_v1	GSE292299	GSM8855711_NSCLC_P9	NSCLC	Visium	ambiguous_or_low_signal	endothelial	DLL4	NOTCH1	NOTCH	3.145265807620453e-05	1906	58	2.5
commot_pilot_v1	GSE292299	GSM8855711_NSCLC_P9	NSCLC	Visium	ambiguous_or_low_signal	ambiguous_or_low_signal	DLL4	NOTCH1	NOTCH	2.3092350253221932e-05	1906	1906	2.5
commot_pilot_v1	GSE292299	GSM8855711_NSCLC_P9	NSCLC	Visium	tumor_like	tumor_like	JAG1	NOTCH2	NOTCH	2.1052016497025745e-05	8953	8953	2.5
commot_pilot_v1	GSE292299	GSM8855711_NSCLC_P9	NSCLC	Visium	tumor_like	immune	JAG1	NOTCH2	NOTCH	5.709885366593511e-07	8953	379	2.5
commot_pilot_v1	GSE292299	GSM8855711_NSCLC_P9	NSCLC	Visium	tumor_like	stroma_fibroblast	JAG1	NOTCH2	NOTCH	2.074995812593692e-06	8953	946	2.5
commot_pilot_v1	GSE292299	GSM8855711_NSCLC_P9	NSCLC	Visium	tumor_like	endothelial	JAG1	NOTCH2	NOTCH	1.925765588109568e-06	8953	58	2.5
commot_pilot_v1	GSE292299	GSM8855711_NSCLC_P9	NSCLC	Visium	tumor_like	ambiguous_or_low_signal	JAG1	NOTCH2	NOTCH	3.255185281902669e-06	8953	1906	2.5
commot_pilot_v1	GSE292299	GSM8855711_NSCLC_P9	NSCLC	Visium	immune	tumor_like	JAG1	NOTCH2	NOTCH	4.6826737653257706e-07	379	8953	2.5
commot_pilot_v1	GSE292299	GSM8855711_NSCLC_P9	NSCLC	Visium	immune	immune	JAG1	NOTCH2	NOTCH	0.00010564580477042488	379	379	2.5
commot_pilot_v1	GSE292299	GSM8855711_NSCLC_P9	NSCLC	Visium	immune	stroma_fibroblast	JAG1	NOTCH2	NOTCH	6.606622421167039e-06	379	946	2.5
commot_pilot_v1	GSE292299	GSM8855711_NSCLC_P9	NSCLC	Visium	immune	endothelial	JAG1	NOTCH2	NOTCH	4.549176599035612e-05	379	58	2.5
commot_pilot_v1	GSE292299	GSM8855711_NSCLC_P9	NSCLC	Visium	immune	ambiguous_or_low_signal	JAG1	NOTCH2	NOTCH	1.1756889660837483e-05	379	1906	2.5
commot_pilot_v1	GSE292299	GSM8855711_NSCLC_P9	NSCLC	Visium	stroma_fibroblast	tumor_like	JAG1	NOTCH2	NOTCH	1.339285387491016e-05	946	8953	2.5
commot_pilot_v1	GSE292299	GSM8855711_NSCLC_P9	NSCLC	Visium	stroma_fibroblast	immune	JAG1	NOTCH2	NOTCH	2.9309342852245386e-06	946	379	2.5
commot_pilot_v1	GSE292299	GSM8855711_NSCLC_P9	NSCLC	Visium	stroma_fibroblast	stroma_fibroblast	JAG1	NOTCH2	NOTCH	0.00024230995035539457	946	946	2.5
commot_pilot_v1	GSE292299	GSM8855711_NSCLC_P9	NSCLC	Visium	stroma_fibroblast	ambiguous_or_low_signal	JAG1	NOTCH2	NOTCH	3.953390769713457e-05	946	1906	2.5
commot_pilot_v1	GSE292299	GSM8855711_NSCLC_P9	NSCLC	Visium	endothelial	tumor_like	JAG1	NOTCH2	NOTCH	3.353177482081359e-06	58	8953	2.5
commot_pilot_v1	GSE292299	GSM8855711_NSCLC_P9	NSCLC	Visium	endothelial	ambiguous_or_low_signal	JAG1	NOTCH2	NOTCH	2.2225241800426258e-05	58	1906	2.5
commot_pilot_v1	GSE292299	GSM8855711_NSCLC_P9	NSCLC	Visium	ambiguous_or_low_signal	tumor_like	JAG1	NOTCH2	NOTCH	1.207187026891287e-05	1906	8953	2.5
commot_pilot_v1	GSE292299	GSM8855711_NSCLC_P9	NSCLC	Visium	ambiguous_or_low_signal	immune	JAG1	NOTCH2	NOTCH	1.643898924680704e-05	1906	379	2.5
commot_pilot_v1	GSE292299	GSM8855711_NSCLC_P9	NSCLC	Visium	ambiguous_or_low_signal	stroma_fibroblast	JAG1	NOTCH2	NOTCH	1.8353027792729664e-05	1906	946	2.5
commot_pilot_v1	GSE292299	GSM8855711_NSCLC_P9	NSCLC	Visium	ambiguous_or_low_signal	ambiguous_or_low_signal	JAG1	NOTCH2	NOTCH	5.8108241145325666e-05	1906	1906	2.5
commot_pilot_v1	GSE292299	GSM8855711_NSCLC_P9	NSCLC	Visium	tumor_like	tumor_like	WNT5A	FZD5	WNT	1.5246961202244625e-05	8953	8953	2.5
commot_pilot_v1	GSE292299	GSM8855711_NSCLC_P9	NSCLC	Visium	tumor_like	stroma_fibroblast	WNT5A	FZD5	WNT	1.4972804788078324e-06	8953	946	2.5
commot_pilot_v1	GSE292299	GSM8855711_NSCLC_P9	NSCLC	Visium	tumor_like	ambiguous_or_low_signal	WNT5A	FZD5	WNT	2.330905947652834e-06	8953	1906	2.5
commot_pilot_v1	GSE292299	GSM8855711_NSCLC_P9	NSCLC	Visium	immune	tumor_like	WNT5A	FZD5	WNT	2.9457824658181483e-07	379	8953	2.5
commot_pilot_v1	GSE292299	GSM8855711_NSCLC_P9	NSCLC	Visium	immune	immune	WNT5A	FZD5	WNT	2.230626089096504e-05	379	379	2.5
commot_pilot_v1	GSE292299	GSM8855711_NSCLC_P9	NSCLC	Visium	immune	stroma_fibroblast	WNT5A	FZD5	WNT	1.496317300934963e-06	379	946	2.5
commot_pilot_v1	GSE292299	GSM8855711_NSCLC_P9	NSCLC	Visium	immune	endothelial	WNT5A	FZD5	WNT	4.9131778319648194e-05	379	58	2.5
commot_pilot_v1	GSE292299	GSM8855711_NSCLC_P9	NSCLC	Visium	immune	ambiguous_or_low_signal	WNT5A	FZD5	WNT	1.2967204436413095e-05	379	1906	2.5
commot_pilot_v1	GSE292299	GSM8855711_NSCLC_P9	NSCLC	Visium	stroma_fibroblast	tumor_like	WNT5A	FZD5	WNT	6.973305293726856e-06	946	8953	2.5
commot_pilot_v1	GSE292299	GSM8855711_NSCLC_P9	NSCLC	Visium	stroma_fibroblast	stroma_fibroblast	WNT5A	FZD5	WNT	6.50974999386714e-05	946	946	2.5
commot_pilot_v1	GSE292299	GSM8855711_NSCLC_P9	NSCLC	Visium	stroma_fibroblast	ambiguous_or_low_signal	WNT5A	FZD5	WNT	1.4473047895723054e-05	946	1906	2.5
commot_pilot_v1	GSE292299	GSM8855711_NSCLC_P9	NSCLC	Visium	endothelial	tumor_like	WNT5A	FZD5	WNT	1.9238302018496302e-06	58	8953	2.5
commot_pilot_v1	GSE292299	GSM8855711_NSCLC_P9	NSCLC	Visium	endothelial	endothelial	WNT5A	FZD5	WNT	0.0005925407696420571	58	58	2.5
commot_pilot_v1	GSE292299	GSM8855711_NSCLC_P9	NSCLC	Visium	endothelial	ambiguous_or_low_signal	WNT5A	FZD5	WNT	9.106386826758078e-06	58	1906	2.5
commot_pilot_v1	GSE292299	GSM8855711_NSCLC_P9	NSCLC	Visium	ambiguous_or_low_signal	tumor_like	WNT5A	FZD5	WNT	4.960843466687808e-06	1906	8953	2.5
commot_pilot_v1	GSE292299	GSM8855711_NSCLC_P9	NSCLC	Visium	ambiguous_or_low_signal	immune	WNT5A	FZD5	WNT	4.397467060848566e-06	1906	379	2.5
commot_pilot_v1	GSE292299	GSM8855711_NSCLC_P9	NSCLC	Visium	ambiguous_or_low_signal	stroma_fibroblast	WNT5A	FZD5	WNT	7.493782934676457e-06	1906	946	2.5
commot_pilot_v1	GSE292299	GSM8855711_NSCLC_P9	NSCLC	Visium	ambiguous_or_low_signal	endothelial	WNT5A	FZD5	WNT	1.651818305215439e-05	1906	58	2.5
commot_pilot_v1	GSE292299	GSM8855711_NSCLC_P9	NSCLC	Visium	ambiguous_or_low_signal	ambiguous_or_low_signal	WNT5A	FZD5	WNT	2.4674000798099703e-05	1906	1906	2.5
commot_pilot_v1	GSE292299	GSM8855711_NSCLC_P9	NSCLC	Visium	tumor_like	tumor_like	EGF	EGFR	EGF/ERBB	1.1097918786729651e-05	8953	8953	2.5
commot_pilot_v1	GSE292299	GSM8855711_NSCLC_P9	NSCLC	Visium	tumor_like	stroma_fibroblast	EGF	EGFR	EGF/ERBB	1.0600717290921604e-06	8953	946	2.5
commot_pilot_v1	GSE292299	GSM8855711_NSCLC_P9	NSCLC	Visium	tumor_like	ambiguous_or_low_signal	EGF	EGFR	EGF/ERBB	1.6874592326815164e-06	8953	1906	2.5
commot_pilot_v1	GSE292299	GSM8855711_NSCLC_P9	NSCLC	Visium	immune	immune	EGF	EGFR	EGF/ERBB	1.096049882255422e-05	379	379	2.5
commot_pilot_v1	GSE292299	GSM8855711_NSCLC_P9	NSCLC	Visium	immune	stroma_fibroblast	EGF	EGFR	EGF/ERBB	2.581958024916448e-44	379	946	2.5
commot_pilot_v1	GSE292299	GSM8855711_NSCLC_P9	NSCLC	Visium	immune	ambiguous_or_low_signal	EGF	EGFR	EGF/ERBB	5.4093323731206756e-06	379	1906	2.5
commot_pilot_v1	GSE292299	GSM8855711_NSCLC_P9	NSCLC	Visium	stroma_fibroblast	tumor_like	EGF	EGFR	EGF/ERBB	1.4016277076896471e-06	946	8953	2.5
commot_pilot_v1	GSE292299	GSM8855711_NSCLC_P9	NSCLC	Visium	stroma_fibroblast	stroma_fibroblast	EGF	EGFR	EGF/ERBB	3.1400155476018694e-05	946	946	2.5
commot_pilot_v1	GSE292299	GSM8855711_NSCLC_P9	NSCLC	Visium	stroma_fibroblast	endothelial	EGF	EGFR	EGF/ERBB	1.1333853058342728e-05	946	58	2.5
commot_pilot_v1	GSE292299	GSM8855711_NSCLC_P9	NSCLC	Visium	stroma_fibroblast	ambiguous_or_low_signal	EGF	EGFR	EGF/ERBB	5.396574444554645e-06	946	1906	2.5
commot_pilot_v1	GSE292299	GSM8855711_NSCLC_P9	NSCLC	Visium	endothelial	ambiguous_or_low_signal	EGF	EGFR	EGF/ERBB	3.541690194279705e-06	58	1906	2.5
commot_pilot_v1	GSE292299	GSM8855711_NSCLC_P9	NSCLC	Visium	ambiguous_or_low_signal	tumor_like	EGF	EGFR	EGF/ERBB	2.5604521253607744e-06	1906	8953	2.5
commot_pilot_v1	GSE292299	GSM8855711_NSCLC_P9	NSCLC	Visium	ambiguous_or_low_signal	immune	EGF	EGFR	EGF/ERBB	4.732200294738208e-06	1906	379	2.5
commot_pilot_v1	GSE292299	GSM8855711_NSCLC_P9	NSCLC	Visium	ambiguous_or_low_signal	stroma_fibroblast	EGF	EGFR	EGF/ERBB	5.915961406157607e-06	1906	946	2.5
commot_pilot_v1	GSE292299	GSM8855711_NSCLC_P9	NSCLC	Visium	ambiguous_or_low_signal	ambiguous_or_low_signal	EGF	EGFR	EGF/ERBB	1.4227947875707898e-05	1906	1906	2.5
commot_pilot_v1	GSE292299	GSM8855711_NSCLC_P9	NSCLC	Visium	tumor_like	tumor_like	HBEGF	EGFR	EGF/ERBB	1.1930290474559715e-05	8953	8953	2.5
commot_pilot_v1	GSE292299	GSM8855711_NSCLC_P9	NSCLC	Visium	tumor_like	immune	HBEGF	EGFR	EGF/ERBB	5.003502977404467e-07	8953	379	2.5
commot_pilot_v1	GSE292299	GSM8855711_NSCLC_P9	NSCLC	Visium	tumor_like	stroma_fibroblast	HBEGF	EGFR	EGF/ERBB	1.2786286740426968e-06	8953	946	2.5
commot_pilot_v1	GSE292299	GSM8855711_NSCLC_P9	NSCLC	Visium	tumor_like	ambiguous_or_low_signal	HBEGF	EGFR	EGF/ERBB	1.7699701745320256e-06	8953	1906	2.5
commot_pilot_v1	GSE292299	GSM8855711_NSCLC_P9	NSCLC	Visium	immune	tumor_like	HBEGF	EGFR	EGF/ERBB	6.403403245421328e-07	379	8953	2.5
commot_pilot_v1	GSE292299	GSM8855711_NSCLC_P9	NSCLC	Visium	immune	immune	HBEGF	EGFR	EGF/ERBB	3.456043373893231e-05	379	379	2.5
commot_pilot_v1	GSE292299	GSM8855711_NSCLC_P9	NSCLC	Visium	immune	ambiguous_or_low_signal	HBEGF	EGFR	EGF/ERBB	1.895947940289202e-06	379	1906	2.5
commot_pilot_v1	GSE292299	GSM8855711_NSCLC_P9	NSCLC	Visium	stroma_fibroblast	tumor_like	HBEGF	EGFR	EGF/ERBB	3.93170130104091e-06	946	8953	2.5
commot_pilot_v1	GSE292299	GSM8855711_NSCLC_P9	NSCLC	Visium	stroma_fibroblast	stroma_fibroblast	HBEGF	EGFR	EGF/ERBB	7.214641977712214e-05	946	946	2.5
commot_pilot_v1	GSE292299	GSM8855711_NSCLC_P9	NSCLC	Visium	stroma_fibroblast	endothelial	HBEGF	EGFR	EGF/ERBB	1.5353315493687334e-05	946	58	2.5
commot_pilot_v1	GSE292299	GSM8855711_NSCLC_P9	NSCLC	Visium	stroma_fibroblast	ambiguous_or_low_signal	HBEGF	EGFR	EGF/ERBB	1.2233066511608605e-05	946	1906	2.5
commot_pilot_v1	GSE292299	GSM8855711_NSCLC_P9	NSCLC	Visium	endothelial	ambiguous_or_low_signal	HBEGF	EGFR	EGF/ERBB	3.1385145765883446e-05	58	1906	2.5
commot_pilot_v1	GSE292299	GSM8855711_NSCLC_P9	NSCLC	Visium	ambiguous_or_low_signal	tumor_like	HBEGF	EGFR	EGF/ERBB	3.344437386796574e-06	1906	8953	2.5
commot_pilot_v1	GSE292299	GSM8855711_NSCLC_P9	NSCLC	Visium	ambiguous_or_low_signal	immune	HBEGF	EGFR	EGF/ERBB	8.692997590873463e-06	1906	379	2.5
commot_pilot_v1	GSE292299	GSM8855711_NSCLC_P9	NSCLC	Visium	ambiguous_or_low_signal	stroma_fibroblast	HBEGF	EGFR	EGF/ERBB	6.722056080258311e-06	1906	946	2.5
commot_pilot_v1	GSE292299	GSM8855711_NSCLC_P9	NSCLC	Visium	ambiguous_or_low_signal	endothelial	HBEGF	EGFR	EGF/ERBB	3.231938695156336e-07	1906	58	2.5
commot_pilot_v1	GSE292299	GSM8855711_NSCLC_P9	NSCLC	Visium	ambiguous_or_low_signal	ambiguous_or_low_signal	HBEGF	EGFR	EGF/ERBB	2.2223413961511046e-05	1906	1906	2.5
commot_pilot_v1	GSE292299	GSM8855711_NSCLC_P9	NSCLC	Visium	tumor_like	tumor_like	COL1A1	ITGA2	ECM-integrin	7.148646465599653e-05	8953	8953	2.5
commot_pilot_v1	GSE292299	GSM8855711_NSCLC_P9	NSCLC	Visium	tumor_like	immune	COL1A1	ITGA2	ECM-integrin	9.72955865392031e-07	8953	379	2.5
commot_pilot_v1	GSE292299	GSM8855711_NSCLC_P9	NSCLC	Visium	tumor_like	stroma_fibroblast	COL1A1	ITGA2	ECM-integrin	1.2632362050977222e-08	8953	946	2.5
commot_pilot_v1	GSE292299	GSM8855711_NSCLC_P9	NSCLC	Visium	tumor_like	ambiguous_or_low_signal	COL1A1	ITGA2	ECM-integrin	8.08871087052384e-07	8953	1906	2.5
commot_pilot_v1	GSE292299	GSM8855711_NSCLC_P9	NSCLC	Visium	immune	tumor_like	COL1A1	ITGA2	ECM-integrin	4.863894688390408e-07	379	8953	2.5
commot_pilot_v1	GSE292299	GSM8855711_NSCLC_P9	NSCLC	Visium	immune	immune	COL1A1	ITGA2	ECM-integrin	8.520866150031422e-05	379	379	2.5
commot_pilot_v1	GSE292299	GSM8855711_NSCLC_P9	NSCLC	Visium	immune	stroma_fibroblast	COL1A1	ITGA2	ECM-integrin	5.266724399289098e-07	379	946	2.5
commot_pilot_v1	GSE292299	GSM8855711_NSCLC_P9	NSCLC	Visium	immune	ambiguous_or_low_signal	COL1A1	ITGA2	ECM-integrin	8.823238621428649e-06	379	1906	2.5
commot_pilot_v1	GSE292299	GSM8855711_NSCLC_P9	NSCLC	Visium	stroma_fibroblast	tumor_like	COL1A1	ITGA2	ECM-integrin	1.5543576527130768e-06	946	8953	2.5
commot_pilot_v1	GSE292299	GSM8855711_NSCLC_P9	NSCLC	Visium	stroma_fibroblast	immune	COL1A1	ITGA2	ECM-integrin	8.370508280905201e-06	946	379	2.5
commot_pilot_v1	GSE292299	GSM8855711_NSCLC_P9	NSCLC	Visium	stroma_fibroblast	stroma_fibroblast	COL1A1	ITGA2	ECM-integrin	0.0002938757457769521	946	946	2.5
commot_pilot_v1	GSE292299	GSM8855711_NSCLC_P9	NSCLC	Visium	stroma_fibroblast	ambiguous_or_low_signal	COL1A1	ITGA2	ECM-integrin	4.105462262171858e-06	946	1906	2.5
commot_pilot_v1	GSE292299	GSM8855711_NSCLC_P9	NSCLC	Visium	endothelial	tumor_like	COL1A1	ITGA2	ECM-integrin	1.7390824205016102e-11	58	8953	2.5
commot_pilot_v1	GSE292299	GSM8855711_NSCLC_P9	NSCLC	Visium	endothelial	stroma_fibroblast	COL1A1	ITGA2	ECM-integrin	1.2222716700890276e-05	58	946	2.5
commot_pilot_v1	GSE292299	GSM8855711_NSCLC_P9	NSCLC	Visium	endothelial	ambiguous_or_low_signal	COL1A1	ITGA2	ECM-integrin	1.1877388050792415e-05	58	1906	2.5
commot_pilot_v1	GSE292299	GSM8855711_NSCLC_P9	NSCLC	Visium	ambiguous_or_low_signal	tumor_like	COL1A1	ITGA2	ECM-integrin	2.936035120149153e-06	1906	8953	2.5
commot_pilot_v1	GSE292299	GSM8855711_NSCLC_P9	NSCLC	Visium	ambiguous_or_low_signal	immune	COL1A1	ITGA2	ECM-integrin	1.1708629661955375e-05	1906	379	2.5
commot_pilot_v1	GSE292299	GSM8855711_NSCLC_P9	NSCLC	Visium	ambiguous_or_low_signal	stroma_fibroblast	COL1A1	ITGA2	ECM-integrin	1.235234689665219e-06	1906	946	2.5
commot_pilot_v1	GSE292299	GSM8855711_NSCLC_P9	NSCLC	Visium	ambiguous_or_low_signal	ambiguous_or_low_signal	COL1A1	ITGA2	ECM-integrin	0.00010402895707939169	1906	1906	2.5
commot_pilot_v1	GSE292299	GSM8855712_NSCLC_P10	NSCLC	Visium	tumor_like	tumor_like	TGFB1	TGFBR1	TGFB	8.824264781165491e-06	8688	8688	2.5
commot_pilot_v1	GSE292299	GSM8855712_NSCLC_P10	NSCLC	Visium	tumor_like	ambiguous_or_low_signal	TGFB1	TGFBR1	TGFB	2.500387710457519e-07	8688	131	2.5
commot_pilot_v1	GSE292299	GSM8855712_NSCLC_P10	NSCLC	Visium	ambiguous_or_low_signal	tumor_like	TGFB1	TGFBR1	TGFB	4.5984818493200243e-07	131	8688	2.5
commot_pilot_v1	GSE292299	GSM8855712_NSCLC_P10	NSCLC	Visium	ambiguous_or_low_signal	ambiguous_or_low_signal	TGFB1	TGFBR1	TGFB	5.758760168497188e-05	131	131	2.5
commot_pilot_v1	GSE292299	GSM8855712_NSCLC_P10	NSCLC	Visium	tumor_like	tumor_like	TGFB1	TGFBR2	TGFB	0.0001470309524601164	8688	8688	2.5
commot_pilot_v1	GSE292299	GSM8855712_NSCLC_P10	NSCLC	Visium	tumor_like	ambiguous_or_low_signal	TGFB1	TGFBR2	TGFB	6.8228503066457604e-06	8688	131	2.5
commot_pilot_v1	GSE292299	GSM8855712_NSCLC_P10	NSCLC	Visium	ambiguous_or_low_signal	tumor_like	TGFB1	TGFBR2	TGFB	1.5446545634290206e-07	131	8688	2.5
commot_pilot_v1	GSE292299	GSM8855712_NSCLC_P10	NSCLC	Visium	ambiguous_or_low_signal	ambiguous_or_low_signal	TGFB1	TGFBR2	TGFB	0.0002513007174639641	131	131	2.5
commot_pilot_v1	GSE292299	GSM8855712_NSCLC_P10	NSCLC	Visium	tumor_like	tumor_like	CXCL12	CXCR4	CXCL chemokine	2.8399514846008135e-05	8688	8688	2.5
commot_pilot_v1	GSE292299	GSM8855712_NSCLC_P10	NSCLC	Visium	tumor_like	ambiguous_or_low_signal	CXCL12	CXCR4	CXCL chemokine	5.969310433778062e-07	8688	131	2.5
commot_pilot_v1	GSE292299	GSM8855712_NSCLC_P10	NSCLC	Visium	ambiguous_or_low_signal	tumor_like	CXCL12	CXCR4	CXCL chemokine	9.271413241838383e-07	131	8688	2.5
commot_pilot_v1	GSE292299	GSM8855712_NSCLC_P10	NSCLC	Visium	ambiguous_or_low_signal	ambiguous_or_low_signal	CXCL12	CXCR4	CXCL chemokine	0.00019349781862726672	131	131	2.5
commot_pilot_v1	GSE292299	GSM8855712_NSCLC_P10	NSCLC	Visium	tumor_like	tumor_like	CXCL9	CXCR3	CXCL chemokine	2.835137646727649e-06	8688	8688	2.5
commot_pilot_v1	GSE292299	GSM8855712_NSCLC_P10	NSCLC	Visium	tumor_like	tumor_like	CCL2	CCR2	CCL chemokine	3.7492708132157526e-06	8688	8688	2.5
commot_pilot_v1	GSE292299	GSM8855712_NSCLC_P10	NSCLC	Visium	tumor_like	ambiguous_or_low_signal	CCL2	CCR2	CCL chemokine	8.786357949193768e-07	8688	131	2.5
commot_pilot_v1	GSE292299	GSM8855712_NSCLC_P10	NSCLC	Visium	tumor_like	tumor_like	VEGFA	KDR	VEGF	1.136390058024315e-05	8688	8688	2.5
commot_pilot_v1	GSE292299	GSM8855712_NSCLC_P10	NSCLC	Visium	tumor_like	ambiguous_or_low_signal	VEGFA	KDR	VEGF	9.50632032471658e-09	8688	131	2.5
commot_pilot_v1	GSE292299	GSM8855712_NSCLC_P10	NSCLC	Visium	ambiguous_or_low_signal	tumor_like	VEGFA	KDR	VEGF	2.0868577248587066e-07	131	8688	2.5
commot_pilot_v1	GSE292299	GSM8855712_NSCLC_P10	NSCLC	Visium	ambiguous_or_low_signal	ambiguous_or_low_signal	VEGFA	KDR	VEGF	0.00017418452250227064	131	131	2.5
commot_pilot_v1	GSE292299	GSM8855712_NSCLC_P10	NSCLC	Visium	tumor_like	tumor_like	SPP1	CD44	SPP1	4.837223650595668e-05	8688	8688	2.5
commot_pilot_v1	GSE292299	GSM8855712_NSCLC_P10	NSCLC	Visium	tumor_like	stroma_fibroblast	SPP1	CD44	SPP1	6.394516063024363e-06	8688	18	2.5
commot_pilot_v1	GSE292299	GSM8855712_NSCLC_P10	NSCLC	Visium	tumor_like	ambiguous_or_low_signal	SPP1	CD44	SPP1	1.8768461178305358e-06	8688	131	2.5
commot_pilot_v1	GSE292299	GSM8855712_NSCLC_P10	NSCLC	Visium	ambiguous_or_low_signal	tumor_like	SPP1	CD44	SPP1	8.94867871483646e-07	131	8688	2.5
commot_pilot_v1	GSE292299	GSM8855712_NSCLC_P10	NSCLC	Visium	ambiguous_or_low_signal	ambiguous_or_low_signal	SPP1	CD44	SPP1	0.00029073878026516804	131	131	2.5
commot_pilot_v1	GSE292299	GSM8855712_NSCLC_P10	NSCLC	Visium	tumor_like	tumor_like	SPP1	ITGAV	SPP1	0.00015641055563197218	8688	8688	2.5
commot_pilot_v1	GSE292299	GSM8855712_NSCLC_P10	NSCLC	Visium	tumor_like	ambiguous_or_low_signal	SPP1	ITGAV	SPP1	1.8388900214222372e-06	8688	131	2.5
commot_pilot_v1	GSE292299	GSM8855712_NSCLC_P10	NSCLC	Visium	ambiguous_or_low_signal	tumor_like	SPP1	ITGAV	SPP1	9.003829072527297e-07	131	8688	2.5
commot_pilot_v1	GSE292299	GSM8855712_NSCLC_P10	NSCLC	Visium	ambiguous_or_low_signal	ambiguous_or_low_signal	SPP1	ITGAV	SPP1	0.0002328517630791294	131	131	2.5
commot_pilot_v1	GSE292299	GSM8855712_NSCLC_P10	NSCLC	Visium	tumor_like	tumor_like	MIF	CD74	MIF	0.0005103563120278087	8688	8688	2.5
commot_pilot_v1	GSE292299	GSM8855712_NSCLC_P10	NSCLC	Visium	tumor_like	immune	MIF	CD74	MIF	1.0946867836503418e-05	8688	18	2.5
commot_pilot_v1	GSE292299	GSM8855712_NSCLC_P10	NSCLC	Visium	tumor_like	stroma_fibroblast	MIF	CD74	MIF	1.828955675653404e-05	8688	18	2.5
commot_pilot_v1	GSE292299	GSM8855712_NSCLC_P10	NSCLC	Visium	tumor_like	ambiguous_or_low_signal	MIF	CD74	MIF	3.474182389839239e-05	8688	131	2.5
commot_pilot_v1	GSE292299	GSM8855712_NSCLC_P10	NSCLC	Visium	immune	tumor_like	MIF	CD74	MIF	6.417481728628778e-13	18	8688	2.5
commot_pilot_v1	GSE292299	GSM8855712_NSCLC_P10	NSCLC	Visium	immune	immune	MIF	CD74	MIF	0.003079673884697234	18	18	2.5
commot_pilot_v1	GSE292299	GSM8855712_NSCLC_P10	NSCLC	Visium	immune	stroma_fibroblast	MIF	CD74	MIF	3.01584919117587e-10	18	18	2.5
commot_pilot_v1	GSE292299	GSM8855712_NSCLC_P10	NSCLC	Visium	stroma_fibroblast	immune	MIF	CD74	MIF	6.492442822507257e-05	18	18	2.5
commot_pilot_v1	GSE292299	GSM8855712_NSCLC_P10	NSCLC	Visium	stroma_fibroblast	stroma_fibroblast	MIF	CD74	MIF	0.006062154722886431	18	18	2.5
commot_pilot_v1	GSE292299	GSM8855712_NSCLC_P10	NSCLC	Visium	ambiguous_or_low_signal	tumor_like	MIF	CD74	MIF	1.9684276706796095e-06	131	8688	2.5
commot_pilot_v1	GSE292299	GSM8855712_NSCLC_P10	NSCLC	Visium	ambiguous_or_low_signal	immune	MIF	CD74	MIF	0.00011417946008033164	131	18	2.5
commot_pilot_v1	GSE292299	GSM8855712_NSCLC_P10	NSCLC	Visium	ambiguous_or_low_signal	stroma_fibroblast	MIF	CD74	MIF	7.449861249257278e-05	131	18	2.5
commot_pilot_v1	GSE292299	GSM8855712_NSCLC_P10	NSCLC	Visium	ambiguous_or_low_signal	ambiguous_or_low_signal	MIF	CD74	MIF	0.0018552930458306898	131	131	2.5
commot_pilot_v1	GSE292299	GSM8855712_NSCLC_P10	NSCLC	Visium	tumor_like	tumor_like	DLL4	NOTCH1	NOTCH	3.2267361489591346e-06	8688	8688	2.5
commot_pilot_v1	GSE292299	GSM8855712_NSCLC_P10	NSCLC	Visium	tumor_like	ambiguous_or_low_signal	DLL4	NOTCH1	NOTCH	3.8802203546583956e-07	8688	131	2.5
commot_pilot_v1	GSE292299	GSM8855712_NSCLC_P10	NSCLC	Visium	ambiguous_or_low_signal	tumor_like	DLL4	NOTCH1	NOTCH	8.786357949193814e-07	131	8688	2.5
commot_pilot_v1	GSE292299	GSM8855712_NSCLC_P10	NSCLC	Visium	ambiguous_or_low_signal	ambiguous_or_low_signal	DLL4	NOTCH1	NOTCH	5.827166249053119e-05	131	131	2.5
commot_pilot_v1	GSE292299	GSM8855712_NSCLC_P10	NSCLC	Visium	tumor_like	tumor_like	JAG1	NOTCH2	NOTCH	2.3020840255740014e-05	8688	8688	2.5
commot_pilot_v1	GSE292299	GSM8855712_NSCLC_P10	NSCLC	Visium	tumor_like	ambiguous_or_low_signal	JAG1	NOTCH2	NOTCH	2.045217734430218e-06	8688	131	2.5
commot_pilot_v1	GSE292299	GSM8855712_NSCLC_P10	NSCLC	Visium	ambiguous_or_low_signal	tumor_like	JAG1	NOTCH2	NOTCH	4.810431550392292e-06	131	8688	2.5
commot_pilot_v1	GSE292299	GSM8855712_NSCLC_P10	NSCLC	Visium	ambiguous_or_low_signal	ambiguous_or_low_signal	JAG1	NOTCH2	NOTCH	0.0004984226489690477	131	131	2.5
commot_pilot_v1	GSE292299	GSM8855712_NSCLC_P10	NSCLC	Visium	tumor_like	tumor_like	WNT5A	FZD5	WNT	3.1173265807243743e-05	8688	8688	2.5
commot_pilot_v1	GSE292299	GSM8855712_NSCLC_P10	NSCLC	Visium	tumor_like	ambiguous_or_low_signal	WNT5A	FZD5	WNT	1.7571252773303466e-06	8688	131	2.5
commot_pilot_v1	GSE292299	GSM8855712_NSCLC_P10	NSCLC	Visium	ambiguous_or_low_signal	tumor_like	WNT5A	FZD5	WNT	8.786357949193762e-07	131	8688	2.5
commot_pilot_v1	GSE292299	GSM8855712_NSCLC_P10	NSCLC	Visium	ambiguous_or_low_signal	ambiguous_or_low_signal	WNT5A	FZD5	WNT	5.828136602543952e-05	131	131	2.5
commot_pilot_v1	GSE292299	GSM8855712_NSCLC_P10	NSCLC	Visium	tumor_like	tumor_like	EGF	EGFR	EGF/ERBB	3.3313994233273733e-06	8688	8688	2.5
commot_pilot_v1	GSE292299	GSM8855712_NSCLC_P10	NSCLC	Visium	tumor_like	ambiguous_or_low_signal	EGF	EGFR	EGF/ERBB	2.561183520826797e-07	8688	131	2.5
commot_pilot_v1	GSE292299	GSM8855712_NSCLC_P10	NSCLC	Visium	ambiguous_or_low_signal	tumor_like	EGF	EGFR	EGF/ERBB	8.786357949193768e-07	131	8688	2.5
commot_pilot_v1	GSE292299	GSM8855712_NSCLC_P10	NSCLC	Visium	tumor_like	tumor_like	HBEGF	EGFR	EGF/ERBB	9.740024936678961e-06	8688	8688	2.5
commot_pilot_v1	GSE292299	GSM8855712_NSCLC_P10	NSCLC	Visium	tumor_like	stroma_fibroblast	HBEGF	EGFR	EGF/ERBB	6.394516063024353e-06	8688	18	2.5
commot_pilot_v1	GSE292299	GSM8855712_NSCLC_P10	NSCLC	Visium	tumor_like	ambiguous_or_low_signal	HBEGF	EGFR	EGF/ERBB	4.918845819251721e-07	8688	131	2.5
commot_pilot_v1	GSE292299	GSM8855712_NSCLC_P10	NSCLC	Visium	ambiguous_or_low_signal	tumor_like	HBEGF	EGFR	EGF/ERBB	2.8658264384075666e-09	131	8688	2.5
commot_pilot_v1	GSE292299	GSM8855712_NSCLC_P10	NSCLC	Visium	ambiguous_or_low_signal	ambiguous_or_low_signal	HBEGF	EGFR	EGF/ERBB	0.00011635326162154402	131	131	2.5
commot_pilot_v1	GSE292299	GSM8855712_NSCLC_P10	NSCLC	Visium	tumor_like	tumor_like	COL1A1	ITGA2	ECM-integrin	9.84757645102829e-05	8688	8688	2.5
commot_pilot_v1	GSE292299	GSM8855712_NSCLC_P10	NSCLC	Visium	tumor_like	ambiguous_or_low_signal	COL1A1	ITGA2	ECM-integrin	1.7583968550447753e-06	8688	131	2.5
commot_pilot_v1	GSE292299	GSM8855712_NSCLC_P10	NSCLC	Visium	ambiguous_or_low_signal	tumor_like	COL1A1	ITGA2	ECM-integrin	4.467764265816571e-06	131	8688	2.5
commot_pilot_v1	GSE292299	GSM8855712_NSCLC_P10	NSCLC	Visium	ambiguous_or_low_signal	ambiguous_or_low_signal	COL1A1	ITGA2	ECM-integrin	5.8197034214882296e-05	131	131	2.5
commot_pilot_v1	GSE292299	GSM8855713_NSCLC_P11	NSCLC	Visium	tumor_like	tumor_like	TGFB1	TGFBR1	TGFB	9.891954267732962e-05	8364	8364	2.5
commot_pilot_v1	GSE292299	GSM8855713_NSCLC_P11	NSCLC	Visium	tumor_like	immune	TGFB1	TGFBR1	TGFB	1.2817179641522295e-06	8364	270	2.5
commot_pilot_v1	GSE292299	GSM8855713_NSCLC_P11	NSCLC	Visium	tumor_like	stroma_fibroblast	TGFB1	TGFBR1	TGFB	5.79608591224368e-07	8364	1586	2.5
commot_pilot_v1	GSE292299	GSM8855713_NSCLC_P11	NSCLC	Visium	tumor_like	ambiguous_or_low_signal	TGFB1	TGFBR1	TGFB	5.528157165185164e-06	8364	2982	2.5
commot_pilot_v1	GSE292299	GSM8855713_NSCLC_P11	NSCLC	Visium	immune	tumor_like	TGFB1	TGFBR1	TGFB	3.5439793842407188e-06	270	8364	2.5
commot_pilot_v1	GSE292299	GSM8855713_NSCLC_P11	NSCLC	Visium	immune	immune	TGFB1	TGFBR1	TGFB	0.0008607237872881202	270	270	2.5
commot_pilot_v1	GSE292299	GSM8855713_NSCLC_P11	NSCLC	Visium	immune	stroma_fibroblast	TGFB1	TGFBR1	TGFB	5.3287841645003604e-06	270	1586	2.5
commot_pilot_v1	GSE292299	GSM8855713_NSCLC_P11	NSCLC	Visium	immune	ambiguous_or_low_signal	TGFB1	TGFBR1	TGFB	1.7422592230560284e-05	270	2982	2.5
commot_pilot_v1	GSE292299	GSM8855713_NSCLC_P11	NSCLC	Visium	stroma_fibroblast	tumor_like	TGFB1	TGFBR1	TGFB	1.545812221945433e-06	1586	8364	2.5
commot_pilot_v1	GSE292299	GSM8855713_NSCLC_P11	NSCLC	Visium	stroma_fibroblast	immune	TGFB1	TGFBR1	TGFB	3.852734205609724e-06	1586	270	2.5
commot_pilot_v1	GSE292299	GSM8855713_NSCLC_P11	NSCLC	Visium	stroma_fibroblast	stroma_fibroblast	TGFB1	TGFBR1	TGFB	0.0001772670582752479	1586	1586	2.5
commot_pilot_v1	GSE292299	GSM8855713_NSCLC_P11	NSCLC	Visium	stroma_fibroblast	ambiguous_or_low_signal	TGFB1	TGFBR1	TGFB	1.1208179122877297e-05	1586	2982	2.5
commot_pilot_v1	GSE292299	GSM8855713_NSCLC_P11	NSCLC	Visium	ambiguous_or_low_signal	tumor_like	TGFB1	TGFBR1	TGFB	9.515155799824474e-06	2982	8364	2.5
commot_pilot_v1	GSE292299	GSM8855713_NSCLC_P11	NSCLC	Visium	ambiguous_or_low_signal	immune	TGFB1	TGFBR1	TGFB	2.3094357721450958e-05	2982	270	2.5
commot_pilot_v1	GSE292299	GSM8855713_NSCLC_P11	NSCLC	Visium	ambiguous_or_low_signal	stroma_fibroblast	TGFB1	TGFBR1	TGFB	7.028004158925579e-06	2982	1586	2.5
commot_pilot_v1	GSE292299	GSM8855713_NSCLC_P11	NSCLC	Visium	ambiguous_or_low_signal	ambiguous_or_low_signal	TGFB1	TGFBR1	TGFB	0.00015081343524560182	2982	2982	2.5
commot_pilot_v1	GSE292299	GSM8855713_NSCLC_P11	NSCLC	Visium	tumor_like	tumor_like	TGFB1	TGFBR2	TGFB	0.0001275417431247279	8364	8364	2.5
commot_pilot_v1	GSE292299	GSM8855713_NSCLC_P11	NSCLC	Visium	tumor_like	immune	TGFB1	TGFBR2	TGFB	1.0913486163849214e-06	8364	270	2.5
commot_pilot_v1	GSE292299	GSM8855713_NSCLC_P11	NSCLC	Visium	tumor_like	stroma_fibroblast	TGFB1	TGFBR2	TGFB	2.1693810805643786e-07	8364	1586	2.5
commot_pilot_v1	GSE292299	GSM8855713_NSCLC_P11	NSCLC	Visium	tumor_like	ambiguous_or_low_signal	TGFB1	TGFBR2	TGFB	1.803615185228376e-06	8364	2982	2.5
commot_pilot_v1	GSE292299	GSM8855713_NSCLC_P11	NSCLC	Visium	immune	tumor_like	TGFB1	TGFBR2	TGFB	5.430075681938481e-07	270	8364	2.5
commot_pilot_v1	GSE292299	GSM8855713_NSCLC_P11	NSCLC	Visium	immune	immune	TGFB1	TGFBR2	TGFB	0.001346203123144332	270	270	2.5
commot_pilot_v1	GSE292299	GSM8855713_NSCLC_P11	NSCLC	Visium	immune	stroma_fibroblast	TGFB1	TGFBR2	TGFB	7.190370404085054e-06	270	1586	2.5
commot_pilot_v1	GSE292299	GSM8855713_NSCLC_P11	NSCLC	Visium	immune	ambiguous_or_low_signal	TGFB1	TGFBR2	TGFB	1.5186292308696372e-05	270	2982	2.5
commot_pilot_v1	GSE292299	GSM8855713_NSCLC_P11	NSCLC	Visium	stroma_fibroblast	tumor_like	TGFB1	TGFBR2	TGFB	4.996721524462184e-07	1586	8364	2.5
commot_pilot_v1	GSE292299	GSM8855713_NSCLC_P11	NSCLC	Visium	stroma_fibroblast	immune	TGFB1	TGFBR2	TGFB	2.578386396991662e-06	1586	270	2.5
commot_pilot_v1	GSE292299	GSM8855713_NSCLC_P11	NSCLC	Visium	stroma_fibroblast	stroma_fibroblast	TGFB1	TGFBR2	TGFB	0.0002806408112341258	1586	1586	2.5
commot_pilot_v1	GSE292299	GSM8855713_NSCLC_P11	NSCLC	Visium	stroma_fibroblast	ambiguous_or_low_signal	TGFB1	TGFBR2	TGFB	4.3572769312795955e-06	1586	2982	2.5
commot_pilot_v1	GSE292299	GSM8855713_NSCLC_P11	NSCLC	Visium	ambiguous_or_low_signal	tumor_like	TGFB1	TGFBR2	TGFB	2.1583682712372706e-06	2982	8364	2.5
commot_pilot_v1	GSE292299	GSM8855713_NSCLC_P11	NSCLC	Visium	ambiguous_or_low_signal	immune	TGFB1	TGFBR2	TGFB	1.3300510644116684e-05	2982	270	2.5
commot_pilot_v1	GSE292299	GSM8855713_NSCLC_P11	NSCLC	Visium	ambiguous_or_low_signal	stroma_fibroblast	TGFB1	TGFBR2	TGFB	3.5205206375113942e-06	2982	1586	2.5
commot_pilot_v1	GSE292299	GSM8855713_NSCLC_P11	NSCLC	Visium	ambiguous_or_low_signal	ambiguous_or_low_signal	TGFB1	TGFBR2	TGFB	0.00024080200452901874	2982	2982	2.5
commot_pilot_v1	GSE292299	GSM8855713_NSCLC_P11	NSCLC	Visium	tumor_like	tumor_like	CXCL12	CXCR4	CXCL chemokine	0.00020563178692726403	8364	8364	2.5
commot_pilot_v1	GSE292299	GSM8855713_NSCLC_P11	NSCLC	Visium	tumor_like	immune	CXCL12	CXCR4	CXCL chemokine	1.658686830610059e-06	8364	270	2.5
commot_pilot_v1	GSE292299	GSM8855713_NSCLC_P11	NSCLC	Visium	tumor_like	stroma_fibroblast	CXCL12	CXCR4	CXCL chemokine	1.229425825985911e-06	8364	1586	2.5
commot_pilot_v1	GSE292299	GSM8855713_NSCLC_P11	NSCLC	Visium	tumor_like	ambiguous_or_low_signal	CXCL12	CXCR4	CXCL chemokine	7.956472699162924e-06	8364	2982	2.5
commot_pilot_v1	GSE292299	GSM8855713_NSCLC_P11	NSCLC	Visium	immune	tumor_like	CXCL12	CXCR4	CXCL chemokine	1.3371266979748507e-06	270	8364	2.5
commot_pilot_v1	GSE292299	GSM8855713_NSCLC_P11	NSCLC	Visium	immune	immune	CXCL12	CXCR4	CXCL chemokine	0.0034339821107906903	270	270	2.5
commot_pilot_v1	GSE292299	GSM8855713_NSCLC_P11	NSCLC	Visium	immune	stroma_fibroblast	CXCL12	CXCR4	CXCL chemokine	1.1422101762257231e-05	270	1586	2.5
commot_pilot_v1	GSE292299	GSM8855713_NSCLC_P11	NSCLC	Visium	immune	ambiguous_or_low_signal	CXCL12	CXCR4	CXCL chemokine	4.880170607652054e-05	270	2982	2.5
commot_pilot_v1	GSE292299	GSM8855713_NSCLC_P11	NSCLC	Visium	stroma_fibroblast	tumor_like	CXCL12	CXCR4	CXCL chemokine	4.685344490411144e-06	1586	8364	2.5
commot_pilot_v1	GSE292299	GSM8855713_NSCLC_P11	NSCLC	Visium	stroma_fibroblast	immune	CXCL12	CXCR4	CXCL chemokine	1.532326853214282e-05	1586	270	2.5
commot_pilot_v1	GSE292299	GSM8855713_NSCLC_P11	NSCLC	Visium	stroma_fibroblast	stroma_fibroblast	CXCL12	CXCR4	CXCL chemokine	0.001305479898869654	1586	1586	2.5
commot_pilot_v1	GSE292299	GSM8855713_NSCLC_P11	NSCLC	Visium	stroma_fibroblast	ambiguous_or_low_signal	CXCL12	CXCR4	CXCL chemokine	3.7154048064828624e-05	1586	2982	2.5
commot_pilot_v1	GSE292299	GSM8855713_NSCLC_P11	NSCLC	Visium	ambiguous_or_low_signal	tumor_like	CXCL12	CXCR4	CXCL chemokine	1.3144751397963796e-05	2982	8364	2.5
commot_pilot_v1	GSE292299	GSM8855713_NSCLC_P11	NSCLC	Visium	ambiguous_or_low_signal	immune	CXCL12	CXCR4	CXCL chemokine	4.5605165303765516e-05	2982	270	2.5
commot_pilot_v1	GSE292299	GSM8855713_NSCLC_P11	NSCLC	Visium	ambiguous_or_low_signal	stroma_fibroblast	CXCL12	CXCR4	CXCL chemokine	2.3554074338724055e-05	2982	1586	2.5
commot_pilot_v1	GSE292299	GSM8855713_NSCLC_P11	NSCLC	Visium	ambiguous_or_low_signal	ambiguous_or_low_signal	CXCL12	CXCR4	CXCL chemokine	0.0006654912361395566	2982	2982	2.5
commot_pilot_v1	GSE292299	GSM8855713_NSCLC_P11	NSCLC	Visium	tumor_like	tumor_like	CXCL9	CXCR3	CXCL chemokine	1.915962661547212e-05	8364	8364	2.5
commot_pilot_v1	GSE292299	GSM8855713_NSCLC_P11	NSCLC	Visium	tumor_like	immune	CXCL9	CXCR3	CXCL chemokine	1.0075114846602595e-06	8364	270	2.5
commot_pilot_v1	GSE292299	GSM8855713_NSCLC_P11	NSCLC	Visium	tumor_like	stroma_fibroblast	CXCL9	CXCR3	CXCL chemokine	7.669418348173653e-07	8364	1586	2.5
commot_pilot_v1	GSE292299	GSM8855713_NSCLC_P11	NSCLC	Visium	tumor_like	ambiguous_or_low_signal	CXCL9	CXCR3	CXCL chemokine	3.198724142334933e-06	8364	2982	2.5
commot_pilot_v1	GSE292299	GSM8855713_NSCLC_P11	NSCLC	Visium	immune	tumor_like	CXCL9	CXCR3	CXCL chemokine	6.538442453808479e-07	270	8364	2.5
commot_pilot_v1	GSE292299	GSM8855713_NSCLC_P11	NSCLC	Visium	immune	immune	CXCL9	CXCR3	CXCL chemokine	9.591801014268079e-05	270	270	2.5
commot_pilot_v1	GSE292299	GSM8855713_NSCLC_P11	NSCLC	Visium	immune	stroma_fibroblast	CXCL9	CXCR3	CXCL chemokine	2.375908619833018e-06	270	1586	2.5
commot_pilot_v1	GSE292299	GSM8855713_NSCLC_P11	NSCLC	Visium	immune	ambiguous_or_low_signal	CXCL9	CXCR3	CXCL chemokine	4.640997115793383e-06	270	2982	2.5
commot_pilot_v1	GSE292299	GSM8855713_NSCLC_P11	NSCLC	Visium	stroma_fibroblast	tumor_like	CXCL9	CXCR3	CXCL chemokine	3.6305324392944975e-07	1586	8364	2.5
commot_pilot_v1	GSE292299	GSM8855713_NSCLC_P11	NSCLC	Visium	stroma_fibroblast	immune	CXCL9	CXCR3	CXCL chemokine	1.1677238870367125e-06	1586	270	2.5
commot_pilot_v1	GSE292299	GSM8855713_NSCLC_P11	NSCLC	Visium	stroma_fibroblast	stroma_fibroblast	CXCL9	CXCR3	CXCL chemokine	4.108701613651022e-05	1586	1586	2.5
commot_pilot_v1	GSE292299	GSM8855713_NSCLC_P11	NSCLC	Visium	stroma_fibroblast	ambiguous_or_low_signal	CXCL9	CXCR3	CXCL chemokine	2.108093551776128e-06	1586	2982	2.5
commot_pilot_v1	GSE292299	GSM8855713_NSCLC_P11	NSCLC	Visium	ambiguous_or_low_signal	tumor_like	CXCL9	CXCR3	CXCL chemokine	2.460561906950291e-06	2982	8364	2.5
commot_pilot_v1	GSE292299	GSM8855713_NSCLC_P11	NSCLC	Visium	ambiguous_or_low_signal	immune	CXCL9	CXCR3	CXCL chemokine	2.7725504907383697e-06	2982	270	2.5
commot_pilot_v1	GSE292299	GSM8855713_NSCLC_P11	NSCLC	Visium	ambiguous_or_low_signal	stroma_fibroblast	CXCL9	CXCR3	CXCL chemokine	4.748701494365928e-06	2982	1586	2.5
commot_pilot_v1	GSE292299	GSM8855713_NSCLC_P11	NSCLC	Visium	ambiguous_or_low_signal	ambiguous_or_low_signal	CXCL9	CXCR3	CXCL chemokine	3.503160798629974e-05	2982	2982	2.5
commot_pilot_v1	GSE292299	GSM8855713_NSCLC_P11	NSCLC	Visium	tumor_like	tumor_like	CCL2	CCR2	CCL chemokine	2.520754955713363e-05	8364	8364	2.5
commot_pilot_v1	GSE292299	GSM8855713_NSCLC_P11	NSCLC	Visium	tumor_like	immune	CCL2	CCR2	CCL chemokine	4.6259611409996054e-07	8364	270	2.5
commot_pilot_v1	GSE292299	GSM8855713_NSCLC_P11	NSCLC	Visium	tumor_like	stroma_fibroblast	CCL2	CCR2	CCL chemokine	6.114041358232805e-07	8364	1586	2.5
commot_pilot_v1	GSE292299	GSM8855713_NSCLC_P11	NSCLC	Visium	tumor_like	ambiguous_or_low_signal	CCL2	CCR2	CCL chemokine	4.241264538749957e-06	8364	2982	2.5
commot_pilot_v1	GSE292299	GSM8855713_NSCLC_P11	NSCLC	Visium	immune	tumor_like	CCL2	CCR2	CCL chemokine	2.0747331719601185e-07	270	8364	2.5
commot_pilot_v1	GSE292299	GSM8855713_NSCLC_P11	NSCLC	Visium	immune	immune	CCL2	CCR2	CCL chemokine	0.00011496106118130531	270	270	2.5
commot_pilot_v1	GSE292299	GSM8855713_NSCLC_P11	NSCLC	Visium	immune	stroma_fibroblast	CCL2	CCR2	CCL chemokine	2.727235046134397e-10	270	1586	2.5
commot_pilot_v1	GSE292299	GSM8855713_NSCLC_P11	NSCLC	Visium	immune	ambiguous_or_low_signal	CCL2	CCR2	CCL chemokine	2.76270884487266e-06	270	2982	2.5
commot_pilot_v1	GSE292299	GSM8855713_NSCLC_P11	NSCLC	Visium	stroma_fibroblast	tumor_like	CCL2	CCR2	CCL chemokine	2.4506862630004835e-07	1586	8364	2.5
commot_pilot_v1	GSE292299	GSM8855713_NSCLC_P11	NSCLC	Visium	stroma_fibroblast	immune	CCL2	CCR2	CCL chemokine	3.478422445751871e-08	1586	270	2.5
commot_pilot_v1	GSE292299	GSM8855713_NSCLC_P11	NSCLC	Visium	stroma_fibroblast	stroma_fibroblast	CCL2	CCR2	CCL chemokine	3.18138134224287e-05	1586	1586	2.5
commot_pilot_v1	GSE292299	GSM8855713_NSCLC_P11	NSCLC	Visium	stroma_fibroblast	ambiguous_or_low_signal	CCL2	CCR2	CCL chemokine	2.4128094075954815e-06	1586	2982	2.5
commot_pilot_v1	GSE292299	GSM8855713_NSCLC_P11	NSCLC	Visium	ambiguous_or_low_signal	tumor_like	CCL2	CCR2	CCL chemokine	2.1239002310189797e-06	2982	8364	2.5
commot_pilot_v1	GSE292299	GSM8855713_NSCLC_P11	NSCLC	Visium	ambiguous_or_low_signal	immune	CCL2	CCR2	CCL chemokine	4.423187354669671e-06	2982	270	2.5
commot_pilot_v1	GSE292299	GSM8855713_NSCLC_P11	NSCLC	Visium	ambiguous_or_low_signal	stroma_fibroblast	CCL2	CCR2	CCL chemokine	3.3942341853213917e-06	2982	1586	2.5
commot_pilot_v1	GSE292299	GSM8855713_NSCLC_P11	NSCLC	Visium	ambiguous_or_low_signal	ambiguous_or_low_signal	CCL2	CCR2	CCL chemokine	3.466668098157043e-05	2982	2982	2.5
commot_pilot_v1	GSE292299	GSM8855713_NSCLC_P11	NSCLC	Visium	tumor_like	tumor_like	VEGFA	KDR	VEGF	3.324046329722102e-05	8364	8364	2.5
commot_pilot_v1	GSE292299	GSM8855713_NSCLC_P11	NSCLC	Visium	tumor_like	immune	VEGFA	KDR	VEGF	2.390115552497316e-08	8364	270	2.5
commot_pilot_v1	GSE292299	GSM8855713_NSCLC_P11	NSCLC	Visium	tumor_like	stroma_fibroblast	VEGFA	KDR	VEGF	9.653921792154951e-07	8364	1586	2.5
commot_pilot_v1	GSE292299	GSM8855713_NSCLC_P11	NSCLC	Visium	tumor_like	ambiguous_or_low_signal	VEGFA	KDR	VEGF	1.0335447158374988e-06	8364	2982	2.5
commot_pilot_v1	GSE292299	GSM8855713_NSCLC_P11	NSCLC	Visium	immune	tumor_like	VEGFA	KDR	VEGF	1.6007451101637115e-08	270	8364	2.5
commot_pilot_v1	GSE292299	GSM8855713_NSCLC_P11	NSCLC	Visium	immune	immune	VEGFA	KDR	VEGF	0.00018485426535544284	270	270	2.5
commot_pilot_v1	GSE292299	GSM8855713_NSCLC_P11	NSCLC	Visium	immune	stroma_fibroblast	VEGFA	KDR	VEGF	8.901783907474458e-07	270	1586	2.5
commot_pilot_v1	GSE292299	GSM8855713_NSCLC_P11	NSCLC	Visium	immune	ambiguous_or_low_signal	VEGFA	KDR	VEGF	2.2520429020649223e-06	270	2982	2.5
commot_pilot_v1	GSE292299	GSM8855713_NSCLC_P11	NSCLC	Visium	stroma_fibroblast	tumor_like	VEGFA	KDR	VEGF	1.574605868543332e-08	1586	8364	2.5
commot_pilot_v1	GSE292299	GSM8855713_NSCLC_P11	NSCLC	Visium	stroma_fibroblast	immune	VEGFA	KDR	VEGF	4.102853455659133e-07	1586	270	2.5
commot_pilot_v1	GSE292299	GSM8855713_NSCLC_P11	NSCLC	Visium	stroma_fibroblast	stroma_fibroblast	VEGFA	KDR	VEGF	0.00013584257435612248	1586	1586	2.5
commot_pilot_v1	GSE292299	GSM8855713_NSCLC_P11	NSCLC	Visium	stroma_fibroblast	ambiguous_or_low_signal	VEGFA	KDR	VEGF	1.4405907822422866e-06	1586	2982	2.5
commot_pilot_v1	GSE292299	GSM8855713_NSCLC_P11	NSCLC	Visium	ambiguous_or_low_signal	tumor_like	VEGFA	KDR	VEGF	1.3506179544480145e-07	2982	8364	2.5
commot_pilot_v1	GSE292299	GSM8855713_NSCLC_P11	NSCLC	Visium	ambiguous_or_low_signal	immune	VEGFA	KDR	VEGF	1.6077404717329326e-06	2982	270	2.5
commot_pilot_v1	GSE292299	GSM8855713_NSCLC_P11	NSCLC	Visium	ambiguous_or_low_signal	stroma_fibroblast	VEGFA	KDR	VEGF	7.001808858173383e-06	2982	1586	2.5
commot_pilot_v1	GSE292299	GSM8855713_NSCLC_P11	NSCLC	Visium	ambiguous_or_low_signal	ambiguous_or_low_signal	VEGFA	KDR	VEGF	5.8881737039253055e-05	2982	2982	2.5
commot_pilot_v1	GSE292299	GSM8855713_NSCLC_P11	NSCLC	Visium	tumor_like	tumor_like	SPP1	CD44	SPP1	0.001822112792943503	8364	8364	2.5
commot_pilot_v1	GSE292299	GSM8855713_NSCLC_P11	NSCLC	Visium	tumor_like	immune	SPP1	CD44	SPP1	6.202120140461302e-07	8364	270	2.5
commot_pilot_v1	GSE292299	GSM8855713_NSCLC_P11	NSCLC	Visium	tumor_like	stroma_fibroblast	SPP1	CD44	SPP1	2.1970757309997855e-06	8364	1586	2.5
commot_pilot_v1	GSE292299	GSM8855713_NSCLC_P11	NSCLC	Visium	tumor_like	ambiguous_or_low_signal	SPP1	CD44	SPP1	3.1312074977585885e-06	8364	2982	2.5
commot_pilot_v1	GSE292299	GSM8855713_NSCLC_P11	NSCLC	Visium	immune	tumor_like	SPP1	CD44	SPP1	2.604380966471817e-07	270	8364	2.5
commot_pilot_v1	GSE292299	GSM8855713_NSCLC_P11	NSCLC	Visium	immune	immune	SPP1	CD44	SPP1	0.01110108679160645	270	270	2.5
commot_pilot_v1	GSE292299	GSM8855713_NSCLC_P11	NSCLC	Visium	immune	stroma_fibroblast	SPP1	CD44	SPP1	8.261369990135037e-07	270	1586	2.5
commot_pilot_v1	GSE292299	GSM8855713_NSCLC_P11	NSCLC	Visium	immune	ambiguous_or_low_signal	SPP1	CD44	SPP1	4.206761188643787e-06	270	2982	2.5
commot_pilot_v1	GSE292299	GSM8855713_NSCLC_P11	NSCLC	Visium	stroma_fibroblast	tumor_like	SPP1	CD44	SPP1	8.670628583026194e-08	1586	8364	2.5
commot_pilot_v1	GSE292299	GSM8855713_NSCLC_P11	NSCLC	Visium	stroma_fibroblast	immune	SPP1	CD44	SPP1	1.5736381764818017e-06	1586	270	2.5
commot_pilot_v1	GSE292299	GSM8855713_NSCLC_P11	NSCLC	Visium	stroma_fibroblast	stroma_fibroblast	SPP1	CD44	SPP1	0.002216751546632834	1586	1586	2.5
commot_pilot_v1	GSE292299	GSM8855713_NSCLC_P11	NSCLC	Visium	stroma_fibroblast	ambiguous_or_low_signal	SPP1	CD44	SPP1	3.8100708017928944e-06	1586	2982	2.5
commot_pilot_v1	GSE292299	GSM8855713_NSCLC_P11	NSCLC	Visium	ambiguous_or_low_signal	tumor_like	SPP1	CD44	SPP1	1.5891363450045498e-06	2982	8364	2.5
commot_pilot_v1	GSE292299	GSM8855713_NSCLC_P11	NSCLC	Visium	ambiguous_or_low_signal	immune	SPP1	CD44	SPP1	3.299174261466192e-06	2982	270	2.5
commot_pilot_v1	GSE292299	GSM8855713_NSCLC_P11	NSCLC	Visium	ambiguous_or_low_signal	stroma_fibroblast	SPP1	CD44	SPP1	1.511663100450292e-05	2982	1586	2.5
commot_pilot_v1	GSE292299	GSM8855713_NSCLC_P11	NSCLC	Visium	ambiguous_or_low_signal	ambiguous_or_low_signal	SPP1	CD44	SPP1	0.002448459657153782	2982	2982	2.5
commot_pilot_v1	GSE292299	GSM8855713_NSCLC_P11	NSCLC	Visium	tumor_like	tumor_like	SPP1	ITGAV	SPP1	0.001085233559319121	8364	8364	2.5
commot_pilot_v1	GSE292299	GSM8855713_NSCLC_P11	NSCLC	Visium	tumor_like	immune	SPP1	ITGAV	SPP1	1.6025090590635765e-07	8364	270	2.5
commot_pilot_v1	GSE292299	GSM8855713_NSCLC_P11	NSCLC	Visium	tumor_like	stroma_fibroblast	SPP1	ITGAV	SPP1	8.085117481349743e-07	8364	1586	2.5
commot_pilot_v1	GSE292299	GSM8855713_NSCLC_P11	NSCLC	Visium	tumor_like	ambiguous_or_low_signal	SPP1	ITGAV	SPP1	1.3505770212047097e-06	8364	2982	2.5
commot_pilot_v1	GSE292299	GSM8855713_NSCLC_P11	NSCLC	Visium	immune	tumor_like	SPP1	ITGAV	SPP1	1.427574114421993e-07	270	8364	2.5
commot_pilot_v1	GSE292299	GSM8855713_NSCLC_P11	NSCLC	Visium	immune	immune	SPP1	ITGAV	SPP1	0.0032652011118494617	270	270	2.5
commot_pilot_v1	GSE292299	GSM8855713_NSCLC_P11	NSCLC	Visium	immune	stroma_fibroblast	SPP1	ITGAV	SPP1	4.2027216937218164e-07	270	1586	2.5
commot_pilot_v1	GSE292299	GSM8855713_NSCLC_P11	NSCLC	Visium	immune	ambiguous_or_low_signal	SPP1	ITGAV	SPP1	9.206907508296716e-07	270	2982	2.5
commot_pilot_v1	GSE292299	GSM8855713_NSCLC_P11	NSCLC	Visium	stroma_fibroblast	tumor_like	SPP1	ITGAV	SPP1	4.944736868600696e-08	1586	8364	2.5
commot_pilot_v1	GSE292299	GSM8855713_NSCLC_P11	NSCLC	Visium	stroma_fibroblast	immune	SPP1	ITGAV	SPP1	2.7324308172820476e-08	1586	270	2.5
commot_pilot_v1	GSE292299	GSM8855713_NSCLC_P11	NSCLC	Visium	stroma_fibroblast	stroma_fibroblast	SPP1	ITGAV	SPP1	0.0010160824888496844	1586	1586	2.5
commot_pilot_v1	GSE292299	GSM8855713_NSCLC_P11	NSCLC	Visium	stroma_fibroblast	ambiguous_or_low_signal	SPP1	ITGAV	SPP1	1.4171834960079244e-06	1586	2982	2.5
commot_pilot_v1	GSE292299	GSM8855713_NSCLC_P11	NSCLC	Visium	ambiguous_or_low_signal	tumor_like	SPP1	ITGAV	SPP1	9.175300424185912e-07	2982	8364	2.5
commot_pilot_v1	GSE292299	GSM8855713_NSCLC_P11	NSCLC	Visium	ambiguous_or_low_signal	immune	SPP1	ITGAV	SPP1	7.368242978094768e-07	2982	270	2.5
commot_pilot_v1	GSE292299	GSM8855713_NSCLC_P11	NSCLC	Visium	ambiguous_or_low_signal	stroma_fibroblast	SPP1	ITGAV	SPP1	5.337838041809044e-06	2982	1586	2.5
commot_pilot_v1	GSE292299	GSM8855713_NSCLC_P11	NSCLC	Visium	ambiguous_or_low_signal	ambiguous_or_low_signal	SPP1	ITGAV	SPP1	0.0011882012921689477	2982	2982	2.5
commot_pilot_v1	GSE292299	GSM8855713_NSCLC_P11	NSCLC	Visium	tumor_like	tumor_like	MIF	CD74	MIF	0.0021658104204057395	8364	8364	2.5
commot_pilot_v1	GSE292299	GSM8855713_NSCLC_P11	NSCLC	Visium	tumor_like	immune	MIF	CD74	MIF	4.571349999202125e-07	8364	270	2.5
commot_pilot_v1	GSE292299	GSM8855713_NSCLC_P11	NSCLC	Visium	tumor_like	stroma_fibroblast	MIF	CD74	MIF	1.2570252558992446e-07	8364	1586	2.5
commot_pilot_v1	GSE292299	GSM8855713_NSCLC_P11	NSCLC	Visium	tumor_like	ambiguous_or_low_signal	MIF	CD74	MIF	2.5576770000278772e-06	8364	2982	2.5
commot_pilot_v1	GSE292299	GSM8855713_NSCLC_P11	NSCLC	Visium	immune	tumor_like	MIF	CD74	MIF	2.743681705099809e-07	270	8364	2.5
commot_pilot_v1	GSE292299	GSM8855713_NSCLC_P11	NSCLC	Visium	immune	immune	MIF	CD74	MIF	0.011456039358788701	270	270	2.5
commot_pilot_v1	GSE292299	GSM8855713_NSCLC_P11	NSCLC	Visium	immune	stroma_fibroblast	MIF	CD74	MIF	1.8640909733831192e-06	270	1586	2.5
commot_pilot_v1	GSE292299	GSM8855713_NSCLC_P11	NSCLC	Visium	immune	ambiguous_or_low_signal	MIF	CD74	MIF	4.268685640547061e-06	270	2982	2.5
commot_pilot_v1	GSE292299	GSM8855713_NSCLC_P11	NSCLC	Visium	stroma_fibroblast	tumor_like	MIF	CD74	MIF	1.614721178286519e-07	1586	8364	2.5
commot_pilot_v1	GSE292299	GSM8855713_NSCLC_P11	NSCLC	Visium	stroma_fibroblast	immune	MIF	CD74	MIF	4.4154378915849146e-07	1586	270	2.5
commot_pilot_v1	GSE292299	GSM8855713_NSCLC_P11	NSCLC	Visium	stroma_fibroblast	stroma_fibroblast	MIF	CD74	MIF	0.002074506587050916	1586	1586	2.5
commot_pilot_v1	GSE292299	GSM8855713_NSCLC_P11	NSCLC	Visium	stroma_fibroblast	ambiguous_or_low_signal	MIF	CD74	MIF	2.0009452341723104e-06	1586	2982	2.5
commot_pilot_v1	GSE292299	GSM8855713_NSCLC_P11	NSCLC	Visium	ambiguous_or_low_signal	tumor_like	MIF	CD74	MIF	2.0711941761864927e-06	2982	8364	2.5
commot_pilot_v1	GSE292299	GSM8855713_NSCLC_P11	NSCLC	Visium	ambiguous_or_low_signal	immune	MIF	CD74	MIF	3.513264109857387e-06	2982	270	2.5
commot_pilot_v1	GSE292299	GSM8855713_NSCLC_P11	NSCLC	Visium	ambiguous_or_low_signal	stroma_fibroblast	MIF	CD74	MIF	1.3760678638732324e-06	2982	1586	2.5
commot_pilot_v1	GSE292299	GSM8855713_NSCLC_P11	NSCLC	Visium	ambiguous_or_low_signal	ambiguous_or_low_signal	MIF	CD74	MIF	0.002714476519634124	2982	2982	2.5
commot_pilot_v1	GSE292299	GSM8855713_NSCLC_P11	NSCLC	Visium	tumor_like	tumor_like	DLL4	NOTCH1	NOTCH	1.2607638364553116e-05	8364	8364	2.5
commot_pilot_v1	GSE292299	GSM8855713_NSCLC_P11	NSCLC	Visium	tumor_like	immune	DLL4	NOTCH1	NOTCH	3.719599842737282e-07	8364	270	2.5
commot_pilot_v1	GSE292299	GSM8855713_NSCLC_P11	NSCLC	Visium	tumor_like	stroma_fibroblast	DLL4	NOTCH1	NOTCH	1.3436567990424248e-07	8364	1586	2.5
commot_pilot_v1	GSE292299	GSM8855713_NSCLC_P11	NSCLC	Visium	tumor_like	ambiguous_or_low_signal	DLL4	NOTCH1	NOTCH	1.13832227368604e-06	8364	2982	2.5
commot_pilot_v1	GSE292299	GSM8855713_NSCLC_P11	NSCLC	Visium	immune	tumor_like	DLL4	NOTCH1	NOTCH	5.966984057481951e-07	270	8364	2.5
commot_pilot_v1	GSE292299	GSM8855713_NSCLC_P11	NSCLC	Visium	immune	immune	DLL4	NOTCH1	NOTCH	7.450021657770778e-05	270	270	2.5
commot_pilot_v1	GSE292299	GSM8855713_NSCLC_P11	NSCLC	Visium	immune	stroma_fibroblast	DLL4	NOTCH1	NOTCH	6.277324363712563e-08	270	1586	2.5
commot_pilot_v1	GSE292299	GSM8855713_NSCLC_P11	NSCLC	Visium	immune	ambiguous_or_low_signal	DLL4	NOTCH1	NOTCH	1.4836443070295997e-06	270	2982	2.5
commot_pilot_v1	GSE292299	GSM8855713_NSCLC_P11	NSCLC	Visium	stroma_fibroblast	tumor_like	DLL4	NOTCH1	NOTCH	3.6932461664026473e-07	1586	8364	2.5
commot_pilot_v1	GSE292299	GSM8855713_NSCLC_P11	NSCLC	Visium	stroma_fibroblast	stroma_fibroblast	DLL4	NOTCH1	NOTCH	0.00010566566547560889	1586	1586	2.5
commot_pilot_v1	GSE292299	GSM8855713_NSCLC_P11	NSCLC	Visium	stroma_fibroblast	ambiguous_or_low_signal	DLL4	NOTCH1	NOTCH	4.294342851790866e-06	1586	2982	2.5
commot_pilot_v1	GSE292299	GSM8855713_NSCLC_P11	NSCLC	Visium	ambiguous_or_low_signal	tumor_like	DLL4	NOTCH1	NOTCH	1.3964797428765132e-06	2982	8364	2.5
commot_pilot_v1	GSE292299	GSM8855713_NSCLC_P11	NSCLC	Visium	ambiguous_or_low_signal	immune	DLL4	NOTCH1	NOTCH	4.049424997176762e-06	2982	270	2.5
commot_pilot_v1	GSE292299	GSM8855713_NSCLC_P11	NSCLC	Visium	ambiguous_or_low_signal	stroma_fibroblast	DLL4	NOTCH1	NOTCH	3.19129367062997e-06	2982	1586	2.5
commot_pilot_v1	GSE292299	GSM8855713_NSCLC_P11	NSCLC	Visium	ambiguous_or_low_signal	ambiguous_or_low_signal	DLL4	NOTCH1	NOTCH	3.0117700308970776e-05	2982	2982	2.5
commot_pilot_v1	GSE292299	GSM8855713_NSCLC_P11	NSCLC	Visium	tumor_like	tumor_like	JAG1	NOTCH2	NOTCH	0.00021384979537608683	8364	8364	2.5
commot_pilot_v1	GSE292299	GSM8855713_NSCLC_P11	NSCLC	Visium	tumor_like	immune	JAG1	NOTCH2	NOTCH	3.8941494051305855e-06	8364	270	2.5
commot_pilot_v1	GSE292299	GSM8855713_NSCLC_P11	NSCLC	Visium	tumor_like	stroma_fibroblast	JAG1	NOTCH2	NOTCH	1.756915946268751e-06	8364	1586	2.5
commot_pilot_v1	GSE292299	GSM8855713_NSCLC_P11	NSCLC	Visium	tumor_like	ambiguous_or_low_signal	JAG1	NOTCH2	NOTCH	2.2187593222221538e-05	8364	2982	2.5
commot_pilot_v1	GSE292299	GSM8855713_NSCLC_P11	NSCLC	Visium	immune	tumor_like	JAG1	NOTCH2	NOTCH	2.080511847388561e-06	270	8364	2.5
commot_pilot_v1	GSE292299	GSM8855713_NSCLC_P11	NSCLC	Visium	immune	immune	JAG1	NOTCH2	NOTCH	0.00029923096222981936	270	270	2.5
commot_pilot_v1	GSE292299	GSM8855713_NSCLC_P11	NSCLC	Visium	immune	stroma_fibroblast	JAG1	NOTCH2	NOTCH	1.2533562843599053e-06	270	1586	2.5
commot_pilot_v1	GSE292299	GSM8855713_NSCLC_P11	NSCLC	Visium	immune	ambiguous_or_low_signal	JAG1	NOTCH2	NOTCH	9.353897479187477e-06	270	2982	2.5
commot_pilot_v1	GSE292299	GSM8855713_NSCLC_P11	NSCLC	Visium	stroma_fibroblast	tumor_like	JAG1	NOTCH2	NOTCH	6.897665791762051e-06	1586	8364	2.5
commot_pilot_v1	GSE292299	GSM8855713_NSCLC_P11	NSCLC	Visium	stroma_fibroblast	immune	JAG1	NOTCH2	NOTCH	8.978435507317005e-07	1586	270	2.5
commot_pilot_v1	GSE292299	GSM8855713_NSCLC_P11	NSCLC	Visium	stroma_fibroblast	stroma_fibroblast	JAG1	NOTCH2	NOTCH	0.0002032503760763886	1586	1586	2.5
commot_pilot_v1	GSE292299	GSM8855713_NSCLC_P11	NSCLC	Visium	stroma_fibroblast	ambiguous_or_low_signal	JAG1	NOTCH2	NOTCH	3.118201895966292e-05	1586	2982	2.5
commot_pilot_v1	GSE292299	GSM8855713_NSCLC_P11	NSCLC	Visium	ambiguous_or_low_signal	tumor_like	JAG1	NOTCH2	NOTCH	2.7715535340694546e-05	2982	8364	2.5
commot_pilot_v1	GSE292299	GSM8855713_NSCLC_P11	NSCLC	Visium	ambiguous_or_low_signal	immune	JAG1	NOTCH2	NOTCH	2.5215718572187357e-05	2982	270	2.5
commot_pilot_v1	GSE292299	GSM8855713_NSCLC_P11	NSCLC	Visium	ambiguous_or_low_signal	stroma_fibroblast	JAG1	NOTCH2	NOTCH	1.5201130162354345e-05	2982	1586	2.5
commot_pilot_v1	GSE292299	GSM8855713_NSCLC_P11	NSCLC	Visium	ambiguous_or_low_signal	ambiguous_or_low_signal	JAG1	NOTCH2	NOTCH	0.00018674646814427186	2982	2982	2.5
commot_pilot_v1	GSE292299	GSM8855713_NSCLC_P11	NSCLC	Visium	tumor_like	tumor_like	WNT5A	FZD5	WNT	8.432735328957044e-05	8364	8364	2.5
commot_pilot_v1	GSE292299	GSM8855713_NSCLC_P11	NSCLC	Visium	tumor_like	immune	WNT5A	FZD5	WNT	8.901747936256508e-07	8364	270	2.5
commot_pilot_v1	GSE292299	GSM8855713_NSCLC_P11	NSCLC	Visium	tumor_like	stroma_fibroblast	WNT5A	FZD5	WNT	8.053932860202341e-07	8364	1586	2.5
commot_pilot_v1	GSE292299	GSM8855713_NSCLC_P11	NSCLC	Visium	tumor_like	ambiguous_or_low_signal	WNT5A	FZD5	WNT	8.34346743594929e-06	8364	2982	2.5
commot_pilot_v1	GSE292299	GSM8855713_NSCLC_P11	NSCLC	Visium	immune	tumor_like	WNT5A	FZD5	WNT	7.98151332777297e-06	270	8364	2.5
commot_pilot_v1	GSE292299	GSM8855713_NSCLC_P11	NSCLC	Visium	immune	immune	WNT5A	FZD5	WNT	0.0003028661899367293	270	270	2.5
commot_pilot_v1	GSE292299	GSM8855713_NSCLC_P11	NSCLC	Visium	immune	stroma_fibroblast	WNT5A	FZD5	WNT	4.7206836379266297e-07	270	1586	2.5
commot_pilot_v1	GSE292299	GSM8855713_NSCLC_P11	NSCLC	Visium	immune	ambiguous_or_low_signal	WNT5A	FZD5	WNT	2.075188899367848e-05	270	2982	2.5
commot_pilot_v1	GSE292299	GSM8855713_NSCLC_P11	NSCLC	Visium	stroma_fibroblast	tumor_like	WNT5A	FZD5	WNT	2.6472176028354175e-06	1586	8364	2.5
commot_pilot_v1	GSE292299	GSM8855713_NSCLC_P11	NSCLC	Visium	stroma_fibroblast	immune	WNT5A	FZD5	WNT	9.60437853222065e-07	1586	270	2.5
commot_pilot_v1	GSE292299	GSM8855713_NSCLC_P11	NSCLC	Visium	stroma_fibroblast	stroma_fibroblast	WNT5A	FZD5	WNT	6.898097077359238e-05	1586	1586	2.5
commot_pilot_v1	GSE292299	GSM8855713_NSCLC_P11	NSCLC	Visium	stroma_fibroblast	ambiguous_or_low_signal	WNT5A	FZD5	WNT	1.0427397947534782e-05	1586	2982	2.5
commot_pilot_v1	GSE292299	GSM8855713_NSCLC_P11	NSCLC	Visium	ambiguous_or_low_signal	tumor_like	WNT5A	FZD5	WNT	2.2075509469516953e-05	2982	8364	2.5
commot_pilot_v1	GSE292299	GSM8855713_NSCLC_P11	NSCLC	Visium	ambiguous_or_low_signal	immune	WNT5A	FZD5	WNT	9.305837351203234e-06	2982	270	2.5
commot_pilot_v1	GSE292299	GSM8855713_NSCLC_P11	NSCLC	Visium	ambiguous_or_low_signal	stroma_fibroblast	WNT5A	FZD5	WNT	6.774014494301711e-06	2982	1586	2.5
commot_pilot_v1	GSE292299	GSM8855713_NSCLC_P11	NSCLC	Visium	ambiguous_or_low_signal	ambiguous_or_low_signal	WNT5A	FZD5	WNT	8.46204169591693e-05	2982	2982	2.5
commot_pilot_v1	GSE292299	GSM8855713_NSCLC_P11	NSCLC	Visium	tumor_like	tumor_like	EGF	EGFR	EGF/ERBB	0.0002151485245886365	8364	8364	2.5
commot_pilot_v1	GSE292299	GSM8855713_NSCLC_P11	NSCLC	Visium	tumor_like	immune	EGF	EGFR	EGF/ERBB	4.633855187770691e-06	8364	270	2.5
commot_pilot_v1	GSE292299	GSM8855713_NSCLC_P11	NSCLC	Visium	tumor_like	stroma_fibroblast	EGF	EGFR	EGF/ERBB	1.6576643891167132e-06	8364	1586	2.5
commot_pilot_v1	GSE292299	GSM8855713_NSCLC_P11	NSCLC	Visium	tumor_like	ambiguous_or_low_signal	EGF	EGFR	EGF/ERBB	2.3738121785079297e-05	8364	2982	2.5
commot_pilot_v1	GSE292299	GSM8855713_NSCLC_P11	NSCLC	Visium	immune	tumor_like	EGF	EGFR	EGF/ERBB	5.889766960043946e-06	270	8364	2.5
commot_pilot_v1	GSE292299	GSM8855713_NSCLC_P11	NSCLC	Visium	immune	immune	EGF	EGFR	EGF/ERBB	0.0002559714208802454	270	270	2.5
commot_pilot_v1	GSE292299	GSM8855713_NSCLC_P11	NSCLC	Visium	immune	stroma_fibroblast	EGF	EGFR	EGF/ERBB	2.016528939215534e-06	270	1586	2.5
commot_pilot_v1	GSE292299	GSM8855713_NSCLC_P11	NSCLC	Visium	immune	ambiguous_or_low_signal	EGF	EGFR	EGF/ERBB	1.8068988808192868e-05	270	2982	2.5
commot_pilot_v1	GSE292299	GSM8855713_NSCLC_P11	NSCLC	Visium	stroma_fibroblast	tumor_like	EGF	EGFR	EGF/ERBB	1.0223336024621484e-06	1586	8364	2.5
commot_pilot_v1	GSE292299	GSM8855713_NSCLC_P11	NSCLC	Visium	stroma_fibroblast	immune	EGF	EGFR	EGF/ERBB	2.6895893586578322e-06	1586	270	2.5
commot_pilot_v1	GSE292299	GSM8855713_NSCLC_P11	NSCLC	Visium	stroma_fibroblast	stroma_fibroblast	EGF	EGFR	EGF/ERBB	6.163679420477367e-05	1586	1586	2.5
commot_pilot_v1	GSE292299	GSM8855713_NSCLC_P11	NSCLC	Visium	stroma_fibroblast	ambiguous_or_low_signal	EGF	EGFR	EGF/ERBB	1.0067436632570405e-05	1586	2982	2.5
commot_pilot_v1	GSE292299	GSM8855713_NSCLC_P11	NSCLC	Visium	ambiguous_or_low_signal	tumor_like	EGF	EGFR	EGF/ERBB	2.1402912366363316e-05	2982	8364	2.5
commot_pilot_v1	GSE292299	GSM8855713_NSCLC_P11	NSCLC	Visium	ambiguous_or_low_signal	immune	EGF	EGFR	EGF/ERBB	1.2540214052016792e-05	2982	270	2.5
commot_pilot_v1	GSE292299	GSM8855713_NSCLC_P11	NSCLC	Visium	ambiguous_or_low_signal	stroma_fibroblast	EGF	EGFR	EGF/ERBB	8.389453932555219e-06	2982	1586	2.5
commot_pilot_v1	GSE292299	GSM8855713_NSCLC_P11	NSCLC	Visium	ambiguous_or_low_signal	ambiguous_or_low_signal	EGF	EGFR	EGF/ERBB	0.00011886117948204002	2982	2982	2.5
commot_pilot_v1	GSE292299	GSM8855713_NSCLC_P11	NSCLC	Visium	tumor_like	tumor_like	HBEGF	EGFR	EGF/ERBB	3.2904297769550616e-05	8364	8364	2.5
commot_pilot_v1	GSE292299	GSM8855713_NSCLC_P11	NSCLC	Visium	tumor_like	immune	HBEGF	EGFR	EGF/ERBB	4.6448497563690354e-07	8364	270	2.5
commot_pilot_v1	GSE292299	GSM8855713_NSCLC_P11	NSCLC	Visium	tumor_like	stroma_fibroblast	HBEGF	EGFR	EGF/ERBB	1.9925497583196522e-07	8364	1586	2.5
commot_pilot_v1	GSE292299	GSM8855713_NSCLC_P11	NSCLC	Visium	tumor_like	ambiguous_or_low_signal	HBEGF	EGFR	EGF/ERBB	3.060681178034063e-06	8364	2982	2.5
commot_pilot_v1	GSE292299	GSM8855713_NSCLC_P11	NSCLC	Visium	immune	tumor_like	HBEGF	EGFR	EGF/ERBB	1.171000057398728e-06	270	8364	2.5
commot_pilot_v1	GSE292299	GSM8855713_NSCLC_P11	NSCLC	Visium	immune	immune	HBEGF	EGFR	EGF/ERBB	0.00010375240637442225	270	270	2.5
commot_pilot_v1	GSE292299	GSM8855713_NSCLC_P11	NSCLC	Visium	immune	stroma_fibroblast	HBEGF	EGFR	EGF/ERBB	9.090273126606352e-08	270	1586	2.5
commot_pilot_v1	GSE292299	GSM8855713_NSCLC_P11	NSCLC	Visium	immune	ambiguous_or_low_signal	HBEGF	EGFR	EGF/ERBB	9.888779848768442e-06	270	2982	2.5
commot_pilot_v1	GSE292299	GSM8855713_NSCLC_P11	NSCLC	Visium	stroma_fibroblast	tumor_like	HBEGF	EGFR	EGF/ERBB	1.9590648828185115e-06	1586	8364	2.5
commot_pilot_v1	GSE292299	GSM8855713_NSCLC_P11	NSCLC	Visium	stroma_fibroblast	stroma_fibroblast	HBEGF	EGFR	EGF/ERBB	7.059265475089989e-05	1586	1586	2.5
commot_pilot_v1	GSE292299	GSM8855713_NSCLC_P11	NSCLC	Visium	stroma_fibroblast	ambiguous_or_low_signal	HBEGF	EGFR	EGF/ERBB	1.091054147636715e-05	1586	2982	2.5
commot_pilot_v1	GSE292299	GSM8855713_NSCLC_P11	NSCLC	Visium	ambiguous_or_low_signal	tumor_like	HBEGF	EGFR	EGF/ERBB	7.44982955728171e-06	2982	8364	2.5
commot_pilot_v1	GSE292299	GSM8855713_NSCLC_P11	NSCLC	Visium	ambiguous_or_low_signal	immune	HBEGF	EGFR	EGF/ERBB	1.08113112070204e-05	2982	270	2.5
commot_pilot_v1	GSE292299	GSM8855713_NSCLC_P11	NSCLC	Visium	ambiguous_or_low_signal	stroma_fibroblast	HBEGF	EGFR	EGF/ERBB	4.8291010878610355e-06	2982	1586	2.5
commot_pilot_v1	GSE292299	GSM8855713_NSCLC_P11	NSCLC	Visium	ambiguous_or_low_signal	ambiguous_or_low_signal	HBEGF	EGFR	EGF/ERBB	4.797646558363431e-05	2982	2982	2.5
commot_pilot_v1	GSE292299	GSM8855713_NSCLC_P11	NSCLC	Visium	tumor_like	tumor_like	COL1A1	ITGA2	ECM-integrin	7.306706053247643e-05	8364	8364	2.5
commot_pilot_v1	GSE292299	GSM8855713_NSCLC_P11	NSCLC	Visium	tumor_like	immune	COL1A1	ITGA2	ECM-integrin	2.980530237661367e-07	8364	270	2.5
commot_pilot_v1	GSE292299	GSM8855713_NSCLC_P11	NSCLC	Visium	tumor_like	stroma_fibroblast	COL1A1	ITGA2	ECM-integrin	2.536066129851074e-09	8364	1586	2.5
commot_pilot_v1	GSE292299	GSM8855713_NSCLC_P11	NSCLC	Visium	tumor_like	ambiguous_or_low_signal	COL1A1	ITGA2	ECM-integrin	1.1379841048205302e-07	8364	2982	2.5
commot_pilot_v1	GSE292299	GSM8855713_NSCLC_P11	NSCLC	Visium	immune	tumor_like	COL1A1	ITGA2	ECM-integrin	1.3366649768833645e-08	270	8364	2.5
commot_pilot_v1	GSE292299	GSM8855713_NSCLC_P11	NSCLC	Visium	immune	immune	COL1A1	ITGA2	ECM-integrin	0.0002751952928001398	270	270	2.5
commot_pilot_v1	GSE292299	GSM8855713_NSCLC_P11	NSCLC	Visium	immune	stroma_fibroblast	COL1A1	ITGA2	ECM-integrin	8.50938326274642e-08	270	1586	2.5
commot_pilot_v1	GSE292299	GSM8855713_NSCLC_P11	NSCLC	Visium	immune	ambiguous_or_low_signal	COL1A1	ITGA2	ECM-integrin	9.005929037056272e-07	270	2982	2.5
commot_pilot_v1	GSE292299	GSM8855713_NSCLC_P11	NSCLC	Visium	stroma_fibroblast	tumor_like	COL1A1	ITGA2	ECM-integrin	5.6290350494929427e-08	1586	8364	2.5
commot_pilot_v1	GSE292299	GSM8855713_NSCLC_P11	NSCLC	Visium	stroma_fibroblast	immune	COL1A1	ITGA2	ECM-integrin	1.719758799142807e-07	1586	270	2.5
commot_pilot_v1	GSE292299	GSM8855713_NSCLC_P11	NSCLC	Visium	stroma_fibroblast	stroma_fibroblast	COL1A1	ITGA2	ECM-integrin	0.00010167795065225505	1586	1586	2.5
commot_pilot_v1	GSE292299	GSM8855713_NSCLC_P11	NSCLC	Visium	stroma_fibroblast	ambiguous_or_low_signal	COL1A1	ITGA2	ECM-integrin	4.74586306310916e-07	1586	2982	2.5
commot_pilot_v1	GSE292299	GSM8855713_NSCLC_P11	NSCLC	Visium	ambiguous_or_low_signal	tumor_like	COL1A1	ITGA2	ECM-integrin	2.6893297769367256e-07	2982	8364	2.5
commot_pilot_v1	GSE292299	GSM8855713_NSCLC_P11	NSCLC	Visium	ambiguous_or_low_signal	immune	COL1A1	ITGA2	ECM-integrin	1.4799071727430465e-06	2982	270	2.5
commot_pilot_v1	GSE292299	GSM8855713_NSCLC_P11	NSCLC	Visium	ambiguous_or_low_signal	stroma_fibroblast	COL1A1	ITGA2	ECM-integrin	3.586230961558243e-08	2982	1586	2.5
commot_pilot_v1	GSE292299	GSM8855713_NSCLC_P11	NSCLC	Visium	ambiguous_or_low_signal	ambiguous_or_low_signal	COL1A1	ITGA2	ECM-integrin	0.00010168231233324775	2982	2982	2.5
commot_pilot_v1	GSE292299	GSM8855714_NSCLC_P12	NSCLC	Visium	tumor_like	tumor_like	TGFB1	TGFBR1	TGFB	0.000672342265726139	64	64	2.5
commot_pilot_v1	GSE292299	GSM8855714_NSCLC_P12	NSCLC	Visium	tumor_like	stroma_fibroblast	TGFB1	TGFBR1	TGFB	1.8648034400531518e-05	64	1594	2.5
commot_pilot_v1	GSE292299	GSM8855714_NSCLC_P12	NSCLC	Visium	tumor_like	ambiguous_or_low_signal	TGFB1	TGFBR1	TGFB	4.5492733391147004e-05	64	385	2.5
commot_pilot_v1	GSE292299	GSM8855714_NSCLC_P12	NSCLC	Visium	immune	immune	TGFB1	TGFBR1	TGFB	0.0006745478290826751	80	80	2.5
commot_pilot_v1	GSE292299	GSM8855714_NSCLC_P12	NSCLC	Visium	immune	stroma_fibroblast	TGFB1	TGFBR1	TGFB	3.1376931014950796e-06	80	1594	2.5
commot_pilot_v1	GSE292299	GSM8855714_NSCLC_P12	NSCLC	Visium	immune	ambiguous_or_low_signal	TGFB1	TGFBR1	TGFB	0.0001969742940897303	80	385	2.5
commot_pilot_v1	GSE292299	GSM8855714_NSCLC_P12	NSCLC	Visium	stroma_fibroblast	tumor_like	TGFB1	TGFBR1	TGFB	9.318173983890083e-06	1594	64	2.5
commot_pilot_v1	GSE292299	GSM8855714_NSCLC_P12	NSCLC	Visium	stroma_fibroblast	immune	TGFB1	TGFBR1	TGFB	1.9274088690096325e-07	1594	80	2.5
commot_pilot_v1	GSE292299	GSM8855714_NSCLC_P12	NSCLC	Visium	stroma_fibroblast	stroma_fibroblast	TGFB1	TGFBR1	TGFB	0.00010816103922940974	1594	1594	2.5
commot_pilot_v1	GSE292299	GSM8855714_NSCLC_P12	NSCLC	Visium	stroma_fibroblast	ambiguous_or_low_signal	TGFB1	TGFBR1	TGFB	2.1065051749840198e-05	1594	385	2.5
commot_pilot_v1	GSE292299	GSM8855714_NSCLC_P12	NSCLC	Visium	ambiguous_or_low_signal	tumor_like	TGFB1	TGFBR1	TGFB	4.7202126101492556e-05	385	64	2.5
commot_pilot_v1	GSE292299	GSM8855714_NSCLC_P12	NSCLC	Visium	ambiguous_or_low_signal	immune	TGFB1	TGFBR1	TGFB	0.00010167521406156226	385	80	2.5
commot_pilot_v1	GSE292299	GSM8855714_NSCLC_P12	NSCLC	Visium	ambiguous_or_low_signal	stroma_fibroblast	TGFB1	TGFBR1	TGFB	2.250364053311314e-05	385	1594	2.5
commot_pilot_v1	GSE292299	GSM8855714_NSCLC_P12	NSCLC	Visium	ambiguous_or_low_signal	ambiguous_or_low_signal	TGFB1	TGFBR1	TGFB	0.00039150409522283785	385	385	2.5
commot_pilot_v1	GSE292299	GSM8855714_NSCLC_P12	NSCLC	Visium	tumor_like	tumor_like	TGFB1	TGFBR2	TGFB	0.002469369702990031	64	64	2.5
commot_pilot_v1	GSE292299	GSM8855714_NSCLC_P12	NSCLC	Visium	tumor_like	stroma_fibroblast	TGFB1	TGFBR2	TGFB	3.1018566940369777e-07	64	1594	2.5
commot_pilot_v1	GSE292299	GSM8855714_NSCLC_P12	NSCLC	Visium	tumor_like	ambiguous_or_low_signal	TGFB1	TGFBR2	TGFB	2.3398544434033292e-05	64	385	2.5
commot_pilot_v1	GSE292299	GSM8855714_NSCLC_P12	NSCLC	Visium	immune	immune	TGFB1	TGFBR2	TGFB	0.0029716944641527067	80	80	2.5
commot_pilot_v1	GSE292299	GSM8855714_NSCLC_P12	NSCLC	Visium	immune	stroma_fibroblast	TGFB1	TGFBR2	TGFB	5.192930503159566e-06	80	1594	2.5
commot_pilot_v1	GSE292299	GSM8855714_NSCLC_P12	NSCLC	Visium	immune	ambiguous_or_low_signal	TGFB1	TGFBR2	TGFB	1.2720265294882732e-05	80	385	2.5
commot_pilot_v1	GSE292299	GSM8855714_NSCLC_P12	NSCLC	Visium	stroma_fibroblast	tumor_like	TGFB1	TGFBR2	TGFB	3.315150571538317e-06	1594	64	2.5
commot_pilot_v1	GSE292299	GSM8855714_NSCLC_P12	NSCLC	Visium	stroma_fibroblast	immune	TGFB1	TGFBR2	TGFB	1.1067051659526153e-06	1594	80	2.5
commot_pilot_v1	GSE292299	GSM8855714_NSCLC_P12	NSCLC	Visium	stroma_fibroblast	stroma_fibroblast	TGFB1	TGFBR2	TGFB	0.00016210727733857654	1594	1594	2.5
commot_pilot_v1	GSE292299	GSM8855714_NSCLC_P12	NSCLC	Visium	stroma_fibroblast	ambiguous_or_low_signal	TGFB1	TGFBR2	TGFB	1.3134940070278549e-05	1594	385	2.5
commot_pilot_v1	GSE292299	GSM8855714_NSCLC_P12	NSCLC	Visium	ambiguous_or_low_signal	tumor_like	TGFB1	TGFBR2	TGFB	5.193307948917881e-05	385	64	2.5
commot_pilot_v1	GSE292299	GSM8855714_NSCLC_P12	NSCLC	Visium	ambiguous_or_low_signal	immune	TGFB1	TGFBR2	TGFB	1.9907349847599174e-06	385	80	2.5
commot_pilot_v1	GSE292299	GSM8855714_NSCLC_P12	NSCLC	Visium	ambiguous_or_low_signal	stroma_fibroblast	TGFB1	TGFBR2	TGFB	7.099624090707615e-06	385	1594	2.5
commot_pilot_v1	GSE292299	GSM8855714_NSCLC_P12	NSCLC	Visium	ambiguous_or_low_signal	endothelial	TGFB1	TGFBR2	TGFB	4.4676275654406186e-07	385	8	2.5
commot_pilot_v1	GSE292299	GSM8855714_NSCLC_P12	NSCLC	Visium	ambiguous_or_low_signal	ambiguous_or_low_signal	TGFB1	TGFBR2	TGFB	0.0007873897599073784	385	385	2.5
commot_pilot_v1	GSE292299	GSM8855714_NSCLC_P12	NSCLC	Visium	tumor_like	tumor_like	CXCL12	CXCR4	CXCL chemokine	0.0021998138321813092	64	64	2.5
commot_pilot_v1	GSE292299	GSM8855714_NSCLC_P12	NSCLC	Visium	tumor_like	stroma_fibroblast	CXCL12	CXCR4	CXCL chemokine	8.849753363477208e-05	64	1594	2.5
commot_pilot_v1	GSE292299	GSM8855714_NSCLC_P12	NSCLC	Visium	tumor_like	ambiguous_or_low_signal	CXCL12	CXCR4	CXCL chemokine	0.0002719135692665341	64	385	2.5
commot_pilot_v1	GSE292299	GSM8855714_NSCLC_P12	NSCLC	Visium	immune	immune	CXCL12	CXCR4	CXCL chemokine	0.0016369006886525722	80	80	2.5
commot_pilot_v1	GSE292299	GSM8855714_NSCLC_P12	NSCLC	Visium	immune	stroma_fibroblast	CXCL12	CXCR4	CXCL chemokine	5.2006748057994794e-08	80	1594	2.5
commot_pilot_v1	GSE292299	GSM8855714_NSCLC_P12	NSCLC	Visium	immune	ambiguous_or_low_signal	CXCL12	CXCR4	CXCL chemokine	0.0002094240542978592	80	385	2.5
commot_pilot_v1	GSE292299	GSM8855714_NSCLC_P12	NSCLC	Visium	stroma_fibroblast	tumor_like	CXCL12	CXCR4	CXCL chemokine	4.720954829292075e-05	1594	64	2.5
commot_pilot_v1	GSE292299	GSM8855714_NSCLC_P12	NSCLC	Visium	stroma_fibroblast	immune	CXCL12	CXCR4	CXCL chemokine	3.078029407702777e-05	1594	80	2.5
commot_pilot_v1	GSE292299	GSM8855714_NSCLC_P12	NSCLC	Visium	stroma_fibroblast	stroma_fibroblast	CXCL12	CXCR4	CXCL chemokine	0.00038453366192444305	1594	1594	2.5
commot_pilot_v1	GSE292299	GSM8855714_NSCLC_P12	NSCLC	Visium	stroma_fibroblast	ambiguous_or_low_signal	CXCL12	CXCR4	CXCL chemokine	7.708754723256469e-05	1594	385	2.5
commot_pilot_v1	GSE292299	GSM8855714_NSCLC_P12	NSCLC	Visium	ambiguous_or_low_signal	tumor_like	CXCL12	CXCR4	CXCL chemokine	0.00025804338393757087	385	64	2.5
commot_pilot_v1	GSE292299	GSM8855714_NSCLC_P12	NSCLC	Visium	ambiguous_or_low_signal	immune	CXCL12	CXCR4	CXCL chemokine	0.00030793023107024154	385	80	2.5
commot_pilot_v1	GSE292299	GSM8855714_NSCLC_P12	NSCLC	Visium	ambiguous_or_low_signal	stroma_fibroblast	CXCL12	CXCR4	CXCL chemokine	8.5744926071465e-05	385	1594	2.5
commot_pilot_v1	GSE292299	GSM8855714_NSCLC_P12	NSCLC	Visium	ambiguous_or_low_signal	ambiguous_or_low_signal	CXCL12	CXCR4	CXCL chemokine	0.0008559805412139396	385	385	2.5
commot_pilot_v1	GSE292299	GSM8855714_NSCLC_P12	NSCLC	Visium	tumor_like	tumor_like	CXCL9	CXCR3	CXCL chemokine	0.00024308099876376308	64	64	2.5
commot_pilot_v1	GSE292299	GSM8855714_NSCLC_P12	NSCLC	Visium	tumor_like	stroma_fibroblast	CXCL9	CXCR3	CXCL chemokine	9.802383939774152e-06	64	1594	2.5
commot_pilot_v1	GSE292299	GSM8855714_NSCLC_P12	NSCLC	Visium	tumor_like	ambiguous_or_low_signal	CXCL9	CXCR3	CXCL chemokine	3.4295018833689726e-08	64	385	2.5
commot_pilot_v1	GSE292299	GSM8855714_NSCLC_P12	NSCLC	Visium	immune	immune	CXCL9	CXCR3	CXCL chemokine	0.0002831251559692671	80	80	2.5
commot_pilot_v1	GSE292299	GSM8855714_NSCLC_P12	NSCLC	Visium	immune	ambiguous_or_low_signal	CXCL9	CXCR3	CXCL chemokine	6.103863689599653e-06	80	385	2.5
commot_pilot_v1	GSE292299	GSM8855714_NSCLC_P12	NSCLC	Visium	stroma_fibroblast	tumor_like	CXCL9	CXCR3	CXCL chemokine	1.3231267829583553e-09	1594	64	2.5
commot_pilot_v1	GSE292299	GSM8855714_NSCLC_P12	NSCLC	Visium	stroma_fibroblast	immune	CXCL9	CXCR3	CXCL chemokine	1.472594086983868e-06	1594	80	2.5
commot_pilot_v1	GSE292299	GSM8855714_NSCLC_P12	NSCLC	Visium	stroma_fibroblast	stroma_fibroblast	CXCL9	CXCR3	CXCL chemokine	2.3589286490993954e-05	1594	1594	2.5
commot_pilot_v1	GSE292299	GSM8855714_NSCLC_P12	NSCLC	Visium	stroma_fibroblast	ambiguous_or_low_signal	CXCL9	CXCR3	CXCL chemokine	7.866994632560955e-06	1594	385	2.5
commot_pilot_v1	GSE292299	GSM8855714_NSCLC_P12	NSCLC	Visium	ambiguous_or_low_signal	tumor_like	CXCL9	CXCR3	CXCL chemokine	1.7066757149932008e-07	385	64	2.5
commot_pilot_v1	GSE292299	GSM8855714_NSCLC_P12	NSCLC	Visium	ambiguous_or_low_signal	immune	CXCL9	CXCR3	CXCL chemokine	3.247447415014662e-05	385	80	2.5
commot_pilot_v1	GSE292299	GSM8855714_NSCLC_P12	NSCLC	Visium	ambiguous_or_low_signal	stroma_fibroblast	CXCL9	CXCR3	CXCL chemokine	4.991921563780014e-06	385	1594	2.5
commot_pilot_v1	GSE292299	GSM8855714_NSCLC_P12	NSCLC	Visium	ambiguous_or_low_signal	ambiguous_or_low_signal	CXCL9	CXCR3	CXCL chemokine	7.409856659160012e-05	385	385	2.5
commot_pilot_v1	GSE292299	GSM8855714_NSCLC_P12	NSCLC	Visium	tumor_like	tumor_like	CCL2	CCR2	CCL chemokine	0.0004877415603845961	64	64	2.5
commot_pilot_v1	GSE292299	GSM8855714_NSCLC_P12	NSCLC	Visium	tumor_like	stroma_fibroblast	CCL2	CCR2	CCL chemokine	8.980161359807669e-06	64	1594	2.5
commot_pilot_v1	GSE292299	GSM8855714_NSCLC_P12	NSCLC	Visium	tumor_like	ambiguous_or_low_signal	CCL2	CCR2	CCL chemokine	5.632815216248519e-05	64	385	2.5
commot_pilot_v1	GSE292299	GSM8855714_NSCLC_P12	NSCLC	Visium	immune	immune	CCL2	CCR2	CCL chemokine	0.00031168238307447847	80	80	2.5
commot_pilot_v1	GSE292299	GSM8855714_NSCLC_P12	NSCLC	Visium	immune	stroma_fibroblast	CCL2	CCR2	CCL chemokine	4.9924815953558147e-11	80	1594	2.5
commot_pilot_v1	GSE292299	GSM8855714_NSCLC_P12	NSCLC	Visium	immune	ambiguous_or_low_signal	CCL2	CCR2	CCL chemokine	0.00010816844798637533	80	385	2.5
commot_pilot_v1	GSE292299	GSM8855714_NSCLC_P12	NSCLC	Visium	stroma_fibroblast	tumor_like	CCL2	CCR2	CCL chemokine	5.684925575708586e-10	1594	64	2.5
commot_pilot_v1	GSE292299	GSM8855714_NSCLC_P12	NSCLC	Visium	stroma_fibroblast	immune	CCL2	CCR2	CCL chemokine	4.729507780087152e-09	1594	80	2.5
commot_pilot_v1	GSE292299	GSM8855714_NSCLC_P12	NSCLC	Visium	stroma_fibroblast	stroma_fibroblast	CCL2	CCR2	CCL chemokine	4.868016905582034e-05	1594	1594	2.5
commot_pilot_v1	GSE292299	GSM8855714_NSCLC_P12	NSCLC	Visium	stroma_fibroblast	ambiguous_or_low_signal	CCL2	CCR2	CCL chemokine	1.0777035819886615e-05	1594	385	2.5
commot_pilot_v1	GSE292299	GSM8855714_NSCLC_P12	NSCLC	Visium	ambiguous_or_low_signal	tumor_like	CCL2	CCR2	CCL chemokine	8.736093051706805e-08	385	64	2.5
commot_pilot_v1	GSE292299	GSM8855714_NSCLC_P12	NSCLC	Visium	ambiguous_or_low_signal	immune	CCL2	CCR2	CCL chemokine	3.261784550296205e-05	385	80	2.5
commot_pilot_v1	GSE292299	GSM8855714_NSCLC_P12	NSCLC	Visium	ambiguous_or_low_signal	stroma_fibroblast	CCL2	CCR2	CCL chemokine	1.3680437141215413e-05	385	1594	2.5
commot_pilot_v1	GSE292299	GSM8855714_NSCLC_P12	NSCLC	Visium	ambiguous_or_low_signal	ambiguous_or_low_signal	CCL2	CCR2	CCL chemokine	0.0001799070805898457	385	385	2.5
commot_pilot_v1	GSE292299	GSM8855714_NSCLC_P12	NSCLC	Visium	tumor_like	tumor_like	VEGFA	KDR	VEGF	0.0068199237035534745	64	64	2.5
commot_pilot_v1	GSE292299	GSM8855714_NSCLC_P12	NSCLC	Visium	tumor_like	stroma_fibroblast	VEGFA	KDR	VEGF	2.3774539292161217e-05	64	1594	2.5
commot_pilot_v1	GSE292299	GSM8855714_NSCLC_P12	NSCLC	Visium	tumor_like	ambiguous_or_low_signal	VEGFA	KDR	VEGF	6.123495927776279e-05	64	385	2.5
commot_pilot_v1	GSE292299	GSM8855714_NSCLC_P12	NSCLC	Visium	immune	immune	VEGFA	KDR	VEGF	0.0013162559793633948	80	80	2.5
commot_pilot_v1	GSE292299	GSM8855714_NSCLC_P12	NSCLC	Visium	immune	stroma_fibroblast	VEGFA	KDR	VEGF	7.861954835858427e-06	80	1594	2.5
commot_pilot_v1	GSE292299	GSM8855714_NSCLC_P12	NSCLC	Visium	immune	ambiguous_or_low_signal	VEGFA	KDR	VEGF	4.163074409356071e-05	80	385	2.5
commot_pilot_v1	GSE292299	GSM8855714_NSCLC_P12	NSCLC	Visium	stroma_fibroblast	tumor_like	VEGFA	KDR	VEGF	1.4766159507083856e-07	1594	64	2.5
commot_pilot_v1	GSE292299	GSM8855714_NSCLC_P12	NSCLC	Visium	stroma_fibroblast	immune	VEGFA	KDR	VEGF	5.661017326790804e-07	1594	80	2.5
commot_pilot_v1	GSE292299	GSM8855714_NSCLC_P12	NSCLC	Visium	stroma_fibroblast	stroma_fibroblast	VEGFA	KDR	VEGF	0.0002823208987165715	1594	1594	2.5
commot_pilot_v1	GSE292299	GSM8855714_NSCLC_P12	NSCLC	Visium	stroma_fibroblast	ambiguous_or_low_signal	VEGFA	KDR	VEGF	2.736891212747287e-05	1594	385	2.5
commot_pilot_v1	GSE292299	GSM8855714_NSCLC_P12	NSCLC	Visium	endothelial	endothelial	VEGFA	KDR	VEGF	0.015625000000000007	8	8	2.5
commot_pilot_v1	GSE292299	GSM8855714_NSCLC_P12	NSCLC	Visium	ambiguous_or_low_signal	tumor_like	VEGFA	KDR	VEGF	2.0506763377544105e-06	385	64	2.5
commot_pilot_v1	GSE292299	GSM8855714_NSCLC_P12	NSCLC	Visium	ambiguous_or_low_signal	immune	VEGFA	KDR	VEGF	4.3616165777255974e-05	385	80	2.5
commot_pilot_v1	GSE292299	GSM8855714_NSCLC_P12	NSCLC	Visium	ambiguous_or_low_signal	stroma_fibroblast	VEGFA	KDR	VEGF	4.919539704488393e-05	385	1594	2.5
commot_pilot_v1	GSE292299	GSM8855714_NSCLC_P12	NSCLC	Visium	ambiguous_or_low_signal	ambiguous_or_low_signal	VEGFA	KDR	VEGF	0.0015491586189085146	385	385	2.5
commot_pilot_v1	GSE292299	GSM8855714_NSCLC_P12	NSCLC	Visium	tumor_like	tumor_like	SPP1	CD44	SPP1	0.008641911215072292	64	64	2.5
commot_pilot_v1	GSE292299	GSM8855714_NSCLC_P12	NSCLC	Visium	tumor_like	stroma_fibroblast	SPP1	CD44	SPP1	4.919103171014133e-06	64	1594	2.5
commot_pilot_v1	GSE292299	GSM8855714_NSCLC_P12	NSCLC	Visium	tumor_like	ambiguous_or_low_signal	SPP1	CD44	SPP1	0.00028441660822304827	64	385	2.5
commot_pilot_v1	GSE292299	GSM8855714_NSCLC_P12	NSCLC	Visium	immune	immune	SPP1	CD44	SPP1	0.0012038676916178762	80	80	2.5
commot_pilot_v1	GSE292299	GSM8855714_NSCLC_P12	NSCLC	Visium	immune	stroma_fibroblast	SPP1	CD44	SPP1	3.212672007879336e-05	80	1594	2.5
commot_pilot_v1	GSE292299	GSM8855714_NSCLC_P12	NSCLC	Visium	immune	ambiguous_or_low_signal	SPP1	CD44	SPP1	2.461379481492841e-05	80	385	2.5
commot_pilot_v1	GSE292299	GSM8855714_NSCLC_P12	NSCLC	Visium	stroma_fibroblast	tumor_like	SPP1	CD44	SPP1	3.679608065677744e-05	1594	64	2.5
commot_pilot_v1	GSE292299	GSM8855714_NSCLC_P12	NSCLC	Visium	stroma_fibroblast	immune	SPP1	CD44	SPP1	7.672637217243202e-06	1594	80	2.5
commot_pilot_v1	GSE292299	GSM8855714_NSCLC_P12	NSCLC	Visium	stroma_fibroblast	stroma_fibroblast	SPP1	CD44	SPP1	0.0006087281750748734	1594	1594	2.5
commot_pilot_v1	GSE292299	GSM8855714_NSCLC_P12	NSCLC	Visium	stroma_fibroblast	ambiguous_or_low_signal	SPP1	CD44	SPP1	4.283038207476098e-05	1594	385	2.5
commot_pilot_v1	GSE292299	GSM8855714_NSCLC_P12	NSCLC	Visium	ambiguous_or_low_signal	tumor_like	SPP1	CD44	SPP1	0.00045332261489698227	385	64	2.5
commot_pilot_v1	GSE292299	GSM8855714_NSCLC_P12	NSCLC	Visium	ambiguous_or_low_signal	immune	SPP1	CD44	SPP1	0.00011103917431061583	385	80	2.5
commot_pilot_v1	GSE292299	GSM8855714_NSCLC_P12	NSCLC	Visium	ambiguous_or_low_signal	stroma_fibroblast	SPP1	CD44	SPP1	4.9387905727427845e-05	385	1594	2.5
commot_pilot_v1	GSE292299	GSM8855714_NSCLC_P12	NSCLC	Visium	ambiguous_or_low_signal	endothelial	SPP1	CD44	SPP1	0.00033185457094454796	385	8	2.5
commot_pilot_v1	GSE292299	GSM8855714_NSCLC_P12	NSCLC	Visium	ambiguous_or_low_signal	ambiguous_or_low_signal	SPP1	CD44	SPP1	0.0017543170522578743	385	385	2.5
commot_pilot_v1	GSE292299	GSM8855714_NSCLC_P12	NSCLC	Visium	tumor_like	tumor_like	SPP1	ITGAV	SPP1	0.00501999016897503	64	64	2.5
commot_pilot_v1	GSE292299	GSM8855714_NSCLC_P12	NSCLC	Visium	tumor_like	stroma_fibroblast	SPP1	ITGAV	SPP1	3.381898072882313e-05	64	1594	2.5
commot_pilot_v1	GSE292299	GSM8855714_NSCLC_P12	NSCLC	Visium	tumor_like	ambiguous_or_low_signal	SPP1	ITGAV	SPP1	0.00013885778617789846	64	385	2.5
commot_pilot_v1	GSE292299	GSM8855714_NSCLC_P12	NSCLC	Visium	immune	immune	SPP1	ITGAV	SPP1	0.000872661443354616	80	80	2.5
commot_pilot_v1	GSE292299	GSM8855714_NSCLC_P12	NSCLC	Visium	immune	stroma_fibroblast	SPP1	ITGAV	SPP1	3.2552018007232097e-10	80	1594	2.5
commot_pilot_v1	GSE292299	GSM8855714_NSCLC_P12	NSCLC	Visium	immune	ambiguous_or_low_signal	SPP1	ITGAV	SPP1	1.6143518165384465e-05	80	385	2.5
commot_pilot_v1	GSE292299	GSM8855714_NSCLC_P12	NSCLC	Visium	stroma_fibroblast	tumor_like	SPP1	ITGAV	SPP1	3.196446042237461e-05	1594	64	2.5
commot_pilot_v1	GSE292299	GSM8855714_NSCLC_P12	NSCLC	Visium	stroma_fibroblast	immune	SPP1	ITGAV	SPP1	1.0885083778286556e-05	1594	80	2.5
commot_pilot_v1	GSE292299	GSM8855714_NSCLC_P12	NSCLC	Visium	stroma_fibroblast	stroma_fibroblast	SPP1	ITGAV	SPP1	0.0003708313661938041	1594	1594	2.5
commot_pilot_v1	GSE292299	GSM8855714_NSCLC_P12	NSCLC	Visium	stroma_fibroblast	ambiguous_or_low_signal	SPP1	ITGAV	SPP1	2.546732241546581e-05	1594	385	2.5
commot_pilot_v1	GSE292299	GSM8855714_NSCLC_P12	NSCLC	Visium	ambiguous_or_low_signal	tumor_like	SPP1	ITGAV	SPP1	0.00029558126914236074	385	64	2.5
commot_pilot_v1	GSE292299	GSM8855714_NSCLC_P12	NSCLC	Visium	ambiguous_or_low_signal	immune	SPP1	ITGAV	SPP1	3.531496373415825e-05	385	80	2.5
commot_pilot_v1	GSE292299	GSM8855714_NSCLC_P12	NSCLC	Visium	ambiguous_or_low_signal	stroma_fibroblast	SPP1	ITGAV	SPP1	4.529896691929848e-05	385	1594	2.5
commot_pilot_v1	GSE292299	GSM8855714_NSCLC_P12	NSCLC	Visium	ambiguous_or_low_signal	ambiguous_or_low_signal	SPP1	ITGAV	SPP1	0.0009121123443963893	385	385	2.5
commot_pilot_v1	GSE292299	GSM8855714_NSCLC_P12	NSCLC	Visium	tumor_like	tumor_like	MIF	CD74	MIF	0.011769719919525055	64	64	2.5
commot_pilot_v1	GSE292299	GSM8855714_NSCLC_P12	NSCLC	Visium	tumor_like	stroma_fibroblast	MIF	CD74	MIF	1.0744736239029866e-05	64	1594	2.5
commot_pilot_v1	GSE292299	GSM8855714_NSCLC_P12	NSCLC	Visium	tumor_like	ambiguous_or_low_signal	MIF	CD74	MIF	2.8209910611382398e-05	64	385	2.5
commot_pilot_v1	GSE292299	GSM8855714_NSCLC_P12	NSCLC	Visium	immune	immune	MIF	CD74	MIF	0.0038974540754936836	80	80	2.5
commot_pilot_v1	GSE292299	GSM8855714_NSCLC_P12	NSCLC	Visium	immune	stroma_fibroblast	MIF	CD74	MIF	7.950149381097158e-06	80	1594	2.5
commot_pilot_v1	GSE292299	GSM8855714_NSCLC_P12	NSCLC	Visium	immune	ambiguous_or_low_signal	MIF	CD74	MIF	1.3795951327695864e-06	80	385	2.5
commot_pilot_v1	GSE292299	GSM8855714_NSCLC_P12	NSCLC	Visium	stroma_fibroblast	tumor_like	MIF	CD74	MIF	3.1720027314692395e-07	1594	64	2.5
commot_pilot_v1	GSE292299	GSM8855714_NSCLC_P12	NSCLC	Visium	stroma_fibroblast	immune	MIF	CD74	MIF	1.897159017257669e-07	1594	80	2.5
commot_pilot_v1	GSE292299	GSM8855714_NSCLC_P12	NSCLC	Visium	stroma_fibroblast	stroma_fibroblast	MIF	CD74	MIF	0.0005172531667139034	1594	1594	2.5
commot_pilot_v1	GSE292299	GSM8855714_NSCLC_P12	NSCLC	Visium	stroma_fibroblast	ambiguous_or_low_signal	MIF	CD74	MIF	2.7505431479403384e-06	1594	385	2.5
commot_pilot_v1	GSE292299	GSM8855714_NSCLC_P12	NSCLC	Visium	ambiguous_or_low_signal	tumor_like	MIF	CD74	MIF	3.1836580757190756e-05	385	64	2.5
commot_pilot_v1	GSE292299	GSM8855714_NSCLC_P12	NSCLC	Visium	ambiguous_or_low_signal	immune	MIF	CD74	MIF	8.662637479945192e-07	385	80	2.5
commot_pilot_v1	GSE292299	GSM8855714_NSCLC_P12	NSCLC	Visium	ambiguous_or_low_signal	stroma_fibroblast	MIF	CD74	MIF	2.831160832696175e-06	385	1594	2.5
commot_pilot_v1	GSE292299	GSM8855714_NSCLC_P12	NSCLC	Visium	ambiguous_or_low_signal	ambiguous_or_low_signal	MIF	CD74	MIF	0.002121446521405211	385	385	2.5
commot_pilot_v1	GSE292299	GSM8855714_NSCLC_P12	NSCLC	Visium	tumor_like	tumor_like	DLL4	NOTCH1	NOTCH	0.0015561216100414854	64	64	2.5
commot_pilot_v1	GSE292299	GSM8855714_NSCLC_P12	NSCLC	Visium	tumor_like	stroma_fibroblast	DLL4	NOTCH1	NOTCH	1.0394493236713038e-05	64	1594	2.5
commot_pilot_v1	GSE292299	GSM8855714_NSCLC_P12	NSCLC	Visium	tumor_like	ambiguous_or_low_signal	DLL4	NOTCH1	NOTCH	0.00014471271360525967	64	385	2.5
commot_pilot_v1	GSE292299	GSM8855714_NSCLC_P12	NSCLC	Visium	immune	immune	DLL4	NOTCH1	NOTCH	0.0011579409799173299	80	80	2.5
commot_pilot_v1	GSE292299	GSM8855714_NSCLC_P12	NSCLC	Visium	immune	stroma_fibroblast	DLL4	NOTCH1	NOTCH	1.415589835750987e-06	80	1594	2.5
commot_pilot_v1	GSE292299	GSM8855714_NSCLC_P12	NSCLC	Visium	immune	ambiguous_or_low_signal	DLL4	NOTCH1	NOTCH	0.00014313836729461555	80	385	2.5
commot_pilot_v1	GSE292299	GSM8855714_NSCLC_P12	NSCLC	Visium	stroma_fibroblast	tumor_like	DLL4	NOTCH1	NOTCH	9.01908209325879e-06	1594	64	2.5
commot_pilot_v1	GSE292299	GSM8855714_NSCLC_P12	NSCLC	Visium	stroma_fibroblast	immune	DLL4	NOTCH1	NOTCH	4.698662741953294e-06	1594	80	2.5
commot_pilot_v1	GSE292299	GSM8855714_NSCLC_P12	NSCLC	Visium	stroma_fibroblast	stroma_fibroblast	DLL4	NOTCH1	NOTCH	0.00012376191459575434	1594	1594	2.5
commot_pilot_v1	GSE292299	GSM8855714_NSCLC_P12	NSCLC	Visium	stroma_fibroblast	ambiguous_or_low_signal	DLL4	NOTCH1	NOTCH	2.9367438491253536e-05	1594	385	2.5
commot_pilot_v1	GSE292299	GSM8855714_NSCLC_P12	NSCLC	Visium	ambiguous_or_low_signal	tumor_like	DLL4	NOTCH1	NOTCH	6.061863394920786e-05	385	64	2.5
commot_pilot_v1	GSE292299	GSM8855714_NSCLC_P12	NSCLC	Visium	ambiguous_or_low_signal	immune	DLL4	NOTCH1	NOTCH	0.00011422930581154364	385	80	2.5
commot_pilot_v1	GSE292299	GSM8855714_NSCLC_P12	NSCLC	Visium	ambiguous_or_low_signal	stroma_fibroblast	DLL4	NOTCH1	NOTCH	2.572529754210557e-05	385	1594	2.5
commot_pilot_v1	GSE292299	GSM8855714_NSCLC_P12	NSCLC	Visium	ambiguous_or_low_signal	ambiguous_or_low_signal	DLL4	NOTCH1	NOTCH	0.0006557614496791203	385	385	2.5
commot_pilot_v1	GSE292299	GSM8855714_NSCLC_P12	NSCLC	Visium	tumor_like	tumor_like	JAG1	NOTCH2	NOTCH	0.0023231810543388564	64	64	2.5
commot_pilot_v1	GSE292299	GSM8855714_NSCLC_P12	NSCLC	Visium	tumor_like	stroma_fibroblast	JAG1	NOTCH2	NOTCH	3.8214496855333566e-05	64	1594	2.5
commot_pilot_v1	GSE292299	GSM8855714_NSCLC_P12	NSCLC	Visium	tumor_like	ambiguous_or_low_signal	JAG1	NOTCH2	NOTCH	3.7511795231024023e-05	64	385	2.5
commot_pilot_v1	GSE292299	GSM8855714_NSCLC_P12	NSCLC	Visium	immune	immune	JAG1	NOTCH2	NOTCH	0.0006339169632473595	80	80	2.5
commot_pilot_v1	GSE292299	GSM8855714_NSCLC_P12	NSCLC	Visium	immune	stroma_fibroblast	JAG1	NOTCH2	NOTCH	4.776057943775458e-08	80	1594	2.5
commot_pilot_v1	GSE292299	GSM8855714_NSCLC_P12	NSCLC	Visium	immune	ambiguous_or_low_signal	JAG1	NOTCH2	NOTCH	9.494998046334746e-05	80	385	2.5
commot_pilot_v1	GSE292299	GSM8855714_NSCLC_P12	NSCLC	Visium	stroma_fibroblast	tumor_like	JAG1	NOTCH2	NOTCH	1.0882994120138545e-05	1594	64	2.5
commot_pilot_v1	GSE292299	GSM8855714_NSCLC_P12	NSCLC	Visium	stroma_fibroblast	immune	JAG1	NOTCH2	NOTCH	7.600418768595847e-06	1594	80	2.5
commot_pilot_v1	GSE292299	GSM8855714_NSCLC_P12	NSCLC	Visium	stroma_fibroblast	stroma_fibroblast	JAG1	NOTCH2	NOTCH	0.00020472903303164896	1594	1594	2.5
commot_pilot_v1	GSE292299	GSM8855714_NSCLC_P12	NSCLC	Visium	stroma_fibroblast	ambiguous_or_low_signal	JAG1	NOTCH2	NOTCH	4.981358479157559e-05	1594	385	2.5
commot_pilot_v1	GSE292299	GSM8855714_NSCLC_P12	NSCLC	Visium	ambiguous_or_low_signal	tumor_like	JAG1	NOTCH2	NOTCH	0.0001367618678325095	385	64	2.5
commot_pilot_v1	GSE292299	GSM8855714_NSCLC_P12	NSCLC	Visium	ambiguous_or_low_signal	immune	JAG1	NOTCH2	NOTCH	4.160843292807287e-05	385	80	2.5
commot_pilot_v1	GSE292299	GSM8855714_NSCLC_P12	NSCLC	Visium	ambiguous_or_low_signal	stroma_fibroblast	JAG1	NOTCH2	NOTCH	4.697877659405686e-05	385	1594	2.5
commot_pilot_v1	GSE292299	GSM8855714_NSCLC_P12	NSCLC	Visium	ambiguous_or_low_signal	ambiguous_or_low_signal	JAG1	NOTCH2	NOTCH	0.0007918773003159376	385	385	2.5
commot_pilot_v1	GSE292299	GSM8855714_NSCLC_P12	NSCLC	Visium	tumor_like	tumor_like	WNT5A	FZD5	WNT	0.0007322150464911586	64	64	2.5
commot_pilot_v1	GSE292299	GSM8855714_NSCLC_P12	NSCLC	Visium	tumor_like	stroma_fibroblast	WNT5A	FZD5	WNT	8.304281408849032e-09	64	1594	2.5
commot_pilot_v1	GSE292299	GSM8855714_NSCLC_P12	NSCLC	Visium	immune	immune	WNT5A	FZD5	WNT	0.000311345152121964	80	80	2.5
commot_pilot_v1	GSE292299	GSM8855714_NSCLC_P12	NSCLC	Visium	immune	stroma_fibroblast	WNT5A	FZD5	WNT	7.841907151819318e-06	80	1594	2.5
commot_pilot_v1	GSE292299	GSM8855714_NSCLC_P12	NSCLC	Visium	immune	ambiguous_or_low_signal	WNT5A	FZD5	WNT	2.399683902407191e-07	80	385	2.5
commot_pilot_v1	GSE292299	GSM8855714_NSCLC_P12	NSCLC	Visium	stroma_fibroblast	tumor_like	WNT5A	FZD5	WNT	1.1903279997244305e-06	1594	64	2.5
commot_pilot_v1	GSE292299	GSM8855714_NSCLC_P12	NSCLC	Visium	stroma_fibroblast	stroma_fibroblast	WNT5A	FZD5	WNT	5.764037387581328e-05	1594	1594	2.5
commot_pilot_v1	GSE292299	GSM8855714_NSCLC_P12	NSCLC	Visium	stroma_fibroblast	ambiguous_or_low_signal	WNT5A	FZD5	WNT	1.595486202256018e-05	1594	385	2.5
commot_pilot_v1	GSE292299	GSM8855714_NSCLC_P12	NSCLC	Visium	ambiguous_or_low_signal	tumor_like	WNT5A	FZD5	WNT	8.305923677041123e-05	385	64	2.5
commot_pilot_v1	GSE292299	GSM8855714_NSCLC_P12	NSCLC	Visium	ambiguous_or_low_signal	immune	WNT5A	FZD5	WNT	5.79181088174964e-05	385	80	2.5
commot_pilot_v1	GSE292299	GSM8855714_NSCLC_P12	NSCLC	Visium	ambiguous_or_low_signal	stroma_fibroblast	WNT5A	FZD5	WNT	7.060643215346593e-06	385	1594	2.5
commot_pilot_v1	GSE292299	GSM8855714_NSCLC_P12	NSCLC	Visium	ambiguous_or_low_signal	ambiguous_or_low_signal	WNT5A	FZD5	WNT	0.00021905203404773307	385	385	2.5
commot_pilot_v1	GSE292299	GSM8855714_NSCLC_P12	NSCLC	Visium	tumor_like	tumor_like	EGF	EGFR	EGF/ERBB	0.0011006791292576732	64	64	2.5
commot_pilot_v1	GSE292299	GSM8855714_NSCLC_P12	NSCLC	Visium	tumor_like	stroma_fibroblast	EGF	EGFR	EGF/ERBB	8.685803940082554e-07	64	1594	2.5
commot_pilot_v1	GSE292299	GSM8855714_NSCLC_P12	NSCLC	Visium	tumor_like	ambiguous_or_low_signal	EGF	EGFR	EGF/ERBB	5.6940307998598224e-05	64	385	2.5
commot_pilot_v1	GSE292299	GSM8855714_NSCLC_P12	NSCLC	Visium	immune	ambiguous_or_low_signal	EGF	EGFR	EGF/ERBB	3.246753246753261e-05	80	385	2.5
commot_pilot_v1	GSE292299	GSM8855714_NSCLC_P12	NSCLC	Visium	stroma_fibroblast	tumor_like	EGF	EGFR	EGF/ERBB	1.3649129922055481e-05	1594	64	2.5
commot_pilot_v1	GSE292299	GSM8855714_NSCLC_P12	NSCLC	Visium	stroma_fibroblast	stroma_fibroblast	EGF	EGFR	EGF/ERBB	3.0338712935799307e-05	1594	1594	2.5
commot_pilot_v1	GSE292299	GSM8855714_NSCLC_P12	NSCLC	Visium	stroma_fibroblast	ambiguous_or_low_signal	EGF	EGFR	EGF/ERBB	8.160532883419042e-06	1594	385	2.5
commot_pilot_v1	GSE292299	GSM8855714_NSCLC_P12	NSCLC	Visium	ambiguous_or_low_signal	tumor_like	EGF	EGFR	EGF/ERBB	7.037896542627543e-06	385	64	2.5
commot_pilot_v1	GSE292299	GSM8855714_NSCLC_P12	NSCLC	Visium	ambiguous_or_low_signal	immune	EGF	EGFR	EGF/ERBB	1.6488765337658473e-06	385	80	2.5
commot_pilot_v1	GSE292299	GSM8855714_NSCLC_P12	NSCLC	Visium	ambiguous_or_low_signal	stroma_fibroblast	EGF	EGFR	EGF/ERBB	1.1741184649732084e-05	385	1594	2.5
commot_pilot_v1	GSE292299	GSM8855714_NSCLC_P12	NSCLC	Visium	ambiguous_or_low_signal	ambiguous_or_low_signal	EGF	EGFR	EGF/ERBB	0.00011351555527491502	385	385	2.5
commot_pilot_v1	GSE292299	GSM8855714_NSCLC_P12	NSCLC	Visium	tumor_like	tumor_like	HBEGF	EGFR	EGF/ERBB	0.0010775807586630485	64	64	2.5
commot_pilot_v1	GSE292299	GSM8855714_NSCLC_P12	NSCLC	Visium	tumor_like	stroma_fibroblast	HBEGF	EGFR	EGF/ERBB	8.129517790018421e-07	64	1594	2.5
commot_pilot_v1	GSE292299	GSM8855714_NSCLC_P12	NSCLC	Visium	tumor_like	ambiguous_or_low_signal	HBEGF	EGFR	EGF/ERBB	2.042593846710719e-05	64	385	2.5
commot_pilot_v1	GSE292299	GSM8855714_NSCLC_P12	NSCLC	Visium	immune	immune	HBEGF	EGFR	EGF/ERBB	0.00015115761242382535	80	80	2.5
commot_pilot_v1	GSE292299	GSM8855714_NSCLC_P12	NSCLC	Visium	immune	stroma_fibroblast	HBEGF	EGFR	EGF/ERBB	3.0389364352707994e-06	80	1594	2.5
commot_pilot_v1	GSE292299	GSM8855714_NSCLC_P12	NSCLC	Visium	immune	ambiguous_or_low_signal	HBEGF	EGFR	EGF/ERBB	0.00022847581969192264	80	385	2.5
commot_pilot_v1	GSE292299	GSM8855714_NSCLC_P12	NSCLC	Visium	stroma_fibroblast	tumor_like	HBEGF	EGFR	EGF/ERBB	1.573998194839579e-05	1594	64	2.5
commot_pilot_v1	GSE292299	GSM8855714_NSCLC_P12	NSCLC	Visium	stroma_fibroblast	immune	HBEGF	EGFR	EGF/ERBB	1.5210259250576275e-05	1594	80	2.5
commot_pilot_v1	GSE292299	GSM8855714_NSCLC_P12	NSCLC	Visium	stroma_fibroblast	stroma_fibroblast	HBEGF	EGFR	EGF/ERBB	7.745744514267913e-05	1594	1594	2.5
commot_pilot_v1	GSE292299	GSM8855714_NSCLC_P12	NSCLC	Visium	stroma_fibroblast	ambiguous_or_low_signal	HBEGF	EGFR	EGF/ERBB	1.2979655365188339e-05	1594	385	2.5
commot_pilot_v1	GSE292299	GSM8855714_NSCLC_P12	NSCLC	Visium	ambiguous_or_low_signal	tumor_like	HBEGF	EGFR	EGF/ERBB	2.621619593822924e-05	385	64	2.5
commot_pilot_v1	GSE292299	GSM8855714_NSCLC_P12	NSCLC	Visium	ambiguous_or_low_signal	immune	HBEGF	EGFR	EGF/ERBB	0.00018467818057356204	385	80	2.5
commot_pilot_v1	GSE292299	GSM8855714_NSCLC_P12	NSCLC	Visium	ambiguous_or_low_signal	stroma_fibroblast	HBEGF	EGFR	EGF/ERBB	1.5558291598177658e-05	385	1594	2.5
commot_pilot_v1	GSE292299	GSM8855714_NSCLC_P12	NSCLC	Visium	ambiguous_or_low_signal	ambiguous_or_low_signal	HBEGF	EGFR	EGF/ERBB	0.0003755564212667927	385	385	2.5
commot_pilot_v1	GSE292299	GSM8855714_NSCLC_P12	NSCLC	Visium	tumor_like	tumor_like	COL1A1	ITGA2	ECM-integrin	0.014849265739571597	64	64	2.5
commot_pilot_v1	GSE292299	GSM8855714_NSCLC_P12	NSCLC	Visium	tumor_like	stroma_fibroblast	COL1A1	ITGA2	ECM-integrin	4.373214694482542e-07	64	1594	2.5
commot_pilot_v1	GSE292299	GSM8855714_NSCLC_P12	NSCLC	Visium	tumor_like	ambiguous_or_low_signal	COL1A1	ITGA2	ECM-integrin	1.6788271296514784e-06	64	385	2.5
commot_pilot_v1	GSE292299	GSM8855714_NSCLC_P12	NSCLC	Visium	immune	immune	COL1A1	ITGA2	ECM-integrin	0.0006125803667343148	80	80	2.5
commot_pilot_v1	GSE292299	GSM8855714_NSCLC_P12	NSCLC	Visium	immune	stroma_fibroblast	COL1A1	ITGA2	ECM-integrin	2.435921028384564e-07	80	1594	2.5
commot_pilot_v1	GSE292299	GSM8855714_NSCLC_P12	NSCLC	Visium	immune	ambiguous_or_low_signal	COL1A1	ITGA2	ECM-integrin	2.4574282839379876e-07	80	385	2.5
commot_pilot_v1	GSE292299	GSM8855714_NSCLC_P12	NSCLC	Visium	stroma_fibroblast	tumor_like	COL1A1	ITGA2	ECM-integrin	7.219072933553604e-07	1594	64	2.5
commot_pilot_v1	GSE292299	GSM8855714_NSCLC_P12	NSCLC	Visium	stroma_fibroblast	immune	COL1A1	ITGA2	ECM-integrin	8.167452851553872e-06	1594	80	2.5
commot_pilot_v1	GSE292299	GSM8855714_NSCLC_P12	NSCLC	Visium	stroma_fibroblast	stroma_fibroblast	COL1A1	ITGA2	ECM-integrin	0.0003342811025835303	1594	1594	2.5
commot_pilot_v1	GSE292299	GSM8855714_NSCLC_P12	NSCLC	Visium	stroma_fibroblast	ambiguous_or_low_signal	COL1A1	ITGA2	ECM-integrin	5.588249882596924e-06	1594	385	2.5
commot_pilot_v1	GSE292299	GSM8855714_NSCLC_P12	NSCLC	Visium	ambiguous_or_low_signal	tumor_like	COL1A1	ITGA2	ECM-integrin	4.211097251452071e-06	385	64	2.5
commot_pilot_v1	GSE292299	GSM8855714_NSCLC_P12	NSCLC	Visium	ambiguous_or_low_signal	immune	COL1A1	ITGA2	ECM-integrin	1.2328592620204248e-06	385	80	2.5
commot_pilot_v1	GSE292299	GSM8855714_NSCLC_P12	NSCLC	Visium	ambiguous_or_low_signal	stroma_fibroblast	COL1A1	ITGA2	ECM-integrin	9.302152293366849e-07	385	1594	2.5
commot_pilot_v1	GSE292299	GSM8855714_NSCLC_P12	NSCLC	Visium	ambiguous_or_low_signal	ambiguous_or_low_signal	COL1A1	ITGA2	ECM-integrin	0.0017980881210994098	385	385	2.5
commot_pilot_v1	GSE292299	GSM8855715_NSCLC_P13	NSCLC	Visium	tumor_like	tumor_like	TGFB1	TGFBR1	TGFB	0.0019691819615336847	420	420	2.5
commot_pilot_v1	GSE292299	GSM8855715_NSCLC_P13	NSCLC	Visium	tumor_like	stroma_fibroblast	TGFB1	TGFBR1	TGFB	6.234949461100171e-07	420	4129	2.5
commot_pilot_v1	GSE292299	GSM8855715_NSCLC_P13	NSCLC	Visium	tumor_like	ambiguous_or_low_signal	TGFB1	TGFBR1	TGFB	1.0924401230871294e-05	420	698	2.5
commot_pilot_v1	GSE292299	GSM8855715_NSCLC_P13	NSCLC	Visium	stroma_fibroblast	tumor_like	TGFB1	TGFBR1	TGFB	1.5466322947423306e-06	4129	420	2.5
commot_pilot_v1	GSE292299	GSM8855715_NSCLC_P13	NSCLC	Visium	stroma_fibroblast	stroma_fibroblast	TGFB1	TGFBR1	TGFB	0.0003808250606247937	4129	4129	2.5
commot_pilot_v1	GSE292299	GSM8855715_NSCLC_P13	NSCLC	Visium	stroma_fibroblast	ambiguous_or_low_signal	TGFB1	TGFBR1	TGFB	2.5381747468123484e-06	4129	698	2.5
commot_pilot_v1	GSE292299	GSM8855715_NSCLC_P13	NSCLC	Visium	ambiguous_or_low_signal	tumor_like	TGFB1	TGFBR1	TGFB	8.77115739100118e-06	698	420	2.5
commot_pilot_v1	GSE292299	GSM8855715_NSCLC_P13	NSCLC	Visium	ambiguous_or_low_signal	stroma_fibroblast	TGFB1	TGFBR1	TGFB	1.5659964432909239e-06	698	4129	2.5
commot_pilot_v1	GSE292299	GSM8855715_NSCLC_P13	NSCLC	Visium	ambiguous_or_low_signal	ambiguous_or_low_signal	TGFB1	TGFBR1	TGFB	0.0017422762962578543	698	698	2.5
commot_pilot_v1	GSE292299	GSM8855715_NSCLC_P13	NSCLC	Visium	tumor_like	tumor_like	TGFB1	TGFBR2	TGFB	0.002027170068243306	420	420	2.5
commot_pilot_v1	GSE292299	GSM8855715_NSCLC_P13	NSCLC	Visium	tumor_like	stroma_fibroblast	TGFB1	TGFBR2	TGFB	2.7024686440562e-07	420	4129	2.5
commot_pilot_v1	GSE292299	GSM8855715_NSCLC_P13	NSCLC	Visium	tumor_like	ambiguous_or_low_signal	TGFB1	TGFBR2	TGFB	4.403722573125327e-06	420	698	2.5
commot_pilot_v1	GSE292299	GSM8855715_NSCLC_P13	NSCLC	Visium	stroma_fibroblast	tumor_like	TGFB1	TGFBR2	TGFB	9.040155907728752e-07	4129	420	2.5
commot_pilot_v1	GSE292299	GSM8855715_NSCLC_P13	NSCLC	Visium	stroma_fibroblast	stroma_fibroblast	TGFB1	TGFBR2	TGFB	0.0003351773022691719	4129	4129	2.5
commot_pilot_v1	GSE292299	GSM8855715_NSCLC_P13	NSCLC	Visium	stroma_fibroblast	ambiguous_or_low_signal	TGFB1	TGFBR2	TGFB	2.9728131599312464e-06	4129	698	2.5
commot_pilot_v1	GSE292299	GSM8855715_NSCLC_P13	NSCLC	Visium	ambiguous_or_low_signal	tumor_like	TGFB1	TGFBR2	TGFB	6.9781163608483156e-06	698	420	2.5
commot_pilot_v1	GSE292299	GSM8855715_NSCLC_P13	NSCLC	Visium	ambiguous_or_low_signal	stroma_fibroblast	TGFB1	TGFBR2	TGFB	7.376745725784522e-07	698	4129	2.5
commot_pilot_v1	GSE292299	GSM8855715_NSCLC_P13	NSCLC	Visium	ambiguous_or_low_signal	ambiguous_or_low_signal	TGFB1	TGFBR2	TGFB	0.001516612518889693	698	698	2.5
commot_pilot_v1	GSE292299	GSM8855715_NSCLC_P13	NSCLC	Visium	tumor_like	tumor_like	CXCL12	CXCR4	CXCL chemokine	0.0032637838248406933	420	420	2.5
commot_pilot_v1	GSE292299	GSM8855715_NSCLC_P13	NSCLC	Visium	tumor_like	stroma_fibroblast	CXCL12	CXCR4	CXCL chemokine	1.3235146438103229e-05	420	4129	2.5
commot_pilot_v1	GSE292299	GSM8855715_NSCLC_P13	NSCLC	Visium	tumor_like	ambiguous_or_low_signal	CXCL12	CXCR4	CXCL chemokine	0.00025106292763106444	420	698	2.5
commot_pilot_v1	GSE292299	GSM8855715_NSCLC_P13	NSCLC	Visium	stroma_fibroblast	tumor_like	CXCL12	CXCR4	CXCL chemokine	0.00012221828773350567	4129	420	2.5
commot_pilot_v1	GSE292299	GSM8855715_NSCLC_P13	NSCLC	Visium	stroma_fibroblast	stroma_fibroblast	CXCL12	CXCR4	CXCL chemokine	0.0006743016169830142	4129	4129	2.5
commot_pilot_v1	GSE292299	GSM8855715_NSCLC_P13	NSCLC	Visium	stroma_fibroblast	ambiguous_or_low_signal	CXCL12	CXCR4	CXCL chemokine	0.0002581403132210932	4129	698	2.5
commot_pilot_v1	GSE292299	GSM8855715_NSCLC_P13	NSCLC	Visium	ambiguous_or_low_signal	tumor_like	CXCL12	CXCR4	CXCL chemokine	0.00038976512380688025	698	420	2.5
commot_pilot_v1	GSE292299	GSM8855715_NSCLC_P13	NSCLC	Visium	ambiguous_or_low_signal	stroma_fibroblast	CXCL12	CXCR4	CXCL chemokine	8.507983743933297e-05	698	4129	2.5
commot_pilot_v1	GSE292299	GSM8855715_NSCLC_P13	NSCLC	Visium	ambiguous_or_low_signal	ambiguous_or_low_signal	CXCL12	CXCR4	CXCL chemokine	0.002612088579811226	698	698	2.5
commot_pilot_v1	GSE292299	GSM8855715_NSCLC_P13	NSCLC	Visium	tumor_like	tumor_like	CXCL9	CXCR3	CXCL chemokine	4.507122193963648e-05	420	420	2.5
commot_pilot_v1	GSE292299	GSM8855715_NSCLC_P13	NSCLC	Visium	tumor_like	stroma_fibroblast	CXCL9	CXCR3	CXCL chemokine	1.0022743294646186e-06	420	4129	2.5
commot_pilot_v1	GSE292299	GSM8855715_NSCLC_P13	NSCLC	Visium	tumor_like	ambiguous_or_low_signal	CXCL9	CXCR3	CXCL chemokine	1.1370355209896778e-05	420	698	2.5
commot_pilot_v1	GSE292299	GSM8855715_NSCLC_P13	NSCLC	Visium	stroma_fibroblast	tumor_like	CXCL9	CXCR3	CXCL chemokine	1.4294257047679564e-06	4129	420	2.5
commot_pilot_v1	GSE292299	GSM8855715_NSCLC_P13	NSCLC	Visium	stroma_fibroblast	stroma_fibroblast	CXCL9	CXCR3	CXCL chemokine	7.402925916076137e-06	4129	4129	2.5
commot_pilot_v1	GSE292299	GSM8855715_NSCLC_P13	NSCLC	Visium	stroma_fibroblast	ambiguous_or_low_signal	CXCL9	CXCR3	CXCL chemokine	4.1101382821079065e-06	4129	698	2.5
commot_pilot_v1	GSE292299	GSM8855715_NSCLC_P13	NSCLC	Visium	ambiguous_or_low_signal	tumor_like	CXCL9	CXCR3	CXCL chemokine	1.551861253188762e-05	698	420	2.5
commot_pilot_v1	GSE292299	GSM8855715_NSCLC_P13	NSCLC	Visium	ambiguous_or_low_signal	stroma_fibroblast	CXCL9	CXCR3	CXCL chemokine	2.5024839047155377e-06	698	4129	2.5
commot_pilot_v1	GSE292299	GSM8855715_NSCLC_P13	NSCLC	Visium	ambiguous_or_low_signal	ambiguous_or_low_signal	CXCL9	CXCR3	CXCL chemokine	2.8082651078329782e-05	698	698	2.5
commot_pilot_v1	GSE292299	GSM8855715_NSCLC_P13	NSCLC	Visium	tumor_like	tumor_like	CCL2	CCR2	CCL chemokine	0.0002314889326197388	420	420	2.5
commot_pilot_v1	GSE292299	GSM8855715_NSCLC_P13	NSCLC	Visium	tumor_like	stroma_fibroblast	CCL2	CCR2	CCL chemokine	2.190412534944158e-06	420	4129	2.5
commot_pilot_v1	GSE292299	GSM8855715_NSCLC_P13	NSCLC	Visium	tumor_like	ambiguous_or_low_signal	CCL2	CCR2	CCL chemokine	1.6338960009767033e-05	420	698	2.5
commot_pilot_v1	GSE292299	GSM8855715_NSCLC_P13	NSCLC	Visium	stroma_fibroblast	tumor_like	CCL2	CCR2	CCL chemokine	4.4793107419582165e-06	4129	420	2.5
commot_pilot_v1	GSE292299	GSM8855715_NSCLC_P13	NSCLC	Visium	stroma_fibroblast	stroma_fibroblast	CCL2	CCR2	CCL chemokine	2.4708078643208432e-05	4129	4129	2.5
commot_pilot_v1	GSE292299	GSM8855715_NSCLC_P13	NSCLC	Visium	stroma_fibroblast	ambiguous_or_low_signal	CCL2	CCR2	CCL chemokine	1.0462656238822242e-05	4129	698	2.5
commot_pilot_v1	GSE292299	GSM8855715_NSCLC_P13	NSCLC	Visium	ambiguous_or_low_signal	tumor_like	CCL2	CCR2	CCL chemokine	2.2462506142708735e-05	698	420	2.5
commot_pilot_v1	GSE292299	GSM8855715_NSCLC_P13	NSCLC	Visium	ambiguous_or_low_signal	stroma_fibroblast	CCL2	CCR2	CCL chemokine	6.861308990263332e-06	698	4129	2.5
commot_pilot_v1	GSE292299	GSM8855715_NSCLC_P13	NSCLC	Visium	ambiguous_or_low_signal	ambiguous_or_low_signal	CCL2	CCR2	CCL chemokine	0.0001273722214343256	698	698	2.5
commot_pilot_v1	GSE292299	GSM8855715_NSCLC_P13	NSCLC	Visium	tumor_like	tumor_like	VEGFA	KDR	VEGF	0.002372273106942321	420	420	2.5
commot_pilot_v1	GSE292299	GSM8855715_NSCLC_P13	NSCLC	Visium	tumor_like	stroma_fibroblast	VEGFA	KDR	VEGF	1.1154643753665023e-05	420	4129	2.5
commot_pilot_v1	GSE292299	GSM8855715_NSCLC_P13	NSCLC	Visium	tumor_like	ambiguous_or_low_signal	VEGFA	KDR	VEGF	8.302991481219257e-05	420	698	2.5
commot_pilot_v1	GSE292299	GSM8855715_NSCLC_P13	NSCLC	Visium	stroma_fibroblast	tumor_like	VEGFA	KDR	VEGF	2.353316073970374e-06	4129	420	2.5
commot_pilot_v1	GSE292299	GSM8855715_NSCLC_P13	NSCLC	Visium	stroma_fibroblast	stroma_fibroblast	VEGFA	KDR	VEGF	0.00027680132353306315	4129	4129	2.5
commot_pilot_v1	GSE292299	GSM8855715_NSCLC_P13	NSCLC	Visium	stroma_fibroblast	ambiguous_or_low_signal	VEGFA	KDR	VEGF	7.173864034643778e-06	4129	698	2.5
commot_pilot_v1	GSE292299	GSM8855715_NSCLC_P13	NSCLC	Visium	ambiguous_or_low_signal	tumor_like	VEGFA	KDR	VEGF	2.541257424688458e-05	698	420	2.5
commot_pilot_v1	GSE292299	GSM8855715_NSCLC_P13	NSCLC	Visium	ambiguous_or_low_signal	stroma_fibroblast	VEGFA	KDR	VEGF	1.4030832840294064e-05	698	4129	2.5
commot_pilot_v1	GSE292299	GSM8855715_NSCLC_P13	NSCLC	Visium	ambiguous_or_low_signal	ambiguous_or_low_signal	VEGFA	KDR	VEGF	0.0016053201076348688	698	698	2.5
commot_pilot_v1	GSE292299	GSM8855715_NSCLC_P13	NSCLC	Visium	tumor_like	tumor_like	SPP1	CD44	SPP1	0.009300774824359608	420	420	2.5
commot_pilot_v1	GSE292299	GSM8855715_NSCLC_P13	NSCLC	Visium	tumor_like	stroma_fibroblast	SPP1	CD44	SPP1	8.175878760070984e-06	420	4129	2.5
commot_pilot_v1	GSE292299	GSM8855715_NSCLC_P13	NSCLC	Visium	tumor_like	ambiguous_or_low_signal	SPP1	CD44	SPP1	0.00023579384354134714	420	698	2.5
commot_pilot_v1	GSE292299	GSM8855715_NSCLC_P13	NSCLC	Visium	stroma_fibroblast	tumor_like	SPP1	CD44	SPP1	0.00016811223039454767	4129	420	2.5
commot_pilot_v1	GSE292299	GSM8855715_NSCLC_P13	NSCLC	Visium	stroma_fibroblast	stroma_fibroblast	SPP1	CD44	SPP1	0.0031557952130675834	4129	4129	2.5
commot_pilot_v1	GSE292299	GSM8855715_NSCLC_P13	NSCLC	Visium	stroma_fibroblast	ambiguous_or_low_signal	SPP1	CD44	SPP1	0.00047190570910837944	4129	698	2.5
commot_pilot_v1	GSE292299	GSM8855715_NSCLC_P13	NSCLC	Visium	ambiguous_or_low_signal	tumor_like	SPP1	CD44	SPP1	0.000370595670448752	698	420	2.5
commot_pilot_v1	GSE292299	GSM8855715_NSCLC_P13	NSCLC	Visium	ambiguous_or_low_signal	stroma_fibroblast	SPP1	CD44	SPP1	8.862585229965663e-05	698	4129	2.5
commot_pilot_v1	GSE292299	GSM8855715_NSCLC_P13	NSCLC	Visium	ambiguous_or_low_signal	ambiguous_or_low_signal	SPP1	CD44	SPP1	0.011684922897761397	698	698	2.5
commot_pilot_v1	GSE292299	GSM8855715_NSCLC_P13	NSCLC	Visium	tumor_like	tumor_like	SPP1	ITGAV	SPP1	0.00578556871804195	420	420	2.5
commot_pilot_v1	GSE292299	GSM8855715_NSCLC_P13	NSCLC	Visium	tumor_like	stroma_fibroblast	SPP1	ITGAV	SPP1	3.663560233754881e-05	420	4129	2.5
commot_pilot_v1	GSE292299	GSM8855715_NSCLC_P13	NSCLC	Visium	tumor_like	ambiguous_or_low_signal	SPP1	ITGAV	SPP1	0.0005408880937902401	420	698	2.5
commot_pilot_v1	GSE292299	GSM8855715_NSCLC_P13	NSCLC	Visium	stroma_fibroblast	tumor_like	SPP1	ITGAV	SPP1	0.00016068483512094112	4129	420	2.5
commot_pilot_v1	GSE292299	GSM8855715_NSCLC_P13	NSCLC	Visium	stroma_fibroblast	stroma_fibroblast	SPP1	ITGAV	SPP1	0.0023090359349976835	4129	4129	2.5
commot_pilot_v1	GSE292299	GSM8855715_NSCLC_P13	NSCLC	Visium	stroma_fibroblast	ambiguous_or_low_signal	SPP1	ITGAV	SPP1	0.0005045725740382278	4129	698	2.5
commot_pilot_v1	GSE292299	GSM8855715_NSCLC_P13	NSCLC	Visium	ambiguous_or_low_signal	tumor_like	SPP1	ITGAV	SPP1	0.0009160154522480315	698	420	2.5
commot_pilot_v1	GSE292299	GSM8855715_NSCLC_P13	NSCLC	Visium	ambiguous_or_low_signal	stroma_fibroblast	SPP1	ITGAV	SPP1	0.00021311371860770689	698	4129	2.5
commot_pilot_v1	GSE292299	GSM8855715_NSCLC_P13	NSCLC	Visium	ambiguous_or_low_signal	ambiguous_or_low_signal	SPP1	ITGAV	SPP1	0.007602066155261522	698	698	2.5
commot_pilot_v1	GSE292299	GSM8855715_NSCLC_P13	NSCLC	Visium	tumor_like	tumor_like	MIF	CD74	MIF	0.03793295983957849	420	420	2.5
commot_pilot_v1	GSE292299	GSM8855715_NSCLC_P13	NSCLC	Visium	tumor_like	stroma_fibroblast	MIF	CD74	MIF	0.00022658938371602808	420	4129	2.5
commot_pilot_v1	GSE292299	GSM8855715_NSCLC_P13	NSCLC	Visium	tumor_like	ambiguous_or_low_signal	MIF	CD74	MIF	0.0026931527690514196	420	698	2.5
commot_pilot_v1	GSE292299	GSM8855715_NSCLC_P13	NSCLC	Visium	stroma_fibroblast	tumor_like	MIF	CD74	MIF	2.409521902951459e-05	4129	420	2.5
commot_pilot_v1	GSE292299	GSM8855715_NSCLC_P13	NSCLC	Visium	stroma_fibroblast	stroma_fibroblast	MIF	CD74	MIF	0.0030536109926791407	4129	4129	2.5
commot_pilot_v1	GSE292299	GSM8855715_NSCLC_P13	NSCLC	Visium	stroma_fibroblast	ambiguous_or_low_signal	MIF	CD74	MIF	0.0001396033193609347	4129	698	2.5
commot_pilot_v1	GSE292299	GSM8855715_NSCLC_P13	NSCLC	Visium	ambiguous_or_low_signal	tumor_like	MIF	CD74	MIF	0.0009397742299992204	698	420	2.5
commot_pilot_v1	GSE292299	GSM8855715_NSCLC_P13	NSCLC	Visium	ambiguous_or_low_signal	stroma_fibroblast	MIF	CD74	MIF	0.000494782848203393	698	4129	2.5
commot_pilot_v1	GSE292299	GSM8855715_NSCLC_P13	NSCLC	Visium	ambiguous_or_low_signal	ambiguous_or_low_signal	MIF	CD74	MIF	0.018196173137888478	698	698	2.5
commot_pilot_v1	GSE292299	GSM8855715_NSCLC_P13	NSCLC	Visium	tumor_like	tumor_like	DLL4	NOTCH1	NOTCH	0.0005542542852813664	420	420	2.5
commot_pilot_v1	GSE292299	GSM8855715_NSCLC_P13	NSCLC	Visium	tumor_like	stroma_fibroblast	DLL4	NOTCH1	NOTCH	2.2975021915384707e-07	420	4129	2.5
commot_pilot_v1	GSE292299	GSM8855715_NSCLC_P13	NSCLC	Visium	tumor_like	ambiguous_or_low_signal	DLL4	NOTCH1	NOTCH	2.8350247008963898e-06	420	698	2.5
commot_pilot_v1	GSE292299	GSM8855715_NSCLC_P13	NSCLC	Visium	stroma_fibroblast	tumor_like	DLL4	NOTCH1	NOTCH	1.328479523497197e-06	4129	420	2.5
commot_pilot_v1	GSE292299	GSM8855715_NSCLC_P13	NSCLC	Visium	stroma_fibroblast	stroma_fibroblast	DLL4	NOTCH1	NOTCH	0.00015086299786841917	4129	4129	2.5
commot_pilot_v1	GSE292299	GSM8855715_NSCLC_P13	NSCLC	Visium	stroma_fibroblast	ambiguous_or_low_signal	DLL4	NOTCH1	NOTCH	6.483974632965184e-06	4129	698	2.5
commot_pilot_v1	GSE292299	GSM8855715_NSCLC_P13	NSCLC	Visium	ambiguous_or_low_signal	tumor_like	DLL4	NOTCH1	NOTCH	6.139525523019675e-06	698	420	2.5
commot_pilot_v1	GSE292299	GSM8855715_NSCLC_P13	NSCLC	Visium	ambiguous_or_low_signal	stroma_fibroblast	DLL4	NOTCH1	NOTCH	1.901534125448154e-06	698	4129	2.5
commot_pilot_v1	GSE292299	GSM8855715_NSCLC_P13	NSCLC	Visium	ambiguous_or_low_signal	ambiguous_or_low_signal	DLL4	NOTCH1	NOTCH	0.000750650313798115	698	698	2.5
commot_pilot_v1	GSE292299	GSM8855715_NSCLC_P13	NSCLC	Visium	tumor_like	tumor_like	JAG1	NOTCH2	NOTCH	0.008308615529965712	420	420	2.5
commot_pilot_v1	GSE292299	GSM8855715_NSCLC_P13	NSCLC	Visium	tumor_like	stroma_fibroblast	JAG1	NOTCH2	NOTCH	7.382313484922835e-06	420	4129	2.5
commot_pilot_v1	GSE292299	GSM8855715_NSCLC_P13	NSCLC	Visium	tumor_like	ambiguous_or_low_signal	JAG1	NOTCH2	NOTCH	0.0001603811182765669	420	698	2.5
commot_pilot_v1	GSE292299	GSM8855715_NSCLC_P13	NSCLC	Visium	stroma_fibroblast	tumor_like	JAG1	NOTCH2	NOTCH	2.0440024151505503e-05	4129	420	2.5
commot_pilot_v1	GSE292299	GSM8855715_NSCLC_P13	NSCLC	Visium	stroma_fibroblast	stroma_fibroblast	JAG1	NOTCH2	NOTCH	0.0007046990683152255	4129	4129	2.5
commot_pilot_v1	GSE292299	GSM8855715_NSCLC_P13	NSCLC	Visium	stroma_fibroblast	ambiguous_or_low_signal	JAG1	NOTCH2	NOTCH	5.073786101119852e-05	4129	698	2.5
commot_pilot_v1	GSE292299	GSM8855715_NSCLC_P13	NSCLC	Visium	ambiguous_or_low_signal	tumor_like	JAG1	NOTCH2	NOTCH	0.00021507758143792798	698	420	2.5
commot_pilot_v1	GSE292299	GSM8855715_NSCLC_P13	NSCLC	Visium	ambiguous_or_low_signal	stroma_fibroblast	JAG1	NOTCH2	NOTCH	4.8559952163382496e-05	698	4129	2.5
commot_pilot_v1	GSE292299	GSM8855715_NSCLC_P13	NSCLC	Visium	ambiguous_or_low_signal	ambiguous_or_low_signal	JAG1	NOTCH2	NOTCH	0.004400010233828013	698	698	2.5
commot_pilot_v1	GSE292299	GSM8855715_NSCLC_P13	NSCLC	Visium	tumor_like	tumor_like	WNT5A	FZD5	WNT	0.0021468046231871035	420	420	2.5
commot_pilot_v1	GSE292299	GSM8855715_NSCLC_P13	NSCLC	Visium	tumor_like	stroma_fibroblast	WNT5A	FZD5	WNT	1.029048037265178e-05	420	4129	2.5
commot_pilot_v1	GSE292299	GSM8855715_NSCLC_P13	NSCLC	Visium	tumor_like	ambiguous_or_low_signal	WNT5A	FZD5	WNT	9.376288325205841e-05	420	698	2.5
commot_pilot_v1	GSE292299	GSM8855715_NSCLC_P13	NSCLC	Visium	stroma_fibroblast	tumor_like	WNT5A	FZD5	WNT	6.605295241425525e-05	4129	420	2.5
commot_pilot_v1	GSE292299	GSM8855715_NSCLC_P13	NSCLC	Visium	stroma_fibroblast	stroma_fibroblast	WNT5A	FZD5	WNT	0.00023749612163301114	4129	4129	2.5
commot_pilot_v1	GSE292299	GSM8855715_NSCLC_P13	NSCLC	Visium	stroma_fibroblast	ambiguous_or_low_signal	WNT5A	FZD5	WNT	0.00012941655383515486	4129	698	2.5
commot_pilot_v1	GSE292299	GSM8855715_NSCLC_P13	NSCLC	Visium	ambiguous_or_low_signal	tumor_like	WNT5A	FZD5	WNT	0.000350319272920003	698	420	2.5
commot_pilot_v1	GSE292299	GSM8855715_NSCLC_P13	NSCLC	Visium	ambiguous_or_low_signal	stroma_fibroblast	WNT5A	FZD5	WNT	2.4749748624059265e-05	698	4129	2.5
commot_pilot_v1	GSE292299	GSM8855715_NSCLC_P13	NSCLC	Visium	ambiguous_or_low_signal	ambiguous_or_low_signal	WNT5A	FZD5	WNT	0.0018070939688886495	698	698	2.5
commot_pilot_v1	GSE292299	GSM8855715_NSCLC_P13	NSCLC	Visium	tumor_like	tumor_like	EGF	EGFR	EGF/ERBB	0.0003602459532720583	420	420	2.5
commot_pilot_v1	GSE292299	GSM8855715_NSCLC_P13	NSCLC	Visium	tumor_like	stroma_fibroblast	EGF	EGFR	EGF/ERBB	9.515763968796793e-07	420	4129	2.5
commot_pilot_v1	GSE292299	GSM8855715_NSCLC_P13	NSCLC	Visium	tumor_like	ambiguous_or_low_signal	EGF	EGFR	EGF/ERBB	8.346315651996377e-06	420	698	2.5
commot_pilot_v1	GSE292299	GSM8855715_NSCLC_P13	NSCLC	Visium	stroma_fibroblast	tumor_like	EGF	EGFR	EGF/ERBB	2.869127916941468e-07	4129	420	2.5
commot_pilot_v1	GSE292299	GSM8855715_NSCLC_P13	NSCLC	Visium	stroma_fibroblast	stroma_fibroblast	EGF	EGFR	EGF/ERBB	2.322546639788219e-05	4129	4129	2.5
commot_pilot_v1	GSE292299	GSM8855715_NSCLC_P13	NSCLC	Visium	stroma_fibroblast	ambiguous_or_low_signal	EGF	EGFR	EGF/ERBB	1.9221809429110954e-06	4129	698	2.5
commot_pilot_v1	GSE292299	GSM8855715_NSCLC_P13	NSCLC	Visium	ambiguous_or_low_signal	tumor_like	EGF	EGFR	EGF/ERBB	4.647244330573156e-06	698	420	2.5
commot_pilot_v1	GSE292299	GSM8855715_NSCLC_P13	NSCLC	Visium	ambiguous_or_low_signal	stroma_fibroblast	EGF	EGFR	EGF/ERBB	7.560883416470906e-07	698	4129	2.5
commot_pilot_v1	GSE292299	GSM8855715_NSCLC_P13	NSCLC	Visium	ambiguous_or_low_signal	ambiguous_or_low_signal	EGF	EGFR	EGF/ERBB	0.00016924847804146589	698	698	2.5
commot_pilot_v1	GSE292299	GSM8855715_NSCLC_P13	NSCLC	Visium	tumor_like	tumor_like	HBEGF	EGFR	EGF/ERBB	0.01085435566805351	420	420	2.5
commot_pilot_v1	GSE292299	GSM8855715_NSCLC_P13	NSCLC	Visium	tumor_like	stroma_fibroblast	HBEGF	EGFR	EGF/ERBB	3.6024949124454614e-05	420	4129	2.5
commot_pilot_v1	GSE292299	GSM8855715_NSCLC_P13	NSCLC	Visium	tumor_like	ambiguous_or_low_signal	HBEGF	EGFR	EGF/ERBB	0.00041086407723708786	420	698	2.5
commot_pilot_v1	GSE292299	GSM8855715_NSCLC_P13	NSCLC	Visium	stroma_fibroblast	tumor_like	HBEGF	EGFR	EGF/ERBB	7.803257333840634e-06	4129	420	2.5
commot_pilot_v1	GSE292299	GSM8855715_NSCLC_P13	NSCLC	Visium	stroma_fibroblast	stroma_fibroblast	HBEGF	EGFR	EGF/ERBB	0.00022004359291332473	4129	4129	2.5
commot_pilot_v1	GSE292299	GSM8855715_NSCLC_P13	NSCLC	Visium	stroma_fibroblast	ambiguous_or_low_signal	HBEGF	EGFR	EGF/ERBB	3.0475629615519343e-05	4129	698	2.5
commot_pilot_v1	GSE292299	GSM8855715_NSCLC_P13	NSCLC	Visium	ambiguous_or_low_signal	tumor_like	HBEGF	EGFR	EGF/ERBB	0.00015859465481740036	698	420	2.5
commot_pilot_v1	GSE292299	GSM8855715_NSCLC_P13	NSCLC	Visium	ambiguous_or_low_signal	stroma_fibroblast	HBEGF	EGFR	EGF/ERBB	2.3860511783896937e-05	698	4129	2.5
commot_pilot_v1	GSE292299	GSM8855715_NSCLC_P13	NSCLC	Visium	ambiguous_or_low_signal	ambiguous_or_low_signal	HBEGF	EGFR	EGF/ERBB	0.002001534239200229	698	698	2.5
commot_pilot_v1	GSE292299	GSM8855715_NSCLC_P13	NSCLC	Visium	tumor_like	tumor_like	COL1A1	ITGA2	ECM-integrin	0.027409652787239808	420	420	2.5
commot_pilot_v1	GSE292299	GSM8855715_NSCLC_P13	NSCLC	Visium	tumor_like	stroma_fibroblast	COL1A1	ITGA2	ECM-integrin	3.016130138265573e-07	420	4129	2.5
commot_pilot_v1	GSE292299	GSM8855715_NSCLC_P13	NSCLC	Visium	tumor_like	ambiguous_or_low_signal	COL1A1	ITGA2	ECM-integrin	1.0457087356298514e-05	420	698	2.5
commot_pilot_v1	GSE292299	GSM8855715_NSCLC_P13	NSCLC	Visium	stroma_fibroblast	tumor_like	COL1A1	ITGA2	ECM-integrin	7.192483230060872e-06	4129	420	2.5
commot_pilot_v1	GSE292299	GSM8855715_NSCLC_P13	NSCLC	Visium	stroma_fibroblast	stroma_fibroblast	COL1A1	ITGA2	ECM-integrin	0.0017854426923892145	4129	4129	2.5
commot_pilot_v1	GSE292299	GSM8855715_NSCLC_P13	NSCLC	Visium	stroma_fibroblast	ambiguous_or_low_signal	COL1A1	ITGA2	ECM-integrin	1.267597546192277e-05	4129	698	2.5
commot_pilot_v1	GSE292299	GSM8855715_NSCLC_P13	NSCLC	Visium	ambiguous_or_low_signal	tumor_like	COL1A1	ITGA2	ECM-integrin	4.5927779243392654e-05	698	420	2.5
commot_pilot_v1	GSE292299	GSM8855715_NSCLC_P13	NSCLC	Visium	ambiguous_or_low_signal	stroma_fibroblast	COL1A1	ITGA2	ECM-integrin	2.465425599810648e-06	698	4129	2.5
commot_pilot_v1	GSE292299	GSM8855715_NSCLC_P13	NSCLC	Visium	ambiguous_or_low_signal	ambiguous_or_low_signal	COL1A1	ITGA2	ECM-integrin	0.020749833142992252	698	698	2.5
commot_pilot_v1	GSE292299	GSM8855716_NSCLC_P14	NSCLC	Visium	stroma_fibroblast	stroma_fibroblast	TGFB1	TGFBR1	TGFB	1.5171370240006059e-05	1779	1779	2.5
commot_pilot_v1	GSE292299	GSM8855716_NSCLC_P14	NSCLC	Visium	ambiguous_or_low_signal	tumor_like	TGFB1	TGFBR1	TGFB	0.00325781343494178	56	5	2.5
commot_pilot_v1	GSE292299	GSM8855716_NSCLC_P14	NSCLC	Visium	stroma_fibroblast	stroma_fibroblast	TGFB1	TGFBR2	TGFB	2.2943567262509647e-05	1779	1779	2.5
commot_pilot_v1	GSE292299	GSM8855716_NSCLC_P14	NSCLC	Visium	stroma_fibroblast	ambiguous_or_low_signal	TGFB1	TGFBR2	TGFB	3.736905735835411e-06	1779	56	2.5
commot_pilot_v1	GSE292299	GSM8855716_NSCLC_P14	NSCLC	Visium	ambiguous_or_low_signal	tumor_like	TGFB1	TGFBR2	TGFB	0.003214037077306732	56	5	2.5
commot_pilot_v1	GSE292299	GSM8855716_NSCLC_P14	NSCLC	Visium	ambiguous_or_low_signal	ambiguous_or_low_signal	TGFB1	TGFBR2	TGFB	0.0005382276328349584	56	56	2.5
commot_pilot_v1	GSE292299	GSM8855716_NSCLC_P14	NSCLC	Visium	immune	stroma_fibroblast	CXCL12	CXCR4	CXCL chemokine	4.0376766246245946e-10	21	1779	2.5
commot_pilot_v1	GSE292299	GSM8855716_NSCLC_P14	NSCLC	Visium	stroma_fibroblast	stroma_fibroblast	CXCL12	CXCR4	CXCL chemokine	6.799584792908068e-05	1779	1779	2.5
commot_pilot_v1	GSE292299	GSM8855716_NSCLC_P14	NSCLC	Visium	stroma_fibroblast	ambiguous_or_low_signal	CXCL12	CXCR4	CXCL chemokine	3.481148246304555e-08	1779	56	2.5
commot_pilot_v1	GSE292299	GSM8855716_NSCLC_P14	NSCLC	Visium	ambiguous_or_low_signal	immune	CXCL12	CXCR4	CXCL chemokine	0.0008503401360544242	56	21	2.5
commot_pilot_v1	GSE292299	GSM8855716_NSCLC_P14	NSCLC	Visium	ambiguous_or_low_signal	stroma_fibroblast	CXCL12	CXCR4	CXCL chemokine	8.069724791828072e-06	56	1779	2.5
commot_pilot_v1	GSE292299	GSM8855716_NSCLC_P14	NSCLC	Visium	ambiguous_or_low_signal	ambiguous_or_low_signal	CXCL12	CXCR4	CXCL chemokine	0.0003177716648185918	56	56	2.5
commot_pilot_v1	GSE292299	GSM8855716_NSCLC_P14	NSCLC	Visium	stroma_fibroblast	stroma_fibroblast	CXCL9	CXCR3	CXCL chemokine	9.479150180101518e-07	1779	1779	2.5
commot_pilot_v1	GSE292299	GSM8855716_NSCLC_P14	NSCLC	Visium	stroma_fibroblast	stroma_fibroblast	CCL2	CCR2	CCL chemokine	2.5277731171961004e-06	1779	1779	2.5
commot_pilot_v1	GSE292299	GSM8855716_NSCLC_P14	NSCLC	Visium	stroma_fibroblast	stroma_fibroblast	VEGFA	KDR	VEGF	1.2006922526484139e-05	1779	1779	2.5
commot_pilot_v1	GSE292299	GSM8855716_NSCLC_P14	NSCLC	Visium	tumor_like	tumor_like	SPP1	CD44	SPP1	0.036720675689398026	5	5	2.5
commot_pilot_v1	GSE292299	GSM8855716_NSCLC_P14	NSCLC	Visium	tumor_like	ambiguous_or_low_signal	SPP1	CD44	SPP1	0.002865469057361964	5	56	2.5
commot_pilot_v1	GSE292299	GSM8855716_NSCLC_P14	NSCLC	Visium	immune	immune	SPP1	CD44	SPP1	0.002244886275145732	21	21	2.5
commot_pilot_v1	GSE292299	GSM8855716_NSCLC_P14	NSCLC	Visium	immune	stroma_fibroblast	SPP1	CD44	SPP1	9.614621199910246e-08	21	1779	2.5
commot_pilot_v1	GSE292299	GSM8855716_NSCLC_P14	NSCLC	Visium	immune	ambiguous_or_low_signal	SPP1	CD44	SPP1	0.0005666995816294033	21	56	2.5
commot_pilot_v1	GSE292299	GSM8855716_NSCLC_P14	NSCLC	Visium	stroma_fibroblast	tumor_like	SPP1	CD44	SPP1	0.00011242270938729636	1779	5	2.5
commot_pilot_v1	GSE292299	GSM8855716_NSCLC_P14	NSCLC	Visium	stroma_fibroblast	stroma_fibroblast	SPP1	CD44	SPP1	0.00010448439715265028	1779	1779	2.5
commot_pilot_v1	GSE292299	GSM8855716_NSCLC_P14	NSCLC	Visium	stroma_fibroblast	ambiguous_or_low_signal	SPP1	CD44	SPP1	3.6485507707312224e-06	1779	56	2.5
commot_pilot_v1	GSE292299	GSM8855716_NSCLC_P14	NSCLC	Visium	ambiguous_or_low_signal	immune	SPP1	CD44	SPP1	8.50778287477125e-06	56	21	2.5
commot_pilot_v1	GSE292299	GSM8855716_NSCLC_P14	NSCLC	Visium	ambiguous_or_low_signal	stroma_fibroblast	SPP1	CD44	SPP1	7.359483010635493e-06	56	1779	2.5
commot_pilot_v1	GSE292299	GSM8855716_NSCLC_P14	NSCLC	Visium	ambiguous_or_low_signal	ambiguous_or_low_signal	SPP1	CD44	SPP1	0.0012712585050294435	56	56	2.5
commot_pilot_v1	GSE292299	GSM8855716_NSCLC_P14	NSCLC	Visium	tumor_like	ambiguous_or_low_signal	SPP1	ITGAV	SPP1	0.0029222653925661045	5	56	2.5
commot_pilot_v1	GSE292299	GSM8855716_NSCLC_P14	NSCLC	Visium	immune	immune	SPP1	ITGAV	SPP1	0.0022448609947916367	21	21	2.5
commot_pilot_v1	GSE292299	GSM8855716_NSCLC_P14	NSCLC	Visium	stroma_fibroblast	stroma_fibroblast	SPP1	ITGAV	SPP1	4.635639700756231e-05	1779	1779	2.5
commot_pilot_v1	GSE292299	GSM8855716_NSCLC_P14	NSCLC	Visium	stroma_fibroblast	ambiguous_or_low_signal	SPP1	ITGAV	SPP1	2.328113877610763e-05	1779	56	2.5
commot_pilot_v1	GSE292299	GSM8855716_NSCLC_P14	NSCLC	Visium	ambiguous_or_low_signal	immune	SPP1	ITGAV	SPP1	8.517263007556634e-06	56	21	2.5
commot_pilot_v1	GSE292299	GSM8855716_NSCLC_P14	NSCLC	Visium	ambiguous_or_low_signal	stroma_fibroblast	SPP1	ITGAV	SPP1	5.035637964910368e-06	56	1779	2.5
commot_pilot_v1	GSE292299	GSM8855716_NSCLC_P14	NSCLC	Visium	immune	immune	MIF	CD74	MIF	0.0045351473922902626	21	21	2.5
commot_pilot_v1	GSE292299	GSM8855716_NSCLC_P14	NSCLC	Visium	immune	ambiguous_or_low_signal	MIF	CD74	MIF	2.4835087045381704e-41	21	56	2.5
commot_pilot_v1	GSE292299	GSM8855716_NSCLC_P14	NSCLC	Visium	stroma_fibroblast	tumor_like	MIF	CD74	MIF	2.1098368598337766e-06	1779	5	2.5
commot_pilot_v1	GSE292299	GSM8855716_NSCLC_P14	NSCLC	Visium	stroma_fibroblast	immune	MIF	CD74	MIF	2.682449746429797e-05	1779	21	2.5
commot_pilot_v1	GSE292299	GSM8855716_NSCLC_P14	NSCLC	Visium	stroma_fibroblast	stroma_fibroblast	MIF	CD74	MIF	0.0003761772655911642	1779	1779	2.5
commot_pilot_v1	GSE292299	GSM8855716_NSCLC_P14	NSCLC	Visium	stroma_fibroblast	endothelial	MIF	CD74	MIF	4.4405750007065303e-07	1779	1	2.5
commot_pilot_v1	GSE292299	GSM8855716_NSCLC_P14	NSCLC	Visium	stroma_fibroblast	ambiguous_or_low_signal	MIF	CD74	MIF	5.457516922809242e-05	1779	56	2.5
commot_pilot_v1	GSE292299	GSM8855716_NSCLC_P14	NSCLC	Visium	ambiguous_or_low_signal	tumor_like	MIF	CD74	MIF	0.0035714285714285713	56	5	2.5
commot_pilot_v1	GSE292299	GSM8855716_NSCLC_P14	NSCLC	Visium	ambiguous_or_low_signal	stroma_fibroblast	MIF	CD74	MIF	3.0339317723789883e-05	56	1779	2.5
commot_pilot_v1	GSE292299	GSM8855716_NSCLC_P14	NSCLC	Visium	ambiguous_or_low_signal	ambiguous_or_low_signal	MIF	CD74	MIF	0.0009494746056037371	56	56	2.5
commot_pilot_v1	GSE292299	GSM8855716_NSCLC_P14	NSCLC	Visium	stroma_fibroblast	stroma_fibroblast	DLL4	NOTCH1	NOTCH	2.2118014775465822e-06	1779	1779	2.5
commot_pilot_v1	GSE292299	GSM8855716_NSCLC_P14	NSCLC	Visium	stroma_fibroblast	stroma_fibroblast	JAG1	NOTCH2	NOTCH	1.0427064108433894e-05	1779	1779	2.5
commot_pilot_v1	GSE292299	GSM8855716_NSCLC_P14	NSCLC	Visium	stroma_fibroblast	stroma_fibroblast	WNT5A	FZD5	WNT	3.1597163964951175e-07	1779	1779	2.5
commot_pilot_v1	GSE292299	GSM8855716_NSCLC_P14	NSCLC	Visium	stroma_fibroblast	stroma_fibroblast	HBEGF	EGFR	EGF/ERBB	1.895829919622922e-06	1779	1779	2.5
commot_pilot_v1	GSE292299	GSM8855716_NSCLC_P14	NSCLC	Visium	tumor_like	ambiguous_or_low_signal	COL1A1	ITGA2	ECM-integrin	2.2531150840408466e-06	5	56	2.5
commot_pilot_v1	GSE292299	GSM8855716_NSCLC_P14	NSCLC	Visium	stroma_fibroblast	stroma_fibroblast	COL1A1	ITGA2	ECM-integrin	1.3270792050235796e-05	1779	1779	2.5
commot_pilot_v1	GSE292299	GSM8855716_NSCLC_P14	NSCLC	Visium	stroma_fibroblast	ambiguous_or_low_signal	COL1A1	ITGA2	ECM-integrin	4.11147258981263e-08	1779	56	2.5
commot_pilot_v1	GSE292299	GSM8855716_NSCLC_P14	NSCLC	Visium	ambiguous_or_low_signal	stroma_fibroblast	COL1A1	ITGA2	ECM-integrin	5.341779057250967e-10	56	1779	2.5
commot_pilot_v1	GSE292299	GSM8855716_NSCLC_P14	NSCLC	Visium	ambiguous_or_low_signal	ambiguous_or_low_signal	COL1A1	ITGA2	ECM-integrin	0.0006362478043123732	56	56	2.5
commot_pilot_v1	GSE292299	GSM8855717_NSCLC_P15	NSCLC	Visium	tumor_like	tumor_like	TGFB1	TGFBR1	TGFB	0.0014875708668637326	98	98	2.5
commot_pilot_v1	GSE292299	GSM8855717_NSCLC_P15	NSCLC	Visium	tumor_like	immune	TGFB1	TGFBR1	TGFB	3.1456427474160856e-06	98	2192	2.5
commot_pilot_v1	GSE292299	GSM8855717_NSCLC_P15	NSCLC	Visium	tumor_like	stroma_fibroblast	TGFB1	TGFBR1	TGFB	2.5236342594508504e-06	98	6453	2.5
commot_pilot_v1	GSE292299	GSM8855717_NSCLC_P15	NSCLC	Visium	tumor_like	ambiguous_or_low_signal	TGFB1	TGFBR1	TGFB	1.1635402172227632e-05	98	4227	2.5
commot_pilot_v1	GSE292299	GSM8855717_NSCLC_P15	NSCLC	Visium	immune	tumor_like	TGFB1	TGFBR1	TGFB	7.356955026281479e-06	2192	98	2.5
commot_pilot_v1	GSE292299	GSM8855717_NSCLC_P15	NSCLC	Visium	immune	immune	TGFB1	TGFBR1	TGFB	0.0001486159456012712	2192	2192	2.5
commot_pilot_v1	GSE292299	GSM8855717_NSCLC_P15	NSCLC	Visium	immune	stroma_fibroblast	TGFB1	TGFBR1	TGFB	4.300607420157264e-07	2192	6453	2.5
commot_pilot_v1	GSE292299	GSM8855717_NSCLC_P15	NSCLC	Visium	immune	ambiguous_or_low_signal	TGFB1	TGFBR1	TGFB	2.2930074284301928e-05	2192	4227	2.5
commot_pilot_v1	GSE292299	GSM8855717_NSCLC_P15	NSCLC	Visium	stroma_fibroblast	tumor_like	TGFB1	TGFBR1	TGFB	4.3003165395982656e-07	6453	98	2.5
commot_pilot_v1	GSE292299	GSM8855717_NSCLC_P15	NSCLC	Visium	stroma_fibroblast	immune	TGFB1	TGFBR1	TGFB	3.032370031457193e-07	6453	2192	2.5
commot_pilot_v1	GSE292299	GSM8855717_NSCLC_P15	NSCLC	Visium	stroma_fibroblast	stroma_fibroblast	TGFB1	TGFBR1	TGFB	1.4838717937500002e-05	6453	6453	2.5
commot_pilot_v1	GSE292299	GSM8855717_NSCLC_P15	NSCLC	Visium	stroma_fibroblast	ambiguous_or_low_signal	TGFB1	TGFBR1	TGFB	3.4135891752927355e-06	6453	4227	2.5
commot_pilot_v1	GSE292299	GSM8855717_NSCLC_P15	NSCLC	Visium	endothelial	endothelial	TGFB1	TGFBR1	TGFB	0.0005262026381569982	32	32	2.5
commot_pilot_v1	GSE292299	GSM8855717_NSCLC_P15	NSCLC	Visium	ambiguous_or_low_signal	tumor_like	TGFB1	TGFBR1	TGFB	1.02226664541976e-05	4227	98	2.5
commot_pilot_v1	GSE292299	GSM8855717_NSCLC_P15	NSCLC	Visium	ambiguous_or_low_signal	immune	TGFB1	TGFBR1	TGFB	2.2342852375419613e-05	4227	2192	2.5
commot_pilot_v1	GSE292299	GSM8855717_NSCLC_P15	NSCLC	Visium	ambiguous_or_low_signal	stroma_fibroblast	TGFB1	TGFBR1	TGFB	3.932645218114758e-06	4227	6453	2.5
commot_pilot_v1	GSE292299	GSM8855717_NSCLC_P15	NSCLC	Visium	ambiguous_or_low_signal	ambiguous_or_low_signal	TGFB1	TGFBR1	TGFB	7.754848357048832e-05	4227	4227	2.5
commot_pilot_v1	GSE292299	GSM8855717_NSCLC_P15	NSCLC	Visium	tumor_like	tumor_like	TGFB1	TGFBR2	TGFB	0.0018478363129344566	98	98	2.5
commot_pilot_v1	GSE292299	GSM8855717_NSCLC_P15	NSCLC	Visium	tumor_like	immune	TGFB1	TGFBR2	TGFB	2.7782133910315146e-06	98	2192	2.5
commot_pilot_v1	GSE292299	GSM8855717_NSCLC_P15	NSCLC	Visium	tumor_like	stroma_fibroblast	TGFB1	TGFBR2	TGFB	1.7213254494531165e-08	98	6453	2.5
commot_pilot_v1	GSE292299	GSM8855717_NSCLC_P15	NSCLC	Visium	tumor_like	ambiguous_or_low_signal	TGFB1	TGFBR2	TGFB	1.310159745410236e-05	98	4227	2.5
commot_pilot_v1	GSE292299	GSM8855717_NSCLC_P15	NSCLC	Visium	immune	tumor_like	TGFB1	TGFBR2	TGFB	9.662317008821842e-06	2192	98	2.5
commot_pilot_v1	GSE292299	GSM8855717_NSCLC_P15	NSCLC	Visium	immune	immune	TGFB1	TGFBR2	TGFB	0.0002960630977933342	2192	2192	2.5
commot_pilot_v1	GSE292299	GSM8855717_NSCLC_P15	NSCLC	Visium	immune	stroma_fibroblast	TGFB1	TGFBR2	TGFB	2.6826938588573997e-07	2192	6453	2.5
commot_pilot_v1	GSE292299	GSM8855717_NSCLC_P15	NSCLC	Visium	immune	ambiguous_or_low_signal	TGFB1	TGFBR2	TGFB	5.326714451757261e-06	2192	4227	2.5
commot_pilot_v1	GSE292299	GSM8855717_NSCLC_P15	NSCLC	Visium	stroma_fibroblast	tumor_like	TGFB1	TGFBR2	TGFB	8.276566380536638e-07	6453	98	2.5
commot_pilot_v1	GSE292299	GSM8855717_NSCLC_P15	NSCLC	Visium	stroma_fibroblast	immune	TGFB1	TGFBR2	TGFB	3.3976906891317895e-07	6453	2192	2.5
commot_pilot_v1	GSE292299	GSM8855717_NSCLC_P15	NSCLC	Visium	stroma_fibroblast	stroma_fibroblast	TGFB1	TGFBR2	TGFB	3.114638950076588e-05	6453	6453	2.5
commot_pilot_v1	GSE292299	GSM8855717_NSCLC_P15	NSCLC	Visium	stroma_fibroblast	ambiguous_or_low_signal	TGFB1	TGFBR2	TGFB	1.6449141152336648e-06	6453	4227	2.5
commot_pilot_v1	GSE292299	GSM8855717_NSCLC_P15	NSCLC	Visium	endothelial	endothelial	TGFB1	TGFBR2	TGFB	0.0003248417733314733	32	32	2.5
commot_pilot_v1	GSE292299	GSM8855717_NSCLC_P15	NSCLC	Visium	endothelial	ambiguous_or_low_signal	TGFB1	TGFBR2	TGFB	4.646694779363397e-06	32	4227	2.5
commot_pilot_v1	GSE292299	GSM8855717_NSCLC_P15	NSCLC	Visium	ambiguous_or_low_signal	tumor_like	TGFB1	TGFBR2	TGFB	4.950127549486718e-06	4227	98	2.5
commot_pilot_v1	GSE292299	GSM8855717_NSCLC_P15	NSCLC	Visium	ambiguous_or_low_signal	immune	TGFB1	TGFBR2	TGFB	5.718970221780555e-06	4227	2192	2.5
commot_pilot_v1	GSE292299	GSM8855717_NSCLC_P15	NSCLC	Visium	ambiguous_or_low_signal	stroma_fibroblast	TGFB1	TGFBR2	TGFB	1.6043941856552357e-06	4227	6453	2.5
commot_pilot_v1	GSE292299	GSM8855717_NSCLC_P15	NSCLC	Visium	ambiguous_or_low_signal	ambiguous_or_low_signal	TGFB1	TGFBR2	TGFB	0.00014923298753297435	4227	4227	2.5
commot_pilot_v1	GSE292299	GSM8855717_NSCLC_P15	NSCLC	Visium	tumor_like	tumor_like	CXCL12	CXCR4	CXCL chemokine	0.00264736149216502	98	98	2.5
commot_pilot_v1	GSE292299	GSM8855717_NSCLC_P15	NSCLC	Visium	tumor_like	immune	CXCL12	CXCR4	CXCL chemokine	4.900332776421958e-06	98	2192	2.5
commot_pilot_v1	GSE292299	GSM8855717_NSCLC_P15	NSCLC	Visium	tumor_like	stroma_fibroblast	CXCL12	CXCR4	CXCL chemokine	1.511559614431526e-06	98	6453	2.5
commot_pilot_v1	GSE292299	GSM8855717_NSCLC_P15	NSCLC	Visium	tumor_like	ambiguous_or_low_signal	CXCL12	CXCR4	CXCL chemokine	1.60616341466493e-05	98	4227	2.5
commot_pilot_v1	GSE292299	GSM8855717_NSCLC_P15	NSCLC	Visium	immune	tumor_like	CXCL12	CXCR4	CXCL chemokine	1.256141695568796e-05	2192	98	2.5
commot_pilot_v1	GSE292299	GSM8855717_NSCLC_P15	NSCLC	Visium	immune	immune	CXCL12	CXCR4	CXCL chemokine	0.0014082446486935215	2192	2192	2.5
commot_pilot_v1	GSE292299	GSM8855717_NSCLC_P15	NSCLC	Visium	immune	stroma_fibroblast	CXCL12	CXCR4	CXCL chemokine	2.4055430019833118e-06	2192	6453	2.5
commot_pilot_v1	GSE292299	GSM8855717_NSCLC_P15	NSCLC	Visium	immune	endothelial	CXCL12	CXCR4	CXCL chemokine	1.4347445831812216e-05	2192	32	2.5
commot_pilot_v1	GSE292299	GSM8855717_NSCLC_P15	NSCLC	Visium	immune	ambiguous_or_low_signal	CXCL12	CXCR4	CXCL chemokine	4.642931625750609e-05	2192	4227	2.5
commot_pilot_v1	GSE292299	GSM8855717_NSCLC_P15	NSCLC	Visium	stroma_fibroblast	tumor_like	CXCL12	CXCR4	CXCL chemokine	4.0931344775558445e-06	6453	98	2.5
commot_pilot_v1	GSE292299	GSM8855717_NSCLC_P15	NSCLC	Visium	stroma_fibroblast	immune	CXCL12	CXCR4	CXCL chemokine	3.263718236330401e-06	6453	2192	2.5
commot_pilot_v1	GSE292299	GSM8855717_NSCLC_P15	NSCLC	Visium	stroma_fibroblast	stroma_fibroblast	CXCL12	CXCR4	CXCL chemokine	0.00012190910078745208	6453	6453	2.5
commot_pilot_v1	GSE292299	GSM8855717_NSCLC_P15	NSCLC	Visium	stroma_fibroblast	ambiguous_or_low_signal	CXCL12	CXCR4	CXCL chemokine	1.0694533169807982e-05	6453	4227	2.5
commot_pilot_v1	GSE292299	GSM8855717_NSCLC_P15	NSCLC	Visium	endothelial	immune	CXCL12	CXCR4	CXCL chemokine	4.1746964342002576e-10	32	2192	2.5
commot_pilot_v1	GSE292299	GSM8855717_NSCLC_P15	NSCLC	Visium	endothelial	stroma_fibroblast	CXCL12	CXCR4	CXCL chemokine	5.3000123056708875e-06	32	6453	2.5
commot_pilot_v1	GSE292299	GSM8855717_NSCLC_P15	NSCLC	Visium	endothelial	endothelial	CXCL12	CXCR4	CXCL chemokine	0.0029171942081148345	32	32	2.5
commot_pilot_v1	GSE292299	GSM8855717_NSCLC_P15	NSCLC	Visium	endothelial	ambiguous_or_low_signal	CXCL12	CXCR4	CXCL chemokine	1.938554135630346e-05	32	4227	2.5
commot_pilot_v1	GSE292299	GSM8855717_NSCLC_P15	NSCLC	Visium	ambiguous_or_low_signal	tumor_like	CXCL12	CXCR4	CXCL chemokine	3.645510971286689e-05	4227	98	2.5
commot_pilot_v1	GSE292299	GSM8855717_NSCLC_P15	NSCLC	Visium	ambiguous_or_low_signal	immune	CXCL12	CXCR4	CXCL chemokine	6.273622848853058e-05	4227	2192	2.5
commot_pilot_v1	GSE292299	GSM8855717_NSCLC_P15	NSCLC	Visium	ambiguous_or_low_signal	stroma_fibroblast	CXCL12	CXCR4	CXCL chemokine	7.070193893050426e-06	4227	6453	2.5
commot_pilot_v1	GSE292299	GSM8855717_NSCLC_P15	NSCLC	Visium	ambiguous_or_low_signal	endothelial	CXCL12	CXCR4	CXCL chemokine	1.4833258594036743e-05	4227	32	2.5
commot_pilot_v1	GSE292299	GSM8855717_NSCLC_P15	NSCLC	Visium	ambiguous_or_low_signal	ambiguous_or_low_signal	CXCL12	CXCR4	CXCL chemokine	0.0007340523709198597	4227	4227	2.5
commot_pilot_v1	GSE292299	GSM8855717_NSCLC_P15	NSCLC	Visium	tumor_like	tumor_like	CXCL9	CXCR3	CXCL chemokine	0.00010342640036188341	98	98	2.5
commot_pilot_v1	GSE292299	GSM8855717_NSCLC_P15	NSCLC	Visium	tumor_like	immune	CXCL9	CXCR3	CXCL chemokine	1.2356408995263787e-10	98	2192	2.5
commot_pilot_v1	GSE292299	GSM8855717_NSCLC_P15	NSCLC	Visium	tumor_like	ambiguous_or_low_signal	CXCL9	CXCR3	CXCL chemokine	5.6136940977147885e-06	98	4227	2.5
commot_pilot_v1	GSE292299	GSM8855717_NSCLC_P15	NSCLC	Visium	immune	immune	CXCL9	CXCR3	CXCL chemokine	7.270540807851198e-05	2192	2192	2.5
commot_pilot_v1	GSE292299	GSM8855717_NSCLC_P15	NSCLC	Visium	immune	stroma_fibroblast	CXCL9	CXCR3	CXCL chemokine	3.8007172699589973e-07	2192	6453	2.5
commot_pilot_v1	GSE292299	GSM8855717_NSCLC_P15	NSCLC	Visium	immune	ambiguous_or_low_signal	CXCL9	CXCR3	CXCL chemokine	1.4347273266510318e-05	2192	4227	2.5
commot_pilot_v1	GSE292299	GSM8855717_NSCLC_P15	NSCLC	Visium	stroma_fibroblast	immune	CXCL9	CXCR3	CXCL chemokine	1.2447792865069975e-07	6453	2192	2.5
commot_pilot_v1	GSE292299	GSM8855717_NSCLC_P15	NSCLC	Visium	stroma_fibroblast	stroma_fibroblast	CXCL9	CXCR3	CXCL chemokine	5.944687717034891e-06	6453	6453	2.5
commot_pilot_v1	GSE292299	GSM8855717_NSCLC_P15	NSCLC	Visium	stroma_fibroblast	ambiguous_or_low_signal	CXCL9	CXCR3	CXCL chemokine	2.0426786862520384e-06	6453	4227	2.5
commot_pilot_v1	GSE292299	GSM8855717_NSCLC_P15	NSCLC	Visium	ambiguous_or_low_signal	tumor_like	CXCL9	CXCR3	CXCL chemokine	2.4301812230521775e-06	4227	98	2.5
commot_pilot_v1	GSE292299	GSM8855717_NSCLC_P15	NSCLC	Visium	ambiguous_or_low_signal	immune	CXCL9	CXCR3	CXCL chemokine	9.631959280879669e-06	4227	2192	2.5
commot_pilot_v1	GSE292299	GSM8855717_NSCLC_P15	NSCLC	Visium	ambiguous_or_low_signal	stroma_fibroblast	CXCL9	CXCR3	CXCL chemokine	1.665039795523131e-06	4227	6453	2.5
commot_pilot_v1	GSE292299	GSM8855717_NSCLC_P15	NSCLC	Visium	ambiguous_or_low_signal	ambiguous_or_low_signal	CXCL9	CXCR3	CXCL chemokine	3.639774800126508e-05	4227	4227	2.5
commot_pilot_v1	GSE292299	GSM8855717_NSCLC_P15	NSCLC	Visium	tumor_like	tumor_like	CCL2	CCR2	CCL chemokine	0.00031368023654417985	98	98	2.5
commot_pilot_v1	GSE292299	GSM8855717_NSCLC_P15	NSCLC	Visium	tumor_like	immune	CCL2	CCR2	CCL chemokine	9.203914938174758e-09	98	2192	2.5
commot_pilot_v1	GSE292299	GSM8855717_NSCLC_P15	NSCLC	Visium	tumor_like	stroma_fibroblast	CCL2	CCR2	CCL chemokine	1.5781282710754316e-06	98	6453	2.5
commot_pilot_v1	GSE292299	GSM8855717_NSCLC_P15	NSCLC	Visium	tumor_like	ambiguous_or_low_signal	CCL2	CCR2	CCL chemokine	3.966947199948225e-06	98	4227	2.5
commot_pilot_v1	GSE292299	GSM8855717_NSCLC_P15	NSCLC	Visium	immune	tumor_like	CCL2	CCR2	CCL chemokine	1.8779509834225701e-06	2192	98	2.5
commot_pilot_v1	GSE292299	GSM8855717_NSCLC_P15	NSCLC	Visium	immune	immune	CCL2	CCR2	CCL chemokine	0.0002219160276704099	2192	2192	2.5
commot_pilot_v1	GSE292299	GSM8855717_NSCLC_P15	NSCLC	Visium	immune	stroma_fibroblast	CCL2	CCR2	CCL chemokine	5.198190082217346e-07	2192	6453	2.5
commot_pilot_v1	GSE292299	GSM8855717_NSCLC_P15	NSCLC	Visium	immune	ambiguous_or_low_signal	CCL2	CCR2	CCL chemokine	1.7666676422436743e-05	2192	4227	2.5
commot_pilot_v1	GSE292299	GSM8855717_NSCLC_P15	NSCLC	Visium	stroma_fibroblast	tumor_like	CCL2	CCR2	CCL chemokine	2.969433580523919e-07	6453	98	2.5
commot_pilot_v1	GSE292299	GSM8855717_NSCLC_P15	NSCLC	Visium	stroma_fibroblast	immune	CCL2	CCR2	CCL chemokine	7.085534151142174e-07	6453	2192	2.5
commot_pilot_v1	GSE292299	GSM8855717_NSCLC_P15	NSCLC	Visium	stroma_fibroblast	stroma_fibroblast	CCL2	CCR2	CCL chemokine	2.1506125877976883e-05	6453	6453	2.5
commot_pilot_v1	GSE292299	GSM8855717_NSCLC_P15	NSCLC	Visium	stroma_fibroblast	ambiguous_or_low_signal	CCL2	CCR2	CCL chemokine	3.440974366140361e-06	6453	4227	2.5
commot_pilot_v1	GSE292299	GSM8855717_NSCLC_P15	NSCLC	Visium	endothelial	stroma_fibroblast	CCL2	CCR2	CCL chemokine	3.330743442837551e-06	32	6453	2.5
commot_pilot_v1	GSE292299	GSM8855717_NSCLC_P15	NSCLC	Visium	endothelial	endothelial	CCL2	CCR2	CCL chemokine	0.0009765625000000002	32	32	2.5
commot_pilot_v1	GSE292299	GSM8855717_NSCLC_P15	NSCLC	Visium	ambiguous_or_low_signal	tumor_like	CCL2	CCR2	CCL chemokine	1.4832446237033349e-05	4227	98	2.5
commot_pilot_v1	GSE292299	GSM8855717_NSCLC_P15	NSCLC	Visium	ambiguous_or_low_signal	immune	CCL2	CCR2	CCL chemokine	2.2964550999876797e-05	4227	2192	2.5
commot_pilot_v1	GSE292299	GSM8855717_NSCLC_P15	NSCLC	Visium	ambiguous_or_low_signal	stroma_fibroblast	CCL2	CCR2	CCL chemokine	3.2585262252198283e-06	4227	6453	2.5
commot_pilot_v1	GSE292299	GSM8855717_NSCLC_P15	NSCLC	Visium	ambiguous_or_low_signal	ambiguous_or_low_signal	CCL2	CCR2	CCL chemokine	0.00012002303015300292	4227	4227	2.5
commot_pilot_v1	GSE292299	GSM8855717_NSCLC_P15	NSCLC	Visium	tumor_like	tumor_like	VEGFA	KDR	VEGF	0.0006214566922386157	98	98	2.5
commot_pilot_v1	GSE292299	GSM8855717_NSCLC_P15	NSCLC	Visium	tumor_like	immune	VEGFA	KDR	VEGF	7.8667417139991e-06	98	2192	2.5
commot_pilot_v1	GSE292299	GSM8855717_NSCLC_P15	NSCLC	Visium	tumor_like	stroma_fibroblast	VEGFA	KDR	VEGF	1.6168268960335066e-06	98	6453	2.5
commot_pilot_v1	GSE292299	GSM8855717_NSCLC_P15	NSCLC	Visium	tumor_like	ambiguous_or_low_signal	VEGFA	KDR	VEGF	2.7924776414884687e-06	98	4227	2.5
commot_pilot_v1	GSE292299	GSM8855717_NSCLC_P15	NSCLC	Visium	immune	tumor_like	VEGFA	KDR	VEGF	1.0607357999516607e-10	2192	98	2.5
commot_pilot_v1	GSE292299	GSM8855717_NSCLC_P15	NSCLC	Visium	immune	immune	VEGFA	KDR	VEGF	0.00015005144261466725	2192	2192	2.5
commot_pilot_v1	GSE292299	GSM8855717_NSCLC_P15	NSCLC	Visium	immune	stroma_fibroblast	VEGFA	KDR	VEGF	5.560639360852297e-07	2192	6453	2.5
commot_pilot_v1	GSE292299	GSM8855717_NSCLC_P15	NSCLC	Visium	immune	ambiguous_or_low_signal	VEGFA	KDR	VEGF	2.275720957232067e-05	2192	4227	2.5
commot_pilot_v1	GSE292299	GSM8855717_NSCLC_P15	NSCLC	Visium	stroma_fibroblast	immune	VEGFA	KDR	VEGF	6.350846803390888e-07	6453	2192	2.5
commot_pilot_v1	GSE292299	GSM8855717_NSCLC_P15	NSCLC	Visium	stroma_fibroblast	stroma_fibroblast	VEGFA	KDR	VEGF	1.7472756627022373e-05	6453	6453	2.5
commot_pilot_v1	GSE292299	GSM8855717_NSCLC_P15	NSCLC	Visium	stroma_fibroblast	ambiguous_or_low_signal	VEGFA	KDR	VEGF	4.246212962329455e-06	6453	4227	2.5
commot_pilot_v1	GSE292299	GSM8855717_NSCLC_P15	NSCLC	Visium	endothelial	ambiguous_or_low_signal	VEGFA	KDR	VEGF	4.714932294076558e-06	32	4227	2.5
commot_pilot_v1	GSE292299	GSM8855717_NSCLC_P15	NSCLC	Visium	ambiguous_or_low_signal	tumor_like	VEGFA	KDR	VEGF	7.605901188717437e-08	4227	98	2.5
commot_pilot_v1	GSE292299	GSM8855717_NSCLC_P15	NSCLC	Visium	ambiguous_or_low_signal	immune	VEGFA	KDR	VEGF	2.6138057203019976e-05	4227	2192	2.5
commot_pilot_v1	GSE292299	GSM8855717_NSCLC_P15	NSCLC	Visium	ambiguous_or_low_signal	stroma_fibroblast	VEGFA	KDR	VEGF	4.588959249098958e-06	4227	6453	2.5
commot_pilot_v1	GSE292299	GSM8855717_NSCLC_P15	NSCLC	Visium	ambiguous_or_low_signal	endothelial	VEGFA	KDR	VEGF	7.392950082801043e-06	4227	32	2.5
commot_pilot_v1	GSE292299	GSM8855717_NSCLC_P15	NSCLC	Visium	ambiguous_or_low_signal	ambiguous_or_low_signal	VEGFA	KDR	VEGF	9.038998622751693e-05	4227	4227	2.5
commot_pilot_v1	GSE292299	GSM8855717_NSCLC_P15	NSCLC	Visium	tumor_like	tumor_like	SPP1	CD44	SPP1	0.0026978569986560253	98	98	2.5
commot_pilot_v1	GSE292299	GSM8855717_NSCLC_P15	NSCLC	Visium	tumor_like	immune	SPP1	CD44	SPP1	3.010213287599727e-06	98	2192	2.5
commot_pilot_v1	GSE292299	GSM8855717_NSCLC_P15	NSCLC	Visium	tumor_like	stroma_fibroblast	SPP1	CD44	SPP1	1.294868644797357e-08	98	6453	2.5
commot_pilot_v1	GSE292299	GSM8855717_NSCLC_P15	NSCLC	Visium	tumor_like	ambiguous_or_low_signal	SPP1	CD44	SPP1	5.972329519118259e-06	98	4227	2.5
commot_pilot_v1	GSE292299	GSM8855717_NSCLC_P15	NSCLC	Visium	immune	tumor_like	SPP1	CD44	SPP1	9.369501728991645e-09	2192	98	2.5
commot_pilot_v1	GSE292299	GSM8855717_NSCLC_P15	NSCLC	Visium	immune	immune	SPP1	CD44	SPP1	0.00016868812203147564	2192	2192	2.5
commot_pilot_v1	GSE292299	GSM8855717_NSCLC_P15	NSCLC	Visium	immune	stroma_fibroblast	SPP1	CD44	SPP1	1.9823601209629702e-07	2192	6453	2.5
commot_pilot_v1	GSE292299	GSM8855717_NSCLC_P15	NSCLC	Visium	immune	ambiguous_or_low_signal	SPP1	CD44	SPP1	2.2899976599331594e-06	2192	4227	2.5
commot_pilot_v1	GSE292299	GSM8855717_NSCLC_P15	NSCLC	Visium	stroma_fibroblast	tumor_like	SPP1	CD44	SPP1	1.500107738555628e-06	6453	98	2.5
commot_pilot_v1	GSE292299	GSM8855717_NSCLC_P15	NSCLC	Visium	stroma_fibroblast	immune	SPP1	CD44	SPP1	2.274089537035489e-07	6453	2192	2.5
commot_pilot_v1	GSE292299	GSM8855717_NSCLC_P15	NSCLC	Visium	stroma_fibroblast	stroma_fibroblast	SPP1	CD44	SPP1	1.6679354278922626e-05	6453	6453	2.5
commot_pilot_v1	GSE292299	GSM8855717_NSCLC_P15	NSCLC	Visium	stroma_fibroblast	ambiguous_or_low_signal	SPP1	CD44	SPP1	1.5843639379024981e-06	6453	4227	2.5
commot_pilot_v1	GSE292299	GSM8855717_NSCLC_P15	NSCLC	Visium	endothelial	ambiguous_or_low_signal	SPP1	CD44	SPP1	7.392950082801044e-06	32	4227	2.5
commot_pilot_v1	GSE292299	GSM8855717_NSCLC_P15	NSCLC	Visium	ambiguous_or_low_signal	tumor_like	SPP1	CD44	SPP1	1.0827315038248398e-05	4227	98	2.5
commot_pilot_v1	GSE292299	GSM8855717_NSCLC_P15	NSCLC	Visium	ambiguous_or_low_signal	immune	SPP1	CD44	SPP1	2.2397713220607446e-06	4227	2192	2.5
commot_pilot_v1	GSE292299	GSM8855717_NSCLC_P15	NSCLC	Visium	ambiguous_or_low_signal	stroma_fibroblast	SPP1	CD44	SPP1	1.0840521388324919e-06	4227	6453	2.5
commot_pilot_v1	GSE292299	GSM8855717_NSCLC_P15	NSCLC	Visium	ambiguous_or_low_signal	ambiguous_or_low_signal	SPP1	CD44	SPP1	8.012902752827642e-05	4227	4227	2.5
commot_pilot_v1	GSE292299	GSM8855717_NSCLC_P15	NSCLC	Visium	tumor_like	tumor_like	SPP1	ITGAV	SPP1	0.0017196122897939455	98	98	2.5
commot_pilot_v1	GSE292299	GSM8855717_NSCLC_P15	NSCLC	Visium	tumor_like	immune	SPP1	ITGAV	SPP1	4.793717490392026e-06	98	2192	2.5
commot_pilot_v1	GSE292299	GSM8855717_NSCLC_P15	NSCLC	Visium	tumor_like	stroma_fibroblast	SPP1	ITGAV	SPP1	2.7867433745014393e-09	98	6453	2.5
commot_pilot_v1	GSE292299	GSM8855717_NSCLC_P15	NSCLC	Visium	tumor_like	ambiguous_or_low_signal	SPP1	ITGAV	SPP1	7.02623941838056e-06	98	4227	2.5
commot_pilot_v1	GSE292299	GSM8855717_NSCLC_P15	NSCLC	Visium	immune	tumor_like	SPP1	ITGAV	SPP1	3.718571120095959e-06	2192	98	2.5
commot_pilot_v1	GSE292299	GSM8855717_NSCLC_P15	NSCLC	Visium	immune	immune	SPP1	ITGAV	SPP1	9.888380461593387e-05	2192	2192	2.5
commot_pilot_v1	GSE292299	GSM8855717_NSCLC_P15	NSCLC	Visium	immune	stroma_fibroblast	SPP1	ITGAV	SPP1	6.352373253975922e-07	2192	6453	2.5
commot_pilot_v1	GSE292299	GSM8855717_NSCLC_P15	NSCLC	Visium	immune	ambiguous_or_low_signal	SPP1	ITGAV	SPP1	8.81752496166218e-06	2192	4227	2.5
commot_pilot_v1	GSE292299	GSM8855717_NSCLC_P15	NSCLC	Visium	stroma_fibroblast	tumor_like	SPP1	ITGAV	SPP1	1.8290493500240636e-06	6453	98	2.5
commot_pilot_v1	GSE292299	GSM8855717_NSCLC_P15	NSCLC	Visium	stroma_fibroblast	immune	SPP1	ITGAV	SPP1	2.331994529072281e-07	6453	2192	2.5
commot_pilot_v1	GSE292299	GSM8855717_NSCLC_P15	NSCLC	Visium	stroma_fibroblast	stroma_fibroblast	SPP1	ITGAV	SPP1	1.0915712420964669e-05	6453	6453	2.5
commot_pilot_v1	GSE292299	GSM8855717_NSCLC_P15	NSCLC	Visium	stroma_fibroblast	ambiguous_or_low_signal	SPP1	ITGAV	SPP1	2.1991539873189927e-06	6453	4227	2.5
commot_pilot_v1	GSE292299	GSM8855717_NSCLC_P15	NSCLC	Visium	ambiguous_or_low_signal	tumor_like	SPP1	ITGAV	SPP1	1.296076345882279e-05	4227	98	2.5
commot_pilot_v1	GSE292299	GSM8855717_NSCLC_P15	NSCLC	Visium	ambiguous_or_low_signal	immune	SPP1	ITGAV	SPP1	8.373561238934503e-06	4227	2192	2.5
commot_pilot_v1	GSE292299	GSM8855717_NSCLC_P15	NSCLC	Visium	ambiguous_or_low_signal	stroma_fibroblast	SPP1	ITGAV	SPP1	1.8246940061587091e-06	4227	6453	2.5
commot_pilot_v1	GSE292299	GSM8855717_NSCLC_P15	NSCLC	Visium	ambiguous_or_low_signal	ambiguous_or_low_signal	SPP1	ITGAV	SPP1	5.0941381963748715e-05	4227	4227	2.5
commot_pilot_v1	GSE292299	GSM8855717_NSCLC_P15	NSCLC	Visium	tumor_like	tumor_like	MIF	CD74	MIF	0.05505795663448422	98	98	2.5
commot_pilot_v1	GSE292299	GSM8855717_NSCLC_P15	NSCLC	Visium	tumor_like	immune	MIF	CD74	MIF	2.019482459894938e-06	98	2192	2.5
commot_pilot_v1	GSE292299	GSM8855717_NSCLC_P15	NSCLC	Visium	tumor_like	stroma_fibroblast	MIF	CD74	MIF	1.0658240065863539e-05	98	6453	2.5
commot_pilot_v1	GSE292299	GSM8855717_NSCLC_P15	NSCLC	Visium	tumor_like	endothelial	MIF	CD74	MIF	9.409384602144076e-07	98	32	2.5
commot_pilot_v1	GSE292299	GSM8855717_NSCLC_P15	NSCLC	Visium	tumor_like	ambiguous_or_low_signal	MIF	CD74	MIF	9.908704667957443e-05	98	4227	2.5
commot_pilot_v1	GSE292299	GSM8855717_NSCLC_P15	NSCLC	Visium	immune	tumor_like	MIF	CD74	MIF	1.0759644478725953e-07	2192	98	2.5
commot_pilot_v1	GSE292299	GSM8855717_NSCLC_P15	NSCLC	Visium	immune	immune	MIF	CD74	MIF	0.0010093754588078481	2192	2192	2.5
commot_pilot_v1	GSE292299	GSM8855717_NSCLC_P15	NSCLC	Visium	immune	stroma_fibroblast	MIF	CD74	MIF	1.0792783150448251e-07	2192	6453	2.5
commot_pilot_v1	GSE292299	GSM8855717_NSCLC_P15	NSCLC	Visium	immune	endothelial	MIF	CD74	MIF	1.8296275014117136e-06	2192	32	2.5
commot_pilot_v1	GSE292299	GSM8855717_NSCLC_P15	NSCLC	Visium	immune	ambiguous_or_low_signal	MIF	CD74	MIF	7.997453884165029e-07	2192	4227	2.5
commot_pilot_v1	GSE292299	GSM8855717_NSCLC_P15	NSCLC	Visium	stroma_fibroblast	tumor_like	MIF	CD74	MIF	8.345487801051766e-08	6453	98	2.5
commot_pilot_v1	GSE292299	GSM8855717_NSCLC_P15	NSCLC	Visium	stroma_fibroblast	immune	MIF	CD74	MIF	4.242535675194121e-08	6453	2192	2.5
commot_pilot_v1	GSE292299	GSM8855717_NSCLC_P15	NSCLC	Visium	stroma_fibroblast	stroma_fibroblast	MIF	CD74	MIF	0.0001250166011223027	6453	6453	2.5
commot_pilot_v1	GSE292299	GSM8855717_NSCLC_P15	NSCLC	Visium	stroma_fibroblast	endothelial	MIF	CD74	MIF	3.5296341824341766e-06	6453	32	2.5
commot_pilot_v1	GSE292299	GSM8855717_NSCLC_P15	NSCLC	Visium	stroma_fibroblast	ambiguous_or_low_signal	MIF	CD74	MIF	3.5839380304986536e-07	6453	4227	2.5
commot_pilot_v1	GSE292299	GSM8855717_NSCLC_P15	NSCLC	Visium	endothelial	immune	MIF	CD74	MIF	3.4686708965539906e-07	32	2192	2.5
commot_pilot_v1	GSE292299	GSM8855717_NSCLC_P15	NSCLC	Visium	endothelial	stroma_fibroblast	MIF	CD74	MIF	4.655065851254315e-08	32	6453	2.5
commot_pilot_v1	GSE292299	GSM8855717_NSCLC_P15	NSCLC	Visium	endothelial	endothelial	MIF	CD74	MIF	0.0028947252576634695	32	32	2.5
commot_pilot_v1	GSE292299	GSM8855717_NSCLC_P15	NSCLC	Visium	endothelial	ambiguous_or_low_signal	MIF	CD74	MIF	1.3737330225561137e-08	32	4227	2.5
commot_pilot_v1	GSE292299	GSM8855717_NSCLC_P15	NSCLC	Visium	ambiguous_or_low_signal	tumor_like	MIF	CD74	MIF	1.4659041681139622e-05	4227	98	2.5
commot_pilot_v1	GSE292299	GSM8855717_NSCLC_P15	NSCLC	Visium	ambiguous_or_low_signal	immune	MIF	CD74	MIF	1.3504668175272647e-06	4227	2192	2.5
commot_pilot_v1	GSE292299	GSM8855717_NSCLC_P15	NSCLC	Visium	ambiguous_or_low_signal	stroma_fibroblast	MIF	CD74	MIF	4.394004841954184e-07	4227	6453	2.5
commot_pilot_v1	GSE292299	GSM8855717_NSCLC_P15	NSCLC	Visium	ambiguous_or_low_signal	endothelial	MIF	CD74	MIF	3.0130009199186583e-06	4227	32	2.5
commot_pilot_v1	GSE292299	GSM8855717_NSCLC_P15	NSCLC	Visium	ambiguous_or_low_signal	ambiguous_or_low_signal	MIF	CD74	MIF	0.0005441167429238595	4227	4227	2.5
commot_pilot_v1	GSE292299	GSM8855717_NSCLC_P15	NSCLC	Visium	tumor_like	tumor_like	DLL4	NOTCH1	NOTCH	0.0006113313432360925	98	98	2.5
commot_pilot_v1	GSE292299	GSM8855717_NSCLC_P15	NSCLC	Visium	tumor_like	immune	DLL4	NOTCH1	NOTCH	4.7725107495314585e-06	98	2192	2.5
commot_pilot_v1	GSE292299	GSM8855717_NSCLC_P15	NSCLC	Visium	tumor_like	stroma_fibroblast	DLL4	NOTCH1	NOTCH	4.3582835633910317e-08	98	6453	2.5
commot_pilot_v1	GSE292299	GSM8855717_NSCLC_P15	NSCLC	Visium	tumor_like	ambiguous_or_low_signal	DLL4	NOTCH1	NOTCH	5.010913116617734e-06	98	4227	2.5
commot_pilot_v1	GSE292299	GSM8855717_NSCLC_P15	NSCLC	Visium	immune	tumor_like	DLL4	NOTCH1	NOTCH	6.111934407545288e-07	2192	98	2.5
commot_pilot_v1	GSE292299	GSM8855717_NSCLC_P15	NSCLC	Visium	immune	immune	DLL4	NOTCH1	NOTCH	8.743110299014446e-05	2192	2192	2.5
commot_pilot_v1	GSE292299	GSM8855717_NSCLC_P15	NSCLC	Visium	immune	stroma_fibroblast	DLL4	NOTCH1	NOTCH	2.5112314476164653e-07	2192	6453	2.5
commot_pilot_v1	GSE292299	GSM8855717_NSCLC_P15	NSCLC	Visium	immune	ambiguous_or_low_signal	DLL4	NOTCH1	NOTCH	1.2111677695055577e-05	2192	4227	2.5
commot_pilot_v1	GSE292299	GSM8855717_NSCLC_P15	NSCLC	Visium	stroma_fibroblast	immune	DLL4	NOTCH1	NOTCH	4.49094308833496e-07	6453	2192	2.5
commot_pilot_v1	GSE292299	GSM8855717_NSCLC_P15	NSCLC	Visium	stroma_fibroblast	stroma_fibroblast	DLL4	NOTCH1	NOTCH	8.962120908542174e-06	6453	6453	2.5
commot_pilot_v1	GSE292299	GSM8855717_NSCLC_P15	NSCLC	Visium	stroma_fibroblast	endothelial	DLL4	NOTCH1	NOTCH	1.2151113468958478e-06	6453	32	2.5
commot_pilot_v1	GSE292299	GSM8855717_NSCLC_P15	NSCLC	Visium	stroma_fibroblast	ambiguous_or_low_signal	DLL4	NOTCH1	NOTCH	2.2439107568542974e-06	6453	4227	2.5
commot_pilot_v1	GSE292299	GSM8855717_NSCLC_P15	NSCLC	Visium	endothelial	endothelial	DLL4	NOTCH1	NOTCH	0.00017261136104750166	32	32	2.5
commot_pilot_v1	GSE292299	GSM8855717_NSCLC_P15	NSCLC	Visium	endothelial	ambiguous_or_low_signal	DLL4	NOTCH1	NOTCH	6.086216334629744e-06	32	4227	2.5
commot_pilot_v1	GSE292299	GSM8855717_NSCLC_P15	NSCLC	Visium	ambiguous_or_low_signal	tumor_like	DLL4	NOTCH1	NOTCH	5.5927465535075545e-06	4227	98	2.5
commot_pilot_v1	GSE292299	GSM8855717_NSCLC_P15	NSCLC	Visium	ambiguous_or_low_signal	immune	DLL4	NOTCH1	NOTCH	1.1298938971427567e-05	4227	2192	2.5
commot_pilot_v1	GSE292299	GSM8855717_NSCLC_P15	NSCLC	Visium	ambiguous_or_low_signal	stroma_fibroblast	DLL4	NOTCH1	NOTCH	2.204867443992107e-06	4227	6453	2.5
commot_pilot_v1	GSE292299	GSM8855717_NSCLC_P15	NSCLC	Visium	ambiguous_or_low_signal	ambiguous_or_low_signal	DLL4	NOTCH1	NOTCH	5.064207999972143e-05	4227	4227	2.5
commot_pilot_v1	GSE292299	GSM8855717_NSCLC_P15	NSCLC	Visium	tumor_like	tumor_like	JAG1	NOTCH2	NOTCH	0.0036810751114360074	98	98	2.5
commot_pilot_v1	GSE292299	GSM8855717_NSCLC_P15	NSCLC	Visium	tumor_like	immune	JAG1	NOTCH2	NOTCH	8.847130123535887e-06	98	2192	2.5
commot_pilot_v1	GSE292299	GSM8855717_NSCLC_P15	NSCLC	Visium	tumor_like	stroma_fibroblast	JAG1	NOTCH2	NOTCH	1.623183980685521e-06	98	6453	2.5
commot_pilot_v1	GSE292299	GSM8855717_NSCLC_P15	NSCLC	Visium	tumor_like	ambiguous_or_low_signal	JAG1	NOTCH2	NOTCH	2.1034229405970293e-05	98	4227	2.5
commot_pilot_v1	GSE292299	GSM8855717_NSCLC_P15	NSCLC	Visium	immune	tumor_like	JAG1	NOTCH2	NOTCH	5.85730282104453e-07	2192	98	2.5
commot_pilot_v1	GSE292299	GSM8855717_NSCLC_P15	NSCLC	Visium	immune	immune	JAG1	NOTCH2	NOTCH	0.00013995632361454418	2192	2192	2.5
commot_pilot_v1	GSE292299	GSM8855717_NSCLC_P15	NSCLC	Visium	immune	stroma_fibroblast	JAG1	NOTCH2	NOTCH	4.574636942424356e-07	2192	6453	2.5
commot_pilot_v1	GSE292299	GSM8855717_NSCLC_P15	NSCLC	Visium	immune	endothelial	JAG1	NOTCH2	NOTCH	7.668295163561529e-09	2192	32	2.5
commot_pilot_v1	GSE292299	GSM8855717_NSCLC_P15	NSCLC	Visium	immune	ambiguous_or_low_signal	JAG1	NOTCH2	NOTCH	2.5319063402031495e-05	2192	4227	2.5
commot_pilot_v1	GSE292299	GSM8855717_NSCLC_P15	NSCLC	Visium	stroma_fibroblast	tumor_like	JAG1	NOTCH2	NOTCH	7.102423803292962e-07	6453	98	2.5
commot_pilot_v1	GSE292299	GSM8855717_NSCLC_P15	NSCLC	Visium	stroma_fibroblast	immune	JAG1	NOTCH2	NOTCH	8.405167704863847e-07	6453	2192	2.5
commot_pilot_v1	GSE292299	GSM8855717_NSCLC_P15	NSCLC	Visium	stroma_fibroblast	stroma_fibroblast	JAG1	NOTCH2	NOTCH	2.2071135489130223e-05	6453	6453	2.5
commot_pilot_v1	GSE292299	GSM8855717_NSCLC_P15	NSCLC	Visium	stroma_fibroblast	endothelial	JAG1	NOTCH2	NOTCH	4.8427088176042194e-06	6453	32	2.5
commot_pilot_v1	GSE292299	GSM8855717_NSCLC_P15	NSCLC	Visium	stroma_fibroblast	ambiguous_or_low_signal	JAG1	NOTCH2	NOTCH	6.0813951926576985e-06	6453	4227	2.5
commot_pilot_v1	GSE292299	GSM8855717_NSCLC_P15	NSCLC	Visium	ambiguous_or_low_signal	tumor_like	JAG1	NOTCH2	NOTCH	9.82985321191326e-06	4227	98	2.5
commot_pilot_v1	GSE292299	GSM8855717_NSCLC_P15	NSCLC	Visium	ambiguous_or_low_signal	immune	JAG1	NOTCH2	NOTCH	3.334267229475588e-05	4227	2192	2.5
commot_pilot_v1	GSE292299	GSM8855717_NSCLC_P15	NSCLC	Visium	ambiguous_or_low_signal	stroma_fibroblast	JAG1	NOTCH2	NOTCH	5.716515490825751e-06	4227	6453	2.5
commot_pilot_v1	GSE292299	GSM8855717_NSCLC_P15	NSCLC	Visium	ambiguous_or_low_signal	endothelial	JAG1	NOTCH2	NOTCH	3.0281666281049187e-06	4227	32	2.5
commot_pilot_v1	GSE292299	GSM8855717_NSCLC_P15	NSCLC	Visium	ambiguous_or_low_signal	ambiguous_or_low_signal	JAG1	NOTCH2	NOTCH	8.956391970142114e-05	4227	4227	2.5
commot_pilot_v1	GSE292299	GSM8855717_NSCLC_P15	NSCLC	Visium	tumor_like	tumor_like	WNT5A	FZD5	WNT	0.00047238477125153454	98	98	2.5
commot_pilot_v1	GSE292299	GSM8855717_NSCLC_P15	NSCLC	Visium	tumor_like	immune	WNT5A	FZD5	WNT	1.2190707551069369e-06	98	2192	2.5
commot_pilot_v1	GSE292299	GSM8855717_NSCLC_P15	NSCLC	Visium	tumor_like	ambiguous_or_low_signal	WNT5A	FZD5	WNT	2.19251412129234e-05	98	4227	2.5
commot_pilot_v1	GSE292299	GSM8855717_NSCLC_P15	NSCLC	Visium	immune	tumor_like	WNT5A	FZD5	WNT	7.952027358832408e-07	2192	98	2.5
commot_pilot_v1	GSE292299	GSM8855717_NSCLC_P15	NSCLC	Visium	immune	immune	WNT5A	FZD5	WNT	5.2614380920050055e-05	2192	2192	2.5
commot_pilot_v1	GSE292299	GSM8855717_NSCLC_P15	NSCLC	Visium	immune	stroma_fibroblast	WNT5A	FZD5	WNT	2.3332961770014248e-07	2192	6453	2.5
commot_pilot_v1	GSE292299	GSM8855717_NSCLC_P15	NSCLC	Visium	immune	ambiguous_or_low_signal	WNT5A	FZD5	WNT	1.0993989965420974e-05	2192	4227	2.5
commot_pilot_v1	GSE292299	GSM8855717_NSCLC_P15	NSCLC	Visium	stroma_fibroblast	tumor_like	WNT5A	FZD5	WNT	1.8514126808785265e-06	6453	98	2.5
commot_pilot_v1	GSE292299	GSM8855717_NSCLC_P15	NSCLC	Visium	stroma_fibroblast	immune	WNT5A	FZD5	WNT	3.331908636556008e-07	6453	2192	2.5
commot_pilot_v1	GSE292299	GSM8855717_NSCLC_P15	NSCLC	Visium	stroma_fibroblast	stroma_fibroblast	WNT5A	FZD5	WNT	4.996814136383865e-06	6453	6453	2.5
commot_pilot_v1	GSE292299	GSM8855717_NSCLC_P15	NSCLC	Visium	stroma_fibroblast	ambiguous_or_low_signal	WNT5A	FZD5	WNT	1.6938106466825623e-06	6453	4227	2.5
commot_pilot_v1	GSE292299	GSM8855717_NSCLC_P15	NSCLC	Visium	ambiguous_or_low_signal	tumor_like	WNT5A	FZD5	WNT	1.6197417315416088e-06	4227	98	2.5
commot_pilot_v1	GSE292299	GSM8855717_NSCLC_P15	NSCLC	Visium	ambiguous_or_low_signal	immune	WNT5A	FZD5	WNT	1.11353765874078e-05	4227	2192	2.5
commot_pilot_v1	GSE292299	GSM8855717_NSCLC_P15	NSCLC	Visium	ambiguous_or_low_signal	stroma_fibroblast	WNT5A	FZD5	WNT	1.5546580498478623e-06	4227	6453	2.5
commot_pilot_v1	GSE292299	GSM8855717_NSCLC_P15	NSCLC	Visium	ambiguous_or_low_signal	ambiguous_or_low_signal	WNT5A	FZD5	WNT	2.633633008486338e-05	4227	4227	2.5
commot_pilot_v1	GSE292299	GSM8855717_NSCLC_P15	NSCLC	Visium	tumor_like	tumor_like	EGF	EGFR	EGF/ERBB	0.0012131560418966697	98	98	2.5
commot_pilot_v1	GSE292299	GSM8855717_NSCLC_P15	NSCLC	Visium	tumor_like	stroma_fibroblast	EGF	EGFR	EGF/ERBB	3.1645934166226045e-07	98	6453	2.5
commot_pilot_v1	GSE292299	GSM8855717_NSCLC_P15	NSCLC	Visium	tumor_like	ambiguous_or_low_signal	EGF	EGFR	EGF/ERBB	9.39360484334009e-06	98	4227	2.5
commot_pilot_v1	GSE292299	GSM8855717_NSCLC_P15	NSCLC	Visium	immune	tumor_like	EGF	EGFR	EGF/ERBB	7.93467205424519e-06	2192	98	2.5
commot_pilot_v1	GSE292299	GSM8855717_NSCLC_P15	NSCLC	Visium	immune	immune	EGF	EGFR	EGF/ERBB	2.5849053626778737e-05	2192	2192	2.5
commot_pilot_v1	GSE292299	GSM8855717_NSCLC_P15	NSCLC	Visium	immune	stroma_fibroblast	EGF	EGFR	EGF/ERBB	1.5829945829895229e-07	2192	6453	2.5
commot_pilot_v1	GSE292299	GSM8855717_NSCLC_P15	NSCLC	Visium	immune	ambiguous_or_low_signal	EGF	EGFR	EGF/ERBB	7.497161186193656e-06	2192	4227	2.5
commot_pilot_v1	GSE292299	GSM8855717_NSCLC_P15	NSCLC	Visium	stroma_fibroblast	tumor_like	EGF	EGFR	EGF/ERBB	5.740631938117643e-11	6453	98	2.5
commot_pilot_v1	GSE292299	GSM8855717_NSCLC_P15	NSCLC	Visium	stroma_fibroblast	immune	EGF	EGFR	EGF/ERBB	1.596427052186481e-07	6453	2192	2.5
commot_pilot_v1	GSE292299	GSM8855717_NSCLC_P15	NSCLC	Visium	stroma_fibroblast	stroma_fibroblast	EGF	EGFR	EGF/ERBB	4.303646857975066e-06	6453	6453	2.5
commot_pilot_v1	GSE292299	GSM8855717_NSCLC_P15	NSCLC	Visium	stroma_fibroblast	ambiguous_or_low_signal	EGF	EGFR	EGF/ERBB	1.1747728483770317e-06	6453	4227	2.5
commot_pilot_v1	GSE292299	GSM8855717_NSCLC_P15	NSCLC	Visium	ambiguous_or_low_signal	tumor_like	EGF	EGFR	EGF/ERBB	7.372950476586315e-06	4227	98	2.5
commot_pilot_v1	GSE292299	GSM8855717_NSCLC_P15	NSCLC	Visium	ambiguous_or_low_signal	immune	EGF	EGFR	EGF/ERBB	5.676496293873398e-06	4227	2192	2.5
commot_pilot_v1	GSE292299	GSM8855717_NSCLC_P15	NSCLC	Visium	ambiguous_or_low_signal	stroma_fibroblast	EGF	EGFR	EGF/ERBB	9.947019969551447e-07	4227	6453	2.5
commot_pilot_v1	GSE292299	GSM8855717_NSCLC_P15	NSCLC	Visium	ambiguous_or_low_signal	ambiguous_or_low_signal	EGF	EGFR	EGF/ERBB	1.5085488157856774e-05	4227	4227	2.5
commot_pilot_v1	GSE292299	GSM8855717_NSCLC_P15	NSCLC	Visium	tumor_like	tumor_like	HBEGF	EGFR	EGF/ERBB	0.006181269444496269	98	98	2.5
commot_pilot_v1	GSE292299	GSM8855717_NSCLC_P15	NSCLC	Visium	tumor_like	immune	HBEGF	EGFR	EGF/ERBB	2.663334903213409e-06	98	2192	2.5
commot_pilot_v1	GSE292299	GSM8855717_NSCLC_P15	NSCLC	Visium	tumor_like	stroma_fibroblast	HBEGF	EGFR	EGF/ERBB	3.0395649562238073e-06	98	6453	2.5
commot_pilot_v1	GSE292299	GSM8855717_NSCLC_P15	NSCLC	Visium	tumor_like	ambiguous_or_low_signal	HBEGF	EGFR	EGF/ERBB	6.320011989338864e-05	98	4227	2.5
commot_pilot_v1	GSE292299	GSM8855717_NSCLC_P15	NSCLC	Visium	immune	tumor_like	HBEGF	EGFR	EGF/ERBB	3.854489695615056e-06	2192	98	2.5
commot_pilot_v1	GSE292299	GSM8855717_NSCLC_P15	NSCLC	Visium	immune	immune	HBEGF	EGFR	EGF/ERBB	3.749083942588152e-05	2192	2192	2.5
commot_pilot_v1	GSE292299	GSM8855717_NSCLC_P15	NSCLC	Visium	immune	stroma_fibroblast	HBEGF	EGFR	EGF/ERBB	1.3417005953698283e-07	2192	6453	2.5
commot_pilot_v1	GSE292299	GSM8855717_NSCLC_P15	NSCLC	Visium	immune	ambiguous_or_low_signal	HBEGF	EGFR	EGF/ERBB	6.722178326423277e-06	2192	4227	2.5
commot_pilot_v1	GSE292299	GSM8855717_NSCLC_P15	NSCLC	Visium	stroma_fibroblast	tumor_like	HBEGF	EGFR	EGF/ERBB	3.243628358119889e-06	6453	98	2.5
commot_pilot_v1	GSE292299	GSM8855717_NSCLC_P15	NSCLC	Visium	stroma_fibroblast	immune	HBEGF	EGFR	EGF/ERBB	1.749692185403994e-07	6453	2192	2.5
commot_pilot_v1	GSE292299	GSM8855717_NSCLC_P15	NSCLC	Visium	stroma_fibroblast	stroma_fibroblast	HBEGF	EGFR	EGF/ERBB	7.434690185649693e-06	6453	6453	2.5
commot_pilot_v1	GSE292299	GSM8855717_NSCLC_P15	NSCLC	Visium	stroma_fibroblast	ambiguous_or_low_signal	HBEGF	EGFR	EGF/ERBB	1.4729906628569237e-06	6453	4227	2.5
commot_pilot_v1	GSE292299	GSM8855717_NSCLC_P15	NSCLC	Visium	ambiguous_or_low_signal	tumor_like	HBEGF	EGFR	EGF/ERBB	2.7340337053509674e-05	4227	98	2.5
commot_pilot_v1	GSE292299	GSM8855717_NSCLC_P15	NSCLC	Visium	ambiguous_or_low_signal	immune	HBEGF	EGFR	EGF/ERBB	7.822648950538615e-06	4227	2192	2.5
commot_pilot_v1	GSE292299	GSM8855717_NSCLC_P15	NSCLC	Visium	ambiguous_or_low_signal	stroma_fibroblast	HBEGF	EGFR	EGF/ERBB	1.6409101473704436e-06	4227	6453	2.5
commot_pilot_v1	GSE292299	GSM8855717_NSCLC_P15	NSCLC	Visium	ambiguous_or_low_signal	ambiguous_or_low_signal	HBEGF	EGFR	EGF/ERBB	2.4081263504809974e-05	4227	4227	2.5
commot_pilot_v1	GSE292299	GSM8855717_NSCLC_P15	NSCLC	Visium	tumor_like	tumor_like	COL1A1	ITGA2	ECM-integrin	0.0034025894113023122	98	98	2.5
commot_pilot_v1	GSE292299	GSM8855717_NSCLC_P15	NSCLC	Visium	tumor_like	immune	COL1A1	ITGA2	ECM-integrin	1.3873776685594663e-07	98	2192	2.5
commot_pilot_v1	GSE292299	GSM8855717_NSCLC_P15	NSCLC	Visium	tumor_like	stroma_fibroblast	COL1A1	ITGA2	ECM-integrin	5.15704986244781e-09	98	6453	2.5
commot_pilot_v1	GSE292299	GSM8855717_NSCLC_P15	NSCLC	Visium	tumor_like	ambiguous_or_low_signal	COL1A1	ITGA2	ECM-integrin	3.7511299805089015e-06	98	4227	2.5
commot_pilot_v1	GSE292299	GSM8855717_NSCLC_P15	NSCLC	Visium	immune	tumor_like	COL1A1	ITGA2	ECM-integrin	2.512637079019286e-06	2192	98	2.5
commot_pilot_v1	GSE292299	GSM8855717_NSCLC_P15	NSCLC	Visium	immune	immune	COL1A1	ITGA2	ECM-integrin	7.407135021157341e-05	2192	2192	2.5
commot_pilot_v1	GSE292299	GSM8855717_NSCLC_P15	NSCLC	Visium	immune	stroma_fibroblast	COL1A1	ITGA2	ECM-integrin	1.5571183466711033e-07	2192	6453	2.5
commot_pilot_v1	GSE292299	GSM8855717_NSCLC_P15	NSCLC	Visium	immune	ambiguous_or_low_signal	COL1A1	ITGA2	ECM-integrin	1.0921370889408054e-06	2192	4227	2.5
commot_pilot_v1	GSE292299	GSM8855717_NSCLC_P15	NSCLC	Visium	stroma_fibroblast	tumor_like	COL1A1	ITGA2	ECM-integrin	2.9536358855551403e-06	6453	98	2.5
commot_pilot_v1	GSE292299	GSM8855717_NSCLC_P15	NSCLC	Visium	stroma_fibroblast	immune	COL1A1	ITGA2	ECM-integrin	3.2165645256288556e-07	6453	2192	2.5
commot_pilot_v1	GSE292299	GSM8855717_NSCLC_P15	NSCLC	Visium	stroma_fibroblast	stroma_fibroblast	COL1A1	ITGA2	ECM-integrin	1.4923311676226123e-05	6453	6453	2.5
commot_pilot_v1	GSE292299	GSM8855717_NSCLC_P15	NSCLC	Visium	stroma_fibroblast	endothelial	COL1A1	ITGA2	ECM-integrin	2.42135440880212e-06	6453	32	2.5
commot_pilot_v1	GSE292299	GSM8855717_NSCLC_P15	NSCLC	Visium	stroma_fibroblast	ambiguous_or_low_signal	COL1A1	ITGA2	ECM-integrin	4.4792349912491723e-07	6453	4227	2.5
commot_pilot_v1	GSE292299	GSM8855717_NSCLC_P15	NSCLC	Visium	endothelial	endothelial	COL1A1	ITGA2	ECM-integrin	0.0009765624999999961	32	32	2.5
commot_pilot_v1	GSE292299	GSM8855717_NSCLC_P15	NSCLC	Visium	endothelial	ambiguous_or_low_signal	COL1A1	ITGA2	ECM-integrin	5.5780404949518306e-11	32	4227	2.5
commot_pilot_v1	GSE292299	GSM8855717_NSCLC_P15	NSCLC	Visium	ambiguous_or_low_signal	tumor_like	COL1A1	ITGA2	ECM-integrin	1.4276335884658659e-05	4227	98	2.5
commot_pilot_v1	GSE292299	GSM8855717_NSCLC_P15	NSCLC	Visium	ambiguous_or_low_signal	immune	COL1A1	ITGA2	ECM-integrin	2.106463018752695e-06	4227	2192	2.5
commot_pilot_v1	GSE292299	GSM8855717_NSCLC_P15	NSCLC	Visium	ambiguous_or_low_signal	stroma_fibroblast	COL1A1	ITGA2	ECM-integrin	1.9685050900725061e-07	4227	6453	2.5
commot_pilot_v1	GSE292299	GSM8855717_NSCLC_P15	NSCLC	Visium	ambiguous_or_low_signal	endothelial	COL1A1	ITGA2	ECM-integrin	3.6964750414005395e-06	4227	32	2.5
commot_pilot_v1	GSE292299	GSM8855717_NSCLC_P15	NSCLC	Visium	ambiguous_or_low_signal	ambiguous_or_low_signal	COL1A1	ITGA2	ECM-integrin	4.304506125840668e-05	4227	4227	2.5
commot_pilot_v1	GSE292299	GSM8855718_NSCLC_P16	NSCLC	Visium	tumor_like	tumor_like	TGFB1	TGFBR1	TGFB	0.0012526933670955012	108	108	2.5
commot_pilot_v1	GSE292299	GSM8855718_NSCLC_P16	NSCLC	Visium	tumor_like	immune	TGFB1	TGFBR1	TGFB	9.725852004765953e-05	108	1	2.5
commot_pilot_v1	GSE292299	GSM8855718_NSCLC_P16	NSCLC	Visium	tumor_like	stroma_fibroblast	TGFB1	TGFBR1	TGFB	3.158788551222222e-06	108	5076	2.5
commot_pilot_v1	GSE292299	GSM8855718_NSCLC_P16	NSCLC	Visium	tumor_like	ambiguous_or_low_signal	TGFB1	TGFBR1	TGFB	9.483462958348751e-05	108	166	2.5
commot_pilot_v1	GSE292299	GSM8855718_NSCLC_P16	NSCLC	Visium	stroma_fibroblast	tumor_like	TGFB1	TGFBR1	TGFB	2.674070035974127e-06	5076	108	2.5
commot_pilot_v1	GSE292299	GSM8855718_NSCLC_P16	NSCLC	Visium	stroma_fibroblast	stroma_fibroblast	TGFB1	TGFBR1	TGFB	2.66407274234453e-05	5076	5076	2.5
commot_pilot_v1	GSE292299	GSM8855718_NSCLC_P16	NSCLC	Visium	stroma_fibroblast	ambiguous_or_low_signal	TGFB1	TGFBR1	TGFB	4.791841785052778e-06	5076	166	2.5
commot_pilot_v1	GSE292299	GSM8855718_NSCLC_P16	NSCLC	Visium	ambiguous_or_low_signal	tumor_like	TGFB1	TGFBR1	TGFB	0.000132888945838019	166	108	2.5
commot_pilot_v1	GSE292299	GSM8855718_NSCLC_P16	NSCLC	Visium	ambiguous_or_low_signal	stroma_fibroblast	TGFB1	TGFBR1	TGFB	4.873998865033271e-06	166	5076	2.5
commot_pilot_v1	GSE292299	GSM8855718_NSCLC_P16	NSCLC	Visium	ambiguous_or_low_signal	ambiguous_or_low_signal	TGFB1	TGFBR1	TGFB	0.0006873129315286765	166	166	2.5
commot_pilot_v1	GSE292299	GSM8855718_NSCLC_P16	NSCLC	Visium	tumor_like	tumor_like	TGFB1	TGFBR2	TGFB	0.0022444152529848558	108	108	2.5
commot_pilot_v1	GSE292299	GSM8855718_NSCLC_P16	NSCLC	Visium	tumor_like	stroma_fibroblast	TGFB1	TGFBR2	TGFB	3.8549676131973014e-08	108	5076	2.5
commot_pilot_v1	GSE292299	GSM8855718_NSCLC_P16	NSCLC	Visium	tumor_like	ambiguous_or_low_signal	TGFB1	TGFBR2	TGFB	1.3733829793135709e-05	108	166	2.5
commot_pilot_v1	GSE292299	GSM8855718_NSCLC_P16	NSCLC	Visium	stroma_fibroblast	tumor_like	TGFB1	TGFBR2	TGFB	3.0430562209764377e-06	5076	108	2.5
commot_pilot_v1	GSE292299	GSM8855718_NSCLC_P16	NSCLC	Visium	stroma_fibroblast	stroma_fibroblast	TGFB1	TGFBR2	TGFB	3.3585149671137786e-05	5076	5076	2.5
commot_pilot_v1	GSE292299	GSM8855718_NSCLC_P16	NSCLC	Visium	stroma_fibroblast	ambiguous_or_low_signal	TGFB1	TGFBR2	TGFB	3.0401792963505573e-06	5076	166	2.5
commot_pilot_v1	GSE292299	GSM8855718_NSCLC_P16	NSCLC	Visium	ambiguous_or_low_signal	tumor_like	TGFB1	TGFBR2	TGFB	4.924216315429061e-05	166	108	2.5
commot_pilot_v1	GSE292299	GSM8855718_NSCLC_P16	NSCLC	Visium	ambiguous_or_low_signal	stroma_fibroblast	TGFB1	TGFBR2	TGFB	2.222704874881231e-06	166	5076	2.5
commot_pilot_v1	GSE292299	GSM8855718_NSCLC_P16	NSCLC	Visium	ambiguous_or_low_signal	ambiguous_or_low_signal	TGFB1	TGFBR2	TGFB	0.0011545711364167072	166	166	2.5
commot_pilot_v1	GSE292299	GSM8855718_NSCLC_P16	NSCLC	Visium	tumor_like	tumor_like	CXCL12	CXCR4	CXCL chemokine	0.0013220512040871338	108	108	2.5
commot_pilot_v1	GSE292299	GSM8855718_NSCLC_P16	NSCLC	Visium	tumor_like	immune	CXCL12	CXCR4	CXCL chemokine	0.004424677742517083	108	1	2.5
commot_pilot_v1	GSE292299	GSM8855718_NSCLC_P16	NSCLC	Visium	tumor_like	stroma_fibroblast	CXCL12	CXCR4	CXCL chemokine	7.839048135999493e-06	108	5076	2.5
commot_pilot_v1	GSE292299	GSM8855718_NSCLC_P16	NSCLC	Visium	tumor_like	ambiguous_or_low_signal	CXCL12	CXCR4	CXCL chemokine	0.0001366882632225135	108	166	2.5
commot_pilot_v1	GSE292299	GSM8855718_NSCLC_P16	NSCLC	Visium	stroma_fibroblast	tumor_like	CXCL12	CXCR4	CXCL chemokine	1.108642424475032e-05	5076	108	2.5
commot_pilot_v1	GSE292299	GSM8855718_NSCLC_P16	NSCLC	Visium	stroma_fibroblast	immune	CXCL12	CXCR4	CXCL chemokine	1.6668719745382025e-06	5076	1	2.5
commot_pilot_v1	GSE292299	GSM8855718_NSCLC_P16	NSCLC	Visium	stroma_fibroblast	stroma_fibroblast	CXCL12	CXCR4	CXCL chemokine	7.766678540038311e-05	5076	5076	2.5
commot_pilot_v1	GSE292299	GSM8855718_NSCLC_P16	NSCLC	Visium	stroma_fibroblast	ambiguous_or_low_signal	CXCL12	CXCR4	CXCL chemokine	2.4884929766048312e-05	5076	166	2.5
commot_pilot_v1	GSE292299	GSM8855718_NSCLC_P16	NSCLC	Visium	ambiguous_or_low_signal	tumor_like	CXCL12	CXCR4	CXCL chemokine	0.00045926794567184483	166	108	2.5
commot_pilot_v1	GSE292299	GSM8855718_NSCLC_P16	NSCLC	Visium	ambiguous_or_low_signal	stroma_fibroblast	CXCL12	CXCR4	CXCL chemokine	9.793047987584864e-06	166	5076	2.5
commot_pilot_v1	GSE292299	GSM8855718_NSCLC_P16	NSCLC	Visium	ambiguous_or_low_signal	ambiguous_or_low_signal	CXCL12	CXCR4	CXCL chemokine	0.0012581164204116093	166	166	2.5
commot_pilot_v1	GSE292299	GSM8855718_NSCLC_P16	NSCLC	Visium	tumor_like	stroma_fibroblast	CXCL9	CXCR3	CXCL chemokine	1.8241251495782523e-06	108	5076	2.5
commot_pilot_v1	GSE292299	GSM8855718_NSCLC_P16	NSCLC	Visium	stroma_fibroblast	stroma_fibroblast	CXCL9	CXCR3	CXCL chemokine	1.5136357624160058e-06	5076	5076	2.5
commot_pilot_v1	GSE292299	GSM8855718_NSCLC_P16	NSCLC	Visium	ambiguous_or_low_signal	stroma_fibroblast	CXCL9	CXCR3	CXCL chemokine	1.1867802177979092e-06	166	5076	2.5
commot_pilot_v1	GSE292299	GSM8855718_NSCLC_P16	NSCLC	Visium	stroma_fibroblast	stroma_fibroblast	CCL2	CCR2	CCL chemokine	1.8241251495782661e-06	5076	5076	2.5
commot_pilot_v1	GSE292299	GSM8855718_NSCLC_P16	NSCLC	Visium	tumor_like	tumor_like	VEGFA	KDR	VEGF	0.002575917379807488	108	108	2.5
commot_pilot_v1	GSE292299	GSM8855718_NSCLC_P16	NSCLC	Visium	tumor_like	stroma_fibroblast	VEGFA	KDR	VEGF	5.375076273703685e-06	108	5076	2.5
commot_pilot_v1	GSE292299	GSM8855718_NSCLC_P16	NSCLC	Visium	tumor_like	ambiguous_or_low_signal	VEGFA	KDR	VEGF	9.815942276504324e-05	108	166	2.5
commot_pilot_v1	GSE292299	GSM8855718_NSCLC_P16	NSCLC	Visium	immune	tumor_like	VEGFA	KDR	VEGF	5.232707118745881e-06	1	108	2.5
commot_pilot_v1	GSE292299	GSM8855718_NSCLC_P16	NSCLC	Visium	immune	stroma_fibroblast	VEGFA	KDR	VEGF	1.3378515086203858e-08	1	5076	2.5
commot_pilot_v1	GSE292299	GSM8855718_NSCLC_P16	NSCLC	Visium	stroma_fibroblast	tumor_like	VEGFA	KDR	VEGF	5.819568219055667e-07	5076	108	2.5
commot_pilot_v1	GSE292299	GSM8855718_NSCLC_P16	NSCLC	Visium	stroma_fibroblast	stroma_fibroblast	VEGFA	KDR	VEGF	4.6664576390335315e-05	5076	5076	2.5
commot_pilot_v1	GSE292299	GSM8855718_NSCLC_P16	NSCLC	Visium	stroma_fibroblast	ambiguous_or_low_signal	VEGFA	KDR	VEGF	1.3670958881387196e-06	5076	166	2.5
commot_pilot_v1	GSE292299	GSM8855718_NSCLC_P16	NSCLC	Visium	ambiguous_or_low_signal	tumor_like	VEGFA	KDR	VEGF	3.541394266697279e-05	166	108	2.5
commot_pilot_v1	GSE292299	GSM8855718_NSCLC_P16	NSCLC	Visium	ambiguous_or_low_signal	stroma_fibroblast	VEGFA	KDR	VEGF	1.5079571821576229e-05	166	5076	2.5
commot_pilot_v1	GSE292299	GSM8855718_NSCLC_P16	NSCLC	Visium	ambiguous_or_low_signal	ambiguous_or_low_signal	VEGFA	KDR	VEGF	0.001273343772673409	166	166	2.5
commot_pilot_v1	GSE292299	GSM8855718_NSCLC_P16	NSCLC	Visium	tumor_like	tumor_like	SPP1	CD44	SPP1	0.01428242238623073	108	108	2.5
commot_pilot_v1	GSE292299	GSM8855718_NSCLC_P16	NSCLC	Visium	tumor_like	stroma_fibroblast	SPP1	CD44	SPP1	8.914744646536915e-06	108	5076	2.5
commot_pilot_v1	GSE292299	GSM8855718_NSCLC_P16	NSCLC	Visium	tumor_like	ambiguous_or_low_signal	SPP1	CD44	SPP1	0.0014331376840388149	108	166	2.5
commot_pilot_v1	GSE292299	GSM8855718_NSCLC_P16	NSCLC	Visium	immune	tumor_like	SPP1	CD44	SPP1	5.6003546435329025e-05	1	108	2.5
commot_pilot_v1	GSE292299	GSM8855718_NSCLC_P16	NSCLC	Visium	immune	stroma_fibroblast	SPP1	CD44	SPP1	5.060993319308955e-07	1	5076	2.5
commot_pilot_v1	GSE292299	GSM8855718_NSCLC_P16	NSCLC	Visium	stroma_fibroblast	tumor_like	SPP1	CD44	SPP1	3.060348394684548e-05	5076	108	2.5
commot_pilot_v1	GSE292299	GSM8855718_NSCLC_P16	NSCLC	Visium	stroma_fibroblast	stroma_fibroblast	SPP1	CD44	SPP1	0.00016062508750063	5076	5076	2.5
commot_pilot_v1	GSE292299	GSM8855718_NSCLC_P16	NSCLC	Visium	stroma_fibroblast	ambiguous_or_low_signal	SPP1	CD44	SPP1	7.167287106312242e-05	5076	166	2.5
commot_pilot_v1	GSE292299	GSM8855718_NSCLC_P16	NSCLC	Visium	ambiguous_or_low_signal	tumor_like	SPP1	CD44	SPP1	0.0017404800520068365	166	108	2.5
commot_pilot_v1	GSE292299	GSM8855718_NSCLC_P16	NSCLC	Visium	ambiguous_or_low_signal	stroma_fibroblast	SPP1	CD44	SPP1	2.7054175044806404e-05	166	5076	2.5
commot_pilot_v1	GSE292299	GSM8855718_NSCLC_P16	NSCLC	Visium	ambiguous_or_low_signal	ambiguous_or_low_signal	SPP1	CD44	SPP1	0.004971189724625284	166	166	2.5
commot_pilot_v1	GSE292299	GSM8855718_NSCLC_P16	NSCLC	Visium	tumor_like	tumor_like	SPP1	ITGAV	SPP1	0.004967713367179777	108	108	2.5
commot_pilot_v1	GSE292299	GSM8855718_NSCLC_P16	NSCLC	Visium	tumor_like	immune	SPP1	ITGAV	SPP1	4.97316115353721e-06	108	1	2.5
commot_pilot_v1	GSE292299	GSM8855718_NSCLC_P16	NSCLC	Visium	tumor_like	stroma_fibroblast	SPP1	ITGAV	SPP1	8.386624826332407e-06	108	5076	2.5
commot_pilot_v1	GSE292299	GSM8855718_NSCLC_P16	NSCLC	Visium	tumor_like	ambiguous_or_low_signal	SPP1	ITGAV	SPP1	0.0009627963042784785	108	166	2.5
commot_pilot_v1	GSE292299	GSM8855718_NSCLC_P16	NSCLC	Visium	immune	immune	SPP1	ITGAV	SPP1	0.9980160150335105	1	1	2.5
commot_pilot_v1	GSE292299	GSM8855718_NSCLC_P16	NSCLC	Visium	immune	stroma_fibroblast	SPP1	ITGAV	SPP1	1.4266932948889813e-08	1	5076	2.5
commot_pilot_v1	GSE292299	GSM8855718_NSCLC_P16	NSCLC	Visium	stroma_fibroblast	tumor_like	SPP1	ITGAV	SPP1	1.0827140920568439e-05	5076	108	2.5
commot_pilot_v1	GSE292299	GSM8855718_NSCLC_P16	NSCLC	Visium	stroma_fibroblast	immune	SPP1	ITGAV	SPP1	9.578428769932156e-08	5076	1	2.5
commot_pilot_v1	GSE292299	GSM8855718_NSCLC_P16	NSCLC	Visium	stroma_fibroblast	stroma_fibroblast	SPP1	ITGAV	SPP1	0.00015382907946770512	5076	5076	2.5
commot_pilot_v1	GSE292299	GSM8855718_NSCLC_P16	NSCLC	Visium	stroma_fibroblast	ambiguous_or_low_signal	SPP1	ITGAV	SPP1	3.6243663527823084e-05	5076	166	2.5
commot_pilot_v1	GSE292299	GSM8855718_NSCLC_P16	NSCLC	Visium	ambiguous_or_low_signal	tumor_like	SPP1	ITGAV	SPP1	0.0005098430491755192	166	108	2.5
commot_pilot_v1	GSE292299	GSM8855718_NSCLC_P16	NSCLC	Visium	ambiguous_or_low_signal	immune	SPP1	ITGAV	SPP1	5.7872440816175755e-06	166	1	2.5
commot_pilot_v1	GSE292299	GSM8855718_NSCLC_P16	NSCLC	Visium	ambiguous_or_low_signal	stroma_fibroblast	SPP1	ITGAV	SPP1	2.1717413305341627e-05	166	5076	2.5
commot_pilot_v1	GSE292299	GSM8855718_NSCLC_P16	NSCLC	Visium	ambiguous_or_low_signal	ambiguous_or_low_signal	SPP1	ITGAV	SPP1	0.0030416818762184564	166	166	2.5
commot_pilot_v1	GSE292299	GSM8855718_NSCLC_P16	NSCLC	Visium	tumor_like	tumor_like	MIF	CD74	MIF	0.0948141964347307	108	108	2.5
commot_pilot_v1	GSE292299	GSM8855718_NSCLC_P16	NSCLC	Visium	tumor_like	immune	MIF	CD74	MIF	0.0001821157599244653	108	1	2.5
commot_pilot_v1	GSE292299	GSM8855718_NSCLC_P16	NSCLC	Visium	tumor_like	stroma_fibroblast	MIF	CD74	MIF	0.00010271220134493603	108	5076	2.5
commot_pilot_v1	GSE292299	GSM8855718_NSCLC_P16	NSCLC	Visium	tumor_like	ambiguous_or_low_signal	MIF	CD74	MIF	0.006233139726766203	108	166	2.5
commot_pilot_v1	GSE292299	GSM8855718_NSCLC_P16	NSCLC	Visium	stroma_fibroblast	tumor_like	MIF	CD74	MIF	2.9118760571805705e-05	5076	108	2.5
commot_pilot_v1	GSE292299	GSM8855718_NSCLC_P16	NSCLC	Visium	stroma_fibroblast	immune	MIF	CD74	MIF	5.4818625762571374e-05	5076	1	2.5
commot_pilot_v1	GSE292299	GSM8855718_NSCLC_P16	NSCLC	Visium	stroma_fibroblast	stroma_fibroblast	MIF	CD74	MIF	0.0006915405874741013	5076	5076	2.5
commot_pilot_v1	GSE292299	GSM8855718_NSCLC_P16	NSCLC	Visium	stroma_fibroblast	ambiguous_or_low_signal	MIF	CD74	MIF	8.181988454705939e-05	5076	166	2.5
commot_pilot_v1	GSE292299	GSM8855718_NSCLC_P16	NSCLC	Visium	ambiguous_or_low_signal	tumor_like	MIF	CD74	MIF	0.0035206659577430204	166	108	2.5
commot_pilot_v1	GSE292299	GSM8855718_NSCLC_P16	NSCLC	Visium	ambiguous_or_low_signal	immune	MIF	CD74	MIF	4.9570863494664e-06	166	1	2.5
commot_pilot_v1	GSE292299	GSM8855718_NSCLC_P16	NSCLC	Visium	ambiguous_or_low_signal	stroma_fibroblast	MIF	CD74	MIF	0.00011108493490479741	166	5076	2.5
commot_pilot_v1	GSE292299	GSM8855718_NSCLC_P16	NSCLC	Visium	ambiguous_or_low_signal	ambiguous_or_low_signal	MIF	CD74	MIF	0.03790454945594146	166	166	2.5
commot_pilot_v1	GSE292299	GSM8855718_NSCLC_P16	NSCLC	Visium	tumor_like	tumor_like	DLL4	NOTCH1	NOTCH	0.0018942404255473326	108	108	2.5
commot_pilot_v1	GSE292299	GSM8855718_NSCLC_P16	NSCLC	Visium	tumor_like	stroma_fibroblast	DLL4	NOTCH1	NOTCH	7.283651907030751e-06	108	5076	2.5
commot_pilot_v1	GSE292299	GSM8855718_NSCLC_P16	NSCLC	Visium	tumor_like	ambiguous_or_low_signal	DLL4	NOTCH1	NOTCH	0.0005252715202059757	108	166	2.5
commot_pilot_v1	GSE292299	GSM8855718_NSCLC_P16	NSCLC	Visium	stroma_fibroblast	tumor_like	DLL4	NOTCH1	NOTCH	1.0711892552222224e-06	5076	108	2.5
commot_pilot_v1	GSE292299	GSM8855718_NSCLC_P16	NSCLC	Visium	stroma_fibroblast	stroma_fibroblast	DLL4	NOTCH1	NOTCH	1.5708858141326824e-05	5076	5076	2.5
commot_pilot_v1	GSE292299	GSM8855718_NSCLC_P16	NSCLC	Visium	stroma_fibroblast	ambiguous_or_low_signal	DLL4	NOTCH1	NOTCH	9.096422081362495e-06	5076	166	2.5
commot_pilot_v1	GSE292299	GSM8855718_NSCLC_P16	NSCLC	Visium	ambiguous_or_low_signal	tumor_like	DLL4	NOTCH1	NOTCH	0.0004968447170620288	166	108	2.5
commot_pilot_v1	GSE292299	GSM8855718_NSCLC_P16	NSCLC	Visium	ambiguous_or_low_signal	stroma_fibroblast	DLL4	NOTCH1	NOTCH	1.0381499849506457e-05	166	5076	2.5
commot_pilot_v1	GSE292299	GSM8855718_NSCLC_P16	NSCLC	Visium	ambiguous_or_low_signal	ambiguous_or_low_signal	DLL4	NOTCH1	NOTCH	0.0009739280292424756	166	166	2.5
commot_pilot_v1	GSE292299	GSM8855718_NSCLC_P16	NSCLC	Visium	tumor_like	tumor_like	JAG1	NOTCH2	NOTCH	0.0021816150517917072	108	108	2.5
commot_pilot_v1	GSE292299	GSM8855718_NSCLC_P16	NSCLC	Visium	tumor_like	stroma_fibroblast	JAG1	NOTCH2	NOTCH	2.2418375280394815e-06	108	5076	2.5
commot_pilot_v1	GSE292299	GSM8855718_NSCLC_P16	NSCLC	Visium	tumor_like	ambiguous_or_low_signal	JAG1	NOTCH2	NOTCH	0.00028735393029817645	108	166	2.5
commot_pilot_v1	GSE292299	GSM8855718_NSCLC_P16	NSCLC	Visium	stroma_fibroblast	tumor_like	JAG1	NOTCH2	NOTCH	5.512926772865271e-06	5076	108	2.5
commot_pilot_v1	GSE292299	GSM8855718_NSCLC_P16	NSCLC	Visium	stroma_fibroblast	stroma_fibroblast	JAG1	NOTCH2	NOTCH	2.2369697544342575e-05	5076	5076	2.5
commot_pilot_v1	GSE292299	GSM8855718_NSCLC_P16	NSCLC	Visium	stroma_fibroblast	ambiguous_or_low_signal	JAG1	NOTCH2	NOTCH	1.1415365759344375e-05	5076	166	2.5
commot_pilot_v1	GSE292299	GSM8855718_NSCLC_P16	NSCLC	Visium	ambiguous_or_low_signal	tumor_like	JAG1	NOTCH2	NOTCH	0.000308534776640042	166	108	2.5
commot_pilot_v1	GSE292299	GSM8855718_NSCLC_P16	NSCLC	Visium	ambiguous_or_low_signal	stroma_fibroblast	JAG1	NOTCH2	NOTCH	9.443798545985986e-06	166	5076	2.5
commot_pilot_v1	GSE292299	GSM8855718_NSCLC_P16	NSCLC	Visium	ambiguous_or_low_signal	ambiguous_or_low_signal	JAG1	NOTCH2	NOTCH	0.0007138837007617573	166	166	2.5
commot_pilot_v1	GSE292299	GSM8855718_NSCLC_P16	NSCLC	Visium	tumor_like	tumor_like	WNT5A	FZD5	WNT	0.0026361127632976576	108	108	2.5
commot_pilot_v1	GSE292299	GSM8855718_NSCLC_P16	NSCLC	Visium	tumor_like	stroma_fibroblast	WNT5A	FZD5	WNT	2.856798222284754e-06	108	5076	2.5
commot_pilot_v1	GSE292299	GSM8855718_NSCLC_P16	NSCLC	Visium	tumor_like	ambiguous_or_low_signal	WNT5A	FZD5	WNT	0.0003736356249673932	108	166	2.5
commot_pilot_v1	GSE292299	GSM8855718_NSCLC_P16	NSCLC	Visium	stroma_fibroblast	tumor_like	WNT5A	FZD5	WNT	2.59970045545234e-05	5076	108	2.5
commot_pilot_v1	GSE292299	GSM8855718_NSCLC_P16	NSCLC	Visium	stroma_fibroblast	stroma_fibroblast	WNT5A	FZD5	WNT	1.083896062876832e-05	5076	5076	2.5
commot_pilot_v1	GSE292299	GSM8855718_NSCLC_P16	NSCLC	Visium	stroma_fibroblast	ambiguous_or_low_signal	WNT5A	FZD5	WNT	1.3678427474285907e-05	5076	166	2.5
commot_pilot_v1	GSE292299	GSM8855718_NSCLC_P16	NSCLC	Visium	ambiguous_or_low_signal	tumor_like	WNT5A	FZD5	WNT	0.00041229444816848004	166	108	2.5
commot_pilot_v1	GSE292299	GSM8855718_NSCLC_P16	NSCLC	Visium	ambiguous_or_low_signal	stroma_fibroblast	WNT5A	FZD5	WNT	7.84234904130271e-06	166	5076	2.5
commot_pilot_v1	GSE292299	GSM8855718_NSCLC_P16	NSCLC	Visium	ambiguous_or_low_signal	ambiguous_or_low_signal	WNT5A	FZD5	WNT	0.0017041923185033192	166	166	2.5
commot_pilot_v1	GSE292299	GSM8855718_NSCLC_P16	NSCLC	Visium	tumor_like	tumor_like	EGF	EGFR	EGF/ERBB	0.00033427227731716515	108	108	2.5
commot_pilot_v1	GSE292299	GSM8855718_NSCLC_P16	NSCLC	Visium	tumor_like	stroma_fibroblast	EGF	EGFR	EGF/ERBB	1.7197549066513154e-07	108	5076	2.5
commot_pilot_v1	GSE292299	GSM8855718_NSCLC_P16	NSCLC	Visium	tumor_like	ambiguous_or_low_signal	EGF	EGFR	EGF/ERBB	3.776114226929547e-07	108	166	2.5
commot_pilot_v1	GSE292299	GSM8855718_NSCLC_P16	NSCLC	Visium	stroma_fibroblast	tumor_like	EGF	EGFR	EGF/ERBB	2.6651130417104183e-07	5076	108	2.5
commot_pilot_v1	GSE292299	GSM8855718_NSCLC_P16	NSCLC	Visium	stroma_fibroblast	stroma_fibroblast	EGF	EGFR	EGF/ERBB	2.016534567048411e-06	5076	5076	2.5
commot_pilot_v1	GSE292299	GSM8855718_NSCLC_P16	NSCLC	Visium	stroma_fibroblast	ambiguous_or_low_signal	EGF	EGFR	EGF/ERBB	1.4607671124247391e-06	5076	166	2.5
commot_pilot_v1	GSE292299	GSM8855718_NSCLC_P16	NSCLC	Visium	ambiguous_or_low_signal	tumor_like	EGF	EGFR	EGF/ERBB	2.156070030170594e-05	166	108	2.5
commot_pilot_v1	GSE292299	GSM8855718_NSCLC_P16	NSCLC	Visium	ambiguous_or_low_signal	stroma_fibroblast	EGF	EGFR	EGF/ERBB	1.7558761565590505e-06	166	5076	2.5
commot_pilot_v1	GSE292299	GSM8855718_NSCLC_P16	NSCLC	Visium	ambiguous_or_low_signal	ambiguous_or_low_signal	EGF	EGFR	EGF/ERBB	0.0004040474096913883	166	166	2.5
commot_pilot_v1	GSE292299	GSM8855718_NSCLC_P16	NSCLC	Visium	tumor_like	tumor_like	HBEGF	EGFR	EGF/ERBB	0.0014395484050522165	108	108	2.5
commot_pilot_v1	GSE292299	GSM8855718_NSCLC_P16	NSCLC	Visium	tumor_like	stroma_fibroblast	HBEGF	EGFR	EGF/ERBB	1.0906896324074214e-07	108	5076	2.5
commot_pilot_v1	GSE292299	GSM8855718_NSCLC_P16	NSCLC	Visium	tumor_like	ambiguous_or_low_signal	HBEGF	EGFR	EGF/ERBB	6.410725821456429e-05	108	166	2.5
commot_pilot_v1	GSE292299	GSM8855718_NSCLC_P16	NSCLC	Visium	stroma_fibroblast	tumor_like	HBEGF	EGFR	EGF/ERBB	8.122432284116422e-06	5076	108	2.5
commot_pilot_v1	GSE292299	GSM8855718_NSCLC_P16	NSCLC	Visium	stroma_fibroblast	immune	HBEGF	EGFR	EGF/ERBB	1.0425093588275178e-07	5076	1	2.5
commot_pilot_v1	GSE292299	GSM8855718_NSCLC_P16	NSCLC	Visium	stroma_fibroblast	stroma_fibroblast	HBEGF	EGFR	EGF/ERBB	2.651555582068953e-05	5076	5076	2.5
commot_pilot_v1	GSE292299	GSM8855718_NSCLC_P16	NSCLC	Visium	stroma_fibroblast	ambiguous_or_low_signal	HBEGF	EGFR	EGF/ERBB	7.958622509210823e-06	5076	166	2.5
commot_pilot_v1	GSE292299	GSM8855718_NSCLC_P16	NSCLC	Visium	ambiguous_or_low_signal	tumor_like	HBEGF	EGFR	EGF/ERBB	0.00011773288274060346	166	108	2.5
commot_pilot_v1	GSE292299	GSM8855718_NSCLC_P16	NSCLC	Visium	ambiguous_or_low_signal	stroma_fibroblast	HBEGF	EGFR	EGF/ERBB	2.4010953532372782e-06	166	5076	2.5
commot_pilot_v1	GSE292299	GSM8855718_NSCLC_P16	NSCLC	Visium	ambiguous_or_low_signal	ambiguous_or_low_signal	HBEGF	EGFR	EGF/ERBB	0.0007866997502573278	166	166	2.5
commot_pilot_v1	GSE292299	GSM8855718_NSCLC_P16	NSCLC	Visium	tumor_like	tumor_like	COL1A1	ITGA2	ECM-integrin	0.015733648974837613	108	108	2.5
commot_pilot_v1	GSE292299	GSM8855718_NSCLC_P16	NSCLC	Visium	tumor_like	stroma_fibroblast	COL1A1	ITGA2	ECM-integrin	3.351035769875224e-08	108	5076	2.5
commot_pilot_v1	GSE292299	GSM8855718_NSCLC_P16	NSCLC	Visium	tumor_like	ambiguous_or_low_signal	COL1A1	ITGA2	ECM-integrin	3.3687093574979986e-06	108	166	2.5
commot_pilot_v1	GSE292299	GSM8855718_NSCLC_P16	NSCLC	Visium	immune	stroma_fibroblast	COL1A1	ITGA2	ECM-integrin	9.653375387731905e-10	1	5076	2.5
commot_pilot_v1	GSE292299	GSM8855718_NSCLC_P16	NSCLC	Visium	immune	ambiguous_or_low_signal	COL1A1	ITGA2	ECM-integrin	1.9918236297031456e-05	1	166	2.5
commot_pilot_v1	GSE292299	GSM8855718_NSCLC_P16	NSCLC	Visium	stroma_fibroblast	tumor_like	COL1A1	ITGA2	ECM-integrin	1.9882563268840238e-05	5076	108	2.5
commot_pilot_v1	GSE292299	GSM8855718_NSCLC_P16	NSCLC	Visium	stroma_fibroblast	stroma_fibroblast	COL1A1	ITGA2	ECM-integrin	7.715160521253327e-05	5076	5076	2.5
commot_pilot_v1	GSE292299	GSM8855718_NSCLC_P16	NSCLC	Visium	stroma_fibroblast	ambiguous_or_low_signal	COL1A1	ITGA2	ECM-integrin	7.150841311132384e-07	5076	166	2.5
commot_pilot_v1	GSE292299	GSM8855718_NSCLC_P16	NSCLC	Visium	ambiguous_or_low_signal	tumor_like	COL1A1	ITGA2	ECM-integrin	3.251551277387354e-05	166	108	2.5
commot_pilot_v1	GSE292299	GSM8855718_NSCLC_P16	NSCLC	Visium	ambiguous_or_low_signal	stroma_fibroblast	COL1A1	ITGA2	ECM-integrin	1.3131308592440207e-07	166	5076	2.5
commot_pilot_v1	GSE292299	GSM8855718_NSCLC_P16	NSCLC	Visium	ambiguous_or_low_signal	ambiguous_or_low_signal	COL1A1	ITGA2	ECM-integrin	0.0051289649448828314	166	166	2.5
commot_pilot_v1	GSE292299	GSM8855719_DLBCL_P1	DLBCL	Visium	immune	immune	TGFB1	TGFBR1	TGFB	2.1778282199766875e-05	12094	12094	2.5
commot_pilot_v1	GSE292299	GSM8855719_DLBCL_P1	DLBCL	Visium	immune	stroma_fibroblast	TGFB1	TGFBR1	TGFB	4.712333797488281e-06	12094	62	2.5
commot_pilot_v1	GSE292299	GSM8855719_DLBCL_P1	DLBCL	Visium	immune	ambiguous_or_low_signal	TGFB1	TGFBR1	TGFB	3.890028369641498e-06	12094	254	2.5
commot_pilot_v1	GSE292299	GSM8855719_DLBCL_P1	DLBCL	Visium	stroma_fibroblast	stroma_fibroblast	TGFB1	TGFBR1	TGFB	0.000288982027741712	62	62	2.5
commot_pilot_v1	GSE292299	GSM8855719_DLBCL_P1	DLBCL	Visium	ambiguous_or_low_signal	immune	TGFB1	TGFBR1	TGFB	3.845687063164765e-06	254	12094	2.5
commot_pilot_v1	GSE292299	GSM8855719_DLBCL_P1	DLBCL	Visium	ambiguous_or_low_signal	stroma_fibroblast	TGFB1	TGFBR1	TGFB	2.6089845729290387e-06	254	62	2.5
commot_pilot_v1	GSE292299	GSM8855719_DLBCL_P1	DLBCL	Visium	ambiguous_or_low_signal	ambiguous_or_low_signal	TGFB1	TGFBR1	TGFB	0.00012146274219967554	254	254	2.5
commot_pilot_v1	GSE292299	GSM8855719_DLBCL_P1	DLBCL	Visium	immune	immune	TGFB1	TGFBR2	TGFB	5.264094300525122e-05	12094	12094	2.5
commot_pilot_v1	GSE292299	GSM8855719_DLBCL_P1	DLBCL	Visium	immune	stroma_fibroblast	TGFB1	TGFBR2	TGFB	5.8757955830782916e-06	12094	62	2.5
commot_pilot_v1	GSE292299	GSM8855719_DLBCL_P1	DLBCL	Visium	immune	endothelial	TGFB1	TGFBR2	TGFB	5.951787491934681e-08	12094	2	2.5
commot_pilot_v1	GSE292299	GSM8855719_DLBCL_P1	DLBCL	Visium	immune	ambiguous_or_low_signal	TGFB1	TGFBR2	TGFB	1.1319559813544631e-05	12094	254	2.5
commot_pilot_v1	GSE292299	GSM8855719_DLBCL_P1	DLBCL	Visium	stroma_fibroblast	immune	TGFB1	TGFBR2	TGFB	1.9465695474148715e-06	62	12094	2.5
commot_pilot_v1	GSE292299	GSM8855719_DLBCL_P1	DLBCL	Visium	ambiguous_or_low_signal	immune	TGFB1	TGFBR2	TGFB	9.131273577373874e-06	254	12094	2.5
commot_pilot_v1	GSE292299	GSM8855719_DLBCL_P1	DLBCL	Visium	ambiguous_or_low_signal	stroma_fibroblast	TGFB1	TGFBR2	TGFB	9.288901315004854e-05	254	62	2.5
commot_pilot_v1	GSE292299	GSM8855719_DLBCL_P1	DLBCL	Visium	ambiguous_or_low_signal	ambiguous_or_low_signal	TGFB1	TGFBR2	TGFB	0.0004095805868438762	254	254	2.5
commot_pilot_v1	GSE292299	GSM8855719_DLBCL_P1	DLBCL	Visium	immune	immune	CXCL12	CXCR4	CXCL chemokine	7.371656815559569e-05	12094	12094	2.5
commot_pilot_v1	GSE292299	GSM8855719_DLBCL_P1	DLBCL	Visium	immune	stroma_fibroblast	CXCL12	CXCR4	CXCL chemokine	2.902686037266419e-06	12094	62	2.5
commot_pilot_v1	GSE292299	GSM8855719_DLBCL_P1	DLBCL	Visium	immune	ambiguous_or_low_signal	CXCL12	CXCR4	CXCL chemokine	1.1623477253409263e-05	12094	254	2.5
commot_pilot_v1	GSE292299	GSM8855719_DLBCL_P1	DLBCL	Visium	stroma_fibroblast	immune	CXCL12	CXCR4	CXCL chemokine	1.298370211227531e-05	62	12094	2.5
commot_pilot_v1	GSE292299	GSM8855719_DLBCL_P1	DLBCL	Visium	stroma_fibroblast	stroma_fibroblast	CXCL12	CXCR4	CXCL chemokine	0.0031008386321874355	62	62	2.5
commot_pilot_v1	GSE292299	GSM8855719_DLBCL_P1	DLBCL	Visium	stroma_fibroblast	ambiguous_or_low_signal	CXCL12	CXCR4	CXCL chemokine	0.00035908179959530276	62	254	2.5
commot_pilot_v1	GSE292299	GSM8855719_DLBCL_P1	DLBCL	Visium	ambiguous_or_low_signal	immune	CXCL12	CXCR4	CXCL chemokine	1.968803538355057e-05	254	12094	2.5
commot_pilot_v1	GSE292299	GSM8855719_DLBCL_P1	DLBCL	Visium	ambiguous_or_low_signal	stroma_fibroblast	CXCL12	CXCR4	CXCL chemokine	0.00011023417207066853	254	62	2.5
commot_pilot_v1	GSE292299	GSM8855719_DLBCL_P1	DLBCL	Visium	ambiguous_or_low_signal	ambiguous_or_low_signal	CXCL12	CXCR4	CXCL chemokine	0.0007567303560606339	254	254	2.5
commot_pilot_v1	GSE292299	GSM8855719_DLBCL_P1	DLBCL	Visium	immune	immune	CXCL9	CXCR3	CXCL chemokine	1.4212418712948191e-05	12094	12094	2.5
commot_pilot_v1	GSE292299	GSM8855719_DLBCL_P1	DLBCL	Visium	immune	stroma_fibroblast	CXCL9	CXCR3	CXCL chemokine	1.361068559088246e-06	12094	62	2.5
commot_pilot_v1	GSE292299	GSM8855719_DLBCL_P1	DLBCL	Visium	immune	ambiguous_or_low_signal	CXCL9	CXCR3	CXCL chemokine	1.363378310352015e-06	12094	254	2.5
commot_pilot_v1	GSE292299	GSM8855719_DLBCL_P1	DLBCL	Visium	stroma_fibroblast	immune	CXCL9	CXCR3	CXCL chemokine	2.2385783706809495e-09	62	12094	2.5
commot_pilot_v1	GSE292299	GSM8855719_DLBCL_P1	DLBCL	Visium	stroma_fibroblast	stroma_fibroblast	CXCL9	CXCR3	CXCL chemokine	0.000501285435978132	62	62	2.5
commot_pilot_v1	GSE292299	GSM8855719_DLBCL_P1	DLBCL	Visium	stroma_fibroblast	ambiguous_or_low_signal	CXCL9	CXCR3	CXCL chemokine	2.9016765973680535e-05	62	254	2.5
commot_pilot_v1	GSE292299	GSM8855719_DLBCL_P1	DLBCL	Visium	ambiguous_or_low_signal	immune	CXCL9	CXCR3	CXCL chemokine	3.975516064319533e-07	254	12094	2.5
commot_pilot_v1	GSE292299	GSM8855719_DLBCL_P1	DLBCL	Visium	ambiguous_or_low_signal	stroma_fibroblast	CXCL9	CXCR3	CXCL chemokine	6.683334192126264e-05	254	62	2.5
commot_pilot_v1	GSE292299	GSM8855719_DLBCL_P1	DLBCL	Visium	ambiguous_or_low_signal	ambiguous_or_low_signal	CXCL9	CXCR3	CXCL chemokine	0.00017600153231687652	254	254	2.5
commot_pilot_v1	GSE292299	GSM8855719_DLBCL_P1	DLBCL	Visium	immune	immune	CCL2	CCR2	CCL chemokine	7.85361496609555e-06	12094	12094	2.5
commot_pilot_v1	GSE292299	GSM8855719_DLBCL_P1	DLBCL	Visium	immune	stroma_fibroblast	CCL2	CCR2	CCL chemokine	1.3336391812522347e-06	12094	62	2.5
commot_pilot_v1	GSE292299	GSM8855719_DLBCL_P1	DLBCL	Visium	immune	ambiguous_or_low_signal	CCL2	CCR2	CCL chemokine	2.378320243817244e-06	12094	254	2.5
commot_pilot_v1	GSE292299	GSM8855719_DLBCL_P1	DLBCL	Visium	stroma_fibroblast	immune	CCL2	CCR2	CCL chemokine	2.19306031490317e-06	62	12094	2.5
commot_pilot_v1	GSE292299	GSM8855719_DLBCL_P1	DLBCL	Visium	ambiguous_or_low_signal	immune	CCL2	CCR2	CCL chemokine	2.652412561154089e-06	254	12094	2.5
commot_pilot_v1	GSE292299	GSM8855719_DLBCL_P1	DLBCL	Visium	ambiguous_or_low_signal	ambiguous_or_low_signal	CCL2	CCR2	CCL chemokine	8.050863541917821e-05	254	254	2.5
commot_pilot_v1	GSE292299	GSM8855719_DLBCL_P1	DLBCL	Visium	immune	immune	VEGFA	KDR	VEGF	2.0783892949747975e-06	12094	12094	2.5
commot_pilot_v1	GSE292299	GSM8855719_DLBCL_P1	DLBCL	Visium	immune	ambiguous_or_low_signal	VEGFA	KDR	VEGF	3.2553397337652996e-07	12094	254	2.5
commot_pilot_v1	GSE292299	GSM8855719_DLBCL_P1	DLBCL	Visium	stroma_fibroblast	ambiguous_or_low_signal	VEGFA	KDR	VEGF	6.3500127000254e-05	62	254	2.5
commot_pilot_v1	GSE292299	GSM8855719_DLBCL_P1	DLBCL	Visium	ambiguous_or_low_signal	immune	VEGFA	KDR	VEGF	3.7187299489429244e-09	254	12094	2.5
commot_pilot_v1	GSE292299	GSM8855719_DLBCL_P1	DLBCL	Visium	ambiguous_or_low_signal	ambiguous_or_low_signal	VEGFA	KDR	VEGF	3.089632260332126e-05	254	254	2.5
commot_pilot_v1	GSE292299	GSM8855719_DLBCL_P1	DLBCL	Visium	immune	immune	SPP1	CD44	SPP1	1.1109281249762057e-05	12094	12094	2.5
commot_pilot_v1	GSE292299	GSM8855719_DLBCL_P1	DLBCL	Visium	immune	stroma_fibroblast	SPP1	CD44	SPP1	2.4101865312104332e-09	12094	62	2.5
commot_pilot_v1	GSE292299	GSM8855719_DLBCL_P1	DLBCL	Visium	immune	endothelial	SPP1	CD44	SPP1	1.7226172757841396e-05	12094	2	2.5
commot_pilot_v1	GSE292299	GSM8855719_DLBCL_P1	DLBCL	Visium	immune	ambiguous_or_low_signal	SPP1	CD44	SPP1	1.1913109520694847e-06	12094	254	2.5
commot_pilot_v1	GSE292299	GSM8855719_DLBCL_P1	DLBCL	Visium	ambiguous_or_low_signal	immune	SPP1	CD44	SPP1	1.6456781049868838e-06	254	12094	2.5
commot_pilot_v1	GSE292299	GSM8855719_DLBCL_P1	DLBCL	Visium	ambiguous_or_low_signal	ambiguous_or_low_signal	SPP1	CD44	SPP1	0.00014466399757727971	254	254	2.5
commot_pilot_v1	GSE292299	GSM8855719_DLBCL_P1	DLBCL	Visium	immune	immune	SPP1	ITGAV	SPP1	4.401647413288289e-06	12094	12094	2.5
commot_pilot_v1	GSE292299	GSM8855719_DLBCL_P1	DLBCL	Visium	immune	endothelial	SPP1	ITGAV	SPP1	2.4752038862709928e-05	12094	2	2.5
commot_pilot_v1	GSE292299	GSM8855719_DLBCL_P1	DLBCL	Visium	immune	ambiguous_or_low_signal	SPP1	ITGAV	SPP1	3.9440813018999927e-07	12094	254	2.5
commot_pilot_v1	GSE292299	GSM8855719_DLBCL_P1	DLBCL	Visium	ambiguous_or_low_signal	immune	SPP1	ITGAV	SPP1	5.247125993376869e-07	254	12094	2.5
commot_pilot_v1	GSE292299	GSM8855719_DLBCL_P1	DLBCL	Visium	ambiguous_or_low_signal	ambiguous_or_low_signal	SPP1	ITGAV	SPP1	2.957317627951829e-05	254	254	2.5
commot_pilot_v1	GSE292299	GSM8855719_DLBCL_P1	DLBCL	Visium	immune	tumor_like	MIF	CD74	MIF	1.4968353384596393e-09	12094	1	2.5
commot_pilot_v1	GSE292299	GSM8855719_DLBCL_P1	DLBCL	Visium	immune	immune	MIF	CD74	MIF	0.00014066926090970482	12094	12094	2.5
commot_pilot_v1	GSE292299	GSM8855719_DLBCL_P1	DLBCL	Visium	immune	stroma_fibroblast	MIF	CD74	MIF	2.2220775198083734e-07	12094	62	2.5
commot_pilot_v1	GSE292299	GSM8855719_DLBCL_P1	DLBCL	Visium	immune	endothelial	MIF	CD74	MIF	5.745509077983402e-09	12094	2	2.5
commot_pilot_v1	GSE292299	GSM8855719_DLBCL_P1	DLBCL	Visium	immune	ambiguous_or_low_signal	MIF	CD74	MIF	2.8218874344608986e-07	12094	254	2.5
commot_pilot_v1	GSE292299	GSM8855719_DLBCL_P1	DLBCL	Visium	stroma_fibroblast	tumor_like	MIF	CD74	MIF	3.0374311567529215e-06	62	1	2.5
commot_pilot_v1	GSE292299	GSM8855719_DLBCL_P1	DLBCL	Visium	stroma_fibroblast	immune	MIF	CD74	MIF	8.447310760055512e-08	62	12094	2.5
commot_pilot_v1	GSE292299	GSM8855719_DLBCL_P1	DLBCL	Visium	stroma_fibroblast	stroma_fibroblast	MIF	CD74	MIF	0.004662438341579243	62	62	2.5
commot_pilot_v1	GSE292299	GSM8855719_DLBCL_P1	DLBCL	Visium	stroma_fibroblast	ambiguous_or_low_signal	MIF	CD74	MIF	8.92709735318074e-07	62	254	2.5
commot_pilot_v1	GSE292299	GSM8855719_DLBCL_P1	DLBCL	Visium	endothelial	immune	MIF	CD74	MIF	1.2341433068264905e-07	2	12094	2.5
commot_pilot_v1	GSE292299	GSM8855719_DLBCL_P1	DLBCL	Visium	endothelial	endothelial	MIF	CD74	MIF	0.24924466901306608	2	2	2.5
commot_pilot_v1	GSE292299	GSM8855719_DLBCL_P1	DLBCL	Visium	endothelial	ambiguous_or_low_signal	MIF	CD74	MIF	7.121676609780511e-08	2	254	2.5
commot_pilot_v1	GSE292299	GSM8855719_DLBCL_P1	DLBCL	Visium	ambiguous_or_low_signal	immune	MIF	CD74	MIF	9.405129705216299e-07	254	12094	2.5
commot_pilot_v1	GSE292299	GSM8855719_DLBCL_P1	DLBCL	Visium	ambiguous_or_low_signal	stroma_fibroblast	MIF	CD74	MIF	7.080618179076756e-07	254	62	2.5
commot_pilot_v1	GSE292299	GSM8855719_DLBCL_P1	DLBCL	Visium	ambiguous_or_low_signal	ambiguous_or_low_signal	MIF	CD74	MIF	0.001939049387769119	254	254	2.5
commot_pilot_v1	GSE292299	GSM8855719_DLBCL_P1	DLBCL	Visium	immune	immune	DLL4	NOTCH1	NOTCH	2.3287337985674712e-06	12094	12094	2.5
commot_pilot_v1	GSE292299	GSM8855719_DLBCL_P1	DLBCL	Visium	immune	ambiguous_or_low_signal	DLL4	NOTCH1	NOTCH	1.263515577705072e-07	12094	254	2.5
commot_pilot_v1	GSE292299	GSM8855719_DLBCL_P1	DLBCL	Visium	ambiguous_or_low_signal	immune	DLL4	NOTCH1	NOTCH	3.423197945870248e-07	254	12094	2.5
commot_pilot_v1	GSE292299	GSM8855719_DLBCL_P1	DLBCL	Visium	ambiguous_or_low_signal	ambiguous_or_low_signal	DLL4	NOTCH1	NOTCH	6.120088668492931e-05	254	254	2.5
commot_pilot_v1	GSE292299	GSM8855719_DLBCL_P1	DLBCL	Visium	immune	immune	JAG1	NOTCH2	NOTCH	3.6756100701021237e-06	12094	12094	2.5
commot_pilot_v1	GSE292299	GSM8855719_DLBCL_P1	DLBCL	Visium	immune	ambiguous_or_low_signal	JAG1	NOTCH2	NOTCH	7.772923673658654e-07	12094	254	2.5
commot_pilot_v1	GSE292299	GSM8855719_DLBCL_P1	DLBCL	Visium	stroma_fibroblast	immune	JAG1	NOTCH2	NOTCH	2.6669451237817565e-06	62	12094	2.5
commot_pilot_v1	GSE292299	GSM8855719_DLBCL_P1	DLBCL	Visium	ambiguous_or_low_signal	immune	JAG1	NOTCH2	NOTCH	7.121984083902431e-07	254	12094	2.5
commot_pilot_v1	GSE292299	GSM8855719_DLBCL_P1	DLBCL	Visium	ambiguous_or_low_signal	ambiguous_or_low_signal	JAG1	NOTCH2	NOTCH	2.808938561020247e-05	254	254	2.5
commot_pilot_v1	GSE292299	GSM8855719_DLBCL_P1	DLBCL	Visium	immune	immune	WNT5A	FZD5	WNT	2.1739499226539663e-06	12094	12094	2.5
commot_pilot_v1	GSE292299	GSM8855719_DLBCL_P1	DLBCL	Visium	immune	ambiguous_or_low_signal	WNT5A	FZD5	WNT	1.3111112202476327e-06	12094	254	2.5
commot_pilot_v1	GSE292299	GSM8855719_DLBCL_P1	DLBCL	Visium	ambiguous_or_low_signal	immune	WNT5A	FZD5	WNT	9.154714584924088e-07	254	12094	2.5
commot_pilot_v1	GSE292299	GSM8855719_DLBCL_P1	DLBCL	Visium	ambiguous_or_low_signal	ambiguous_or_low_signal	WNT5A	FZD5	WNT	2.9106763899216385e-06	254	254	2.5
commot_pilot_v1	GSE292299	GSM8855719_DLBCL_P1	DLBCL	Visium	immune	immune	EGF	EGFR	EGF/ERBB	3.122396759732639e-07	12094	12094	2.5
commot_pilot_v1	GSE292299	GSM8855719_DLBCL_P1	DLBCL	Visium	immune	ambiguous_or_low_signal	EGF	EGFR	EGF/ERBB	3.255339733765283e-07	12094	254	2.5
commot_pilot_v1	GSE292299	GSM8855719_DLBCL_P1	DLBCL	Visium	immune	immune	HBEGF	EGFR	EGF/ERBB	3.7828856788790866e-07	12094	12094	2.5
commot_pilot_v1	GSE292299	GSM8855719_DLBCL_P1	DLBCL	Visium	immune	ambiguous_or_low_signal	HBEGF	EGFR	EGF/ERBB	3.2553397337652953e-07	12094	254	2.5
commot_pilot_v1	GSE292299	GSM8855719_DLBCL_P1	DLBCL	Visium	immune	immune	COL1A1	ITGA2	ECM-integrin	2.2030150288953255e-06	12094	12094	2.5
commot_pilot_v1	GSE292299	GSM8855719_DLBCL_P1	DLBCL	Visium	immune	stroma_fibroblast	COL1A1	ITGA2	ECM-integrin	2.016415290585218e-11	12094	62	2.5
commot_pilot_v1	GSE292299	GSM8855719_DLBCL_P1	DLBCL	Visium	immune	ambiguous_or_low_signal	COL1A1	ITGA2	ECM-integrin	1.6728068945085463e-07	12094	254	2.5
commot_pilot_v1	GSE292299	GSM8855719_DLBCL_P1	DLBCL	Visium	stroma_fibroblast	immune	COL1A1	ITGA2	ECM-integrin	8.198832663003836e-07	62	12094	2.5
commot_pilot_v1	GSE292299	GSM8855719_DLBCL_P1	DLBCL	Visium	stroma_fibroblast	stroma_fibroblast	COL1A1	ITGA2	ECM-integrin	0.0002599578154553378	62	62	2.5
commot_pilot_v1	GSE292299	GSM8855719_DLBCL_P1	DLBCL	Visium	stroma_fibroblast	ambiguous_or_low_signal	COL1A1	ITGA2	ECM-integrin	9.75843771345281e-07	62	254	2.5
commot_pilot_v1	GSE292299	GSM8855719_DLBCL_P1	DLBCL	Visium	ambiguous_or_low_signal	immune	COL1A1	ITGA2	ECM-integrin	3.7813917726089584e-07	254	12094	2.5
commot_pilot_v1	GSE292299	GSM8855719_DLBCL_P1	DLBCL	Visium	ambiguous_or_low_signal	stroma_fibroblast	COL1A1	ITGA2	ECM-integrin	4.489698648945485e-08	254	62	2.5
commot_pilot_v1	GSE292299	GSM8855719_DLBCL_P1	DLBCL	Visium	ambiguous_or_low_signal	ambiguous_or_low_signal	COL1A1	ITGA2	ECM-integrin	2.2796932188935052e-05	254	254	2.5
commot_pilot_v1	GSE292299	GSM8855720_DLBCL_P2	DLBCL	Visium	immune	immune	TGFB1	TGFBR1	TGFB	8.249489978591173e-06	12745	12745	2.5
commot_pilot_v1	GSE292299	GSM8855720_DLBCL_P2	DLBCL	Visium	immune	stroma_fibroblast	TGFB1	TGFBR1	TGFB	5.181610663027679e-07	12745	260	2.5
commot_pilot_v1	GSE292299	GSM8855720_DLBCL_P2	DLBCL	Visium	immune	ambiguous_or_low_signal	TGFB1	TGFBR1	TGFB	3.3076456320601537e-07	12745	635	2.5
commot_pilot_v1	GSE292299	GSM8855720_DLBCL_P2	DLBCL	Visium	stroma_fibroblast	immune	TGFB1	TGFBR1	TGFB	2.514812244117858e-07	260	12745	2.5
commot_pilot_v1	GSE292299	GSM8855720_DLBCL_P2	DLBCL	Visium	stroma_fibroblast	ambiguous_or_low_signal	TGFB1	TGFBR1	TGFB	8.825714865983808e-06	260	635	2.5
commot_pilot_v1	GSE292299	GSM8855720_DLBCL_P2	DLBCL	Visium	ambiguous_or_low_signal	immune	TGFB1	TGFBR1	TGFB	6.622907390477637e-07	635	12745	2.5
commot_pilot_v1	GSE292299	GSM8855720_DLBCL_P2	DLBCL	Visium	ambiguous_or_low_signal	ambiguous_or_low_signal	TGFB1	TGFBR1	TGFB	4.565907936296976e-06	635	635	2.5
commot_pilot_v1	GSE292299	GSM8855720_DLBCL_P2	DLBCL	Visium	immune	immune	TGFB1	TGFBR2	TGFB	1.8565090798912655e-05	12745	12745	2.5
commot_pilot_v1	GSE292299	GSM8855720_DLBCL_P2	DLBCL	Visium	immune	stroma_fibroblast	TGFB1	TGFBR2	TGFB	6.490436049030623e-07	12745	260	2.5
commot_pilot_v1	GSE292299	GSM8855720_DLBCL_P2	DLBCL	Visium	immune	ambiguous_or_low_signal	TGFB1	TGFBR2	TGFB	1.3418873533189822e-06	12745	635	2.5
commot_pilot_v1	GSE292299	GSM8855720_DLBCL_P2	DLBCL	Visium	stroma_fibroblast	immune	TGFB1	TGFBR2	TGFB	2.118652378777383e-07	260	12745	2.5
commot_pilot_v1	GSE292299	GSM8855720_DLBCL_P2	DLBCL	Visium	stroma_fibroblast	stroma_fibroblast	TGFB1	TGFBR2	TGFB	2.882446477220883e-05	260	260	2.5
commot_pilot_v1	GSE292299	GSM8855720_DLBCL_P2	DLBCL	Visium	stroma_fibroblast	ambiguous_or_low_signal	TGFB1	TGFBR2	TGFB	3.385520805184587e-06	260	635	2.5
commot_pilot_v1	GSE292299	GSM8855720_DLBCL_P2	DLBCL	Visium	endothelial	immune	TGFB1	TGFBR2	TGFB	1.7350233541083663e-06	49	12745	2.5
commot_pilot_v1	GSE292299	GSM8855720_DLBCL_P2	DLBCL	Visium	endothelial	ambiguous_or_low_signal	TGFB1	TGFBR2	TGFB	2.9454258082679295e-05	49	635	2.5
commot_pilot_v1	GSE292299	GSM8855720_DLBCL_P2	DLBCL	Visium	ambiguous_or_low_signal	tumor_like	TGFB1	TGFBR2	TGFB	2.7011090685168216e-05	635	24	2.5
commot_pilot_v1	GSE292299	GSM8855720_DLBCL_P2	DLBCL	Visium	ambiguous_or_low_signal	immune	TGFB1	TGFBR2	TGFB	9.39053716303922e-07	635	12745	2.5
commot_pilot_v1	GSE292299	GSM8855720_DLBCL_P2	DLBCL	Visium	ambiguous_or_low_signal	stroma_fibroblast	TGFB1	TGFBR2	TGFB	3.0284675953967153e-06	635	260	2.5
commot_pilot_v1	GSE292299	GSM8855720_DLBCL_P2	DLBCL	Visium	ambiguous_or_low_signal	ambiguous_or_low_signal	TGFB1	TGFBR2	TGFB	1.6754804502419146e-05	635	635	2.5
commot_pilot_v1	GSE292299	GSM8855720_DLBCL_P2	DLBCL	Visium	tumor_like	tumor_like	CXCL12	CXCR4	CXCL chemokine	0.0017320654746001683	24	24	2.5
commot_pilot_v1	GSE292299	GSM8855720_DLBCL_P2	DLBCL	Visium	tumor_like	immune	CXCL12	CXCR4	CXCL chemokine	8.812032964023275e-06	24	12745	2.5
commot_pilot_v1	GSE292299	GSM8855720_DLBCL_P2	DLBCL	Visium	tumor_like	stroma_fibroblast	CXCL12	CXCR4	CXCL chemokine	0.0003205128205128205	24	260	2.5
commot_pilot_v1	GSE292299	GSM8855720_DLBCL_P2	DLBCL	Visium	tumor_like	ambiguous_or_low_signal	CXCL12	CXCR4	CXCL chemokine	4.323278701260482e-05	24	635	2.5
commot_pilot_v1	GSE292299	GSM8855720_DLBCL_P2	DLBCL	Visium	immune	tumor_like	CXCL12	CXCR4	CXCL chemokine	1.9829766346916135e-06	12745	24	2.5
commot_pilot_v1	GSE292299	GSM8855720_DLBCL_P2	DLBCL	Visium	immune	immune	CXCL12	CXCR4	CXCL chemokine	4.426687322726444e-05	12745	12745	2.5
commot_pilot_v1	GSE292299	GSM8855720_DLBCL_P2	DLBCL	Visium	immune	stroma_fibroblast	CXCL12	CXCR4	CXCL chemokine	3.5268519886970285e-06	12745	260	2.5
commot_pilot_v1	GSE292299	GSM8855720_DLBCL_P2	DLBCL	Visium	immune	endothelial	CXCL12	CXCR4	CXCL chemokine	6.491221260017935e-06	12745	49	2.5
commot_pilot_v1	GSE292299	GSM8855720_DLBCL_P2	DLBCL	Visium	immune	ambiguous_or_low_signal	CXCL12	CXCR4	CXCL chemokine	4.97217844550845e-06	12745	635	2.5
commot_pilot_v1	GSE292299	GSM8855720_DLBCL_P2	DLBCL	Visium	stroma_fibroblast	tumor_like	CXCL12	CXCR4	CXCL chemokine	6.342586436071143e-05	260	24	2.5
commot_pilot_v1	GSE292299	GSM8855720_DLBCL_P2	DLBCL	Visium	stroma_fibroblast	immune	CXCL12	CXCR4	CXCL chemokine	5.149078270160742e-06	260	12745	2.5
commot_pilot_v1	GSE292299	GSM8855720_DLBCL_P2	DLBCL	Visium	stroma_fibroblast	stroma_fibroblast	CXCL12	CXCR4	CXCL chemokine	0.0001161149814532531	260	260	2.5
commot_pilot_v1	GSE292299	GSM8855720_DLBCL_P2	DLBCL	Visium	stroma_fibroblast	endothelial	CXCL12	CXCR4	CXCL chemokine	0.00012663068570653205	260	49	2.5
commot_pilot_v1	GSE292299	GSM8855720_DLBCL_P2	DLBCL	Visium	stroma_fibroblast	ambiguous_or_low_signal	CXCL12	CXCR4	CXCL chemokine	2.0203419953149512e-05	260	635	2.5
commot_pilot_v1	GSE292299	GSM8855720_DLBCL_P2	DLBCL	Visium	endothelial	immune	CXCL12	CXCR4	CXCL chemokine	6.842985220182012e-06	49	12745	2.5
commot_pilot_v1	GSE292299	GSM8855720_DLBCL_P2	DLBCL	Visium	endothelial	endothelial	CXCL12	CXCR4	CXCL chemokine	7.821124446988146e-05	49	49	2.5
commot_pilot_v1	GSE292299	GSM8855720_DLBCL_P2	DLBCL	Visium	endothelial	ambiguous_or_low_signal	CXCL12	CXCR4	CXCL chemokine	1.1021019960942347e-05	49	635	2.5
commot_pilot_v1	GSE292299	GSM8855720_DLBCL_P2	DLBCL	Visium	ambiguous_or_low_signal	immune	CXCL12	CXCR4	CXCL chemokine	4.446186070094812e-06	635	12745	2.5
commot_pilot_v1	GSE292299	GSM8855720_DLBCL_P2	DLBCL	Visium	ambiguous_or_low_signal	stroma_fibroblast	CXCL12	CXCR4	CXCL chemokine	5.656269493162425e-06	635	260	2.5
commot_pilot_v1	GSE292299	GSM8855720_DLBCL_P2	DLBCL	Visium	ambiguous_or_low_signal	endothelial	CXCL12	CXCR4	CXCL chemokine	4.664622630214318e-06	635	49	2.5
commot_pilot_v1	GSE292299	GSM8855720_DLBCL_P2	DLBCL	Visium	ambiguous_or_low_signal	ambiguous_or_low_signal	CXCL12	CXCR4	CXCL chemokine	0.00014742858838529566	635	635	2.5
commot_pilot_v1	GSE292299	GSM8855720_DLBCL_P2	DLBCL	Visium	immune	tumor_like	CXCL9	CXCR3	CXCL chemokine	3.2692559173532117e-06	12745	24	2.5
commot_pilot_v1	GSE292299	GSM8855720_DLBCL_P2	DLBCL	Visium	immune	immune	CXCL9	CXCR3	CXCL chemokine	1.2885198390556198e-05	12745	12745	2.5
commot_pilot_v1	GSE292299	GSM8855720_DLBCL_P2	DLBCL	Visium	immune	stroma_fibroblast	CXCL9	CXCR3	CXCL chemokine	3.0992737453535116e-07	12745	260	2.5
commot_pilot_v1	GSE292299	GSM8855720_DLBCL_P2	DLBCL	Visium	immune	ambiguous_or_low_signal	CXCL9	CXCR3	CXCL chemokine	3.2662843382046146e-07	12745	635	2.5
commot_pilot_v1	GSE292299	GSM8855720_DLBCL_P2	DLBCL	Visium	stroma_fibroblast	immune	CXCL9	CXCR3	CXCL chemokine	2.4510812747919887e-07	260	12745	2.5
commot_pilot_v1	GSE292299	GSM8855720_DLBCL_P2	DLBCL	Visium	stroma_fibroblast	stroma_fibroblast	CXCL9	CXCR3	CXCL chemokine	1.4353679736559431e-05	260	260	2.5
commot_pilot_v1	GSE292299	GSM8855720_DLBCL_P2	DLBCL	Visium	stroma_fibroblast	ambiguous_or_low_signal	CXCL9	CXCR3	CXCL chemokine	2.893013520901779e-06	260	635	2.5
commot_pilot_v1	GSE292299	GSM8855720_DLBCL_P2	DLBCL	Visium	ambiguous_or_low_signal	immune	CXCL9	CXCR3	CXCL chemokine	2.6939852874424626e-07	635	12745	2.5
commot_pilot_v1	GSE292299	GSM8855720_DLBCL_P2	DLBCL	Visium	ambiguous_or_low_signal	stroma_fibroblast	CXCL9	CXCR3	CXCL chemokine	1.6262318660221507e-08	635	260	2.5
commot_pilot_v1	GSE292299	GSM8855720_DLBCL_P2	DLBCL	Visium	ambiguous_or_low_signal	ambiguous_or_low_signal	CXCL9	CXCR3	CXCL chemokine	2.449980793764676e-05	635	635	2.5
commot_pilot_v1	GSE292299	GSM8855720_DLBCL_P2	DLBCL	Visium	immune	immune	CCL2	CCR2	CCL chemokine	6.343686680785874e-06	12745	12745	2.5
commot_pilot_v1	GSE292299	GSM8855720_DLBCL_P2	DLBCL	Visium	immune	stroma_fibroblast	CCL2	CCR2	CCL chemokine	4.526662039412139e-07	12745	260	2.5
commot_pilot_v1	GSE292299	GSM8855720_DLBCL_P2	DLBCL	Visium	immune	endothelial	CCL2	CCR2	CCL chemokine	1.6036913715706776e-06	12745	49	2.5
commot_pilot_v1	GSE292299	GSM8855720_DLBCL_P2	DLBCL	Visium	immune	ambiguous_or_low_signal	CCL2	CCR2	CCL chemokine	7.291942068536052e-07	12745	635	2.5
commot_pilot_v1	GSE292299	GSM8855720_DLBCL_P2	DLBCL	Visium	stroma_fibroblast	immune	CCL2	CCR2	CCL chemokine	4.526662039412139e-07	260	12745	2.5
commot_pilot_v1	GSE292299	GSM8855720_DLBCL_P2	DLBCL	Visium	stroma_fibroblast	stroma_fibroblast	CCL2	CCR2	CCL chemokine	7.396449704142012e-06	260	260	2.5
commot_pilot_v1	GSE292299	GSM8855720_DLBCL_P2	DLBCL	Visium	ambiguous_or_low_signal	immune	CCL2	CCR2	CCL chemokine	9.07929816135294e-07	635	12745	2.5
commot_pilot_v1	GSE292299	GSM8855720_DLBCL_P2	DLBCL	Visium	ambiguous_or_low_signal	ambiguous_or_low_signal	CCL2	CCR2	CCL chemokine	6.974306657642335e-06	635	635	2.5
commot_pilot_v1	GSE292299	GSM8855720_DLBCL_P2	DLBCL	Visium	immune	immune	VEGFA	KDR	VEGF	1.0281033908789167e-06	12745	12745	2.5
commot_pilot_v1	GSE292299	GSM8855720_DLBCL_P2	DLBCL	Visium	immune	endothelial	VEGFA	KDR	VEGF	1.6012682044179e-06	12745	49	2.5
commot_pilot_v1	GSE292299	GSM8855720_DLBCL_P2	DLBCL	Visium	ambiguous_or_low_signal	endothelial	VEGFA	KDR	VEGF	1.5323050048941102e-05	635	49	2.5
commot_pilot_v1	GSE292299	GSM8855720_DLBCL_P2	DLBCL	Visium	ambiguous_or_low_signal	ambiguous_or_low_signal	VEGFA	KDR	VEGF	1.2975963735562122e-06	635	635	2.5
commot_pilot_v1	GSE292299	GSM8855720_DLBCL_P2	DLBCL	Visium	immune	immune	SPP1	CD44	SPP1	7.550896471329706e-06	12745	12745	2.5
commot_pilot_v1	GSE292299	GSM8855720_DLBCL_P2	DLBCL	Visium	immune	stroma_fibroblast	SPP1	CD44	SPP1	4.869408463367296e-07	12745	260	2.5
commot_pilot_v1	GSE292299	GSM8855720_DLBCL_P2	DLBCL	Visium	immune	endothelial	SPP1	CD44	SPP1	7.809757317059592e-07	12745	49	2.5
commot_pilot_v1	GSE292299	GSM8855720_DLBCL_P2	DLBCL	Visium	immune	ambiguous_or_low_signal	SPP1	CD44	SPP1	6.511519927869759e-07	12745	635	2.5
commot_pilot_v1	GSE292299	GSM8855720_DLBCL_P2	DLBCL	Visium	ambiguous_or_low_signal	immune	SPP1	CD44	SPP1	3.5550633821338347e-07	635	12745	2.5
commot_pilot_v1	GSE292299	GSM8855720_DLBCL_P2	DLBCL	Visium	immune	immune	SPP1	ITGAV	SPP1	2.2631446581725537e-06	12745	12745	2.5
commot_pilot_v1	GSE292299	GSM8855720_DLBCL_P2	DLBCL	Visium	immune	ambiguous_or_low_signal	SPP1	ITGAV	SPP1	1.8347361251904476e-07	12745	635	2.5
commot_pilot_v1	GSE292299	GSM8855720_DLBCL_P2	DLBCL	Visium	ambiguous_or_low_signal	immune	SPP1	ITGAV	SPP1	7.696216109003395e-08	635	12745	2.5
commot_pilot_v1	GSE292299	GSM8855720_DLBCL_P2	DLBCL	Visium	immune	tumor_like	MIF	CD74	MIF	1.0182559260396628e-06	12745	24	2.5
commot_pilot_v1	GSE292299	GSM8855720_DLBCL_P2	DLBCL	Visium	immune	immune	MIF	CD74	MIF	4.702861540355131e-05	12745	12745	2.5
commot_pilot_v1	GSE292299	GSM8855720_DLBCL_P2	DLBCL	Visium	immune	stroma_fibroblast	MIF	CD74	MIF	2.108428769841252e-07	12745	260	2.5
commot_pilot_v1	GSE292299	GSM8855720_DLBCL_P2	DLBCL	Visium	immune	endothelial	MIF	CD74	MIF	6.544278141994522e-08	12745	49	2.5
commot_pilot_v1	GSE292299	GSM8855720_DLBCL_P2	DLBCL	Visium	immune	ambiguous_or_low_signal	MIF	CD74	MIF	3.5273092923991297e-07	12745	635	2.5
commot_pilot_v1	GSE292299	GSM8855720_DLBCL_P2	DLBCL	Visium	stroma_fibroblast	tumor_like	MIF	CD74	MIF	2.2294561148617235e-05	260	24	2.5
commot_pilot_v1	GSE292299	GSM8855720_DLBCL_P2	DLBCL	Visium	stroma_fibroblast	immune	MIF	CD74	MIF	3.8960921868263463e-07	260	12745	2.5
commot_pilot_v1	GSE292299	GSM8855720_DLBCL_P2	DLBCL	Visium	stroma_fibroblast	stroma_fibroblast	MIF	CD74	MIF	8.700374948683384e-05	260	260	2.5
commot_pilot_v1	GSE292299	GSM8855720_DLBCL_P2	DLBCL	Visium	stroma_fibroblast	endothelial	MIF	CD74	MIF	4.864140445553042e-05	260	49	2.5
commot_pilot_v1	GSE292299	GSM8855720_DLBCL_P2	DLBCL	Visium	stroma_fibroblast	ambiguous_or_low_signal	MIF	CD74	MIF	4.160467072431904e-07	260	635	2.5
commot_pilot_v1	GSE292299	GSM8855720_DLBCL_P2	DLBCL	Visium	endothelial	immune	MIF	CD74	MIF	2.9077843851855277e-06	49	12745	2.5
commot_pilot_v1	GSE292299	GSM8855720_DLBCL_P2	DLBCL	Visium	endothelial	stroma_fibroblast	MIF	CD74	MIF	5.613057154768964e-07	49	260	2.5
commot_pilot_v1	GSE292299	GSM8855720_DLBCL_P2	DLBCL	Visium	endothelial	endothelial	MIF	CD74	MIF	0.000391269220162601	49	49	2.5
commot_pilot_v1	GSE292299	GSM8855720_DLBCL_P2	DLBCL	Visium	endothelial	ambiguous_or_low_signal	MIF	CD74	MIF	7.63251451304657e-06	49	635	2.5
commot_pilot_v1	GSE292299	GSM8855720_DLBCL_P2	DLBCL	Visium	ambiguous_or_low_signal	immune	MIF	CD74	MIF	1.6405706258614948e-07	635	12745	2.5
commot_pilot_v1	GSE292299	GSM8855720_DLBCL_P2	DLBCL	Visium	ambiguous_or_low_signal	stroma_fibroblast	MIF	CD74	MIF	2.8960188533942904e-06	635	260	2.5
commot_pilot_v1	GSE292299	GSM8855720_DLBCL_P2	DLBCL	Visium	ambiguous_or_low_signal	endothelial	MIF	CD74	MIF	7.997590037822121e-08	635	49	2.5
commot_pilot_v1	GSE292299	GSM8855720_DLBCL_P2	DLBCL	Visium	ambiguous_or_low_signal	ambiguous_or_low_signal	MIF	CD74	MIF	7.487544851840195e-05	635	635	2.5
commot_pilot_v1	GSE292299	GSM8855720_DLBCL_P2	DLBCL	Visium	immune	immune	DLL4	NOTCH1	NOTCH	8.730396385880163e-07	12745	12745	2.5
commot_pilot_v1	GSE292299	GSM8855720_DLBCL_P2	DLBCL	Visium	immune	stroma_fibroblast	DLL4	NOTCH1	NOTCH	5.6669341814945416e-08	12745	260	2.5
commot_pilot_v1	GSE292299	GSM8855720_DLBCL_P2	DLBCL	Visium	immune	ambiguous_or_low_signal	DLL4	NOTCH1	NOTCH	3.706872851172149e-07	12745	635	2.5
commot_pilot_v1	GSE292299	GSM8855720_DLBCL_P2	DLBCL	Visium	stroma_fibroblast	immune	DLL4	NOTCH1	NOTCH	2.4510812747919823e-07	260	12745	2.5
commot_pilot_v1	GSE292299	GSM8855720_DLBCL_P2	DLBCL	Visium	stroma_fibroblast	ambiguous_or_low_signal	DLL4	NOTCH1	NOTCH	1.1374027739078416e-06	260	635	2.5
commot_pilot_v1	GSE292299	GSM8855720_DLBCL_P2	DLBCL	Visium	ambiguous_or_low_signal	immune	DLL4	NOTCH1	NOTCH	1.0644588454173661e-07	635	12745	2.5
commot_pilot_v1	GSE292299	GSM8855720_DLBCL_P2	DLBCL	Visium	ambiguous_or_low_signal	ambiguous_or_low_signal	DLL4	NOTCH1	NOTCH	5.3035537800542906e-06	635	635	2.5
commot_pilot_v1	GSE292299	GSM8855720_DLBCL_P2	DLBCL	Visium	immune	immune	JAG1	NOTCH2	NOTCH	4.757672035951734e-06	12745	12745	2.5
commot_pilot_v1	GSE292299	GSM8855720_DLBCL_P2	DLBCL	Visium	immune	stroma_fibroblast	JAG1	NOTCH2	NOTCH	3.017800899955895e-07	12745	260	2.5
commot_pilot_v1	GSE292299	GSM8855720_DLBCL_P2	DLBCL	Visium	immune	endothelial	JAG1	NOTCH2	NOTCH	1.601268204417899e-06	12745	49	2.5
commot_pilot_v1	GSE292299	GSM8855720_DLBCL_P2	DLBCL	Visium	immune	ambiguous_or_low_signal	JAG1	NOTCH2	NOTCH	1.236671067019894e-07	12745	635	2.5
commot_pilot_v1	GSE292299	GSM8855720_DLBCL_P2	DLBCL	Visium	stroma_fibroblast	immune	JAG1	NOTCH2	NOTCH	3.018485936876658e-07	260	12745	2.5
commot_pilot_v1	GSE292299	GSM8855720_DLBCL_P2	DLBCL	Visium	stroma_fibroblast	stroma_fibroblast	JAG1	NOTCH2	NOTCH	1.4792770943514997e-05	260	260	2.5
commot_pilot_v1	GSE292299	GSM8855720_DLBCL_P2	DLBCL	Visium	stroma_fibroblast	ambiguous_or_low_signal	JAG1	NOTCH2	NOTCH	1.2113870381586964e-05	260	635	2.5
commot_pilot_v1	GSE292299	GSM8855720_DLBCL_P2	DLBCL	Visium	ambiguous_or_low_signal	immune	JAG1	NOTCH2	NOTCH	5.21138721446275e-07	635	12745	2.5
commot_pilot_v1	GSE292299	GSM8855720_DLBCL_P2	DLBCL	Visium	ambiguous_or_low_signal	ambiguous_or_low_signal	JAG1	NOTCH2	NOTCH	7.363936438294156e-06	635	635	2.5
commot_pilot_v1	GSE292299	GSM8855720_DLBCL_P2	DLBCL	Visium	immune	immune	WNT5A	FZD5	WNT	7.141301655081046e-07	12745	12745	2.5
commot_pilot_v1	GSE292299	GSM8855720_DLBCL_P2	DLBCL	Visium	stroma_fibroblast	endothelial	WNT5A	FZD5	WNT	7.849293563579278e-05	260	49	2.5
commot_pilot_v1	GSE292299	GSM8855720_DLBCL_P2	DLBCL	Visium	ambiguous_or_low_signal	immune	WNT5A	FZD5	WNT	3.7071801663000413e-07	635	12745	2.5
commot_pilot_v1	GSE292299	GSM8855720_DLBCL_P2	DLBCL	Visium	immune	immune	EGF	EGFR	EGF/ERBB	1.1493429957706089e-07	12745	12745	2.5
commot_pilot_v1	GSE292299	GSM8855720_DLBCL_P2	DLBCL	Visium	immune	ambiguous_or_low_signal	EGF	EGFR	EGF/ERBB	1.235624283724048e-07	12745	635	2.5
commot_pilot_v1	GSE292299	GSM8855720_DLBCL_P2	DLBCL	Visium	tumor_like	stroma_fibroblast	HBEGF	EGFR	EGF/ERBB	0.00016025641025641026	24	260	2.5
commot_pilot_v1	GSE292299	GSM8855720_DLBCL_P2	DLBCL	Visium	immune	immune	HBEGF	EGFR	EGF/ERBB	1.5286508666996935e-07	12745	12745	2.5
commot_pilot_v1	GSE292299	GSM8855720_DLBCL_P2	DLBCL	Visium	immune	tumor_like	COL1A1	ITGA2	ECM-integrin	3.2692559173532105e-06	12745	24	2.5
commot_pilot_v1	GSE292299	GSM8855720_DLBCL_P2	DLBCL	Visium	immune	immune	COL1A1	ITGA2	ECM-integrin	1.8380852827459527e-06	12745	12745	2.5
commot_pilot_v1	GSE292299	GSM8855720_DLBCL_P2	DLBCL	Visium	immune	stroma_fibroblast	COL1A1	ITGA2	ECM-integrin	3.5844681110908753e-07	12745	260	2.5
commot_pilot_v1	GSE292299	GSM8855720_DLBCL_P2	DLBCL	Visium	immune	ambiguous_or_low_signal	COL1A1	ITGA2	ECM-integrin	1.327361338492582e-07	12745	635	2.5
commot_pilot_v1	GSE292299	GSM8855720_DLBCL_P2	DLBCL	Visium	stroma_fibroblast	stroma_fibroblast	COL1A1	ITGA2	ECM-integrin	2.6801636150798125e-05	260	260	2.5
commot_pilot_v1	GSE292299	GSM8855720_DLBCL_P2	DLBCL	Visium	ambiguous_or_low_signal	immune	COL1A1	ITGA2	ECM-integrin	5.474521297565766e-07	635	12745	2.5
commot_pilot_v1	GSE292299	GSM8855720_DLBCL_P2	DLBCL	Visium	ambiguous_or_low_signal	stroma_fibroblast	COL1A1	ITGA2	ECM-integrin	2.5693412105824137e-09	635	260	2.5
commot_pilot_v1	GSE292299	GSM8855720_DLBCL_P2	DLBCL	Visium	ambiguous_or_low_signal	ambiguous_or_low_signal	COL1A1	ITGA2	ECM-integrin	7.255890665380197e-06	635	635	2.5
