variant	rank_in_variant	candidate_id	dataset	sample_id	cancer	sender_compartment	receiver_compartment	ligand	receptor	pathway	full_v3	confidence_tier_pilot_v3	all_null_gates	both_external	target_activation_support	no_null	no_external	no_recurrence	no_raw_score	no_annotation	equal_weight
full_v3	1	GSE292299|GSM8855713_NSCLC_P11|tumor_like|tumor_like|SPP1|CD44|SPP1	GSE292299	GSM8855713_NSCLC_P11	NSCLC	tumor_like	tumor_like	SPP1	CD44	SPP1	0.941658	high_pilot_v3	True	True	1						
full_v3	2	GSE300445|GSM9060734_AdjIII-0113|tumor_like|tumor_like|MIF|CD74|MIF	GSE300445	GSM9060734_AdjIII-0113	melanoma	tumor_like	tumor_like	MIF	CD74	MIF	0.941622	high_pilot_v3	True	True	0						
full_v3	3	GSE292299|GSM8855713_NSCLC_P11|tumor_like|tumor_like|MIF|CD74|MIF	GSE292299	GSM8855713_NSCLC_P11	NSCLC	tumor_like	tumor_like	MIF	CD74	MIF	0.941587	high_pilot_v3	True	True	1						
full_v3	4	GSE300445|GSM9060735_AdjIII-0133|tumor_like|tumor_like|MIF|CD74|MIF	GSE300445	GSM9060735_AdjIII-0133	melanoma	tumor_like	tumor_like	MIF	CD74	MIF	0.941516	high_pilot_v3	True	True	0						
full_v3	5	GSE300445|GSM9060732_AdjIII-0019|tumor_like|tumor_like|SPP1|CD44|SPP1	GSE300445	GSM9060732_AdjIII-0019	melanoma	tumor_like	tumor_like	SPP1	CD44	SPP1	0.941445	high_pilot_v3	True	True	1						
full_v3	6	GSE292299|GSM8855713_NSCLC_P11|tumor_like|tumor_like|SPP1|ITGAV|SPP1	GSE292299	GSM8855713_NSCLC_P11	NSCLC	tumor_like	tumor_like	SPP1	ITGAV	SPP1	0.941409	high_pilot_v3	True	True	1						
full_v3	7	GSE292299|GSM8855704_NSCLC_P2|tumor_like|tumor_like|SPP1|CD44|SPP1	GSE292299	GSM8855704_NSCLC_P2	NSCLC	tumor_like	tumor_like	SPP1	CD44	SPP1	0.940983	high_pilot_v3	True	True	0						
full_v3	8	GSE292299|GSM8855715_NSCLC_P13|tumor_like|tumor_like|MIF|CD74|MIF	GSE292299	GSM8855715_NSCLC_P13	NSCLC	tumor_like	tumor_like	MIF	CD74	MIF	0.940735	high_pilot_v3	True	True	0						
full_v3	9	GSE300445|GSM9060732_AdjIII-0019|tumor_like|tumor_like|SPP1|ITGAV|SPP1	GSE300445	GSM9060732_AdjIII-0019	melanoma	tumor_like	tumor_like	SPP1	ITGAV	SPP1	0.940522	high_pilot_v3	True	True	1						
full_v3	10	GSE283052|GSM8655157_P02|tumor_like|tumor_like|MIF|CD74|MIF	GSE283052	GSM8655157_P02	colorectal cancer	tumor_like	tumor_like	MIF	CD74	MIF	0.940237	high_pilot_v3	True	True	1						
full_v3	11	GSE292299|GSM8855709_NSCLC_P7|tumor_like|tumor_like|SPP1|CD44|SPP1	GSE292299	GSM8855709_NSCLC_P7	NSCLC	tumor_like	tumor_like	SPP1	CD44	SPP1	0.940024	high_pilot_v3	True	True	0						
full_v3	12	GSE292299|GSM8855709_NSCLC_P7|tumor_like|tumor_like|MIF|CD74|MIF	GSE292299	GSM8855709_NSCLC_P7	NSCLC	tumor_like	tumor_like	MIF	CD74	MIF	0.939492	high_pilot_v3	True	True	0						
full_v3	13	GSE292299|GSM8855712_NSCLC_P10|tumor_like|tumor_like|MIF|CD74|MIF	GSE292299	GSM8855712_NSCLC_P10	NSCLC	tumor_like	tumor_like	MIF	CD74	MIF	0.939243	high_pilot_v3	True	True	1						
full_v3	14	GSE300445|GSM9060733_AdjIII-0022|tumor_like|tumor_like|MIF|CD74|MIF	GSE300445	GSM9060733_AdjIII-0022	melanoma	tumor_like	tumor_like	MIF	CD74	MIF	0.938888	high_pilot_v3	True	True	1						
full_v3	15	GSE292299|GSM8855709_NSCLC_P7|tumor_like|tumor_like|SPP1|ITGAV|SPP1	GSE292299	GSM8855709_NSCLC_P7	NSCLC	tumor_like	tumor_like	SPP1	ITGAV	SPP1	0.938391	high_pilot_v3	True	True	0						
full_v3	16	GSE283052|GSM8655167_P18|tumor_like|tumor_like|MIF|CD74|MIF	GSE283052	GSM8655167_P18	colorectal cancer	tumor_like	tumor_like	MIF	CD74	MIF	0.938178	high_pilot_v3	True	True	1						
full_v3	17	GSE300445|GSM9060732_AdjIII-0019|stroma_fibroblast|stroma_fibroblast|COL1A1|ITGA2|ECM-integrin	GSE300445	GSM9060732_AdjIII-0019	melanoma	stroma_fibroblast	stroma_fibroblast	COL1A1	ITGA2	ECM-integrin	0.938107	high_pilot_v3	True	True	1						
full_v3	18	GSE300445|GSM9060733_AdjIII-0022|tumor_like|tumor_like|COL1A1|ITGA2|ECM-integrin	GSE300445	GSM9060733_AdjIII-0022	melanoma	tumor_like	tumor_like	COL1A1	ITGA2	ECM-integrin	0.937965	high_pilot_v3	True	True	0						
full_v3	19	GSE283052|GSM8655160_P07|tumor_like|tumor_like|MIF|CD74|MIF	GSE283052	GSM8655160_P07	colorectal cancer	tumor_like	tumor_like	MIF	CD74	MIF	0.937894	high_pilot_v3	True	True	0						
full_v3	20	GSE292299|GSM8855718_NSCLC_P16|tumor_like|tumor_like|MIF|CD74|MIF	GSE292299	GSM8855718_NSCLC_P16	NSCLC	tumor_like	tumor_like	MIF	CD74	MIF	0.937681	high_pilot_v3	True	True	1						
full_v3	21	GSE292299|GSM8855704_NSCLC_P2|tumor_like|tumor_like|SPP1|ITGAV|SPP1	GSE292299	GSM8855704_NSCLC_P2	NSCLC	tumor_like	tumor_like	SPP1	ITGAV	SPP1	0.937468	high_pilot_v3	True	True	0						
full_v3	22	GSE292299|GSM8855709_NSCLC_P7|immune|immune|SPP1|ITGAV|SPP1	GSE292299	GSM8855709_NSCLC_P7	NSCLC	immune	immune	SPP1	ITGAV	SPP1	0.937432	high_pilot_v3	True	True	0						
full_v3	23	GSE292299|GSM8855717_NSCLC_P15|immune|immune|MIF|CD74|MIF	GSE292299	GSM8855717_NSCLC_P15	NSCLC	immune	immune	MIF	CD74	MIF	0.937361	high_pilot_v3	True	True	1						
full_v3	24	GSE283052|GSM8655160_P07|stroma_fibroblast|stroma_fibroblast|MIF|CD74|MIF	GSE283052	GSM8655160_P07	colorectal cancer	stroma_fibroblast	stroma_fibroblast	MIF	CD74	MIF	0.937148	high_pilot_v3	True	True	1						
full_v3	25	GSE292299|GSM8855715_NSCLC_P13|stroma_fibroblast|stroma_fibroblast|SPP1|ITGAV|SPP1	GSE292299	GSM8855715_NSCLC_P13	NSCLC	stroma_fibroblast	stroma_fibroblast	SPP1	ITGAV	SPP1	0.937136	high_pilot_v3	True	True	1						
full_v3	26	GSE283052|GSM8655165_P15|stroma_fibroblast|stroma_fibroblast|MIF|CD74|MIF	GSE283052	GSM8655165_P15	colorectal cancer	stroma_fibroblast	stroma_fibroblast	MIF	CD74	MIF	0.937041	high_pilot_v3	True	True	1						
full_v3	27	GSE283052|GSM8655163_P11|stroma_fibroblast|stroma_fibroblast|MIF|CD74|MIF	GSE283052	GSM8655163_P11	colorectal cancer	stroma_fibroblast	stroma_fibroblast	MIF	CD74	MIF	0.936509	high_pilot_v3	True	True	1						
full_v3	28	GSE292299|GSM8855719_DLBCL_P1|immune|immune|MIF|CD74|MIF	GSE292299	GSM8855719_DLBCL_P1	DLBCL	immune	immune	MIF	CD74	MIF	0.936402	high_pilot_v3	True	True	1						
full_v3	29	GSE292299|GSM8855708_NSCLC_P6|tumor_like|tumor_like|MIF|CD74|MIF	GSE292299	GSM8855708_NSCLC_P6	NSCLC	tumor_like	tumor_like	MIF	CD74	MIF	0.936291	high_pilot_v3	True	True	0						
full_v3	30	GSE292299|GSM8855704_NSCLC_P2|tumor_like|immune|MIF|CD74|MIF	GSE292299	GSM8855704_NSCLC_P2	NSCLC	tumor_like	immune	MIF	CD74	MIF	0.936154	high_pilot_v3	True	True	0						
full_v3	31	GSE292299|GSM8855704_NSCLC_P2|tumor_like|tumor_like|MIF|CD74|MIF	GSE292299	GSM8855704_NSCLC_P2	NSCLC	tumor_like	tumor_like	MIF	CD74	MIF	0.936047	high_pilot_v3	True	True	0						
full_v3	32	GSE283052|GSM8655168_P24|stroma_fibroblast|stroma_fibroblast|MIF|CD74|MIF	GSE283052	GSM8655168_P24	colorectal cancer	stroma_fibroblast	stroma_fibroblast	MIF	CD74	MIF	0.936012	high_pilot_v3	True	True	1						
full_v3	33	GSE283052|GSM8655160_P07|stroma_fibroblast|stroma_fibroblast|COL1A1|ITGA2|ECM-integrin	GSE283052	GSM8655160_P07	colorectal cancer	stroma_fibroblast	stroma_fibroblast	COL1A1	ITGA2	ECM-integrin	0.935763	high_pilot_v3	True	True	1						
full_v3	34	GSE283052|GSM8655159_P05|stroma_fibroblast|stroma_fibroblast|MIF|CD74|MIF	GSE283052	GSM8655159_P05	colorectal cancer	stroma_fibroblast	stroma_fibroblast	MIF	CD74	MIF	0.935266	high_pilot_v3	True	True	1						
full_v3	35	GSE300445|GSM9060734_AdjIII-0113|tumor_like|tumor_like|SPP1|CD44|SPP1	GSE300445	GSM9060734_AdjIII-0113	melanoma	tumor_like	tumor_like	SPP1	CD44	SPP1	0.9348	high_pilot_v3	True	True	0						
full_v3	36	GSE292299|GSM8855708_NSCLC_P6|stroma_fibroblast|stroma_fibroblast|SPP1|CD44|SPP1	GSE292299	GSM8855708_NSCLC_P6	NSCLC	stroma_fibroblast	stroma_fibroblast	SPP1	CD44	SPP1	0.934698	high_pilot_v3	True	True	1						
full_v3	37	GSE292299|GSM8855711_NSCLC_P9|tumor_like|tumor_like|MIF|CD74|MIF	GSE292299	GSM8855711_NSCLC_P9	NSCLC	tumor_like	tumor_like	MIF	CD74	MIF	0.934662	high_pilot_v3	True	True	1						
full_v3	38	GSE283052|GSM8655158_P04|stroma_fibroblast|stroma_fibroblast|MIF|CD74|MIF	GSE283052	GSM8655158_P04	colorectal cancer	stroma_fibroblast	stroma_fibroblast	MIF	CD74	MIF	0.934378	high_pilot_v3	True	True	1						
full_v3	39	GSE300445|GSM9060734_AdjIII-0113|tumor_like|tumor_like|COL1A1|ITGA2|ECM-integrin	GSE300445	GSM9060734_AdjIII-0113	melanoma	tumor_like	tumor_like	COL1A1	ITGA2	ECM-integrin	0.934295	high_pilot_v3	True	True	0						
full_v3	40	GSE292299|GSM8855717_NSCLC_P15|tumor_like|tumor_like|MIF|CD74|MIF	GSE292299	GSM8855717_NSCLC_P15	NSCLC	tumor_like	tumor_like	MIF	CD74	MIF	0.933845	high_pilot_v3	True	True	0						
full_v3	41	GSE292299|GSM8855714_NSCLC_P12|stroma_fibroblast|stroma_fibroblast|COL1A1|ITGA2|ECM-integrin	GSE292299	GSM8855714_NSCLC_P12	NSCLC	stroma_fibroblast	stroma_fibroblast	COL1A1	ITGA2	ECM-integrin	0.933561	high_pilot_v3	True	True	1						
full_v3	42	GSE283052|GSM8655161_P09|stroma_fibroblast|stroma_fibroblast|MIF|CD74|MIF	GSE283052	GSM8655161_P09	colorectal cancer	stroma_fibroblast	stroma_fibroblast	MIF	CD74	MIF	0.933313	high_pilot_v3	True	True	1						
full_v3	43	GSE292299|GSM8855705_NSCLC_P3|tumor_like|tumor_like|SPP1|CD44|SPP1	GSE292299	GSM8855705_NSCLC_P3	NSCLC	tumor_like	tumor_like	SPP1	CD44	SPP1	0.932958	high_pilot_v3	True	True	0						
full_v3	44	GSE283052|GSM8655160_P07|tumor_like|tumor_like|SPP1|CD44|SPP1	GSE283052	GSM8655160_P07	colorectal cancer	tumor_like	tumor_like	SPP1	CD44	SPP1	0.932851	high_pilot_v3	True	True	0						
full_v3	45	GSE283052|GSM8655164_P13|stroma_fibroblast|stroma_fibroblast|MIF|CD74|MIF	GSE283052	GSM8655164_P13	colorectal cancer	stroma_fibroblast	stroma_fibroblast	MIF	CD74	MIF	0.932638	high_pilot_v3	True	True	1						
full_v3	46	GSE292299|GSM8855705_NSCLC_P3|tumor_like|tumor_like|MIF|CD74|MIF	GSE292299	GSM8855705_NSCLC_P3	NSCLC	tumor_like	tumor_like	MIF	CD74	MIF	0.932567	high_pilot_v3	True	True	0						
full_v3	47	GSE292299|GSM8855706_NSCLC_P4|immune|immune|SPP1|CD44|SPP1	GSE292299	GSM8855706_NSCLC_P4	NSCLC	immune	immune	SPP1	CD44	SPP1	0.932531	high_pilot_v3	True	True	1						
full_v3	48	GSE292299|GSM8855705_NSCLC_P3|tumor_like|tumor_like|SPP1|ITGAV|SPP1	GSE292299	GSM8855705_NSCLC_P3	NSCLC	tumor_like	tumor_like	SPP1	ITGAV	SPP1	0.932496	high_pilot_v3	True	True	0						
full_v3	49	GSE300445|GSM9060733_AdjIII-0022|tumor_like|tumor_like|SPP1|CD44|SPP1	GSE300445	GSM9060733_AdjIII-0022	melanoma	tumor_like	tumor_like	SPP1	CD44	SPP1	0.932247	high_pilot_v3	True	True	1						
full_v3	50	GSE283052|GSM8655168_P24|stroma_fibroblast|stroma_fibroblast|COL1A1|ITGA2|ECM-integrin	GSE283052	GSM8655168_P24	colorectal cancer	stroma_fibroblast	stroma_fibroblast	COL1A1	ITGA2	ECM-integrin	0.931821	high_pilot_v3	True	True	1						
full_v3	51	GSE292299|GSM8855717_NSCLC_P15|immune|immune|CXCL12|CXCR4|CXCL chemokine	GSE292299	GSM8855717_NSCLC_P15	NSCLC	immune	immune	CXCL12	CXCR4	CXCL chemokine	0.931608	high_pilot_v3	True	True	1						
full_v3	52	GSE300445|GSM9060735_AdjIII-0133|tumor_like|tumor_like|JAG1|NOTCH2|NOTCH	GSE300445	GSM9060735_AdjIII-0133	melanoma	tumor_like	tumor_like	JAG1	NOTCH2	NOTCH	0.931537	high_pilot_v3	True	True	0						
full_v3	53	GSE283052|GSM8655158_P04|tumor_like|tumor_like|SPP1|CD44|SPP1	GSE283052	GSM8655158_P04	colorectal cancer	tumor_like	tumor_like	SPP1	CD44	SPP1	0.931182	high_pilot_v3	True	True	0						
full_v3	54	GSE292299|GSM8855706_NSCLC_P4|tumor_like|tumor_like|MIF|CD74|MIF	GSE292299	GSM8855706_NSCLC_P4	NSCLC	tumor_like	tumor_like	MIF	CD74	MIF	0.930969	high_pilot_v3	True	True	1						
full_v3	55	GSE300445|GSM9060733_AdjIII-0022|tumor_like|tumor_like|JAG1|NOTCH2|NOTCH	GSE300445	GSM9060733_AdjIII-0022	melanoma	tumor_like	tumor_like	JAG1	NOTCH2	NOTCH	0.93072	high_pilot_v3	True	True	1						
full_v3	56	GSE283052|GSM8655166_P17|tumor_like|tumor_like|MIF|CD74|MIF	GSE283052	GSM8655166_P17	colorectal cancer	tumor_like	tumor_like	MIF	CD74	MIF	0.930507	high_pilot_v3	True	True	0						
full_v3	57	GSE292299|GSM8855709_NSCLC_P7|immune|immune|SPP1|CD44|SPP1	GSE292299	GSM8855709_NSCLC_P7	NSCLC	immune	immune	SPP1	CD44	SPP1	0.930357	high_pilot_v3	True	True	0						
full_v3	58	GSE292299|GSM8855703_NSCLC_P1|immune|immune|SPP1|CD44|SPP1	GSE292299	GSM8855703_NSCLC_P1	NSCLC	immune	immune	SPP1	CD44	SPP1	0.93033	high_pilot_v3	True	True	0						
full_v3	59	GSE292299|GSM8855720_DLBCL_P2|immune|immune|MIF|CD74|MIF	GSE292299	GSM8855720_DLBCL_P2	DLBCL	immune	immune	MIF	CD74	MIF	0.930259	high_pilot_v3	True	True	1						
full_v3	60	GSE292299|GSM8855704_NSCLC_P2|stroma_fibroblast|stroma_fibroblast|COL1A1|ITGA2|ECM-integrin	GSE292299	GSM8855704_NSCLC_P2	NSCLC	stroma_fibroblast	stroma_fibroblast	COL1A1	ITGA2	ECM-integrin	0.929398	high_pilot_v3	True	True	1						
full_v3	61	GSE292299|GSM8855715_NSCLC_P13|tumor_like|tumor_like|JAG1|NOTCH2|NOTCH	GSE292299	GSM8855715_NSCLC_P13	NSCLC	tumor_like	tumor_like	JAG1	NOTCH2	NOTCH	0.928387	high_pilot_v3	True	True	1						
full_v3	62	GSE292299|GSM8855707_NSCLC_P5|stroma_fibroblast|stroma_fibroblast|COL1A1|ITGA2|ECM-integrin	GSE292299	GSM8855707_NSCLC_P5	NSCLC	stroma_fibroblast	stroma_fibroblast	COL1A1	ITGA2	ECM-integrin	0.927773	high_pilot_v3	True	True	1						
full_v3	63	GSE283052|GSM8655162_P10|stroma_fibroblast|stroma_fibroblast|MIF|CD74|MIF	GSE283052	GSM8655162_P10	colorectal cancer	stroma_fibroblast	stroma_fibroblast	MIF	CD74	MIF	0.927595	high_pilot_v3	True	True	1						
full_v3	64	GSE283052|GSM8655164_P13|stroma_fibroblast|stroma_fibroblast|COL1A1|ITGA2|ECM-integrin	GSE283052	GSM8655164_P13	colorectal cancer	stroma_fibroblast	stroma_fibroblast	COL1A1	ITGA2	ECM-integrin	0.927418	high_pilot_v3	True	True	1						
full_v3	65	GSE300445|GSM9060735_AdjIII-0133|stroma_fibroblast|stroma_fibroblast|COL1A1|ITGA2|ECM-integrin	GSE300445	GSM9060735_AdjIII-0133	melanoma	stroma_fibroblast	stroma_fibroblast	COL1A1	ITGA2	ECM-integrin	0.927049	high_pilot_v3	True	True	1						
full_v3	66	GSE292299|GSM8855708_NSCLC_P6|tumor_like|tumor_like|TGFB1|TGFBR2|TGFB	GSE292299	GSM8855708_NSCLC_P6	NSCLC	tumor_like	tumor_like	TGFB1	TGFBR2	TGFB	0.92685	high_pilot_v3	True	True	0						
full_v3	67	GSE300445|GSM9060735_AdjIII-0133|tumor_like|tumor_like|TGFB1|TGFBR1|TGFB	GSE300445	GSM9060735_AdjIII-0133	melanoma	tumor_like	tumor_like	TGFB1	TGFBR1	TGFB	0.926601	high_pilot_v3	True	True	0						
full_v3	68	GSE292299|GSM8855706_NSCLC_P4|immune|immune|SPP1|ITGAV|SPP1	GSE292299	GSM8855706_NSCLC_P4	NSCLC	immune	immune	SPP1	ITGAV	SPP1	0.92653	high_pilot_v3	True	True	1						
full_v3	69	GSE292299|GSM8855703_NSCLC_P1|stroma_fibroblast|stroma_fibroblast|COL1A1|ITGA2|ECM-integrin	GSE292299	GSM8855703_NSCLC_P1	NSCLC	stroma_fibroblast	stroma_fibroblast	COL1A1	ITGA2	ECM-integrin	0.926459	high_pilot_v3	True	True	1						
full_v3	70	GSE300445|GSM9060734_AdjIII-0113|tumor_like|tumor_like|TGFB1|TGFBR2|TGFB	GSE300445	GSM9060734_AdjIII-0113	melanoma	tumor_like	tumor_like	TGFB1	TGFBR2	TGFB	0.926424	high_pilot_v3	True	True	0						
full_v3	71	GSE283052|GSM8655160_P07|stroma_fibroblast|stroma_fibroblast|SPP1|ITGAV|SPP1	GSE283052	GSM8655160_P07	colorectal cancer	stroma_fibroblast	stroma_fibroblast	SPP1	ITGAV	SPP1	0.92621	high_pilot_v3	True	True	1						
full_v3	72	GSE292299|GSM8855709_NSCLC_P7|stroma_fibroblast|stroma_fibroblast|COL1A1|ITGA2|ECM-integrin	GSE292299	GSM8855709_NSCLC_P7	NSCLC	stroma_fibroblast	stroma_fibroblast	COL1A1	ITGA2	ECM-integrin	0.925977	high_pilot_v3	True	True	1						
full_v3	73	GSE283052|GSM8655161_P09|stroma_fibroblast|stroma_fibroblast|COL1A1|ITGA2|ECM-integrin	GSE283052	GSM8655161_P09	colorectal cancer	stroma_fibroblast	stroma_fibroblast	COL1A1	ITGA2	ECM-integrin	0.925962	high_pilot_v3	True	True	1						
full_v3	74	GSE283052|GSM8655160_P07|tumor_like|tumor_like|SPP1|ITGAV|SPP1	GSE283052	GSM8655160_P07	colorectal cancer	tumor_like	tumor_like	SPP1	ITGAV	SPP1	0.925926	high_pilot_v3	True	True	0						
full_v3	75	GSE292299|GSM8855710_NSCLC_P8|tumor_like|tumor_like|MIF|CD74|MIF	GSE292299	GSM8855710_NSCLC_P8	NSCLC	tumor_like	tumor_like	MIF	CD74	MIF	0.925891	high_pilot_v3	True	True	1						
full_v3	76	GSE283052|GSM8655159_P05|tumor_like|tumor_like|MIF|CD74|MIF	GSE283052	GSM8655159_P05	colorectal cancer	tumor_like	tumor_like	MIF	CD74	MIF	0.925811	high_pilot_v3	True	True	0						
full_v3	77	GSE283052|GSM8655167_P18|stroma_fibroblast|stroma_fibroblast|COL1A1|ITGA2|ECM-integrin	GSE283052	GSM8655167_P18	colorectal cancer	stroma_fibroblast	stroma_fibroblast	COL1A1	ITGA2	ECM-integrin	0.925642	high_pilot_v3	True	True	1						
full_v3	78	GSE292299|GSM8855709_NSCLC_P7|stroma_fibroblast|stroma_fibroblast|CXCL12|CXCR4|CXCL chemokine	GSE292299	GSM8855709_NSCLC_P7	NSCLC	stroma_fibroblast	stroma_fibroblast	CXCL12	CXCR4	CXCL chemokine	0.925536	high_pilot_v3	True	True	0						
full_v3	79	GSE300445|GSM9060734_AdjIII-0113|tumor_like|tumor_like|TGFB1|TGFBR1|TGFB	GSE300445	GSM9060734_AdjIII-0113	melanoma	tumor_like	tumor_like	TGFB1	TGFBR1	TGFB	0.925323	high_pilot_v3	True	True	0						
full_v3	80	GSE292299|GSM8855711_NSCLC_P9|stroma_fibroblast|stroma_fibroblast|COL1A1|ITGA2|ECM-integrin	GSE292299	GSM8855711_NSCLC_P9	NSCLC	stroma_fibroblast	stroma_fibroblast	COL1A1	ITGA2	ECM-integrin	0.925252	high_pilot_v3	True	True	1						
full_v3	81	GSE292299|GSM8855712_NSCLC_P10|tumor_like|tumor_like|SPP1|ITGAV|SPP1	GSE292299	GSM8855712_NSCLC_P10	NSCLC	tumor_like	tumor_like	SPP1	ITGAV	SPP1	0.925074	high_pilot_v3	True	True	1						
full_v3	82	GSE283052|GSM8655159_P05|stroma_fibroblast|stroma_fibroblast|COL1A1|ITGA2|ECM-integrin	GSE283052	GSM8655159_P05	colorectal cancer	stroma_fibroblast	stroma_fibroblast	COL1A1	ITGA2	ECM-integrin	0.924648	high_pilot_v3	True	True	1						
full_v3	83	GSE292299|GSM8855718_NSCLC_P16|tumor_like|tumor_like|SPP1|CD44|SPP1	GSE292299	GSM8855718_NSCLC_P16	NSCLC	tumor_like	tumor_like	SPP1	CD44	SPP1	0.924506	high_pilot_v3	True	True	0						
full_v3	84	GSE283052|GSM8655164_P13|stroma_fibroblast|stroma_fibroblast|SPP1|ITGAV|SPP1	GSE283052	GSM8655164_P13	colorectal cancer	stroma_fibroblast	stroma_fibroblast	SPP1	ITGAV	SPP1	0.923156	high_pilot_v3	True	True	1						
full_v3	85	GSE292299|GSM8855707_NSCLC_P5|stroma_fibroblast|stroma_fibroblast|SPP1|CD44|SPP1	GSE292299	GSM8855707_NSCLC_P5	NSCLC	stroma_fibroblast	stroma_fibroblast	SPP1	CD44	SPP1	0.922908	high_pilot_v3	True	True	1						
full_v3	86	GSE292299|GSM8855708_NSCLC_P6|stroma_fibroblast|stroma_fibroblast|CXCL12|CXCR4|CXCL chemokine	GSE292299	GSM8855708_NSCLC_P6	NSCLC	stroma_fibroblast	stroma_fibroblast	CXCL12	CXCR4	CXCL chemokine	0.922735	high_pilot_v3	True	True	0						
full_v3	87	GSE292299|GSM8855711_NSCLC_P9|stroma_fibroblast|stroma_fibroblast|SPP1|CD44|SPP1	GSE292299	GSM8855711_NSCLC_P9	NSCLC	stroma_fibroblast	stroma_fibroblast	SPP1	CD44	SPP1	0.922659	high_pilot_v3	True	True	1						
full_v3	88	GSE283052|GSM8655162_P10|stroma_fibroblast|stroma_fibroblast|COL1A1|ITGA2|ECM-integrin	GSE283052	GSM8655162_P10	colorectal cancer	stroma_fibroblast	stroma_fibroblast	COL1A1	ITGA2	ECM-integrin	0.922588	high_pilot_v3	True	True	1						
full_v3	89	GSE300445|GSM9060735_AdjIII-0133|stroma_fibroblast|stroma_fibroblast|CXCL12|CXCR4|CXCL chemokine	GSE300445	GSM9060735_AdjIII-0133	melanoma	stroma_fibroblast	stroma_fibroblast	CXCL12	CXCR4	CXCL chemokine	0.922162	high_pilot_v3	True	True	1						
full_v3	90	GSE292299|GSM8855706_NSCLC_P4|immune|endothelial|SPP1|CD44|SPP1	GSE292299	GSM8855706_NSCLC_P4	NSCLC	immune	endothelial	SPP1	CD44	SPP1	0.921345	high_pilot_v3	True	True	0						
full_v3	91	GSE283052|GSM8655158_P04|tumor_like|tumor_like|SPP1|ITGAV|SPP1	GSE283052	GSM8655158_P04	colorectal cancer	tumor_like	tumor_like	SPP1	ITGAV	SPP1	0.921239	high_pilot_v3	True	True	0						
full_v3	92	GSE292299|GSM8855708_NSCLC_P6|tumor_like|tumor_like|VEGFA|KDR|VEGF	GSE292299	GSM8855708_NSCLC_P6	NSCLC	tumor_like	tumor_like	VEGFA	KDR	VEGF	0.920999	medium_pilot_v3	False	True	0						
full_v3	93	GSE283052|GSM8655167_P18|tumor_like|tumor_like|SPP1|CD44|SPP1	GSE283052	GSM8655167_P18	colorectal cancer	tumor_like	tumor_like	SPP1	CD44	SPP1	0.92099	high_pilot_v3	True	True	0						
full_v3	94	GSE292299|GSM8855706_NSCLC_P4|tumor_like|tumor_like|SPP1|CD44|SPP1	GSE292299	GSM8855706_NSCLC_P4	NSCLC	tumor_like	tumor_like	SPP1	CD44	SPP1	0.92088	high_pilot_v3	True	True	0						
full_v3	95	GSE292299|GSM8855706_NSCLC_P4|stroma_fibroblast|stroma_fibroblast|COL1A1|ITGA2|ECM-integrin	GSE292299	GSM8855706_NSCLC_P4	NSCLC	stroma_fibroblast	stroma_fibroblast	COL1A1	ITGA2	ECM-integrin	0.920706	high_pilot_v3	True	True	1						
full_v3	96	GSE292299|GSM8855715_NSCLC_P13|stroma_fibroblast|stroma_fibroblast|TGFB1|TGFBR1|TGFB	GSE292299	GSM8855715_NSCLC_P13	NSCLC	stroma_fibroblast	stroma_fibroblast	TGFB1	TGFBR1	TGFB	0.920609	medium_pilot_v3	False	True	1						
full_v3	97	GSE300445|GSM9060732_AdjIII-0019|stroma_fibroblast|stroma_fibroblast|CXCL12|CXCR4|CXCL chemokine	GSE300445	GSM9060732_AdjIII-0019	melanoma	stroma_fibroblast	stroma_fibroblast	CXCL12	CXCR4	CXCL chemokine	0.92003	high_pilot_v3	True	True	1						
full_v3	98	GSE292299|GSM8855703_NSCLC_P1|stroma_fibroblast|stroma_fibroblast|SPP1|CD44|SPP1	GSE292299	GSM8855703_NSCLC_P1	NSCLC	stroma_fibroblast	stroma_fibroblast	SPP1	CD44	SPP1	0.919792	medium_pilot_v3	False	True	1						
full_v3	99	GSE292299|GSM8855707_NSCLC_P5|stroma_fibroblast|stroma_fibroblast|SPP1|ITGAV|SPP1	GSE292299	GSM8855707_NSCLC_P5	NSCLC	stroma_fibroblast	stroma_fibroblast	SPP1	ITGAV	SPP1	0.919747	high_pilot_v3	True	True	1						
full_v3	100	GSE300445|GSM9060732_AdjIII-0019|tumor_like|tumor_like|VEGFA|KDR|VEGF	GSE300445	GSM9060732_AdjIII-0019	melanoma	tumor_like	tumor_like	VEGFA	KDR	VEGF	0.919403	high_pilot_v3	True	True	0						
full_v3	101	GSE283052|GSM8655164_P13|stroma_fibroblast|stroma_fibroblast|SPP1|CD44|SPP1	GSE283052	GSM8655164_P13	colorectal cancer	stroma_fibroblast	stroma_fibroblast	SPP1	CD44	SPP1	0.918966	high_pilot_v3	True	True	1						
full_v3	102	GSE283052|GSM8655168_P24|stroma_fibroblast|stroma_fibroblast|SPP1|CD44|SPP1	GSE283052	GSM8655168_P24	colorectal cancer	stroma_fibroblast	stroma_fibroblast	SPP1	CD44	SPP1	0.918398	high_pilot_v3	True	True	1						
full_v3	103	GSE283052|GSM8655166_P17|stroma_fibroblast|stroma_fibroblast|COL1A1|ITGA2|ECM-integrin	GSE283052	GSM8655166_P17	colorectal cancer	stroma_fibroblast	stroma_fibroblast	COL1A1	ITGA2	ECM-integrin	0.918327	high_pilot_v3	True	True	1						
full_v3	104	GSE292299|GSM8855710_NSCLC_P8|tumor_like|tumor_like|COL1A1|ITGA2|ECM-integrin	GSE292299	GSM8855710_NSCLC_P8	NSCLC	tumor_like	tumor_like	COL1A1	ITGA2	ECM-integrin	0.918216	high_pilot_v3	True	True	0						
full_v3	105	GSE300445|GSM9060732_AdjIII-0019|tumor_like|tumor_like|HBEGF|EGFR|EGF/ERBB	GSE300445	GSM9060732_AdjIII-0019	melanoma	tumor_like	tumor_like	HBEGF	EGFR	EGF/ERBB	0.91751	high_pilot_v3	True	True	1						
full_v3	106	GSE292299|GSM8855709_NSCLC_P7|stroma_fibroblast|stroma_fibroblast|MIF|CD74|MIF	GSE292299	GSM8855709_NSCLC_P7	NSCLC	stroma_fibroblast	stroma_fibroblast	MIF	CD74	MIF	0.917205	medium_pilot_v3	False	True	1						
full_v3	107	GSE292299|GSM8855711_NSCLC_P9|tumor_like|tumor_like|VEGFA|KDR|VEGF	GSE292299	GSM8855711_NSCLC_P9	NSCLC	tumor_like	tumor_like	VEGFA	KDR	VEGF	0.917084	high_pilot_v3	True	True	0						
full_v3	108	GSE292299|GSM8855714_NSCLC_P12|stroma_fibroblast|stroma_fibroblast|SPP1|CD44|SPP1	GSE292299	GSM8855714_NSCLC_P12	NSCLC	stroma_fibroblast	stroma_fibroblast	SPP1	CD44	SPP1	0.916583	high_pilot_v3	True	True	1						
full_v3	109	GSE292299|GSM8855718_NSCLC_P16|tumor_like|tumor_like|SPP1|ITGAV|SPP1	GSE292299	GSM8855718_NSCLC_P16	NSCLC	tumor_like	tumor_like	SPP1	ITGAV	SPP1	0.916445	high_pilot_v3	True	True	0						
full_v3	110	GSE300445|GSM9060732_AdjIII-0019|stroma_fibroblast|stroma_fibroblast|TGFB1|TGFBR2|TGFB	GSE300445	GSM9060732_AdjIII-0019	melanoma	stroma_fibroblast	stroma_fibroblast	TGFB1	TGFBR2	TGFB	0.916253	high_pilot_v3	True	True	1						
full_v3	111	GSE292299|GSM8855707_NSCLC_P5|tumor_like|tumor_like|SPP1|ITGAV|SPP1	GSE292299	GSM8855707_NSCLC_P5	NSCLC	tumor_like	tumor_like	SPP1	ITGAV	SPP1	0.915877	high_pilot_v3	True	True	0						
full_v3	112	GSE292299|GSM8855707_NSCLC_P5|stroma_fibroblast|stroma_fibroblast|MIF|CD74|MIF	GSE292299	GSM8855707_NSCLC_P5	NSCLC	stroma_fibroblast	stroma_fibroblast	MIF	CD74	MIF	0.91577	high_pilot_v3	True	True	1						
full_v3	113	GSE292299|GSM8855712_NSCLC_P10|tumor_like|tumor_like|SPP1|CD44|SPP1	GSE292299	GSM8855712_NSCLC_P10	NSCLC	tumor_like	tumor_like	SPP1	CD44	SPP1	0.915699	high_pilot_v3	True	True	1						
full_v3	114	GSE292299|GSM8855716_NSCLC_P14|stroma_fibroblast|stroma_fibroblast|MIF|CD74|MIF	GSE292299	GSM8855716_NSCLC_P14	NSCLC	stroma_fibroblast	stroma_fibroblast	MIF	CD74	MIF	0.91545	high_pilot_v3	True	True	1						
full_v3	115	GSE292299|GSM8855719_DLBCL_P1|immune|immune|CXCL9|CXCR3|CXCL chemokine	GSE292299	GSM8855719_DLBCL_P1	DLBCL	immune	immune	CXCL9	CXCR3	CXCL chemokine	0.914705	high_pilot_v3	True	True	1						
full_v3	116	GSE283052|GSM8655168_P24|stroma_fibroblast|stroma_fibroblast|SPP1|ITGAV|SPP1	GSE283052	GSM8655168_P24	colorectal cancer	stroma_fibroblast	stroma_fibroblast	SPP1	ITGAV	SPP1	0.914592	high_pilot_v3	True	True	1						
full_v3	117	GSE283052|GSM8655167_P18|stroma_fibroblast|stroma_fibroblast|SPP1|ITGAV|SPP1	GSE283052	GSM8655167_P18	colorectal cancer	stroma_fibroblast	stroma_fibroblast	SPP1	ITGAV	SPP1	0.914492	high_pilot_v3	True	True	1						
full_v3	118	GSE292299|GSM8855709_NSCLC_P7|tumor_like|tumor_like|TGFB1|TGFBR2|TGFB	GSE292299	GSM8855709_NSCLC_P7	NSCLC	tumor_like	tumor_like	TGFB1	TGFBR2	TGFB	0.914314	high_pilot_v3	True	True	0						
full_v3	119	GSE300445|GSM9060733_AdjIII-0022|tumor_like|tumor_like|TGFB1|TGFBR1|TGFB	GSE300445	GSM9060733_AdjIII-0022	melanoma	tumor_like	tumor_like	TGFB1	TGFBR1	TGFB	0.914033	medium_pilot_v3	False	True	0						
full_v3	120	GSE283052|GSM8655159_P05|stroma_fibroblast|stroma_fibroblast|SPP1|ITGAV|SPP1	GSE283052	GSM8655159_P05	colorectal cancer	stroma_fibroblast	stroma_fibroblast	SPP1	ITGAV	SPP1	0.913959	high_pilot_v3	True	True	1						
full_v3	121	GSE283052|GSM8655163_P11|stroma_fibroblast|stroma_fibroblast|COL1A1|ITGA2|ECM-integrin	GSE283052	GSM8655163_P11	colorectal cancer	stroma_fibroblast	stroma_fibroblast	COL1A1	ITGA2	ECM-integrin	0.913727	high_pilot_v3	True	True	1						
full_v3	122	GSE292299|GSM8855707_NSCLC_P5|tumor_like|immune|MIF|CD74|MIF	GSE292299	GSM8855707_NSCLC_P5	NSCLC	tumor_like	immune	MIF	CD74	MIF	0.913568	high_pilot_v3	True	True	1						
full_v3	123	GSE292299|GSM8855720_DLBCL_P2|immune|immune|CXCL12|CXCR4|CXCL chemokine	GSE292299	GSM8855720_DLBCL_P2	DLBCL	immune	immune	CXCL12	CXCR4	CXCL chemokine	0.913497	high_pilot_v3	True	True	1						
full_v3	124	GSE292299|GSM8855720_DLBCL_P2|immune|immune|CXCL9|CXCR3|CXCL chemokine	GSE292299	GSM8855720_DLBCL_P2	DLBCL	immune	immune	CXCL9	CXCR3	CXCL chemokine	0.91332	high_pilot_v3	True	True	1						
full_v3	125	GSE283052|GSM8655168_P24|immune|immune|MIF|CD74|MIF	GSE283052	GSM8655168_P24	colorectal cancer	immune	immune	MIF	CD74	MIF	0.913213	high_pilot_v3	True	True	1						
full_v3	126	GSE283052|GSM8655159_P05|stroma_fibroblast|stroma_fibroblast|SPP1|CD44|SPP1	GSE283052	GSM8655159_P05	colorectal cancer	stroma_fibroblast	stroma_fibroblast	SPP1	CD44	SPP1	0.913071	high_pilot_v3	True	True	1						
full_v3	127	GSE292299|GSM8855712_NSCLC_P10|tumor_like|tumor_like|HBEGF|EGFR|EGF/ERBB	GSE292299	GSM8855712_NSCLC_P10	NSCLC	tumor_like	tumor_like	HBEGF	EGFR	EGF/ERBB	0.912894	high_pilot_v3	True	True	1						
full_v3	128	GSE292299|GSM8855715_NSCLC_P13|stroma_fibroblast|stroma_fibroblast|TGFB1|TGFBR2|TGFB	GSE292299	GSM8855715_NSCLC_P13	NSCLC	stroma_fibroblast	stroma_fibroblast	TGFB1	TGFBR2	TGFB	0.912516	medium_pilot_v3	False	True	1						
full_v3	129	GSE283052|GSM8655160_P07|tumor_like|tumor_like|JAG1|NOTCH2|NOTCH	GSE283052	GSM8655160_P07	colorectal cancer	tumor_like	tumor_like	JAG1	NOTCH2	NOTCH	0.912325	high_pilot_v3	True	True	1						
full_v3	130	GSE292299|GSM8855704_NSCLC_P2|tumor_like|tumor_like|TGFB1|TGFBR1|TGFB	GSE292299	GSM8855704_NSCLC_P2	NSCLC	tumor_like	tumor_like	TGFB1	TGFBR1	TGFB	0.912148	high_pilot_v3	True	True	0						
full_v3	131	GSE300445|GSM9060735_AdjIII-0133|stroma_fibroblast|stroma_fibroblast|VEGFA|KDR|VEGF	GSE300445	GSM9060735_AdjIII-0133	melanoma	stroma_fibroblast	stroma_fibroblast	VEGFA	KDR	VEGF	0.911766	medium_pilot_v3	False	True	1						
full_v3	132	GSE292299|GSM8855703_NSCLC_P1|stroma_fibroblast|stroma_fibroblast|CXCL12|CXCR4|CXCL chemokine	GSE292299	GSM8855703_NSCLC_P1	NSCLC	stroma_fibroblast	stroma_fibroblast	CXCL12	CXCR4	CXCL chemokine	0.91162	high_pilot_v3	True	True	1						
full_v3	133	GSE292299|GSM8855708_NSCLC_P6|tumor_like|tumor_like|SPP1|CD44|SPP1	GSE292299	GSM8855708_NSCLC_P6	NSCLC	tumor_like	tumor_like	SPP1	CD44	SPP1	0.911326	medium_pilot_v3	False	True	0						
full_v3	134	GSE292299|GSM8855718_NSCLC_P16|tumor_like|tumor_like|COL1A1|ITGA2|ECM-integrin	GSE292299	GSM8855718_NSCLC_P16	NSCLC	tumor_like	tumor_like	COL1A1	ITGA2	ECM-integrin	0.910955	medium_pilot_v3	False	True	0						
full_v3	135	GSE292299|GSM8855709_NSCLC_P7|tumor_like|tumor_like|VEGFA|KDR|VEGF	GSE292299	GSM8855709_NSCLC_P7	NSCLC	tumor_like	tumor_like	VEGFA	KDR	VEGF	0.910137	medium_pilot_v3	False	True	0						
full_v3	136	GSE300445|GSM9060735_AdjIII-0133|stroma_fibroblast|stroma_fibroblast|TGFB1|TGFBR2|TGFB	GSE300445	GSM9060735_AdjIII-0133	melanoma	stroma_fibroblast	stroma_fibroblast	TGFB1	TGFBR2	TGFB	0.909849	medium_pilot_v3	False	True	1						
full_v3	137	GSE300445|GSM9060734_AdjIII-0113|tumor_like|tumor_like|SPP1|ITGAV|SPP1	GSE300445	GSM9060734_AdjIII-0113	melanoma	tumor_like	tumor_like	SPP1	ITGAV	SPP1	0.909813	medium_pilot_v3	False	True	0						
full_v3	138	GSE292299|GSM8855711_NSCLC_P9|tumor_like|tumor_like|SPP1|CD44|SPP1	GSE292299	GSM8855711_NSCLC_P9	NSCLC	tumor_like	tumor_like	SPP1	CD44	SPP1	0.909771	medium_pilot_v3	False	True	0						
full_v3	139	GSE292299|GSM8855709_NSCLC_P7|stroma_fibroblast|stroma_fibroblast|SPP1|CD44|SPP1	GSE292299	GSM8855709_NSCLC_P7	NSCLC	stroma_fibroblast	stroma_fibroblast	SPP1	CD44	SPP1	0.909065	medium_pilot_v3	False	True	1						
full_v3	140	GSE283052|GSM8655165_P15|tumor_like|tumor_like|SPP1|CD44|SPP1	GSE283052	GSM8655165_P15	colorectal cancer	tumor_like	tumor_like	SPP1	CD44	SPP1	0.909023	high_pilot_v3	True	True	0						
full_v3	141	GSE292299|GSM8855708_NSCLC_P6|tumor_like|tumor_like|TGFB1|TGFBR1|TGFB	GSE292299	GSM8855708_NSCLC_P6	NSCLC	tumor_like	tumor_like	TGFB1	TGFBR1	TGFB	0.908987	high_pilot_v3	True	True	0						
full_v3	142	GSE292299|GSM8855719_DLBCL_P1|immune|immune|CXCL12|CXCR4|CXCL chemokine	GSE292299	GSM8855719_DLBCL_P1	DLBCL	immune	immune	CXCL12	CXCR4	CXCL chemokine	0.90872	high_pilot_v3	True	True	1						
full_v3	143	GSE292299|GSM8855717_NSCLC_P15|tumor_like|tumor_like|SPP1|CD44|SPP1	GSE292299	GSM8855717_NSCLC_P15	NSCLC	tumor_like	tumor_like	SPP1	CD44	SPP1	0.908632	high_pilot_v3	True	True	0						
full_v3	144	GSE300445|GSM9060733_AdjIII-0022|tumor_like|tumor_like|TGFB1|TGFBR2|TGFB	GSE300445	GSM9060733_AdjIII-0022	melanoma	tumor_like	tumor_like	TGFB1	TGFBR2	TGFB	0.908267	medium_pilot_v3	False	True	0						
full_v3	145	GSE292299|GSM8855711_NSCLC_P9|stroma_fibroblast|stroma_fibroblast|SPP1|ITGAV|SPP1	GSE292299	GSM8855711_NSCLC_P9	NSCLC	stroma_fibroblast	stroma_fibroblast	SPP1	ITGAV	SPP1	0.908021	high_pilot_v3	True	True	1						
full_v3	146	GSE292299|GSM8855717_NSCLC_P15|immune|immune|SPP1|CD44|SPP1	GSE292299	GSM8855717_NSCLC_P15	NSCLC	immune	immune	SPP1	CD44	SPP1	0.90782	high_pilot_v3	True	True	1						
full_v3	147	GSE292299|GSM8855717_NSCLC_P15|immune|immune|CCL2|CCR2|CCL chemokine	GSE292299	GSM8855717_NSCLC_P15	NSCLC	immune	immune	CCL2	CCR2	CCL chemokine	0.907567	high_pilot_v3	True	True	1						
full_v3	148	GSE292299|GSM8855703_NSCLC_P1|stroma_fibroblast|stroma_fibroblast|SPP1|ITGAV|SPP1	GSE292299	GSM8855703_NSCLC_P1	NSCLC	stroma_fibroblast	stroma_fibroblast	SPP1	ITGAV	SPP1	0.907242	medium_pilot_v3	False	True	1						
full_v3	149	GSE292299|GSM8855715_NSCLC_P13|tumor_like|tumor_like|HBEGF|EGFR|EGF/ERBB	GSE292299	GSM8855715_NSCLC_P13	NSCLC	tumor_like	tumor_like	HBEGF	EGFR	EGF/ERBB	0.906762	medium_pilot_v3	False	True	1						
full_v3	150	GSE283052|GSM8655164_P13|immune|immune|MIF|CD74|MIF	GSE283052	GSM8655164_P13	colorectal cancer	immune	immune	MIF	CD74	MIF	0.906644	high_pilot_v3	True	True	1						
full_v3	151	GSE292299|GSM8855715_NSCLC_P13|stroma_fibroblast|stroma_fibroblast|CXCL12|CXCR4|CXCL chemokine	GSE292299	GSM8855715_NSCLC_P13	NSCLC	stroma_fibroblast	stroma_fibroblast	CXCL12	CXCR4	CXCL chemokine	0.906626	medium_pilot_v3	False	True	0						
full_v3	152	GSE292299|GSM8855719_DLBCL_P1|immune|immune|TGFB1|TGFBR2|TGFB	GSE292299	GSM8855719_DLBCL_P1	DLBCL	immune	immune	TGFB1	TGFBR2	TGFB	0.906028	high_pilot_v3	True	True	0						
full_v3	153	GSE300445|GSM9060732_AdjIII-0019|stroma_fibroblast|stroma_fibroblast|JAG1|NOTCH2|NOTCH	GSE300445	GSM9060732_AdjIII-0019	melanoma	stroma_fibroblast	stroma_fibroblast	JAG1	NOTCH2	NOTCH	0.905834	medium_pilot_v3	False	True	0						
full_v3	154	GSE292299|GSM8855704_NSCLC_P2|tumor_like|tumor_like|HBEGF|EGFR|EGF/ERBB	GSE292299	GSM8855704_NSCLC_P2	NSCLC	tumor_like	tumor_like	HBEGF	EGFR	EGF/ERBB	0.905825	high_pilot_v3	True	True	1						
full_v3	155	GSE283052|GSM8655158_P04|stroma_fibroblast|stroma_fibroblast|SPP1|ITGAV|SPP1	GSE283052	GSM8655158_P04	colorectal cancer	stroma_fibroblast	stroma_fibroblast	SPP1	ITGAV	SPP1	0.905743	medium_pilot_v3	False	True	0						
full_v3	156	GSE292299|GSM8855714_NSCLC_P12|tumor_like|tumor_like|VEGFA|KDR|VEGF	GSE292299	GSM8855714_NSCLC_P12	NSCLC	tumor_like	tumor_like	VEGFA	KDR	VEGF	0.905294	high_pilot_v3	True	True	0						
full_v3	157	GSE283052|GSM8655161_P09|stroma_fibroblast|stroma_fibroblast|SPP1|CD44|SPP1	GSE283052	GSM8655161_P09	colorectal cancer	stroma_fibroblast	stroma_fibroblast	SPP1	CD44	SPP1	0.905223	high_pilot_v3	True	True	1						
full_v3	158	GSE292299|GSM8855718_NSCLC_P16|stroma_fibroblast|stroma_fibroblast|CXCL12|CXCR4|CXCL chemokine	GSE292299	GSM8855718_NSCLC_P16	NSCLC	stroma_fibroblast	stroma_fibroblast	CXCL12	CXCR4	CXCL chemokine	0.904856	high_pilot_v3	True	True	0						
full_v3	159	GSE283052|GSM8655167_P18|immune|immune|MIF|CD74|MIF	GSE283052	GSM8655167_P18	colorectal cancer	immune	immune	MIF	CD74	MIF	0.904722	high_pilot_v3	True	True	1						
full_v3	160	GSE283052|GSM8655158_P04|tumor_like|tumor_like|COL1A1|ITGA2|ECM-integrin	GSE283052	GSM8655158_P04	colorectal cancer	tumor_like	tumor_like	COL1A1	ITGA2	ECM-integrin	0.904374	medium_pilot_v3	False	True	0						
full_v3	161	GSE283052|GSM8655163_P11|immune|immune|MIF|CD74|MIF	GSE283052	GSM8655163_P11	colorectal cancer	immune	immune	MIF	CD74	MIF	0.903909	high_pilot_v3	True	True	1						
full_v3	162	GSE292299|GSM8855712_NSCLC_P10|tumor_like|tumor_like|COL1A1|ITGA2|ECM-integrin	GSE292299	GSM8855712_NSCLC_P10	NSCLC	tumor_like	tumor_like	COL1A1	ITGA2	ECM-integrin	0.903043	high_pilot_v3	True	True	1						
full_v3	163	GSE283052|GSM8655164_P13|stroma_fibroblast|stroma_fibroblast|TGFB1|TGFBR2|TGFB	GSE283052	GSM8655164_P13	colorectal cancer	stroma_fibroblast	stroma_fibroblast	TGFB1	TGFBR2	TGFB	0.90295	high_pilot_v3	True	True	1						
full_v3	164	GSE292299|GSM8855713_NSCLC_P11|tumor_like|tumor_like|COL1A1|ITGA2|ECM-integrin	GSE292299	GSM8855713_NSCLC_P11	NSCLC	tumor_like	tumor_like	COL1A1	ITGA2	ECM-integrin	0.902903	medium_pilot_v3	False	True	0						
full_v3	165	GSE292299|GSM8855714_NSCLC_P12|stroma_fibroblast|stroma_fibroblast|SPP1|ITGAV|SPP1	GSE292299	GSM8855714_NSCLC_P12	NSCLC	stroma_fibroblast	stroma_fibroblast	SPP1	ITGAV	SPP1	0.902604	medium_pilot_v3	False	True	1						
full_v3	166	GSE300445|GSM9060733_AdjIII-0022|tumor_like|tumor_like|HBEGF|EGFR|EGF/ERBB	GSE300445	GSM9060733_AdjIII-0022	melanoma	tumor_like	tumor_like	HBEGF	EGFR	EGF/ERBB	0.902226	high_pilot_v3	True	True	1						
full_v3	167	GSE283052|GSM8655161_P09|stroma_fibroblast|stroma_fibroblast|TGFB1|TGFBR2|TGFB	GSE283052	GSM8655161_P09	colorectal cancer	stroma_fibroblast	stroma_fibroblast	TGFB1	TGFBR2	TGFB	0.902098	high_pilot_v3	True	True	1						
full_v3	168	GSE283052|GSM8655159_P05|tumor_like|tumor_like|SPP1|CD44|SPP1	GSE283052	GSM8655159_P05	colorectal cancer	tumor_like	tumor_like	SPP1	CD44	SPP1	0.901965	medium_pilot_v3	False	True	0						
full_v3	169	GSE292299|GSM8855719_DLBCL_P1|immune|immune|SPP1|CD44|SPP1	GSE292299	GSM8855719_DLBCL_P1	DLBCL	immune	immune	SPP1	CD44	SPP1	0.901814	high_pilot_v3	True	True	1						
full_v3	170	GSE292299|GSM8855717_NSCLC_P15|immune|immune|SPP1|ITGAV|SPP1	GSE292299	GSM8855717_NSCLC_P15	NSCLC	immune	immune	SPP1	ITGAV	SPP1	0.901566	high_pilot_v3	True	True	1						
full_v3	171	GSE292299|GSM8855703_NSCLC_P1|stroma_fibroblast|stroma_fibroblast|TGFB1|TGFBR2|TGFB	GSE292299	GSM8855703_NSCLC_P1	NSCLC	stroma_fibroblast	stroma_fibroblast	TGFB1	TGFBR2	TGFB	0.901564	high_pilot_v3	True	True	1						
full_v3	172	GSE283052|GSM8655168_P24|stroma_fibroblast|stroma_fibroblast|TGFB1|TGFBR2|TGFB	GSE283052	GSM8655168_P24	colorectal cancer	stroma_fibroblast	stroma_fibroblast	TGFB1	TGFBR2	TGFB	0.901346	high_pilot_v3	True	True	1						
full_v3	173	GSE283052|GSM8655165_P15|stroma_fibroblast|stroma_fibroblast|COL1A1|ITGA2|ECM-integrin	GSE283052	GSM8655165_P15	colorectal cancer	stroma_fibroblast	stroma_fibroblast	COL1A1	ITGA2	ECM-integrin	0.900927	high_pilot_v3	True	True	1						
full_v3	174	GSE283052|GSM8655164_P13|stroma_fibroblast|stroma_fibroblast|TGFB1|TGFBR1|TGFB	GSE283052	GSM8655164_P13	colorectal cancer	stroma_fibroblast	stroma_fibroblast	TGFB1	TGFBR1	TGFB	0.900855	high_pilot_v3	True	True	1						
full_v3	175	GSE292299|GSM8855714_NSCLC_P12|stroma_fibroblast|stroma_fibroblast|CXCL12|CXCR4|CXCL chemokine	GSE292299	GSM8855714_NSCLC_P12	NSCLC	stroma_fibroblast	stroma_fibroblast	CXCL12	CXCR4	CXCL chemokine	0.900705	high_pilot_v3	True	True	0						
full_v3	176	GSE283052|GSM8655163_P11|stroma_fibroblast|stroma_fibroblast|SPP1|CD44|SPP1	GSE283052	GSM8655163_P11	colorectal cancer	stroma_fibroblast	stroma_fibroblast	SPP1	CD44	SPP1	0.900607	high_pilot_v3	True	True	1						
full_v3	177	GSE292299|GSM8855709_NSCLC_P7|stroma_fibroblast|stroma_fibroblast|TGFB1|TGFBR2|TGFB	GSE292299	GSM8855709_NSCLC_P7	NSCLC	stroma_fibroblast	stroma_fibroblast	TGFB1	TGFBR2	TGFB	0.900426	medium_pilot_v3	False	True	1						
full_v3	178	GSE292299|GSM8855712_NSCLC_P10|tumor_like|tumor_like|TGFB1|TGFBR2|TGFB	GSE292299	GSM8855712_NSCLC_P10	NSCLC	tumor_like	tumor_like	TGFB1	TGFBR2	TGFB	0.899697	medium_pilot_v3	False	True	1						
full_v3	179	GSE292299|GSM8855704_NSCLC_P2|stroma_fibroblast|stroma_fibroblast|CXCL12|CXCR4|CXCL chemokine	GSE292299	GSM8855704_NSCLC_P2	NSCLC	stroma_fibroblast	stroma_fibroblast	CXCL12	CXCR4	CXCL chemokine	0.899659	high_pilot_v3	True	True	0						
full_v3	180	GSE292299|GSM8855708_NSCLC_P6|immune|immune|SPP1|CD44|SPP1	GSE292299	GSM8855708_NSCLC_P6	NSCLC	immune	immune	SPP1	CD44	SPP1	0.899583	medium_pilot_v3	False	True	0						
full_v3	181	GSE292299|GSM8855710_NSCLC_P8|tumor_like|tumor_like|SPP1|CD44|SPP1	GSE292299	GSM8855710_NSCLC_P8	NSCLC	tumor_like	tumor_like	SPP1	CD44	SPP1	0.899484	medium_pilot_v3	False	True	0						
full_v3	182	GSE292299|GSM8855718_NSCLC_P16|tumor_like|tumor_like|VEGFA|KDR|VEGF	GSE292299	GSM8855718_NSCLC_P16	NSCLC	tumor_like	tumor_like	VEGFA	KDR	VEGF	0.898769	medium_pilot_v3	False	True	1						
full_v3	183	GSE292299|GSM8855715_NSCLC_P13|stroma_fibroblast|stroma_fibroblast|COL1A1|ITGA2|ECM-integrin	GSE292299	GSM8855715_NSCLC_P13	NSCLC	stroma_fibroblast	stroma_fibroblast	COL1A1	ITGA2	ECM-integrin	0.898754	medium_pilot_v3	False	True	1						
full_v3	184	GSE292299|GSM8855704_NSCLC_P2|tumor_like|tumor_like|TGFB1|TGFBR2|TGFB	GSE292299	GSM8855704_NSCLC_P2	NSCLC	tumor_like	tumor_like	TGFB1	TGFBR2	TGFB	0.89833	high_pilot_v3	True	True	0						
full_v3	185	GSE283052|GSM8655161_P09|stroma_fibroblast|stroma_fibroblast|TGFB1|TGFBR1|TGFB	GSE283052	GSM8655161_P09	colorectal cancer	stroma_fibroblast	stroma_fibroblast	TGFB1	TGFBR1	TGFB	0.898121	high_pilot_v3	True	True	1						
full_v3	186	GSE292299|GSM8855703_NSCLC_P1|stroma_fibroblast|stroma_fibroblast|JAG1|NOTCH2|NOTCH	GSE292299	GSM8855703_NSCLC_P1	NSCLC	stroma_fibroblast	stroma_fibroblast	JAG1	NOTCH2	NOTCH	0.89773	high_pilot_v3	True	True	1						
full_v3	187	GSE292299|GSM8855720_DLBCL_P2|immune|immune|SPP1|CD44|SPP1	GSE292299	GSM8855720_DLBCL_P2	DLBCL	immune	immune	SPP1	CD44	SPP1	0.897553	high_pilot_v3	True	True	1						
full_v3	188	GSE292299|GSM8855717_NSCLC_P15|immune|immune|TGFB1|TGFBR2|TGFB	GSE292299	GSM8855717_NSCLC_P15	NSCLC	immune	immune	TGFB1	TGFBR2	TGFB	0.897531	medium_pilot_v3	False	True	0						
full_v3	189	GSE300445|GSM9060735_AdjIII-0133|tumor_like|tumor_like|SPP1|ITGAV|SPP1	GSE300445	GSM9060735_AdjIII-0133	melanoma	tumor_like	tumor_like	SPP1	ITGAV	SPP1	0.897475	medium_pilot_v3	False	True	0						
full_v3	190	GSE292299|GSM8855704_NSCLC_P2|tumor_like|tumor_like|JAG1|NOTCH2|NOTCH	GSE292299	GSM8855704_NSCLC_P2	NSCLC	tumor_like	tumor_like	JAG1	NOTCH2	NOTCH	0.897117	medium_pilot_v3	False	True	1						
full_v3	191	GSE292299|GSM8855713_NSCLC_P11|tumor_like|tumor_like|TGFB1|TGFBR2|TGFB	GSE292299	GSM8855713_NSCLC_P11	NSCLC	tumor_like	tumor_like	TGFB1	TGFBR2	TGFB	0.897019	medium_pilot_v3	False	True	0						
full_v3	192	GSE292299|GSM8855713_NSCLC_P11|tumor_like|tumor_like|TGFB1|TGFBR1|TGFB	GSE292299	GSM8855713_NSCLC_P11	NSCLC	tumor_like	tumor_like	TGFB1	TGFBR1	TGFB	0.896582	medium_pilot_v3	False	True	0						
full_v3	193	GSE292299|GSM8855713_NSCLC_P11|tumor_like|tumor_like|EGF|EGFR|EGF/ERBB	GSE292299	GSM8855713_NSCLC_P11	NSCLC	tumor_like	tumor_like	EGF	EGFR	EGF/ERBB	0.896357	medium_pilot_v3	False	True	1						
full_v3	194	GSE292299|GSM8855706_NSCLC_P4|tumor_like|tumor_like|HBEGF|EGFR|EGF/ERBB	GSE292299	GSM8855706_NSCLC_P4	NSCLC	tumor_like	tumor_like	HBEGF	EGFR	EGF/ERBB	0.895894	high_pilot_v3	True	True	1						
full_v3	195	GSE292299|GSM8855711_NSCLC_P9|stroma_fibroblast|stroma_fibroblast|TGFB1|TGFBR2|TGFB	GSE292299	GSM8855711_NSCLC_P9	NSCLC	stroma_fibroblast	stroma_fibroblast	TGFB1	TGFBR2	TGFB	0.895604	high_pilot_v3	True	True	1						
full_v3	196	GSE292299|GSM8855706_NSCLC_P4|tumor_like|tumor_like|VEGFA|KDR|VEGF	GSE292299	GSM8855706_NSCLC_P4	NSCLC	tumor_like	tumor_like	VEGFA	KDR	VEGF	0.895343	high_pilot_v3	True	True	0						
full_v3	197	GSE292299|GSM8855704_NSCLC_P2|tumor_like|tumor_like|WNT5A|FZD5|WNT	GSE292299	GSM8855704_NSCLC_P2	NSCLC	tumor_like	tumor_like	WNT5A	FZD5	WNT	0.894786	medium_pilot_v3	False	True	1						
full_v3	198	GSE292299|GSM8855713_NSCLC_P11|tumor_like|tumor_like|JAG1|NOTCH2|NOTCH	GSE292299	GSM8855713_NSCLC_P11	NSCLC	tumor_like	tumor_like	JAG1	NOTCH2	NOTCH	0.894072	medium_pilot_v3	False	True	1						
full_v3	199	GSE283052|GSM8655167_P18|stroma_fibroblast|stroma_fibroblast|SPP1|CD44|SPP1	GSE283052	GSM8655167_P18	colorectal cancer	stroma_fibroblast	stroma_fibroblast	SPP1	CD44	SPP1	0.894012	medium_pilot_v3	False	True	1						
full_v3	200	GSE292299|GSM8855705_NSCLC_P3|stroma_fibroblast|stroma_fibroblast|CXCL12|CXCR4|CXCL chemokine	GSE292299	GSM8855705_NSCLC_P3	NSCLC	stroma_fibroblast	stroma_fibroblast	CXCL12	CXCR4	CXCL chemokine	0.893774	high_pilot_v3	True	True	0						
full_v3	201	GSE292299|GSM8855715_NSCLC_P13|tumor_like|tumor_like|VEGFA|KDR|VEGF	GSE292299	GSM8855715_NSCLC_P13	NSCLC	tumor_like	tumor_like	VEGFA	KDR	VEGF	0.89326	medium_pilot_v3	False	True	0						
full_v3	202	GSE283052|GSM8655163_P11|stroma_fibroblast|stroma_fibroblast|TGFB1|TGFBR2|TGFB	GSE283052	GSM8655163_P11	colorectal cancer	stroma_fibroblast	stroma_fibroblast	TGFB1	TGFBR2	TGFB	0.893219	high_pilot_v3	True	True	1						
full_v3	203	GSE283052|GSM8655160_P07|stroma_fibroblast|stroma_fibroblast|WNT5A|FZD5|WNT	GSE283052	GSM8655160_P07	colorectal cancer	stroma_fibroblast	stroma_fibroblast	WNT5A	FZD5	WNT	0.893077	high_pilot_v3	True	True	0						
full_v3	204	GSE300445|GSM9060733_AdjIII-0022|tumor_like|tumor_like|SPP1|ITGAV|SPP1	GSE300445	GSM9060733_AdjIII-0022	melanoma	tumor_like	tumor_like	SPP1	ITGAV	SPP1	0.892889	medium_pilot_v3	False	True	1						
full_v3	205	GSE292299|GSM8855709_NSCLC_P7|tumor_like|tumor_like|COL1A1|ITGA2|ECM-integrin	GSE292299	GSM8855709_NSCLC_P7	NSCLC	tumor_like	tumor_like	COL1A1	ITGA2	ECM-integrin	0.892717	medium_pilot_v3	False	True	0						
full_v3	206	GSE292299|GSM8855712_NSCLC_P10|tumor_like|tumor_like|VEGFA|KDR|VEGF	GSE292299	GSM8855712_NSCLC_P10	NSCLC	tumor_like	tumor_like	VEGFA	KDR	VEGF	0.892087	medium_pilot_v3	False	True	1						
full_v3	207	GSE292299|GSM8855713_NSCLC_P11|tumor_like|tumor_like|CXCL12|CXCR4|CXCL chemokine	GSE292299	GSM8855713_NSCLC_P11	NSCLC	tumor_like	tumor_like	CXCL12	CXCR4	CXCL chemokine	0.891726	medium_pilot_v3	False	True	1						
full_v3	208	GSE283052|GSM8655166_P17|tumor_like|tumor_like|HBEGF|EGFR|EGF/ERBB	GSE283052	GSM8655166_P17	colorectal cancer	tumor_like	tumor_like	HBEGF	EGFR	EGF/ERBB	0.891658	high_pilot_v3	True	True	1						
full_v3	209	GSE292299|GSM8855704_NSCLC_P2|immune|tumor_like|SPP1|CD44|SPP1	GSE292299	GSM8855704_NSCLC_P2	NSCLC	immune	tumor_like	SPP1	CD44	SPP1	0.891612	medium_pilot_v3	False	True	0						
full_v3	210	GSE292299|GSM8855709_NSCLC_P7|stroma_fibroblast|stroma_fibroblast|JAG1|NOTCH2|NOTCH	GSE292299	GSM8855709_NSCLC_P7	NSCLC	stroma_fibroblast	stroma_fibroblast	JAG1	NOTCH2	NOTCH	0.891416	medium_pilot_v3	False	True	1						
full_v3	211	GSE292299|GSM8855712_NSCLC_P10|tumor_like|tumor_like|JAG1|NOTCH2|NOTCH	GSE292299	GSM8855712_NSCLC_P10	NSCLC	tumor_like	tumor_like	JAG1	NOTCH2	NOTCH	0.891241	medium_pilot_v3	False	True	1						
full_v3	212	GSE292299|GSM8855713_NSCLC_P11|stroma_fibroblast|stroma_fibroblast|CXCL12|CXCR4|CXCL chemokine	GSE292299	GSM8855713_NSCLC_P11	NSCLC	stroma_fibroblast	stroma_fibroblast	CXCL12	CXCR4	CXCL chemokine	0.891029	medium_pilot_v3	False	True	0						
full_v3	213	GSE292299|GSM8855703_NSCLC_P1|tumor_like|tumor_like|VEGFA|KDR|VEGF	GSE292299	GSM8855703_NSCLC_P1	NSCLC	tumor_like	tumor_like	VEGFA	KDR	VEGF	0.890949	medium_pilot_v3	False	True	0						
full_v3	214	GSE292299|GSM8855719_DLBCL_P1|immune|immune|TGFB1|TGFBR1|TGFB	GSE292299	GSM8855719_DLBCL_P1	DLBCL	immune	immune	TGFB1	TGFBR1	TGFB	0.890526	high_pilot_v3	True	True	0						
full_v3	215	GSE300445|GSM9060734_AdjIII-0113|tumor_like|tumor_like|JAG1|NOTCH2|NOTCH	GSE300445	GSM9060734_AdjIII-0113	melanoma	tumor_like	tumor_like	JAG1	NOTCH2	NOTCH	0.890435	medium_pilot_v3	False	True	1						
full_v3	216	GSE300445|GSM9060733_AdjIII-0022|stroma_fibroblast|stroma_fibroblast|CXCL12|CXCR4|CXCL chemokine	GSE300445	GSM9060733_AdjIII-0022	melanoma	stroma_fibroblast	stroma_fibroblast	CXCL12	CXCR4	CXCL chemokine	0.890357	medium_pilot_v3	False	True	0						
full_v3	217	GSE283052|GSM8655161_P09|stroma_fibroblast|stroma_fibroblast|SPP1|ITGAV|SPP1	GSE283052	GSM8655161_P09	colorectal cancer	stroma_fibroblast	stroma_fibroblast	SPP1	ITGAV	SPP1	0.890194	high_pilot_v3	True	True	1						
full_v3	218	GSE292299|GSM8855720_DLBCL_P2|immune|immune|TGFB1|TGFBR2|TGFB	GSE292299	GSM8855720_DLBCL_P2	DLBCL	immune	immune	TGFB1	TGFBR2	TGFB	0.889757	high_pilot_v3	True	True	1						
no_null	1	GSE292299|GSM8855715_NSCLC_P13|stroma_fibroblast|stroma_fibroblast|COL1A1|ITGA2|ECM-integrin	GSE292299	GSM8855715_NSCLC_P13	NSCLC	stroma_fibroblast	stroma_fibroblast	COL1A1	ITGA2	ECM-integrin	0.898754	medium_pilot_v3	False	True	1	0.9166666666666667					
no_null	2	GSE292299|GSM8855715_NSCLC_P13|stroma_fibroblast|tumor_like|COL1A1|ITGA2|ECM-integrin	GSE292299	GSM8855715_NSCLC_P13	NSCLC	stroma_fibroblast	tumor_like	COL1A1	ITGA2	ECM-integrin	0.81101	medium_pilot_v3	False	True	0	0.9166074816666666					
no_null	3	GSE292299|GSM8855713_NSCLC_P11|tumor_like|tumor_like|SPP1|CD44|SPP1	GSE292299	GSM8855713_NSCLC_P11	NSCLC	tumor_like	tumor_like	SPP1	CD44	SPP1	0.941658	high_pilot_v3	True	True	1	0.9164891091666666					
no_null	4	GSE300445|GSM9060734_AdjIII-0113|tumor_like|tumor_like|MIF|CD74|MIF	GSE300445	GSM9060734_AdjIII-0113	melanoma	tumor_like	tumor_like	MIF	CD74	MIF	0.941622	high_pilot_v3	True	True	0	0.9164299241666667					
no_null	5	GSE292299|GSM8855713_NSCLC_P11|tumor_like|tumor_like|MIF|CD74|MIF	GSE292299	GSM8855713_NSCLC_P11	NSCLC	tumor_like	tumor_like	MIF	CD74	MIF	0.941587	high_pilot_v3	True	True	1	0.9163707391666667					
no_null	6	GSE300445|GSM9060735_AdjIII-0133|tumor_like|tumor_like|MIF|CD74|MIF	GSE300445	GSM9060735_AdjIII-0133	melanoma	tumor_like	tumor_like	MIF	CD74	MIF	0.941516	high_pilot_v3	True	True	0	0.9162523666666667					
no_null	7	GSE300445|GSM9060735_AdjIII-0133|tumor_like|stroma_fibroblast|MIF|CD74|MIF	GSE300445	GSM9060735_AdjIII-0133	melanoma	tumor_like	stroma_fibroblast	MIF	CD74	MIF	0.810761	medium_pilot_v3	False	True	0	0.9161931816666667					
no_null	8	GSE300445|GSM9060732_AdjIII-0019|tumor_like|tumor_like|SPP1|CD44|SPP1	GSE300445	GSM9060732_AdjIII-0019	melanoma	tumor_like	tumor_like	SPP1	CD44	SPP1	0.941445	high_pilot_v3	True	True	1	0.9161339966666667					
no_null	9	GSE292299|GSM8855713_NSCLC_P11|tumor_like|tumor_like|SPP1|ITGAV|SPP1	GSE292299	GSM8855713_NSCLC_P11	NSCLC	tumor_like	tumor_like	SPP1	ITGAV	SPP1	0.941409	high_pilot_v3	True	True	1	0.9160748116666667					
no_null	10	GSE300445|GSM9060735_AdjIII-0133|stroma_fibroblast|stroma_fibroblast|MIF|CD74|MIF	GSE300445	GSM9060735_AdjIII-0133	melanoma	stroma_fibroblast	stroma_fibroblast	MIF	CD74	MIF	0.812342	medium_pilot_v3	False	True	0	0.9160156241666667					
no_null	11	GSE300445|GSM9060732_AdjIII-0019|tumor_like|stroma_fibroblast|MIF|CD74|MIF	GSE300445	GSM9060732_AdjIII-0019	melanoma	tumor_like	stroma_fibroblast	MIF	CD74	MIF	0.810584	medium_pilot_v3	False	True	1	0.9158972541666666					
no_null	12	GSE292299|GSM8855715_NSCLC_P13|tumor_like|tumor_like|COL1A1|ITGA2|ECM-integrin	GSE292299	GSM8855715_NSCLC_P13	NSCLC	tumor_like	tumor_like	COL1A1	ITGA2	ECM-integrin	0.812235	medium_pilot_v3	False	True	0	0.9158380691666667					
no_null	13	GSE300445|GSM9060735_AdjIII-0133|tumor_like|tumor_like|SPP1|CD44|SPP1	GSE300445	GSM9060735_AdjIII-0133	melanoma	tumor_like	tumor_like	SPP1	CD44	SPP1	0.850874	medium_pilot_v3	False	True	0	0.9157196966666666					
no_null	14	GSE292299|GSM8855708_NSCLC_P6|tumor_like|stroma_fibroblast|MIF|CD74|MIF	GSE292299	GSM8855708_NSCLC_P6	NSCLC	tumor_like	stroma_fibroblast	MIF	CD74	MIF	0.810335	medium_pilot_v3	False	True	1	0.9154829541666667					
no_null	15	GSE300445|GSM9060734_AdjIII-0113|immune|tumor_like|SPP1|CD44|SPP1	GSE300445	GSM9060734_AdjIII-0113	melanoma	immune	tumor_like	SPP1	CD44	SPP1	0.8103	medium_pilot_v3	False	True	0	0.9154237691666667					
no_null	16	GSE292299|GSM8855704_NSCLC_P2|tumor_like|tumor_like|SPP1|CD44|SPP1	GSE292299	GSM8855704_NSCLC_P2	NSCLC	tumor_like	tumor_like	SPP1	CD44	SPP1	0.940983	high_pilot_v3	True	True	0	0.9153645841666668					
no_null	17	GSE300445|GSM9060735_AdjIII-0133|immune|tumor_like|SPP1|CD44|SPP1	GSE300445	GSM9060735_AdjIII-0133	melanoma	immune	tumor_like	SPP1	CD44	SPP1	0.849444	medium_pilot_v3	False	True	0	0.9153053966666668					
no_null	18	GSE300445|GSM9060734_AdjIII-0113|tumor_like|stroma_fibroblast|MIF|CD74|MIF	GSE300445	GSM9060734_AdjIII-0113	melanoma	tumor_like	stroma_fibroblast	MIF	CD74	MIF	0.810193	medium_pilot_v3	False	True	0	0.9152462116666668					
no_null	19	GSE300445|GSM9060735_AdjIII-0133|stroma_fibroblast|stroma_fibroblast|SPP1|CD44|SPP1	GSE300445	GSM9060735_AdjIII-0133	melanoma	stroma_fibroblast	stroma_fibroblast	SPP1	CD44	SPP1	0.811844	medium_pilot_v3	False	True	0	0.9151870266666666					
no_null	20	GSE292299|GSM8855715_NSCLC_P13|stroma_fibroblast|stroma_fibroblast|SPP1|CD44|SPP1	GSE292299	GSM8855715_NSCLC_P13	NSCLC	stroma_fibroblast	stroma_fibroblast	SPP1	CD44	SPP1	0.811738	medium_pilot_v3	False	True	1	0.9150094691666666					
no_null	21	GSE292299|GSM8855715_NSCLC_P13|tumor_like|tumor_like|MIF|CD74|MIF	GSE292299	GSM8855715_NSCLC_P13	NSCLC	tumor_like	tumor_like	MIF	CD74	MIF	0.940735	high_pilot_v3	True	True	0	0.9149502841666667					
no_null	22	GSE292299|GSM8855715_NSCLC_P13|stroma_fibroblast|stroma_fibroblast|MIF|CD74|MIF	GSE292299	GSM8855715_NSCLC_P13	NSCLC	stroma_fibroblast	stroma_fibroblast	MIF	CD74	MIF	0.811631	medium_pilot_v3	False	True	0	0.9148319116666667					
no_null	23	GSE292299|GSM8855708_NSCLC_P6|tumor_like|tumor_like|MIF|CD74|MIF	GSE292299	GSM8855708_NSCLC_P6	NSCLC	tumor_like	tumor_like	MIF	CD74	MIF	0.936291	high_pilot_v3	True	True	0	0.9147135416666667					
no_null	24	GSE300445|GSM9060732_AdjIII-0019|stroma_fibroblast|stroma_fibroblast|MIF|CD74|MIF	GSE300445	GSM9060732_AdjIII-0019	melanoma	stroma_fibroblast	stroma_fibroblast	MIF	CD74	MIF	0.811525	medium_pilot_v3	False	True	1	0.9146543566666667					
no_null	25	GSE300445|GSM9060732_AdjIII-0019|tumor_like|tumor_like|SPP1|ITGAV|SPP1	GSE300445	GSM9060732_AdjIII-0019	melanoma	tumor_like	tumor_like	SPP1	ITGAV	SPP1	0.940522	high_pilot_v3	True	True	1	0.9145951716666667					
no_null	26	GSE300445|GSM9060735_AdjIII-0133|tumor_like|tumor_like|SPP1|ITGAV|SPP1	GSE300445	GSM9060735_AdjIII-0133	melanoma	tumor_like	tumor_like	SPP1	ITGAV	SPP1	0.897475	medium_pilot_v3	False	True	0	0.9145359841666667					
no_null	27	GSE292299|GSM8855704_NSCLC_P2|stroma_fibroblast|stroma_fibroblast|SPP1|CD44|SPP1	GSE292299	GSM8855704_NSCLC_P2	NSCLC	stroma_fibroblast	stroma_fibroblast	SPP1	CD44	SPP1	0.808778	medium_pilot_v3	False	True	0	0.9144767991666666					
no_null	28	GSE292299|GSM8855713_NSCLC_P11|tumor_like|immune|MIF|CD74|MIF	GSE292299	GSM8855713_NSCLC_P11	NSCLC	tumor_like	immune	MIF	CD74	MIF	0.680664	medium_pilot_v3	False	True	0	0.9144176141666668					
no_null	29	GSE292299|GSM8855708_NSCLC_P6|tumor_like|immune|MIF|CD74|MIF	GSE292299	GSM8855708_NSCLC_P6	NSCLC	tumor_like	immune	MIF	CD74	MIF	0.809661	medium_pilot_v3	False	True	0	0.9143584291666667					
no_null	30	GSE292299|GSM8855715_NSCLC_P13|tumor_like|stroma_fibroblast|MIF|CD74|MIF	GSE292299	GSM8855715_NSCLC_P13	NSCLC	tumor_like	stroma_fibroblast	MIF	CD74	MIF	0.684823	medium_pilot_v3	False	True	0	0.9141808716666666					
no_null	31	GSE283052|GSM8655157_P02|tumor_like|tumor_like|MIF|CD74|MIF	GSE283052	GSM8655157_P02	colorectal cancer	tumor_like	tumor_like	MIF	CD74	MIF	0.940237	high_pilot_v3	True	True	1	0.9141216866666667					
no_null	32	GSE292299|GSM8855709_NSCLC_P7|tumor_like|stroma_fibroblast|MIF|CD74|MIF	GSE292299	GSM8855709_NSCLC_P7	NSCLC	tumor_like	stroma_fibroblast	MIF	CD74	MIF	0.809483	medium_pilot_v3	False	True	1	0.9140624991666667					
no_null	33	GSE292299|GSM8855709_NSCLC_P7|immune|tumor_like|SPP1|CD44|SPP1	GSE292299	GSM8855709_NSCLC_P7	NSCLC	immune	tumor_like	SPP1	CD44	SPP1	0.809447	medium_pilot_v3	False	True	0	0.9140033141666667					
no_null	34	GSE292299|GSM8855713_NSCLC_P11|tumor_like|stroma_fibroblast|MIF|CD74|MIF	GSE292299	GSM8855713_NSCLC_P11	NSCLC	tumor_like	stroma_fibroblast	MIF	CD74	MIF	0.680344	medium_pilot_v3	False	True	0	0.9138849441666668					
no_null	35	GSE292299|GSM8855709_NSCLC_P7|tumor_like|tumor_like|SPP1|CD44|SPP1	GSE292299	GSM8855709_NSCLC_P7	NSCLC	tumor_like	tumor_like	SPP1	CD44	SPP1	0.940024	high_pilot_v3	True	True	0	0.9137665716666667					
no_null	36	GSE292299|GSM8855709_NSCLC_P7|tumor_like|immune|MIF|CD74|MIF	GSE292299	GSM8855709_NSCLC_P7	NSCLC	tumor_like	immune	MIF	CD74	MIF	0.809234	medium_pilot_v3	False	True	0	0.9136482016666666					
no_null	37	GSE300445|GSM9060732_AdjIII-0019|tumor_like|tumor_like|MIF|CD74|MIF	GSE300445	GSM9060732_AdjIII-0019	melanoma	tumor_like	tumor_like	MIF	CD74	MIF	0.810886	medium_pilot_v3	False	True	0	0.9135890141666666					
no_null	38	GSE300445|GSM9060735_AdjIII-0133|immune|tumor_like|SPP1|ITGAV|SPP1	GSE300445	GSM9060735_AdjIII-0133	melanoma	immune	tumor_like	SPP1	ITGAV	SPP1	0.848379	medium_pilot_v3	False	True	0	0.9135298291666668					
no_null	39	GSE292299|GSM8855715_NSCLC_P13|stroma_fibroblast|stroma_fibroblast|SPP1|ITGAV|SPP1	GSE292299	GSM8855715_NSCLC_P13	NSCLC	stroma_fibroblast	stroma_fibroblast	SPP1	ITGAV	SPP1	0.937136	high_pilot_v3	True	True	1	0.9133522716666667					
no_null	40	GSE292299|GSM8855713_NSCLC_P11|immune|tumor_like|SPP1|CD44|SPP1	GSE292299	GSM8855713_NSCLC_P11	NSCLC	immune	tumor_like	SPP1	CD44	SPP1	0.679954	medium_pilot_v3	False	True	1	0.9132339016666667					
no_null	41	GSE300445|GSM9060732_AdjIII-0019|stroma_fibroblast|stroma_fibroblast|SPP1|CD44|SPP1	GSE300445	GSM9060732_AdjIII-0019	melanoma	stroma_fibroblast	stroma_fibroblast	SPP1	CD44	SPP1	0.810566	medium_pilot_v3	False	True	0	0.9130563441666667					
no_null	42	GSE300445|GSM9060735_AdjIII-0133|stroma_fibroblast|stroma_fibroblast|SPP1|ITGAV|SPP1	GSE300445	GSM9060735_AdjIII-0133	melanoma	stroma_fibroblast	stroma_fibroblast	SPP1	ITGAV	SPP1	0.81053	medium_pilot_v3	False	True	0	0.9129971591666668					
no_null	43	GSE292299|GSM8855715_NSCLC_P13|tumor_like|tumor_like|SPP1|CD44|SPP1	GSE292299	GSM8855715_NSCLC_P13	NSCLC	tumor_like	tumor_like	SPP1	CD44	SPP1	0.819097	medium_pilot_v3	False	True	0	0.9129379741666666					
no_null	44	GSE292299|GSM8855709_NSCLC_P7|tumor_like|tumor_like|MIF|CD74|MIF	GSE292299	GSM8855709_NSCLC_P7	NSCLC	tumor_like	tumor_like	MIF	CD74	MIF	0.939492	high_pilot_v3	True	True	0	0.9128787866666666					
no_null	45	GSE300445|GSM9060734_AdjIII-0113|stroma_fibroblast|tumor_like|COL1A1|ITGA2|ECM-integrin	GSE300445	GSM9060734_AdjIII-0113	melanoma	stroma_fibroblast	tumor_like	COL1A1	ITGA2	ECM-integrin	0.808666	medium_pilot_v3	False	True	0	0.9127012316666666					
no_null	46	GSE292299|GSM8855709_NSCLC_P7|stroma_fibroblast|tumor_like|COL1A1|ITGA2|ECM-integrin	GSE292299	GSM8855709_NSCLC_P7	NSCLC	stroma_fibroblast	tumor_like	COL1A1	ITGA2	ECM-integrin	0.80856	medium_pilot_v3	False	True	0	0.9125236741666667					
no_null	47	GSE292299|GSM8855712_NSCLC_P10|tumor_like|tumor_like|MIF|CD74|MIF	GSE292299	GSM8855712_NSCLC_P10	NSCLC	tumor_like	tumor_like	MIF	CD74	MIF	0.939243	high_pilot_v3	True	True	1	0.9124644891666667					
no_null	48	GSE292299|GSM8855709_NSCLC_P7|stroma_fibroblast|stroma_fibroblast|SPP1|CD44|SPP1	GSE292299	GSM8855709_NSCLC_P7	NSCLC	stroma_fibroblast	stroma_fibroblast	SPP1	CD44	SPP1	0.909065	medium_pilot_v3	False	True	1	0.9123461166666668					
no_null	49	GSE300445|GSM9060734_AdjIII-0113|tumor_like|tumor_like|SPP1|CD44|SPP1	GSE300445	GSM9060734_AdjIII-0113	melanoma	tumor_like	tumor_like	SPP1	CD44	SPP1	0.9348	high_pilot_v3	True	True	0	0.9122277466666666					
no_null	50	GSE292299|GSM8855709_NSCLC_P7|immune|immune|SPP1|CD44|SPP1	GSE292299	GSM8855709_NSCLC_P7	NSCLC	immune	immune	SPP1	CD44	SPP1	0.930357	high_pilot_v3	True	True	0	0.9119910041666667					
no_null	51	GSE292299|GSM8855704_NSCLC_P2|immune|tumor_like|SPP1|CD44|SPP1	GSE292299	GSM8855704_NSCLC_P2	NSCLC	immune	tumor_like	SPP1	CD44	SPP1	0.891612	medium_pilot_v3	False	True	0	0.9119318191666667					
no_null	52	GSE300445|GSM9060733_AdjIII-0022|tumor_like|tumor_like|MIF|CD74|MIF	GSE300445	GSM9060733_AdjIII-0022	melanoma	tumor_like	tumor_like	MIF	CD74	MIF	0.938888	high_pilot_v3	True	True	1	0.9118726316666667					
no_null	53	GSE300445|GSM9060732_AdjIII-0019|stroma_fibroblast|tumor_like|COL1A1|ITGA2|ECM-integrin	GSE300445	GSM9060732_AdjIII-0019	melanoma	stroma_fibroblast	tumor_like	COL1A1	ITGA2	ECM-integrin	0.808098	medium_pilot_v3	False	True	0	0.9117542616666667					
no_null	54	GSE292299|GSM8855709_NSCLC_P7|stroma_fibroblast|stroma_fibroblast|MIF|CD74|MIF	GSE292299	GSM8855709_NSCLC_P7	NSCLC	stroma_fibroblast	stroma_fibroblast	MIF	CD74	MIF	0.917205	medium_pilot_v3	False	True	1	0.9115767041666667					
no_null	55	GSE292299|GSM8855704_NSCLC_P2|stroma_fibroblast|tumor_like|COL1A1|ITGA2|ECM-integrin	GSE292299	GSM8855704_NSCLC_P2	NSCLC	stroma_fibroblast	tumor_like	COL1A1	ITGA2	ECM-integrin	0.797395	medium_pilot_v3	False	True	0	0.9115175191666666					
no_null	56	GSE292299|GSM8855708_NSCLC_P6|stroma_fibroblast|stroma_fibroblast|MIF|CD74|MIF	GSE292299	GSM8855708_NSCLC_P6	NSCLC	stroma_fibroblast	stroma_fibroblast	MIF	CD74	MIF	0.809572	medium_pilot_v3	False	True	1	0.9113991466666668					
no_null	57	GSE300445|GSM9060735_AdjIII-0133|stroma_fibroblast|tumor_like|COL1A1|ITGA2|ECM-integrin	GSE300445	GSM9060735_AdjIII-0133	melanoma	stroma_fibroblast	tumor_like	COL1A1	ITGA2	ECM-integrin	0.807814	medium_pilot_v3	False	True	0	0.9112807766666666					
no_null	58	GSE292299|GSM8855718_NSCLC_P16|stroma_fibroblast|tumor_like|COL1A1|ITGA2|ECM-integrin	GSE292299	GSM8855718_NSCLC_P16	NSCLC	stroma_fibroblast	tumor_like	COL1A1	ITGA2	ECM-integrin	0.807743	medium_pilot_v3	False	True	0	0.9111624041666666					
no_null	59	GSE292299|GSM8855709_NSCLC_P7|tumor_like|tumor_like|SPP1|ITGAV|SPP1	GSE292299	GSM8855709_NSCLC_P7	NSCLC	tumor_like	tumor_like	SPP1	ITGAV	SPP1	0.938391	high_pilot_v3	True	True	0	0.9110440341666667					
no_null	60	GSE283052|GSM8655160_P07|tumor_like|stroma_fibroblast|MIF|CD74|MIF	GSE283052	GSM8655160_P07	colorectal cancer	tumor_like	stroma_fibroblast	MIF	CD74	MIF	0.807565	medium_pilot_v3	False	True	1	0.9108664766666668					
no_null	61	GSE300445|GSM9060733_AdjIII-0022|tumor_like|stroma_fibroblast|MIF|CD74|MIF	GSE300445	GSM9060733_AdjIII-0022	melanoma	tumor_like	stroma_fibroblast	MIF	CD74	MIF	0.80753	medium_pilot_v3	False	True	0	0.9108072916666667					
no_null	62	GSE283052|GSM8655167_P18|tumor_like|tumor_like|MIF|CD74|MIF	GSE283052	GSM8655167_P18	colorectal cancer	tumor_like	tumor_like	MIF	CD74	MIF	0.938178	high_pilot_v3	True	True	1	0.9106889216666666					
no_null	63	GSE300445|GSM9060732_AdjIII-0019|stroma_fibroblast|stroma_fibroblast|COL1A1|ITGA2|ECM-integrin	GSE300445	GSM9060732_AdjIII-0019	melanoma	stroma_fibroblast	stroma_fibroblast	COL1A1	ITGA2	ECM-integrin	0.938107	high_pilot_v3	True	True	1	0.9105705491666668					
no_null	64	GSE292299|GSM8855703_NSCLC_P1|tumor_like|stroma_fibroblast|MIF|CD74|MIF	GSE292299	GSM8855703_NSCLC_P1	NSCLC	tumor_like	stroma_fibroblast	MIF	CD74	MIF	0.807352	medium_pilot_v3	False	True	1	0.9105113641666667					
no_null	65	GSE300445|GSM9060734_AdjIII-0113|stroma_fibroblast|stroma_fibroblast|MIF|CD74|MIF	GSE300445	GSM9060734_AdjIII-0113	melanoma	stroma_fibroblast	stroma_fibroblast	MIF	CD74	MIF	0.809003	medium_pilot_v3	False	True	0	0.9104521791666667					
no_null	66	GSE292299|GSM8855704_NSCLC_P2|stroma_fibroblast|stroma_fibroblast|COL1A1|ITGA2|ECM-integrin	GSE292299	GSM8855704_NSCLC_P2	NSCLC	stroma_fibroblast	stroma_fibroblast	COL1A1	ITGA2	ECM-integrin	0.929398	high_pilot_v3	True	True	1	0.9103929916666667					
no_null	67	GSE300445|GSM9060733_AdjIII-0022|tumor_like|tumor_like|COL1A1|ITGA2|ECM-integrin	GSE300445	GSM9060733_AdjIII-0022	melanoma	tumor_like	tumor_like	COL1A1	ITGA2	ECM-integrin	0.937965	high_pilot_v3	True	True	0	0.9103338066666666					
no_null	68	GSE283052|GSM8655160_P07|tumor_like|tumor_like|MIF|CD74|MIF	GSE283052	GSM8655160_P07	colorectal cancer	tumor_like	tumor_like	MIF	CD74	MIF	0.937894	high_pilot_v3	True	True	0	0.9102154366666667					
no_null	69	GSE292299|GSM8855709_NSCLC_P7|stroma_fibroblast|stroma_fibroblast|COL1A1|ITGA2|ECM-integrin	GSE292299	GSM8855709_NSCLC_P7	NSCLC	stroma_fibroblast	stroma_fibroblast	COL1A1	ITGA2	ECM-integrin	0.925977	high_pilot_v3	True	True	1	0.9101562491666667					
no_null	70	GSE300445|GSM9060734_AdjIII-0113|immune|tumor_like|SPP1|ITGAV|SPP1	GSE300445	GSM9060734_AdjIII-0113	melanoma	immune	tumor_like	SPP1	ITGAV	SPP1	0.807068	medium_pilot_v3	False	True	0	0.9100378791666668					
no_null	71	GSE300445|GSM9060732_AdjIII-0019|stroma_fibroblast|stroma_fibroblast|SPP1|ITGAV|SPP1	GSE300445	GSM9060732_AdjIII-0019	melanoma	stroma_fibroblast	stroma_fibroblast	SPP1	ITGAV	SPP1	0.808719	medium_pilot_v3	False	True	0	0.9099786941666665					
no_null	72	GSE292299|GSM8855718_NSCLC_P16|tumor_like|tumor_like|MIF|CD74|MIF	GSE292299	GSM8855718_NSCLC_P16	NSCLC	tumor_like	tumor_like	MIF	CD74	MIF	0.937681	high_pilot_v3	True	True	1	0.9098603216666667					
no_null	73	GSE300445|GSM9060735_AdjIII-0133|stroma_fibroblast|stroma_fibroblast|COL1A1|ITGA2|ECM-integrin	GSE300445	GSM9060735_AdjIII-0133	melanoma	stroma_fibroblast	stroma_fibroblast	COL1A1	ITGA2	ECM-integrin	0.927049	high_pilot_v3	True	True	1	0.9097419516666666					
no_null	74	GSE292299|GSM8855717_NSCLC_P15|tumor_like|immune|MIF|CD74|MIF	GSE292299	GSM8855717_NSCLC_P15	NSCLC	tumor_like	immune	MIF	CD74	MIF	0.806855	medium_pilot_v3	False	True	1	0.9096827641666666					
no_null	75	GSE292299|GSM8855703_NSCLC_P1|tumor_like|immune|MIF|CD74|MIF	GSE292299	GSM8855703_NSCLC_P1	NSCLC	tumor_like	immune	MIF	CD74	MIF	0.806784	medium_pilot_v3	False	True	1	0.9095643941666667					
no_null	76	GSE292299|GSM8855704_NSCLC_P2|tumor_like|tumor_like|SPP1|ITGAV|SPP1	GSE292299	GSM8855704_NSCLC_P2	NSCLC	tumor_like	tumor_like	SPP1	ITGAV	SPP1	0.937468	high_pilot_v3	True	True	0	0.9095052091666667					
no_null	77	GSE292299|GSM8855709_NSCLC_P7|immune|immune|SPP1|ITGAV|SPP1	GSE292299	GSM8855709_NSCLC_P7	NSCLC	immune	immune	SPP1	ITGAV	SPP1	0.937432	high_pilot_v3	True	True	0	0.9094460216666667					
no_null	78	GSE292299|GSM8855708_NSCLC_P6|stroma_fibroblast|tumor_like|COL1A1|ITGA2|ECM-integrin	GSE292299	GSM8855708_NSCLC_P6	NSCLC	stroma_fibroblast	tumor_like	COL1A1	ITGA2	ECM-integrin	0.806678	medium_pilot_v3	False	True	0	0.9093868366666668					
no_null	79	GSE292299|GSM8855717_NSCLC_P15|immune|immune|MIF|CD74|MIF	GSE292299	GSM8855717_NSCLC_P15	NSCLC	immune	immune	MIF	CD74	MIF	0.937361	high_pilot_v3	True	True	1	0.9093276516666667					
no_null	80	GSE292299|GSM8855709_NSCLC_P7|stroma_fibroblast|stroma_fibroblast|SPP1|ITGAV|SPP1	GSE292299	GSM8855709_NSCLC_P7	NSCLC	stroma_fibroblast	stroma_fibroblast	SPP1	ITGAV	SPP1	0.889375	medium_pilot_v3	False	True	1	0.9092684666666667					
no_null	81	GSE292299|GSM8855704_NSCLC_P2|tumor_like|stroma_fibroblast|MIF|CD74|MIF	GSE292299	GSM8855704_NSCLC_P2	NSCLC	tumor_like	stroma_fibroblast	MIF	CD74	MIF	0.806571	medium_pilot_v3	False	True	0	0.9092092791666667					
no_null	82	GSE292299|GSM8855713_NSCLC_P11|stroma_fibroblast|stroma_fibroblast|MIF|CD74|MIF	GSE292299	GSM8855713_NSCLC_P11	NSCLC	stroma_fibroblast	stroma_fibroblast	MIF	CD74	MIF	0.808222	medium_pilot_v3	False	True	0	0.9091500941666668					
no_null	83	GSE283052|GSM8655160_P07|stroma_fibroblast|stroma_fibroblast|MIF|CD74|MIF	GSE283052	GSM8655160_P07	colorectal cancer	stroma_fibroblast	stroma_fibroblast	MIF	CD74	MIF	0.937148	high_pilot_v3	True	True	1	0.9089725366666667					
no_null	84	GSE283052|GSM8655165_P15|stroma_fibroblast|stroma_fibroblast|MIF|CD74|MIF	GSE283052	GSM8655165_P15	colorectal cancer	stroma_fibroblast	stroma_fibroblast	MIF	CD74	MIF	0.937041	high_pilot_v3	True	True	1	0.9087949816666667					
no_null	85	GSE292299|GSM8855713_NSCLC_P11|immune|immune|MIF|CD74|MIF	GSE292299	GSM8855713_NSCLC_P11	NSCLC	immune	immune	MIF	CD74	MIF	0.807938	medium_pilot_v3	False	True	0	0.9086766091666667					
no_null	86	GSE300445|GSM9060734_AdjIII-0113|tumor_like|tumor_like|COL1A1|ITGA2|ECM-integrin	GSE300445	GSM9060734_AdjIII-0113	melanoma	tumor_like	tumor_like	COL1A1	ITGA2	ECM-integrin	0.934295	high_pilot_v3	True	True	0	0.9086174241666667					
no_null	87	GSE292299|GSM8855704_NSCLC_P2|stroma_fibroblast|stroma_fibroblast|SPP1|ITGAV|SPP1	GSE292299	GSM8855704_NSCLC_P2	NSCLC	stroma_fibroblast	stroma_fibroblast	SPP1	ITGAV	SPP1	0.807832	medium_pilot_v3	False	True	0	0.9084990541666668					
no_null	88	GSE300445|GSM9060734_AdjIII-0113|stroma_fibroblast|immune|CXCL12|CXCR4|CXCL chemokine	GSE300445	GSM9060734_AdjIII-0113	melanoma	stroma_fibroblast	immune	CXCL12	CXCR4	CXCL chemokine	0.806074	medium_pilot_v3	False	True	1	0.9083806816666666					
no_null	89	GSE283052|GSM8655157_P02|tumor_like|stroma_fibroblast|MIF|CD74|MIF	GSE283052	GSM8655157_P02	colorectal cancer	tumor_like	stroma_fibroblast	MIF	CD74	MIF	0.676935	medium_pilot_v3	False	True	0	0.9082031241666666					
no_null	90	GSE300445|GSM9060733_AdjIII-0022|stroma_fibroblast|tumor_like|COL1A1|ITGA2|ECM-integrin	GSE300445	GSM9060733_AdjIII-0022	melanoma	stroma_fibroblast	tumor_like	COL1A1	ITGA2	ECM-integrin	0.805932	medium_pilot_v3	False	True	0	0.9081439391666667					
no_null	91	GSE292299|GSM8855704_NSCLC_P2|stroma_fibroblast|stroma_fibroblast|MIF|CD74|MIF	GSE292299	GSM8855704_NSCLC_P2	NSCLC	stroma_fibroblast	stroma_fibroblast	MIF	CD74	MIF	0.872099	medium_pilot_v3	False	True	0	0.9080847541666667					
no_null	92	GSE283052|GSM8655165_P15|tumor_like|stroma_fibroblast|MIF|CD74|MIF	GSE283052	GSM8655165_P15	colorectal cancer	tumor_like	stroma_fibroblast	MIF	CD74	MIF	0.805825	medium_pilot_v3	False	True	1	0.9079663816666667					
no_null	93	GSE283052|GSM8655163_P11|stroma_fibroblast|stroma_fibroblast|MIF|CD74|MIF	GSE283052	GSM8655163_P11	colorectal cancer	stroma_fibroblast	stroma_fibroblast	MIF	CD74	MIF	0.936509	high_pilot_v3	True	True	1	0.9079071966666667					
no_null	94	GSE292299|GSM8855719_DLBCL_P1|immune|immune|MIF|CD74|MIF	GSE292299	GSM8855719_DLBCL_P1	DLBCL	immune	immune	MIF	CD74	MIF	0.936402	high_pilot_v3	True	True	1	0.9077296391666667					
no_null	95	GSE292299|GSM8855713_NSCLC_P11|immune|immune|SPP1|CD44|SPP1	GSE292299	GSM8855713_NSCLC_P11	NSCLC	immune	immune	SPP1	CD44	SPP1	0.807334	medium_pilot_v3	False	True	0	0.9076704541666666					
no_null	96	GSE292299|GSM8855718_NSCLC_P16|stroma_fibroblast|stroma_fibroblast|COL1A1|ITGA2|ECM-integrin	GSE292299	GSM8855718_NSCLC_P16	NSCLC	stroma_fibroblast	stroma_fibroblast	COL1A1	ITGA2	ECM-integrin	0.807192	medium_pilot_v3	False	True	1	0.9074337116666666					
no_null	97	GSE292299|GSM8855704_NSCLC_P2|tumor_like|immune|MIF|CD74|MIF	GSE292299	GSM8855704_NSCLC_P2	NSCLC	tumor_like	immune	MIF	CD74	MIF	0.936154	high_pilot_v3	True	True	0	0.9073153416666667					
no_null	98	GSE283052|GSM8655158_P04|tumor_like|stroma_fibroblast|MIF|CD74|MIF	GSE283052	GSM8655158_P04	colorectal cancer	tumor_like	stroma_fibroblast	MIF	CD74	MIF	0.805399	medium_pilot_v3	False	True	1	0.9072561541666667					
no_null	99	GSE292299|GSM8855704_NSCLC_P2|tumor_like|tumor_like|MIF|CD74|MIF	GSE292299	GSM8855704_NSCLC_P2	NSCLC	tumor_like	tumor_like	MIF	CD74	MIF	0.936047	high_pilot_v3	True	True	0	0.9071377841666667					
no_null	100	GSE283052|GSM8655168_P24|stroma_fibroblast|stroma_fibroblast|MIF|CD74|MIF	GSE283052	GSM8655168_P24	colorectal cancer	stroma_fibroblast	stroma_fibroblast	MIF	CD74	MIF	0.936012	high_pilot_v3	True	True	1	0.9070785991666668					
no_null	101	GSE283052|GSM8655159_P05|tumor_like|stroma_fibroblast|MIF|CD74|MIF	GSE283052	GSM8655159_P05	colorectal cancer	tumor_like	stroma_fibroblast	MIF	CD74	MIF	0.805222	medium_pilot_v3	False	True	1	0.9069602266666665					
no_null	102	GSE283052|GSM8655167_P18|tumor_like|stroma_fibroblast|MIF|CD74|MIF	GSE283052	GSM8655167_P18	colorectal cancer	tumor_like	stroma_fibroblast	MIF	CD74	MIF	0.80508	medium_pilot_v3	False	True	0	0.9067234841666666					
no_null	103	GSE283052|GSM8655160_P07|stroma_fibroblast|stroma_fibroblast|COL1A1|ITGA2|ECM-integrin	GSE283052	GSM8655160_P07	colorectal cancer	stroma_fibroblast	stroma_fibroblast	COL1A1	ITGA2	ECM-integrin	0.935763	high_pilot_v3	True	True	1	0.9066642991666667					
no_null	104	GSE292299|GSM8855709_NSCLC_P7|tumor_like|tumor_like|COL1A1|ITGA2|ECM-integrin	GSE292299	GSM8855709_NSCLC_P7	NSCLC	tumor_like	tumor_like	COL1A1	ITGA2	ECM-integrin	0.892717	medium_pilot_v3	False	True	0	0.9066051141666667					
no_null	105	GSE300445|GSM9060733_AdjIII-0022|stroma_fibroblast|stroma_fibroblast|MIF|CD74|MIF	GSE300445	GSM9060733_AdjIII-0022	melanoma	stroma_fibroblast	stroma_fibroblast	MIF	CD74	MIF	0.80666	medium_pilot_v3	False	True	0	0.9065459291666667					
no_null	106	GSE283052|GSM8655161_P09|tumor_like|stroma_fibroblast|MIF|CD74|MIF	GSE283052	GSM8655161_P09	colorectal cancer	tumor_like	stroma_fibroblast	MIF	CD74	MIF	0.804902	medium_pilot_v3	False	True	1	0.9064275566666667					
no_null	107	GSE292299|GSM8855709_NSCLC_P7|immune|immune|MIF|CD74|MIF	GSE292299	GSM8855709_NSCLC_P7	NSCLC	immune	immune	MIF	CD74	MIF	0.806553	medium_pilot_v3	False	True	0	0.9063683716666667					
no_null	108	GSE292299|GSM8855713_NSCLC_P11|stroma_fibroblast|stroma_fibroblast|SPP1|CD44|SPP1	GSE292299	GSM8855713_NSCLC_P11	NSCLC	stroma_fibroblast	stroma_fibroblast	SPP1	CD44	SPP1	0.799846	medium_pilot_v3	False	True	0	0.9061908141666668					
no_null	109	GSE283052|GSM8655160_P07|stroma_fibroblast|tumor_like|COL1A1|ITGA2|ECM-integrin	GSE283052	GSM8655160_P07	colorectal cancer	stroma_fibroblast	tumor_like	COL1A1	ITGA2	ECM-integrin	0.804724	medium_pilot_v3	False	True	0	0.9061316291666666					
no_null	110	GSE283052|GSM8655163_P11|tumor_like|stroma_fibroblast|MIF|CD74|MIF	GSE283052	GSM8655163_P11	colorectal cancer	tumor_like	stroma_fibroblast	MIF	CD74	MIF	0.804689	medium_pilot_v3	False	True	1	0.9060724441666667					
no_null	111	GSE283052|GSM8655159_P05|stroma_fibroblast|stroma_fibroblast|MIF|CD74|MIF	GSE283052	GSM8655159_P05	colorectal cancer	stroma_fibroblast	stroma_fibroblast	MIF	CD74	MIF	0.935266	high_pilot_v3	True	True	1	0.9058357016666667					
no_null	112	GSE292299|GSM8855715_NSCLC_P13|tumor_like|tumor_like|SPP1|ITGAV|SPP1	GSE292299	GSM8855715_NSCLC_P13	NSCLC	tumor_like	tumor_like	SPP1	ITGAV	SPP1	0.802202	medium_pilot_v3	False	True	0	0.9057173291666667					
no_null	113	GSE292299|GSM8855708_NSCLC_P6|tumor_like|tumor_like|SPP1|CD44|SPP1	GSE292299	GSM8855708_NSCLC_P6	NSCLC	tumor_like	tumor_like	SPP1	CD44	SPP1	0.911326	medium_pilot_v3	False	True	0	0.9055397716666668					
no_null	114	GSE292299|GSM8855711_NSCLC_P9|tumor_like|stroma_fibroblast|MIF|CD74|MIF	GSE292299	GSM8855711_NSCLC_P9	NSCLC	tumor_like	stroma_fibroblast	MIF	CD74	MIF	0.804192	medium_pilot_v3	False	True	0	0.9052438441666666					
no_null	115	GSE292299|GSM8855718_NSCLC_P16|tumor_like|stroma_fibroblast|MIF|CD74|MIF	GSE292299	GSM8855718_NSCLC_P16	NSCLC	tumor_like	stroma_fibroblast	MIF	CD74	MIF	0.804121	medium_pilot_v3	False	True	0	0.9051254741666667					
no_null	116	GSE292299|GSM8855704_NSCLC_P2|tumor_like|tumor_like|COL1A1|ITGA2|ECM-integrin	GSE292299	GSM8855704_NSCLC_P2	NSCLC	tumor_like	tumor_like	COL1A1	ITGA2	ECM-integrin	0.805772	medium_pilot_v3	False	True	0	0.9050662866666667					
no_null	117	GSE292299|GSM8855708_NSCLC_P6|stroma_fibroblast|stroma_fibroblast|SPP1|CD44|SPP1	GSE292299	GSM8855708_NSCLC_P6	NSCLC	stroma_fibroblast	stroma_fibroblast	SPP1	CD44	SPP1	0.934698	high_pilot_v3	True	True	1	0.9048887316666667					
no_null	118	GSE292299|GSM8855711_NSCLC_P9|tumor_like|tumor_like|MIF|CD74|MIF	GSE292299	GSM8855711_NSCLC_P9	NSCLC	tumor_like	tumor_like	MIF	CD74	MIF	0.934662	high_pilot_v3	True	True	1	0.9048295466666667					
no_null	119	GSE292299|GSM8855703_NSCLC_P1|tumor_like|tumor_like|MIF|CD74|MIF	GSE292299	GSM8855703_NSCLC_P1	NSCLC	tumor_like	tumor_like	MIF	CD74	MIF	0.805559	medium_pilot_v3	False	True	0	0.9047111741666666					
no_null	120	GSE300445|GSM9060733_AdjIII-0022|stroma_fibroblast|stroma_fibroblast|COL1A1|ITGA2|ECM-integrin	GSE300445	GSM9060733_AdjIII-0022	melanoma	stroma_fibroblast	stroma_fibroblast	COL1A1	ITGA2	ECM-integrin	0.805523	medium_pilot_v3	False	True	0	0.9046519891666668					
no_null	121	GSE292299|GSM8855708_NSCLC_P6|immune|immune|MIF|CD74|MIF	GSE292299	GSM8855708_NSCLC_P6	NSCLC	immune	immune	MIF	CD74	MIF	0.805488	medium_pilot_v3	False	True	0	0.9045928041666667					
no_null	122	GSE292299|GSM8855715_NSCLC_P13|tumor_like|tumor_like|HBEGF|EGFR|EGF/ERBB	GSE292299	GSM8855715_NSCLC_P13	NSCLC	tumor_like	tumor_like	HBEGF	EGFR	EGF/ERBB	0.906762	medium_pilot_v3	False	True	1	0.9045336166666667					
no_null	123	GSE283052|GSM8655159_P05|tumor_like|tumor_like|MIF|CD74|MIF	GSE283052	GSM8655159_P05	colorectal cancer	tumor_like	tumor_like	MIF	CD74	MIF	0.925811	high_pilot_v3	True	True	0	0.9044152466666666					
no_null	124	GSE283052|GSM8655158_P04|stroma_fibroblast|stroma_fibroblast|MIF|CD74|MIF	GSE283052	GSM8655158_P04	colorectal cancer	stroma_fibroblast	stroma_fibroblast	MIF	CD74	MIF	0.934378	high_pilot_v3	True	True	1	0.9043560616666667					
no_null	125	GSE292299|GSM8855708_NSCLC_P6|tumor_like|tumor_like|SPP1|ITGAV|SPP1	GSE292299	GSM8855708_NSCLC_P6	NSCLC	tumor_like	tumor_like	SPP1	ITGAV	SPP1	0.886818	medium_pilot_v3	False	True	0	0.9042968741666667					
no_null	126	GSE283052|GSM8655168_P24|tumor_like|stroma_fibroblast|MIF|CD74|MIF	GSE283052	GSM8655168_P24	colorectal cancer	tumor_like	stroma_fibroblast	MIF	CD74	MIF	0.803588	medium_pilot_v3	False	True	1	0.9042376891666667					
no_null	127	GSE292299|GSM8855708_NSCLC_P6|tumor_like|tumor_like|VEGFA|KDR|VEGF	GSE292299	GSM8855708_NSCLC_P6	NSCLC	tumor_like	tumor_like	VEGFA	KDR	VEGF	0.920999	medium_pilot_v3	False	True	0	0.9040601316666668					
no_null	128	GSE300445|GSM9060734_AdjIII-0113|stroma_fibroblast|stroma_fibroblast|SPP1|CD44|SPP1	GSE300445	GSM9060734_AdjIII-0113	melanoma	stroma_fibroblast	stroma_fibroblast	SPP1	CD44	SPP1	0.805097	medium_pilot_v3	False	True	0	0.9039417616666667					
no_null	129	GSE292299|GSM8855708_NSCLC_P6|tumor_like|tumor_like|COL1A1|ITGA2|ECM-integrin	GSE292299	GSM8855708_NSCLC_P6	NSCLC	tumor_like	tumor_like	COL1A1	ITGA2	ECM-integrin	0.78526	medium_pilot_v3	False	True	0	0.9038825766666666					
no_null	130	GSE300445|GSM9060734_AdjIII-0113|tumor_like|tumor_like|SPP1|ITGAV|SPP1	GSE300445	GSM9060734_AdjIII-0113	melanoma	tumor_like	tumor_like	SPP1	ITGAV	SPP1	0.909813	medium_pilot_v3	False	True	0	0.9035866466666667					
no_null	131	GSE283052|GSM8655158_P04|tumor_like|tumor_like|MIF|CD74|MIF	GSE283052	GSM8655158_P04	colorectal cancer	tumor_like	tumor_like	MIF	CD74	MIF	0.834956	medium_pilot_v3	False	True	0	0.9035274616666666					
no_null	132	GSE292299|GSM8855717_NSCLC_P15|tumor_like|tumor_like|MIF|CD74|MIF	GSE292299	GSM8855717_NSCLC_P15	NSCLC	tumor_like	tumor_like	MIF	CD74	MIF	0.933845	high_pilot_v3	True	True	0	0.9034682766666667					
no_null	133	GSE292299|GSM8855715_NSCLC_P13|stroma_fibroblast|stroma_fibroblast|TGFB1|TGFBR1|TGFB	GSE292299	GSM8855715_NSCLC_P13	NSCLC	stroma_fibroblast	stroma_fibroblast	TGFB1	TGFBR1	TGFB	0.920609	medium_pilot_v3	False	True	1	0.9034090916666667					
no_null	134	GSE300445|GSM9060732_AdjIII-0019|tumor_like|tumor_like|COL1A1|ITGA2|ECM-integrin	GSE300445	GSM9060732_AdjIII-0019	melanoma	tumor_like	tumor_like	COL1A1	ITGA2	ECM-integrin	0.792861	medium_pilot_v3	False	True	0	0.9033499041666667					
no_null	135	GSE300445|GSM9060734_AdjIII-0113|stroma_fibroblast|stroma_fibroblast|COL1A1|ITGA2|ECM-integrin	GSE300445	GSM9060734_AdjIII-0113	melanoma	stroma_fibroblast	stroma_fibroblast	COL1A1	ITGA2	ECM-integrin	0.804707	medium_pilot_v3	False	True	1	0.9032907191666667					
no_null	136	GSE292299|GSM8855715_NSCLC_P13|tumor_like|tumor_like|JAG1|NOTCH2|NOTCH	GSE292299	GSM8855715_NSCLC_P13	NSCLC	tumor_like	tumor_like	JAG1	NOTCH2	NOTCH	0.928387	high_pilot_v3	True	True	1	0.9031723491666666					
no_null	137	GSE292299|GSM8855714_NSCLC_P12|stroma_fibroblast|tumor_like|COL1A1|ITGA2|ECM-integrin	GSE292299	GSM8855714_NSCLC_P12	NSCLC	stroma_fibroblast	tumor_like	COL1A1	ITGA2	ECM-integrin	0.802878	medium_pilot_v3	False	True	0	0.9030539766666666					
no_null	138	GSE292299|GSM8855714_NSCLC_P12|stroma_fibroblast|stroma_fibroblast|COL1A1|ITGA2|ECM-integrin	GSE292299	GSM8855714_NSCLC_P12	NSCLC	stroma_fibroblast	stroma_fibroblast	COL1A1	ITGA2	ECM-integrin	0.933561	high_pilot_v3	True	True	1	0.9029947916666666					
no_null	139	GSE283052|GSM8655167_P18|stroma_fibroblast|stroma_fibroblast|MIF|CD74|MIF	GSE283052	GSM8655167_P18	colorectal cancer	stroma_fibroblast	stroma_fibroblast	MIF	CD74	MIF	0.804387	medium_pilot_v3	False	True	0	0.9027580491666667					
no_null	140	GSE283052|GSM8655161_P09|stroma_fibroblast|stroma_fibroblast|MIF|CD74|MIF	GSE283052	GSM8655161_P09	colorectal cancer	stroma_fibroblast	stroma_fibroblast	MIF	CD74	MIF	0.933313	high_pilot_v3	True	True	1	0.9025804916666668					
no_null	141	GSE292299|GSM8855708_NSCLC_P6|stroma_fibroblast|stroma_fibroblast|COL1A1|ITGA2|ECM-integrin	GSE292299	GSM8855708_NSCLC_P6	NSCLC	stroma_fibroblast	stroma_fibroblast	COL1A1	ITGA2	ECM-integrin	0.804245	medium_pilot_v3	False	True	1	0.9025213066666667					
no_null	142	GSE292299|GSM8855703_NSCLC_P1|stroma_fibroblast|stroma_fibroblast|MIF|CD74|MIF	GSE292299	GSM8855703_NSCLC_P1	NSCLC	stroma_fibroblast	stroma_fibroblast	MIF	CD74	MIF	0.804209	medium_pilot_v3	False	True	1	0.9024621216666666					
no_null	143	GSE292299|GSM8855717_NSCLC_P15|tumor_like|stroma_fibroblast|MIF|CD74|MIF	GSE292299	GSM8855717_NSCLC_P15	NSCLC	tumor_like	stroma_fibroblast	MIF	CD74	MIF	0.776681	medium_pilot_v3	False	True	0	0.9024029366666668					
no_null	144	GSE292299|GSM8855718_NSCLC_P16|stroma_fibroblast|stroma_fibroblast|MIF|CD74|MIF	GSE292299	GSM8855718_NSCLC_P16	NSCLC	stroma_fibroblast	stroma_fibroblast	MIF	CD74	MIF	0.804103	medium_pilot_v3	False	True	0	0.9022845641666666					
no_null	145	GSE283052|GSM8655165_P15|tumor_like|tumor_like|MIF|CD74|MIF	GSE283052	GSM8655165_P15	colorectal cancer	tumor_like	tumor_like	MIF	CD74	MIF	0.804032	medium_pilot_v3	False	True	0	0.9021661941666667					
no_null	146	GSE292299|GSM8855715_NSCLC_P13|stroma_fibroblast|stroma_fibroblast|CXCL12|CXCR4|CXCL chemokine	GSE292299	GSM8855715_NSCLC_P13	NSCLC	stroma_fibroblast	stroma_fibroblast	CXCL12	CXCR4	CXCL chemokine	0.906626	medium_pilot_v3	False	True	0	0.9021070066666667					
no_null	147	GSE292299|GSM8855703_NSCLC_P1|stroma_fibroblast|stroma_fibroblast|SPP1|CD44|SPP1	GSE292299	GSM8855703_NSCLC_P1	NSCLC	stroma_fibroblast	stroma_fibroblast	SPP1	CD44	SPP1	0.919792	medium_pilot_v3	False	True	1	0.9020478216666666					
no_null	148	GSE292299|GSM8855705_NSCLC_P3|tumor_like|tumor_like|SPP1|CD44|SPP1	GSE292299	GSM8855705_NSCLC_P3	NSCLC	tumor_like	tumor_like	SPP1	CD44	SPP1	0.932958	high_pilot_v3	True	True	0	0.9019886366666667					
no_null	149	GSE283052|GSM8655160_P07|tumor_like|tumor_like|SPP1|CD44|SPP1	GSE283052	GSM8655160_P07	colorectal cancer	tumor_like	tumor_like	SPP1	CD44	SPP1	0.932851	high_pilot_v3	True	True	0	0.9018110791666667					
no_null	150	GSE283052|GSM8655163_P11|tumor_like|tumor_like|MIF|CD74|MIF	GSE283052	GSM8655163_P11	colorectal cancer	tumor_like	tumor_like	MIF	CD74	MIF	0.803783	medium_pilot_v3	False	True	0	0.9017518941666666					
no_null	151	GSE283052|GSM8655164_P13|tumor_like|stroma_fibroblast|MIF|CD74|MIF	GSE283052	GSM8655164_P13	colorectal cancer	tumor_like	stroma_fibroblast	MIF	CD74	MIF	0.802061	medium_pilot_v3	False	True	1	0.9016927091666668					
no_null	152	GSE283052|GSM8655164_P13|stroma_fibroblast|stroma_fibroblast|MIF|CD74|MIF	GSE283052	GSM8655164_P13	colorectal cancer	stroma_fibroblast	stroma_fibroblast	MIF	CD74	MIF	0.932638	high_pilot_v3	True	True	1	0.9014559666666666					
no_null	153	GSE292299|GSM8855713_NSCLC_P11|stroma_fibroblast|stroma_fibroblast|SPP1|ITGAV|SPP1	GSE292299	GSM8855713_NSCLC_P11	NSCLC	stroma_fibroblast	stroma_fibroblast	SPP1	ITGAV	SPP1	0.790369	medium_pilot_v3	False	True	0	0.9013967791666666					
no_null	154	GSE292299|GSM8855705_NSCLC_P3|tumor_like|tumor_like|MIF|CD74|MIF	GSE292299	GSM8855705_NSCLC_P3	NSCLC	tumor_like	tumor_like	MIF	CD74	MIF	0.932567	high_pilot_v3	True	True	0	0.9013375941666667					
no_null	155	GSE292299|GSM8855706_NSCLC_P4|immune|immune|SPP1|CD44|SPP1	GSE292299	GSM8855706_NSCLC_P4	NSCLC	immune	immune	SPP1	CD44	SPP1	0.932531	high_pilot_v3	True	True	1	0.9012784091666667					
no_null	156	GSE292299|GSM8855705_NSCLC_P3|tumor_like|tumor_like|SPP1|ITGAV|SPP1	GSE292299	GSM8855705_NSCLC_P3	NSCLC	tumor_like	tumor_like	SPP1	ITGAV	SPP1	0.932496	high_pilot_v3	True	True	0	0.9012192241666667					
no_null	157	GSE292299|GSM8855718_NSCLC_P16|tumor_like|tumor_like|COL1A1|ITGA2|ECM-integrin	GSE292299	GSM8855718_NSCLC_P16	NSCLC	tumor_like	tumor_like	COL1A1	ITGA2	ECM-integrin	0.910955	medium_pilot_v3	False	True	0	0.9011600366666667					
no_null	158	GSE283052|GSM8655158_P04|stroma_fibroblast|tumor_like|COL1A1|ITGA2|ECM-integrin	GSE283052	GSM8655158_P04	colorectal cancer	stroma_fibroblast	tumor_like	COL1A1	ITGA2	ECM-integrin	0.80167	medium_pilot_v3	False	True	0	0.9010416666666667					
no_null	159	GSE292299|GSM8855715_NSCLC_P13|stroma_fibroblast|stroma_fibroblast|TGFB1|TGFBR2|TGFB	GSE292299	GSM8855715_NSCLC_P13	NSCLC	stroma_fibroblast	stroma_fibroblast	TGFB1	TGFBR2	TGFB	0.912516	medium_pilot_v3	False	True	1	0.9009232966666666					
no_null	160	GSE292299|GSM8855711_NSCLC_P9|tumor_like|immune|MIF|CD74|MIF	GSE292299	GSM8855711_NSCLC_P9	NSCLC	tumor_like	immune	MIF	CD74	MIF	0.676833	medium_pilot_v3	False	True	0	0.9008641091666666					
no_null	161	GSE300445|GSM9060733_AdjIII-0022|tumor_like|tumor_like|SPP1|CD44|SPP1	GSE300445	GSM9060733_AdjIII-0022	melanoma	tumor_like	tumor_like	SPP1	CD44	SPP1	0.932247	high_pilot_v3	True	True	1	0.9008049241666668					
no_null	162	GSE292299|GSM8855708_NSCLC_P6|immune|tumor_like|SPP1|CD44|SPP1	GSE292299	GSM8855708_NSCLC_P6	NSCLC	immune	tumor_like	SPP1	CD44	SPP1	0.685364	medium_pilot_v3	False	True	0	0.9007457391666667					
no_null	163	GSE292299|GSM8855713_NSCLC_P11|immune|immune|SPP1|ITGAV|SPP1	GSE292299	GSM8855713_NSCLC_P11	NSCLC	immune	immune	SPP1	ITGAV	SPP1	0.803144	medium_pilot_v3	False	True	0	0.9006865541666667					
no_null	164	GSE292299|GSM8855705_NSCLC_P3|tumor_like|immune|MIF|CD74|MIF	GSE292299	GSM8855705_NSCLC_P3	NSCLC	tumor_like	immune	MIF	CD74	MIF	0.801422	medium_pilot_v3	False	True	0	0.9006273666666667					
no_null	165	GSE283052|GSM8655161_P09|tumor_like|tumor_like|MIF|CD74|MIF	GSE283052	GSM8655161_P09	colorectal cancer	tumor_like	tumor_like	MIF	CD74	MIF	0.863146	medium_pilot_v3	False	True	0	0.9003314391666667					
no_null	166	GSE300445|GSM9060734_AdjIII-0113|stroma_fibroblast|tumor_like|CXCL12|CXCR4|CXCL chemokine	GSE300445	GSM9060734_AdjIII-0113	melanoma	stroma_fibroblast	tumor_like	CXCL12	CXCR4	CXCL chemokine	0.702213	medium_pilot_v3	False	True	1	0.9001538816666665					
no_null	167	GSE283052|GSM8655168_P24|stroma_fibroblast|stroma_fibroblast|COL1A1|ITGA2|ECM-integrin	GSE283052	GSM8655168_P24	colorectal cancer	stroma_fibroblast	stroma_fibroblast	COL1A1	ITGA2	ECM-integrin	0.931821	high_pilot_v3	True	True	1	0.9000946966666667					
no_null	168	GSE300445|GSM9060735_AdjIII-0133|tumor_like|tumor_like|COL1A1|ITGA2|ECM-integrin	GSE300445	GSM9060735_AdjIII-0133	melanoma	tumor_like	tumor_like	COL1A1	ITGA2	ECM-integrin	0.797366	medium_pilot_v3	False	True	0	0.8998579541666667					
no_null	169	GSE292299|GSM8855717_NSCLC_P15|immune|immune|CXCL12|CXCR4|CXCL chemokine	GSE292299	GSM8855717_NSCLC_P15	NSCLC	immune	immune	CXCL12	CXCR4	CXCL chemokine	0.931608	high_pilot_v3	True	True	1	0.8997395841666667					
no_null	170	GSE300445|GSM9060735_AdjIII-0133|tumor_like|tumor_like|JAG1|NOTCH2|NOTCH	GSE300445	GSM9060735_AdjIII-0133	melanoma	tumor_like	tumor_like	JAG1	NOTCH2	NOTCH	0.931537	high_pilot_v3	True	True	0	0.8996212116666668					
no_null	171	GSE292299|GSM8855711_NSCLC_P9|stroma_fibroblast|stroma_fibroblast|MIF|CD74|MIF	GSE292299	GSM8855711_NSCLC_P9	NSCLC	stroma_fibroblast	stroma_fibroblast	MIF	CD74	MIF	0.811072	medium_pilot_v3	False	True	0	0.8995620266666667					
no_null	172	GSE292299|GSM8855715_NSCLC_P13|stroma_fibroblast|stroma_fibroblast|JAG1|NOTCH2|NOTCH	GSE292299	GSM8855715_NSCLC_P13	NSCLC	stroma_fibroblast	stroma_fibroblast	JAG1	NOTCH2	NOTCH	0.790553	medium_pilot_v3	False	True	0	0.8995028416666667					
no_null	173	GSE292299|GSM8855706_NSCLC_P4|immune|tumor_like|SPP1|CD44|SPP1	GSE292299	GSM8855706_NSCLC_P4	NSCLC	immune	tumor_like	SPP1	CD44	SPP1	0.800712	medium_pilot_v3	False	True	0	0.8994436541666667					
no_null	174	GSE300445|GSM9060734_AdjIII-0113|tumor_like|tumor_like|JAG1|NOTCH2|NOTCH	GSE300445	GSM9060734_AdjIII-0113	melanoma	tumor_like	tumor_like	JAG1	NOTCH2	NOTCH	0.890435	medium_pilot_v3	False	True	1	0.8993252841666666					
no_null	175	GSE292299|GSM8855708_NSCLC_P6|stroma_fibroblast|stroma_fibroblast|SPP1|ITGAV|SPP1	GSE292299	GSM8855708_NSCLC_P6	NSCLC	stroma_fibroblast	stroma_fibroblast	SPP1	ITGAV	SPP1	0.802221	medium_pilot_v3	False	True	1	0.8991477266666666					
no_null	176	GSE283052|GSM8655158_P04|tumor_like|tumor_like|SPP1|CD44|SPP1	GSE283052	GSM8655158_P04	colorectal cancer	tumor_like	tumor_like	SPP1	CD44	SPP1	0.931182	high_pilot_v3	True	True	0	0.8990293566666667					
no_null	177	GSE292299|GSM8855705_NSCLC_P3|tumor_like|stroma_fibroblast|MIF|CD74|MIF	GSE292299	GSM8855705_NSCLC_P3	NSCLC	tumor_like	stroma_fibroblast	MIF	CD74	MIF	0.800428	medium_pilot_v3	False	True	0	0.8989701716666667					
no_null	178	GSE292299|GSM8855703_NSCLC_P1|immune|tumor_like|SPP1|CD44|SPP1	GSE292299	GSM8855703_NSCLC_P1	NSCLC	immune	tumor_like	SPP1	CD44	SPP1	0.800392	medium_pilot_v3	False	True	0	0.8989109841666667					
no_null	179	GSE292299|GSM8855703_NSCLC_P1|stroma_fibroblast|stroma_fibroblast|SPP1|ITGAV|SPP1	GSE292299	GSM8855703_NSCLC_P1	NSCLC	stroma_fibroblast	stroma_fibroblast	SPP1	ITGAV	SPP1	0.907242	medium_pilot_v3	False	True	1	0.8987334291666668					
no_null	180	GSE292299|GSM8855706_NSCLC_P4|tumor_like|tumor_like|MIF|CD74|MIF	GSE292299	GSM8855706_NSCLC_P4	NSCLC	tumor_like	tumor_like	MIF	CD74	MIF	0.930969	high_pilot_v3	True	True	1	0.8986742416666668					
no_null	181	GSE292299|GSM8855715_NSCLC_P13|stroma_fibroblast|stroma_fibroblast|VEGFA|KDR|VEGF	GSE292299	GSM8855715_NSCLC_P13	NSCLC	stroma_fibroblast	stroma_fibroblast	VEGFA	KDR	VEGF	0.754376	medium_pilot_v3	False	True	1	0.8986150566666666					
no_null	182	GSE283052|GSM8655160_P07|tumor_like|tumor_like|COL1A1|ITGA2|ECM-integrin	GSE283052	GSM8655160_P07	colorectal cancer	tumor_like	tumor_like	COL1A1	ITGA2	ECM-integrin	0.766222	medium_pilot_v3	False	True	0	0.8985558716666666					
no_null	183	GSE300445|GSM9060733_AdjIII-0022|tumor_like|tumor_like|JAG1|NOTCH2|NOTCH	GSE300445	GSM9060733_AdjIII-0022	melanoma	tumor_like	tumor_like	JAG1	NOTCH2	NOTCH	0.93072	high_pilot_v3	True	True	1	0.8982599441666667					
no_null	184	GSE300445|GSM9060734_AdjIII-0113|stroma_fibroblast|stroma_fibroblast|CXCL12|CXCR4|CXCL chemokine	GSE300445	GSM9060734_AdjIII-0113	melanoma	stroma_fibroblast	stroma_fibroblast	CXCL12	CXCR4	CXCL chemokine	0.801582	medium_pilot_v3	False	True	0	0.8980823866666667					
no_null	185	GSE283052|GSM8655166_P17|tumor_like|tumor_like|MIF|CD74|MIF	GSE283052	GSM8655166_P17	colorectal cancer	tumor_like	tumor_like	MIF	CD74	MIF	0.930507	high_pilot_v3	True	True	0	0.8979048291666666					
no_null	186	GSE292299|GSM8855710_NSCLC_P8|stroma_fibroblast|tumor_like|COL1A1|ITGA2|ECM-integrin	GSE292299	GSM8855710_NSCLC_P8	NSCLC	stroma_fibroblast	tumor_like	COL1A1	ITGA2	ECM-integrin	0.799717	medium_pilot_v3	False	True	0	0.8977864591666667					
no_null	187	GSE292299|GSM8855705_NSCLC_P3|stroma_fibroblast|tumor_like|COL1A1|ITGA2|ECM-integrin	GSE292299	GSM8855705_NSCLC_P3	NSCLC	stroma_fibroblast	tumor_like	COL1A1	ITGA2	ECM-integrin	0.799646	medium_pilot_v3	False	True	0	0.8976680866666666					
no_null	188	GSE292299|GSM8855703_NSCLC_P1|immune|immune|SPP1|CD44|SPP1	GSE292299	GSM8855703_NSCLC_P1	NSCLC	immune	immune	SPP1	CD44	SPP1	0.93033	high_pilot_v3	True	True	0	0.8976089016666666					
no_null	189	GSE283052|GSM8655160_P07|stroma_fibroblast|tumor_like|SPP1|CD44|SPP1	GSE283052	GSM8655160_P07	colorectal cancer	stroma_fibroblast	tumor_like	SPP1	CD44	SPP1	0.799575	medium_pilot_v3	False	True	0	0.8975497166666667					
no_null	190	GSE292299|GSM8855720_DLBCL_P2|immune|immune|MIF|CD74|MIF	GSE292299	GSM8855720_DLBCL_P2	DLBCL	immune	immune	MIF	CD74	MIF	0.930259	high_pilot_v3	True	True	1	0.8974905291666667					
no_null	191	GSE292299|GSM8855715_NSCLC_P13|tumor_like|tumor_like|VEGFA|KDR|VEGF	GSE292299	GSM8855715_NSCLC_P13	NSCLC	tumor_like	tumor_like	VEGFA	KDR	VEGF	0.89326	medium_pilot_v3	False	True	0	0.8974313441666667					
no_null	192	GSE283052|GSM8655157_P02|stroma_fibroblast|stroma_fibroblast|MIF|CD74|MIF	GSE283052	GSM8655157_P02	colorectal cancer	stroma_fibroblast	stroma_fibroblast	MIF	CD74	MIF	0.840118	medium_pilot_v3	False	True	0	0.8973721591666667					
no_null	193	GSE292299|GSM8855711_NSCLC_P9|stroma_fibroblast|tumor_like|COL1A1|ITGA2|ECM-integrin	GSE292299	GSM8855711_NSCLC_P9	NSCLC	stroma_fibroblast	tumor_like	COL1A1	ITGA2	ECM-integrin	0.799433	medium_pilot_v3	False	True	0	0.8973129741666668					
no_null	194	GSE292299|GSM8855715_NSCLC_P13|tumor_like|stroma_fibroblast|VEGFA|KDR|VEGF	GSE292299	GSM8855715_NSCLC_P13	NSCLC	tumor_like	stroma_fibroblast	VEGFA	KDR	VEGF	0.679621	medium_pilot_v3	False	True	1	0.8971354166666667					
no_null	195	GSE292299|GSM8855713_NSCLC_P11|tumor_like|tumor_like|CXCL12|CXCR4|CXCL chemokine	GSE292299	GSM8855713_NSCLC_P11	NSCLC	tumor_like	tumor_like	CXCL12	CXCR4	CXCL chemokine	0.891726	medium_pilot_v3	False	True	1	0.8970762316666666					
no_null	196	GSE292299|GSM8855709_NSCLC_P7|tumor_like|tumor_like|VEGFA|KDR|VEGF	GSE292299	GSM8855709_NSCLC_P7	NSCLC	tumor_like	tumor_like	VEGFA	KDR	VEGF	0.910137	medium_pilot_v3	False	True	0	0.8969578591666666					
no_null	197	GSE283052|GSM8655158_P04|tumor_like|tumor_like|COL1A1|ITGA2|ECM-integrin	GSE283052	GSM8655158_P04	colorectal cancer	tumor_like	tumor_like	COL1A1	ITGA2	ECM-integrin	0.904374	medium_pilot_v3	False	True	0	0.8967211166666667					
no_null	198	GSE300445|GSM9060735_AdjIII-0133|tumor_like|stroma_fibroblast|VEGFA|KDR|VEGF	GSE300445	GSM9060735_AdjIII-0133	melanoma	tumor_like	stroma_fibroblast	VEGFA	KDR	VEGF	0.787161	medium_pilot_v3	False	True	1	0.8966619316666667					
no_null	199	GSE292299|GSM8855708_NSCLC_P6|immune|immune|SPP1|CD44|SPP1	GSE292299	GSM8855708_NSCLC_P6	NSCLC	immune	immune	SPP1	CD44	SPP1	0.899583	medium_pilot_v3	False	True	0	0.8965435616666667					
no_null	200	GSE300445|GSM9060735_AdjIII-0133|tumor_like|stroma_fibroblast|JAG1|NOTCH2|NOTCH	GSE300445	GSM9060735_AdjIII-0133	melanoma	tumor_like	stroma_fibroblast	JAG1	NOTCH2	NOTCH	0.669868	medium_pilot_v3	False	True	0	0.8964251891666668					
no_null	201	GSE292299|GSM8855715_NSCLC_P13|tumor_like|tumor_like|CXCL12|CXCR4|CXCL chemokine	GSE292299	GSM8855715_NSCLC_P13	NSCLC	tumor_like	tumor_like	CXCL12	CXCR4	CXCL chemokine	0.809764	medium_pilot_v3	False	True	0	0.8962476316666667					
no_null	202	GSE283052|GSM8655168_P24|tumor_like|tumor_like|MIF|CD74|MIF	GSE283052	GSM8655168_P24	colorectal cancer	tumor_like	tumor_like	MIF	CD74	MIF	0.80041	medium_pilot_v3	False	True	0	0.8961292616666666					
no_null	203	GSE300445|GSM9060734_AdjIII-0113|tumor_like|tumor_like|CXCL9|CXCR3|CXCL chemokine	GSE300445	GSM9060734_AdjIII-0113	melanoma	tumor_like	tumor_like	CXCL9	CXCR3	CXCL chemokine	0.873925	medium_pilot_v3	False	True	1	0.8960108891666667					
no_null	204	GSE292299|GSM8855708_NSCLC_P6|stroma_fibroblast|stroma_fibroblast|CXCL12|CXCR4|CXCL chemokine	GSE292299	GSM8855708_NSCLC_P6	NSCLC	stroma_fibroblast	stroma_fibroblast	CXCL12	CXCR4	CXCL chemokine	0.922735	high_pilot_v3	True	True	0	0.8959517041666667					
no_null	205	GSE283052|GSM8655160_P07|stroma_fibroblast|stroma_fibroblast|SPP1|CD44|SPP1	GSE283052	GSM8655160_P07	colorectal cancer	stroma_fibroblast	stroma_fibroblast	SPP1	CD44	SPP1	0.800268	medium_pilot_v3	False	True	1	0.8958925191666667					
no_null	206	GSE283052|GSM8655162_P10|tumor_like|stroma_fibroblast|MIF|CD74|MIF	GSE283052	GSM8655162_P10	colorectal cancer	tumor_like	stroma_fibroblast	MIF	CD74	MIF	0.887399	medium_pilot_v3	False	True	1	0.8957741466666668					
no_null	207	GSE292299|GSM8855713_NSCLC_P11|stroma_fibroblast|tumor_like|COL1A1|ITGA2|ECM-integrin	GSE292299	GSM8855713_NSCLC_P11	NSCLC	stroma_fibroblast	tumor_like	COL1A1	ITGA2	ECM-integrin	0.785273	medium_pilot_v3	False	True	0	0.8957149616666668					
no_null	208	GSE283052|GSM8655166_P17|tumor_like|stroma_fibroblast|MIF|CD74|MIF	GSE283052	GSM8655166_P17	colorectal cancer	tumor_like	stroma_fibroblast	MIF	CD74	MIF	0.755428	medium_pilot_v3	False	True	1	0.8956557766666666					
no_null	209	GSE283052|GSM8655168_P24|stroma_fibroblast|tumor_like|COL1A1|ITGA2|ECM-integrin	GSE283052	GSM8655168_P24	colorectal cancer	stroma_fibroblast	tumor_like	COL1A1	ITGA2	ECM-integrin	0.798155	medium_pilot_v3	False	True	0	0.8951822916666667					
no_null	210	GSE300445|GSM9060732_AdjIII-0019|tumor_like|stroma_fibroblast|VEGFA|KDR|VEGF	GSE300445	GSM9060732_AdjIII-0019	melanoma	tumor_like	stroma_fibroblast	VEGFA	KDR	VEGF	0.798013	medium_pilot_v3	False	True	1	0.8949455491666666					
no_null	211	GSE292299|GSM8855709_NSCLC_P7|immune|endothelial|SPP1|CD44|SPP1	GSE292299	GSM8855709_NSCLC_P7	NSCLC	immune	endothelial	SPP1	CD44	SPP1	0.7944	medium_pilot_v3	False	True	0	0.8948271791666667					
no_null	212	GSE300445|GSM9060733_AdjIII-0022|tumor_like|tumor_like|TGFB1|TGFBR1|TGFB	GSE300445	GSM9060733_AdjIII-0022	melanoma	tumor_like	tumor_like	TGFB1	TGFBR1	TGFB	0.914033	medium_pilot_v3	False	True	0	0.8946496216666666					
no_null	213	GSE283052|GSM8655158_P04|stroma_fibroblast|stroma_fibroblast|COL1A1|ITGA2|ECM-integrin	GSE283052	GSM8655158_P04	colorectal cancer	stroma_fibroblast	stroma_fibroblast	COL1A1	ITGA2	ECM-integrin	0.864003	medium_pilot_v3	False	True	1	0.8945904366666667					
no_null	214	GSE283052|GSM8655167_P18|stroma_fibroblast|tumor_like|COL1A1|ITGA2|ECM-integrin	GSE283052	GSM8655167_P18	colorectal cancer	stroma_fibroblast	tumor_like	COL1A1	ITGA2	ECM-integrin	0.797587	medium_pilot_v3	False	True	0	0.8942353216666667					
no_null	215	GSE292299|GSM8855703_NSCLC_P1|immune|immune|MIF|CD74|MIF	GSE292299	GSM8855703_NSCLC_P1	NSCLC	immune	immune	MIF	CD74	MIF	0.803539	medium_pilot_v3	False	True	1	0.8941761366666667					
no_null	216	GSE300445|GSM9060735_AdjIII-0133|stroma_fibroblast|stroma_fibroblast|JAG1|NOTCH2|NOTCH	GSE300445	GSM9060735_AdjIII-0133	melanoma	stroma_fibroblast	stroma_fibroblast	JAG1	NOTCH2	NOTCH	0.799202	medium_pilot_v3	False	True	0	0.8941169516666666					
no_null	217	GSE292299|GSM8855717_NSCLC_P15|stroma_fibroblast|stroma_fibroblast|MIF|CD74|MIF	GSE292299	GSM8855717_NSCLC_P15	NSCLC	stroma_fibroblast	stroma_fibroblast	MIF	CD74	MIF	0.798989	medium_pilot_v3	False	True	0	0.8937618366666666					
no_null	218	GSE292299|GSM8855713_NSCLC_P11|tumor_like|tumor_like|COL1A1|ITGA2|ECM-integrin	GSE292299	GSM8855713_NSCLC_P11	NSCLC	tumor_like	tumor_like	COL1A1	ITGA2	ECM-integrin	0.902903	medium_pilot_v3	False	True	0	0.8937026516666667					
no_external	1	GSE292299|GSM8855713_NSCLC_P11|tumor_like|tumor_like|SPP1|CD44|SPP1	GSE292299	GSM8855713_NSCLC_P11	NSCLC	tumor_like	tumor_like	SPP1	CD44	SPP1	0.941658	high_pilot_v3	True	True	1		0.9270723468750001				
no_external	2	GSE300445|GSM9060734_AdjIII-0113|tumor_like|tumor_like|MIF|CD74|MIF	GSE300445	GSM9060734_AdjIII-0113	melanoma	tumor_like	tumor_like	MIF	CD74	MIF	0.941622	high_pilot_v3	True	True	0		0.9270279581249999				
no_external	3	GSE292299|GSM8855713_NSCLC_P11|tumor_like|tumor_like|MIF|CD74|MIF	GSE292299	GSM8855713_NSCLC_P11	NSCLC	tumor_like	tumor_like	MIF	CD74	MIF	0.941587	high_pilot_v3	True	True	1		0.9269835693750001				
no_external	4	GSE300445|GSM9060735_AdjIII-0133|tumor_like|tumor_like|MIF|CD74|MIF	GSE300445	GSM9060735_AdjIII-0133	melanoma	tumor_like	tumor_like	MIF	CD74	MIF	0.941516	high_pilot_v3	True	True	0		0.92689479				
no_external	5	GSE300445|GSM9060732_AdjIII-0019|tumor_like|tumor_like|SPP1|CD44|SPP1	GSE300445	GSM9060732_AdjIII-0019	melanoma	tumor_like	tumor_like	SPP1	CD44	SPP1	0.941445	high_pilot_v3	True	True	1		0.9268060125				
no_external	6	GSE292299|GSM8855713_NSCLC_P11|tumor_like|tumor_like|SPP1|ITGAV|SPP1	GSE292299	GSM8855713_NSCLC_P11	NSCLC	tumor_like	tumor_like	SPP1	ITGAV	SPP1	0.941409	high_pilot_v3	True	True	1		0.92676162375				
no_external	7	GSE292299|GSM8855704_NSCLC_P2|tumor_like|tumor_like|SPP1|CD44|SPP1	GSE292299	GSM8855704_NSCLC_P2	NSCLC	tumor_like	tumor_like	SPP1	CD44	SPP1	0.940983	high_pilot_v3	True	True	0		0.9262289531250001				
no_external	8	GSE292299|GSM8855715_NSCLC_P13|tumor_like|tumor_like|MIF|CD74|MIF	GSE292299	GSM8855715_NSCLC_P13	NSCLC	tumor_like	tumor_like	MIF	CD74	MIF	0.940735	high_pilot_v3	True	True	0		0.9259182281250001				
no_external	9	GSE300445|GSM9060732_AdjIII-0019|tumor_like|tumor_like|SPP1|ITGAV|SPP1	GSE300445	GSM9060732_AdjIII-0019	melanoma	tumor_like	tumor_like	SPP1	ITGAV	SPP1	0.940522	high_pilot_v3	True	True	1		0.92565189375				
no_external	10	GSE283052|GSM8655157_P02|tumor_like|tumor_like|MIF|CD74|MIF	GSE283052	GSM8655157_P02	colorectal cancer	tumor_like	tumor_like	MIF	CD74	MIF	0.940237	high_pilot_v3	True	True	1		0.92529678				
no_external	11	GSE292299|GSM8855709_NSCLC_P7|tumor_like|tumor_like|SPP1|CD44|SPP1	GSE292299	GSM8855709_NSCLC_P7	NSCLC	tumor_like	tumor_like	SPP1	CD44	SPP1	0.940024	high_pilot_v3	True	True	0		0.9250304437500001				
no_external	12	GSE292299|GSM8855709_NSCLC_P7|tumor_like|tumor_like|MIF|CD74|MIF	GSE292299	GSM8855709_NSCLC_P7	NSCLC	tumor_like	tumor_like	MIF	CD74	MIF	0.939492	high_pilot_v3	True	True	0		0.9243646050000001				
no_external	13	GSE292299|GSM8855712_NSCLC_P10|tumor_like|tumor_like|MIF|CD74|MIF	GSE292299	GSM8855712_NSCLC_P10	NSCLC	tumor_like	tumor_like	MIF	CD74	MIF	0.939243	high_pilot_v3	True	True	1		0.924053881875				
no_external	14	GSE300445|GSM9060733_AdjIII-0022|tumor_like|tumor_like|MIF|CD74|MIF	GSE300445	GSM9060733_AdjIII-0022	melanoma	tumor_like	tumor_like	MIF	CD74	MIF	0.938888	high_pilot_v3	True	True	1		0.92360998875				
no_external	15	GSE292299|GSM8855709_NSCLC_P7|tumor_like|tumor_like|SPP1|ITGAV|SPP1	GSE292299	GSM8855709_NSCLC_P7	NSCLC	tumor_like	tumor_like	SPP1	ITGAV	SPP1	0.938391	high_pilot_v3	True	True	0		0.922988540625				
no_external	16	GSE283052|GSM8655167_P18|tumor_like|tumor_like|MIF|CD74|MIF	GSE283052	GSM8655167_P18	colorectal cancer	tumor_like	tumor_like	MIF	CD74	MIF	0.938178	high_pilot_v3	True	True	1		0.9227222062500001				
no_external	17	GSE300445|GSM9060732_AdjIII-0019|stroma_fibroblast|stroma_fibroblast|COL1A1|ITGA2|ECM-integrin	GSE300445	GSM9060732_AdjIII-0019	melanoma	stroma_fibroblast	stroma_fibroblast	COL1A1	ITGA2	ECM-integrin	0.938107	high_pilot_v3	True	True	1		0.922633426875				
no_external	18	GSE300445|GSM9060733_AdjIII-0022|tumor_like|tumor_like|COL1A1|ITGA2|ECM-integrin	GSE300445	GSM9060733_AdjIII-0022	melanoma	tumor_like	tumor_like	COL1A1	ITGA2	ECM-integrin	0.937965	high_pilot_v3	True	True	0		0.92245587				
no_external	19	GSE283052|GSM8655160_P07|tumor_like|tumor_like|MIF|CD74|MIF	GSE283052	GSM8655160_P07	colorectal cancer	tumor_like	tumor_like	MIF	CD74	MIF	0.937894	high_pilot_v3	True	True	0		0.9223670925				
no_external	20	GSE292299|GSM8855718_NSCLC_P16|tumor_like|tumor_like|MIF|CD74|MIF	GSE292299	GSM8855718_NSCLC_P16	NSCLC	tumor_like	tumor_like	MIF	CD74	MIF	0.937681	high_pilot_v3	True	True	1		0.9221007562500001				
no_external	21	GSE292299|GSM8855704_NSCLC_P2|tumor_like|tumor_like|SPP1|ITGAV|SPP1	GSE292299	GSM8855704_NSCLC_P2	NSCLC	tumor_like	tumor_like	SPP1	ITGAV	SPP1	0.937468	high_pilot_v3	True	True	0		0.921834421875				
no_external	22	GSE292299|GSM8855709_NSCLC_P7|immune|immune|SPP1|ITGAV|SPP1	GSE292299	GSM8855709_NSCLC_P7	NSCLC	immune	immune	SPP1	ITGAV	SPP1	0.937432	high_pilot_v3	True	True	0		0.92179003125				
no_external	23	GSE292299|GSM8855717_NSCLC_P15|immune|immune|MIF|CD74|MIF	GSE292299	GSM8855717_NSCLC_P15	NSCLC	immune	immune	MIF	CD74	MIF	0.937361	high_pilot_v3	True	True	1		0.92170125375				
no_external	24	GSE283052|GSM8655160_P07|stroma_fibroblast|stroma_fibroblast|MIF|CD74|MIF	GSE283052	GSM8655160_P07	colorectal cancer	stroma_fibroblast	stroma_fibroblast	MIF	CD74	MIF	0.937148	high_pilot_v3	True	True	1		0.9214349175000001				
no_external	25	GSE292299|GSM8855715_NSCLC_P13|stroma_fibroblast|stroma_fibroblast|SPP1|ITGAV|SPP1	GSE292299	GSM8855715_NSCLC_P13	NSCLC	stroma_fibroblast	stroma_fibroblast	SPP1	ITGAV	SPP1	0.937136	high_pilot_v3	True	True	1		0.9214193887500001				
no_external	26	GSE283052|GSM8655165_P15|stroma_fibroblast|stroma_fibroblast|MIF|CD74|MIF	GSE283052	GSM8655165_P15	colorectal cancer	stroma_fibroblast	stroma_fibroblast	MIF	CD74	MIF	0.937041	high_pilot_v3	True	True	1		0.92130175125				
no_external	27	GSE283052|GSM8655163_P11|stroma_fibroblast|stroma_fibroblast|MIF|CD74|MIF	GSE283052	GSM8655163_P11	colorectal cancer	stroma_fibroblast	stroma_fibroblast	MIF	CD74	MIF	0.936509	high_pilot_v3	True	True	1		0.9206359125				
no_external	28	GSE292299|GSM8855719_DLBCL_P1|immune|immune|MIF|CD74|MIF	GSE292299	GSM8855719_DLBCL_P1	DLBCL	immune	immune	MIF	CD74	MIF	0.936402	high_pilot_v3	True	True	1		0.920502744375				
no_external	29	GSE292299|GSM8855708_NSCLC_P6|tumor_like|tumor_like|MIF|CD74|MIF	GSE292299	GSM8855708_NSCLC_P6	NSCLC	tumor_like	tumor_like	MIF	CD74	MIF	0.936291	high_pilot_v3	True	True	0		0.9203643312500001				
no_external	30	GSE292299|GSM8855704_NSCLC_P2|tumor_like|immune|MIF|CD74|MIF	GSE292299	GSM8855704_NSCLC_P2	NSCLC	tumor_like	immune	MIF	CD74	MIF	0.936154	high_pilot_v3	True	True	0		0.92019202125				
no_external	31	GSE292299|GSM8855704_NSCLC_P2|tumor_like|tumor_like|MIF|CD74|MIF	GSE292299	GSM8855704_NSCLC_P2	NSCLC	tumor_like	tumor_like	MIF	CD74	MIF	0.936047	high_pilot_v3	True	True	0		0.920058853125				
no_external	32	GSE283052|GSM8655168_P24|stroma_fibroblast|stroma_fibroblast|MIF|CD74|MIF	GSE283052	GSM8655168_P24	colorectal cancer	stroma_fibroblast	stroma_fibroblast	MIF	CD74	MIF	0.936012	high_pilot_v3	True	True	1		0.920014464375				
no_external	33	GSE283052|GSM8655160_P07|stroma_fibroblast|stroma_fibroblast|COL1A1|ITGA2|ECM-integrin	GSE283052	GSM8655160_P07	colorectal cancer	stroma_fibroblast	stroma_fibroblast	COL1A1	ITGA2	ECM-integrin	0.935763	high_pilot_v3	True	True	1		0.9197037393749999				
no_external	34	GSE283052|GSM8655159_P05|stroma_fibroblast|stroma_fibroblast|MIF|CD74|MIF	GSE283052	GSM8655159_P05	colorectal cancer	stroma_fibroblast	stroma_fibroblast	MIF	CD74	MIF	0.935266	high_pilot_v3	True	True	1		0.91908229125				
no_external	35	GSE300445|GSM9060734_AdjIII-0113|tumor_like|tumor_like|SPP1|CD44|SPP1	GSE300445	GSM9060734_AdjIII-0113	melanoma	tumor_like	tumor_like	SPP1	CD44	SPP1	0.9348	high_pilot_v3	True	True	0		0.9184999850000001				
no_external	36	GSE292299|GSM8855708_NSCLC_P6|stroma_fibroblast|stroma_fibroblast|SPP1|CD44|SPP1	GSE292299	GSM8855708_NSCLC_P6	NSCLC	stroma_fibroblast	stroma_fibroblast	SPP1	CD44	SPP1	0.934698	high_pilot_v3	True	True	1		0.91837206375				
no_external	37	GSE292299|GSM8855711_NSCLC_P9|tumor_like|tumor_like|MIF|CD74|MIF	GSE292299	GSM8855711_NSCLC_P9	NSCLC	tumor_like	tumor_like	MIF	CD74	MIF	0.934662	high_pilot_v3	True	True	1		0.918327675				
no_external	38	GSE283052|GSM8655158_P04|stroma_fibroblast|stroma_fibroblast|MIF|CD74|MIF	GSE283052	GSM8655158_P04	colorectal cancer	stroma_fibroblast	stroma_fibroblast	MIF	CD74	MIF	0.934378	high_pilot_v3	True	True	1		0.91797256125				
no_external	39	GSE300445|GSM9060734_AdjIII-0113|tumor_like|tumor_like|COL1A1|ITGA2|ECM-integrin	GSE300445	GSM9060734_AdjIII-0113	melanoma	tumor_like	tumor_like	COL1A1	ITGA2	ECM-integrin	0.934295	high_pilot_v3	True	True	0		0.9178682531250001				
no_external	40	GSE292299|GSM8855717_NSCLC_P15|tumor_like|tumor_like|MIF|CD74|MIF	GSE292299	GSM8855717_NSCLC_P15	NSCLC	tumor_like	tumor_like	MIF	CD74	MIF	0.933845	high_pilot_v3	True	True	0		0.9173067225				
no_external	41	GSE292299|GSM8855714_NSCLC_P12|stroma_fibroblast|stroma_fibroblast|COL1A1|ITGA2|ECM-integrin	GSE292299	GSM8855714_NSCLC_P12	NSCLC	stroma_fibroblast	stroma_fibroblast	COL1A1	ITGA2	ECM-integrin	0.933561	high_pilot_v3	True	True	1		0.9169516087499999				
no_external	42	GSE283052|GSM8655161_P09|stroma_fibroblast|stroma_fibroblast|MIF|CD74|MIF	GSE283052	GSM8655161_P09	colorectal cancer	stroma_fibroblast	stroma_fibroblast	MIF	CD74	MIF	0.933313	high_pilot_v3	True	True	1		0.9166408837500001				
no_external	43	GSE292299|GSM8855705_NSCLC_P3|tumor_like|tumor_like|SPP1|CD44|SPP1	GSE292299	GSM8855705_NSCLC_P3	NSCLC	tumor_like	tumor_like	SPP1	CD44	SPP1	0.932958	high_pilot_v3	True	True	0		0.9161969925				
no_external	44	GSE283052|GSM8655160_P07|tumor_like|tumor_like|SPP1|CD44|SPP1	GSE283052	GSM8655160_P07	colorectal cancer	tumor_like	tumor_like	SPP1	CD44	SPP1	0.932851	high_pilot_v3	True	True	0		0.916063824375				
no_external	45	GSE283052|GSM8655164_P13|stroma_fibroblast|stroma_fibroblast|MIF|CD74|MIF	GSE283052	GSM8655164_P13	colorectal cancer	stroma_fibroblast	stroma_fibroblast	MIF	CD74	MIF	0.932638	high_pilot_v3	True	True	1		0.91579749				
no_external	46	GSE292299|GSM8855705_NSCLC_P3|tumor_like|tumor_like|MIF|CD74|MIF	GSE292299	GSM8855705_NSCLC_P3	NSCLC	tumor_like	tumor_like	MIF	CD74	MIF	0.932567	high_pilot_v3	True	True	0		0.915708710625				
no_external	47	GSE292299|GSM8855706_NSCLC_P4|immune|immune|SPP1|CD44|SPP1	GSE292299	GSM8855706_NSCLC_P4	NSCLC	immune	immune	SPP1	CD44	SPP1	0.932531	high_pilot_v3	True	True	1		0.915664321875				
no_external	48	GSE292299|GSM8855705_NSCLC_P3|tumor_like|tumor_like|SPP1|ITGAV|SPP1	GSE292299	GSM8855705_NSCLC_P3	NSCLC	tumor_like	tumor_like	SPP1	ITGAV	SPP1	0.932496	high_pilot_v3	True	True	0		0.915619933125				
no_external	49	GSE300445|GSM9060733_AdjIII-0022|tumor_like|tumor_like|SPP1|CD44|SPP1	GSE300445	GSM9060733_AdjIII-0022	melanoma	tumor_like	tumor_like	SPP1	CD44	SPP1	0.932247	high_pilot_v3	True	True	1		0.915309208125				
no_external	50	GSE283052|GSM8655168_P24|stroma_fibroblast|stroma_fibroblast|COL1A1|ITGA2|ECM-integrin	GSE283052	GSM8655168_P24	colorectal cancer	stroma_fibroblast	stroma_fibroblast	COL1A1	ITGA2	ECM-integrin	0.931821	high_pilot_v3	True	True	1		0.9147765375000001				
no_external	51	GSE292299|GSM8855717_NSCLC_P15|immune|immune|CXCL12|CXCR4|CXCL chemokine	GSE292299	GSM8855717_NSCLC_P15	NSCLC	immune	immune	CXCL12	CXCR4	CXCL chemokine	0.931608	high_pilot_v3	True	True	1		0.914510203125				
no_external	52	GSE300445|GSM9060735_AdjIII-0133|tumor_like|tumor_like|JAG1|NOTCH2|NOTCH	GSE300445	GSM9060735_AdjIII-0133	melanoma	tumor_like	tumor_like	JAG1	NOTCH2	NOTCH	0.931537	high_pilot_v3	True	True	0		0.91442142375				
no_external	53	GSE283052|GSM8655158_P04|tumor_like|tumor_like|SPP1|CD44|SPP1	GSE283052	GSM8655158_P04	colorectal cancer	tumor_like	tumor_like	SPP1	CD44	SPP1	0.931182	high_pilot_v3	True	True	0		0.9139775325				
no_external	54	GSE292299|GSM8855706_NSCLC_P4|tumor_like|tumor_like|MIF|CD74|MIF	GSE292299	GSM8855706_NSCLC_P4	NSCLC	tumor_like	tumor_like	MIF	CD74	MIF	0.930969	high_pilot_v3	True	True	1		0.9137111962500001				
no_external	55	GSE300445|GSM9060733_AdjIII-0022|tumor_like|tumor_like|JAG1|NOTCH2|NOTCH	GSE300445	GSM9060733_AdjIII-0022	melanoma	tumor_like	tumor_like	JAG1	NOTCH2	NOTCH	0.93072	high_pilot_v3	True	True	1		0.9134004731250001				
no_external	56	GSE283052|GSM8655166_P17|tumor_like|tumor_like|MIF|CD74|MIF	GSE283052	GSM8655166_P17	colorectal cancer	tumor_like	tumor_like	MIF	CD74	MIF	0.930507	high_pilot_v3	True	True	0		0.9131341368750001				
no_external	57	GSE292299|GSM8855709_NSCLC_P7|immune|immune|SPP1|CD44|SPP1	GSE292299	GSM8855709_NSCLC_P7	NSCLC	immune	immune	SPP1	CD44	SPP1	0.930357	high_pilot_v3	True	True	0		0.912946083125				
no_external	58	GSE292299|GSM8855703_NSCLC_P1|immune|immune|SPP1|CD44|SPP1	GSE292299	GSM8855703_NSCLC_P1	NSCLC	immune	immune	SPP1	CD44	SPP1	0.93033	high_pilot_v3	True	True	0		0.91291219125				
no_external	59	GSE292299|GSM8855720_DLBCL_P2|immune|immune|MIF|CD74|MIF	GSE292299	GSM8855720_DLBCL_P2	DLBCL	immune	immune	MIF	CD74	MIF	0.930259	high_pilot_v3	True	True	1		0.912823411875				
no_external	60	GSE292299|GSM8855704_NSCLC_P2|stroma_fibroblast|stroma_fibroblast|COL1A1|ITGA2|ECM-integrin	GSE292299	GSM8855704_NSCLC_P2	NSCLC	stroma_fibroblast	stroma_fibroblast	COL1A1	ITGA2	ECM-integrin	0.929398	high_pilot_v3	True	True	1		0.91174757375				
no_external	61	GSE292299|GSM8855715_NSCLC_P13|tumor_like|tumor_like|JAG1|NOTCH2|NOTCH	GSE292299	GSM8855715_NSCLC_P13	NSCLC	tumor_like	tumor_like	JAG1	NOTCH2	NOTCH	0.928387	high_pilot_v3	True	True	1		0.9104841168750001				
no_external	62	GSE292299|GSM8855707_NSCLC_P5|stroma_fibroblast|stroma_fibroblast|COL1A1|ITGA2|ECM-integrin	GSE292299	GSM8855707_NSCLC_P5	NSCLC	stroma_fibroblast	stroma_fibroblast	COL1A1	ITGA2	ECM-integrin	0.927773	high_pilot_v3	True	True	1		0.9097161675000001				
no_external	63	GSE283052|GSM8655162_P10|stroma_fibroblast|stroma_fibroblast|MIF|CD74|MIF	GSE283052	GSM8655162_P10	colorectal cancer	stroma_fibroblast	stroma_fibroblast	MIF	CD74	MIF	0.927595	high_pilot_v3	True	True	1		0.909494221875				
no_external	64	GSE283052|GSM8655164_P13|stroma_fibroblast|stroma_fibroblast|COL1A1|ITGA2|ECM-integrin	GSE283052	GSM8655164_P13	colorectal cancer	stroma_fibroblast	stroma_fibroblast	COL1A1	ITGA2	ECM-integrin	0.927418	high_pilot_v3	True	True	1		0.9092722762500001				
no_external	65	GSE292299|GSM8855718_NSCLC_P16|tumor_like|immune|MIF|CD74|MIF	GSE292299	GSM8855718_NSCLC_P16	NSCLC	tumor_like	immune	MIF	CD74	MIF	0.827311	medium_pilot_v3	True	False	0		0.9091391081250001				
no_external	66	GSE300445|GSM9060735_AdjIII-0133|stroma_fibroblast|stroma_fibroblast|COL1A1|ITGA2|ECM-integrin	GSE300445	GSM9060735_AdjIII-0133	melanoma	stroma_fibroblast	stroma_fibroblast	COL1A1	ITGA2	ECM-integrin	0.927049	high_pilot_v3	True	True	1		0.9088106587500001				
no_external	67	GSE292299|GSM8855708_NSCLC_P6|tumor_like|tumor_like|TGFB1|TGFBR2|TGFB	GSE292299	GSM8855708_NSCLC_P6	NSCLC	tumor_like	tumor_like	TGFB1	TGFBR2	TGFB	0.92685	high_pilot_v3	True	True	0		0.9085620487500001				
no_external	68	GSE300445|GSM9060735_AdjIII-0133|tumor_like|tumor_like|TGFB1|TGFBR1|TGFB	GSE300445	GSM9060735_AdjIII-0133	melanoma	tumor_like	tumor_like	TGFB1	TGFBR1	TGFB	0.926601	high_pilot_v3	True	True	0		0.9082513237500001				
no_external	69	GSE292299|GSM8855706_NSCLC_P4|immune|immune|SPP1|ITGAV|SPP1	GSE292299	GSM8855706_NSCLC_P4	NSCLC	immune	immune	SPP1	ITGAV	SPP1	0.92653	high_pilot_v3	True	True	1		0.90816254625				
no_external	70	GSE292299|GSM8855703_NSCLC_P1|stroma_fibroblast|stroma_fibroblast|COL1A1|ITGA2|ECM-integrin	GSE292299	GSM8855703_NSCLC_P1	NSCLC	stroma_fibroblast	stroma_fibroblast	COL1A1	ITGA2	ECM-integrin	0.926459	high_pilot_v3	True	True	1		0.9080737687500001				
no_external	71	GSE300445|GSM9060734_AdjIII-0113|tumor_like|tumor_like|TGFB1|TGFBR2|TGFB	GSE300445	GSM9060734_AdjIII-0113	melanoma	tumor_like	tumor_like	TGFB1	TGFBR2	TGFB	0.926424	high_pilot_v3	True	True	0		0.9080293781250001				
no_external	72	GSE283052|GSM8655160_P07|stroma_fibroblast|stroma_fibroblast|SPP1|ITGAV|SPP1	GSE283052	GSM8655160_P07	colorectal cancer	stroma_fibroblast	stroma_fibroblast	SPP1	ITGAV	SPP1	0.92621	high_pilot_v3	True	True	1		0.90776304375				
no_external	73	GSE292299|GSM8855709_NSCLC_P7|stroma_fibroblast|stroma_fibroblast|COL1A1|ITGA2|ECM-integrin	GSE292299	GSM8855709_NSCLC_P7	NSCLC	stroma_fibroblast	stroma_fibroblast	COL1A1	ITGA2	ECM-integrin	0.925977	high_pilot_v3	True	True	1		0.907471216875				
no_external	74	GSE283052|GSM8655161_P09|stroma_fibroblast|stroma_fibroblast|COL1A1|ITGA2|ECM-integrin	GSE283052	GSM8655161_P09	colorectal cancer	stroma_fibroblast	stroma_fibroblast	COL1A1	ITGA2	ECM-integrin	0.925962	high_pilot_v3	True	True	1		0.9074523187500001				
no_external	75	GSE283052|GSM8655160_P07|tumor_like|tumor_like|SPP1|ITGAV|SPP1	GSE283052	GSM8655160_P07	colorectal cancer	tumor_like	tumor_like	SPP1	ITGAV	SPP1	0.925926	high_pilot_v3	True	True	0		0.90740793				
no_external	76	GSE292299|GSM8855710_NSCLC_P8|tumor_like|tumor_like|MIF|CD74|MIF	GSE292299	GSM8855710_NSCLC_P8	NSCLC	tumor_like	tumor_like	MIF	CD74	MIF	0.925891	high_pilot_v3	True	True	1		0.9073635412500001				
no_external	77	GSE283052|GSM8655159_P05|tumor_like|tumor_like|MIF|CD74|MIF	GSE283052	GSM8655159_P05	colorectal cancer	tumor_like	tumor_like	MIF	CD74	MIF	0.925811	high_pilot_v3	True	True	0		0.9072642650000001				
no_external	78	GSE292299|GSM8855718_NSCLC_P16|immune|tumor_like|SPP1|CD44|SPP1	GSE292299	GSM8855718_NSCLC_P16	NSCLC	immune	tumor_like	SPP1	CD44	SPP1	0.825678	medium_pilot_v3	True	False	0		0.907097205				
no_external	79	GSE283052|GSM8655167_P18|stroma_fibroblast|stroma_fibroblast|COL1A1|ITGA2|ECM-integrin	GSE283052	GSM8655167_P18	colorectal cancer	stroma_fibroblast	stroma_fibroblast	COL1A1	ITGA2	ECM-integrin	0.925642	high_pilot_v3	True	True	1		0.90705281625				
no_external	80	GSE292299|GSM8855709_NSCLC_P7|stroma_fibroblast|stroma_fibroblast|CXCL12|CXCR4|CXCL chemokine	GSE292299	GSM8855709_NSCLC_P7	NSCLC	stroma_fibroblast	stroma_fibroblast	CXCL12	CXCR4	CXCL chemokine	0.925536	high_pilot_v3	True	True	0		0.906919648125				
no_external	81	GSE300445|GSM9060734_AdjIII-0113|tumor_like|tumor_like|TGFB1|TGFBR1|TGFB	GSE300445	GSM9060734_AdjIII-0113	melanoma	tumor_like	tumor_like	TGFB1	TGFBR1	TGFB	0.925323	high_pilot_v3	True	True	0		0.90665331375				
no_external	82	GSE292299|GSM8855711_NSCLC_P9|stroma_fibroblast|stroma_fibroblast|COL1A1|ITGA2|ECM-integrin	GSE292299	GSM8855711_NSCLC_P9	NSCLC	stroma_fibroblast	stroma_fibroblast	COL1A1	ITGA2	ECM-integrin	0.925252	high_pilot_v3	True	True	1		0.9065645343750001				
no_external	83	GSE292299|GSM8855712_NSCLC_P10|tumor_like|tumor_like|SPP1|ITGAV|SPP1	GSE292299	GSM8855712_NSCLC_P10	NSCLC	tumor_like	tumor_like	SPP1	ITGAV	SPP1	0.925074	high_pilot_v3	True	True	1		0.9063425887500001				
no_external	84	GSE283052|GSM8655159_P05|stroma_fibroblast|stroma_fibroblast|COL1A1|ITGA2|ECM-integrin	GSE283052	GSM8655159_P05	colorectal cancer	stroma_fibroblast	stroma_fibroblast	COL1A1	ITGA2	ECM-integrin	0.924648	high_pilot_v3	True	True	1		0.9058099181250001				
no_external	85	GSE292299|GSM8855718_NSCLC_P16|tumor_like|tumor_like|SPP1|CD44|SPP1	GSE292299	GSM8855718_NSCLC_P16	NSCLC	tumor_like	tumor_like	SPP1	CD44	SPP1	0.924506	high_pilot_v3	True	True	0		0.9056323612500001				
no_external	86	GSE283052|GSM8655164_P13|stroma_fibroblast|stroma_fibroblast|SPP1|ITGAV|SPP1	GSE283052	GSM8655164_P13	colorectal cancer	stroma_fibroblast	stroma_fibroblast	SPP1	ITGAV	SPP1	0.923156	high_pilot_v3	True	True	1		0.9039455718750001				
no_external	87	GSE292299|GSM8855707_NSCLC_P5|stroma_fibroblast|stroma_fibroblast|SPP1|CD44|SPP1	GSE292299	GSM8855707_NSCLC_P5	NSCLC	stroma_fibroblast	stroma_fibroblast	SPP1	CD44	SPP1	0.922908	high_pilot_v3	True	True	1		0.9036348468750001				
no_external	88	GSE292299|GSM8855708_NSCLC_P6|stroma_fibroblast|stroma_fibroblast|CXCL12|CXCR4|CXCL chemokine	GSE292299	GSM8855708_NSCLC_P6	NSCLC	stroma_fibroblast	stroma_fibroblast	CXCL12	CXCR4	CXCL chemokine	0.922735	high_pilot_v3	True	True	0		0.9034184681250002				
no_external	89	GSE292299|GSM8855711_NSCLC_P9|stroma_fibroblast|stroma_fibroblast|SPP1|CD44|SPP1	GSE292299	GSM8855711_NSCLC_P9	NSCLC	stroma_fibroblast	stroma_fibroblast	SPP1	CD44	SPP1	0.922659	high_pilot_v3	True	True	1		0.90332412375				
no_external	90	GSE283052|GSM8655162_P10|stroma_fibroblast|stroma_fibroblast|COL1A1|ITGA2|ECM-integrin	GSE283052	GSM8655162_P10	colorectal cancer	stroma_fibroblast	stroma_fibroblast	COL1A1	ITGA2	ECM-integrin	0.922588	high_pilot_v3	True	True	1		0.903235344375				
no_external	91	GSE300445|GSM9060735_AdjIII-0133|stroma_fibroblast|stroma_fibroblast|CXCL12|CXCR4|CXCL chemokine	GSE300445	GSM9060735_AdjIII-0133	melanoma	stroma_fibroblast	stroma_fibroblast	CXCL12	CXCR4	CXCL chemokine	0.922162	high_pilot_v3	True	True	1		0.90270267375				
no_external	92	GSE292299|GSM8855706_NSCLC_P4|immune|endothelial|SPP1|CD44|SPP1	GSE292299	GSM8855706_NSCLC_P4	NSCLC	immune	endothelial	SPP1	CD44	SPP1	0.921345	high_pilot_v3	True	True	0		0.901681723125				
no_external	93	GSE283052|GSM8655158_P04|tumor_like|tumor_like|SPP1|ITGAV|SPP1	GSE283052	GSM8655158_P04	colorectal cancer	tumor_like	tumor_like	SPP1	ITGAV	SPP1	0.921239	high_pilot_v3	True	True	0		0.901548555				
no_external	94	GSE292299|GSM8855708_NSCLC_P6|tumor_like|tumor_like|VEGFA|KDR|VEGF	GSE292299	GSM8855708_NSCLC_P6	NSCLC	tumor_like	tumor_like	VEGFA	KDR	VEGF	0.920999	medium_pilot_v3	False	True	0		0.9012489637500001				
no_external	95	GSE283052|GSM8655167_P18|tumor_like|tumor_like|SPP1|CD44|SPP1	GSE283052	GSM8655167_P18	colorectal cancer	tumor_like	tumor_like	SPP1	CD44	SPP1	0.92099	high_pilot_v3	True	True	0		0.9012378300000001				
no_external	96	GSE292299|GSM8855706_NSCLC_P4|tumor_like|tumor_like|SPP1|CD44|SPP1	GSE292299	GSM8855706_NSCLC_P4	NSCLC	tumor_like	tumor_like	SPP1	CD44	SPP1	0.92088	high_pilot_v3	True	True	0		0.9010994168750001				
no_external	97	GSE292299|GSM8855706_NSCLC_P4|stroma_fibroblast|stroma_fibroblast|COL1A1|ITGA2|ECM-integrin	GSE292299	GSM8855706_NSCLC_P4	NSCLC	stroma_fibroblast	stroma_fibroblast	COL1A1	ITGA2	ECM-integrin	0.920706	high_pilot_v3	True	True	1		0.90088271625				
no_external	98	GSE292299|GSM8855715_NSCLC_P13|stroma_fibroblast|stroma_fibroblast|TGFB1|TGFBR1|TGFB	GSE292299	GSM8855715_NSCLC_P13	NSCLC	stroma_fibroblast	stroma_fibroblast	TGFB1	TGFBR1	TGFB	0.920609	medium_pilot_v3	False	True	1		0.9007606837500001				
no_external	99	GSE300445|GSM9060732_AdjIII-0019|stroma_fibroblast|stroma_fibroblast|CXCL12|CXCR4|CXCL chemokine	GSE300445	GSM9060732_AdjIII-0019	melanoma	stroma_fibroblast	stroma_fibroblast	CXCL12	CXCR4	CXCL chemokine	0.92003	high_pilot_v3	True	True	1		0.9000371250000001				
no_external	100	GSE292299|GSM8855703_NSCLC_P1|stroma_fibroblast|stroma_fibroblast|SPP1|CD44|SPP1	GSE292299	GSM8855703_NSCLC_P1	NSCLC	stroma_fibroblast	stroma_fibroblast	SPP1	CD44	SPP1	0.919792	medium_pilot_v3	False	True	1		0.8997397312500001				
no_external	101	GSE292299|GSM8855707_NSCLC_P5|stroma_fibroblast|stroma_fibroblast|SPP1|ITGAV|SPP1	GSE292299	GSM8855707_NSCLC_P5	NSCLC	stroma_fibroblast	stroma_fibroblast	SPP1	ITGAV	SPP1	0.919747	high_pilot_v3	True	True	1		0.8996842087500001				
no_external	102	GSE300445|GSM9060732_AdjIII-0019|tumor_like|tumor_like|VEGFA|KDR|VEGF	GSE300445	GSM9060732_AdjIII-0019	melanoma	tumor_like	tumor_like	VEGFA	KDR	VEGF	0.919403	high_pilot_v3	True	True	0		0.8992536468750001				
no_external	103	GSE283052|GSM8655164_P13|stroma_fibroblast|stroma_fibroblast|SPP1|CD44|SPP1	GSE283052	GSM8655164_P13	colorectal cancer	stroma_fibroblast	stroma_fibroblast	SPP1	CD44	SPP1	0.918966	high_pilot_v3	True	True	1		0.898707645				
no_external	104	GSE283052|GSM8655168_P24|stroma_fibroblast|stroma_fibroblast|SPP1|CD44|SPP1	GSE283052	GSM8655168_P24	colorectal cancer	stroma_fibroblast	stroma_fibroblast	SPP1	CD44	SPP1	0.918398	high_pilot_v3	True	True	1		0.8979974175000001				
no_external	105	GSE283052|GSM8655166_P17|stroma_fibroblast|stroma_fibroblast|COL1A1|ITGA2|ECM-integrin	GSE283052	GSM8655166_P17	colorectal cancer	stroma_fibroblast	stroma_fibroblast	COL1A1	ITGA2	ECM-integrin	0.918327	high_pilot_v3	True	True	1		0.89790864				
no_external	106	GSE292299|GSM8855710_NSCLC_P8|tumor_like|tumor_like|COL1A1|ITGA2|ECM-integrin	GSE292299	GSM8855710_NSCLC_P8	NSCLC	tumor_like	tumor_like	COL1A1	ITGA2	ECM-integrin	0.918216	high_pilot_v3	True	True	0		0.8977702268750001				
no_external	107	GSE300445|GSM9060732_AdjIII-0019|tumor_like|tumor_like|HBEGF|EGFR|EGF/ERBB	GSE300445	GSM9060732_AdjIII-0019	melanoma	tumor_like	tumor_like	HBEGF	EGFR	EGF/ERBB	0.91751	high_pilot_v3	True	True	1		0.8968876875				
no_external	108	GSE292299|GSM8855709_NSCLC_P7|stroma_fibroblast|stroma_fibroblast|MIF|CD74|MIF	GSE292299	GSM8855709_NSCLC_P7	NSCLC	stroma_fibroblast	stroma_fibroblast	MIF	CD74	MIF	0.917205	medium_pilot_v3	False	True	1		0.896506323125				
no_external	109	GSE292299|GSM8855711_NSCLC_P9|tumor_like|tumor_like|VEGFA|KDR|VEGF	GSE292299	GSM8855711_NSCLC_P9	NSCLC	tumor_like	tumor_like	VEGFA	KDR	VEGF	0.917084	high_pilot_v3	True	True	0		0.89635501875				
no_external	110	GSE292299|GSM8855714_NSCLC_P12|stroma_fibroblast|stroma_fibroblast|SPP1|CD44|SPP1	GSE292299	GSM8855714_NSCLC_P12	NSCLC	stroma_fibroblast	stroma_fibroblast	SPP1	CD44	SPP1	0.916583	high_pilot_v3	True	True	1		0.8957283218750002				
no_external	111	GSE292299|GSM8855718_NSCLC_P16|tumor_like|tumor_like|SPP1|ITGAV|SPP1	GSE292299	GSM8855718_NSCLC_P16	NSCLC	tumor_like	tumor_like	SPP1	ITGAV	SPP1	0.916445	high_pilot_v3	True	True	0		0.8955560118750001				
no_external	112	GSE300445|GSM9060732_AdjIII-0019|stroma_fibroblast|stroma_fibroblast|TGFB1|TGFBR2|TGFB	GSE300445	GSM9060732_AdjIII-0019	melanoma	stroma_fibroblast	stroma_fibroblast	TGFB1	TGFBR2	TGFB	0.916253	high_pilot_v3	True	True	1		0.89531634				
no_external	113	GSE292299|GSM8855707_NSCLC_P5|tumor_like|tumor_like|SPP1|ITGAV|SPP1	GSE292299	GSM8855707_NSCLC_P5	NSCLC	tumor_like	tumor_like	SPP1	ITGAV	SPP1	0.915877	high_pilot_v3	True	True	0		0.894845784375				
no_external	114	GSE292299|GSM8855707_NSCLC_P5|stroma_fibroblast|stroma_fibroblast|MIF|CD74|MIF	GSE292299	GSM8855707_NSCLC_P5	NSCLC	stroma_fibroblast	stroma_fibroblast	MIF	CD74	MIF	0.91577	high_pilot_v3	True	True	1		0.894712618125				
no_external	115	GSE292299|GSM8855712_NSCLC_P10|tumor_like|tumor_like|SPP1|CD44|SPP1	GSE292299	GSM8855712_NSCLC_P10	NSCLC	tumor_like	tumor_like	SPP1	CD44	SPP1	0.915699	high_pilot_v3	True	True	1		0.8946238387500001				
no_external	116	GSE292299|GSM8855716_NSCLC_P14|stroma_fibroblast|stroma_fibroblast|MIF|CD74|MIF	GSE292299	GSM8855716_NSCLC_P14	NSCLC	stroma_fibroblast	stroma_fibroblast	MIF	CD74	MIF	0.91545	high_pilot_v3	True	True	1		0.89431311375				
no_external	117	GSE292299|GSM8855719_DLBCL_P1|immune|immune|CXCL9|CXCR3|CXCL chemokine	GSE292299	GSM8855719_DLBCL_P1	DLBCL	immune	immune	CXCL9	CXCR3	CXCL chemokine	0.914705	high_pilot_v3	True	True	1		0.8933809406250001				
no_external	118	GSE283052|GSM8655168_P24|stroma_fibroblast|stroma_fibroblast|SPP1|ITGAV|SPP1	GSE283052	GSM8655168_P24	colorectal cancer	stroma_fibroblast	stroma_fibroblast	SPP1	ITGAV	SPP1	0.914592	high_pilot_v3	True	True	1		0.8932400100000001				
no_external	119	GSE283052|GSM8655167_P18|stroma_fibroblast|stroma_fibroblast|SPP1|ITGAV|SPP1	GSE283052	GSM8655167_P18	colorectal cancer	stroma_fibroblast	stroma_fibroblast	SPP1	ITGAV	SPP1	0.914492	high_pilot_v3	True	True	1		0.89311460625				
no_external	120	GSE292299|GSM8855709_NSCLC_P7|tumor_like|tumor_like|TGFB1|TGFBR2|TGFB	GSE292299	GSM8855709_NSCLC_P7	NSCLC	tumor_like	tumor_like	TGFB1	TGFBR2	TGFB	0.914314	high_pilot_v3	True	True	0		0.8928926606250001				
no_external	121	GSE300445|GSM9060733_AdjIII-0022|tumor_like|tumor_like|TGFB1|TGFBR1|TGFB	GSE300445	GSM9060733_AdjIII-0022	melanoma	tumor_like	tumor_like	TGFB1	TGFBR1	TGFB	0.914033	medium_pilot_v3	False	True	0		0.89254091625				
no_external	122	GSE283052|GSM8655159_P05|stroma_fibroblast|stroma_fibroblast|SPP1|ITGAV|SPP1	GSE283052	GSM8655159_P05	colorectal cancer	stroma_fibroblast	stroma_fibroblast	SPP1	ITGAV	SPP1	0.913959	high_pilot_v3	True	True	1		0.8924487675				
no_external	123	GSE283052|GSM8655163_P11|stroma_fibroblast|stroma_fibroblast|COL1A1|ITGA2|ECM-integrin	GSE283052	GSM8655163_P11	colorectal cancer	stroma_fibroblast	stroma_fibroblast	COL1A1	ITGA2	ECM-integrin	0.913727	high_pilot_v3	True	True	1		0.8921591400000001				
no_external	124	GSE292299|GSM8855707_NSCLC_P5|tumor_like|immune|MIF|CD74|MIF	GSE292299	GSM8855707_NSCLC_P5	NSCLC	tumor_like	immune	MIF	CD74	MIF	0.913568	high_pilot_v3	True	True	1		0.8919604875				
no_external	125	GSE292299|GSM8855720_DLBCL_P2|immune|immune|CXCL12|CXCR4|CXCL chemokine	GSE292299	GSM8855720_DLBCL_P2	DLBCL	immune	immune	CXCL12	CXCR4	CXCL chemokine	0.913497	high_pilot_v3	True	True	1		0.891871708125				
no_external	126	GSE292299|GSM8855720_DLBCL_P2|immune|immune|CXCL9|CXCR3|CXCL chemokine	GSE292299	GSM8855720_DLBCL_P2	DLBCL	immune	immune	CXCL9	CXCR3	CXCL chemokine	0.91332	high_pilot_v3	True	True	1		0.8916497625				
no_external	127	GSE283052|GSM8655168_P24|immune|immune|MIF|CD74|MIF	GSE283052	GSM8655168_P24	colorectal cancer	immune	immune	MIF	CD74	MIF	0.913213	high_pilot_v3	True	True	1		0.891516594375				
no_external	128	GSE292299|GSM8855714_NSCLC_P12|tumor_like|immune|MIF|CD74|MIF	GSE292299	GSM8855714_NSCLC_P12	NSCLC	tumor_like	immune	MIF	CD74	MIF	0.813169	medium_pilot_v3	True	False	0		0.8914617087500001				
no_external	129	GSE283052|GSM8655159_P05|stroma_fibroblast|stroma_fibroblast|SPP1|CD44|SPP1	GSE283052	GSM8655159_P05	colorectal cancer	stroma_fibroblast	stroma_fibroblast	SPP1	CD44	SPP1	0.913071	high_pilot_v3	True	True	1		0.8913390375				
no_external	130	GSE292299|GSM8855712_NSCLC_P10|tumor_like|tumor_like|HBEGF|EGFR|EGF/ERBB	GSE292299	GSM8855712_NSCLC_P10	NSCLC	tumor_like	tumor_like	HBEGF	EGFR	EGF/ERBB	0.912894	high_pilot_v3	True	True	1		0.8911170918750001				
no_external	131	GSE292299|GSM8855715_NSCLC_P13|stroma_fibroblast|stroma_fibroblast|TGFB1|TGFBR2|TGFB	GSE292299	GSM8855715_NSCLC_P13	NSCLC	stroma_fibroblast	stroma_fibroblast	TGFB1	TGFBR2	TGFB	0.912516	medium_pilot_v3	False	True	1		0.8906455125000001				
no_external	132	GSE283052|GSM8655160_P07|tumor_like|tumor_like|JAG1|NOTCH2|NOTCH	GSE283052	GSM8655160_P07	colorectal cancer	tumor_like	tumor_like	JAG1	NOTCH2	NOTCH	0.912325	high_pilot_v3	True	True	1		0.8904068643749999				
no_external	133	GSE292299|GSM8855704_NSCLC_P2|tumor_like|tumor_like|TGFB1|TGFBR1|TGFB	GSE292299	GSM8855704_NSCLC_P2	NSCLC	tumor_like	tumor_like	TGFB1	TGFBR1	TGFB	0.912148	high_pilot_v3	True	True	0		0.89018491875				
no_external	134	GSE300445|GSM9060735_AdjIII-0133|stroma_fibroblast|stroma_fibroblast|VEGFA|KDR|VEGF	GSE300445	GSM9060735_AdjIII-0133	melanoma	stroma_fibroblast	stroma_fibroblast	VEGFA	KDR	VEGF	0.911766	medium_pilot_v3	False	True	1		0.8897077706250002				
no_external	135	GSE292299|GSM8855703_NSCLC_P1|stroma_fibroblast|stroma_fibroblast|CXCL12|CXCR4|CXCL chemokine	GSE292299	GSM8855703_NSCLC_P1	NSCLC	stroma_fibroblast	stroma_fibroblast	CXCL12	CXCR4	CXCL chemokine	0.91162	high_pilot_v3	True	True	1		0.8895246468750001				
no_external	136	GSE292299|GSM8855708_NSCLC_P6|tumor_like|tumor_like|SPP1|CD44|SPP1	GSE292299	GSM8855708_NSCLC_P6	NSCLC	tumor_like	tumor_like	SPP1	CD44	SPP1	0.911326	medium_pilot_v3	False	True	0		0.88915737375				
no_external	137	GSE292299|GSM8855718_NSCLC_P16|tumor_like|tumor_like|COL1A1|ITGA2|ECM-integrin	GSE292299	GSM8855718_NSCLC_P16	NSCLC	tumor_like	tumor_like	COL1A1	ITGA2	ECM-integrin	0.910955	medium_pilot_v3	False	True	0		0.8886938225				
no_external	138	GSE292299|GSM8855709_NSCLC_P7|tumor_like|tumor_like|VEGFA|KDR|VEGF	GSE292299	GSM8855709_NSCLC_P7	NSCLC	tumor_like	tumor_like	VEGFA	KDR	VEGF	0.910137	medium_pilot_v3	False	True	0		0.8876714343750001				
no_external	139	GSE300445|GSM9060735_AdjIII-0133|stroma_fibroblast|stroma_fibroblast|TGFB1|TGFBR2|TGFB	GSE300445	GSM9060735_AdjIII-0133	melanoma	stroma_fibroblast	stroma_fibroblast	TGFB1	TGFBR2	TGFB	0.909849	medium_pilot_v3	False	True	1		0.88731075375				
no_external	140	GSE300445|GSM9060734_AdjIII-0113|tumor_like|tumor_like|SPP1|ITGAV|SPP1	GSE300445	GSM9060734_AdjIII-0113	melanoma	tumor_like	tumor_like	SPP1	ITGAV	SPP1	0.909813	medium_pilot_v3	False	True	0		0.887266685				
no_external	141	GSE292299|GSM8855711_NSCLC_P9|tumor_like|tumor_like|SPP1|CD44|SPP1	GSE292299	GSM8855711_NSCLC_P9	NSCLC	tumor_like	tumor_like	SPP1	CD44	SPP1	0.909771	medium_pilot_v3	False	True	0		0.887214211875				
no_external	142	GSE292299|GSM8855709_NSCLC_P7|stroma_fibroblast|stroma_fibroblast|SPP1|CD44|SPP1	GSE292299	GSM8855709_NSCLC_P7	NSCLC	stroma_fibroblast	stroma_fibroblast	SPP1	CD44	SPP1	0.909065	medium_pilot_v3	False	True	1		0.8863306974999999				
no_external	143	GSE283052|GSM8655165_P15|tumor_like|tumor_like|SPP1|CD44|SPP1	GSE283052	GSM8655165_P15	colorectal cancer	tumor_like	tumor_like	SPP1	CD44	SPP1	0.909023	high_pilot_v3	True	True	0		0.8862786675000001				
no_external	144	GSE292299|GSM8855708_NSCLC_P6|tumor_like|tumor_like|TGFB1|TGFBR1|TGFB	GSE292299	GSM8855708_NSCLC_P6	NSCLC	tumor_like	tumor_like	TGFB1	TGFBR1	TGFB	0.908987	high_pilot_v3	True	True	0		0.88623427875				
no_external	145	GSE292299|GSM8855719_DLBCL_P1|immune|immune|CXCL12|CXCR4|CXCL chemokine	GSE292299	GSM8855719_DLBCL_P1	DLBCL	immune	immune	CXCL12	CXCR4	CXCL chemokine	0.90872	high_pilot_v3	True	True	1		0.885900260625				
no_external	146	GSE292299|GSM8855717_NSCLC_P15|tumor_like|tumor_like|SPP1|CD44|SPP1	GSE292299	GSM8855717_NSCLC_P15	NSCLC	tumor_like	tumor_like	SPP1	CD44	SPP1	0.908632	high_pilot_v3	True	True	0		0.8857903875				
no_external	147	GSE300445|GSM9060733_AdjIII-0022|tumor_like|tumor_like|TGFB1|TGFBR2|TGFB	GSE300445	GSM9060733_AdjIII-0022	melanoma	tumor_like	tumor_like	TGFB1	TGFBR2	TGFB	0.908267	medium_pilot_v3	False	True	0		0.885334335				
no_external	148	GSE292299|GSM8855711_NSCLC_P9|stroma_fibroblast|stroma_fibroblast|SPP1|ITGAV|SPP1	GSE292299	GSM8855711_NSCLC_P9	NSCLC	stroma_fibroblast	stroma_fibroblast	SPP1	ITGAV	SPP1	0.908021	high_pilot_v3	True	True	1		0.885025809375				
no_external	149	GSE292299|GSM8855717_NSCLC_P15|immune|immune|SPP1|CD44|SPP1	GSE292299	GSM8855717_NSCLC_P15	NSCLC	immune	immune	SPP1	CD44	SPP1	0.90782	high_pilot_v3	True	True	1		0.8847750018750001				
no_external	150	GSE292299|GSM8855717_NSCLC_P15|immune|immune|CCL2|CCR2|CCL chemokine	GSE292299	GSM8855717_NSCLC_P15	NSCLC	immune	immune	CCL2	CCR2	CCL chemokine	0.907567	high_pilot_v3	True	True	1		0.884458711875				
no_external	151	GSE292299|GSM8855703_NSCLC_P1|stroma_fibroblast|stroma_fibroblast|SPP1|ITGAV|SPP1	GSE292299	GSM8855703_NSCLC_P1	NSCLC	stroma_fibroblast	stroma_fibroblast	SPP1	ITGAV	SPP1	0.907242	medium_pilot_v3	False	True	1		0.8840526168750001				
no_external	152	GSE292299|GSM8855715_NSCLC_P13|tumor_like|tumor_like|HBEGF|EGFR|EGF/ERBB	GSE292299	GSM8855715_NSCLC_P13	NSCLC	tumor_like	tumor_like	HBEGF	EGFR	EGF/ERBB	0.906762	medium_pilot_v3	False	True	1		0.8834522625				
no_external	153	GSE283052|GSM8655164_P13|immune|immune|MIF|CD74|MIF	GSE283052	GSM8655164_P13	colorectal cancer	immune	immune	MIF	CD74	MIF	0.906644	high_pilot_v3	True	True	1		0.8833045912499999				
no_external	154	GSE292299|GSM8855715_NSCLC_P13|stroma_fibroblast|stroma_fibroblast|CXCL12|CXCR4|CXCL chemokine	GSE292299	GSM8855715_NSCLC_P13	NSCLC	stroma_fibroblast	stroma_fibroblast	CXCL12	CXCR4	CXCL chemokine	0.906626	medium_pilot_v3	False	True	0		0.88328247				
no_external	155	GSE292299|GSM8855719_DLBCL_P1|immune|immune|TGFB1|TGFBR2|TGFB	GSE292299	GSM8855719_DLBCL_P1	DLBCL	immune	immune	TGFB1	TGFBR2	TGFB	0.906028	high_pilot_v3	True	True	0		0.8825344462500001				
no_external	156	GSE300445|GSM9060732_AdjIII-0019|stroma_fibroblast|stroma_fibroblast|JAG1|NOTCH2|NOTCH	GSE300445	GSM9060732_AdjIII-0019	melanoma	stroma_fibroblast	stroma_fibroblast	JAG1	NOTCH2	NOTCH	0.905834	medium_pilot_v3	False	True	0		0.8822925768750001				
no_external	157	GSE292299|GSM8855704_NSCLC_P2|tumor_like|tumor_like|HBEGF|EGFR|EGF/ERBB	GSE292299	GSM8855704_NSCLC_P2	NSCLC	tumor_like	tumor_like	HBEGF	EGFR	EGF/ERBB	0.905825	high_pilot_v3	True	True	1		0.882281443125				
no_external	158	GSE283052|GSM8655158_P04|stroma_fibroblast|stroma_fibroblast|SPP1|ITGAV|SPP1	GSE283052	GSM8655158_P04	colorectal cancer	stroma_fibroblast	stroma_fibroblast	SPP1	ITGAV	SPP1	0.905743	medium_pilot_v3	False	True	0		0.8821791125000001				
no_external	159	GSE292299|GSM8855714_NSCLC_P12|tumor_like|tumor_like|VEGFA|KDR|VEGF	GSE292299	GSM8855714_NSCLC_P12	NSCLC	tumor_like	tumor_like	VEGFA	KDR	VEGF	0.905294	high_pilot_v3	True	True	0		0.881617801875				
no_external	160	GSE283052|GSM8655161_P09|stroma_fibroblast|stroma_fibroblast|SPP1|CD44|SPP1	GSE283052	GSM8655161_P09	colorectal cancer	stroma_fibroblast	stroma_fibroblast	SPP1	CD44	SPP1	0.905223	high_pilot_v3	True	True	1		0.8815290243750001				
no_external	161	GSE292299|GSM8855718_NSCLC_P16|stroma_fibroblast|stroma_fibroblast|CXCL12|CXCR4|CXCL chemokine	GSE292299	GSM8855718_NSCLC_P16	NSCLC	stroma_fibroblast	stroma_fibroblast	CXCL12	CXCR4	CXCL chemokine	0.904856	high_pilot_v3	True	True	0		0.8810696025000001				
no_external	162	GSE283052|GSM8655167_P18|immune|immune|MIF|CD74|MIF	GSE283052	GSM8655167_P18	colorectal cancer	immune	immune	MIF	CD74	MIF	0.904722	high_pilot_v3	True	True	1		0.8809023275000001				
no_external	163	GSE283052|GSM8655158_P04|tumor_like|tumor_like|COL1A1|ITGA2|ECM-integrin	GSE283052	GSM8655158_P04	colorectal cancer	tumor_like	tumor_like	COL1A1	ITGA2	ECM-integrin	0.904374	medium_pilot_v3	False	True	0		0.8804673725000001				
no_external	164	GSE283052|GSM8655163_P11|immune|immune|MIF|CD74|MIF	GSE283052	GSM8655163_P11	colorectal cancer	immune	immune	MIF	CD74	MIF	0.903909	high_pilot_v3	True	True	1		0.8798866218749999				
no_external	165	GSE292299|GSM8855712_NSCLC_P10|tumor_like|tumor_like|COL1A1|ITGA2|ECM-integrin	GSE292299	GSM8855712_NSCLC_P10	NSCLC	tumor_like	tumor_like	COL1A1	ITGA2	ECM-integrin	0.903043	high_pilot_v3	True	True	1		0.8788035562500002				
no_external	166	GSE283052|GSM8655164_P13|stroma_fibroblast|stroma_fibroblast|TGFB1|TGFBR2|TGFB	GSE283052	GSM8655164_P13	colorectal cancer	stroma_fibroblast	stroma_fibroblast	TGFB1	TGFBR2	TGFB	0.90295	high_pilot_v3	True	True	1		0.878688114375				
no_external	167	GSE292299|GSM8855713_NSCLC_P11|tumor_like|tumor_like|COL1A1|ITGA2|ECM-integrin	GSE292299	GSM8855713_NSCLC_P11	NSCLC	tumor_like	tumor_like	COL1A1	ITGA2	ECM-integrin	0.902903	medium_pilot_v3	False	True	0		0.87862936875				
no_external	168	GSE292299|GSM8855714_NSCLC_P12|stroma_fibroblast|stroma_fibroblast|SPP1|ITGAV|SPP1	GSE292299	GSM8855714_NSCLC_P12	NSCLC	stroma_fibroblast	stroma_fibroblast	SPP1	ITGAV	SPP1	0.902604	medium_pilot_v3	False	True	1		0.8782553568750001				
no_external	169	GSE300445|GSM9060733_AdjIII-0022|tumor_like|tumor_like|HBEGF|EGFR|EGF/ERBB	GSE300445	GSM9060733_AdjIII-0022	melanoma	tumor_like	tumor_like	HBEGF	EGFR	EGF/ERBB	0.902226	high_pilot_v3	True	True	1		0.8777826037500001				
no_external	170	GSE283052|GSM8655161_P09|stroma_fibroblast|stroma_fibroblast|TGFB1|TGFBR2|TGFB	GSE283052	GSM8655161_P09	colorectal cancer	stroma_fibroblast	stroma_fibroblast	TGFB1	TGFBR2	TGFB	0.902098	high_pilot_v3	True	True	1		0.877622773125				
no_external	171	GSE283052|GSM8655159_P05|tumor_like|tumor_like|SPP1|CD44|SPP1	GSE283052	GSM8655159_P05	colorectal cancer	tumor_like	tumor_like	SPP1	CD44	SPP1	0.901965	medium_pilot_v3	False	True	0		0.8774563500000001				
no_external	172	GSE292299|GSM8855719_DLBCL_P1|immune|immune|SPP1|CD44|SPP1	GSE292299	GSM8855719_DLBCL_P1	DLBCL	immune	immune	SPP1	CD44	SPP1	0.901814	high_pilot_v3	True	True	1		0.8772676593750001				
no_external	173	GSE292299|GSM8855717_NSCLC_P15|immune|immune|SPP1|ITGAV|SPP1	GSE292299	GSM8855717_NSCLC_P15	NSCLC	immune	immune	SPP1	ITGAV	SPP1	0.901566	high_pilot_v3	True	True	1		0.8769569362499999				
no_external	174	GSE292299|GSM8855703_NSCLC_P1|stroma_fibroblast|stroma_fibroblast|TGFB1|TGFBR2|TGFB	GSE292299	GSM8855703_NSCLC_P1	NSCLC	stroma_fibroblast	stroma_fibroblast	TGFB1	TGFBR2	TGFB	0.901564	high_pilot_v3	True	True	1		0.8769547387500001				
no_external	175	GSE283052|GSM8655168_P24|stroma_fibroblast|stroma_fibroblast|TGFB1|TGFBR2|TGFB	GSE283052	GSM8655168_P24	colorectal cancer	stroma_fibroblast	stroma_fibroblast	TGFB1	TGFBR2	TGFB	0.901346	high_pilot_v3	True	True	1		0.8766828356250002				
no_external	176	GSE283052|GSM8655165_P15|stroma_fibroblast|stroma_fibroblast|COL1A1|ITGA2|ECM-integrin	GSE283052	GSM8655165_P15	colorectal cancer	stroma_fibroblast	stroma_fibroblast	COL1A1	ITGA2	ECM-integrin	0.900927	high_pilot_v3	True	True	1		0.87615825125				
no_external	177	GSE283052|GSM8655164_P13|stroma_fibroblast|stroma_fibroblast|TGFB1|TGFBR1|TGFB	GSE283052	GSM8655164_P13	colorectal cancer	stroma_fibroblast	stroma_fibroblast	TGFB1	TGFBR1	TGFB	0.900855	high_pilot_v3	True	True	1		0.876069151875				
no_external	178	GSE292299|GSM8855714_NSCLC_P12|stroma_fibroblast|stroma_fibroblast|CXCL12|CXCR4|CXCL chemokine	GSE292299	GSM8855714_NSCLC_P12	NSCLC	stroma_fibroblast	stroma_fibroblast	CXCL12	CXCR4	CXCL chemokine	0.900705	high_pilot_v3	True	True	0		0.875881633125				
no_external	179	GSE283052|GSM8655163_P11|stroma_fibroblast|stroma_fibroblast|SPP1|CD44|SPP1	GSE283052	GSM8655163_P11	colorectal cancer	stroma_fibroblast	stroma_fibroblast	SPP1	CD44	SPP1	0.900607	high_pilot_v3	True	True	1		0.8757584268749999				
no_external	180	GSE292299|GSM8855709_NSCLC_P7|stroma_fibroblast|stroma_fibroblast|TGFB1|TGFBR2|TGFB	GSE292299	GSM8855709_NSCLC_P7	NSCLC	stroma_fibroblast	stroma_fibroblast	TGFB1	TGFBR2	TGFB	0.900426	medium_pilot_v3	False	True	1		0.87553208625				
no_external	181	GSE292299|GSM8855712_NSCLC_P10|tumor_like|tumor_like|TGFB1|TGFBR2|TGFB	GSE292299	GSM8855712_NSCLC_P10	NSCLC	tumor_like	tumor_like	TGFB1	TGFBR2	TGFB	0.899697	medium_pilot_v3	False	True	1		0.87462100875				
no_external	182	GSE292299|GSM8855704_NSCLC_P2|stroma_fibroblast|stroma_fibroblast|CXCL12|CXCR4|CXCL chemokine	GSE292299	GSM8855704_NSCLC_P2	NSCLC	stroma_fibroblast	stroma_fibroblast	CXCL12	CXCR4	CXCL chemokine	0.899659	high_pilot_v3	True	True	0		0.874573250625				
no_external	183	GSE292299|GSM8855708_NSCLC_P6|immune|immune|SPP1|CD44|SPP1	GSE292299	GSM8855708_NSCLC_P6	NSCLC	immune	immune	SPP1	CD44	SPP1	0.899583	medium_pilot_v3	False	True	0		0.87447878125				
no_external	184	GSE292299|GSM8855710_NSCLC_P8|tumor_like|tumor_like|SPP1|CD44|SPP1	GSE292299	GSM8855710_NSCLC_P8	NSCLC	tumor_like	tumor_like	SPP1	CD44	SPP1	0.899484	medium_pilot_v3	False	True	0		0.874354674375				
no_external	185	GSE292299|GSM8855718_NSCLC_P16|tumor_like|tumor_like|VEGFA|KDR|VEGF	GSE292299	GSM8855718_NSCLC_P16	NSCLC	tumor_like	tumor_like	VEGFA	KDR	VEGF	0.898769	medium_pilot_v3	False	True	1		0.873461323125				
no_external	186	GSE292299|GSM8855715_NSCLC_P13|stroma_fibroblast|stroma_fibroblast|COL1A1|ITGA2|ECM-integrin	GSE292299	GSM8855715_NSCLC_P13	NSCLC	stroma_fibroblast	stroma_fibroblast	COL1A1	ITGA2	ECM-integrin	0.898754	medium_pilot_v3	False	True	1		0.873442075				
no_external	187	GSE292299|GSM8855704_NSCLC_P2|tumor_like|tumor_like|TGFB1|TGFBR2|TGFB	GSE292299	GSM8855704_NSCLC_P2	NSCLC	tumor_like	tumor_like	TGFB1	TGFBR2	TGFB	0.89833	high_pilot_v3	True	True	0		0.8729122718750001				
no_external	188	GSE283052|GSM8655161_P09|stroma_fibroblast|stroma_fibroblast|TGFB1|TGFBR1|TGFB	GSE283052	GSM8655161_P09	colorectal cancer	stroma_fibroblast	stroma_fibroblast	TGFB1	TGFBR1	TGFB	0.898121	high_pilot_v3	True	True	1		0.8726511825000001				
no_external	189	GSE292299|GSM8855703_NSCLC_P1|stroma_fibroblast|stroma_fibroblast|JAG1|NOTCH2|NOTCH	GSE292299	GSM8855703_NSCLC_P1	NSCLC	stroma_fibroblast	stroma_fibroblast	JAG1	NOTCH2	NOTCH	0.89773	high_pilot_v3	True	True	1		0.872162900625				
no_external	190	GSE292299|GSM8855720_DLBCL_P2|immune|immune|SPP1|CD44|SPP1	GSE292299	GSM8855720_DLBCL_P2	DLBCL	immune	immune	SPP1	CD44	SPP1	0.897553	high_pilot_v3	True	True	1		0.8719409550000001				
no_external	191	GSE292299|GSM8855717_NSCLC_P15|immune|immune|TGFB1|TGFBR2|TGFB	GSE292299	GSM8855717_NSCLC_P15	NSCLC	immune	immune	TGFB1	TGFBR2	TGFB	0.897531	medium_pilot_v3	False	True	0		0.8719132668749999				
no_external	192	GSE300445|GSM9060735_AdjIII-0133|tumor_like|tumor_like|SPP1|ITGAV|SPP1	GSE300445	GSM9060735_AdjIII-0133	melanoma	tumor_like	tumor_like	SPP1	ITGAV	SPP1	0.897475	medium_pilot_v3	False	True	0		0.871844063125				
no_external	193	GSE292299|GSM8855704_NSCLC_P2|tumor_like|tumor_like|JAG1|NOTCH2|NOTCH	GSE292299	GSM8855704_NSCLC_P2	NSCLC	tumor_like	tumor_like	JAG1	NOTCH2	NOTCH	0.897117	medium_pilot_v3	False	True	1		0.871396125				
no_external	194	GSE292299|GSM8855713_NSCLC_P11|tumor_like|tumor_like|TGFB1|TGFBR2|TGFB	GSE292299	GSM8855713_NSCLC_P11	NSCLC	tumor_like	tumor_like	TGFB1	TGFBR2	TGFB	0.897019	medium_pilot_v3	False	True	0		0.8712740925000001				
no_external	195	GSE292299|GSM8855716_NSCLC_P14|stroma_fibroblast|stroma_fibroblast|COL1A1|ITGA2|ECM-integrin	GSE292299	GSM8855716_NSCLC_P14	NSCLC	stroma_fibroblast	stroma_fibroblast	COL1A1	ITGA2	ECM-integrin	0.796936	medium_pilot_v3	False	False	1		0.8711705900000001				
no_external	196	GSE292299|GSM8855713_NSCLC_P11|tumor_like|tumor_like|TGFB1|TGFBR1|TGFB	GSE292299	GSM8855713_NSCLC_P11	NSCLC	tumor_like	tumor_like	TGFB1	TGFBR1	TGFB	0.896582	medium_pilot_v3	False	True	0		0.870728090625				
no_external	197	GSE292299|GSM8855713_NSCLC_P11|tumor_like|tumor_like|EGF|EGFR|EGF/ERBB	GSE292299	GSM8855713_NSCLC_P11	NSCLC	tumor_like	tumor_like	EGF	EGFR	EGF/ERBB	0.896357	medium_pilot_v3	False	True	1		0.8704462256250001				
no_external	198	GSE292299|GSM8855706_NSCLC_P4|tumor_like|tumor_like|HBEGF|EGFR|EGF/ERBB	GSE292299	GSM8855706_NSCLC_P4	NSCLC	tumor_like	tumor_like	HBEGF	EGFR	EGF/ERBB	0.895894	high_pilot_v3	True	True	1		0.869867994375				
no_external	199	GSE292299|GSM8855711_NSCLC_P9|stroma_fibroblast|stroma_fibroblast|TGFB1|TGFBR2|TGFB	GSE292299	GSM8855711_NSCLC_P9	NSCLC	stroma_fibroblast	stroma_fibroblast	TGFB1	TGFBR2	TGFB	0.895604	high_pilot_v3	True	True	1		0.86950511625				
no_external	200	GSE292299|GSM8855706_NSCLC_P4|tumor_like|tumor_like|VEGFA|KDR|VEGF	GSE292299	GSM8855706_NSCLC_P4	NSCLC	tumor_like	tumor_like	VEGFA	KDR	VEGF	0.895343	high_pilot_v3	True	True	0		0.8691788625				
no_external	201	GSE292299|GSM8855704_NSCLC_P2|tumor_like|tumor_like|WNT5A|FZD5|WNT	GSE292299	GSM8855704_NSCLC_P2	NSCLC	tumor_like	tumor_like	WNT5A	FZD5	WNT	0.894786	medium_pilot_v3	False	True	1		0.8684819662500001				
no_external	202	GSE292299|GSM8855713_NSCLC_P11|tumor_like|tumor_like|JAG1|NOTCH2|NOTCH	GSE292299	GSM8855713_NSCLC_P11	NSCLC	tumor_like	tumor_like	JAG1	NOTCH2	NOTCH	0.894072	medium_pilot_v3	False	True	1		0.8675897887500001				
no_external	203	GSE283052|GSM8655167_P18|stroma_fibroblast|stroma_fibroblast|SPP1|CD44|SPP1	GSE283052	GSM8655167_P18	colorectal cancer	stroma_fibroblast	stroma_fibroblast	SPP1	CD44	SPP1	0.894012	medium_pilot_v3	False	True	1		0.86751492625				
no_external	204	GSE292299|GSM8855705_NSCLC_P3|stroma_fibroblast|stroma_fibroblast|CXCL12|CXCR4|CXCL chemokine	GSE292299	GSM8855705_NSCLC_P3	NSCLC	stroma_fibroblast	stroma_fibroblast	CXCL12	CXCR4	CXCL chemokine	0.893774	high_pilot_v3	True	True	0		0.8672179725000001				
no_external	205	GSE292299|GSM8855715_NSCLC_P13|tumor_like|tumor_like|VEGFA|KDR|VEGF	GSE292299	GSM8855715_NSCLC_P13	NSCLC	tumor_like	tumor_like	VEGFA	KDR	VEGF	0.89326	medium_pilot_v3	False	True	0		0.866574403125				
no_external	206	GSE283052|GSM8655163_P11|stroma_fibroblast|stroma_fibroblast|TGFB1|TGFBR2|TGFB	GSE283052	GSM8655163_P11	colorectal cancer	stroma_fibroblast	stroma_fibroblast	TGFB1	TGFBR2	TGFB	0.893219	high_pilot_v3	True	True	1		0.866523275625				
no_external	207	GSE283052|GSM8655160_P07|stroma_fibroblast|stroma_fibroblast|WNT5A|FZD5|WNT	GSE283052	GSM8655160_P07	colorectal cancer	stroma_fibroblast	stroma_fibroblast	WNT5A	FZD5	WNT	0.893077	high_pilot_v3	True	True	0		0.8663457187500001				
no_external	208	GSE300445|GSM9060733_AdjIII-0022|tumor_like|tumor_like|SPP1|ITGAV|SPP1	GSE300445	GSM9060733_AdjIII-0022	melanoma	tumor_like	tumor_like	SPP1	ITGAV	SPP1	0.892889	medium_pilot_v3	False	True	1		0.86611161375				
no_external	209	GSE292299|GSM8855709_NSCLC_P7|tumor_like|tumor_like|COL1A1|ITGA2|ECM-integrin	GSE292299	GSM8855709_NSCLC_P7	NSCLC	tumor_like	tumor_like	COL1A1	ITGA2	ECM-integrin	0.892717	medium_pilot_v3	False	True	0		0.865895910625				
no_external	210	GSE292299|GSM8855712_NSCLC_P10|tumor_like|tumor_like|VEGFA|KDR|VEGF	GSE292299	GSM8855712_NSCLC_P10	NSCLC	tumor_like	tumor_like	VEGFA	KDR	VEGF	0.892087	medium_pilot_v3	False	True	1		0.8651083875000001				
no_external	211	GSE292299|GSM8855713_NSCLC_P11|tumor_like|tumor_like|CXCL12|CXCR4|CXCL chemokine	GSE292299	GSM8855713_NSCLC_P11	NSCLC	tumor_like	tumor_like	CXCL12	CXCR4	CXCL chemokine	0.891726	medium_pilot_v3	False	True	1		0.8646579037500002				
no_external	212	GSE283052|GSM8655166_P17|tumor_like|tumor_like|HBEGF|EGFR|EGF/ERBB	GSE283052	GSM8655166_P17	colorectal cancer	tumor_like	tumor_like	HBEGF	EGFR	EGF/ERBB	0.891658	high_pilot_v3	True	True	1		0.8645723475				
no_external	213	GSE292299|GSM8855704_NSCLC_P2|immune|tumor_like|SPP1|CD44|SPP1	GSE292299	GSM8855704_NSCLC_P2	NSCLC	immune	tumor_like	SPP1	CD44	SPP1	0.891612	medium_pilot_v3	False	True	0		0.864514599375				
no_external	214	GSE292299|GSM8855709_NSCLC_P7|stroma_fibroblast|stroma_fibroblast|JAG1|NOTCH2|NOTCH	GSE292299	GSM8855709_NSCLC_P7	NSCLC	stroma_fibroblast	stroma_fibroblast	JAG1	NOTCH2	NOTCH	0.891416	medium_pilot_v3	False	True	1		0.86427055875				
no_external	215	GSE292299|GSM8855712_NSCLC_P10|tumor_like|tumor_like|JAG1|NOTCH2|NOTCH	GSE292299	GSM8855712_NSCLC_P10	NSCLC	tumor_like	tumor_like	JAG1	NOTCH2	NOTCH	0.891241	medium_pilot_v3	False	True	1		0.8640508106250001				
no_external	216	GSE292299|GSM8855713_NSCLC_P11|stroma_fibroblast|stroma_fibroblast|CXCL12|CXCR4|CXCL chemokine	GSE292299	GSM8855713_NSCLC_P11	NSCLC	stroma_fibroblast	stroma_fibroblast	CXCL12	CXCR4	CXCL chemokine	0.891029	medium_pilot_v3	False	True	0		0.8637865487499999				
no_external	217	GSE292299|GSM8855703_NSCLC_P1|tumor_like|tumor_like|VEGFA|KDR|VEGF	GSE292299	GSM8855703_NSCLC_P1	NSCLC	tumor_like	tumor_like	VEGFA	KDR	VEGF	0.890949	medium_pilot_v3	False	True	0		0.8636857350000001				
no_external	218	GSE292299|GSM8855719_DLBCL_P1|immune|immune|TGFB1|TGFBR1|TGFB	GSE292299	GSM8855719_DLBCL_P1	DLBCL	immune	immune	TGFB1	TGFBR1	TGFB	0.890526	high_pilot_v3	True	True	0		0.863157459375				
no_recurrence	1	GSE300445|GSM9060734_AdjIII-0113|immune|immune|MIF|CD74|MIF	GSE300445	GSM9060734_AdjIII-0113	melanoma	immune	immune	MIF	CD74	MIF	0.866693	high_pilot_v3	True	True	1			0.9314039882352941			
no_recurrence	2	GSE292299|GSM8855713_NSCLC_P11|tumor_like|tumor_like|SPP1|CD44|SPP1	GSE292299	GSM8855713_NSCLC_P11	NSCLC	tumor_like	tumor_like	SPP1	CD44	SPP1	0.941658	high_pilot_v3	True	True	1			0.9313622088235294			
no_recurrence	3	GSE300445|GSM9060734_AdjIII-0113|tumor_like|tumor_like|MIF|CD74|MIF	GSE300445	GSM9060734_AdjIII-0113	melanoma	tumor_like	tumor_like	MIF	CD74	MIF	0.941622	high_pilot_v3	True	True	0			0.9313204311764705			
no_recurrence	4	GSE292299|GSM8855713_NSCLC_P11|tumor_like|tumor_like|MIF|CD74|MIF	GSE292299	GSM8855713_NSCLC_P11	NSCLC	tumor_like	tumor_like	MIF	CD74	MIF	0.941587	high_pilot_v3	True	True	1			0.9312786535294117			
no_recurrence	5	GSE300445|GSM9060735_AdjIII-0133|tumor_like|tumor_like|MIF|CD74|MIF	GSE300445	GSM9060735_AdjIII-0133	melanoma	tumor_like	tumor_like	MIF	CD74	MIF	0.941516	high_pilot_v3	True	True	0			0.9311950964705881			
no_recurrence	6	GSE300445|GSM9060732_AdjIII-0019|tumor_like|tumor_like|SPP1|CD44|SPP1	GSE300445	GSM9060732_AdjIII-0019	melanoma	tumor_like	tumor_like	SPP1	CD44	SPP1	0.941445	high_pilot_v3	True	True	1			0.9311115411764704			
no_recurrence	7	GSE292299|GSM8855713_NSCLC_P11|tumor_like|tumor_like|SPP1|ITGAV|SPP1	GSE292299	GSM8855713_NSCLC_P11	NSCLC	tumor_like	tumor_like	SPP1	ITGAV	SPP1	0.941409	high_pilot_v3	True	True	1			0.9310697635294118			
no_recurrence	8	GSE300445|GSM9060734_AdjIII-0113|immune|immune|SPP1|CD44|SPP1	GSE300445	GSM9060734_AdjIII-0113	melanoma	immune	immune	SPP1	CD44	SPP1	0.866338	high_pilot_v3	True	True	1			0.9309862064705882			
no_recurrence	9	GSE292299|GSM8855704_NSCLC_P2|tumor_like|tumor_like|SPP1|CD44|SPP1	GSE292299	GSM8855704_NSCLC_P2	NSCLC	tumor_like	tumor_like	SPP1	CD44	SPP1	0.940983	high_pilot_v3	True	True	0			0.9305684264705882			
no_recurrence	10	GSE292299|GSM8855715_NSCLC_P13|tumor_like|tumor_like|MIF|CD74|MIF	GSE292299	GSM8855715_NSCLC_P13	NSCLC	tumor_like	tumor_like	MIF	CD74	MIF	0.940735	high_pilot_v3	True	True	0			0.9302759794117647			
no_recurrence	11	GSE300445|GSM9060732_AdjIII-0019|tumor_like|tumor_like|SPP1|ITGAV|SPP1	GSE300445	GSM9060732_AdjIII-0019	melanoma	tumor_like	tumor_like	SPP1	ITGAV	SPP1	0.940522	high_pilot_v3	True	True	1			0.9300253117647058			
no_recurrence	12	GSE283052|GSM8655157_P02|tumor_like|tumor_like|MIF|CD74|MIF	GSE283052	GSM8655157_P02	colorectal cancer	tumor_like	tumor_like	MIF	CD74	MIF	0.940237	high_pilot_v3	True	True	1			0.9296910870588235			
no_recurrence	13	GSE292299|GSM8855709_NSCLC_P7|tumor_like|tumor_like|SPP1|CD44|SPP1	GSE292299	GSM8855709_NSCLC_P7	NSCLC	tumor_like	tumor_like	SPP1	CD44	SPP1	0.940024	high_pilot_v3	True	True	0			0.9294404176470589			
no_recurrence	14	GSE292299|GSM8855709_NSCLC_P7|tumor_like|tumor_like|MIF|CD74|MIF	GSE292299	GSM8855709_NSCLC_P7	NSCLC	tumor_like	tumor_like	MIF	CD74	MIF	0.939492	high_pilot_v3	True	True	0			0.928813745882353			
no_recurrence	15	GSE292299|GSM8855712_NSCLC_P10|tumor_like|tumor_like|MIF|CD74|MIF	GSE292299	GSM8855712_NSCLC_P10	NSCLC	tumor_like	tumor_like	MIF	CD74	MIF	0.939243	high_pilot_v3	True	True	1			0.9285213005882352			
no_recurrence	16	GSE300445|GSM9060733_AdjIII-0022|tumor_like|tumor_like|MIF|CD74|MIF	GSE300445	GSM9060733_AdjIII-0022	melanoma	tumor_like	tumor_like	MIF	CD74	MIF	0.938888	high_pilot_v3	True	True	1			0.9281035188235293			
no_recurrence	17	GSE292299|GSM8855709_NSCLC_P7|tumor_like|tumor_like|SPP1|ITGAV|SPP1	GSE292299	GSM8855709_NSCLC_P7	NSCLC	tumor_like	tumor_like	SPP1	ITGAV	SPP1	0.938391	high_pilot_v3	True	True	0			0.9275186264705881			
no_recurrence	18	GSE283052|GSM8655168_P24|immune|immune|MIF|CD74|MIF	GSE283052	GSM8655168_P24	colorectal cancer	immune	immune	MIF	CD74	MIF	0.913213	high_pilot_v3	True	True	1			0.9273097364705881			
no_recurrence	19	GSE283052|GSM8655167_P18|tumor_like|tumor_like|MIF|CD74|MIF	GSE283052	GSM8655167_P18	colorectal cancer	tumor_like	tumor_like	MIF	CD74	MIF	0.938178	high_pilot_v3	True	True	1			0.9272679588235295			
no_recurrence	20	GSE300445|GSM9060732_AdjIII-0019|stroma_fibroblast|stroma_fibroblast|COL1A1|ITGA2|ECM-integrin	GSE300445	GSM9060732_AdjIII-0019	melanoma	stroma_fibroblast	stroma_fibroblast	COL1A1	ITGA2	ECM-integrin	0.938107	high_pilot_v3	True	True	1			0.9271844017647058			
no_recurrence	21	GSE300445|GSM9060733_AdjIII-0022|tumor_like|tumor_like|COL1A1|ITGA2|ECM-integrin	GSE300445	GSM9060733_AdjIII-0022	melanoma	tumor_like	tumor_like	COL1A1	ITGA2	ECM-integrin	0.937965	high_pilot_v3	True	True	0			0.9270172894117645			
no_recurrence	22	GSE283052|GSM8655160_P07|tumor_like|tumor_like|MIF|CD74|MIF	GSE283052	GSM8655160_P07	colorectal cancer	tumor_like	tumor_like	MIF	CD74	MIF	0.937894	high_pilot_v3	True	True	0			0.9269337341176469			
no_recurrence	23	GSE292299|GSM8855718_NSCLC_P16|tumor_like|tumor_like|MIF|CD74|MIF	GSE292299	GSM8855718_NSCLC_P16	NSCLC	tumor_like	tumor_like	MIF	CD74	MIF	0.937681	high_pilot_v3	True	True	1			0.9266830647058822			
no_recurrence	24	GSE292299|GSM8855704_NSCLC_P2|tumor_like|tumor_like|SPP1|ITGAV|SPP1	GSE292299	GSM8855704_NSCLC_P2	NSCLC	tumor_like	tumor_like	SPP1	ITGAV	SPP1	0.937468	high_pilot_v3	True	True	0			0.9264323970588234			
no_recurrence	25	GSE292299|GSM8855709_NSCLC_P7|immune|immune|SPP1|ITGAV|SPP1	GSE292299	GSM8855709_NSCLC_P7	NSCLC	immune	immune	SPP1	ITGAV	SPP1	0.937432	high_pilot_v3	True	True	0			0.9263906176470587			
no_recurrence	26	GSE292299|GSM8855717_NSCLC_P15|immune|immune|MIF|CD74|MIF	GSE292299	GSM8855717_NSCLC_P15	NSCLC	immune	immune	MIF	CD74	MIF	0.937361	high_pilot_v3	True	True	1			0.9263070623529411			
no_recurrence	27	GSE283052|GSM8655160_P07|stroma_fibroblast|stroma_fibroblast|MIF|CD74|MIF	GSE283052	GSM8655160_P07	colorectal cancer	stroma_fibroblast	stroma_fibroblast	MIF	CD74	MIF	0.937148	high_pilot_v3	True	True	1			0.9260563929411765			
no_recurrence	28	GSE292299|GSM8855715_NSCLC_P13|stroma_fibroblast|stroma_fibroblast|SPP1|ITGAV|SPP1	GSE292299	GSM8855715_NSCLC_P13	NSCLC	stroma_fibroblast	stroma_fibroblast	SPP1	ITGAV	SPP1	0.937136	high_pilot_v3	True	True	1			0.9260417776470588			
no_recurrence	29	GSE283052|GSM8655165_P15|stroma_fibroblast|stroma_fibroblast|MIF|CD74|MIF	GSE283052	GSM8655165_P15	colorectal cancer	stroma_fibroblast	stroma_fibroblast	MIF	CD74	MIF	0.937041	high_pilot_v3	True	True	1			0.9259310599999999			
no_recurrence	30	GSE300445|GSM9060734_AdjIII-0113|immune|immune|CXCL9|CXCR3|CXCL chemokine	GSE300445	GSM9060734_AdjIII-0113	melanoma	immune	immune	CXCL9	CXCR3	CXCL chemokine	0.861757	high_pilot_v3	True	True	1			0.9255968352941176			
no_recurrence	31	GSE283052|GSM8655163_P11|stroma_fibroblast|stroma_fibroblast|MIF|CD74|MIF	GSE283052	GSM8655163_P11	colorectal cancer	stroma_fibroblast	stroma_fibroblast	MIF	CD74	MIF	0.936509	high_pilot_v3	True	True	1			0.925304388235294			
no_recurrence	32	GSE292299|GSM8855719_DLBCL_P1|immune|immune|MIF|CD74|MIF	GSE292299	GSM8855719_DLBCL_P1	DLBCL	immune	immune	MIF	CD74	MIF	0.936402	high_pilot_v3	True	True	1			0.9251790535294117			
no_recurrence	33	GSE292299|GSM8855708_NSCLC_P6|tumor_like|tumor_like|MIF|CD74|MIF	GSE292299	GSM8855708_NSCLC_P6	NSCLC	tumor_like	tumor_like	MIF	CD74	MIF	0.936291	high_pilot_v3	True	True	0			0.9250487823529412			
no_recurrence	34	GSE292299|GSM8855704_NSCLC_P2|tumor_like|immune|MIF|CD74|MIF	GSE292299	GSM8855704_NSCLC_P2	NSCLC	tumor_like	immune	MIF	CD74	MIF	0.936154	high_pilot_v3	True	True	0			0.9248866082352941			
no_recurrence	35	GSE292299|GSM8855704_NSCLC_P2|tumor_like|tumor_like|MIF|CD74|MIF	GSE292299	GSM8855704_NSCLC_P2	NSCLC	tumor_like	tumor_like	MIF	CD74	MIF	0.936047	high_pilot_v3	True	True	0			0.9247612735294118			
no_recurrence	36	GSE283052|GSM8655168_P24|stroma_fibroblast|stroma_fibroblast|MIF|CD74|MIF	GSE283052	GSM8655168_P24	colorectal cancer	stroma_fibroblast	stroma_fibroblast	MIF	CD74	MIF	0.936012	high_pilot_v3	True	True	1			0.9247194958823528			
no_recurrence	37	GSE283052|GSM8655160_P07|stroma_fibroblast|stroma_fibroblast|COL1A1|ITGA2|ECM-integrin	GSE283052	GSM8655160_P07	colorectal cancer	stroma_fibroblast	stroma_fibroblast	COL1A1	ITGA2	ECM-integrin	0.935763	high_pilot_v3	True	True	1			0.9244270488235292			
no_recurrence	38	GSE283052|GSM8655159_P05|stroma_fibroblast|stroma_fibroblast|MIF|CD74|MIF	GSE283052	GSM8655159_P05	colorectal cancer	stroma_fibroblast	stroma_fibroblast	MIF	CD74	MIF	0.935266	high_pilot_v3	True	True	1			0.9238421564705881			
no_recurrence	39	GSE300445|GSM9060734_AdjIII-0113|tumor_like|tumor_like|SPP1|CD44|SPP1	GSE300445	GSM9060734_AdjIII-0113	melanoma	tumor_like	tumor_like	SPP1	CD44	SPP1	0.9348	high_pilot_v3	True	True	0			0.9232941035294118			
no_recurrence	40	GSE292299|GSM8855708_NSCLC_P6|stroma_fibroblast|stroma_fibroblast|SPP1|CD44|SPP1	GSE292299	GSM8855708_NSCLC_P6	NSCLC	stroma_fibroblast	stroma_fibroblast	SPP1	CD44	SPP1	0.934698	high_pilot_v3	True	True	1			0.9231737070588235			
no_recurrence	41	GSE292299|GSM8855711_NSCLC_P9|tumor_like|tumor_like|MIF|CD74|MIF	GSE292299	GSM8855711_NSCLC_P9	NSCLC	tumor_like	tumor_like	MIF	CD74	MIF	0.934662	high_pilot_v3	True	True	1			0.9231319294117646			
no_recurrence	42	GSE283052|GSM8655158_P04|stroma_fibroblast|stroma_fibroblast|MIF|CD74|MIF	GSE283052	GSM8655158_P04	colorectal cancer	stroma_fibroblast	stroma_fibroblast	MIF	CD74	MIF	0.934378	high_pilot_v3	True	True	1			0.9227977047058823			
no_recurrence	43	GSE300445|GSM9060734_AdjIII-0113|tumor_like|tumor_like|COL1A1|ITGA2|ECM-integrin	GSE300445	GSM9060734_AdjIII-0113	melanoma	tumor_like	tumor_like	COL1A1	ITGA2	ECM-integrin	0.934295	high_pilot_v3	True	True	0			0.9226995323529412			
no_recurrence	44	GSE300445|GSM9060734_AdjIII-0113|immune|immune|TGFB1|TGFBR2|TGFB	GSE300445	GSM9060734_AdjIII-0113	melanoma	immune	immune	TGFB1	TGFBR2	TGFB	0.858952	high_pilot_v3	True	True	0			0.9222963676470588			
no_recurrence	45	GSE292299|GSM8855717_NSCLC_P15|tumor_like|tumor_like|MIF|CD74|MIF	GSE292299	GSM8855717_NSCLC_P15	NSCLC	tumor_like	tumor_like	MIF	CD74	MIF	0.933845	high_pilot_v3	True	True	0			0.9221710329411765			
no_recurrence	46	GSE292299|GSM8855714_NSCLC_P12|stroma_fibroblast|stroma_fibroblast|COL1A1|ITGA2|ECM-integrin	GSE292299	GSM8855714_NSCLC_P12	NSCLC	stroma_fibroblast	stroma_fibroblast	COL1A1	ITGA2	ECM-integrin	0.933561	high_pilot_v3	True	True	1			0.9218368082352939			
no_recurrence	47	GSE283052|GSM8655161_P09|stroma_fibroblast|stroma_fibroblast|MIF|CD74|MIF	GSE283052	GSM8655161_P09	colorectal cancer	stroma_fibroblast	stroma_fibroblast	MIF	CD74	MIF	0.933313	high_pilot_v3	True	True	1			0.9215443611764706			
no_recurrence	48	GSE292299|GSM8855705_NSCLC_P3|tumor_like|tumor_like|SPP1|CD44|SPP1	GSE292299	GSM8855705_NSCLC_P3	NSCLC	tumor_like	tumor_like	SPP1	CD44	SPP1	0.932958	high_pilot_v3	True	True	0			0.9211265811764705			
no_recurrence	49	GSE283052|GSM8655160_P07|tumor_like|tumor_like|SPP1|CD44|SPP1	GSE283052	GSM8655160_P07	colorectal cancer	tumor_like	tumor_like	SPP1	CD44	SPP1	0.932851	high_pilot_v3	True	True	0			0.9210012464705881			
no_recurrence	50	GSE283052|GSM8655164_P13|stroma_fibroblast|stroma_fibroblast|MIF|CD74|MIF	GSE283052	GSM8655164_P13	colorectal cancer	stroma_fibroblast	stroma_fibroblast	MIF	CD74	MIF	0.932638	high_pilot_v3	True	True	1			0.9207505788235293			
no_recurrence	51	GSE292299|GSM8855705_NSCLC_P3|tumor_like|tumor_like|MIF|CD74|MIF	GSE292299	GSM8855705_NSCLC_P3	NSCLC	tumor_like	tumor_like	MIF	CD74	MIF	0.932567	high_pilot_v3	True	True	0			0.9206670217647058			
no_recurrence	52	GSE292299|GSM8855706_NSCLC_P4|immune|immune|SPP1|CD44|SPP1	GSE292299	GSM8855706_NSCLC_P4	NSCLC	immune	immune	SPP1	CD44	SPP1	0.932531	high_pilot_v3	True	True	1			0.9206252441176469			
no_recurrence	53	GSE292299|GSM8855705_NSCLC_P3|tumor_like|tumor_like|SPP1|ITGAV|SPP1	GSE292299	GSM8855705_NSCLC_P3	NSCLC	tumor_like	tumor_like	SPP1	ITGAV	SPP1	0.932496	high_pilot_v3	True	True	0			0.9205834664705882			
no_recurrence	54	GSE300445|GSM9060733_AdjIII-0022|tumor_like|tumor_like|SPP1|CD44|SPP1	GSE300445	GSM9060733_AdjIII-0022	melanoma	tumor_like	tumor_like	SPP1	CD44	SPP1	0.932247	high_pilot_v3	True	True	1			0.9202910194117646			
no_recurrence	55	GSE283052|GSM8655168_P24|stroma_fibroblast|stroma_fibroblast|COL1A1|ITGA2|ECM-integrin	GSE283052	GSM8655168_P24	colorectal cancer	stroma_fibroblast	stroma_fibroblast	COL1A1	ITGA2	ECM-integrin	0.931821	high_pilot_v3	True	True	1			0.9197896823529411			
no_recurrence	56	GSE283052|GSM8655164_P13|immune|immune|MIF|CD74|MIF	GSE283052	GSM8655164_P13	colorectal cancer	immune	immune	MIF	CD74	MIF	0.906644	high_pilot_v3	True	True	1			0.9195807923529412			
no_recurrence	57	GSE292299|GSM8855717_NSCLC_P15|immune|immune|CXCL12|CXCR4|CXCL chemokine	GSE292299	GSM8855717_NSCLC_P15	NSCLC	immune	immune	CXCL12	CXCR4	CXCL chemokine	0.931608	high_pilot_v3	True	True	1			0.9195390147058823			
no_recurrence	58	GSE300445|GSM9060735_AdjIII-0133|tumor_like|tumor_like|JAG1|NOTCH2|NOTCH	GSE300445	GSM9060735_AdjIII-0133	melanoma	tumor_like	tumor_like	JAG1	NOTCH2	NOTCH	0.931537	high_pilot_v3	True	True	0			0.9194554576470588			
no_recurrence	59	GSE283052|GSM8655158_P04|tumor_like|tumor_like|SPP1|CD44|SPP1	GSE283052	GSM8655158_P04	colorectal cancer	tumor_like	tumor_like	SPP1	CD44	SPP1	0.931182	high_pilot_v3	True	True	0			0.9190376776470587			
no_recurrence	60	GSE292299|GSM8855706_NSCLC_P4|tumor_like|tumor_like|MIF|CD74|MIF	GSE292299	GSM8855706_NSCLC_P4	NSCLC	tumor_like	tumor_like	MIF	CD74	MIF	0.930969	high_pilot_v3	True	True	1			0.918787008235294			
no_recurrence	61	GSE300445|GSM9060733_AdjIII-0022|tumor_like|tumor_like|JAG1|NOTCH2|NOTCH	GSE300445	GSM9060733_AdjIII-0022	melanoma	tumor_like	tumor_like	JAG1	NOTCH2	NOTCH	0.93072	high_pilot_v3	True	True	1			0.9184945629411765			
no_recurrence	62	GSE283052|GSM8655166_P17|tumor_like|tumor_like|MIF|CD74|MIF	GSE283052	GSM8655166_P17	colorectal cancer	tumor_like	tumor_like	MIF	CD74	MIF	0.930507	high_pilot_v3	True	True	0			0.9182438935294118			
no_recurrence	63	GSE292299|GSM8855709_NSCLC_P7|immune|immune|SPP1|CD44|SPP1	GSE292299	GSM8855709_NSCLC_P7	NSCLC	immune	immune	SPP1	CD44	SPP1	0.930357	high_pilot_v3	True	True	0			0.9180669017647058			
no_recurrence	64	GSE292299|GSM8855703_NSCLC_P1|immune|immune|SPP1|CD44|SPP1	GSE292299	GSM8855703_NSCLC_P1	NSCLC	immune	immune	SPP1	CD44	SPP1	0.93033	high_pilot_v3	True	True	0			0.9180350035294116			
no_recurrence	65	GSE292299|GSM8855720_DLBCL_P2|immune|immune|MIF|CD74|MIF	GSE292299	GSM8855720_DLBCL_P2	DLBCL	immune	immune	MIF	CD74	MIF	0.930259	high_pilot_v3	True	True	1			0.9179514464705882			
no_recurrence	66	GSE283052|GSM8655167_P18|immune|immune|MIF|CD74|MIF	GSE283052	GSM8655167_P18	colorectal cancer	immune	immune	MIF	CD74	MIF	0.904722	high_pilot_v3	True	True	1			0.9173198382352943			
no_recurrence	67	GSE292299|GSM8855704_NSCLC_P2|stroma_fibroblast|stroma_fibroblast|COL1A1|ITGA2|ECM-integrin	GSE292299	GSM8855704_NSCLC_P2	NSCLC	stroma_fibroblast	stroma_fibroblast	COL1A1	ITGA2	ECM-integrin	0.929398	high_pilot_v3	True	True	1			0.9169388929411764			
no_recurrence	68	GSE283052|GSM8655163_P11|immune|immune|MIF|CD74|MIF	GSE283052	GSM8655163_P11	colorectal cancer	immune	immune	MIF	CD74	MIF	0.903909	high_pilot_v3	True	True	1			0.91636388			
no_recurrence	69	GSE300445|GSM9060734_AdjIII-0113|immune|immune|SPP1|ITGAV|SPP1	GSE300445	GSM9060734_AdjIII-0113	melanoma	immune	immune	SPP1	ITGAV	SPP1	0.853576	high_pilot_v3	True	True	1			0.9159711941176469			
no_recurrence	70	GSE292299|GSM8855715_NSCLC_P13|tumor_like|tumor_like|JAG1|NOTCH2|NOTCH	GSE292299	GSM8855715_NSCLC_P13	NSCLC	tumor_like	tumor_like	JAG1	NOTCH2	NOTCH	0.928387	high_pilot_v3	True	True	1			0.9157497570588234			
no_recurrence	71	GSE292299|GSM8855707_NSCLC_P5|stroma_fibroblast|stroma_fibroblast|COL1A1|ITGA2|ECM-integrin	GSE292299	GSM8855707_NSCLC_P5	NSCLC	stroma_fibroblast	stroma_fibroblast	COL1A1	ITGA2	ECM-integrin	0.927773	high_pilot_v3	True	True	1			0.9150269811764706			
no_recurrence	72	GSE283052|GSM8655162_P10|stroma_fibroblast|stroma_fibroblast|MIF|CD74|MIF	GSE283052	GSM8655162_P10	colorectal cancer	stroma_fibroblast	stroma_fibroblast	MIF	CD74	MIF	0.927595	high_pilot_v3	True	True	1			0.9148180911764704			
no_recurrence	73	GSE283052|GSM8655164_P13|stroma_fibroblast|stroma_fibroblast|COL1A1|ITGA2|ECM-integrin	GSE283052	GSM8655164_P13	colorectal cancer	stroma_fibroblast	stroma_fibroblast	COL1A1	ITGA2	ECM-integrin	0.927418	high_pilot_v3	True	True	1			0.9146092011764705			
no_recurrence	74	GSE300445|GSM9060735_AdjIII-0133|stroma_fibroblast|stroma_fibroblast|COL1A1|ITGA2|ECM-integrin	GSE300445	GSM9060735_AdjIII-0133	melanoma	stroma_fibroblast	stroma_fibroblast	COL1A1	ITGA2	ECM-integrin	0.927049	high_pilot_v3	True	True	1			0.9141747376470588			
no_recurrence	75	GSE300445|GSM9060734_AdjIII-0113|immune|immune|TGFB1|TGFBR1|TGFB	GSE300445	GSM9060734_AdjIII-0113	melanoma	immune	immune	TGFB1	TGFBR1	TGFB	0.851902	high_pilot_v3	True	True	0			0.9140023858823529			
no_recurrence	76	GSE292299|GSM8855708_NSCLC_P6|tumor_like|tumor_like|TGFB1|TGFBR2|TGFB	GSE292299	GSM8855708_NSCLC_P6	NSCLC	tumor_like	tumor_like	TGFB1	TGFBR2	TGFB	0.92685	high_pilot_v3	True	True	0			0.9139407517647059			
no_recurrence	77	GSE300445|GSM9060735_AdjIII-0133|tumor_like|tumor_like|TGFB1|TGFBR1|TGFB	GSE300445	GSM9060735_AdjIII-0133	melanoma	tumor_like	tumor_like	TGFB1	TGFBR1	TGFB	0.926601	high_pilot_v3	True	True	0			0.9136483047058823			
no_recurrence	78	GSE292299|GSM8855706_NSCLC_P4|immune|immune|SPP1|ITGAV|SPP1	GSE292299	GSM8855706_NSCLC_P4	NSCLC	immune	immune	SPP1	ITGAV	SPP1	0.92653	high_pilot_v3	True	True	1			0.9135647494117648			
no_recurrence	79	GSE292299|GSM8855703_NSCLC_P1|stroma_fibroblast|stroma_fibroblast|COL1A1|ITGA2|ECM-integrin	GSE292299	GSM8855703_NSCLC_P1	NSCLC	stroma_fibroblast	stroma_fibroblast	COL1A1	ITGA2	ECM-integrin	0.926459	high_pilot_v3	True	True	1			0.9134811941176472			
no_recurrence	80	GSE300445|GSM9060734_AdjIII-0113|tumor_like|tumor_like|TGFB1|TGFBR2|TGFB	GSE300445	GSM9060734_AdjIII-0113	melanoma	tumor_like	tumor_like	TGFB1	TGFBR2	TGFB	0.926424	high_pilot_v3	True	True	0			0.9134394147058824			
no_recurrence	81	GSE283052|GSM8655160_P07|stroma_fibroblast|stroma_fibroblast|SPP1|ITGAV|SPP1	GSE283052	GSM8655160_P07	colorectal cancer	stroma_fibroblast	stroma_fibroblast	SPP1	ITGAV	SPP1	0.92621	high_pilot_v3	True	True	1			0.9131887470588236			
no_recurrence	82	GSE292299|GSM8855709_NSCLC_P7|stroma_fibroblast|stroma_fibroblast|COL1A1|ITGA2|ECM-integrin	GSE292299	GSM8855709_NSCLC_P7	NSCLC	stroma_fibroblast	stroma_fibroblast	COL1A1	ITGA2	ECM-integrin	0.925977	high_pilot_v3	True	True	1			0.912914086470588			
no_recurrence	83	GSE283052|GSM8655161_P09|stroma_fibroblast|stroma_fibroblast|COL1A1|ITGA2|ECM-integrin	GSE283052	GSM8655161_P09	colorectal cancer	stroma_fibroblast	stroma_fibroblast	COL1A1	ITGA2	ECM-integrin	0.925962	high_pilot_v3	True	True	1			0.9128963			
no_recurrence	84	GSE283052|GSM8655160_P07|tumor_like|tumor_like|SPP1|ITGAV|SPP1	GSE283052	GSM8655160_P07	colorectal cancer	tumor_like	tumor_like	SPP1	ITGAV	SPP1	0.925926	high_pilot_v3	True	True	0			0.912854522352941			
no_recurrence	85	GSE292299|GSM8855710_NSCLC_P8|tumor_like|tumor_like|MIF|CD74|MIF	GSE292299	GSM8855710_NSCLC_P8	NSCLC	tumor_like	tumor_like	MIF	CD74	MIF	0.925891	high_pilot_v3	True	True	1			0.9128127447058824			
no_recurrence	86	GSE283052|GSM8655159_P05|tumor_like|tumor_like|MIF|CD74|MIF	GSE283052	GSM8655159_P05	colorectal cancer	tumor_like	tumor_like	MIF	CD74	MIF	0.925811	high_pilot_v3	True	True	0			0.9127193082352942			
no_recurrence	87	GSE283052|GSM8655167_P18|stroma_fibroblast|stroma_fibroblast|COL1A1|ITGA2|ECM-integrin	GSE283052	GSM8655167_P18	colorectal cancer	stroma_fibroblast	stroma_fibroblast	COL1A1	ITGA2	ECM-integrin	0.925642	high_pilot_v3	True	True	1			0.9125202976470588			
no_recurrence	88	GSE292299|GSM8855709_NSCLC_P7|stroma_fibroblast|stroma_fibroblast|CXCL12|CXCR4|CXCL chemokine	GSE292299	GSM8855709_NSCLC_P7	NSCLC	stroma_fibroblast	stroma_fibroblast	CXCL12	CXCR4	CXCL chemokine	0.925536	high_pilot_v3	True	True	0			0.9123949629411764			
no_recurrence	89	GSE300445|GSM9060734_AdjIII-0113|tumor_like|tumor_like|TGFB1|TGFBR1|TGFB	GSE300445	GSM9060734_AdjIII-0113	melanoma	tumor_like	tumor_like	TGFB1	TGFBR1	TGFB	0.925323	high_pilot_v3	True	True	0			0.9121442952941176			
no_recurrence	90	GSE292299|GSM8855711_NSCLC_P9|stroma_fibroblast|stroma_fibroblast|COL1A1|ITGA2|ECM-integrin	GSE292299	GSM8855711_NSCLC_P9	NSCLC	stroma_fibroblast	stroma_fibroblast	COL1A1	ITGA2	ECM-integrin	0.925252	high_pilot_v3	True	True	1			0.9120607382352941			
no_recurrence	91	GSE292299|GSM8855712_NSCLC_P10|tumor_like|tumor_like|SPP1|ITGAV|SPP1	GSE292299	GSM8855712_NSCLC_P10	NSCLC	tumor_like	tumor_like	SPP1	ITGAV	SPP1	0.925074	high_pilot_v3	True	True	1			0.9118518482352942			
no_recurrence	92	GSE283052|GSM8655159_P05|stroma_fibroblast|stroma_fibroblast|COL1A1|ITGA2|ECM-integrin	GSE283052	GSM8655159_P05	colorectal cancer	stroma_fibroblast	stroma_fibroblast	COL1A1	ITGA2	ECM-integrin	0.924648	high_pilot_v3	True	True	1			0.9113505111764707			
no_recurrence	93	GSE292299|GSM8855718_NSCLC_P16|tumor_like|tumor_like|SPP1|CD44|SPP1	GSE292299	GSM8855718_NSCLC_P16	NSCLC	tumor_like	tumor_like	SPP1	CD44	SPP1	0.924506	high_pilot_v3	True	True	0			0.9111833988235294			
no_recurrence	94	GSE283052|GSM8655164_P13|stroma_fibroblast|stroma_fibroblast|SPP1|ITGAV|SPP1	GSE283052	GSM8655164_P13	colorectal cancer	stroma_fibroblast	stroma_fibroblast	SPP1	ITGAV	SPP1	0.923156	high_pilot_v3	True	True	1			0.9095958323529412			
no_recurrence	95	GSE292299|GSM8855707_NSCLC_P5|stroma_fibroblast|stroma_fibroblast|SPP1|CD44|SPP1	GSE292299	GSM8855707_NSCLC_P5	NSCLC	stroma_fibroblast	stroma_fibroblast	SPP1	CD44	SPP1	0.922908	high_pilot_v3	True	True	1			0.9093033852941176			
no_recurrence	96	GSE292299|GSM8855708_NSCLC_P6|stroma_fibroblast|stroma_fibroblast|CXCL12|CXCR4|CXCL chemokine	GSE292299	GSM8855708_NSCLC_P6	NSCLC	stroma_fibroblast	stroma_fibroblast	CXCL12	CXCR4	CXCL chemokine	0.922735	high_pilot_v3	True	True	0			0.9090997347058825			
no_recurrence	97	GSE292299|GSM8855711_NSCLC_P9|stroma_fibroblast|stroma_fibroblast|SPP1|CD44|SPP1	GSE292299	GSM8855711_NSCLC_P9	NSCLC	stroma_fibroblast	stroma_fibroblast	SPP1	CD44	SPP1	0.922659	high_pilot_v3	True	True	1			0.90901094			
no_recurrence	98	GSE283052|GSM8655162_P10|stroma_fibroblast|stroma_fibroblast|COL1A1|ITGA2|ECM-integrin	GSE283052	GSM8655162_P10	colorectal cancer	stroma_fibroblast	stroma_fibroblast	COL1A1	ITGA2	ECM-integrin	0.922588	high_pilot_v3	True	True	1			0.9089273829411764			
no_recurrence	99	GSE300445|GSM9060735_AdjIII-0133|stroma_fibroblast|stroma_fibroblast|CXCL12|CXCR4|CXCL chemokine	GSE300445	GSM9060735_AdjIII-0133	melanoma	stroma_fibroblast	stroma_fibroblast	CXCL12	CXCR4	CXCL chemokine	0.922162	high_pilot_v3	True	True	1			0.9084260458823528			
no_recurrence	100	GSE292299|GSM8855706_NSCLC_P4|immune|endothelial|SPP1|CD44|SPP1	GSE292299	GSM8855706_NSCLC_P4	NSCLC	immune	endothelial	SPP1	CD44	SPP1	0.921345	high_pilot_v3	True	True	0			0.9074651511764704			
no_recurrence	101	GSE283052|GSM8655158_P04|tumor_like|tumor_like|SPP1|ITGAV|SPP1	GSE283052	GSM8655158_P04	colorectal cancer	tumor_like	tumor_like	SPP1	ITGAV	SPP1	0.921239	high_pilot_v3	True	True	0			0.9073398164705881			
no_recurrence	102	GSE292299|GSM8855708_NSCLC_P6|tumor_like|tumor_like|VEGFA|KDR|VEGF	GSE292299	GSM8855708_NSCLC_P6	NSCLC	tumor_like	tumor_like	VEGFA	KDR	VEGF	0.920999	medium_pilot_v3	False	True	0			0.9070578482352942			
no_recurrence	103	GSE283052|GSM8655167_P18|tumor_like|tumor_like|SPP1|CD44|SPP1	GSE283052	GSM8655167_P18	colorectal cancer	tumor_like	tumor_like	SPP1	CD44	SPP1	0.92099	high_pilot_v3	True	True	0			0.9070473694117648			
no_recurrence	104	GSE292299|GSM8855706_NSCLC_P4|tumor_like|tumor_like|SPP1|CD44|SPP1	GSE292299	GSM8855706_NSCLC_P4	NSCLC	tumor_like	tumor_like	SPP1	CD44	SPP1	0.92088	high_pilot_v3	True	True	0			0.9069170982352941			
no_recurrence	105	GSE300445|GSM9060734_AdjIII-0113|immune|immune|CXCL12|CXCR4|CXCL chemokine	GSE300445	GSM9060734_AdjIII-0113	melanoma	immune	immune	CXCL12	CXCR4	CXCL chemokine	0.845832	medium_pilot_v3	False	True	1			0.9068615052941176			
no_recurrence	106	GSE292299|GSM8855706_NSCLC_P4|stroma_fibroblast|stroma_fibroblast|COL1A1|ITGA2|ECM-integrin	GSE292299	GSM8855706_NSCLC_P4	NSCLC	stroma_fibroblast	stroma_fibroblast	COL1A1	ITGA2	ECM-integrin	0.920706	high_pilot_v3	True	True	1			0.9067131447058823			
no_recurrence	107	GSE292299|GSM8855715_NSCLC_P13|stroma_fibroblast|stroma_fibroblast|TGFB1|TGFBR1|TGFB	GSE292299	GSM8855715_NSCLC_P13	NSCLC	stroma_fibroblast	stroma_fibroblast	TGFB1	TGFBR1	TGFB	0.920609	medium_pilot_v3	False	True	1			0.9065982905882354			
no_recurrence	108	GSE300445|GSM9060732_AdjIII-0019|stroma_fibroblast|stroma_fibroblast|CXCL12|CXCR4|CXCL chemokine	GSE300445	GSM9060732_AdjIII-0019	melanoma	stroma_fibroblast	stroma_fibroblast	CXCL12	CXCR4	CXCL chemokine	0.92003	high_pilot_v3	True	True	1			0.905917294117647			
no_recurrence	109	GSE292299|GSM8855703_NSCLC_P1|stroma_fibroblast|stroma_fibroblast|SPP1|CD44|SPP1	GSE292299	GSM8855703_NSCLC_P1	NSCLC	stroma_fibroblast	stroma_fibroblast	SPP1	CD44	SPP1	0.919792	medium_pilot_v3	False	True	1			0.905637394117647			
no_recurrence	110	GSE292299|GSM8855707_NSCLC_P5|stroma_fibroblast|stroma_fibroblast|SPP1|ITGAV|SPP1	GSE292299	GSM8855707_NSCLC_P5	NSCLC	stroma_fibroblast	stroma_fibroblast	SPP1	ITGAV	SPP1	0.919747	high_pilot_v3	True	True	1			0.9055851376470588			
no_recurrence	111	GSE300445|GSM9060732_AdjIII-0019|tumor_like|tumor_like|VEGFA|KDR|VEGF	GSE300445	GSM9060732_AdjIII-0019	melanoma	tumor_like	tumor_like	VEGFA	KDR	VEGF	0.919403	high_pilot_v3	True	True	0			0.9051799029411766			
no_recurrence	112	GSE283052|GSM8655164_P13|stroma_fibroblast|stroma_fibroblast|SPP1|CD44|SPP1	GSE283052	GSM8655164_P13	colorectal cancer	stroma_fibroblast	stroma_fibroblast	SPP1	CD44	SPP1	0.918966	high_pilot_v3	True	True	1			0.9046660188235294			
no_recurrence	113	GSE283052|GSM8655168_P24|stroma_fibroblast|stroma_fibroblast|SPP1|CD44|SPP1	GSE283052	GSM8655168_P24	colorectal cancer	stroma_fibroblast	stroma_fibroblast	SPP1	CD44	SPP1	0.918398	high_pilot_v3	True	True	1			0.9039975694117646			
no_recurrence	114	GSE283052|GSM8655166_P17|stroma_fibroblast|stroma_fibroblast|COL1A1|ITGA2|ECM-integrin	GSE283052	GSM8655166_P17	colorectal cancer	stroma_fibroblast	stroma_fibroblast	COL1A1	ITGA2	ECM-integrin	0.918327	high_pilot_v3	True	True	1			0.903914014117647			
no_recurrence	115	GSE292299|GSM8855710_NSCLC_P8|tumor_like|tumor_like|COL1A1|ITGA2|ECM-integrin	GSE292299	GSM8855710_NSCLC_P8	NSCLC	tumor_like	tumor_like	COL1A1	ITGA2	ECM-integrin	0.918216	high_pilot_v3	True	True	0			0.9037837429411766			
no_recurrence	116	GSE300445|GSM9060732_AdjIII-0019|tumor_like|tumor_like|HBEGF|EGFR|EGF/ERBB	GSE300445	GSM9060732_AdjIII-0019	melanoma	tumor_like	tumor_like	HBEGF	EGFR	EGF/ERBB	0.91751	high_pilot_v3	True	True	1			0.9029531176470589			
no_recurrence	117	GSE292299|GSM8855709_NSCLC_P7|stroma_fibroblast|stroma_fibroblast|MIF|CD74|MIF	GSE292299	GSM8855709_NSCLC_P7	NSCLC	stroma_fibroblast	stroma_fibroblast	MIF	CD74	MIF	0.917205	medium_pilot_v3	False	True	1			0.9025941864705882			
no_recurrence	118	GSE292299|GSM8855711_NSCLC_P9|tumor_like|tumor_like|VEGFA|KDR|VEGF	GSE292299	GSM8855711_NSCLC_P9	NSCLC	tumor_like	tumor_like	VEGFA	KDR	VEGF	0.917084	high_pilot_v3	True	True	0			0.9024517823529411			
no_recurrence	119	GSE292299|GSM8855714_NSCLC_P12|stroma_fibroblast|stroma_fibroblast|SPP1|CD44|SPP1	GSE292299	GSM8855714_NSCLC_P12	NSCLC	stroma_fibroblast	stroma_fibroblast	SPP1	CD44	SPP1	0.916583	high_pilot_v3	True	True	1			0.90186195			
no_recurrence	120	GSE292299|GSM8855718_NSCLC_P16|tumor_like|tumor_like|SPP1|ITGAV|SPP1	GSE292299	GSM8855718_NSCLC_P16	NSCLC	tumor_like	tumor_like	SPP1	ITGAV	SPP1	0.916445	high_pilot_v3	True	True	0			0.901699775882353			
no_recurrence	121	GSE300445|GSM9060732_AdjIII-0019|stroma_fibroblast|stroma_fibroblast|TGFB1|TGFBR2|TGFB	GSE300445	GSM9060732_AdjIII-0019	melanoma	stroma_fibroblast	stroma_fibroblast	TGFB1	TGFBR2	TGFB	0.916253	high_pilot_v3	True	True	1			0.9014742023529412			
no_recurrence	122	GSE292299|GSM8855707_NSCLC_P5|tumor_like|tumor_like|SPP1|ITGAV|SPP1	GSE292299	GSM8855707_NSCLC_P5	NSCLC	tumor_like	tumor_like	SPP1	ITGAV	SPP1	0.915877	high_pilot_v3	True	True	0			0.9010313264705881			
no_recurrence	123	GSE292299|GSM8855707_NSCLC_P5|stroma_fibroblast|stroma_fibroblast|MIF|CD74|MIF	GSE292299	GSM8855707_NSCLC_P5	NSCLC	stroma_fibroblast	stroma_fibroblast	MIF	CD74	MIF	0.91577	high_pilot_v3	True	True	1			0.9009059935294118			
no_recurrence	124	GSE292299|GSM8855712_NSCLC_P10|tumor_like|tumor_like|SPP1|CD44|SPP1	GSE292299	GSM8855712_NSCLC_P10	NSCLC	tumor_like	tumor_like	SPP1	CD44	SPP1	0.915699	high_pilot_v3	True	True	1			0.9008224364705881			
no_recurrence	125	GSE292299|GSM8855716_NSCLC_P14|stroma_fibroblast|stroma_fibroblast|MIF|CD74|MIF	GSE292299	GSM8855716_NSCLC_P14	NSCLC	stroma_fibroblast	stroma_fibroblast	MIF	CD74	MIF	0.91545	high_pilot_v3	True	True	1			0.9005299894117645			
no_recurrence	126	GSE292299|GSM8855719_DLBCL_P1|immune|immune|CXCL9|CXCR3|CXCL chemokine	GSE292299	GSM8855719_DLBCL_P1	DLBCL	immune	immune	CXCL9	CXCR3	CXCL chemokine	0.914705	high_pilot_v3	True	True	1			0.89965265			
no_recurrence	127	GSE283052|GSM8655168_P24|stroma_fibroblast|stroma_fibroblast|SPP1|ITGAV|SPP1	GSE283052	GSM8655168_P24	colorectal cancer	stroma_fibroblast	stroma_fibroblast	SPP1	ITGAV	SPP1	0.914592	high_pilot_v3	True	True	1			0.8995200094117648			
no_recurrence	128	GSE283052|GSM8655167_P18|stroma_fibroblast|stroma_fibroblast|SPP1|ITGAV|SPP1	GSE283052	GSM8655167_P18	colorectal cancer	stroma_fibroblast	stroma_fibroblast	SPP1	ITGAV	SPP1	0.914492	high_pilot_v3	True	True	1			0.8994019823529412			
no_recurrence	129	GSE292299|GSM8855709_NSCLC_P7|tumor_like|tumor_like|TGFB1|TGFBR2|TGFB	GSE292299	GSM8855709_NSCLC_P7	NSCLC	tumor_like	tumor_like	TGFB1	TGFBR2	TGFB	0.914314	high_pilot_v3	True	True	0			0.8991930923529412			
no_recurrence	130	GSE300445|GSM9060733_AdjIII-0022|tumor_like|tumor_like|TGFB1|TGFBR1|TGFB	GSE300445	GSM9060733_AdjIII-0022	melanoma	tumor_like	tumor_like	TGFB1	TGFBR1	TGFB	0.914033	medium_pilot_v3	False	True	0			0.8988620388235294			
no_recurrence	131	GSE283052|GSM8655159_P05|stroma_fibroblast|stroma_fibroblast|SPP1|ITGAV|SPP1	GSE283052	GSM8655159_P05	colorectal cancer	stroma_fibroblast	stroma_fibroblast	SPP1	ITGAV	SPP1	0.913959	high_pilot_v3	True	True	1			0.8987753105882353			
no_recurrence	132	GSE283052|GSM8655163_P11|stroma_fibroblast|stroma_fibroblast|COL1A1|ITGA2|ECM-integrin	GSE283052	GSM8655163_P11	colorectal cancer	stroma_fibroblast	stroma_fibroblast	COL1A1	ITGA2	ECM-integrin	0.913727	high_pilot_v3	True	True	1			0.89850272			
no_recurrence	133	GSE292299|GSM8855707_NSCLC_P5|tumor_like|immune|MIF|CD74|MIF	GSE292299	GSM8855707_NSCLC_P5	NSCLC	tumor_like	immune	MIF	CD74	MIF	0.913568	high_pilot_v3	True	True	1			0.8983157529411765			
no_recurrence	134	GSE292299|GSM8855720_DLBCL_P2|immune|immune|CXCL12|CXCR4|CXCL chemokine	GSE292299	GSM8855720_DLBCL_P2	DLBCL	immune	immune	CXCL12	CXCR4	CXCL chemokine	0.913497	high_pilot_v3	True	True	1			0.8982321958823528			
no_recurrence	135	GSE292299|GSM8855720_DLBCL_P2|immune|immune|CXCL9|CXCR3|CXCL chemokine	GSE292299	GSM8855720_DLBCL_P2	DLBCL	immune	immune	CXCL9	CXCR3	CXCL chemokine	0.91332	high_pilot_v3	True	True	1			0.8980233058823529			
no_recurrence	136	GSE283052|GSM8655159_P05|stroma_fibroblast|stroma_fibroblast|SPP1|CD44|SPP1	GSE283052	GSM8655159_P05	colorectal cancer	stroma_fibroblast	stroma_fibroblast	SPP1	CD44	SPP1	0.913071	high_pilot_v3	True	True	1			0.8977308588235293			
no_recurrence	137	GSE292299|GSM8855712_NSCLC_P10|tumor_like|tumor_like|HBEGF|EGFR|EGF/ERBB	GSE292299	GSM8855712_NSCLC_P10	NSCLC	tumor_like	tumor_like	HBEGF	EGFR	EGF/ERBB	0.912894	high_pilot_v3	True	True	1			0.8975219688235294			
no_recurrence	138	GSE292299|GSM8855715_NSCLC_P13|stroma_fibroblast|stroma_fibroblast|TGFB1|TGFBR2|TGFB	GSE292299	GSM8855715_NSCLC_P13	NSCLC	stroma_fibroblast	stroma_fibroblast	TGFB1	TGFBR2	TGFB	0.912516	medium_pilot_v3	False	True	1			0.8970781294117648			
no_recurrence	139	GSE300445|GSM9060734_AdjIII-0113|immune|immune|JAG1|NOTCH2|NOTCH	GSE300445	GSM9060734_AdjIII-0113	melanoma	immune	immune	JAG1	NOTCH2	NOTCH	0.837359	high_pilot_v3	True	True	0			0.8968932288235294			
no_recurrence	140	GSE283052|GSM8655160_P07|tumor_like|tumor_like|JAG1|NOTCH2|NOTCH	GSE283052	GSM8655160_P07	colorectal cancer	tumor_like	tumor_like	JAG1	NOTCH2	NOTCH	0.912325	high_pilot_v3	True	True	1			0.8968535194117646			
no_recurrence	141	GSE292299|GSM8855704_NSCLC_P2|tumor_like|tumor_like|TGFB1|TGFBR1|TGFB	GSE292299	GSM8855704_NSCLC_P2	NSCLC	tumor_like	tumor_like	TGFB1	TGFBR1	TGFB	0.912148	high_pilot_v3	True	True	0			0.8966446294117646			
no_recurrence	142	GSE300445|GSM9060735_AdjIII-0133|stroma_fibroblast|stroma_fibroblast|VEGFA|KDR|VEGF	GSE300445	GSM9060735_AdjIII-0133	melanoma	stroma_fibroblast	stroma_fibroblast	VEGFA	KDR	VEGF	0.911766	medium_pilot_v3	False	True	1			0.8961955488235295			
no_recurrence	143	GSE292299|GSM8855703_NSCLC_P1|stroma_fibroblast|stroma_fibroblast|CXCL12|CXCR4|CXCL chemokine	GSE292299	GSM8855703_NSCLC_P1	NSCLC	stroma_fibroblast	stroma_fibroblast	CXCL12	CXCR4	CXCL chemokine	0.91162	high_pilot_v3	True	True	1			0.8960231970588236			
no_recurrence	144	GSE292299|GSM8855708_NSCLC_P6|tumor_like|tumor_like|SPP1|CD44|SPP1	GSE292299	GSM8855708_NSCLC_P6	NSCLC	tumor_like	tumor_like	SPP1	CD44	SPP1	0.911326	medium_pilot_v3	False	True	0			0.895677528235294			
no_recurrence	145	GSE292299|GSM8855718_NSCLC_P16|tumor_like|tumor_like|COL1A1|ITGA2|ECM-integrin	GSE292299	GSM8855718_NSCLC_P16	NSCLC	tumor_like	tumor_like	COL1A1	ITGA2	ECM-integrin	0.910955	medium_pilot_v3	False	True	0			0.8952412447058822			
no_recurrence	146	GSE292299|GSM8855709_NSCLC_P7|tumor_like|tumor_like|VEGFA|KDR|VEGF	GSE292299	GSM8855709_NSCLC_P7	NSCLC	tumor_like	tumor_like	VEGFA	KDR	VEGF	0.910137	medium_pilot_v3	False	True	0			0.8942789970588235			
no_recurrence	147	GSE300445|GSM9060735_AdjIII-0133|stroma_fibroblast|stroma_fibroblast|TGFB1|TGFBR2|TGFB	GSE300445	GSM9060735_AdjIII-0133	melanoma	stroma_fibroblast	stroma_fibroblast	TGFB1	TGFBR2	TGFB	0.909849	medium_pilot_v3	False	True	1			0.8939395329411763			
no_recurrence	148	GSE300445|GSM9060734_AdjIII-0113|tumor_like|tumor_like|SPP1|ITGAV|SPP1	GSE300445	GSM9060734_AdjIII-0113	melanoma	tumor_like	tumor_like	SPP1	ITGAV	SPP1	0.909813	medium_pilot_v3	False	True	0			0.8938980564705882			
no_recurrence	149	GSE292299|GSM8855711_NSCLC_P9|tumor_like|tumor_like|SPP1|CD44|SPP1	GSE292299	GSM8855711_NSCLC_P9	NSCLC	tumor_like	tumor_like	SPP1	CD44	SPP1	0.909771	medium_pilot_v3	False	True	0			0.89384867			
no_recurrence	150	GSE292299|GSM8855709_NSCLC_P7|stroma_fibroblast|stroma_fibroblast|SPP1|CD44|SPP1	GSE292299	GSM8855709_NSCLC_P7	NSCLC	stroma_fibroblast	stroma_fibroblast	SPP1	CD44	SPP1	0.909065	medium_pilot_v3	False	True	1			0.8930171270588234			
no_recurrence	151	GSE283052|GSM8655165_P15|tumor_like|tumor_like|SPP1|CD44|SPP1	GSE283052	GSM8655165_P15	colorectal cancer	tumor_like	tumor_like	SPP1	CD44	SPP1	0.909023	high_pilot_v3	True	True	0			0.8929681576470588			
no_recurrence	152	GSE292299|GSM8855708_NSCLC_P6|tumor_like|tumor_like|TGFB1|TGFBR1|TGFB	GSE292299	GSM8855708_NSCLC_P6	NSCLC	tumor_like	tumor_like	TGFB1	TGFBR1	TGFB	0.908987	high_pilot_v3	True	True	0			0.8929263799999999			
no_recurrence	153	GSE292299|GSM8855719_DLBCL_P1|immune|immune|CXCL12|CXCR4|CXCL chemokine	GSE292299	GSM8855719_DLBCL_P1	DLBCL	immune	immune	CXCL12	CXCR4	CXCL chemokine	0.90872	high_pilot_v3	True	True	1			0.8926120099999999			
no_recurrence	154	GSE292299|GSM8855717_NSCLC_P15|tumor_like|tumor_like|SPP1|CD44|SPP1	GSE292299	GSM8855717_NSCLC_P15	NSCLC	tumor_like	tumor_like	SPP1	CD44	SPP1	0.908632	high_pilot_v3	True	True	0			0.8925086			
no_recurrence	155	GSE300445|GSM9060733_AdjIII-0022|tumor_like|tumor_like|TGFB1|TGFBR2|TGFB	GSE300445	GSM9060733_AdjIII-0022	melanoma	tumor_like	tumor_like	TGFB1	TGFBR2	TGFB	0.908267	medium_pilot_v3	False	True	0			0.8920793741176472			
no_recurrence	156	GSE292299|GSM8855711_NSCLC_P9|stroma_fibroblast|stroma_fibroblast|SPP1|ITGAV|SPP1	GSE292299	GSM8855711_NSCLC_P9	NSCLC	stroma_fibroblast	stroma_fibroblast	SPP1	ITGAV	SPP1	0.908021	high_pilot_v3	True	True	1			0.8917889970588234			
no_recurrence	157	GSE292299|GSM8855717_NSCLC_P15|immune|immune|SPP1|CD44|SPP1	GSE292299	GSM8855717_NSCLC_P15	NSCLC	immune	immune	SPP1	CD44	SPP1	0.90782	high_pilot_v3	True	True	1			0.8915529429411765			
no_recurrence	158	GSE292299|GSM8855717_NSCLC_P15|immune|immune|CCL2|CCR2|CCL chemokine	GSE292299	GSM8855717_NSCLC_P15	NSCLC	immune	immune	CCL2	CCR2	CCL chemokine	0.907567	high_pilot_v3	True	True	1			0.8912552582352941			
no_recurrence	159	GSE292299|GSM8855703_NSCLC_P1|stroma_fibroblast|stroma_fibroblast|SPP1|ITGAV|SPP1	GSE292299	GSM8855703_NSCLC_P1	NSCLC	stroma_fibroblast	stroma_fibroblast	SPP1	ITGAV	SPP1	0.907242	medium_pilot_v3	False	True	1			0.8908730511764706			
no_recurrence	160	GSE292299|GSM8855715_NSCLC_P13|tumor_like|tumor_like|HBEGF|EGFR|EGF/ERBB	GSE292299	GSM8855715_NSCLC_P13	NSCLC	tumor_like	tumor_like	HBEGF	EGFR	EGF/ERBB	0.906762	medium_pilot_v3	False	True	1			0.8903080117647058			
no_recurrence	161	GSE292299|GSM8855715_NSCLC_P13|stroma_fibroblast|stroma_fibroblast|CXCL12|CXCR4|CXCL chemokine	GSE292299	GSM8855715_NSCLC_P13	NSCLC	stroma_fibroblast	stroma_fibroblast	CXCL12	CXCR4	CXCL chemokine	0.906626	medium_pilot_v3	False	True	0			0.8901482070588235			
no_recurrence	162	GSE292299|GSM8855719_DLBCL_P1|immune|immune|TGFB1|TGFBR2|TGFB	GSE292299	GSM8855719_DLBCL_P1	DLBCL	immune	immune	TGFB1	TGFBR2	TGFB	0.906028	high_pilot_v3	True	True	0			0.8894441847058824			
no_recurrence	163	GSE300445|GSM9060732_AdjIII-0019|stroma_fibroblast|stroma_fibroblast|JAG1|NOTCH2|NOTCH	GSE300445	GSM9060732_AdjIII-0019	melanoma	stroma_fibroblast	stroma_fibroblast	JAG1	NOTCH2	NOTCH	0.905834	medium_pilot_v3	False	True	0			0.8892165429411765			
no_recurrence	164	GSE292299|GSM8855704_NSCLC_P2|tumor_like|tumor_like|HBEGF|EGFR|EGF/ERBB	GSE292299	GSM8855704_NSCLC_P2	NSCLC	tumor_like	tumor_like	HBEGF	EGFR	EGF/ERBB	0.905825	high_pilot_v3	True	True	1			0.8892060641176471			
no_recurrence	165	GSE283052|GSM8655158_P04|stroma_fibroblast|stroma_fibroblast|SPP1|ITGAV|SPP1	GSE283052	GSM8655158_P04	colorectal cancer	stroma_fibroblast	stroma_fibroblast	SPP1	ITGAV	SPP1	0.905743	medium_pilot_v3	False	True	0			0.8891097529411764			
no_recurrence	166	GSE292299|GSM8855714_NSCLC_P12|tumor_like|tumor_like|VEGFA|KDR|VEGF	GSE292299	GSM8855714_NSCLC_P12	NSCLC	tumor_like	tumor_like	VEGFA	KDR	VEGF	0.905294	high_pilot_v3	True	True	0			0.8885814605882354			
no_recurrence	167	GSE283052|GSM8655161_P09|stroma_fibroblast|stroma_fibroblast|SPP1|CD44|SPP1	GSE283052	GSM8655161_P09	colorectal cancer	stroma_fibroblast	stroma_fibroblast	SPP1	CD44	SPP1	0.905223	high_pilot_v3	True	True	1			0.8884979052941178			
no_recurrence	168	GSE292299|GSM8855718_NSCLC_P16|stroma_fibroblast|stroma_fibroblast|CXCL12|CXCR4|CXCL chemokine	GSE292299	GSM8855718_NSCLC_P16	NSCLC	stroma_fibroblast	stroma_fibroblast	CXCL12	CXCR4	CXCL chemokine	0.904856	high_pilot_v3	True	True	0			0.8880655082352942			
no_recurrence	169	GSE283052|GSM8655164_P13|immune|immune|CXCL12|CXCR4|CXCL chemokine	GSE283052	GSM8655164_P13	colorectal cancer	immune	immune	CXCL12	CXCR4	CXCL chemokine	0.879797	high_pilot_v3	True	True	1			0.8879965682352942			
no_recurrence	170	GSE283052|GSM8655158_P04|tumor_like|tumor_like|COL1A1|ITGA2|ECM-integrin	GSE283052	GSM8655158_P04	colorectal cancer	tumor_like	tumor_like	COL1A1	ITGA2	ECM-integrin	0.904374	medium_pilot_v3	False	True	0			0.8874987035294117			
no_recurrence	171	GSE283052|GSM8655167_P18|immune|immune|CXCL12|CXCR4|CXCL chemokine	GSE283052	GSM8655167_P18	colorectal cancer	immune	immune	CXCL12	CXCR4	CXCL chemokine	0.87898	high_pilot_v3	True	True	0			0.8870356717647058			
no_recurrence	172	GSE292299|GSM8855712_NSCLC_P10|tumor_like|tumor_like|COL1A1|ITGA2|ECM-integrin	GSE292299	GSM8855712_NSCLC_P10	NSCLC	tumor_like	tumor_like	COL1A1	ITGA2	ECM-integrin	0.903043	high_pilot_v3	True	True	1			0.8859327588235295			
no_recurrence	173	GSE283052|GSM8655164_P13|stroma_fibroblast|stroma_fibroblast|TGFB1|TGFBR2|TGFB	GSE283052	GSM8655164_P13	colorectal cancer	stroma_fibroblast	stroma_fibroblast	TGFB1	TGFBR2	TGFB	0.90295	high_pilot_v3	True	True	1			0.8858241076470588			
no_recurrence	174	GSE292299|GSM8855713_NSCLC_P11|tumor_like|tumor_like|COL1A1|ITGA2|ECM-integrin	GSE292299	GSM8855713_NSCLC_P11	NSCLC	tumor_like	tumor_like	COL1A1	ITGA2	ECM-integrin	0.902903	medium_pilot_v3	False	True	0			0.8857688176470587			
no_recurrence	175	GSE292299|GSM8855714_NSCLC_P12|stroma_fibroblast|stroma_fibroblast|SPP1|ITGAV|SPP1	GSE292299	GSM8855714_NSCLC_P12	NSCLC	stroma_fibroblast	stroma_fibroblast	SPP1	ITGAV	SPP1	0.902604	medium_pilot_v3	False	True	1			0.8854168064705883			
no_recurrence	176	GSE300445|GSM9060733_AdjIII-0022|tumor_like|tumor_like|HBEGF|EGFR|EGF/ERBB	GSE300445	GSM9060733_AdjIII-0022	melanoma	tumor_like	tumor_like	HBEGF	EGFR	EGF/ERBB	0.902226	high_pilot_v3	True	True	1			0.8849718623529411			
no_recurrence	177	GSE283052|GSM8655161_P09|stroma_fibroblast|stroma_fibroblast|TGFB1|TGFBR2|TGFB	GSE283052	GSM8655161_P09	colorectal cancer	stroma_fibroblast	stroma_fibroblast	TGFB1	TGFBR2	TGFB	0.902098	high_pilot_v3	True	True	1			0.8848214335294117			
no_recurrence	178	GSE283052|GSM8655159_P05|tumor_like|tumor_like|SPP1|CD44|SPP1	GSE283052	GSM8655159_P05	colorectal cancer	tumor_like	tumor_like	SPP1	CD44	SPP1	0.901965	medium_pilot_v3	False	True	0			0.8846648000000001			
no_recurrence	179	GSE292299|GSM8855719_DLBCL_P1|immune|immune|SPP1|CD44|SPP1	GSE292299	GSM8855719_DLBCL_P1	DLBCL	immune	immune	SPP1	CD44	SPP1	0.901814	high_pilot_v3	True	True	1			0.8844872088235294			
no_recurrence	180	GSE292299|GSM8855717_NSCLC_P15|immune|immune|SPP1|ITGAV|SPP1	GSE292299	GSM8855717_NSCLC_P15	NSCLC	immune	immune	SPP1	ITGAV	SPP1	0.901566	high_pilot_v3	True	True	1			0.8841947635294116			
no_recurrence	181	GSE292299|GSM8855703_NSCLC_P1|stroma_fibroblast|stroma_fibroblast|TGFB1|TGFBR2|TGFB	GSE292299	GSM8855703_NSCLC_P1	NSCLC	stroma_fibroblast	stroma_fibroblast	TGFB1	TGFBR2	TGFB	0.901564	high_pilot_v3	True	True	1			0.8841926952941177			
no_recurrence	182	GSE283052|GSM8655168_P24|stroma_fibroblast|stroma_fibroblast|TGFB1|TGFBR2|TGFB	GSE283052	GSM8655168_P24	colorectal cancer	stroma_fibroblast	stroma_fibroblast	TGFB1	TGFBR2	TGFB	0.901346	high_pilot_v3	True	True	1			0.8839367864705883			
no_recurrence	183	GSE283052|GSM8655163_P11|immune|immune|CXCL12|CXCR4|CXCL chemokine	GSE283052	GSM8655163_P11	colorectal cancer	immune	immune	CXCL12	CXCR4	CXCL chemokine	0.876068	high_pilot_v3	True	True	1			0.8836098694117647			
no_recurrence	184	GSE283052|GSM8655165_P15|stroma_fibroblast|stroma_fibroblast|COL1A1|ITGA2|ECM-integrin	GSE283052	GSM8655165_P15	colorectal cancer	stroma_fibroblast	stroma_fibroblast	COL1A1	ITGA2	ECM-integrin	0.900927	high_pilot_v3	True	True	1			0.8834430599999998			
no_recurrence	185	GSE283052|GSM8655164_P13|stroma_fibroblast|stroma_fibroblast|TGFB1|TGFBR1|TGFB	GSE283052	GSM8655164_P13	colorectal cancer	stroma_fibroblast	stroma_fibroblast	TGFB1	TGFBR1	TGFB	0.900855	high_pilot_v3	True	True	1			0.8833592017647058			
no_recurrence	186	GSE292299|GSM8855714_NSCLC_P12|stroma_fibroblast|stroma_fibroblast|CXCL12|CXCR4|CXCL chemokine	GSE292299	GSM8855714_NSCLC_P12	NSCLC	stroma_fibroblast	stroma_fibroblast	CXCL12	CXCR4	CXCL chemokine	0.900705	high_pilot_v3	True	True	0			0.8831827135294117			
no_recurrence	187	GSE283052|GSM8655163_P11|stroma_fibroblast|stroma_fibroblast|SPP1|CD44|SPP1	GSE283052	GSM8655163_P11	colorectal cancer	stroma_fibroblast	stroma_fibroblast	SPP1	CD44	SPP1	0.900607	high_pilot_v3	True	True	1			0.8830667547058823			
no_recurrence	188	GSE300445|GSM9060734_AdjIII-0113|immune|immune|COL1A1|ITGA2|ECM-integrin	GSE300445	GSM9060734_AdjIII-0113	melanoma	immune	immune	COL1A1	ITGA2	ECM-integrin	0.82548	medium_pilot_v3	False	True	0			0.8829175199999999			
no_recurrence	189	GSE292299|GSM8855709_NSCLC_P7|stroma_fibroblast|stroma_fibroblast|TGFB1|TGFBR2|TGFB	GSE292299	GSM8855709_NSCLC_P7	NSCLC	stroma_fibroblast	stroma_fibroblast	TGFB1	TGFBR2	TGFB	0.900426	medium_pilot_v3	False	True	1			0.882853728235294			
no_recurrence	190	GSE292299|GSM8855712_NSCLC_P10|tumor_like|tumor_like|TGFB1|TGFBR2|TGFB	GSE292299	GSM8855712_NSCLC_P10	NSCLC	tumor_like	tumor_like	TGFB1	TGFBR2	TGFB	0.899697	medium_pilot_v3	False	True	1			0.8819962435294117			
no_recurrence	191	GSE292299|GSM8855704_NSCLC_P2|stroma_fibroblast|stroma_fibroblast|CXCL12|CXCR4|CXCL chemokine	GSE292299	GSM8855704_NSCLC_P2	NSCLC	stroma_fibroblast	stroma_fibroblast	CXCL12	CXCR4	CXCL chemokine	0.899659	high_pilot_v3	True	True	0			0.8819512947058824			
no_recurrence	192	GSE292299|GSM8855708_NSCLC_P6|immune|immune|SPP1|CD44|SPP1	GSE292299	GSM8855708_NSCLC_P6	NSCLC	immune	immune	SPP1	CD44	SPP1	0.899583	medium_pilot_v3	False	True	0			0.881862382352941			
no_recurrence	193	GSE292299|GSM8855710_NSCLC_P8|tumor_like|tumor_like|SPP1|CD44|SPP1	GSE292299	GSM8855710_NSCLC_P8	NSCLC	tumor_like	tumor_like	SPP1	CD44	SPP1	0.899484	medium_pilot_v3	False	True	0			0.8817455758823529			
no_recurrence	194	GSE292299|GSM8855718_NSCLC_P16|tumor_like|tumor_like|VEGFA|KDR|VEGF	GSE292299	GSM8855718_NSCLC_P16	NSCLC	tumor_like	tumor_like	VEGFA	KDR	VEGF	0.898769	medium_pilot_v3	False	True	1			0.8809047747058822			
no_recurrence	195	GSE292299|GSM8855715_NSCLC_P13|stroma_fibroblast|stroma_fibroblast|COL1A1|ITGA2|ECM-integrin	GSE292299	GSM8855715_NSCLC_P13	NSCLC	stroma_fibroblast	stroma_fibroblast	COL1A1	ITGA2	ECM-integrin	0.898754	medium_pilot_v3	False	True	1			0.8808866588235293			
no_recurrence	196	GSE292299|GSM8855704_NSCLC_P2|tumor_like|tumor_like|TGFB1|TGFBR2|TGFB	GSE292299	GSM8855704_NSCLC_P2	NSCLC	tumor_like	tumor_like	TGFB1	TGFBR2	TGFB	0.89833	high_pilot_v3	True	True	0			0.8803880205882354			
no_recurrence	197	GSE283052|GSM8655161_P09|stroma_fibroblast|stroma_fibroblast|TGFB1|TGFBR1|TGFB	GSE283052	GSM8655161_P09	colorectal cancer	stroma_fibroblast	stroma_fibroblast	TGFB1	TGFBR1	TGFB	0.898121	high_pilot_v3	True	True	1			0.8801422894117646			
no_recurrence	198	GSE292299|GSM8855703_NSCLC_P1|stroma_fibroblast|stroma_fibroblast|JAG1|NOTCH2|NOTCH	GSE292299	GSM8855703_NSCLC_P1	NSCLC	stroma_fibroblast	stroma_fibroblast	JAG1	NOTCH2	NOTCH	0.89773	high_pilot_v3	True	True	1			0.8796827300000001			
no_recurrence	199	GSE292299|GSM8855720_DLBCL_P2|immune|immune|SPP1|CD44|SPP1	GSE292299	GSM8855720_DLBCL_P2	DLBCL	immune	immune	SPP1	CD44	SPP1	0.897553	high_pilot_v3	True	True	1			0.8794738400000001			
no_recurrence	200	GSE292299|GSM8855717_NSCLC_P15|immune|immune|TGFB1|TGFBR2|TGFB	GSE292299	GSM8855717_NSCLC_P15	NSCLC	immune	immune	TGFB1	TGFBR2	TGFB	0.897531	medium_pilot_v3	False	True	0			0.8794477805882351			
no_recurrence	201	GSE300445|GSM9060735_AdjIII-0133|tumor_like|tumor_like|SPP1|ITGAV|SPP1	GSE300445	GSM9060735_AdjIII-0133	melanoma	tumor_like	tumor_like	SPP1	ITGAV	SPP1	0.897475	medium_pilot_v3	False	True	0			0.8793826476470586			
no_recurrence	202	GSE292299|GSM8855704_NSCLC_P2|tumor_like|tumor_like|JAG1|NOTCH2|NOTCH	GSE292299	GSM8855704_NSCLC_P2	NSCLC	tumor_like	tumor_like	JAG1	NOTCH2	NOTCH	0.897117	medium_pilot_v3	False	True	1			0.8789610588235293			
no_recurrence	203	GSE292299|GSM8855713_NSCLC_P11|tumor_like|tumor_like|TGFB1|TGFBR2|TGFB	GSE292299	GSM8855713_NSCLC_P11	NSCLC	tumor_like	tumor_like	TGFB1	TGFBR2	TGFB	0.897019	medium_pilot_v3	False	True	0			0.8788462047058824			
no_recurrence	204	GSE292299|GSM8855711_NSCLC_P9|immune|endothelial|SPP1|ITGAV|SPP1	GSE292299	GSM8855711_NSCLC_P9	NSCLC	immune	endothelial	SPP1	ITGAV	SPP1	0.86343	high_pilot_v3	True	True	0			0.8785448435294116			
no_recurrence	205	GSE292299|GSM8855713_NSCLC_P11|tumor_like|tumor_like|TGFB1|TGFBR1|TGFB	GSE292299	GSM8855713_NSCLC_P11	NSCLC	tumor_like	tumor_like	TGFB1	TGFBR1	TGFB	0.896582	medium_pilot_v3	False	True	0			0.8783323205882353			
no_recurrence	206	GSE292299|GSM8855713_NSCLC_P11|tumor_like|tumor_like|EGF|EGFR|EGF/ERBB	GSE292299	GSM8855713_NSCLC_P11	NSCLC	tumor_like	tumor_like	EGF	EGFR	EGF/ERBB	0.896357	medium_pilot_v3	False	True	1			0.878067035882353			
no_recurrence	207	GSE292299|GSM8855706_NSCLC_P4|tumor_like|tumor_like|HBEGF|EGFR|EGF/ERBB	GSE292299	GSM8855706_NSCLC_P4	NSCLC	tumor_like	tumor_like	HBEGF	EGFR	EGF/ERBB	0.895894	high_pilot_v3	True	True	1			0.8775228182352939			
no_recurrence	208	GSE292299|GSM8855711_NSCLC_P9|stroma_fibroblast|stroma_fibroblast|TGFB1|TGFBR2|TGFB	GSE292299	GSM8855711_NSCLC_P9	NSCLC	stroma_fibroblast	stroma_fibroblast	TGFB1	TGFBR2	TGFB	0.895604	high_pilot_v3	True	True	1			0.8771812858823529			
no_recurrence	209	GSE292299|GSM8855706_NSCLC_P4|tumor_like|tumor_like|VEGFA|KDR|VEGF	GSE292299	GSM8855706_NSCLC_P4	NSCLC	tumor_like	tumor_like	VEGFA	KDR	VEGF	0.895343	high_pilot_v3	True	True	0			0.8768742235294117			
no_recurrence	210	GSE292299|GSM8855704_NSCLC_P2|tumor_like|tumor_like|WNT5A|FZD5|WNT	GSE292299	GSM8855704_NSCLC_P2	NSCLC	tumor_like	tumor_like	WNT5A	FZD5	WNT	0.894786	medium_pilot_v3	False	True	1			0.8762183211764707			
no_recurrence	211	GSE292299|GSM8855713_NSCLC_P11|tumor_like|tumor_like|JAG1|NOTCH2|NOTCH	GSE292299	GSM8855713_NSCLC_P11	NSCLC	tumor_like	tumor_like	JAG1	NOTCH2	NOTCH	0.894072	medium_pilot_v3	False	True	1			0.8753786247058823			
no_recurrence	212	GSE283052|GSM8655167_P18|stroma_fibroblast|stroma_fibroblast|SPP1|CD44|SPP1	GSE283052	GSM8655167_P18	colorectal cancer	stroma_fibroblast	stroma_fibroblast	SPP1	CD44	SPP1	0.894012	medium_pilot_v3	False	True	1			0.8753081658823529			
no_recurrence	213	GSE292299|GSM8855705_NSCLC_P3|stroma_fibroblast|stroma_fibroblast|CXCL12|CXCR4|CXCL chemokine	GSE292299	GSM8855705_NSCLC_P3	NSCLC	stroma_fibroblast	stroma_fibroblast	CXCL12	CXCR4	CXCL chemokine	0.893774	high_pilot_v3	True	True	0			0.87502868			
no_recurrence	214	GSE292299|GSM8855715_NSCLC_P13|tumor_like|tumor_like|VEGFA|KDR|VEGF	GSE292299	GSM8855715_NSCLC_P13	NSCLC	tumor_like	tumor_like	VEGFA	KDR	VEGF	0.89326	medium_pilot_v3	False	True	0			0.8744229676470587			
no_recurrence	215	GSE283052|GSM8655163_P11|stroma_fibroblast|stroma_fibroblast|TGFB1|TGFBR2|TGFB	GSE283052	GSM8655163_P11	colorectal cancer	stroma_fibroblast	stroma_fibroblast	TGFB1	TGFBR2	TGFB	0.893219	high_pilot_v3	True	True	1			0.8743748476470588			
no_recurrence	216	GSE283052|GSM8655160_P07|stroma_fibroblast|stroma_fibroblast|WNT5A|FZD5|WNT	GSE283052	GSM8655160_P07	colorectal cancer	stroma_fibroblast	stroma_fibroblast	WNT5A	FZD5	WNT	0.893077	high_pilot_v3	True	True	0			0.8742077352941177			
no_recurrence	217	GSE300445|GSM9060733_AdjIII-0022|tumor_like|tumor_like|SPP1|ITGAV|SPP1	GSE300445	GSM9060733_AdjIII-0022	melanoma	tumor_like	tumor_like	SPP1	ITGAV	SPP1	0.892889	medium_pilot_v3	False	True	1			0.8739874011764706			
no_recurrence	218	GSE292299|GSM8855709_NSCLC_P7|tumor_like|tumor_like|COL1A1|ITGA2|ECM-integrin	GSE292299	GSM8855709_NSCLC_P7	NSCLC	tumor_like	tumor_like	COL1A1	ITGA2	ECM-integrin	0.892717	medium_pilot_v3	False	True	0			0.8737843864705882			
no_raw_score	1	GSE300445|GSM9060732_AdjIII-0019|tumor_like|tumor_like|HBEGF|EGFR|EGF/ERBB	GSE300445	GSM9060732_AdjIII-0019	melanoma	tumor_like	tumor_like	HBEGF	EGFR	EGF/ERBB	0.91751	high_pilot_v3	True	True	1				0.9314875435294117		
no_raw_score	2	GSE283052|GSM8655168_P24|stroma_fibroblast|stroma_fibroblast|COL1A1|ITGA2|ECM-integrin	GSE283052	GSM8655168_P24	colorectal cancer	stroma_fibroblast	stroma_fibroblast	COL1A1	ITGA2	ECM-integrin	0.931821	high_pilot_v3	True	True	1				0.9314875435294117		
no_raw_score	3	GSE292299|GSM8855719_DLBCL_P1|immune|immune|SPP1|CD44|SPP1	GSE292299	GSM8855719_DLBCL_P1	DLBCL	immune	immune	SPP1	CD44	SPP1	0.901814	high_pilot_v3	True	True	1				0.9314875435294117		
no_raw_score	4	GSE292299|GSM8855719_DLBCL_P1|immune|immune|CXCL9|CXCR3|CXCL chemokine	GSE292299	GSM8855719_DLBCL_P1	DLBCL	immune	immune	CXCL9	CXCR3	CXCL chemokine	0.914705	high_pilot_v3	True	True	1				0.9314875435294117		
no_raw_score	5	GSE300445|GSM9060732_AdjIII-0019|tumor_like|tumor_like|SPP1|CD44|SPP1	GSE300445	GSM9060732_AdjIII-0019	melanoma	tumor_like	tumor_like	SPP1	CD44	SPP1	0.941445	high_pilot_v3	True	True	1				0.9314875435294117		
no_raw_score	6	GSE300445|GSM9060732_AdjIII-0019|tumor_like|tumor_like|SPP1|ITGAV|SPP1	GSE300445	GSM9060732_AdjIII-0019	melanoma	tumor_like	tumor_like	SPP1	ITGAV	SPP1	0.940522	high_pilot_v3	True	True	1				0.9314875435294117		
no_raw_score	7	GSE283052|GSM8655168_P24|stroma_fibroblast|stroma_fibroblast|SPP1|CD44|SPP1	GSE283052	GSM8655168_P24	colorectal cancer	stroma_fibroblast	stroma_fibroblast	SPP1	CD44	SPP1	0.918398	high_pilot_v3	True	True	1				0.9314875435294117		
no_raw_score	8	GSE300445|GSM9060733_AdjIII-0022|tumor_like|tumor_like|MIF|CD74|MIF	GSE300445	GSM9060733_AdjIII-0022	melanoma	tumor_like	tumor_like	MIF	CD74	MIF	0.938888	high_pilot_v3	True	True	1				0.9314875435294117		
no_raw_score	9	GSE292299|GSM8855712_NSCLC_P10|tumor_like|tumor_like|MIF|CD74|MIF	GSE292299	GSM8855712_NSCLC_P10	NSCLC	tumor_like	tumor_like	MIF	CD74	MIF	0.939243	high_pilot_v3	True	True	1				0.9314875435294117		
no_raw_score	10	GSE292299|GSM8855711_NSCLC_P9|stroma_fibroblast|stroma_fibroblast|COL1A1|ITGA2|ECM-integrin	GSE292299	GSM8855711_NSCLC_P9	NSCLC	stroma_fibroblast	stroma_fibroblast	COL1A1	ITGA2	ECM-integrin	0.925252	high_pilot_v3	True	True	1				0.9314875435294117		
no_raw_score	11	GSE283052|GSM8655162_P10|stroma_fibroblast|stroma_fibroblast|MIF|CD74|MIF	GSE283052	GSM8655162_P10	colorectal cancer	stroma_fibroblast	stroma_fibroblast	MIF	CD74	MIF	0.927595	high_pilot_v3	True	True	1				0.9314875435294117		
no_raw_score	12	GSE300445|GSM9060734_AdjIII-0113|tumor_like|tumor_like|TGFB1|TGFBR2|TGFB	GSE300445	GSM9060734_AdjIII-0113	melanoma	tumor_like	tumor_like	TGFB1	TGFBR2	TGFB	0.926424	high_pilot_v3	True	True	0				0.9314875435294117		
no_raw_score	13	GSE283052|GSM8655167_P18|stroma_fibroblast|stroma_fibroblast|COL1A1|ITGA2|ECM-integrin	GSE283052	GSM8655167_P18	colorectal cancer	stroma_fibroblast	stroma_fibroblast	COL1A1	ITGA2	ECM-integrin	0.925642	high_pilot_v3	True	True	1				0.9314875435294117		
no_raw_score	14	GSE292299|GSM8855718_NSCLC_P16|tumor_like|tumor_like|SPP1|CD44|SPP1	GSE292299	GSM8855718_NSCLC_P16	NSCLC	tumor_like	tumor_like	SPP1	CD44	SPP1	0.924506	high_pilot_v3	True	True	0				0.9314875435294117		
no_raw_score	15	GSE292299|GSM8855718_NSCLC_P16|tumor_like|tumor_like|SPP1|ITGAV|SPP1	GSE292299	GSM8855718_NSCLC_P16	NSCLC	tumor_like	tumor_like	SPP1	ITGAV	SPP1	0.916445	high_pilot_v3	True	True	0				0.9314875435294117		
no_raw_score	16	GSE292299|GSM8855703_NSCLC_P1|immune|immune|SPP1|CD44|SPP1	GSE292299	GSM8855703_NSCLC_P1	NSCLC	immune	immune	SPP1	CD44	SPP1	0.93033	high_pilot_v3	True	True	0				0.9314875435294117		
no_raw_score	17	GSE292299|GSM8855718_NSCLC_P16|tumor_like|tumor_like|MIF|CD74|MIF	GSE292299	GSM8855718_NSCLC_P16	NSCLC	tumor_like	tumor_like	MIF	CD74	MIF	0.937681	high_pilot_v3	True	True	1				0.9314875435294117		
no_raw_score	18	GSE300445|GSM9060733_AdjIII-0022|tumor_like|tumor_like|JAG1|NOTCH2|NOTCH	GSE300445	GSM9060733_AdjIII-0022	melanoma	tumor_like	tumor_like	JAG1	NOTCH2	NOTCH	0.93072	high_pilot_v3	True	True	1				0.9314875435294117		
no_raw_score	19	GSE300445|GSM9060733_AdjIII-0022|tumor_like|tumor_like|COL1A1|ITGA2|ECM-integrin	GSE300445	GSM9060733_AdjIII-0022	melanoma	tumor_like	tumor_like	COL1A1	ITGA2	ECM-integrin	0.937965	high_pilot_v3	True	True	0				0.9314875435294117		
no_raw_score	20	GSE292299|GSM8855712_NSCLC_P10|tumor_like|tumor_like|SPP1|CD44|SPP1	GSE292299	GSM8855712_NSCLC_P10	NSCLC	tumor_like	tumor_like	SPP1	CD44	SPP1	0.915699	high_pilot_v3	True	True	1				0.9314875435294117		
no_raw_score	21	GSE292299|GSM8855712_NSCLC_P10|tumor_like|tumor_like|SPP1|ITGAV|SPP1	GSE292299	GSM8855712_NSCLC_P10	NSCLC	tumor_like	tumor_like	SPP1	ITGAV	SPP1	0.925074	high_pilot_v3	True	True	1				0.9314875435294117		
no_raw_score	22	GSE283052|GSM8655165_P15|stroma_fibroblast|stroma_fibroblast|MIF|CD74|MIF	GSE283052	GSM8655165_P15	colorectal cancer	stroma_fibroblast	stroma_fibroblast	MIF	CD74	MIF	0.937041	high_pilot_v3	True	True	1				0.9314875435294117		
no_raw_score	23	GSE292299|GSM8855712_NSCLC_P10|tumor_like|tumor_like|HBEGF|EGFR|EGF/ERBB	GSE292299	GSM8855712_NSCLC_P10	NSCLC	tumor_like	tumor_like	HBEGF	EGFR	EGF/ERBB	0.912894	high_pilot_v3	True	True	1				0.9314875435294117		
no_raw_score	24	GSE283052|GSM8655158_P04|stroma_fibroblast|stroma_fibroblast|MIF|CD74|MIF	GSE283052	GSM8655158_P04	colorectal cancer	stroma_fibroblast	stroma_fibroblast	MIF	CD74	MIF	0.934378	high_pilot_v3	True	True	1				0.9314875435294117		
no_raw_score	25	GSE292299|GSM8855706_NSCLC_P4|stroma_fibroblast|stroma_fibroblast|TGFB1|TGFBR2|TGFB	GSE292299	GSM8855706_NSCLC_P4	NSCLC	stroma_fibroblast	stroma_fibroblast	TGFB1	TGFBR2	TGFB	0.878412	high_pilot_v3	True	True	1				0.9314875435294117		
no_raw_score	26	GSE283052|GSM8655165_P15|tumor_like|tumor_like|SPP1|CD44|SPP1	GSE283052	GSM8655165_P15	colorectal cancer	tumor_like	tumor_like	SPP1	CD44	SPP1	0.909023	high_pilot_v3	True	True	0				0.9314875435294117		
no_raw_score	27	GSE292299|GSM8855713_NSCLC_P11|tumor_like|tumor_like|MIF|CD74|MIF	GSE292299	GSM8855713_NSCLC_P11	NSCLC	tumor_like	tumor_like	MIF	CD74	MIF	0.941587	high_pilot_v3	True	True	1				0.9314875435294117		
no_raw_score	28	GSE292299|GSM8855706_NSCLC_P4|tumor_like|tumor_like|MIF|CD74|MIF	GSE292299	GSM8855706_NSCLC_P4	NSCLC	tumor_like	tumor_like	MIF	CD74	MIF	0.930969	high_pilot_v3	True	True	1				0.9314875435294117		
no_raw_score	29	GSE292299|GSM8855706_NSCLC_P4|immune|immune|SPP1|ITGAV|SPP1	GSE292299	GSM8855706_NSCLC_P4	NSCLC	immune	immune	SPP1	ITGAV	SPP1	0.92653	high_pilot_v3	True	True	1				0.9314875435294117		
no_raw_score	30	GSE292299|GSM8855706_NSCLC_P4|tumor_like|tumor_like|WNT5A|FZD5|WNT	GSE292299	GSM8855706_NSCLC_P4	NSCLC	tumor_like	tumor_like	WNT5A	FZD5	WNT	0.885301	high_pilot_v3	True	True	1				0.9314875435294117		
no_raw_score	31	GSE292299|GSM8855706_NSCLC_P4|tumor_like|tumor_like|JAG1|NOTCH2|NOTCH	GSE292299	GSM8855706_NSCLC_P4	NSCLC	tumor_like	tumor_like	JAG1	NOTCH2	NOTCH	0.882247	high_pilot_v3	True	True	1				0.9314875435294117		
no_raw_score	32	GSE292299|GSM8855713_NSCLC_P11|tumor_like|tumor_like|SPP1|ITGAV|SPP1	GSE292299	GSM8855713_NSCLC_P11	NSCLC	tumor_like	tumor_like	SPP1	ITGAV	SPP1	0.941409	high_pilot_v3	True	True	1				0.9314875435294117		
no_raw_score	33	GSE292299|GSM8855713_NSCLC_P11|tumor_like|tumor_like|SPP1|CD44|SPP1	GSE292299	GSM8855713_NSCLC_P11	NSCLC	tumor_like	tumor_like	SPP1	CD44	SPP1	0.941658	high_pilot_v3	True	True	1				0.9314875435294117		
no_raw_score	34	GSE283052|GSM8655159_P05|stroma_fibroblast|stroma_fibroblast|COL1A1|ITGA2|ECM-integrin	GSE283052	GSM8655159_P05	colorectal cancer	stroma_fibroblast	stroma_fibroblast	COL1A1	ITGA2	ECM-integrin	0.924648	high_pilot_v3	True	True	1				0.9314875435294117		
no_raw_score	35	GSE283052|GSM8655159_P05|stroma_fibroblast|stroma_fibroblast|SPP1|CD44|SPP1	GSE283052	GSM8655159_P05	colorectal cancer	stroma_fibroblast	stroma_fibroblast	SPP1	CD44	SPP1	0.913071	high_pilot_v3	True	True	1				0.9314875435294117		
no_raw_score	36	GSE283052|GSM8655165_P15|tumor_like|tumor_like|HBEGF|EGFR|EGF/ERBB	GSE283052	GSM8655165_P15	colorectal cancer	tumor_like	tumor_like	HBEGF	EGFR	EGF/ERBB	0.871736	high_pilot_v3	True	True	0				0.9314875435294117		
no_raw_score	37	GSE283052|GSM8655159_P05|stroma_fibroblast|stroma_fibroblast|MIF|CD74|MIF	GSE283052	GSM8655159_P05	colorectal cancer	stroma_fibroblast	stroma_fibroblast	MIF	CD74	MIF	0.935266	high_pilot_v3	True	True	1				0.9314875435294117		
no_raw_score	38	GSE292299|GSM8855717_NSCLC_P15|immune|immune|MIF|CD74|MIF	GSE292299	GSM8855717_NSCLC_P15	NSCLC	immune	immune	MIF	CD74	MIF	0.937361	high_pilot_v3	True	True	1				0.9314875435294117		
no_raw_score	39	GSE292299|GSM8855703_NSCLC_P1|stroma_fibroblast|stroma_fibroblast|COL1A1|ITGA2|ECM-integrin	GSE292299	GSM8855703_NSCLC_P1	NSCLC	stroma_fibroblast	stroma_fibroblast	COL1A1	ITGA2	ECM-integrin	0.926459	high_pilot_v3	True	True	1				0.9314875435294117		
no_raw_score	40	GSE292299|GSM8855704_NSCLC_P2|tumor_like|tumor_like|TGFB1|TGFBR1|TGFB	GSE292299	GSM8855704_NSCLC_P2	NSCLC	tumor_like	tumor_like	TGFB1	TGFBR1	TGFB	0.912148	high_pilot_v3	True	True	0				0.9314875435294117		
no_raw_score	41	GSE300445|GSM9060734_AdjIII-0113|tumor_like|tumor_like|MIF|CD74|MIF	GSE300445	GSM9060734_AdjIII-0113	melanoma	tumor_like	tumor_like	MIF	CD74	MIF	0.941622	high_pilot_v3	True	True	0				0.9314875435294117		
no_raw_score	42	GSE292299|GSM8855709_NSCLC_P7|tumor_like|tumor_like|SPP1|CD44|SPP1	GSE292299	GSM8855709_NSCLC_P7	NSCLC	tumor_like	tumor_like	SPP1	CD44	SPP1	0.940024	high_pilot_v3	True	True	0				0.9314875435294117		
no_raw_score	43	GSE292299|GSM8855708_NSCLC_P6|stroma_fibroblast|stroma_fibroblast|SPP1|CD44|SPP1	GSE292299	GSM8855708_NSCLC_P6	NSCLC	stroma_fibroblast	stroma_fibroblast	SPP1	CD44	SPP1	0.934698	high_pilot_v3	True	True	1				0.9314875435294117		
no_raw_score	44	GSE283052|GSM8655162_P10|stroma_fibroblast|stroma_fibroblast|COL1A1|ITGA2|ECM-integrin	GSE283052	GSM8655162_P10	colorectal cancer	stroma_fibroblast	stroma_fibroblast	COL1A1	ITGA2	ECM-integrin	0.922588	high_pilot_v3	True	True	1				0.9314875435294117		
no_raw_score	45	GSE283052|GSM8655158_P04|tumor_like|tumor_like|SPP1|ITGAV|SPP1	GSE283052	GSM8655158_P04	colorectal cancer	tumor_like	tumor_like	SPP1	ITGAV	SPP1	0.921239	high_pilot_v3	True	True	0				0.9314875435294117		
no_raw_score	46	GSE283052|GSM8655158_P04|tumor_like|tumor_like|SPP1|CD44|SPP1	GSE283052	GSM8655158_P04	colorectal cancer	tumor_like	tumor_like	SPP1	CD44	SPP1	0.931182	high_pilot_v3	True	True	0				0.9314875435294117		
no_raw_score	47	GSE292299|GSM8855711_NSCLC_P9|stroma_fibroblast|stroma_fibroblast|SPP1|CD44|SPP1	GSE292299	GSM8855711_NSCLC_P9	NSCLC	stroma_fibroblast	stroma_fibroblast	SPP1	CD44	SPP1	0.922659	high_pilot_v3	True	True	1				0.9314875435294117		
no_raw_score	48	GSE283052|GSM8655164_P13|stroma_fibroblast|stroma_fibroblast|SPP1|CD44|SPP1	GSE283052	GSM8655164_P13	colorectal cancer	stroma_fibroblast	stroma_fibroblast	SPP1	CD44	SPP1	0.918966	high_pilot_v3	True	True	1				0.9314875435294117		
no_raw_score	49	GSE292299|GSM8855706_NSCLC_P4|stroma_fibroblast|stroma_fibroblast|COL1A1|ITGA2|ECM-integrin	GSE292299	GSM8855706_NSCLC_P4	NSCLC	stroma_fibroblast	stroma_fibroblast	COL1A1	ITGA2	ECM-integrin	0.920706	high_pilot_v3	True	True	1				0.9314875435294117		
no_raw_score	50	GSE292299|GSM8855711_NSCLC_P9|tumor_like|tumor_like|VEGFA|KDR|VEGF	GSE292299	GSM8855711_NSCLC_P9	NSCLC	tumor_like	tumor_like	VEGFA	KDR	VEGF	0.917084	high_pilot_v3	True	True	0				0.9314875435294117		
no_raw_score	51	GSE292299|GSM8855714_NSCLC_P12|tumor_like|tumor_like|VEGFA|KDR|VEGF	GSE292299	GSM8855714_NSCLC_P12	NSCLC	tumor_like	tumor_like	VEGFA	KDR	VEGF	0.905294	high_pilot_v3	True	True	0				0.9314875435294117		
no_raw_score	52	GSE283052|GSM8655161_P09|stroma_fibroblast|stroma_fibroblast|TGFB1|TGFBR1|TGFB	GSE283052	GSM8655161_P09	colorectal cancer	stroma_fibroblast	stroma_fibroblast	TGFB1	TGFBR1	TGFB	0.898121	high_pilot_v3	True	True	1				0.9314875435294117		
no_raw_score	53	GSE283052|GSM8655160_P07|stroma_fibroblast|stroma_fibroblast|COL1A1|ITGA2|ECM-integrin	GSE283052	GSM8655160_P07	colorectal cancer	stroma_fibroblast	stroma_fibroblast	COL1A1	ITGA2	ECM-integrin	0.935763	high_pilot_v3	True	True	1				0.9314875435294117		
no_raw_score	54	GSE283052|GSM8655166_P17|tumor_like|tumor_like|HBEGF|EGFR|EGF/ERBB	GSE283052	GSM8655166_P17	colorectal cancer	tumor_like	tumor_like	HBEGF	EGFR	EGF/ERBB	0.891658	high_pilot_v3	True	True	1				0.9314875435294117		
no_raw_score	55	GSE292299|GSM8855705_NSCLC_P3|tumor_like|tumor_like|JAG1|NOTCH2|NOTCH	GSE292299	GSM8855705_NSCLC_P3	NSCLC	tumor_like	tumor_like	JAG1	NOTCH2	NOTCH	0.884982	high_pilot_v3	True	True	1				0.9314875435294117		
no_raw_score	56	GSE283052|GSM8655160_P07|stroma_fibroblast|stroma_fibroblast|MIF|CD74|MIF	GSE283052	GSM8655160_P07	colorectal cancer	stroma_fibroblast	stroma_fibroblast	MIF	CD74	MIF	0.937148	high_pilot_v3	True	True	1				0.9314875435294117		
no_raw_score	57	GSE283052|GSM8655160_P07|tumor_like|tumor_like|SPP1|CD44|SPP1	GSE283052	GSM8655160_P07	colorectal cancer	tumor_like	tumor_like	SPP1	CD44	SPP1	0.932851	high_pilot_v3	True	True	0				0.9314875435294117		
no_raw_score	58	GSE283052|GSM8655160_P07|tumor_like|tumor_like|SPP1|ITGAV|SPP1	GSE283052	GSM8655160_P07	colorectal cancer	tumor_like	tumor_like	SPP1	ITGAV	SPP1	0.925926	high_pilot_v3	True	True	0				0.9314875435294117		
no_raw_score	59	GSE292299|GSM8855711_NSCLC_P9|tumor_like|tumor_like|MIF|CD74|MIF	GSE292299	GSM8855711_NSCLC_P9	NSCLC	tumor_like	tumor_like	MIF	CD74	MIF	0.934662	high_pilot_v3	True	True	1				0.9314875435294117		
no_raw_score	60	GSE283052|GSM8655161_P09|stroma_fibroblast|stroma_fibroblast|TGFB1|TGFBR2|TGFB	GSE283052	GSM8655161_P09	colorectal cancer	stroma_fibroblast	stroma_fibroblast	TGFB1	TGFBR2	TGFB	0.902098	high_pilot_v3	True	True	1				0.9314875435294117		
no_raw_score	61	GSE292299|GSM8855705_NSCLC_P3|tumor_like|tumor_like|MIF|CD74|MIF	GSE292299	GSM8855705_NSCLC_P3	NSCLC	tumor_like	tumor_like	MIF	CD74	MIF	0.932567	high_pilot_v3	True	True	0				0.9314875435294117		
no_raw_score	62	GSE283052|GSM8655160_P07|tumor_like|tumor_like|JAG1|NOTCH2|NOTCH	GSE283052	GSM8655160_P07	colorectal cancer	tumor_like	tumor_like	JAG1	NOTCH2	NOTCH	0.912325	high_pilot_v3	True	True	1				0.9314875435294117		
no_raw_score	63	GSE283052|GSM8655164_P13|stroma_fibroblast|stroma_fibroblast|MIF|CD74|MIF	GSE283052	GSM8655164_P13	colorectal cancer	stroma_fibroblast	stroma_fibroblast	MIF	CD74	MIF	0.932638	high_pilot_v3	True	True	1				0.9314875435294117		
no_raw_score	64	GSE283052|GSM8655164_P13|stroma_fibroblast|stroma_fibroblast|SPP1|ITGAV|SPP1	GSE283052	GSM8655164_P13	colorectal cancer	stroma_fibroblast	stroma_fibroblast	SPP1	ITGAV	SPP1	0.923156	high_pilot_v3	True	True	1				0.9314875435294117		
no_raw_score	65	GSE283052|GSM8655160_P07|stroma_fibroblast|stroma_fibroblast|SPP1|ITGAV|SPP1	GSE283052	GSM8655160_P07	colorectal cancer	stroma_fibroblast	stroma_fibroblast	SPP1	ITGAV	SPP1	0.92621	high_pilot_v3	True	True	1				0.9314875435294117		
no_raw_score	66	GSE283052|GSM8655160_P07|tumor_like|tumor_like|MIF|CD74|MIF	GSE283052	GSM8655160_P07	colorectal cancer	tumor_like	tumor_like	MIF	CD74	MIF	0.937894	high_pilot_v3	True	True	0				0.9314875435294117		
no_raw_score	67	GSE300445|GSM9060735_AdjIII-0133|tumor_like|tumor_like|TGFB1|TGFBR1|TGFB	GSE300445	GSM9060735_AdjIII-0133	melanoma	tumor_like	tumor_like	TGFB1	TGFBR1	TGFB	0.926601	high_pilot_v3	True	True	0				0.9314875435294117		
no_raw_score	68	GSE292299|GSM8855717_NSCLC_P15|immune|immune|CCL2|CCR2|CCL chemokine	GSE292299	GSM8855717_NSCLC_P15	NSCLC	immune	immune	CCL2	CCR2	CCL chemokine	0.907567	high_pilot_v3	True	True	1				0.9314875435294117		
no_raw_score	69	GSE292299|GSM8855704_NSCLC_P2|tumor_like|tumor_like|SPP1|CD44|SPP1	GSE292299	GSM8855704_NSCLC_P2	NSCLC	tumor_like	tumor_like	SPP1	CD44	SPP1	0.940983	high_pilot_v3	True	True	0				0.9314875435294117		
no_raw_score	70	GSE283052|GSM8655167_P18|tumor_like|tumor_like|SPP1|CD44|SPP1	GSE283052	GSM8655167_P18	colorectal cancer	tumor_like	tumor_like	SPP1	CD44	SPP1	0.92099	high_pilot_v3	True	True	0				0.9314875435294117		
no_raw_score	71	GSE292299|GSM8855709_NSCLC_P7|tumor_like|tumor_like|SPP1|ITGAV|SPP1	GSE292299	GSM8855709_NSCLC_P7	NSCLC	tumor_like	tumor_like	SPP1	ITGAV	SPP1	0.938391	high_pilot_v3	True	True	0				0.9314875435294117		
no_raw_score	72	GSE292299|GSM8855717_NSCLC_P15|immune|immune|SPP1|ITGAV|SPP1	GSE292299	GSM8855717_NSCLC_P15	NSCLC	immune	immune	SPP1	ITGAV	SPP1	0.901566	high_pilot_v3	True	True	1				0.9314875435294117		
no_raw_score	73	GSE292299|GSM8855717_NSCLC_P15|tumor_like|tumor_like|SPP1|CD44|SPP1	GSE292299	GSM8855717_NSCLC_P15	NSCLC	tumor_like	tumor_like	SPP1	CD44	SPP1	0.908632	high_pilot_v3	True	True	0				0.9314875435294117		
no_raw_score	74	GSE292299|GSM8855717_NSCLC_P15|tumor_like|tumor_like|MIF|CD74|MIF	GSE292299	GSM8855717_NSCLC_P15	NSCLC	tumor_like	tumor_like	MIF	CD74	MIF	0.933845	high_pilot_v3	True	True	0				0.9314875435294117		
no_raw_score	75	GSE283052|GSM8655161_P09|stroma_fibroblast|stroma_fibroblast|MIF|CD74|MIF	GSE283052	GSM8655161_P09	colorectal cancer	stroma_fibroblast	stroma_fibroblast	MIF	CD74	MIF	0.933313	high_pilot_v3	True	True	1				0.9314875435294117		
no_raw_score	76	GSE292299|GSM8855707_NSCLC_P5|tumor_like|immune|MIF|CD74|MIF	GSE292299	GSM8855707_NSCLC_P5	NSCLC	tumor_like	immune	MIF	CD74	MIF	0.913568	high_pilot_v3	True	True	1				0.9314875435294117		
no_raw_score	77	GSE292299|GSM8855710_NSCLC_P8|tumor_like|tumor_like|MIF|CD74|MIF	GSE292299	GSM8855710_NSCLC_P8	NSCLC	tumor_like	tumor_like	MIF	CD74	MIF	0.925891	high_pilot_v3	True	True	1				0.9314875435294117		
no_raw_score	78	GSE300445|GSM9060735_AdjIII-0133|stroma_fibroblast|stroma_fibroblast|CXCL12|CXCR4|CXCL chemokine	GSE300445	GSM9060735_AdjIII-0133	melanoma	stroma_fibroblast	stroma_fibroblast	CXCL12	CXCR4	CXCL chemokine	0.922162	high_pilot_v3	True	True	1				0.9314875435294117		
no_raw_score	79	GSE292299|GSM8855716_NSCLC_P14|stroma_fibroblast|stroma_fibroblast|MIF|CD74|MIF	GSE292299	GSM8855716_NSCLC_P14	NSCLC	stroma_fibroblast	stroma_fibroblast	MIF	CD74	MIF	0.91545	high_pilot_v3	True	True	1				0.9314875435294117		
no_raw_score	80	GSE292299|GSM8855719_DLBCL_P1|immune|immune|MIF|CD74|MIF	GSE292299	GSM8855719_DLBCL_P1	DLBCL	immune	immune	MIF	CD74	MIF	0.936402	high_pilot_v3	True	True	1				0.9314875435294117		
no_raw_score	81	GSE292299|GSM8855719_DLBCL_P1|immune|immune|CCL2|CCR2|CCL chemokine	GSE292299	GSM8855719_DLBCL_P1	DLBCL	immune	immune	CCL2	CCR2	CCL chemokine	0.863213	high_pilot_v3	True	True	1				0.9314875435294117		
no_raw_score	82	GSE292299|GSM8855709_NSCLC_P7|tumor_like|tumor_like|MIF|CD74|MIF	GSE292299	GSM8855709_NSCLC_P7	NSCLC	tumor_like	tumor_like	MIF	CD74	MIF	0.939492	high_pilot_v3	True	True	0				0.9314875435294117		
no_raw_score	83	GSE292299|GSM8855709_NSCLC_P7|immune|immune|SPP1|ITGAV|SPP1	GSE292299	GSM8855709_NSCLC_P7	NSCLC	immune	immune	SPP1	ITGAV	SPP1	0.937432	high_pilot_v3	True	True	0				0.9314875435294117		
no_raw_score	84	GSE283052|GSM8655163_P11|stroma_fibroblast|stroma_fibroblast|MIF|CD74|MIF	GSE283052	GSM8655163_P11	colorectal cancer	stroma_fibroblast	stroma_fibroblast	MIF	CD74	MIF	0.936509	high_pilot_v3	True	True	1				0.9314875435294117		
no_raw_score	85	GSE283052|GSM8655166_P17|tumor_like|tumor_like|MIF|CD74|MIF	GSE283052	GSM8655166_P17	colorectal cancer	tumor_like	tumor_like	MIF	CD74	MIF	0.930507	high_pilot_v3	True	True	0				0.9314875435294117		
no_raw_score	86	GSE292299|GSM8855707_NSCLC_P5|stroma_fibroblast|stroma_fibroblast|SPP1|CD44|SPP1	GSE292299	GSM8855707_NSCLC_P5	NSCLC	stroma_fibroblast	stroma_fibroblast	SPP1	CD44	SPP1	0.922908	high_pilot_v3	True	True	1				0.9314875435294117		
no_raw_score	87	GSE283052|GSM8655157_P02|tumor_like|tumor_like|MIF|CD74|MIF	GSE283052	GSM8655157_P02	colorectal cancer	tumor_like	tumor_like	MIF	CD74	MIF	0.940237	high_pilot_v3	True	True	1				0.9314875435294117		
no_raw_score	88	GSE283052|GSM8655164_P13|stroma_fibroblast|stroma_fibroblast|TGFB1|TGFBR2|TGFB	GSE283052	GSM8655164_P13	colorectal cancer	stroma_fibroblast	stroma_fibroblast	TGFB1	TGFBR2	TGFB	0.90295	high_pilot_v3	True	True	1				0.9314875435294117		
no_raw_score	89	GSE283052|GSM8655161_P09|stroma_fibroblast|stroma_fibroblast|SPP1|CD44|SPP1	GSE283052	GSM8655161_P09	colorectal cancer	stroma_fibroblast	stroma_fibroblast	SPP1	CD44	SPP1	0.905223	high_pilot_v3	True	True	1				0.9314875435294117		
no_raw_score	90	GSE292299|GSM8855707_NSCLC_P5|stroma_fibroblast|stroma_fibroblast|SPP1|ITGAV|SPP1	GSE292299	GSM8855707_NSCLC_P5	NSCLC	stroma_fibroblast	stroma_fibroblast	SPP1	ITGAV	SPP1	0.919747	high_pilot_v3	True	True	1				0.9314875435294117		
no_raw_score	91	GSE292299|GSM8855707_NSCLC_P5|tumor_like|tumor_like|SPP1|ITGAV|SPP1	GSE292299	GSM8855707_NSCLC_P5	NSCLC	tumor_like	tumor_like	SPP1	ITGAV	SPP1	0.915877	high_pilot_v3	True	True	0				0.9314875435294117		
no_raw_score	92	GSE292299|GSM8855707_NSCLC_P5|stroma_fibroblast|stroma_fibroblast|MIF|CD74|MIF	GSE292299	GSM8855707_NSCLC_P5	NSCLC	stroma_fibroblast	stroma_fibroblast	MIF	CD74	MIF	0.91577	high_pilot_v3	True	True	1				0.9314875435294117		
no_raw_score	93	GSE292299|GSM8855714_NSCLC_P12|stroma_fibroblast|stroma_fibroblast|COL1A1|ITGA2|ECM-integrin	GSE292299	GSM8855714_NSCLC_P12	NSCLC	stroma_fibroblast	stroma_fibroblast	COL1A1	ITGA2	ECM-integrin	0.933561	high_pilot_v3	True	True	1				0.9314875435294117		
no_raw_score	94	GSE292299|GSM8855715_NSCLC_P13|tumor_like|tumor_like|MIF|CD74|MIF	GSE292299	GSM8855715_NSCLC_P13	NSCLC	tumor_like	tumor_like	MIF	CD74	MIF	0.940735	high_pilot_v3	True	True	0				0.9314875435294117		
no_raw_score	95	GSE283052|GSM8655166_P17|stroma_fibroblast|stroma_fibroblast|COL1A1|ITGA2|ECM-integrin	GSE283052	GSM8655166_P17	colorectal cancer	stroma_fibroblast	stroma_fibroblast	COL1A1	ITGA2	ECM-integrin	0.918327	high_pilot_v3	True	True	1				0.9314875435294117		
no_raw_score	96	GSE292299|GSM8855705_NSCLC_P3|tumor_like|tumor_like|SPP1|CD44|SPP1	GSE292299	GSM8855705_NSCLC_P3	NSCLC	tumor_like	tumor_like	SPP1	CD44	SPP1	0.932958	high_pilot_v3	True	True	0				0.9314875435294117		
no_raw_score	97	GSE292299|GSM8855705_NSCLC_P3|tumor_like|tumor_like|SPP1|ITGAV|SPP1	GSE292299	GSM8855705_NSCLC_P3	NSCLC	tumor_like	tumor_like	SPP1	ITGAV	SPP1	0.932496	high_pilot_v3	True	True	0				0.9314875435294117		
no_raw_score	98	GSE300445|GSM9060735_AdjIII-0133|tumor_like|tumor_like|JAG1|NOTCH2|NOTCH	GSE300445	GSM9060735_AdjIII-0133	melanoma	tumor_like	tumor_like	JAG1	NOTCH2	NOTCH	0.931537	high_pilot_v3	True	True	0				0.9314875435294117		
no_raw_score	99	GSE300445|GSM9060735_AdjIII-0133|tumor_like|tumor_like|MIF|CD74|MIF	GSE300445	GSM9060735_AdjIII-0133	melanoma	tumor_like	tumor_like	MIF	CD74	MIF	0.941516	high_pilot_v3	True	True	0				0.9314875435294117		
no_raw_score	100	GSE292299|GSM8855704_NSCLC_P2|tumor_like|tumor_like|MIF|CD74|MIF	GSE292299	GSM8855704_NSCLC_P2	NSCLC	tumor_like	tumor_like	MIF	CD74	MIF	0.936047	high_pilot_v3	True	True	0				0.9314875435294117		
no_raw_score	101	GSE292299|GSM8855717_NSCLC_P15|immune|immune|CXCL12|CXCR4|CXCL chemokine	GSE292299	GSM8855717_NSCLC_P15	NSCLC	immune	immune	CXCL12	CXCR4	CXCL chemokine	0.931608	high_pilot_v3	True	True	1				0.9314875435294117		
no_raw_score	102	GSE292299|GSM8855704_NSCLC_P2|tumor_like|immune|MIF|CD74|MIF	GSE292299	GSM8855704_NSCLC_P2	NSCLC	tumor_like	immune	MIF	CD74	MIF	0.936154	high_pilot_v3	True	True	0				0.9314875435294117		
no_raw_score	103	GSE283052|GSM8655167_P18|stroma_fibroblast|stroma_fibroblast|SPP1|ITGAV|SPP1	GSE283052	GSM8655167_P18	colorectal cancer	stroma_fibroblast	stroma_fibroblast	SPP1	ITGAV	SPP1	0.914492	high_pilot_v3	True	True	1				0.9314875435294117		
no_raw_score	104	GSE283052|GSM8655167_P18|tumor_like|tumor_like|MIF|CD74|MIF	GSE283052	GSM8655167_P18	colorectal cancer	tumor_like	tumor_like	MIF	CD74	MIF	0.938178	high_pilot_v3	True	True	1				0.9314875435294117		
no_raw_score	105	GSE283052|GSM8655161_P09|stroma_fibroblast|stroma_fibroblast|DLL4|NOTCH1|NOTCH	GSE283052	GSM8655161_P09	colorectal cancer	stroma_fibroblast	stroma_fibroblast	DLL4	NOTCH1	NOTCH	0.871523	high_pilot_v3	True	True	0				0.9314875435294117		
no_raw_score	106	GSE283052|GSM8655161_P09|tumor_like|tumor_like|JAG1|NOTCH2|NOTCH	GSE283052	GSM8655161_P09	colorectal cancer	tumor_like	tumor_like	JAG1	NOTCH2	NOTCH	0.883135	high_pilot_v3	True	True	1				0.9314875435294117		
no_raw_score	107	GSE283052|GSM8655161_P09|stroma_fibroblast|stroma_fibroblast|COL1A1|ITGA2|ECM-integrin	GSE283052	GSM8655161_P09	colorectal cancer	stroma_fibroblast	stroma_fibroblast	COL1A1	ITGA2	ECM-integrin	0.925962	high_pilot_v3	True	True	1				0.9314875435294117		
no_raw_score	108	GSE283052|GSM8655164_P13|stroma_fibroblast|stroma_fibroblast|TGFB1|TGFBR1|TGFB	GSE283052	GSM8655164_P13	colorectal cancer	stroma_fibroblast	stroma_fibroblast	TGFB1	TGFBR1	TGFB	0.900855	high_pilot_v3	True	True	1				0.9314875435294117		
no_raw_score	109	GSE292299|GSM8855707_NSCLC_P5|stroma_fibroblast|stroma_fibroblast|COL1A1|ITGA2|ECM-integrin	GSE292299	GSM8855707_NSCLC_P5	NSCLC	stroma_fibroblast	stroma_fibroblast	COL1A1	ITGA2	ECM-integrin	0.927773	high_pilot_v3	True	True	1				0.9314875435294117		
no_raw_score	110	GSE292299|GSM8855704_NSCLC_P2|tumor_like|tumor_like|SPP1|ITGAV|SPP1	GSE292299	GSM8855704_NSCLC_P2	NSCLC	tumor_like	tumor_like	SPP1	ITGAV	SPP1	0.937468	high_pilot_v3	True	True	0				0.9314875435294117		
no_raw_score	111	GSE292299|GSM8855708_NSCLC_P6|tumor_like|tumor_like|TGFB1|TGFBR1|TGFB	GSE292299	GSM8855708_NSCLC_P6	NSCLC	tumor_like	tumor_like	TGFB1	TGFBR1	TGFB	0.908987	high_pilot_v3	True	True	0				0.9314875435294117		
no_raw_score	112	GSE292299|GSM8855708_NSCLC_P6|tumor_like|tumor_like|TGFB1|TGFBR2|TGFB	GSE292299	GSM8855708_NSCLC_P6	NSCLC	tumor_like	tumor_like	TGFB1	TGFBR2	TGFB	0.92685	high_pilot_v3	True	True	0				0.9314875435294117		
no_raw_score	113	GSE292299|GSM8855703_NSCLC_P1|stroma_fibroblast|stroma_fibroblast|JAG1|NOTCH2|NOTCH	GSE292299	GSM8855703_NSCLC_P1	NSCLC	stroma_fibroblast	stroma_fibroblast	JAG1	NOTCH2	NOTCH	0.89773	high_pilot_v3	True	True	1				0.9314875435294117		
no_raw_score	114	GSE292299|GSM8855709_NSCLC_P7|stroma_fibroblast|stroma_fibroblast|CXCL12|CXCR4|CXCL chemokine	GSE292299	GSM8855709_NSCLC_P7	NSCLC	stroma_fibroblast	stroma_fibroblast	CXCL12	CXCR4	CXCL chemokine	0.925536	high_pilot_v3	True	True	0				0.9314875435294117		
no_raw_score	115	GSE283052|GSM8655163_P11|stroma_fibroblast|stroma_fibroblast|SPP1|CD44|SPP1	GSE283052	GSM8655163_P11	colorectal cancer	stroma_fibroblast	stroma_fibroblast	SPP1	CD44	SPP1	0.900607	high_pilot_v3	True	True	1				0.9314875435294117		
no_raw_score	116	GSE292299|GSM8855709_NSCLC_P7|tumor_like|tumor_like|TGFB1|TGFBR2|TGFB	GSE292299	GSM8855709_NSCLC_P7	NSCLC	tumor_like	tumor_like	TGFB1	TGFBR2	TGFB	0.914314	high_pilot_v3	True	True	0				0.9314875435294117		
no_raw_score	117	GSE292299|GSM8855720_DLBCL_P2|immune|immune|CXCL9|CXCR3|CXCL chemokine	GSE292299	GSM8855720_DLBCL_P2	DLBCL	immune	immune	CXCL9	CXCR3	CXCL chemokine	0.91332	high_pilot_v3	True	True	1				0.9314875435294117		
no_raw_score	118	GSE292299|GSM8855720_DLBCL_P2|immune|immune|MIF|CD74|MIF	GSE292299	GSM8855720_DLBCL_P2	DLBCL	immune	immune	MIF	CD74	MIF	0.930259	high_pilot_v3	True	True	1				0.9314875435294117		
no_raw_score	119	GSE300445|GSM9060732_AdjIII-0019|stroma_fibroblast|stroma_fibroblast|COL1A1|ITGA2|ECM-integrin	GSE300445	GSM9060732_AdjIII-0019	melanoma	stroma_fibroblast	stroma_fibroblast	COL1A1	ITGA2	ECM-integrin	0.938107	high_pilot_v3	True	True	1				0.9314875435294117		
no_raw_score	120	GSE292299|GSM8855720_DLBCL_P2|immune|immune|SPP1|CD44|SPP1	GSE292299	GSM8855720_DLBCL_P2	DLBCL	immune	immune	SPP1	CD44	SPP1	0.897553	high_pilot_v3	True	True	1				0.9314875435294117		
no_raw_score	121	GSE283052|GSM8655168_P24|stroma_fibroblast|stroma_fibroblast|MIF|CD74|MIF	GSE283052	GSM8655168_P24	colorectal cancer	stroma_fibroblast	stroma_fibroblast	MIF	CD74	MIF	0.936012	high_pilot_v3	True	True	1				0.9314875435294117		
no_raw_score	122	GSE300445|GSM9060734_AdjIII-0113|tumor_like|tumor_like|TGFB1|TGFBR1|TGFB	GSE300445	GSM9060734_AdjIII-0113	melanoma	tumor_like	tumor_like	TGFB1	TGFBR1	TGFB	0.925323	high_pilot_v3	True	True	0				0.9314875435294117		
no_raw_score	123	GSE292299|GSM8855706_NSCLC_P4|immune|immune|SPP1|CD44|SPP1	GSE292299	GSM8855706_NSCLC_P4	NSCLC	immune	immune	SPP1	CD44	SPP1	0.932531	high_pilot_v3	True	True	1				0.9314875435294117		
no_raw_score	124	GSE292299|GSM8855706_NSCLC_P4|immune|endothelial|SPP1|CD44|SPP1	GSE292299	GSM8855706_NSCLC_P4	NSCLC	immune	endothelial	SPP1	CD44	SPP1	0.921345	high_pilot_v3	True	True	0				0.9314875435294117		
no_raw_score	125	GSE283052|GSM8655164_P13|stroma_fibroblast|stroma_fibroblast|COL1A1|ITGA2|ECM-integrin	GSE283052	GSM8655164_P13	colorectal cancer	stroma_fibroblast	stroma_fibroblast	COL1A1	ITGA2	ECM-integrin	0.927418	high_pilot_v3	True	True	1				0.9314875435294117		
no_raw_score	126	GSE300445|GSM9060733_AdjIII-0022|tumor_like|tumor_like|SPP1|CD44|SPP1	GSE300445	GSM9060733_AdjIII-0022	melanoma	tumor_like	tumor_like	SPP1	CD44	SPP1	0.932247	high_pilot_v3	True	True	1				0.9314875435294117		
no_raw_score	127	GSE292299|GSM8855720_DLBCL_P2|immune|immune|CXCL12|CXCR4|CXCL chemokine	GSE292299	GSM8855720_DLBCL_P2	DLBCL	immune	immune	CXCL12	CXCR4	CXCL chemokine	0.913497	high_pilot_v3	True	True	1				0.9314875435294117		
no_raw_score	128	GSE283052|GSM8655159_P05|stroma_fibroblast|stroma_fibroblast|SPP1|ITGAV|SPP1	GSE283052	GSM8655159_P05	colorectal cancer	stroma_fibroblast	stroma_fibroblast	SPP1	ITGAV	SPP1	0.913959	high_pilot_v3	True	True	1				0.9314875435294117		
no_raw_score	129	GSE283052|GSM8655168_P24|stroma_fibroblast|stroma_fibroblast|TGFB1|TGFBR2|TGFB	GSE283052	GSM8655168_P24	colorectal cancer	stroma_fibroblast	stroma_fibroblast	TGFB1	TGFBR2	TGFB	0.901346	high_pilot_v3	True	True	1				0.9299344470588234		
no_raw_score	130	GSE292299|GSM8855703_NSCLC_P1|tumor_like|tumor_like|WNT5A|FZD5|WNT	GSE292299	GSM8855703_NSCLC_P1	NSCLC	tumor_like	tumor_like	WNT5A	FZD5	WNT	0.88739	high_pilot_v3	True	True	0				0.9299344470588234		
no_raw_score	131	GSE283052|GSM8655168_P24|stroma_fibroblast|stroma_fibroblast|SPP1|ITGAV|SPP1	GSE283052	GSM8655168_P24	colorectal cancer	stroma_fibroblast	stroma_fibroblast	SPP1	ITGAV	SPP1	0.914592	high_pilot_v3	True	True	1				0.9299344470588234		
no_raw_score	132	GSE292299|GSM8855706_NSCLC_P4|stroma_fibroblast|stroma_fibroblast|CXCL12|CXCR4|CXCL chemokine	GSE292299	GSM8855706_NSCLC_P4	NSCLC	stroma_fibroblast	stroma_fibroblast	CXCL12	CXCR4	CXCL chemokine	0.888207	high_pilot_v3	True	True	0				0.9299344470588234		
no_raw_score	133	GSE292299|GSM8855715_NSCLC_P13|stroma_fibroblast|stroma_fibroblast|SPP1|ITGAV|SPP1	GSE292299	GSM8855715_NSCLC_P13	NSCLC	stroma_fibroblast	stroma_fibroblast	SPP1	ITGAV	SPP1	0.937136	high_pilot_v3	True	True	1				0.9283813505882355		
no_raw_score	134	GSE283052|GSM8655157_P02|tumor_like|tumor_like|HBEGF|EGFR|EGF/ERBB	GSE283052	GSM8655157_P02	colorectal cancer	tumor_like	tumor_like	HBEGF	EGFR	EGF/ERBB	0.876802	high_pilot_v3	True	True	1				0.9283813505882355		
no_raw_score	135	GSE300445|GSM9060734_AdjIII-0113|tumor_like|tumor_like|COL1A1|ITGA2|ECM-integrin	GSE300445	GSM9060734_AdjIII-0113	melanoma	tumor_like	tumor_like	COL1A1	ITGA2	ECM-integrin	0.934295	high_pilot_v3	True	True	0				0.9283813505882355		
no_raw_score	136	GSE292299|GSM8855718_NSCLC_P16|tumor_like|tumor_like|DLL4|NOTCH1|NOTCH	GSE292299	GSM8855718_NSCLC_P16	NSCLC	tumor_like	tumor_like	DLL4	NOTCH1	NOTCH	0.88053	high_pilot_v3	True	True	1				0.9283813505882355		
no_raw_score	137	GSE292299|GSM8855718_NSCLC_P16|stroma_fibroblast|stroma_fibroblast|CXCL12|CXCR4|CXCL chemokine	GSE292299	GSM8855718_NSCLC_P16	NSCLC	stroma_fibroblast	stroma_fibroblast	CXCL12	CXCR4	CXCL chemokine	0.904856	high_pilot_v3	True	True	0				0.9283813505882355		
no_raw_score	138	GSE292299|GSM8855719_DLBCL_P1|immune|immune|TGFB1|TGFBR2|TGFB	GSE292299	GSM8855719_DLBCL_P1	DLBCL	immune	immune	TGFB1	TGFBR2	TGFB	0.906028	high_pilot_v3	True	True	0				0.9283813505882355		
no_raw_score	139	GSE292299|GSM8855718_NSCLC_P16|tumor_like|tumor_like|JAG1|NOTCH2|NOTCH	GSE292299	GSM8855718_NSCLC_P16	NSCLC	tumor_like	tumor_like	JAG1	NOTCH2	NOTCH	0.881128	high_pilot_v3	True	True	1				0.9268282541176471		
no_raw_score	140	GSE292299|GSM8855720_DLBCL_P2|immune|immune|TGFB1|TGFBR2|TGFB	GSE292299	GSM8855720_DLBCL_P2	DLBCL	immune	immune	TGFB1	TGFBR2	TGFB	0.889757	high_pilot_v3	True	True	1				0.9268282541176471		
no_raw_score	141	GSE283052|GSM8655163_P11|stroma_fibroblast|stroma_fibroblast|COL1A1|ITGA2|ECM-integrin	GSE283052	GSM8655163_P11	colorectal cancer	stroma_fibroblast	stroma_fibroblast	COL1A1	ITGA2	ECM-integrin	0.913727	high_pilot_v3	True	True	1				0.9268282541176471		
no_raw_score	142	GSE292299|GSM8855719_DLBCL_P1|immune|immune|CXCL12|CXCR4|CXCL chemokine	GSE292299	GSM8855719_DLBCL_P1	DLBCL	immune	immune	CXCL12	CXCR4	CXCL chemokine	0.90872	high_pilot_v3	True	True	1				0.9268282541176471		
no_raw_score	143	GSE283052|GSM8655168_P24|immune|immune|TGFB1|TGFBR1|TGFB	GSE283052	GSM8655168_P24	colorectal cancer	immune	immune	TGFB1	TGFBR1	TGFB	0.858507	high_pilot_v3	True	True	0				0.9268282541176471		
no_raw_score	144	GSE292299|GSM8855712_NSCLC_P10|tumor_like|tumor_like|CXCL12|CXCR4|CXCL chemokine	GSE292299	GSM8855712_NSCLC_P10	NSCLC	tumor_like	tumor_like	CXCL12	CXCR4	CXCL chemokine	0.881305	high_pilot_v3	True	True	1				0.9268282541176471		
no_raw_score	145	GSE292299|GSM8855706_NSCLC_P4|tumor_like|tumor_like|SPP1|CD44|SPP1	GSE292299	GSM8855706_NSCLC_P4	NSCLC	tumor_like	tumor_like	SPP1	CD44	SPP1	0.92088	high_pilot_v3	True	True	0				0.9264274588235295		
no_raw_score	146	GSE292299|GSM8855710_NSCLC_P8|tumor_like|tumor_like|COL1A1|ITGA2|ECM-integrin	GSE292299	GSM8855710_NSCLC_P8	NSCLC	tumor_like	tumor_like	COL1A1	ITGA2	ECM-integrin	0.918216	high_pilot_v3	True	True	0				0.9264274588235295		
no_raw_score	147	GSE300445|GSM9060734_AdjIII-0113|tumor_like|tumor_like|SPP1|CD44|SPP1	GSE300445	GSM9060734_AdjIII-0113	melanoma	tumor_like	tumor_like	SPP1	CD44	SPP1	0.9348	high_pilot_v3	True	True	0				0.9264274588235295		
no_raw_score	148	GSE292299|GSM8855708_NSCLC_P6|tumor_like|tumor_like|MIF|CD74|MIF	GSE292299	GSM8855708_NSCLC_P6	NSCLC	tumor_like	tumor_like	MIF	CD74	MIF	0.936291	high_pilot_v3	True	True	0				0.9264274588235295		
no_raw_score	149	GSE292299|GSM8855714_NSCLC_P12|stroma_fibroblast|stroma_fibroblast|SPP1|CD44|SPP1	GSE292299	GSM8855714_NSCLC_P12	NSCLC	stroma_fibroblast	stroma_fibroblast	SPP1	CD44	SPP1	0.916583	high_pilot_v3	True	True	1				0.9264274588235295		
no_raw_score	150	GSE292299|GSM8855704_NSCLC_P2|tumor_like|tumor_like|TGFB1|TGFBR2|TGFB	GSE292299	GSM8855704_NSCLC_P2	NSCLC	tumor_like	tumor_like	TGFB1	TGFBR2	TGFB	0.89833	high_pilot_v3	True	True	0				0.9264274588235295		
no_raw_score	151	GSE283052|GSM8655168_P24|immune|immune|JAG1|NOTCH2|NOTCH	GSE283052	GSM8655168_P24	colorectal cancer	immune	immune	JAG1	NOTCH2	NOTCH	0.838259	high_pilot_v3	True	True	0				0.9252751576470589		
no_raw_score	152	GSE292299|GSM8855706_NSCLC_P4|tumor_like|tumor_like|HBEGF|EGFR|EGF/ERBB	GSE292299	GSM8855706_NSCLC_P4	NSCLC	tumor_like	tumor_like	HBEGF	EGFR	EGF/ERBB	0.895894	high_pilot_v3	True	True	1				0.9252751576470589		
no_raw_score	153	GSE292299|GSM8855704_NSCLC_P2|stroma_fibroblast|stroma_fibroblast|CXCL12|CXCR4|CXCL chemokine	GSE292299	GSM8855704_NSCLC_P2	NSCLC	stroma_fibroblast	stroma_fibroblast	CXCL12	CXCR4	CXCL chemokine	0.899659	high_pilot_v3	True	True	0				0.9252751576470589		
no_raw_score	154	GSE300445|GSM9060732_AdjIII-0019|tumor_like|tumor_like|VEGFA|KDR|VEGF	GSE300445	GSM9060732_AdjIII-0019	melanoma	tumor_like	tumor_like	VEGFA	KDR	VEGF	0.919403	high_pilot_v3	True	True	0				0.9252751576470589		
no_raw_score	155	GSE283052|GSM8655158_P04|stroma_fibroblast|stroma_fibroblast|CXCL12|CXCR4|CXCL chemokine	GSE283052	GSM8655158_P04	colorectal cancer	stroma_fibroblast	stroma_fibroblast	CXCL12	CXCR4	CXCL chemokine	0.889289	high_pilot_v3	True	True	0				0.9252751576470589		
no_raw_score	156	GSE292299|GSM8855715_NSCLC_P13|tumor_like|tumor_like|JAG1|NOTCH2|NOTCH	GSE292299	GSM8855715_NSCLC_P13	NSCLC	tumor_like	tumor_like	JAG1	NOTCH2	NOTCH	0.928387	high_pilot_v3	True	True	1				0.9252751576470589		
no_raw_score	157	GSE283052|GSM8655162_P10|stroma_fibroblast|stroma_fibroblast|WNT5A|FZD5|WNT	GSE283052	GSM8655162_P10	colorectal cancer	stroma_fibroblast	stroma_fibroblast	WNT5A	FZD5	WNT	0.87064	high_pilot_v3	True	True	0				0.9237220611764706		
no_raw_score	158	GSE292299|GSM8855708_NSCLC_P6|stroma_fibroblast|stroma_fibroblast|CXCL12|CXCR4|CXCL chemokine	GSE292299	GSM8855708_NSCLC_P6	NSCLC	stroma_fibroblast	stroma_fibroblast	CXCL12	CXCR4	CXCL chemokine	0.922735	high_pilot_v3	True	True	0				0.9237220611764706		
no_raw_score	159	GSE283052|GSM8655163_P11|stroma_fibroblast|stroma_fibroblast|TGFB1|TGFBR1|TGFB	GSE283052	GSM8655163_P11	colorectal cancer	stroma_fibroblast	stroma_fibroblast	TGFB1	TGFBR1	TGFB	0.887294	high_pilot_v3	True	True	1				0.9237220611764706		
no_raw_score	160	GSE292299|GSM8855711_NSCLC_P9|stroma_fibroblast|stroma_fibroblast|TGFB1|TGFBR2|TGFB	GSE292299	GSM8855711_NSCLC_P9	NSCLC	stroma_fibroblast	stroma_fibroblast	TGFB1	TGFBR2	TGFB	0.895604	high_pilot_v3	True	True	1				0.9237220611764706		
no_raw_score	161	GSE292299|GSM8855719_DLBCL_P1|immune|immune|TGFB1|TGFBR1|TGFB	GSE292299	GSM8855719_DLBCL_P1	DLBCL	immune	immune	TGFB1	TGFBR1	TGFB	0.890526	high_pilot_v3	True	True	0				0.9237220611764706		
no_raw_score	162	GSE292299|GSM8855717_NSCLC_P15|immune|immune|SPP1|CD44|SPP1	GSE292299	GSM8855717_NSCLC_P15	NSCLC	immune	immune	SPP1	CD44	SPP1	0.90782	high_pilot_v3	True	True	1				0.9237220611764706		
no_raw_score	163	GSE292299|GSM8855703_NSCLC_P1|stroma_fibroblast|stroma_fibroblast|CXCL12|CXCR4|CXCL chemokine	GSE292299	GSM8855703_NSCLC_P1	NSCLC	stroma_fibroblast	stroma_fibroblast	CXCL12	CXCR4	CXCL chemokine	0.91162	high_pilot_v3	True	True	1				0.9237220611764706		
no_raw_score	164	GSE300445|GSM9060732_AdjIII-0019|stroma_fibroblast|stroma_fibroblast|CXCL12|CXCR4|CXCL chemokine	GSE300445	GSM9060732_AdjIII-0019	melanoma	stroma_fibroblast	stroma_fibroblast	CXCL12	CXCR4	CXCL chemokine	0.92003	high_pilot_v3	True	True	1				0.9221689647058824		
no_raw_score	165	GSE292299|GSM8855704_NSCLC_P2|tumor_like|tumor_like|HBEGF|EGFR|EGF/ERBB	GSE292299	GSM8855704_NSCLC_P2	NSCLC	tumor_like	tumor_like	HBEGF	EGFR	EGF/ERBB	0.905825	high_pilot_v3	True	True	1				0.9221689647058824		
no_raw_score	166	GSE283052|GSM8655160_P07|stroma_fibroblast|stroma_fibroblast|WNT5A|FZD5|WNT	GSE283052	GSM8655160_P07	colorectal cancer	stroma_fibroblast	stroma_fibroblast	WNT5A	FZD5	WNT	0.893077	high_pilot_v3	True	True	0				0.9221689647058824		
no_raw_score	167	GSE292299|GSM8855703_NSCLC_P1|stroma_fibroblast|stroma_fibroblast|TGFB1|TGFBR2|TGFB	GSE292299	GSM8855703_NSCLC_P1	NSCLC	stroma_fibroblast	stroma_fibroblast	TGFB1	TGFBR2	TGFB	0.901564	high_pilot_v3	True	True	1				0.9221689647058824		
no_raw_score	168	GSE283052|GSM8655163_P11|stroma_fibroblast|stroma_fibroblast|TGFB1|TGFBR2|TGFB	GSE283052	GSM8655163_P11	colorectal cancer	stroma_fibroblast	stroma_fibroblast	TGFB1	TGFBR2	TGFB	0.893219	high_pilot_v3	True	True	1				0.9221689647058824		
no_raw_score	169	GSE292299|GSM8855720_DLBCL_P2|immune|immune|JAG1|NOTCH2|NOTCH	GSE292299	GSM8855720_DLBCL_P2	DLBCL	immune	immune	JAG1	NOTCH2	NOTCH	0.838886	high_pilot_v3	True	True	1				0.9221689647058824		
no_raw_score	170	GSE292299|GSM8855709_NSCLC_P7|immune|immune|SPP1|CD44|SPP1	GSE292299	GSM8855709_NSCLC_P7	NSCLC	immune	immune	SPP1	CD44	SPP1	0.930357	high_pilot_v3	True	True	0				0.9213673694117646		
no_raw_score	171	GSE292299|GSM8855704_NSCLC_P2|stroma_fibroblast|stroma_fibroblast|COL1A1|ITGA2|ECM-integrin	GSE292299	GSM8855704_NSCLC_P2	NSCLC	stroma_fibroblast	stroma_fibroblast	COL1A1	ITGA2	ECM-integrin	0.929398	high_pilot_v3	True	True	1				0.9213673694117646		
no_raw_score	172	GSE283052|GSM8655159_P05|tumor_like|tumor_like|MIF|CD74|MIF	GSE283052	GSM8655159_P05	colorectal cancer	tumor_like	tumor_like	MIF	CD74	MIF	0.925811	high_pilot_v3	True	True	0				0.9213673694117646		
no_raw_score	173	GSE292299|GSM8855714_NSCLC_P12|stroma_fibroblast|stroma_fibroblast|CXCL12|CXCR4|CXCL chemokine	GSE292299	GSM8855714_NSCLC_P12	NSCLC	stroma_fibroblast	stroma_fibroblast	CXCL12	CXCR4	CXCL chemokine	0.900705	high_pilot_v3	True	True	0				0.9206158682352941		
no_raw_score	174	GSE283052|GSM8655166_P17|tumor_like|tumor_like|JAG1|NOTCH2|NOTCH	GSE283052	GSM8655166_P17	colorectal cancer	tumor_like	tumor_like	JAG1	NOTCH2	NOTCH	0.883198	high_pilot_v3	True	True	1				0.9206158682352941		
no_raw_score	175	GSE283052|GSM8655161_P09|stroma_fibroblast|stroma_fibroblast|SPP1|ITGAV|SPP1	GSE283052	GSM8655161_P09	colorectal cancer	stroma_fibroblast	stroma_fibroblast	SPP1	ITGAV	SPP1	0.890194	high_pilot_v3	True	True	1				0.9206158682352941		
no_raw_score	176	GSE292299|GSM8855711_NSCLC_P9|stroma_fibroblast|stroma_fibroblast|SPP1|ITGAV|SPP1	GSE292299	GSM8855711_NSCLC_P9	NSCLC	stroma_fibroblast	stroma_fibroblast	SPP1	ITGAV	SPP1	0.908021	high_pilot_v3	True	True	1				0.9206158682352941		
no_raw_score	177	GSE292299|GSM8855706_NSCLC_P4|tumor_like|tumor_like|VEGFA|KDR|VEGF	GSE292299	GSM8855706_NSCLC_P4	NSCLC	tumor_like	tumor_like	VEGFA	KDR	VEGF	0.895343	high_pilot_v3	True	True	0				0.9206158682352941		
no_raw_score	178	GSE292299|GSM8855717_NSCLC_P15|tumor_like|tumor_like|SPP1|ITGAV|SPP1	GSE292299	GSM8855717_NSCLC_P15	NSCLC	tumor_like	tumor_like	SPP1	ITGAV	SPP1	0.879967	high_pilot_v3	True	True	0				0.9206158682352941		
no_raw_score	179	GSE292299|GSM8855705_NSCLC_P3|immune|immune|CXCL12|CXCR4|CXCL chemokine	GSE292299	GSM8855705_NSCLC_P3	NSCLC	immune	immune	CXCL12	CXCR4	CXCL chemokine	0.887104	high_pilot_v3	True	True	0				0.9206158682352941		
no_raw_score	180	GSE300445|GSM9060732_AdjIII-0019|stroma_fibroblast|stroma_fibroblast|TGFB1|TGFBR2|TGFB	GSE300445	GSM9060732_AdjIII-0019	melanoma	stroma_fibroblast	stroma_fibroblast	TGFB1	TGFBR2	TGFB	0.916253	high_pilot_v3	True	True	1				0.9190627717647059		
no_raw_score	181	GSE283052|GSM8655165_P15|tumor_like|tumor_like|DLL4|NOTCH1|NOTCH	GSE283052	GSM8655165_P15	colorectal cancer	tumor_like	tumor_like	DLL4	NOTCH1	NOTCH	0.864193	high_pilot_v3	True	True	1				0.9190627717647059		
no_raw_score	182	GSE300445|GSM9060733_AdjIII-0022|tumor_like|tumor_like|HBEGF|EGFR|EGF/ERBB	GSE300445	GSM9060733_AdjIII-0022	melanoma	tumor_like	tumor_like	HBEGF	EGFR	EGF/ERBB	0.902226	high_pilot_v3	True	True	1				0.9190627717647059		
no_raw_score	183	GSE292299|GSM8855711_NSCLC_P9|stroma_fibroblast|stroma_fibroblast|TGFB1|TGFBR1|TGFB	GSE292299	GSM8855711_NSCLC_P9	NSCLC	stroma_fibroblast	stroma_fibroblast	TGFB1	TGFBR1	TGFB	0.87023	high_pilot_v3	True	True	1				0.9190627717647059		
no_raw_score	184	GSE300445|GSM9060735_AdjIII-0133|stroma_fibroblast|stroma_fibroblast|COL1A1|ITGA2|ECM-integrin	GSE300445	GSM9060735_AdjIII-0133	melanoma	stroma_fibroblast	stroma_fibroblast	COL1A1	ITGA2	ECM-integrin	0.927049	high_pilot_v3	True	True	1				0.9190627717647059		
no_raw_score	185	GSE292299|GSM8855705_NSCLC_P3|stroma_fibroblast|stroma_fibroblast|CXCL12|CXCR4|CXCL chemokine	GSE292299	GSM8855705_NSCLC_P3	NSCLC	stroma_fibroblast	stroma_fibroblast	CXCL12	CXCR4	CXCL chemokine	0.893774	high_pilot_v3	True	True	0				0.9190627717647059		
no_raw_score	186	GSE292299|GSM8855712_NSCLC_P10|tumor_like|tumor_like|COL1A1|ITGA2|ECM-integrin	GSE292299	GSM8855712_NSCLC_P10	NSCLC	tumor_like	tumor_like	COL1A1	ITGA2	ECM-integrin	0.903043	high_pilot_v3	True	True	1				0.9190627717647059		
no_raw_score	187	GSE283052|GSM8655165_P15|stroma_fibroblast|stroma_fibroblast|COL1A1|ITGA2|ECM-integrin	GSE283052	GSM8655165_P15	colorectal cancer	stroma_fibroblast	stroma_fibroblast	COL1A1	ITGA2	ECM-integrin	0.900927	high_pilot_v3	True	True	1				0.9186619764705882		
no_raw_score	188	GSE292299|GSM8855707_NSCLC_P5|immune|immune|CXCL12|CXCR4|CXCL chemokine	GSE292299	GSM8855707_NSCLC_P5	NSCLC	immune	immune	CXCL12	CXCR4	CXCL chemokine	0.849983	high_pilot_v3	True	True	0				0.9175096752941175		
no_raw_score	189	GSE292299|GSM8855706_NSCLC_P4|tumor_like|tumor_like|EGF|EGFR|EGF/ERBB	GSE292299	GSM8855706_NSCLC_P4	NSCLC	tumor_like	tumor_like	EGF	EGFR	EGF/ERBB	0.878037	high_pilot_v3	True	True	1				0.9175096752941175		
no_raw_score	190	GSE283052|GSM8655162_P10|stroma_fibroblast|stroma_fibroblast|SPP1|ITGAV|SPP1	GSE283052	GSM8655162_P10	colorectal cancer	stroma_fibroblast	stroma_fibroblast	SPP1	ITGAV	SPP1	0.864187	high_pilot_v3	True	True	1				0.9175096752941175		
no_raw_score	191	GSE292299|GSM8855709_NSCLC_P7|stroma_fibroblast|stroma_fibroblast|COL1A1|ITGA2|ECM-integrin	GSE292299	GSM8855709_NSCLC_P7	NSCLC	stroma_fibroblast	stroma_fibroblast	COL1A1	ITGA2	ECM-integrin	0.925977	high_pilot_v3	True	True	1				0.9175096752941175		
no_raw_score	192	GSE292299|GSM8855705_NSCLC_P3|endothelial|endothelial|MIF|CD74|MIF	GSE292299	GSM8855705_NSCLC_P3	NSCLC	endothelial	endothelial	MIF	CD74	MIF	0.819593	medium_pilot_v3	False	True	0				0.91630728		
no_raw_score	193	GSE283052|GSM8655158_P04|stroma_fibroblast|stroma_fibroblast|SPP1|ITGAV|SPP1	GSE283052	GSM8655158_P04	colorectal cancer	stroma_fibroblast	stroma_fibroblast	SPP1	ITGAV	SPP1	0.905743	medium_pilot_v3	False	True	0				0.91630728		
no_raw_score	194	GSE292299|GSM8855712_NSCLC_P10|stroma_fibroblast|stroma_fibroblast|MIF|CD74|MIF	GSE292299	GSM8855712_NSCLC_P10	NSCLC	stroma_fibroblast	stroma_fibroblast	MIF	CD74	MIF	0.825949	medium_pilot_v3	False	True	0				0.91630728		
no_raw_score	195	GSE292299|GSM8855703_NSCLC_P1|stroma_fibroblast|stroma_fibroblast|SPP1|CD44|SPP1	GSE292299	GSM8855703_NSCLC_P1	NSCLC	stroma_fibroblast	stroma_fibroblast	SPP1	CD44	SPP1	0.919792	medium_pilot_v3	False	True	1				0.9159565788235295		
no_raw_score	196	GSE292299|GSM8855714_NSCLC_P12|stroma_fibroblast|stroma_fibroblast|SPP1|ITGAV|SPP1	GSE292299	GSM8855714_NSCLC_P12	NSCLC	stroma_fibroblast	stroma_fibroblast	SPP1	ITGAV	SPP1	0.902604	medium_pilot_v3	False	True	1				0.9159565788235295		
no_raw_score	197	GSE292299|GSM8855712_NSCLC_P10|tumor_like|tumor_like|JAG1|NOTCH2|NOTCH	GSE292299	GSM8855712_NSCLC_P10	NSCLC	tumor_like	tumor_like	JAG1	NOTCH2	NOTCH	0.891241	medium_pilot_v3	False	True	1				0.9159565788235295		
no_raw_score	198	GSE283052|GSM8655163_P11|tumor_like|tumor_like|HBEGF|EGFR|EGF/ERBB	GSE283052	GSM8655163_P11	colorectal cancer	tumor_like	tumor_like	HBEGF	EGFR	EGF/ERBB	0.865317	medium_pilot_v3	False	True	0				0.9159565788235295		
no_raw_score	199	GSE292299|GSM8855718_NSCLC_P16|tumor_like|tumor_like|VEGFA|KDR|VEGF	GSE292299	GSM8855718_NSCLC_P16	NSCLC	tumor_like	tumor_like	VEGFA	KDR	VEGF	0.898769	medium_pilot_v3	False	True	1				0.9159565788235295		
no_raw_score	200	GSE292299|GSM8855708_NSCLC_P6|tumor_like|tumor_like|VEGFA|KDR|VEGF	GSE292299	GSM8855708_NSCLC_P6	NSCLC	tumor_like	tumor_like	VEGFA	KDR	VEGF	0.920999	medium_pilot_v3	False	True	0				0.9159565788235295		
no_raw_score	201	GSE283052|GSM8655159_P05|tumor_like|tumor_like|SPP1|CD44|SPP1	GSE283052	GSM8655159_P05	colorectal cancer	tumor_like	tumor_like	SPP1	CD44	SPP1	0.901965	medium_pilot_v3	False	True	0				0.9159565788235295		
no_raw_score	202	GSE283052|GSM8655167_P18|stroma_fibroblast|stroma_fibroblast|TGFB1|TGFBR2|TGFB	GSE283052	GSM8655167_P18	colorectal cancer	stroma_fibroblast	stroma_fibroblast	TGFB1	TGFBR2	TGFB	0.871603	medium_pilot_v3	False	True	1				0.9159565788235295		
no_raw_score	203	GSE300445|GSM9060735_AdjIII-0133|stroma_fibroblast|stroma_fibroblast|VEGFA|KDR|VEGF	GSE300445	GSM9060735_AdjIII-0133	melanoma	stroma_fibroblast	stroma_fibroblast	VEGFA	KDR	VEGF	0.911766	medium_pilot_v3	False	True	1				0.9159565788235295		
no_raw_score	204	GSE292299|GSM8855715_NSCLC_P13|stroma_fibroblast|stroma_fibroblast|TGFB1|TGFBR1|TGFB	GSE292299	GSM8855715_NSCLC_P13	NSCLC	stroma_fibroblast	stroma_fibroblast	TGFB1	TGFBR1	TGFB	0.920609	medium_pilot_v3	False	True	1				0.9159565788235295		
no_raw_score	205	GSE300445|GSM9060735_AdjIII-0133|stroma_fibroblast|stroma_fibroblast|TGFB1|TGFBR2|TGFB	GSE300445	GSM9060735_AdjIII-0133	melanoma	stroma_fibroblast	stroma_fibroblast	TGFB1	TGFBR2	TGFB	0.909849	medium_pilot_v3	False	True	1				0.9159565788235295		
no_raw_score	206	GSE292299|GSM8855716_NSCLC_P14|stroma_fibroblast|stroma_fibroblast|CXCL12|CXCR4|CXCL chemokine	GSE292299	GSM8855716_NSCLC_P14	NSCLC	stroma_fibroblast	stroma_fibroblast	CXCL12	CXCR4	CXCL chemokine	0.866078	high_pilot_v3	True	True	1				0.9155557835294119		
no_raw_score	207	GSE283052|GSM8655161_P09|stroma_fibroblast|stroma_fibroblast|WNT5A|FZD5|WNT	GSE283052	GSM8655161_P09	colorectal cancer	stroma_fibroblast	stroma_fibroblast	WNT5A	FZD5	WNT	0.834217	medium_pilot_v3	False	True	0				0.9147541835294116		
no_raw_score	208	GSE292299|GSM8855712_NSCLC_P10|tumor_like|tumor_like|VEGFA|KDR|VEGF	GSE292299	GSM8855712_NSCLC_P10	NSCLC	tumor_like	tumor_like	VEGFA	KDR	VEGF	0.892087	medium_pilot_v3	False	True	1				0.9144034823529412		
no_raw_score	209	GSE292299|GSM8855711_NSCLC_P9|tumor_like|tumor_like|SPP1|CD44|SPP1	GSE292299	GSM8855711_NSCLC_P9	NSCLC	tumor_like	tumor_like	SPP1	CD44	SPP1	0.909771	medium_pilot_v3	False	True	0				0.9144034823529412		
no_raw_score	210	GSE283052|GSM8655165_P15|stroma_fibroblast|stroma_fibroblast|TGFB1|TGFBR2|TGFB	GSE283052	GSM8655165_P15	colorectal cancer	stroma_fibroblast	stroma_fibroblast	TGFB1	TGFBR2	TGFB	0.888003	medium_pilot_v3	False	True	1				0.9144034823529412		
no_raw_score	211	GSE292299|GSM8855704_NSCLC_P2|tumor_like|tumor_like|WNT5A|FZD5|WNT	GSE292299	GSM8855704_NSCLC_P2	NSCLC	tumor_like	tumor_like	WNT5A	FZD5	WNT	0.894786	medium_pilot_v3	False	True	1				0.9144034823529412		
no_raw_score	212	GSE292299|GSM8855712_NSCLC_P10|tumor_like|tumor_like|WNT5A|FZD5|WNT	GSE292299	GSM8855712_NSCLC_P10	NSCLC	tumor_like	tumor_like	WNT5A	FZD5	WNT	0.882818	medium_pilot_v3	False	True	1				0.9144034823529412		
no_raw_score	213	GSE300445|GSM9060733_AdjIII-0022|tumor_like|tumor_like|TGFB1|TGFBR1|TGFB	GSE300445	GSM9060733_AdjIII-0022	melanoma	tumor_like	tumor_like	TGFB1	TGFBR1	TGFB	0.914033	medium_pilot_v3	False	True	0				0.9144034823529412		
no_raw_score	214	GSE283052|GSM8655166_P17|stroma_fibroblast|stroma_fibroblast|TGFB1|TGFBR1|TGFB	GSE283052	GSM8655166_P17	colorectal cancer	stroma_fibroblast	stroma_fibroblast	TGFB1	TGFBR1	TGFB	0.86769	medium_pilot_v3	False	True	1				0.9144034823529412		
no_raw_score	215	GSE300445|GSM9060735_AdjIII-0133|tumor_like|tumor_like|HBEGF|EGFR|EGF/ERBB	GSE300445	GSM9060735_AdjIII-0133	melanoma	tumor_like	tumor_like	HBEGF	EGFR	EGF/ERBB	0.877882	medium_pilot_v3	False	True	0				0.9144034823529412		
no_raw_score	216	GSE292299|GSM8855711_NSCLC_P9|stroma_fibroblast|stroma_fibroblast|JAG1|NOTCH2|NOTCH	GSE292299	GSM8855711_NSCLC_P9	NSCLC	stroma_fibroblast	stroma_fibroblast	JAG1	NOTCH2	NOTCH	0.875254	medium_pilot_v3	False	True	0				0.9144034823529412		
no_raw_score	217	GSE292299|GSM8855709_NSCLC_P7|stroma_fibroblast|stroma_fibroblast|TGFB1|TGFBR2|TGFB	GSE292299	GSM8855709_NSCLC_P7	NSCLC	stroma_fibroblast	stroma_fibroblast	TGFB1	TGFBR2	TGFB	0.900426	medium_pilot_v3	False	True	1				0.912850385882353		
no_raw_score	218	GSE292299|GSM8855707_NSCLC_P5|tumor_like|tumor_like|HBEGF|EGFR|EGF/ERBB	GSE292299	GSM8855707_NSCLC_P5	NSCLC	tumor_like	tumor_like	HBEGF	EGFR	EGF/ERBB	0.862464	medium_pilot_v3	False	True	0				0.912850385882353		
no_annotation	1	GSE292299|GSM8855713_NSCLC_P11|tumor_like|tumor_like|SPP1|CD44|SPP1	GSE292299	GSM8855713_NSCLC_P11	NSCLC	tumor_like	tumor_like	SPP1	CD44	SPP1	0.941658	high_pilot_v3	True	True	1					0.9907309750000002	
no_annotation	2	GSE300445|GSM9060734_AdjIII-0113|tumor_like|tumor_like|MIF|CD74|MIF	GSE300445	GSM9060734_AdjIII-0113	melanoma	tumor_like	tumor_like	MIF	CD74	MIF	0.941622	high_pilot_v3	True	True	0					0.9906915183333334	
no_annotation	3	GSE292299|GSM8855713_NSCLC_P11|tumor_like|tumor_like|MIF|CD74|MIF	GSE292299	GSM8855713_NSCLC_P11	NSCLC	tumor_like	tumor_like	MIF	CD74	MIF	0.941587	high_pilot_v3	True	True	1					0.9906520616666669	
no_annotation	4	GSE300445|GSM9060735_AdjIII-0133|tumor_like|tumor_like|MIF|CD74|MIF	GSE300445	GSM9060735_AdjIII-0133	melanoma	tumor_like	tumor_like	MIF	CD74	MIF	0.941516	high_pilot_v3	True	True	0					0.9905731466666667	
no_annotation	5	GSE300445|GSM9060732_AdjIII-0019|tumor_like|tumor_like|SPP1|CD44|SPP1	GSE300445	GSM9060732_AdjIII-0019	melanoma	tumor_like	tumor_like	SPP1	CD44	SPP1	0.941445	high_pilot_v3	True	True	1					0.9904942333333334	
no_annotation	6	GSE292299|GSM8855713_NSCLC_P11|tumor_like|tumor_like|SPP1|ITGAV|SPP1	GSE292299	GSM8855713_NSCLC_P11	NSCLC	tumor_like	tumor_like	SPP1	ITGAV	SPP1	0.941409	high_pilot_v3	True	True	1					0.9904547766666666	
no_annotation	7	GSE292299|GSM8855704_NSCLC_P2|tumor_like|tumor_like|SPP1|CD44|SPP1	GSE292299	GSM8855704_NSCLC_P2	NSCLC	tumor_like	tumor_like	SPP1	CD44	SPP1	0.940983	high_pilot_v3	True	True	0					0.9899812916666666	
no_annotation	8	GSE292299|GSM8855715_NSCLC_P13|tumor_like|tumor_like|MIF|CD74|MIF	GSE292299	GSM8855715_NSCLC_P13	NSCLC	tumor_like	tumor_like	MIF	CD74	MIF	0.940735	high_pilot_v3	True	True	0					0.9897050916666668	
no_annotation	9	GSE300445|GSM9060732_AdjIII-0019|tumor_like|tumor_like|SPP1|ITGAV|SPP1	GSE300445	GSM9060732_AdjIII-0019	melanoma	tumor_like	tumor_like	SPP1	ITGAV	SPP1	0.940522	high_pilot_v3	True	True	1					0.9894683500000001	
no_annotation	10	GSE283052|GSM8655157_P02|tumor_like|tumor_like|MIF|CD74|MIF	GSE283052	GSM8655157_P02	colorectal cancer	tumor_like	tumor_like	MIF	CD74	MIF	0.940237	high_pilot_v3	True	True	1					0.9891526933333332	
no_annotation	11	GSE292299|GSM8855709_NSCLC_P7|tumor_like|tumor_like|SPP1|CD44|SPP1	GSE292299	GSM8855709_NSCLC_P7	NSCLC	tumor_like	tumor_like	SPP1	CD44	SPP1	0.940024	high_pilot_v3	True	True	0					0.98891595	
no_annotation	12	GSE292299|GSM8855709_NSCLC_P7|tumor_like|tumor_like|MIF|CD74|MIF	GSE292299	GSM8855709_NSCLC_P7	NSCLC	tumor_like	tumor_like	MIF	CD74	MIF	0.939492	high_pilot_v3	True	True	0					0.9883240933333333	
no_annotation	13	GSE292299|GSM8855712_NSCLC_P10|tumor_like|tumor_like|MIF|CD74|MIF	GSE292299	GSM8855712_NSCLC_P10	NSCLC	tumor_like	tumor_like	MIF	CD74	MIF	0.939243	high_pilot_v3	True	True	1					0.988047895	
no_annotation	14	GSE300445|GSM9060733_AdjIII-0022|tumor_like|tumor_like|MIF|CD74|MIF	GSE300445	GSM9060733_AdjIII-0022	melanoma	tumor_like	tumor_like	MIF	CD74	MIF	0.938888	high_pilot_v3	True	True	1					0.9876533233333333	
no_annotation	15	GSE292299|GSM8855709_NSCLC_P7|tumor_like|tumor_like|SPP1|ITGAV|SPP1	GSE292299	GSM8855709_NSCLC_P7	NSCLC	tumor_like	tumor_like	SPP1	ITGAV	SPP1	0.938391	high_pilot_v3	True	True	0					0.987100925	
no_annotation	16	GSE283052|GSM8655167_P18|tumor_like|tumor_like|MIF|CD74|MIF	GSE283052	GSM8655167_P18	colorectal cancer	tumor_like	tumor_like	MIF	CD74	MIF	0.938178	high_pilot_v3	True	True	1					0.9868641833333334	
no_annotation	17	GSE300445|GSM9060732_AdjIII-0019|stroma_fibroblast|stroma_fibroblast|COL1A1|ITGA2|ECM-integrin	GSE300445	GSM9060732_AdjIII-0019	melanoma	stroma_fibroblast	stroma_fibroblast	COL1A1	ITGA2	ECM-integrin	0.938107	high_pilot_v3	True	True	1					0.9867852683333335	
no_annotation	18	GSE300445|GSM9060733_AdjIII-0022|tumor_like|tumor_like|COL1A1|ITGA2|ECM-integrin	GSE300445	GSM9060733_AdjIII-0022	melanoma	tumor_like	tumor_like	COL1A1	ITGA2	ECM-integrin	0.937965	high_pilot_v3	True	True	0					0.98662744	
no_annotation	19	GSE283052|GSM8655160_P07|tumor_like|tumor_like|MIF|CD74|MIF	GSE283052	GSM8655160_P07	colorectal cancer	tumor_like	tumor_like	MIF	CD74	MIF	0.937894	high_pilot_v3	True	True	0					0.9865485266666667	
no_annotation	20	GSE292299|GSM8855718_NSCLC_P16|tumor_like|tumor_like|MIF|CD74|MIF	GSE292299	GSM8855718_NSCLC_P16	NSCLC	tumor_like	tumor_like	MIF	CD74	MIF	0.937681	high_pilot_v3	True	True	1					0.9863117833333335	
no_annotation	21	GSE292299|GSM8855704_NSCLC_P2|tumor_like|tumor_like|SPP1|ITGAV|SPP1	GSE292299	GSM8855704_NSCLC_P2	NSCLC	tumor_like	tumor_like	SPP1	ITGAV	SPP1	0.937468	high_pilot_v3	True	True	0					0.9860750416666667	
no_annotation	22	GSE292299|GSM8855709_NSCLC_P7|immune|immune|SPP1|ITGAV|SPP1	GSE292299	GSM8855709_NSCLC_P7	NSCLC	immune	immune	SPP1	ITGAV	SPP1	0.937432	high_pilot_v3	True	True	0					0.9860355833333334	
no_annotation	23	GSE292299|GSM8855717_NSCLC_P15|immune|immune|MIF|CD74|MIF	GSE292299	GSM8855717_NSCLC_P15	NSCLC	immune	immune	MIF	CD74	MIF	0.937361	high_pilot_v3	True	True	1					0.9859566700000001	
no_annotation	24	GSE283052|GSM8655160_P07|stroma_fibroblast|stroma_fibroblast|MIF|CD74|MIF	GSE283052	GSM8655160_P07	colorectal cancer	stroma_fibroblast	stroma_fibroblast	MIF	CD74	MIF	0.937148	high_pilot_v3	True	True	1					0.9857199266666667	
no_annotation	25	GSE292299|GSM8855715_NSCLC_P13|stroma_fibroblast|stroma_fibroblast|SPP1|ITGAV|SPP1	GSE292299	GSM8855715_NSCLC_P13	NSCLC	stroma_fibroblast	stroma_fibroblast	SPP1	ITGAV	SPP1	0.937136	high_pilot_v3	True	True	1					0.9857061233333334	
no_annotation	26	GSE283052|GSM8655165_P15|stroma_fibroblast|stroma_fibroblast|MIF|CD74|MIF	GSE283052	GSM8655165_P15	colorectal cancer	stroma_fibroblast	stroma_fibroblast	MIF	CD74	MIF	0.937041	high_pilot_v3	True	True	1					0.9856015566666667	
no_annotation	27	GSE283052|GSM8655163_P11|stroma_fibroblast|stroma_fibroblast|MIF|CD74|MIF	GSE283052	GSM8655163_P11	colorectal cancer	stroma_fibroblast	stroma_fibroblast	MIF	CD74	MIF	0.936509	high_pilot_v3	True	True	1					0.9850097000000001	
no_annotation	28	GSE292299|GSM8855719_DLBCL_P1|immune|immune|MIF|CD74|MIF	GSE292299	GSM8855719_DLBCL_P1	DLBCL	immune	immune	MIF	CD74	MIF	0.936402	high_pilot_v3	True	True	1					0.9848913283333334	
no_annotation	29	GSE292299|GSM8855708_NSCLC_P6|tumor_like|tumor_like|MIF|CD74|MIF	GSE292299	GSM8855708_NSCLC_P6	NSCLC	tumor_like	tumor_like	MIF	CD74	MIF	0.936291	high_pilot_v3	True	True	0					0.9847682944444445	
no_annotation	30	GSE292299|GSM8855704_NSCLC_P2|tumor_like|immune|MIF|CD74|MIF	GSE292299	GSM8855704_NSCLC_P2	NSCLC	tumor_like	immune	MIF	CD74	MIF	0.936154	high_pilot_v3	True	True	0					0.9846151299999999	
no_annotation	31	GSE292299|GSM8855704_NSCLC_P2|tumor_like|tumor_like|MIF|CD74|MIF	GSE292299	GSM8855704_NSCLC_P2	NSCLC	tumor_like	tumor_like	MIF	CD74	MIF	0.936047	high_pilot_v3	True	True	0					0.9844967583333333	
no_annotation	32	GSE283052|GSM8655168_P24|stroma_fibroblast|stroma_fibroblast|MIF|CD74|MIF	GSE283052	GSM8655168_P24	colorectal cancer	stroma_fibroblast	stroma_fibroblast	MIF	CD74	MIF	0.936012	high_pilot_v3	True	True	1					0.9844573016666668	
no_annotation	33	GSE283052|GSM8655160_P07|stroma_fibroblast|stroma_fibroblast|COL1A1|ITGA2|ECM-integrin	GSE283052	GSM8655160_P07	colorectal cancer	stroma_fibroblast	stroma_fibroblast	COL1A1	ITGA2	ECM-integrin	0.935763	high_pilot_v3	True	True	1					0.9841811016666667	
no_annotation	34	GSE283052|GSM8655159_P05|stroma_fibroblast|stroma_fibroblast|MIF|CD74|MIF	GSE283052	GSM8655159_P05	colorectal cancer	stroma_fibroblast	stroma_fibroblast	MIF	CD74	MIF	0.935266	high_pilot_v3	True	True	1					0.9836287033333334	
no_annotation	35	GSE300445|GSM9060734_AdjIII-0113|tumor_like|tumor_like|SPP1|CD44|SPP1	GSE300445	GSM9060734_AdjIII-0113	melanoma	tumor_like	tumor_like	SPP1	CD44	SPP1	0.9348	high_pilot_v3	True	True	0					0.9831110977777779	
no_annotation	36	GSE292299|GSM8855708_NSCLC_P6|stroma_fibroblast|stroma_fibroblast|SPP1|CD44|SPP1	GSE292299	GSM8855708_NSCLC_P6	NSCLC	stroma_fibroblast	stroma_fibroblast	SPP1	CD44	SPP1	0.934698	high_pilot_v3	True	True	1					0.98299739	
no_annotation	37	GSE292299|GSM8855711_NSCLC_P9|tumor_like|tumor_like|MIF|CD74|MIF	GSE292299	GSM8855711_NSCLC_P9	NSCLC	tumor_like	tumor_like	MIF	CD74	MIF	0.934662	high_pilot_v3	True	True	1					0.9829579333333334	
no_annotation	38	GSE283052|GSM8655158_P04|stroma_fibroblast|stroma_fibroblast|MIF|CD74|MIF	GSE283052	GSM8655158_P04	colorectal cancer	stroma_fibroblast	stroma_fibroblast	MIF	CD74	MIF	0.934378	high_pilot_v3	True	True	1					0.9826422766666666	
no_annotation	39	GSE300445|GSM9060734_AdjIII-0113|tumor_like|tumor_like|COL1A1|ITGA2|ECM-integrin	GSE300445	GSM9060734_AdjIII-0113	melanoma	tumor_like	tumor_like	COL1A1	ITGA2	ECM-integrin	0.934295	high_pilot_v3	True	True	0					0.9825495583333334	
no_annotation	40	GSE292299|GSM8855717_NSCLC_P15|tumor_like|tumor_like|MIF|CD74|MIF	GSE292299	GSM8855717_NSCLC_P15	NSCLC	tumor_like	tumor_like	MIF	CD74	MIF	0.933845	high_pilot_v3	True	True	0					0.98205042	
no_annotation	41	GSE292299|GSM8855714_NSCLC_P12|stroma_fibroblast|stroma_fibroblast|COL1A1|ITGA2|ECM-integrin	GSE292299	GSM8855714_NSCLC_P12	NSCLC	stroma_fibroblast	stroma_fibroblast	COL1A1	ITGA2	ECM-integrin	0.933561	high_pilot_v3	True	True	1					0.9817347633333333	
no_annotation	42	GSE283052|GSM8655161_P09|stroma_fibroblast|stroma_fibroblast|MIF|CD74|MIF	GSE283052	GSM8655161_P09	colorectal cancer	stroma_fibroblast	stroma_fibroblast	MIF	CD74	MIF	0.933313	high_pilot_v3	True	True	1					0.9814585633333333	
no_annotation	43	GSE292299|GSM8855705_NSCLC_P3|tumor_like|tumor_like|SPP1|CD44|SPP1	GSE292299	GSM8855705_NSCLC_P3	NSCLC	tumor_like	tumor_like	SPP1	CD44	SPP1	0.932958	high_pilot_v3	True	True	0					0.9810639933333334	
no_annotation	44	GSE283052|GSM8655160_P07|tumor_like|tumor_like|SPP1|CD44|SPP1	GSE283052	GSM8655160_P07	colorectal cancer	tumor_like	tumor_like	SPP1	CD44	SPP1	0.932851	high_pilot_v3	True	True	0					0.9809456216666668	
no_annotation	45	GSE283052|GSM8655164_P13|stroma_fibroblast|stroma_fibroblast|MIF|CD74|MIF	GSE283052	GSM8655164_P13	colorectal cancer	stroma_fibroblast	stroma_fibroblast	MIF	CD74	MIF	0.932638	high_pilot_v3	True	True	1					0.98070888	
no_annotation	46	GSE292299|GSM8855705_NSCLC_P3|tumor_like|tumor_like|MIF|CD74|MIF	GSE292299	GSM8855705_NSCLC_P3	NSCLC	tumor_like	tumor_like	MIF	CD74	MIF	0.932567	high_pilot_v3	True	True	0					0.9806299649999999	
no_annotation	47	GSE292299|GSM8855706_NSCLC_P4|immune|immune|SPP1|CD44|SPP1	GSE292299	GSM8855706_NSCLC_P4	NSCLC	immune	immune	SPP1	CD44	SPP1	0.932531	high_pilot_v3	True	True	1					0.9805905083333334	
no_annotation	48	GSE292299|GSM8855705_NSCLC_P3|tumor_like|tumor_like|SPP1|ITGAV|SPP1	GSE292299	GSM8855705_NSCLC_P3	NSCLC	tumor_like	tumor_like	SPP1	ITGAV	SPP1	0.932496	high_pilot_v3	True	True	0					0.9805510516666666	
no_annotation	49	GSE300445|GSM9060733_AdjIII-0022|tumor_like|tumor_like|SPP1|CD44|SPP1	GSE300445	GSM9060733_AdjIII-0022	melanoma	tumor_like	tumor_like	SPP1	CD44	SPP1	0.932247	high_pilot_v3	True	True	1					0.9802748516666668	
no_annotation	50	GSE283052|GSM8655168_P24|stroma_fibroblast|stroma_fibroblast|COL1A1|ITGA2|ECM-integrin	GSE283052	GSM8655168_P24	colorectal cancer	stroma_fibroblast	stroma_fibroblast	COL1A1	ITGA2	ECM-integrin	0.931821	high_pilot_v3	True	True	1					0.9798013666666667	
no_annotation	51	GSE292299|GSM8855717_NSCLC_P15|immune|immune|CXCL12|CXCR4|CXCL chemokine	GSE292299	GSM8855717_NSCLC_P15	NSCLC	immune	immune	CXCL12	CXCR4	CXCL chemokine	0.931608	high_pilot_v3	True	True	1					0.9795646250000001	
no_annotation	52	GSE300445|GSM9060735_AdjIII-0133|tumor_like|tumor_like|JAG1|NOTCH2|NOTCH	GSE300445	GSM9060735_AdjIII-0133	melanoma	tumor_like	tumor_like	JAG1	NOTCH2	NOTCH	0.931537	high_pilot_v3	True	True	0					0.97948571	
no_annotation	53	GSE283052|GSM8655158_P04|tumor_like|tumor_like|SPP1|CD44|SPP1	GSE283052	GSM8655158_P04	colorectal cancer	tumor_like	tumor_like	SPP1	CD44	SPP1	0.931182	high_pilot_v3	True	True	0					0.9790911400000001	
no_annotation	54	GSE292299|GSM8855706_NSCLC_P4|tumor_like|tumor_like|MIF|CD74|MIF	GSE292299	GSM8855706_NSCLC_P4	NSCLC	tumor_like	tumor_like	MIF	CD74	MIF	0.930969	high_pilot_v3	True	True	1					0.9788543966666667	
no_annotation	55	GSE300445|GSM9060733_AdjIII-0022|tumor_like|tumor_like|JAG1|NOTCH2|NOTCH	GSE300445	GSM9060733_AdjIII-0022	melanoma	tumor_like	tumor_like	JAG1	NOTCH2	NOTCH	0.93072	high_pilot_v3	True	True	1					0.9785781983333333	
no_annotation	56	GSE283052|GSM8655166_P17|tumor_like|tumor_like|MIF|CD74|MIF	GSE283052	GSM8655166_P17	colorectal cancer	tumor_like	tumor_like	MIF	CD74	MIF	0.930507	high_pilot_v3	True	True	0					0.978341455	
no_annotation	57	GSE292299|GSM8855709_NSCLC_P7|immune|immune|SPP1|CD44|SPP1	GSE292299	GSM8855709_NSCLC_P7	NSCLC	immune	immune	SPP1	CD44	SPP1	0.930357	high_pilot_v3	True	True	0					0.9781742961111112	
no_annotation	58	GSE292299|GSM8855703_NSCLC_P1|immune|immune|SPP1|CD44|SPP1	GSE292299	GSM8855703_NSCLC_P1	NSCLC	immune	immune	SPP1	CD44	SPP1	0.93033	high_pilot_v3	True	True	0					0.97814417	
no_annotation	59	GSE292299|GSM8855720_DLBCL_P2|immune|immune|MIF|CD74|MIF	GSE292299	GSM8855720_DLBCL_P2	DLBCL	immune	immune	MIF	CD74	MIF	0.930259	high_pilot_v3	True	True	1					0.978065255	
no_annotation	60	GSE292299|GSM8855704_NSCLC_P2|stroma_fibroblast|stroma_fibroblast|COL1A1|ITGA2|ECM-integrin	GSE292299	GSM8855704_NSCLC_P2	NSCLC	stroma_fibroblast	stroma_fibroblast	COL1A1	ITGA2	ECM-integrin	0.929398	high_pilot_v3	True	True	1					0.9771089544444446	
no_annotation	61	GSE292299|GSM8855715_NSCLC_P13|tumor_like|tumor_like|JAG1|NOTCH2|NOTCH	GSE292299	GSM8855715_NSCLC_P13	NSCLC	tumor_like	tumor_like	JAG1	NOTCH2	NOTCH	0.928387	high_pilot_v3	True	True	1					0.9759858816666668	
no_annotation	62	GSE292299|GSM8855707_NSCLC_P5|stroma_fibroblast|stroma_fibroblast|COL1A1|ITGA2|ECM-integrin	GSE292299	GSM8855707_NSCLC_P5	NSCLC	stroma_fibroblast	stroma_fibroblast	COL1A1	ITGA2	ECM-integrin	0.927773	high_pilot_v3	True	True	1					0.97530326	
no_annotation	63	GSE283052|GSM8655162_P10|stroma_fibroblast|stroma_fibroblast|MIF|CD74|MIF	GSE283052	GSM8655162_P10	colorectal cancer	stroma_fibroblast	stroma_fibroblast	MIF	CD74	MIF	0.927595	high_pilot_v3	True	True	1					0.9751059750000001	
no_annotation	64	GSE283052|GSM8655164_P13|stroma_fibroblast|stroma_fibroblast|COL1A1|ITGA2|ECM-integrin	GSE283052	GSM8655164_P13	colorectal cancer	stroma_fibroblast	stroma_fibroblast	COL1A1	ITGA2	ECM-integrin	0.927418	high_pilot_v3	True	True	1					0.9749086900000001	
no_annotation	65	GSE300445|GSM9060735_AdjIII-0133|stroma_fibroblast|stroma_fibroblast|COL1A1|ITGA2|ECM-integrin	GSE300445	GSM9060735_AdjIII-0133	melanoma	stroma_fibroblast	stroma_fibroblast	COL1A1	ITGA2	ECM-integrin	0.927049	high_pilot_v3	True	True	1					0.9744983633333335	
no_annotation	66	GSE292299|GSM8855708_NSCLC_P6|tumor_like|tumor_like|TGFB1|TGFBR2|TGFB	GSE292299	GSM8855708_NSCLC_P6	NSCLC	tumor_like	tumor_like	TGFB1	TGFBR2	TGFB	0.92685	high_pilot_v3	True	True	0					0.9742773766666667	
no_annotation	67	GSE300445|GSM9060735_AdjIII-0133|tumor_like|tumor_like|TGFB1|TGFBR1|TGFB	GSE300445	GSM9060735_AdjIII-0133	melanoma	tumor_like	tumor_like	TGFB1	TGFBR1	TGFB	0.926601	high_pilot_v3	True	True	0					0.9740011766666666	
no_annotation	68	GSE292299|GSM8855706_NSCLC_P4|immune|immune|SPP1|ITGAV|SPP1	GSE292299	GSM8855706_NSCLC_P4	NSCLC	immune	immune	SPP1	ITGAV	SPP1	0.92653	high_pilot_v3	True	True	1					0.9739222633333333	
no_annotation	69	GSE292299|GSM8855703_NSCLC_P1|stroma_fibroblast|stroma_fibroblast|COL1A1|ITGA2|ECM-integrin	GSE292299	GSM8855703_NSCLC_P1	NSCLC	stroma_fibroblast	stroma_fibroblast	COL1A1	ITGA2	ECM-integrin	0.926459	high_pilot_v3	True	True	1					0.97384335	
no_annotation	70	GSE300445|GSM9060734_AdjIII-0113|tumor_like|tumor_like|TGFB1|TGFBR2|TGFB	GSE300445	GSM9060734_AdjIII-0113	melanoma	tumor_like	tumor_like	TGFB1	TGFBR2	TGFB	0.926424	high_pilot_v3	True	True	0					0.9738038916666667	
no_annotation	71	GSE283052|GSM8655160_P07|stroma_fibroblast|stroma_fibroblast|SPP1|ITGAV|SPP1	GSE283052	GSM8655160_P07	colorectal cancer	stroma_fibroblast	stroma_fibroblast	SPP1	ITGAV	SPP1	0.92621	high_pilot_v3	True	True	1					0.9735671499999999	
no_annotation	72	GSE292299|GSM8855709_NSCLC_P7|stroma_fibroblast|stroma_fibroblast|COL1A1|ITGA2|ECM-integrin	GSE292299	GSM8855709_NSCLC_P7	NSCLC	stroma_fibroblast	stroma_fibroblast	COL1A1	ITGA2	ECM-integrin	0.925977	high_pilot_v3	True	True	1					0.9733077483333333	
no_annotation	73	GSE283052|GSM8655161_P09|stroma_fibroblast|stroma_fibroblast|COL1A1|ITGA2|ECM-integrin	GSE283052	GSM8655161_P09	colorectal cancer	stroma_fibroblast	stroma_fibroblast	COL1A1	ITGA2	ECM-integrin	0.925962	high_pilot_v3	True	True	1					0.9732909500000001	
no_annotation	74	GSE283052|GSM8655160_P07|tumor_like|tumor_like|SPP1|ITGAV|SPP1	GSE283052	GSM8655160_P07	colorectal cancer	tumor_like	tumor_like	SPP1	ITGAV	SPP1	0.925926	high_pilot_v3	True	True	0					0.9732514933333334	
no_annotation	75	GSE292299|GSM8855710_NSCLC_P8|tumor_like|tumor_like|MIF|CD74|MIF	GSE292299	GSM8855710_NSCLC_P8	NSCLC	tumor_like	tumor_like	MIF	CD74	MIF	0.925891	high_pilot_v3	True	True	1					0.9732120366666668	
no_annotation	76	GSE283052|GSM8655159_P05|tumor_like|tumor_like|MIF|CD74|MIF	GSE283052	GSM8655159_P05	colorectal cancer	tumor_like	tumor_like	MIF	CD74	MIF	0.925811	high_pilot_v3	True	True	0					0.9731237911111111	
no_annotation	77	GSE283052|GSM8655167_P18|stroma_fibroblast|stroma_fibroblast|COL1A1|ITGA2|ECM-integrin	GSE283052	GSM8655167_P18	colorectal cancer	stroma_fibroblast	stroma_fibroblast	COL1A1	ITGA2	ECM-integrin	0.925642	high_pilot_v3	True	True	1					0.9729358366666667	
no_annotation	78	GSE292299|GSM8855709_NSCLC_P7|stroma_fibroblast|stroma_fibroblast|CXCL12|CXCR4|CXCL chemokine	GSE292299	GSM8855709_NSCLC_P7	NSCLC	stroma_fibroblast	stroma_fibroblast	CXCL12	CXCR4	CXCL chemokine	0.925536	high_pilot_v3	True	True	0					0.9728174650000001	
no_annotation	79	GSE300445|GSM9060734_AdjIII-0113|tumor_like|tumor_like|TGFB1|TGFBR1|TGFB	GSE300445	GSM9060734_AdjIII-0113	melanoma	tumor_like	tumor_like	TGFB1	TGFBR1	TGFB	0.925323	high_pilot_v3	True	True	0					0.9725807233333333	
no_annotation	80	GSE292299|GSM8855711_NSCLC_P9|stroma_fibroblast|stroma_fibroblast|COL1A1|ITGA2|ECM-integrin	GSE292299	GSM8855711_NSCLC_P9	NSCLC	stroma_fibroblast	stroma_fibroblast	COL1A1	ITGA2	ECM-integrin	0.925252	high_pilot_v3	True	True	1					0.9725018083333332	
no_annotation	81	GSE292299|GSM8855712_NSCLC_P10|tumor_like|tumor_like|SPP1|ITGAV|SPP1	GSE292299	GSM8855712_NSCLC_P10	NSCLC	tumor_like	tumor_like	SPP1	ITGAV	SPP1	0.925074	high_pilot_v3	True	True	1					0.9723045233333333	
no_annotation	82	GSE283052|GSM8655159_P05|stroma_fibroblast|stroma_fibroblast|COL1A1|ITGA2|ECM-integrin	GSE283052	GSM8655159_P05	colorectal cancer	stroma_fibroblast	stroma_fibroblast	COL1A1	ITGA2	ECM-integrin	0.924648	high_pilot_v3	True	True	1					0.9718310383333333	
no_annotation	83	GSE292299|GSM8855718_NSCLC_P16|tumor_like|tumor_like|SPP1|CD44|SPP1	GSE292299	GSM8855718_NSCLC_P16	NSCLC	tumor_like	tumor_like	SPP1	CD44	SPP1	0.924506	high_pilot_v3	True	True	0					0.9716732100000002	
no_annotation	84	GSE283052|GSM8655164_P13|stroma_fibroblast|stroma_fibroblast|SPP1|ITGAV|SPP1	GSE283052	GSM8655164_P13	colorectal cancer	stroma_fibroblast	stroma_fibroblast	SPP1	ITGAV	SPP1	0.923156	high_pilot_v3	True	True	1					0.9701738416666668	
no_annotation	85	GSE292299|GSM8855707_NSCLC_P5|stroma_fibroblast|stroma_fibroblast|SPP1|CD44|SPP1	GSE292299	GSM8855707_NSCLC_P5	NSCLC	stroma_fibroblast	stroma_fibroblast	SPP1	CD44	SPP1	0.922908	high_pilot_v3	True	True	1					0.9698976416666667	
no_annotation	86	GSE292299|GSM8855708_NSCLC_P6|stroma_fibroblast|stroma_fibroblast|CXCL12|CXCR4|CXCL chemokine	GSE292299	GSM8855708_NSCLC_P6	NSCLC	stroma_fibroblast	stroma_fibroblast	CXCL12	CXCR4	CXCL chemokine	0.922735	high_pilot_v3	True	True	0					0.969705305	
no_annotation	87	GSE292299|GSM8855711_NSCLC_P9|stroma_fibroblast|stroma_fibroblast|SPP1|CD44|SPP1	GSE292299	GSM8855711_NSCLC_P9	NSCLC	stroma_fibroblast	stroma_fibroblast	SPP1	CD44	SPP1	0.922659	high_pilot_v3	True	True	1					0.9696214433333332	
no_annotation	88	GSE283052|GSM8655162_P10|stroma_fibroblast|stroma_fibroblast|COL1A1|ITGA2|ECM-integrin	GSE283052	GSM8655162_P10	colorectal cancer	stroma_fibroblast	stroma_fibroblast	COL1A1	ITGA2	ECM-integrin	0.922588	high_pilot_v3	True	True	1					0.9695425283333334	
no_annotation	89	GSE300445|GSM9060735_AdjIII-0133|stroma_fibroblast|stroma_fibroblast|CXCL12|CXCR4|CXCL chemokine	GSE300445	GSM9060735_AdjIII-0133	melanoma	stroma_fibroblast	stroma_fibroblast	CXCL12	CXCR4	CXCL chemokine	0.922162	high_pilot_v3	True	True	1					0.9690690433333333	
no_annotation	90	GSE292299|GSM8855706_NSCLC_P4|immune|endothelial|SPP1|CD44|SPP1	GSE292299	GSM8855706_NSCLC_P4	NSCLC	immune	endothelial	SPP1	CD44	SPP1	0.921345	high_pilot_v3	True	True	0					0.9681615316666667	
no_annotation	91	GSE283052|GSM8655158_P04|tumor_like|tumor_like|SPP1|ITGAV|SPP1	GSE283052	GSM8655158_P04	colorectal cancer	tumor_like	tumor_like	SPP1	ITGAV	SPP1	0.921239	high_pilot_v3	True	True	0					0.96804316	
no_annotation	92	GSE292299|GSM8855708_NSCLC_P6|tumor_like|tumor_like|VEGFA|KDR|VEGF	GSE292299	GSM8855708_NSCLC_P6	NSCLC	tumor_like	tumor_like	VEGFA	KDR	VEGF	0.920999	medium_pilot_v3	False	True	0					0.9677768566666667	
no_annotation	93	GSE283052|GSM8655167_P18|tumor_like|tumor_like|SPP1|CD44|SPP1	GSE283052	GSM8655167_P18	colorectal cancer	tumor_like	tumor_like	SPP1	CD44	SPP1	0.92099	high_pilot_v3	True	True	0					0.96776696	
no_annotation	94	GSE292299|GSM8855706_NSCLC_P4|tumor_like|tumor_like|SPP1|CD44|SPP1	GSE292299	GSM8855706_NSCLC_P4	NSCLC	tumor_like	tumor_like	SPP1	CD44	SPP1	0.92088	high_pilot_v3	True	True	0					0.9676439261111113	
no_annotation	95	GSE292299|GSM8855706_NSCLC_P4|stroma_fibroblast|stroma_fibroblast|COL1A1|ITGA2|ECM-integrin	GSE292299	GSM8855706_NSCLC_P4	NSCLC	stroma_fibroblast	stroma_fibroblast	COL1A1	ITGA2	ECM-integrin	0.920706	high_pilot_v3	True	True	1					0.9674513033333334	
no_annotation	96	GSE292299|GSM8855715_NSCLC_P13|stroma_fibroblast|stroma_fibroblast|TGFB1|TGFBR1|TGFB	GSE292299	GSM8855715_NSCLC_P13	NSCLC	stroma_fibroblast	stroma_fibroblast	TGFB1	TGFBR1	TGFB	0.920609	medium_pilot_v3	False	True	1					0.96734283	
no_annotation	97	GSE300445|GSM9060732_AdjIII-0019|stroma_fibroblast|stroma_fibroblast|CXCL12|CXCR4|CXCL chemokine	GSE300445	GSM9060732_AdjIII-0019	melanoma	stroma_fibroblast	stroma_fibroblast	CXCL12	CXCR4	CXCL chemokine	0.92003	high_pilot_v3	True	True	1					0.9666996666666667	
no_annotation	98	GSE292299|GSM8855703_NSCLC_P1|stroma_fibroblast|stroma_fibroblast|SPP1|CD44|SPP1	GSE292299	GSM8855703_NSCLC_P1	NSCLC	stroma_fibroblast	stroma_fibroblast	SPP1	CD44	SPP1	0.919792	medium_pilot_v3	False	True	1					0.9664353166666667	
no_annotation	99	GSE292299|GSM8855707_NSCLC_P5|stroma_fibroblast|stroma_fibroblast|SPP1|ITGAV|SPP1	GSE292299	GSM8855707_NSCLC_P5	NSCLC	stroma_fibroblast	stroma_fibroblast	SPP1	ITGAV	SPP1	0.919747	high_pilot_v3	True	True	1					0.9663859633333333	
no_annotation	100	GSE300445|GSM9060732_AdjIII-0019|tumor_like|tumor_like|VEGFA|KDR|VEGF	GSE300445	GSM9060732_AdjIII-0019	melanoma	tumor_like	tumor_like	VEGFA	KDR	VEGF	0.919403	high_pilot_v3	True	True	0					0.9660032416666666	
no_annotation	101	GSE283052|GSM8655164_P13|stroma_fibroblast|stroma_fibroblast|SPP1|CD44|SPP1	GSE283052	GSM8655164_P13	colorectal cancer	stroma_fibroblast	stroma_fibroblast	SPP1	CD44	SPP1	0.918966	high_pilot_v3	True	True	1					0.9655179066666666	
no_annotation	102	GSE283052|GSM8655168_P24|stroma_fibroblast|stroma_fibroblast|SPP1|CD44|SPP1	GSE283052	GSM8655168_P24	colorectal cancer	stroma_fibroblast	stroma_fibroblast	SPP1	CD44	SPP1	0.918398	high_pilot_v3	True	True	1					0.9648865933333334	
no_annotation	103	GSE283052|GSM8655166_P17|stroma_fibroblast|stroma_fibroblast|COL1A1|ITGA2|ECM-integrin	GSE283052	GSM8655166_P17	colorectal cancer	stroma_fibroblast	stroma_fibroblast	COL1A1	ITGA2	ECM-integrin	0.918327	high_pilot_v3	True	True	1					0.9648076800000001	
no_annotation	104	GSE292299|GSM8855710_NSCLC_P8|tumor_like|tumor_like|COL1A1|ITGA2|ECM-integrin	GSE292299	GSM8855710_NSCLC_P8	NSCLC	tumor_like	tumor_like	COL1A1	ITGA2	ECM-integrin	0.918216	high_pilot_v3	True	True	0					0.9646846461111112	
no_annotation	105	GSE300445|GSM9060732_AdjIII-0019|tumor_like|tumor_like|HBEGF|EGFR|EGF/ERBB	GSE300445	GSM9060732_AdjIII-0019	melanoma	tumor_like	tumor_like	HBEGF	EGFR	EGF/ERBB	0.91751	high_pilot_v3	True	True	1					0.9639001666666667	
no_annotation	106	GSE292299|GSM8855709_NSCLC_P7|stroma_fibroblast|stroma_fibroblast|MIF|CD74|MIF	GSE292299	GSM8855709_NSCLC_P7	NSCLC	stroma_fibroblast	stroma_fibroblast	MIF	CD74	MIF	0.917205	medium_pilot_v3	False	True	1					0.963561176111111	
no_annotation	107	GSE292299|GSM8855711_NSCLC_P9|tumor_like|tumor_like|VEGFA|KDR|VEGF	GSE292299	GSM8855711_NSCLC_P9	NSCLC	tumor_like	tumor_like	VEGFA	KDR	VEGF	0.917084	high_pilot_v3	True	True	0					0.9634266833333334	
no_annotation	108	GSE292299|GSM8855714_NSCLC_P12|stroma_fibroblast|stroma_fibroblast|SPP1|CD44|SPP1	GSE292299	GSM8855714_NSCLC_P12	NSCLC	stroma_fibroblast	stroma_fibroblast	SPP1	CD44	SPP1	0.916583	high_pilot_v3	True	True	1					0.9628696194444446	
no_annotation	109	GSE292299|GSM8855718_NSCLC_P16|tumor_like|tumor_like|SPP1|ITGAV|SPP1	GSE292299	GSM8855718_NSCLC_P16	NSCLC	tumor_like	tumor_like	SPP1	ITGAV	SPP1	0.916445	high_pilot_v3	True	True	0					0.9627164550000001	
no_annotation	110	GSE300445|GSM9060732_AdjIII-0019|stroma_fibroblast|stroma_fibroblast|TGFB1|TGFBR2|TGFB	GSE300445	GSM9060732_AdjIII-0019	melanoma	stroma_fibroblast	stroma_fibroblast	TGFB1	TGFBR2	TGFB	0.916253	high_pilot_v3	True	True	1					0.9625034133333334	
no_annotation	111	GSE292299|GSM8855707_NSCLC_P5|tumor_like|tumor_like|SPP1|ITGAV|SPP1	GSE292299	GSM8855707_NSCLC_P5	NSCLC	tumor_like	tumor_like	SPP1	ITGAV	SPP1	0.915877	high_pilot_v3	True	True	0					0.9620851416666667	
no_annotation	112	GSE292299|GSM8855707_NSCLC_P5|stroma_fibroblast|stroma_fibroblast|MIF|CD74|MIF	GSE292299	GSM8855707_NSCLC_P5	NSCLC	stroma_fibroblast	stroma_fibroblast	MIF	CD74	MIF	0.91577	high_pilot_v3	True	True	1					0.9619667716666667	
no_annotation	113	GSE292299|GSM8855712_NSCLC_P10|tumor_like|tumor_like|SPP1|CD44|SPP1	GSE292299	GSM8855712_NSCLC_P10	NSCLC	tumor_like	tumor_like	SPP1	CD44	SPP1	0.915699	high_pilot_v3	True	True	1					0.9618878566666668	
no_annotation	114	GSE292299|GSM8855716_NSCLC_P14|stroma_fibroblast|stroma_fibroblast|MIF|CD74|MIF	GSE292299	GSM8855716_NSCLC_P14	NSCLC	stroma_fibroblast	stroma_fibroblast	MIF	CD74	MIF	0.91545	high_pilot_v3	True	True	1					0.9616116566666667	
no_annotation	115	GSE292299|GSM8855719_DLBCL_P1|immune|immune|CXCL9|CXCR3|CXCL chemokine	GSE292299	GSM8855719_DLBCL_P1	DLBCL	immune	immune	CXCL9	CXCR3	CXCL chemokine	0.914705	high_pilot_v3	True	True	1					0.9607830583333333	
no_annotation	116	GSE283052|GSM8655168_P24|stroma_fibroblast|stroma_fibroblast|SPP1|ITGAV|SPP1	GSE283052	GSM8655168_P24	colorectal cancer	stroma_fibroblast	stroma_fibroblast	SPP1	ITGAV	SPP1	0.914592	high_pilot_v3	True	True	1					0.9606577866666667	
no_annotation	117	GSE283052|GSM8655167_P18|stroma_fibroblast|stroma_fibroblast|SPP1|ITGAV|SPP1	GSE283052	GSM8655167_P18	colorectal cancer	stroma_fibroblast	stroma_fibroblast	SPP1	ITGAV	SPP1	0.914492	high_pilot_v3	True	True	1					0.9605463166666666	
no_annotation	118	GSE292299|GSM8855709_NSCLC_P7|tumor_like|tumor_like|TGFB1|TGFBR2|TGFB	GSE292299	GSM8855709_NSCLC_P7	NSCLC	tumor_like	tumor_like	TGFB1	TGFBR2	TGFB	0.914314	high_pilot_v3	True	True	0					0.9603490316666666	
no_annotation	119	GSE300445|GSM9060733_AdjIII-0022|tumor_like|tumor_like|TGFB1|TGFBR1|TGFB	GSE300445	GSM9060733_AdjIII-0022	melanoma	tumor_like	tumor_like	TGFB1	TGFBR1	TGFB	0.914033	medium_pilot_v3	False	True	0					0.9600363699999999	
no_annotation	120	GSE283052|GSM8655159_P05|stroma_fibroblast|stroma_fibroblast|SPP1|ITGAV|SPP1	GSE283052	GSM8655159_P05	colorectal cancer	stroma_fibroblast	stroma_fibroblast	SPP1	ITGAV	SPP1	0.913959	high_pilot_v3	True	True	1					0.95995446	
no_annotation	121	GSE283052|GSM8655163_P11|stroma_fibroblast|stroma_fibroblast|COL1A1|ITGA2|ECM-integrin	GSE283052	GSM8655163_P11	colorectal cancer	stroma_fibroblast	stroma_fibroblast	COL1A1	ITGA2	ECM-integrin	0.913727	high_pilot_v3	True	True	1					0.9596970133333332	
no_annotation	122	GSE292299|GSM8855707_NSCLC_P5|tumor_like|immune|MIF|CD74|MIF	GSE292299	GSM8855707_NSCLC_P5	NSCLC	tumor_like	immune	MIF	CD74	MIF	0.913568	high_pilot_v3	True	True	1					0.9595204333333333	
no_annotation	123	GSE292299|GSM8855720_DLBCL_P2|immune|immune|CXCL12|CXCR4|CXCL chemokine	GSE292299	GSM8855720_DLBCL_P2	DLBCL	immune	immune	CXCL12	CXCR4	CXCL chemokine	0.913497	high_pilot_v3	True	True	1					0.9594415183333334	
no_annotation	124	GSE292299|GSM8855720_DLBCL_P2|immune|immune|CXCL9|CXCR3|CXCL chemokine	GSE292299	GSM8855720_DLBCL_P2	DLBCL	immune	immune	CXCL9	CXCR3	CXCL chemokine	0.91332	high_pilot_v3	True	True	1					0.9592442333333334	
no_annotation	125	GSE283052|GSM8655168_P24|immune|immune|MIF|CD74|MIF	GSE283052	GSM8655168_P24	colorectal cancer	immune	immune	MIF	CD74	MIF	0.913213	high_pilot_v3	True	True	1					0.9591258616666666	
no_annotation	126	GSE283052|GSM8655159_P05|stroma_fibroblast|stroma_fibroblast|SPP1|CD44|SPP1	GSE283052	GSM8655159_P05	colorectal cancer	stroma_fibroblast	stroma_fibroblast	SPP1	CD44	SPP1	0.913071	high_pilot_v3	True	True	1					0.9589680333333334	
no_annotation	127	GSE292299|GSM8855712_NSCLC_P10|tumor_like|tumor_like|HBEGF|EGFR|EGF/ERBB	GSE292299	GSM8855712_NSCLC_P10	NSCLC	tumor_like	tumor_like	HBEGF	EGFR	EGF/ERBB	0.912894	high_pilot_v3	True	True	1					0.9587707483333334	
no_annotation	128	GSE292299|GSM8855715_NSCLC_P13|stroma_fibroblast|stroma_fibroblast|TGFB1|TGFBR2|TGFB	GSE292299	GSM8855715_NSCLC_P13	NSCLC	stroma_fibroblast	stroma_fibroblast	TGFB1	TGFBR2	TGFB	0.912516	medium_pilot_v3	False	True	1					0.9583515666666667	
no_annotation	129	GSE283052|GSM8655160_P07|tumor_like|tumor_like|JAG1|NOTCH2|NOTCH	GSE283052	GSM8655160_P07	colorectal cancer	tumor_like	tumor_like	JAG1	NOTCH2	NOTCH	0.912325	high_pilot_v3	True	True	1					0.958139435	
no_annotation	130	GSE292299|GSM8855704_NSCLC_P2|tumor_like|tumor_like|TGFB1|TGFBR1|TGFB	GSE292299	GSM8855704_NSCLC_P2	NSCLC	tumor_like	tumor_like	TGFB1	TGFBR1	TGFB	0.912148	high_pilot_v3	True	True	0					0.95794215	
no_annotation	131	GSE300445|GSM9060735_AdjIII-0133|stroma_fibroblast|stroma_fibroblast|VEGFA|KDR|VEGF	GSE300445	GSM9060735_AdjIII-0133	melanoma	stroma_fibroblast	stroma_fibroblast	VEGFA	KDR	VEGF	0.911766	medium_pilot_v3	False	True	1					0.9575180183333335	
no_annotation	132	GSE292299|GSM8855703_NSCLC_P1|stroma_fibroblast|stroma_fibroblast|CXCL12|CXCR4|CXCL chemokine	GSE292299	GSM8855703_NSCLC_P1	NSCLC	stroma_fibroblast	stroma_fibroblast	CXCL12	CXCR4	CXCL chemokine	0.91162	high_pilot_v3	True	True	1					0.9573552416666666	
no_annotation	133	GSE292299|GSM8855708_NSCLC_P6|tumor_like|tumor_like|SPP1|CD44|SPP1	GSE292299	GSM8855708_NSCLC_P6	NSCLC	tumor_like	tumor_like	SPP1	CD44	SPP1	0.911326	medium_pilot_v3	False	True	0					0.9570287766666667	
no_annotation	134	GSE292299|GSM8855718_NSCLC_P16|tumor_like|tumor_like|COL1A1|ITGA2|ECM-integrin	GSE292299	GSM8855718_NSCLC_P16	NSCLC	tumor_like	tumor_like	COL1A1	ITGA2	ECM-integrin	0.910955	medium_pilot_v3	False	True	0					0.9566167311111111	
no_annotation	135	GSE292299|GSM8855709_NSCLC_P7|tumor_like|tumor_like|VEGFA|KDR|VEGF	GSE292299	GSM8855709_NSCLC_P7	NSCLC	tumor_like	tumor_like	VEGFA	KDR	VEGF	0.910137	medium_pilot_v3	False	True	0					0.9557079416666668	
no_annotation	136	GSE300445|GSM9060735_AdjIII-0133|stroma_fibroblast|stroma_fibroblast|TGFB1|TGFBR2|TGFB	GSE300445	GSM9060735_AdjIII-0133	melanoma	stroma_fibroblast	stroma_fibroblast	TGFB1	TGFBR2	TGFB	0.909849	medium_pilot_v3	False	True	1					0.9553873366666668	
no_annotation	137	GSE300445|GSM9060734_AdjIII-0113|tumor_like|tumor_like|SPP1|ITGAV|SPP1	GSE300445	GSM9060734_AdjIII-0113	melanoma	tumor_like	tumor_like	SPP1	ITGAV	SPP1	0.909813	medium_pilot_v3	False	True	0					0.9553481644444445	
no_annotation	138	GSE292299|GSM8855711_NSCLC_P9|tumor_like|tumor_like|SPP1|CD44|SPP1	GSE292299	GSM8855711_NSCLC_P9	NSCLC	tumor_like	tumor_like	SPP1	CD44	SPP1	0.909771	medium_pilot_v3	False	True	0					0.9553015216666666	
no_annotation	139	GSE292299|GSM8855709_NSCLC_P7|stroma_fibroblast|stroma_fibroblast|SPP1|CD44|SPP1	GSE292299	GSM8855709_NSCLC_P7	NSCLC	stroma_fibroblast	stroma_fibroblast	SPP1	CD44	SPP1	0.909065	medium_pilot_v3	False	True	1					0.9545161755555556	
no_annotation	140	GSE283052|GSM8655165_P15|tumor_like|tumor_like|SPP1|CD44|SPP1	GSE283052	GSM8655165_P15	colorectal cancer	tumor_like	tumor_like	SPP1	CD44	SPP1	0.909023	high_pilot_v3	True	True	0					0.9544699266666666	
no_annotation	141	GSE292299|GSM8855708_NSCLC_P6|tumor_like|tumor_like|TGFB1|TGFBR1|TGFB	GSE292299	GSM8855708_NSCLC_P6	NSCLC	tumor_like	tumor_like	TGFB1	TGFBR1	TGFB	0.908987	high_pilot_v3	True	True	0					0.95443047	
no_annotation	142	GSE292299|GSM8855719_DLBCL_P1|immune|immune|CXCL12|CXCR4|CXCL chemokine	GSE292299	GSM8855719_DLBCL_P1	DLBCL	immune	immune	CXCL12	CXCR4	CXCL chemokine	0.90872	high_pilot_v3	True	True	1					0.954133565	
no_annotation	143	GSE292299|GSM8855717_NSCLC_P15|tumor_like|tumor_like|SPP1|CD44|SPP1	GSE292299	GSM8855717_NSCLC_P15	NSCLC	tumor_like	tumor_like	SPP1	CD44	SPP1	0.908632	high_pilot_v3	True	True	0					0.9540358999999999	
no_annotation	144	GSE300445|GSM9060733_AdjIII-0022|tumor_like|tumor_like|TGFB1|TGFBR2|TGFB	GSE300445	GSM9060733_AdjIII-0022	melanoma	tumor_like	tumor_like	TGFB1	TGFBR2	TGFB	0.908267	medium_pilot_v3	False	True	0					0.9536305199999999	
no_annotation	145	GSE292299|GSM8855711_NSCLC_P9|stroma_fibroblast|stroma_fibroblast|SPP1|ITGAV|SPP1	GSE292299	GSM8855711_NSCLC_P9	NSCLC	stroma_fibroblast	stroma_fibroblast	SPP1	ITGAV	SPP1	0.908021	high_pilot_v3	True	True	1					0.9533562750000001	
no_annotation	146	GSE292299|GSM8855717_NSCLC_P15|immune|immune|SPP1|CD44|SPP1	GSE292299	GSM8855717_NSCLC_P15	NSCLC	immune	immune	SPP1	CD44	SPP1	0.90782	high_pilot_v3	True	True	1					0.9531333350000002	
no_annotation	147	GSE292299|GSM8855717_NSCLC_P15|immune|immune|CCL2|CCR2|CCL chemokine	GSE292299	GSM8855717_NSCLC_P15	NSCLC	immune	immune	CCL2	CCR2	CCL chemokine	0.907567	high_pilot_v3	True	True	1					0.9528521883333334	
no_annotation	148	GSE292299|GSM8855703_NSCLC_P1|stroma_fibroblast|stroma_fibroblast|SPP1|ITGAV|SPP1	GSE292299	GSM8855703_NSCLC_P1	NSCLC	stroma_fibroblast	stroma_fibroblast	SPP1	ITGAV	SPP1	0.907242	medium_pilot_v3	False	True	1					0.952491215	
no_annotation	149	GSE292299|GSM8855715_NSCLC_P13|tumor_like|tumor_like|HBEGF|EGFR|EGF/ERBB	GSE292299	GSM8855715_NSCLC_P13	NSCLC	tumor_like	tumor_like	HBEGF	EGFR	EGF/ERBB	0.906762	medium_pilot_v3	False	True	1					0.9519575666666668	
no_annotation	150	GSE283052|GSM8655164_P13|immune|immune|MIF|CD74|MIF	GSE283052	GSM8655164_P13	colorectal cancer	immune	immune	MIF	CD74	MIF	0.906644	high_pilot_v3	True	True	1					0.9518263033333333	
no_annotation	151	GSE292299|GSM8855715_NSCLC_P13|stroma_fibroblast|stroma_fibroblast|CXCL12|CXCR4|CXCL chemokine	GSE292299	GSM8855715_NSCLC_P13	NSCLC	stroma_fibroblast	stroma_fibroblast	CXCL12	CXCR4	CXCL chemokine	0.906626	medium_pilot_v3	False	True	0					0.9518066400000001	
no_annotation	152	GSE292299|GSM8855719_DLBCL_P1|immune|immune|TGFB1|TGFBR2|TGFB	GSE292299	GSM8855719_DLBCL_P1	DLBCL	immune	immune	TGFB1	TGFBR2	TGFB	0.906028	high_pilot_v3	True	True	0					0.95114173	
no_annotation	153	GSE300445|GSM9060732_AdjIII-0019|stroma_fibroblast|stroma_fibroblast|JAG1|NOTCH2|NOTCH	GSE300445	GSM9060732_AdjIII-0019	melanoma	stroma_fibroblast	stroma_fibroblast	JAG1	NOTCH2	NOTCH	0.905834	medium_pilot_v3	False	True	0					0.9509267349999999	
no_annotation	154	GSE292299|GSM8855704_NSCLC_P2|tumor_like|tumor_like|HBEGF|EGFR|EGF/ERBB	GSE292299	GSM8855704_NSCLC_P2	NSCLC	tumor_like	tumor_like	HBEGF	EGFR	EGF/ERBB	0.905825	high_pilot_v3	True	True	1					0.9509168383333333	
no_annotation	155	GSE283052|GSM8655158_P04|stroma_fibroblast|stroma_fibroblast|SPP1|ITGAV|SPP1	GSE283052	GSM8655158_P04	colorectal cancer	stroma_fibroblast	stroma_fibroblast	SPP1	ITGAV	SPP1	0.905743	medium_pilot_v3	False	True	0					0.9508258777777779	
no_annotation	156	GSE292299|GSM8855714_NSCLC_P12|tumor_like|tumor_like|VEGFA|KDR|VEGF	GSE292299	GSM8855714_NSCLC_P12	NSCLC	tumor_like	tumor_like	VEGFA	KDR	VEGF	0.905294	high_pilot_v3	True	True	0					0.950326935	
no_annotation	157	GSE283052|GSM8655161_P09|stroma_fibroblast|stroma_fibroblast|SPP1|CD44|SPP1	GSE283052	GSM8655161_P09	colorectal cancer	stroma_fibroblast	stroma_fibroblast	SPP1	CD44	SPP1	0.905223	high_pilot_v3	True	True	1					0.9502480216666667	
no_annotation	158	GSE292299|GSM8855718_NSCLC_P16|stroma_fibroblast|stroma_fibroblast|CXCL12|CXCR4|CXCL chemokine	GSE292299	GSM8855718_NSCLC_P16	NSCLC	stroma_fibroblast	stroma_fibroblast	CXCL12	CXCR4	CXCL chemokine	0.904856	high_pilot_v3	True	True	0					0.9498396466666669	
no_annotation	159	GSE283052|GSM8655167_P18|immune|immune|MIF|CD74|MIF	GSE283052	GSM8655167_P18	colorectal cancer	immune	immune	MIF	CD74	MIF	0.904722	high_pilot_v3	True	True	1					0.9496909577777779	
no_annotation	160	GSE283052|GSM8655158_P04|tumor_like|tumor_like|COL1A1|ITGA2|ECM-integrin	GSE283052	GSM8655158_P04	colorectal cancer	tumor_like	tumor_like	COL1A1	ITGA2	ECM-integrin	0.904374	medium_pilot_v3	False	True	0					0.949304331111111	
no_annotation	161	GSE283052|GSM8655163_P11|immune|immune|MIF|CD74|MIF	GSE283052	GSM8655163_P11	colorectal cancer	immune	immune	MIF	CD74	MIF	0.903909	high_pilot_v3	True	True	1					0.9487881083333333	
no_annotation	162	GSE292299|GSM8855712_NSCLC_P10|tumor_like|tumor_like|COL1A1|ITGA2|ECM-integrin	GSE292299	GSM8855712_NSCLC_P10	NSCLC	tumor_like	tumor_like	COL1A1	ITGA2	ECM-integrin	0.903043	high_pilot_v3	True	True	1					0.9478253833333333	
no_annotation	163	GSE283052|GSM8655164_P13|stroma_fibroblast|stroma_fibroblast|TGFB1|TGFBR2|TGFB	GSE283052	GSM8655164_P13	colorectal cancer	stroma_fibroblast	stroma_fibroblast	TGFB1	TGFBR2	TGFB	0.90295	high_pilot_v3	True	True	1					0.9477227683333335	
no_annotation	164	GSE292299|GSM8855713_NSCLC_P11|tumor_like|tumor_like|COL1A1|ITGA2|ECM-integrin	GSE292299	GSM8855713_NSCLC_P11	NSCLC	tumor_like	tumor_like	COL1A1	ITGA2	ECM-integrin	0.902903	medium_pilot_v3	False	True	0					0.94767055	
no_annotation	165	GSE292299|GSM8855714_NSCLC_P12|stroma_fibroblast|stroma_fibroblast|SPP1|ITGAV|SPP1	GSE292299	GSM8855714_NSCLC_P12	NSCLC	stroma_fibroblast	stroma_fibroblast	SPP1	ITGAV	SPP1	0.902604	medium_pilot_v3	False	True	1					0.947338095	
no_annotation	166	GSE300445|GSM9060733_AdjIII-0022|tumor_like|tumor_like|HBEGF|EGFR|EGF/ERBB	GSE300445	GSM9060733_AdjIII-0022	melanoma	tumor_like	tumor_like	HBEGF	EGFR	EGF/ERBB	0.902226	high_pilot_v3	True	True	1					0.9469178700000002	
no_annotation	167	GSE283052|GSM8655161_P09|stroma_fibroblast|stroma_fibroblast|TGFB1|TGFBR2|TGFB	GSE283052	GSM8655161_P09	colorectal cancer	stroma_fibroblast	stroma_fibroblast	TGFB1	TGFBR2	TGFB	0.902098	high_pilot_v3	True	True	1					0.9467757983333335	
no_annotation	168	GSE283052|GSM8655159_P05|tumor_like|tumor_like|SPP1|CD44|SPP1	GSE283052	GSM8655159_P05	colorectal cancer	tumor_like	tumor_like	SPP1	CD44	SPP1	0.901965	medium_pilot_v3	False	True	0					0.9466278666666667	
no_annotation	169	GSE292299|GSM8855719_DLBCL_P1|immune|immune|SPP1|CD44|SPP1	GSE292299	GSM8855719_DLBCL_P1	DLBCL	immune	immune	SPP1	CD44	SPP1	0.901814	high_pilot_v3	True	True	1					0.9464601416666666	
no_annotation	170	GSE292299|GSM8855717_NSCLC_P15|immune|immune|SPP1|ITGAV|SPP1	GSE292299	GSM8855717_NSCLC_P15	NSCLC	immune	immune	SPP1	ITGAV	SPP1	0.901566	high_pilot_v3	True	True	1					0.9461839433333333	
no_annotation	171	GSE292299|GSM8855703_NSCLC_P1|stroma_fibroblast|stroma_fibroblast|TGFB1|TGFBR2|TGFB	GSE292299	GSM8855703_NSCLC_P1	NSCLC	stroma_fibroblast	stroma_fibroblast	TGFB1	TGFBR2	TGFB	0.901564	high_pilot_v3	True	True	1					0.94618199	
no_annotation	172	GSE283052|GSM8655168_P24|stroma_fibroblast|stroma_fibroblast|TGFB1|TGFBR2|TGFB	GSE283052	GSM8655168_P24	colorectal cancer	stroma_fibroblast	stroma_fibroblast	TGFB1	TGFBR2	TGFB	0.901346	high_pilot_v3	True	True	1					0.9459402983333335	
no_annotation	173	GSE283052|GSM8655165_P15|stroma_fibroblast|stroma_fibroblast|COL1A1|ITGA2|ECM-integrin	GSE283052	GSM8655165_P15	colorectal cancer	stroma_fibroblast	stroma_fibroblast	COL1A1	ITGA2	ECM-integrin	0.900927	high_pilot_v3	True	True	1					0.9454740011111111	
no_annotation	174	GSE283052|GSM8655164_P13|stroma_fibroblast|stroma_fibroblast|TGFB1|TGFBR1|TGFB	GSE283052	GSM8655164_P13	colorectal cancer	stroma_fibroblast	stroma_fibroblast	TGFB1	TGFBR1	TGFB	0.900855	high_pilot_v3	True	True	1					0.9453948016666668	
no_annotation	175	GSE292299|GSM8855714_NSCLC_P12|stroma_fibroblast|stroma_fibroblast|CXCL12|CXCR4|CXCL chemokine	GSE292299	GSM8855714_NSCLC_P12	NSCLC	stroma_fibroblast	stroma_fibroblast	CXCL12	CXCR4	CXCL chemokine	0.900705	high_pilot_v3	True	True	0					0.9452281183333334	
no_annotation	176	GSE283052|GSM8655163_P11|stroma_fibroblast|stroma_fibroblast|SPP1|CD44|SPP1	GSE283052	GSM8655163_P11	colorectal cancer	stroma_fibroblast	stroma_fibroblast	SPP1	CD44	SPP1	0.900607	high_pilot_v3	True	True	1					0.9451186016666667	
no_annotation	177	GSE292299|GSM8855709_NSCLC_P7|stroma_fibroblast|stroma_fibroblast|TGFB1|TGFBR2|TGFB	GSE292299	GSM8855709_NSCLC_P7	NSCLC	stroma_fibroblast	stroma_fibroblast	TGFB1	TGFBR2	TGFB	0.900426	medium_pilot_v3	False	True	1					0.9449174100000001	
no_annotation	178	GSE292299|GSM8855712_NSCLC_P10|tumor_like|tumor_like|TGFB1|TGFBR2|TGFB	GSE292299	GSM8855712_NSCLC_P10	NSCLC	tumor_like	tumor_like	TGFB1	TGFBR2	TGFB	0.899697	medium_pilot_v3	False	True	1					0.9441075633333332	
no_annotation	179	GSE292299|GSM8855704_NSCLC_P2|stroma_fibroblast|stroma_fibroblast|CXCL12|CXCR4|CXCL chemokine	GSE292299	GSM8855704_NSCLC_P2	NSCLC	stroma_fibroblast	stroma_fibroblast	CXCL12	CXCR4	CXCL chemokine	0.899659	high_pilot_v3	True	True	0					0.9440651116666666	
no_annotation	180	GSE292299|GSM8855708_NSCLC_P6|immune|immune|SPP1|CD44|SPP1	GSE292299	GSM8855708_NSCLC_P6	NSCLC	immune	immune	SPP1	CD44	SPP1	0.899583	medium_pilot_v3	False	True	0					0.9439811388888889	
no_annotation	181	GSE292299|GSM8855710_NSCLC_P8|tumor_like|tumor_like|SPP1|CD44|SPP1	GSE292299	GSM8855710_NSCLC_P8	NSCLC	tumor_like	tumor_like	SPP1	CD44	SPP1	0.899484	medium_pilot_v3	False	True	0					0.9438708216666668	
no_annotation	182	GSE292299|GSM8855718_NSCLC_P16|tumor_like|tumor_like|VEGFA|KDR|VEGF	GSE292299	GSM8855718_NSCLC_P16	NSCLC	tumor_like	tumor_like	VEGFA	KDR	VEGF	0.898769	medium_pilot_v3	False	True	1					0.9430767316666667	
no_annotation	183	GSE292299|GSM8855715_NSCLC_P13|stroma_fibroblast|stroma_fibroblast|COL1A1|ITGA2|ECM-integrin	GSE292299	GSM8855715_NSCLC_P13	NSCLC	stroma_fibroblast	stroma_fibroblast	COL1A1	ITGA2	ECM-integrin	0.898754	medium_pilot_v3	False	True	1					0.9430596222222223	
no_annotation	184	GSE292299|GSM8855704_NSCLC_P2|tumor_like|tumor_like|TGFB1|TGFBR2|TGFB	GSE292299	GSM8855704_NSCLC_P2	NSCLC	tumor_like	tumor_like	TGFB1	TGFBR2	TGFB	0.89833	high_pilot_v3	True	True	0					0.9425886861111111	
no_annotation	185	GSE283052|GSM8655161_P09|stroma_fibroblast|stroma_fibroblast|TGFB1|TGFBR1|TGFB	GSE283052	GSM8655161_P09	colorectal cancer	stroma_fibroblast	stroma_fibroblast	TGFB1	TGFBR1	TGFB	0.898121	high_pilot_v3	True	True	1					0.9423566066666668	
no_annotation	186	GSE292299|GSM8855703_NSCLC_P1|stroma_fibroblast|stroma_fibroblast|JAG1|NOTCH2|NOTCH	GSE292299	GSM8855703_NSCLC_P1	NSCLC	stroma_fibroblast	stroma_fibroblast	JAG1	NOTCH2	NOTCH	0.89773	high_pilot_v3	True	True	1					0.9419225783333333	
no_annotation	187	GSE292299|GSM8855720_DLBCL_P2|immune|immune|SPP1|CD44|SPP1	GSE292299	GSM8855720_DLBCL_P2	DLBCL	immune	immune	SPP1	CD44	SPP1	0.897553	high_pilot_v3	True	True	1					0.9417252933333333	
no_annotation	188	GSE292299|GSM8855717_NSCLC_P15|immune|immune|TGFB1|TGFBR2|TGFB	GSE292299	GSM8855717_NSCLC_P15	NSCLC	immune	immune	TGFB1	TGFBR2	TGFB	0.897531	medium_pilot_v3	False	True	0					0.9417006816666667	
no_annotation	189	GSE300445|GSM9060735_AdjIII-0133|tumor_like|tumor_like|SPP1|ITGAV|SPP1	GSE300445	GSM9060735_AdjIII-0133	melanoma	tumor_like	tumor_like	SPP1	ITGAV	SPP1	0.897475	medium_pilot_v3	False	True	0					0.9416391672222223	
no_annotation	190	GSE292299|GSM8855704_NSCLC_P2|tumor_like|tumor_like|JAG1|NOTCH2|NOTCH	GSE292299	GSM8855704_NSCLC_P2	NSCLC	tumor_like	tumor_like	JAG1	NOTCH2	NOTCH	0.897117	medium_pilot_v3	False	True	1					0.941241	
no_annotation	191	GSE292299|GSM8855713_NSCLC_P11|tumor_like|tumor_like|TGFB1|TGFBR2|TGFB	GSE292299	GSM8855713_NSCLC_P11	NSCLC	tumor_like	tumor_like	TGFB1	TGFBR2	TGFB	0.897019	medium_pilot_v3	False	True	0					0.9411325266666666	
no_annotation	192	GSE292299|GSM8855713_NSCLC_P11|tumor_like|tumor_like|TGFB1|TGFBR1|TGFB	GSE292299	GSM8855713_NSCLC_P11	NSCLC	tumor_like	tumor_like	TGFB1	TGFBR1	TGFB	0.896582	medium_pilot_v3	False	True	0					0.9406471916666665	
no_annotation	193	GSE292299|GSM8855713_NSCLC_P11|tumor_like|tumor_like|EGF|EGFR|EGF/ERBB	GSE292299	GSM8855713_NSCLC_P11	NSCLC	tumor_like	tumor_like	EGF	EGFR	EGF/ERBB	0.896357	medium_pilot_v3	False	True	1					0.940396645	
no_annotation	194	GSE292299|GSM8855706_NSCLC_P4|tumor_like|tumor_like|HBEGF|EGFR|EGF/ERBB	GSE292299	GSM8855706_NSCLC_P4	NSCLC	tumor_like	tumor_like	HBEGF	EGFR	EGF/ERBB	0.895894	high_pilot_v3	True	True	1					0.9398826616666667	
no_annotation	195	GSE292299|GSM8855711_NSCLC_P9|stroma_fibroblast|stroma_fibroblast|TGFB1|TGFBR2|TGFB	GSE292299	GSM8855711_NSCLC_P9	NSCLC	stroma_fibroblast	stroma_fibroblast	TGFB1	TGFBR2	TGFB	0.895604	high_pilot_v3	True	True	1					0.9395601033333333	
no_annotation	196	GSE292299|GSM8855706_NSCLC_P4|tumor_like|tumor_like|VEGFA|KDR|VEGF	GSE292299	GSM8855706_NSCLC_P4	NSCLC	tumor_like	tumor_like	VEGFA	KDR	VEGF	0.895343	high_pilot_v3	True	True	0					0.9392701000000001	
no_annotation	197	GSE292299|GSM8855704_NSCLC_P2|tumor_like|tumor_like|WNT5A|FZD5|WNT	GSE292299	GSM8855704_NSCLC_P2	NSCLC	tumor_like	tumor_like	WNT5A	FZD5	WNT	0.894786	medium_pilot_v3	False	True	1					0.9386506366666667	
no_annotation	198	GSE292299|GSM8855713_NSCLC_P11|tumor_like|tumor_like|JAG1|NOTCH2|NOTCH	GSE292299	GSM8855713_NSCLC_P11	NSCLC	tumor_like	tumor_like	JAG1	NOTCH2	NOTCH	0.894072	medium_pilot_v3	False	True	1					0.9378575900000001	
no_annotation	199	GSE283052|GSM8655167_P18|stroma_fibroblast|stroma_fibroblast|SPP1|CD44|SPP1	GSE283052	GSM8655167_P18	colorectal cancer	stroma_fibroblast	stroma_fibroblast	SPP1	CD44	SPP1	0.894012	medium_pilot_v3	False	True	1					0.9377910455555555	
no_annotation	200	GSE292299|GSM8855705_NSCLC_P3|stroma_fibroblast|stroma_fibroblast|CXCL12|CXCR4|CXCL chemokine	GSE292299	GSM8855705_NSCLC_P3	NSCLC	stroma_fibroblast	stroma_fibroblast	CXCL12	CXCR4	CXCL chemokine	0.893774	high_pilot_v3	True	True	0					0.9375270866666666	
no_annotation	201	GSE292299|GSM8855715_NSCLC_P13|tumor_like|tumor_like|VEGFA|KDR|VEGF	GSE292299	GSM8855715_NSCLC_P13	NSCLC	tumor_like	tumor_like	VEGFA	KDR	VEGF	0.89326	medium_pilot_v3	False	True	0					0.9369550249999998	
no_annotation	202	GSE283052|GSM8655163_P11|stroma_fibroblast|stroma_fibroblast|TGFB1|TGFBR2|TGFB	GSE283052	GSM8655163_P11	colorectal cancer	stroma_fibroblast	stroma_fibroblast	TGFB1	TGFBR2	TGFB	0.893219	high_pilot_v3	True	True	1					0.9369095783333334	
no_annotation	203	GSE283052|GSM8655160_P07|stroma_fibroblast|stroma_fibroblast|WNT5A|FZD5|WNT	GSE283052	GSM8655160_P07	colorectal cancer	stroma_fibroblast	stroma_fibroblast	WNT5A	FZD5	WNT	0.893077	high_pilot_v3	True	True	0					0.93675175	
no_annotation	204	GSE300445|GSM9060733_AdjIII-0022|tumor_like|tumor_like|SPP1|ITGAV|SPP1	GSE300445	GSM9060733_AdjIII-0022	melanoma	tumor_like	tumor_like	SPP1	ITGAV	SPP1	0.892889	medium_pilot_v3	False	True	1					0.9365436566666667	
no_annotation	205	GSE292299|GSM8855709_NSCLC_P7|tumor_like|tumor_like|COL1A1|ITGA2|ECM-integrin	GSE292299	GSM8855709_NSCLC_P7	NSCLC	tumor_like	tumor_like	COL1A1	ITGA2	ECM-integrin	0.892717	medium_pilot_v3	False	True	0					0.9363519205555557	
no_annotation	206	GSE292299|GSM8855712_NSCLC_P10|tumor_like|tumor_like|VEGFA|KDR|VEGF	GSE292299	GSM8855712_NSCLC_P10	NSCLC	tumor_like	tumor_like	VEGFA	KDR	VEGF	0.892087	medium_pilot_v3	False	True	1					0.9356519	
no_annotation	207	GSE292299|GSM8855713_NSCLC_P11|tumor_like|tumor_like|CXCL12|CXCR4|CXCL chemokine	GSE292299	GSM8855713_NSCLC_P11	NSCLC	tumor_like	tumor_like	CXCL12	CXCR4	CXCL chemokine	0.891726	medium_pilot_v3	False	True	1					0.9352514700000001	
no_annotation	208	GSE283052|GSM8655166_P17|tumor_like|tumor_like|HBEGF|EGFR|EGF/ERBB	GSE283052	GSM8655166_P17	colorectal cancer	tumor_like	tumor_like	HBEGF	EGFR	EGF/ERBB	0.891658	high_pilot_v3	True	True	1					0.9351754199999999	
no_annotation	209	GSE292299|GSM8855704_NSCLC_P2|immune|tumor_like|SPP1|CD44|SPP1	GSE292299	GSM8855704_NSCLC_P2	NSCLC	immune	tumor_like	SPP1	CD44	SPP1	0.891612	medium_pilot_v3	False	True	0					0.9351240883333333	
no_annotation	210	GSE292299|GSM8855709_NSCLC_P7|stroma_fibroblast|stroma_fibroblast|JAG1|NOTCH2|NOTCH	GSE292299	GSM8855709_NSCLC_P7	NSCLC	stroma_fibroblast	stroma_fibroblast	JAG1	NOTCH2	NOTCH	0.891416	medium_pilot_v3	False	True	1					0.9349071633333333	
no_annotation	211	GSE292299|GSM8855712_NSCLC_P10|tumor_like|tumor_like|JAG1|NOTCH2|NOTCH	GSE292299	GSM8855712_NSCLC_P10	NSCLC	tumor_like	tumor_like	JAG1	NOTCH2	NOTCH	0.891241	medium_pilot_v3	False	True	1					0.9347118316666668	
no_annotation	212	GSE292299|GSM8855713_NSCLC_P11|stroma_fibroblast|stroma_fibroblast|CXCL12|CXCR4|CXCL chemokine	GSE292299	GSM8855713_NSCLC_P11	NSCLC	stroma_fibroblast	stroma_fibroblast	CXCL12	CXCR4	CXCL chemokine	0.891029	medium_pilot_v3	False	True	0					0.9344769322222223	
no_annotation	213	GSE292299|GSM8855703_NSCLC_P1|tumor_like|tumor_like|VEGFA|KDR|VEGF	GSE292299	GSM8855703_NSCLC_P1	NSCLC	tumor_like	tumor_like	VEGFA	KDR	VEGF	0.890949	medium_pilot_v3	False	True	0					0.93438732	
no_annotation	214	GSE292299|GSM8855719_DLBCL_P1|immune|immune|TGFB1|TGFBR1|TGFB	GSE292299	GSM8855719_DLBCL_P1	DLBCL	immune	immune	TGFB1	TGFBR1	TGFB	0.890526	high_pilot_v3	True	True	0					0.9339177416666667	
no_annotation	215	GSE300445|GSM9060734_AdjIII-0113|tumor_like|tumor_like|JAG1|NOTCH2|NOTCH	GSE300445	GSM9060734_AdjIII-0113	melanoma	tumor_like	tumor_like	JAG1	NOTCH2	NOTCH	0.890435	medium_pilot_v3	False	True	1					0.9338172116666666	
no_annotation	216	GSE300445|GSM9060733_AdjIII-0022|stroma_fibroblast|stroma_fibroblast|CXCL12|CXCR4|CXCL chemokine	GSE300445	GSM9060733_AdjIII-0022	melanoma	stroma_fibroblast	stroma_fibroblast	CXCL12	CXCR4	CXCL chemokine	0.890357	medium_pilot_v3	False	True	0					0.9337303533333332	
no_annotation	217	GSE283052|GSM8655161_P09|stroma_fibroblast|stroma_fibroblast|SPP1|ITGAV|SPP1	GSE283052	GSM8655161_P09	colorectal cancer	stroma_fibroblast	stroma_fibroblast	SPP1	ITGAV	SPP1	0.890194	high_pilot_v3	True	True	1					0.933548825	
no_annotation	218	GSE292299|GSM8855720_DLBCL_P2|immune|immune|TGFB1|TGFBR2|TGFB	GSE292299	GSM8855720_DLBCL_P2	DLBCL	immune	immune	TGFB1	TGFBR2	TGFB	0.889757	high_pilot_v3	True	True	1					0.93306349	
equal_weight	1	GSE292299|GSM8855713_NSCLC_P11|tumor_like|tumor_like|SPP1|CD44|SPP1	GSE292299	GSM8855713_NSCLC_P11	NSCLC	tumor_like	tumor_like	SPP1	CD44	SPP1	0.941658	high_pilot_v3	True	True	1						0.8957401600000001
equal_weight	2	GSE300445|GSM9060734_AdjIII-0113|tumor_like|tumor_like|MIF|CD74|MIF	GSE300445	GSM9060734_AdjIII-0113	melanoma	tumor_like	tumor_like	MIF	CD74	MIF	0.941622	high_pilot_v3	True	True	0						0.8956928120000001
equal_weight	3	GSE292299|GSM8855713_NSCLC_P11|tumor_like|tumor_like|MIF|CD74|MIF	GSE292299	GSM8855713_NSCLC_P11	NSCLC	tumor_like	tumor_like	MIF	CD74	MIF	0.941587	high_pilot_v3	True	True	1						0.895645464
equal_weight	4	GSE300445|GSM9060735_AdjIII-0133|tumor_like|tumor_like|MIF|CD74|MIF	GSE300445	GSM9060735_AdjIII-0133	melanoma	tumor_like	tumor_like	MIF	CD74	MIF	0.941516	high_pilot_v3	True	True	0						0.895550766
equal_weight	5	GSE300445|GSM9060732_AdjIII-0019|tumor_like|tumor_like|SPP1|CD44|SPP1	GSE300445	GSM9060732_AdjIII-0019	melanoma	tumor_like	tumor_like	SPP1	CD44	SPP1	0.941445	high_pilot_v3	True	True	1						0.89545607
equal_weight	6	GSE292299|GSM8855713_NSCLC_P11|tumor_like|tumor_like|SPP1|ITGAV|SPP1	GSE292299	GSM8855713_NSCLC_P11	NSCLC	tumor_like	tumor_like	SPP1	ITGAV	SPP1	0.941409	high_pilot_v3	True	True	1						0.895408722
equal_weight	7	GSE292299|GSM8855704_NSCLC_P2|tumor_like|tumor_like|SPP1|CD44|SPP1	GSE292299	GSM8855704_NSCLC_P2	NSCLC	tumor_like	tumor_like	SPP1	CD44	SPP1	0.940983	high_pilot_v3	True	True	0						0.89484054
equal_weight	8	GSE292299|GSM8855715_NSCLC_P13|tumor_like|tumor_like|MIF|CD74|MIF	GSE292299	GSM8855715_NSCLC_P13	NSCLC	tumor_like	tumor_like	MIF	CD74	MIF	0.940735	high_pilot_v3	True	True	0						0.8945091
equal_weight	9	GSE300445|GSM9060732_AdjIII-0019|tumor_like|tumor_like|SPP1|ITGAV|SPP1	GSE300445	GSM9060732_AdjIII-0019	melanoma	tumor_like	tumor_like	SPP1	ITGAV	SPP1	0.940522	high_pilot_v3	True	True	1						0.8942250099999999
equal_weight	10	GSE283052|GSM8655157_P02|tumor_like|tumor_like|MIF|CD74|MIF	GSE283052	GSM8655157_P02	colorectal cancer	tumor_like	tumor_like	MIF	CD74	MIF	0.940237	high_pilot_v3	True	True	1						0.893846222
equal_weight	11	GSE292299|GSM8855709_NSCLC_P7|tumor_like|tumor_like|SPP1|CD44|SPP1	GSE292299	GSM8855709_NSCLC_P7	NSCLC	tumor_like	tumor_like	SPP1	CD44	SPP1	0.940024	high_pilot_v3	True	True	0						0.8935621300000001
equal_weight	12	GSE292299|GSM8855709_NSCLC_P7|tumor_like|tumor_like|MIF|CD74|MIF	GSE292299	GSM8855709_NSCLC_P7	NSCLC	tumor_like	tumor_like	MIF	CD74	MIF	0.939492	high_pilot_v3	True	True	0						0.892851902
equal_weight	13	GSE292299|GSM8855712_NSCLC_P10|tumor_like|tumor_like|MIF|CD74|MIF	GSE292299	GSM8855712_NSCLC_P10	NSCLC	tumor_like	tumor_like	MIF	CD74	MIF	0.939243	high_pilot_v3	True	True	1						0.8925204640000001
equal_weight	14	GSE292299|GSM8855708_NSCLC_P6|tumor_like|tumor_like|MIF|CD74|MIF	GSE292299	GSM8855708_NSCLC_P6	NSCLC	tumor_like	tumor_like	MIF	CD74	MIF	0.936291	high_pilot_v3	True	True	0						0.8921691700000001
equal_weight	15	GSE300445|GSM9060733_AdjIII-0022|tumor_like|tumor_like|MIF|CD74|MIF	GSE300445	GSM9060733_AdjIII-0022	melanoma	tumor_like	tumor_like	MIF	CD74	MIF	0.938888	high_pilot_v3	True	True	1						0.892046978
equal_weight	16	GSE292299|GSM8855715_NSCLC_P13|stroma_fibroblast|stroma_fibroblast|SPP1|ITGAV|SPP1	GSE292299	GSM8855715_NSCLC_P13	NSCLC	stroma_fibroblast	stroma_fibroblast	SPP1	ITGAV	SPP1	0.937136	high_pilot_v3	True	True	1						0.891910558
equal_weight	17	GSE292299|GSM8855709_NSCLC_P7|tumor_like|tumor_like|SPP1|ITGAV|SPP1	GSE292299	GSM8855709_NSCLC_P7	NSCLC	tumor_like	tumor_like	SPP1	ITGAV	SPP1	0.938391	high_pilot_v3	True	True	0						0.8913841
equal_weight	18	GSE283052|GSM8655167_P18|tumor_like|tumor_like|MIF|CD74|MIF	GSE283052	GSM8655167_P18	colorectal cancer	tumor_like	tumor_like	MIF	CD74	MIF	0.938178	high_pilot_v3	True	True	1						0.8911000099999999
equal_weight	19	GSE300445|GSM9060732_AdjIII-0019|stroma_fibroblast|stroma_fibroblast|COL1A1|ITGA2|ECM-integrin	GSE300445	GSM9060732_AdjIII-0019	melanoma	stroma_fibroblast	stroma_fibroblast	COL1A1	ITGA2	ECM-integrin	0.938107	high_pilot_v3	True	True	1						0.8910053120000001
equal_weight	20	GSE300445|GSM9060733_AdjIII-0022|tumor_like|tumor_like|COL1A1|ITGA2|ECM-integrin	GSE300445	GSM9060733_AdjIII-0022	melanoma	tumor_like	tumor_like	COL1A1	ITGA2	ECM-integrin	0.937965	high_pilot_v3	True	True	0						0.890815918
equal_weight	21	GSE283052|GSM8655160_P07|tumor_like|tumor_like|MIF|CD74|MIF	GSE283052	GSM8655160_P07	colorectal cancer	tumor_like	tumor_like	MIF	CD74	MIF	0.937894	high_pilot_v3	True	True	0						0.890721222
equal_weight	22	GSE292299|GSM8855718_NSCLC_P16|tumor_like|tumor_like|MIF|CD74|MIF	GSE292299	GSM8855718_NSCLC_P16	NSCLC	tumor_like	tumor_like	MIF	CD74	MIF	0.937681	high_pilot_v3	True	True	1						0.8904371300000001
equal_weight	23	GSE300445|GSM9060734_AdjIII-0113|tumor_like|tumor_like|SPP1|CD44|SPP1	GSE300445	GSM9060734_AdjIII-0113	melanoma	tumor_like	tumor_like	SPP1	CD44	SPP1	0.9348	high_pilot_v3	True	True	0						0.890180534
equal_weight	24	GSE292299|GSM8855704_NSCLC_P2|tumor_like|tumor_like|SPP1|ITGAV|SPP1	GSE292299	GSM8855704_NSCLC_P2	NSCLC	tumor_like	tumor_like	SPP1	ITGAV	SPP1	0.937468	high_pilot_v3	True	True	0						0.8901530400000001
equal_weight	25	GSE292299|GSM8855709_NSCLC_P7|immune|immune|SPP1|ITGAV|SPP1	GSE292299	GSM8855709_NSCLC_P7	NSCLC	immune	immune	SPP1	ITGAV	SPP1	0.937432	high_pilot_v3	True	True	0						0.8901056900000001
equal_weight	26	GSE292299|GSM8855717_NSCLC_P15|immune|immune|MIF|CD74|MIF	GSE292299	GSM8855717_NSCLC_P15	NSCLC	immune	immune	MIF	CD74	MIF	0.937361	high_pilot_v3	True	True	1						0.890010994
equal_weight	27	GSE283052|GSM8655160_P07|stroma_fibroblast|stroma_fibroblast|MIF|CD74|MIF	GSE283052	GSM8655160_P07	colorectal cancer	stroma_fibroblast	stroma_fibroblast	MIF	CD74	MIF	0.937148	high_pilot_v3	True	True	1						0.8897269019999999
equal_weight	28	GSE283052|GSM8655165_P15|stroma_fibroblast|stroma_fibroblast|MIF|CD74|MIF	GSE283052	GSM8655165_P15	colorectal cancer	stroma_fibroblast	stroma_fibroblast	MIF	CD74	MIF	0.937041	high_pilot_v3	True	True	1						0.8895848579999999
equal_weight	29	GSE283052|GSM8655163_P11|stroma_fibroblast|stroma_fibroblast|MIF|CD74|MIF	GSE283052	GSM8655163_P11	colorectal cancer	stroma_fibroblast	stroma_fibroblast	MIF	CD74	MIF	0.936509	high_pilot_v3	True	True	1						0.8888746300000001
equal_weight	30	GSE292299|GSM8855719_DLBCL_P1|immune|immune|MIF|CD74|MIF	GSE292299	GSM8855719_DLBCL_P1	DLBCL	immune	immune	MIF	CD74	MIF	0.936402	high_pilot_v3	True	True	1						0.8887325839999999
equal_weight	31	GSE292299|GSM8855704_NSCLC_P2|tumor_like|immune|MIF|CD74|MIF	GSE292299	GSM8855704_NSCLC_P2	NSCLC	tumor_like	immune	MIF	CD74	MIF	0.936154	high_pilot_v3	True	True	0						0.888401146
equal_weight	32	GSE292299|GSM8855704_NSCLC_P2|tumor_like|tumor_like|MIF|CD74|MIF	GSE292299	GSM8855704_NSCLC_P2	NSCLC	tumor_like	tumor_like	MIF	CD74	MIF	0.936047	high_pilot_v3	True	True	0						0.8882591
equal_weight	33	GSE283052|GSM8655168_P24|stroma_fibroblast|stroma_fibroblast|MIF|CD74|MIF	GSE283052	GSM8655168_P24	colorectal cancer	stroma_fibroblast	stroma_fibroblast	MIF	CD74	MIF	0.936012	high_pilot_v3	True	True	1						0.8882117519999999
equal_weight	34	GSE300445|GSM9060734_AdjIII-0113|tumor_like|tumor_like|COL1A1|ITGA2|ECM-integrin	GSE300445	GSM9060734_AdjIII-0113	melanoma	tumor_like	tumor_like	COL1A1	ITGA2	ECM-integrin	0.934295	high_pilot_v3	True	True	0						0.88812268
equal_weight	35	GSE283052|GSM8655160_P07|stroma_fibroblast|stroma_fibroblast|COL1A1|ITGA2|ECM-integrin	GSE283052	GSM8655160_P07	colorectal cancer	stroma_fibroblast	stroma_fibroblast	COL1A1	ITGA2	ECM-integrin	0.935763	high_pilot_v3	True	True	1						0.8878803120000001
equal_weight	36	GSE292299|GSM8855709_NSCLC_P7|immune|immune|SPP1|CD44|SPP1	GSE292299	GSM8855709_NSCLC_P7	NSCLC	immune	immune	SPP1	CD44	SPP1	0.930357	high_pilot_v3	True	True	0						0.887840602
equal_weight	37	GSE283052|GSM8655159_P05|stroma_fibroblast|stroma_fibroblast|MIF|CD74|MIF	GSE283052	GSM8655159_P05	colorectal cancer	stroma_fibroblast	stroma_fibroblast	MIF	CD74	MIF	0.935266	high_pilot_v3	True	True	1						0.8872174340000001
equal_weight	38	GSE292299|GSM8855704_NSCLC_P2|stroma_fibroblast|stroma_fibroblast|COL1A1|ITGA2|ECM-integrin	GSE292299	GSM8855704_NSCLC_P2	NSCLC	stroma_fibroblast	stroma_fibroblast	COL1A1	ITGA2	ECM-integrin	0.929398	high_pilot_v3	True	True	1						0.8865621919999999
equal_weight	39	GSE292299|GSM8855708_NSCLC_P6|stroma_fibroblast|stroma_fibroblast|SPP1|CD44|SPP1	GSE292299	GSM8855708_NSCLC_P6	NSCLC	stroma_fibroblast	stroma_fibroblast	SPP1	CD44	SPP1	0.934698	high_pilot_v3	True	True	1						0.8864598579999999
equal_weight	40	GSE292299|GSM8855711_NSCLC_P9|tumor_like|tumor_like|MIF|CD74|MIF	GSE292299	GSM8855711_NSCLC_P9	NSCLC	tumor_like	tumor_like	MIF	CD74	MIF	0.934662	high_pilot_v3	True	True	1						0.8864125099999999
equal_weight	41	GSE283052|GSM8655158_P04|stroma_fibroblast|stroma_fibroblast|MIF|CD74|MIF	GSE283052	GSM8655158_P04	colorectal cancer	stroma_fibroblast	stroma_fibroblast	MIF	CD74	MIF	0.934378	high_pilot_v3	True	True	1						0.886033722
equal_weight	42	GSE292299|GSM8855717_NSCLC_P15|tumor_like|tumor_like|MIF|CD74|MIF	GSE292299	GSM8855717_NSCLC_P15	NSCLC	tumor_like	tumor_like	MIF	CD74	MIF	0.933845	high_pilot_v3	True	True	0						0.885323494
equal_weight	43	GSE300445|GSM9060735_AdjIII-0133|stroma_fibroblast|stroma_fibroblast|COL1A1|ITGA2|ECM-integrin	GSE300445	GSM9060735_AdjIII-0133	melanoma	stroma_fibroblast	stroma_fibroblast	COL1A1	ITGA2	ECM-integrin	0.927049	high_pilot_v3	True	True	1						0.885061906
equal_weight	44	GSE292299|GSM8855714_NSCLC_P12|stroma_fibroblast|stroma_fibroblast|COL1A1|ITGA2|ECM-integrin	GSE292299	GSM8855714_NSCLC_P12	NSCLC	stroma_fibroblast	stroma_fibroblast	COL1A1	ITGA2	ECM-integrin	0.933561	high_pilot_v3	True	True	1						0.884944706
equal_weight	45	GSE292299|GSM8855709_NSCLC_P7|stroma_fibroblast|stroma_fibroblast|COL1A1|ITGA2|ECM-integrin	GSE292299	GSM8855709_NSCLC_P7	NSCLC	stroma_fibroblast	stroma_fibroblast	COL1A1	ITGA2	ECM-integrin	0.925977	high_pilot_v3	True	True	1						0.884733278
equal_weight	46	GSE283052|GSM8655161_P09|stroma_fibroblast|stroma_fibroblast|MIF|CD74|MIF	GSE283052	GSM8655161_P09	colorectal cancer	stroma_fibroblast	stroma_fibroblast	MIF	CD74	MIF	0.933313	high_pilot_v3	True	True	1						0.884613266
equal_weight	47	GSE292299|GSM8855705_NSCLC_P3|tumor_like|tumor_like|SPP1|CD44|SPP1	GSE292299	GSM8855705_NSCLC_P3	NSCLC	tumor_like	tumor_like	SPP1	CD44	SPP1	0.932958	high_pilot_v3	True	True	0						0.8841397820000001
equal_weight	48	GSE283052|GSM8655160_P07|tumor_like|tumor_like|SPP1|CD44|SPP1	GSE283052	GSM8655160_P07	colorectal cancer	tumor_like	tumor_like	SPP1	CD44	SPP1	0.932851	high_pilot_v3	True	True	0						0.8839977359999999
equal_weight	49	GSE283052|GSM8655164_P13|stroma_fibroblast|stroma_fibroblast|MIF|CD74|MIF	GSE283052	GSM8655164_P13	colorectal cancer	stroma_fibroblast	stroma_fibroblast	MIF	CD74	MIF	0.932638	high_pilot_v3	True	True	1						0.883713646
equal_weight	50	GSE292299|GSM8855705_NSCLC_P3|tumor_like|tumor_like|MIF|CD74|MIF	GSE292299	GSM8855705_NSCLC_P3	NSCLC	tumor_like	tumor_like	MIF	CD74	MIF	0.932567	high_pilot_v3	True	True	0						0.883618948
equal_weight	51	GSE292299|GSM8855706_NSCLC_P4|immune|immune|SPP1|CD44|SPP1	GSE292299	GSM8855706_NSCLC_P4	NSCLC	immune	immune	SPP1	CD44	SPP1	0.932531	high_pilot_v3	True	True	1						0.8835716
equal_weight	52	GSE292299|GSM8855705_NSCLC_P3|tumor_like|tumor_like|SPP1|ITGAV|SPP1	GSE292299	GSM8855705_NSCLC_P3	NSCLC	tumor_like	tumor_like	SPP1	ITGAV	SPP1	0.932496	high_pilot_v3	True	True	0						0.883524252
equal_weight	53	GSE300445|GSM9060733_AdjIII-0022|tumor_like|tumor_like|SPP1|CD44|SPP1	GSE300445	GSM9060733_AdjIII-0022	melanoma	tumor_like	tumor_like	SPP1	CD44	SPP1	0.932247	high_pilot_v3	True	True	1						0.8831928120000001
equal_weight	54	GSE283052|GSM8655168_P24|stroma_fibroblast|stroma_fibroblast|COL1A1|ITGA2|ECM-integrin	GSE283052	GSM8655168_P24	colorectal cancer	stroma_fibroblast	stroma_fibroblast	COL1A1	ITGA2	ECM-integrin	0.931821	high_pilot_v3	True	True	1						0.8826246300000001
equal_weight	55	GSE292299|GSM8855715_NSCLC_P13|tumor_like|tumor_like|JAG1|NOTCH2|NOTCH	GSE292299	GSM8855715_NSCLC_P13	NSCLC	tumor_like	tumor_like	JAG1	NOTCH2	NOTCH	0.928387	high_pilot_v3	True	True	1						0.882446488
equal_weight	56	GSE292299|GSM8855717_NSCLC_P15|immune|immune|CXCL12|CXCR4|CXCL chemokine	GSE292299	GSM8855717_NSCLC_P15	NSCLC	immune	immune	CXCL12	CXCR4	CXCL chemokine	0.931608	high_pilot_v3	True	True	1						0.8823405400000001
equal_weight	57	GSE300445|GSM9060735_AdjIII-0133|tumor_like|tumor_like|JAG1|NOTCH2|NOTCH	GSE300445	GSM9060735_AdjIII-0133	melanoma	tumor_like	tumor_like	JAG1	NOTCH2	NOTCH	0.931537	high_pilot_v3	True	True	0						0.882245842
equal_weight	58	GSE283052|GSM8655159_P05|tumor_like|tumor_like|MIF|CD74|MIF	GSE283052	GSM8655159_P05	colorectal cancer	tumor_like	tumor_like	MIF	CD74	MIF	0.925811	high_pilot_v3	True	True	0						0.881779996
equal_weight	59	GSE283052|GSM8655158_P04|tumor_like|tumor_like|SPP1|CD44|SPP1	GSE283052	GSM8655158_P04	colorectal cancer	tumor_like	tumor_like	SPP1	CD44	SPP1	0.931182	high_pilot_v3	True	True	0						0.8817723579999999
equal_weight	60	GSE292299|GSM8855706_NSCLC_P4|tumor_like|tumor_like|MIF|CD74|MIF	GSE292299	GSM8855706_NSCLC_P4	NSCLC	tumor_like	tumor_like	MIF	CD74	MIF	0.930969	high_pilot_v3	True	True	1						0.8814882660000001
equal_weight	61	GSE300445|GSM9060733_AdjIII-0022|tumor_like|tumor_like|JAG1|NOTCH2|NOTCH	GSE300445	GSM9060733_AdjIII-0022	melanoma	tumor_like	tumor_like	JAG1	NOTCH2	NOTCH	0.93072	high_pilot_v3	True	True	1						0.881156828
equal_weight	62	GSE292299|GSM8855709_NSCLC_P7|stroma_fibroblast|stroma_fibroblast|MIF|CD74|MIF	GSE292299	GSM8855709_NSCLC_P7	NSCLC	stroma_fibroblast	stroma_fibroblast	MIF	CD74	MIF	0.917205	medium_pilot_v3	False	True	1						0.881057548
equal_weight	63	GSE283052|GSM8655166_P17|tumor_like|tumor_like|MIF|CD74|MIF	GSE283052	GSM8655166_P17	colorectal cancer	tumor_like	tumor_like	MIF	CD74	MIF	0.930507	high_pilot_v3	True	True	0						0.8808727359999999
equal_weight	64	GSE292299|GSM8855703_NSCLC_P1|immune|immune|SPP1|CD44|SPP1	GSE292299	GSM8855703_NSCLC_P1	NSCLC	immune	immune	SPP1	CD44	SPP1	0.93033	high_pilot_v3	True	True	0						0.880635994
equal_weight	65	GSE292299|GSM8855720_DLBCL_P2|immune|immune|MIF|CD74|MIF	GSE292299	GSM8855720_DLBCL_P2	DLBCL	immune	immune	MIF	CD74	MIF	0.930259	high_pilot_v3	True	True	1						0.880541296
equal_weight	66	GSE292299|GSM8855708_NSCLC_P6|tumor_like|tumor_like|VEGFA|KDR|VEGF	GSE292299	GSM8855708_NSCLC_P6	NSCLC	tumor_like	tumor_like	VEGFA	KDR	VEGF	0.920999	medium_pilot_v3	False	True	0						0.879196318
equal_weight	67	GSE292299|GSM8855715_NSCLC_P13|stroma_fibroblast|stroma_fibroblast|TGFB1|TGFBR1|TGFB	GSE292299	GSM8855715_NSCLC_P13	NSCLC	stroma_fibroblast	stroma_fibroblast	TGFB1	TGFBR1	TGFB	0.920609	medium_pilot_v3	False	True	1						0.878675486
equal_weight	68	GSE292299|GSM8855703_NSCLC_P1|stroma_fibroblast|stroma_fibroblast|SPP1|CD44|SPP1	GSE292299	GSM8855703_NSCLC_P1	NSCLC	stroma_fibroblast	stroma_fibroblast	SPP1	CD44	SPP1	0.919792	medium_pilot_v3	False	True	1						0.87758647
equal_weight	69	GSE292299|GSM8855709_NSCLC_P7|stroma_fibroblast|stroma_fibroblast|SPP1|CD44|SPP1	GSE292299	GSM8855709_NSCLC_P7	NSCLC	stroma_fibroblast	stroma_fibroblast	SPP1	CD44	SPP1	0.909065	medium_pilot_v3	False	True	1						0.877372004
equal_weight	70	GSE292299|GSM8855707_NSCLC_P5|stroma_fibroblast|stroma_fibroblast|COL1A1|ITGA2|ECM-integrin	GSE292299	GSM8855707_NSCLC_P5	NSCLC	stroma_fibroblast	stroma_fibroblast	COL1A1	ITGA2	ECM-integrin	0.927773	high_pilot_v3	True	True	1						0.877226902
equal_weight	71	GSE283052|GSM8655162_P10|stroma_fibroblast|stroma_fibroblast|MIF|CD74|MIF	GSE283052	GSM8655162_P10	colorectal cancer	stroma_fibroblast	stroma_fibroblast	MIF	CD74	MIF	0.927595	high_pilot_v3	True	True	1						0.8769901600000001
equal_weight	72	GSE283052|GSM8655164_P13|stroma_fibroblast|stroma_fibroblast|COL1A1|ITGA2|ECM-integrin	GSE283052	GSM8655164_P13	colorectal cancer	stroma_fibroblast	stroma_fibroblast	COL1A1	ITGA2	ECM-integrin	0.927418	high_pilot_v3	True	True	1						0.8767534180000001
equal_weight	73	GSE292299|GSM8855708_NSCLC_P6|stroma_fibroblast|stroma_fibroblast|CXCL12|CXCR4|CXCL chemokine	GSE292299	GSM8855708_NSCLC_P6	NSCLC	stroma_fibroblast	stroma_fibroblast	CXCL12	CXCR4	CXCL chemokine	0.922735	high_pilot_v3	True	True	0						0.876009906
equal_weight	74	GSE292299|GSM8855708_NSCLC_P6|tumor_like|tumor_like|TGFB1|TGFBR2|TGFB	GSE292299	GSM8855708_NSCLC_P6	NSCLC	tumor_like	tumor_like	TGFB1	TGFBR2	TGFB	0.92685	high_pilot_v3	True	True	0						0.875995842
equal_weight	75	GSE300445|GSM9060735_AdjIII-0133|tumor_like|tumor_like|TGFB1|TGFBR1|TGFB	GSE300445	GSM9060735_AdjIII-0133	melanoma	tumor_like	tumor_like	TGFB1	TGFBR1	TGFB	0.926601	high_pilot_v3	True	True	0						0.875664402
equal_weight	76	GSE292299|GSM8855706_NSCLC_P4|immune|immune|SPP1|ITGAV|SPP1	GSE292299	GSM8855706_NSCLC_P4	NSCLC	immune	immune	SPP1	ITGAV	SPP1	0.92653	high_pilot_v3	True	True	1						0.875569706
equal_weight	77	GSE292299|GSM8855703_NSCLC_P1|stroma_fibroblast|stroma_fibroblast|COL1A1|ITGA2|ECM-integrin	GSE292299	GSM8855703_NSCLC_P1	NSCLC	stroma_fibroblast	stroma_fibroblast	COL1A1	ITGA2	ECM-integrin	0.926459	high_pilot_v3	True	True	1						0.8754750099999999
equal_weight	78	GSE300445|GSM9060734_AdjIII-0113|tumor_like|tumor_like|TGFB1|TGFBR2|TGFB	GSE300445	GSM9060734_AdjIII-0113	melanoma	tumor_like	tumor_like	TGFB1	TGFBR2	TGFB	0.926424	high_pilot_v3	True	True	0						0.87542766
equal_weight	79	GSE283052|GSM8655160_P07|stroma_fibroblast|stroma_fibroblast|SPP1|ITGAV|SPP1	GSE283052	GSM8655160_P07	colorectal cancer	stroma_fibroblast	stroma_fibroblast	SPP1	ITGAV	SPP1	0.92621	high_pilot_v3	True	True	1						0.87514357
equal_weight	80	GSE292299|GSM8855708_NSCLC_P6|tumor_like|tumor_like|SPP1|CD44|SPP1	GSE292299	GSM8855708_NSCLC_P6	NSCLC	tumor_like	tumor_like	SPP1	CD44	SPP1	0.911326	medium_pilot_v3	False	True	0						0.875099502
equal_weight	81	GSE283052|GSM8655161_P09|stroma_fibroblast|stroma_fibroblast|COL1A1|ITGA2|ECM-integrin	GSE283052	GSM8655161_P09	colorectal cancer	stroma_fibroblast	stroma_fibroblast	COL1A1	ITGA2	ECM-integrin	0.925962	high_pilot_v3	True	True	1						0.8748121300000001
equal_weight	82	GSE283052|GSM8655160_P07|tumor_like|tumor_like|SPP1|ITGAV|SPP1	GSE283052	GSM8655160_P07	colorectal cancer	tumor_like	tumor_like	SPP1	ITGAV	SPP1	0.925926	high_pilot_v3	True	True	0						0.8747647820000001
equal_weight	83	GSE292299|GSM8855710_NSCLC_P8|tumor_like|tumor_like|MIF|CD74|MIF	GSE292299	GSM8855710_NSCLC_P8	NSCLC	tumor_like	tumor_like	MIF	CD74	MIF	0.925891	high_pilot_v3	True	True	1						0.8747174340000001
equal_weight	84	GSE283052|GSM8655167_P18|stroma_fibroblast|stroma_fibroblast|COL1A1|ITGA2|ECM-integrin	GSE283052	GSM8655167_P18	colorectal cancer	stroma_fibroblast	stroma_fibroblast	COL1A1	ITGA2	ECM-integrin	0.925642	high_pilot_v3	True	True	1						0.874385994
equal_weight	85	GSE292299|GSM8855715_NSCLC_P13|stroma_fibroblast|stroma_fibroblast|COL1A1|ITGA2|ECM-integrin	GSE292299	GSM8855715_NSCLC_P13	NSCLC	stroma_fibroblast	stroma_fibroblast	COL1A1	ITGA2	ECM-integrin	0.898754	medium_pilot_v3	False	True	1						0.8743768299999999
equal_weight	86	GSE292299|GSM8855709_NSCLC_P7|stroma_fibroblast|stroma_fibroblast|CXCL12|CXCR4|CXCL chemokine	GSE292299	GSM8855709_NSCLC_P7	NSCLC	stroma_fibroblast	stroma_fibroblast	CXCL12	CXCR4	CXCL chemokine	0.925536	high_pilot_v3	True	True	0						0.8742439479999999
equal_weight	87	GSE300445|GSM9060734_AdjIII-0113|tumor_like|tumor_like|TGFB1|TGFBR1|TGFB	GSE300445	GSM9060734_AdjIII-0113	melanoma	tumor_like	tumor_like	TGFB1	TGFBR1	TGFB	0.925323	high_pilot_v3	True	True	0						0.8739598579999999
equal_weight	88	GSE292299|GSM8855711_NSCLC_P9|stroma_fibroblast|stroma_fibroblast|COL1A1|ITGA2|ECM-integrin	GSE292299	GSM8855711_NSCLC_P9	NSCLC	stroma_fibroblast	stroma_fibroblast	COL1A1	ITGA2	ECM-integrin	0.925252	high_pilot_v3	True	True	1						0.87386516
equal_weight	89	GSE292299|GSM8855712_NSCLC_P10|tumor_like|tumor_like|SPP1|ITGAV|SPP1	GSE292299	GSM8855712_NSCLC_P10	NSCLC	tumor_like	tumor_like	SPP1	ITGAV	SPP1	0.925074	high_pilot_v3	True	True	1						0.873628418
equal_weight	90	GSE300445|GSM9060732_AdjIII-0019|stroma_fibroblast|stroma_fibroblast|CXCL12|CXCR4|CXCL chemokine	GSE300445	GSM9060732_AdjIII-0019	melanoma	stroma_fibroblast	stroma_fibroblast	CXCL12	CXCR4	CXCL chemokine	0.92003	high_pilot_v3	True	True	1						0.87350325
equal_weight	91	GSE292299|GSM8855715_NSCLC_P13|stroma_fibroblast|stroma_fibroblast|TGFB1|TGFBR2|TGFB	GSE292299	GSM8855715_NSCLC_P13	NSCLC	stroma_fibroblast	stroma_fibroblast	TGFB1	TGFBR2	TGFB	0.912516	medium_pilot_v3	False	True	1						0.87338652
equal_weight	92	GSE300445|GSM9060734_AdjIII-0113|tumor_like|tumor_like|SPP1|ITGAV|SPP1	GSE300445	GSM9060734_AdjIII-0113	melanoma	tumor_like	tumor_like	SPP1	ITGAV	SPP1	0.909813	medium_pilot_v3	False	True	0						0.873366664
equal_weight	93	GSE283052|GSM8655159_P05|stroma_fibroblast|stroma_fibroblast|COL1A1|ITGA2|ECM-integrin	GSE283052	GSM8655159_P05	colorectal cancer	stroma_fibroblast	stroma_fibroblast	COL1A1	ITGA2	ECM-integrin	0.924648	high_pilot_v3	True	True	1						0.8730602359999999
equal_weight	94	GSE292299|GSM8855718_NSCLC_P16|tumor_like|tumor_like|SPP1|CD44|SPP1	GSE292299	GSM8855718_NSCLC_P16	NSCLC	tumor_like	tumor_like	SPP1	CD44	SPP1	0.924506	high_pilot_v3	True	True	0						0.872870842
equal_weight	95	GSE292299|GSM8855718_NSCLC_P16|tumor_like|tumor_like|COL1A1|ITGA2|ECM-integrin	GSE292299	GSM8855718_NSCLC_P16	NSCLC	tumor_like	tumor_like	COL1A1	ITGA2	ECM-integrin	0.910955	medium_pilot_v3	False	True	0						0.872724214
equal_weight	96	GSE300445|GSM9060735_AdjIII-0133|tumor_like|tumor_like|SPP1|ITGAV|SPP1	GSE300445	GSM9060735_AdjIII-0133	melanoma	tumor_like	tumor_like	SPP1	ITGAV	SPP1	0.897475	medium_pilot_v3	False	True	0						0.8726722840000001
equal_weight	97	GSE292299|GSM8855715_NSCLC_P13|tumor_like|tumor_like|HBEGF|EGFR|EGF/ERBB	GSE292299	GSM8855715_NSCLC_P13	NSCLC	tumor_like	tumor_like	HBEGF	EGFR	EGF/ERBB	0.906762	medium_pilot_v3	False	True	1						0.87231438
equal_weight	98	GSE292299|GSM8855706_NSCLC_P4|tumor_like|tumor_like|SPP1|CD44|SPP1	GSE292299	GSM8855706_NSCLC_P4	NSCLC	tumor_like	tumor_like	SPP1	CD44	SPP1	0.92088	high_pilot_v3	True	True	0						0.871619928
equal_weight	99	GSE283052|GSM8655164_P13|stroma_fibroblast|stroma_fibroblast|SPP1|ITGAV|SPP1	GSE283052	GSM8655164_P13	colorectal cancer	stroma_fibroblast	stroma_fibroblast	SPP1	ITGAV	SPP1	0.923156	high_pilot_v3	True	True	1						0.8710716
equal_weight	100	GSE292299|GSM8855715_NSCLC_P13|stroma_fibroblast|stroma_fibroblast|CXCL12|CXCR4|CXCL chemokine	GSE292299	GSM8855715_NSCLC_P13	NSCLC	stroma_fibroblast	stroma_fibroblast	CXCL12	CXCR4	CXCL chemokine	0.906626	medium_pilot_v3	False	True	0						0.871033158
equal_weight	101	GSE300445|GSM9060733_AdjIII-0022|tumor_like|tumor_like|TGFB1|TGFBR1|TGFB	GSE300445	GSM9060733_AdjIII-0022	melanoma	tumor_like	tumor_like	TGFB1	TGFBR1	TGFB	0.914033	medium_pilot_v3	False	True	0						0.871007844
equal_weight	102	GSE292299|GSM8855707_NSCLC_P5|stroma_fibroblast|stroma_fibroblast|SPP1|CD44|SPP1	GSE292299	GSM8855707_NSCLC_P5	NSCLC	stroma_fibroblast	stroma_fibroblast	SPP1	CD44	SPP1	0.922908	high_pilot_v3	True	True	1						0.8707401600000001
equal_weight	103	GSE300445|GSM9060732_AdjIII-0019|stroma_fibroblast|stroma_fibroblast|TGFB1|TGFBR2|TGFB	GSE300445	GSM9060732_AdjIII-0019	melanoma	stroma_fibroblast	stroma_fibroblast	TGFB1	TGFBR2	TGFB	0.916253	high_pilot_v3	True	True	1						0.8706679659999998
equal_weight	104	GSE300445|GSM9060732_AdjIII-0019|tumor_like|tumor_like|VEGFA|KDR|VEGF	GSE300445	GSM9060732_AdjIII-0019	melanoma	tumor_like	tumor_like	VEGFA	KDR	VEGF	0.919403	high_pilot_v3	True	True	0						0.87046732
equal_weight	105	GSE292299|GSM8855711_NSCLC_P9|stroma_fibroblast|stroma_fibroblast|SPP1|CD44|SPP1	GSE292299	GSM8855711_NSCLC_P9	NSCLC	stroma_fibroblast	stroma_fibroblast	SPP1	CD44	SPP1	0.922659	high_pilot_v3	True	True	1						0.870408722
equal_weight	106	GSE283052|GSM8655162_P10|stroma_fibroblast|stroma_fibroblast|COL1A1|ITGA2|ECM-integrin	GSE283052	GSM8655162_P10	colorectal cancer	stroma_fibroblast	stroma_fibroblast	COL1A1	ITGA2	ECM-integrin	0.922588	high_pilot_v3	True	True	1						0.870314024
equal_weight	107	GSE292299|GSM8855709_NSCLC_P7|tumor_like|tumor_like|VEGFA|KDR|VEGF	GSE292299	GSM8855709_NSCLC_P7	NSCLC	tumor_like	tumor_like	VEGFA	KDR	VEGF	0.910137	medium_pilot_v3	False	True	0						0.87021417
equal_weight	108	GSE300445|GSM9060735_AdjIII-0133|stroma_fibroblast|stroma_fibroblast|CXCL12|CXCR4|CXCL chemokine	GSE300445	GSM9060735_AdjIII-0133	melanoma	stroma_fibroblast	stroma_fibroblast	CXCL12	CXCR4	CXCL chemokine	0.922162	high_pilot_v3	True	True	1						0.869745842
equal_weight	109	GSE292299|GSM8855703_NSCLC_P1|stroma_fibroblast|stroma_fibroblast|SPP1|ITGAV|SPP1	GSE292299	GSM8855703_NSCLC_P1	NSCLC	stroma_fibroblast	stroma_fibroblast	SPP1	ITGAV	SPP1	0.907242	medium_pilot_v3	False	True	1						0.8696544279999999
equal_weight	110	GSE292299|GSM8855706_NSCLC_P4|immune|endothelial|SPP1|CD44|SPP1	GSE292299	GSM8855706_NSCLC_P4	NSCLC	immune	endothelial	SPP1	CD44	SPP1	0.921345	high_pilot_v3	True	True	0						0.868656828
equal_weight	111	GSE283052|GSM8655158_P04|tumor_like|tumor_like|SPP1|ITGAV|SPP1	GSE283052	GSM8655158_P04	colorectal cancer	tumor_like	tumor_like	SPP1	ITGAV	SPP1	0.921239	high_pilot_v3	True	True	0						0.8685147820000001
equal_weight	112	GSE292299|GSM8855704_NSCLC_P2|immune|tumor_like|SPP1|CD44|SPP1	GSE292299	GSM8855704_NSCLC_P2	NSCLC	immune	tumor_like	SPP1	CD44	SPP1	0.891612	medium_pilot_v3	False	True	0						0.868438416
equal_weight	113	GSE283052|GSM8655167_P18|tumor_like|tumor_like|SPP1|CD44|SPP1	GSE283052	GSM8655167_P18	colorectal cancer	tumor_like	tumor_like	SPP1	CD44	SPP1	0.92099	high_pilot_v3	True	True	0						0.868183342
equal_weight	114	GSE292299|GSM8855710_NSCLC_P8|tumor_like|tumor_like|COL1A1|ITGA2|ECM-integrin	GSE292299	GSM8855710_NSCLC_P8	NSCLC	tumor_like	tumor_like	COL1A1	ITGA2	ECM-integrin	0.918216	high_pilot_v3	True	True	0						0.8680687920000001
equal_weight	115	GSE292299|GSM8855706_NSCLC_P4|stroma_fibroblast|stroma_fibroblast|COL1A1|ITGA2|ECM-integrin	GSE292299	GSM8855706_NSCLC_P4	NSCLC	stroma_fibroblast	stroma_fibroblast	COL1A1	ITGA2	ECM-integrin	0.920706	high_pilot_v3	True	True	1						0.8678045539999999
equal_weight	116	GSE283052|GSM8655158_P04|tumor_like|tumor_like|COL1A1|ITGA2|ECM-integrin	GSE283052	GSM8655158_P04	colorectal cancer	tumor_like	tumor_like	COL1A1	ITGA2	ECM-integrin	0.904374	medium_pilot_v3	False	True	0						0.8672141740000001
equal_weight	117	GSE300445|GSM9060735_AdjIII-0133|stroma_fibroblast|stroma_fibroblast|VEGFA|KDR|VEGF	GSE300445	GSM9060735_AdjIII-0133	melanoma	stroma_fibroblast	stroma_fibroblast	VEGFA	KDR	VEGF	0.911766	medium_pilot_v3	False	True	1						0.866885712
equal_weight	118	GSE292299|GSM8855707_NSCLC_P5|stroma_fibroblast|stroma_fibroblast|SPP1|ITGAV|SPP1	GSE292299	GSM8855707_NSCLC_P5	NSCLC	stroma_fibroblast	stroma_fibroblast	SPP1	ITGAV	SPP1	0.919747	high_pilot_v3	True	True	1						0.866526146
equal_weight	119	GSE292299|GSM8855709_NSCLC_P7|tumor_like|tumor_like|COL1A1|ITGA2|ECM-integrin	GSE292299	GSM8855709_NSCLC_P7	NSCLC	tumor_like	tumor_like	COL1A1	ITGA2	ECM-integrin	0.892717	medium_pilot_v3	False	True	0						0.8663275880000001
equal_weight	120	GSE292299|GSM8855709_NSCLC_P7|stroma_fibroblast|stroma_fibroblast|SPP1|ITGAV|SPP1	GSE292299	GSM8855709_NSCLC_P7	NSCLC	stroma_fibroblast	stroma_fibroblast	SPP1	ITGAV	SPP1	0.889375	medium_pilot_v3	False	True	1						0.865988346
equal_weight	121	GSE292299|GSM8855714_NSCLC_P12|stroma_fibroblast|stroma_fibroblast|SPP1|CD44|SPP1	GSE292299	GSM8855714_NSCLC_P12	NSCLC	stroma_fibroblast	stroma_fibroblast	SPP1	CD44	SPP1	0.916583	high_pilot_v3	True	True	1						0.8658907599999999
equal_weight	122	GSE300445|GSM9060732_AdjIII-0019|stroma_fibroblast|stroma_fibroblast|JAG1|NOTCH2|NOTCH	GSE300445	GSM9060732_AdjIII-0019	melanoma	stroma_fibroblast	stroma_fibroblast	JAG1	NOTCH2	NOTCH	0.905834	medium_pilot_v3	False	True	0						0.865576832
equal_weight	123	GSE300445|GSM9060733_AdjIII-0022|tumor_like|tumor_like|TGFB1|TGFBR2|TGFB	GSE300445	GSM9060733_AdjIII-0022	melanoma	tumor_like	tumor_like	TGFB1	TGFBR2	TGFB	0.908267	medium_pilot_v3	False	True	0						0.8655210440000001
equal_weight	124	GSE283052|GSM8655164_P13|stroma_fibroblast|stroma_fibroblast|SPP1|CD44|SPP1	GSE283052	GSM8655164_P13	colorectal cancer	stroma_fibroblast	stroma_fibroblast	SPP1	CD44	SPP1	0.918966	high_pilot_v3	True	True	1						0.865484478
equal_weight	125	GSE292299|GSM8855711_NSCLC_P9|tumor_like|tumor_like|SPP1|CD44|SPP1	GSE292299	GSM8855711_NSCLC_P9	NSCLC	tumor_like	tumor_like	SPP1	CD44	SPP1	0.909771	medium_pilot_v3	False	True	0						0.865326026
equal_weight	126	GSE292299|GSM8855713_NSCLC_P11|tumor_like|tumor_like|COL1A1|ITGA2|ECM-integrin	GSE292299	GSM8855713_NSCLC_P11	NSCLC	tumor_like	tumor_like	COL1A1	ITGA2	ECM-integrin	0.902903	medium_pilot_v3	False	True	0						0.86496974
equal_weight	127	GSE292299|GSM8855708_NSCLC_P6|immune|immune|SPP1|CD44|SPP1	GSE292299	GSM8855708_NSCLC_P6	NSCLC	immune	immune	SPP1	CD44	SPP1	0.899583	medium_pilot_v3	False	True	0						0.86472996
equal_weight	128	GSE283052|GSM8655168_P24|stroma_fibroblast|stroma_fibroblast|SPP1|CD44|SPP1	GSE283052	GSM8655168_P24	colorectal cancer	stroma_fibroblast	stroma_fibroblast	SPP1	CD44	SPP1	0.918398	high_pilot_v3	True	True	1						0.8647269019999999
equal_weight	129	GSE283052|GSM8655166_P17|stroma_fibroblast|stroma_fibroblast|COL1A1|ITGA2|ECM-integrin	GSE283052	GSM8655166_P17	colorectal cancer	stroma_fibroblast	stroma_fibroblast	COL1A1	ITGA2	ECM-integrin	0.918327	high_pilot_v3	True	True	1						0.8646322059999999
equal_weight	130	GSE300445|GSM9060735_AdjIII-0133|stroma_fibroblast|stroma_fibroblast|TGFB1|TGFBR2|TGFB	GSE300445	GSM9060735_AdjIII-0133	melanoma	stroma_fibroblast	stroma_fibroblast	TGFB1	TGFBR2	TGFB	0.909849	medium_pilot_v3	False	True	1						0.864328894
equal_weight	131	GSE300445|GSM9060732_AdjIII-0019|tumor_like|tumor_like|HBEGF|EGFR|EGF/ERBB	GSE300445	GSM9060732_AdjIII-0019	melanoma	tumor_like	tumor_like	HBEGF	EGFR	EGF/ERBB	0.91751	high_pilot_v3	True	True	1						0.86354319
equal_weight	132	GSE292299|GSM8855711_NSCLC_P9|tumor_like|tumor_like|VEGFA|KDR|VEGF	GSE292299	GSM8855711_NSCLC_P9	NSCLC	tumor_like	tumor_like	VEGFA	KDR	VEGF	0.917084	high_pilot_v3	True	True	0						0.8629750099999999
equal_weight	133	GSE292299|GSM8855708_NSCLC_P6|tumor_like|tumor_like|SPP1|ITGAV|SPP1	GSE292299	GSM8855708_NSCLC_P6	NSCLC	tumor_like	tumor_like	SPP1	ITGAV	SPP1	0.886818	medium_pilot_v3	False	True	0						0.862223996
equal_weight	134	GSE292299|GSM8855718_NSCLC_P16|tumor_like|tumor_like|SPP1|ITGAV|SPP1	GSE292299	GSM8855718_NSCLC_P16	NSCLC	tumor_like	tumor_like	SPP1	ITGAV	SPP1	0.916445	high_pilot_v3	True	True	0						0.8621227359999999
equal_weight	135	GSE292299|GSM8855715_NSCLC_P13|tumor_like|tumor_like|VEGFA|KDR|VEGF	GSE292299	GSM8855715_NSCLC_P13	NSCLC	tumor_like	tumor_like	VEGFA	KDR	VEGF	0.89326	medium_pilot_v3	False	True	0						0.8620121000000001
equal_weight	136	GSE283052|GSM8655163_P11|stroma_fibroblast|stroma_fibroblast|COL1A1|ITGA2|ECM-integrin	GSE283052	GSM8655163_P11	colorectal cancer	stroma_fibroblast	stroma_fibroblast	COL1A1	ITGA2	ECM-integrin	0.913727	high_pilot_v3	True	True	1						0.861799736
equal_weight	137	GSE300445|GSM9060734_AdjIII-0113|tumor_like|tumor_like|JAG1|NOTCH2|NOTCH	GSE300445	GSM9060734_AdjIII-0113	melanoma	tumor_like	tumor_like	JAG1	NOTCH2	NOTCH	0.890435	medium_pilot_v3	False	True	1						0.8615470540000001
equal_weight	138	GSE292299|GSM8855713_NSCLC_P11|tumor_like|tumor_like|TGFB1|TGFBR2|TGFB	GSE292299	GSM8855713_NSCLC_P11	NSCLC	tumor_like	tumor_like	TGFB1	TGFBR2	TGFB	0.897019	medium_pilot_v3	False	True	0						0.861524552
equal_weight	139	GSE292299|GSM8855707_NSCLC_P5|tumor_like|tumor_like|SPP1|ITGAV|SPP1	GSE292299	GSM8855707_NSCLC_P5	NSCLC	tumor_like	tumor_like	SPP1	ITGAV	SPP1	0.915877	high_pilot_v3	True	True	0						0.8613651600000001
equal_weight	140	GSE292299|GSM8855707_NSCLC_P5|stroma_fibroblast|stroma_fibroblast|MIF|CD74|MIF	GSE292299	GSM8855707_NSCLC_P5	NSCLC	stroma_fibroblast	stroma_fibroblast	MIF	CD74	MIF	0.91577	high_pilot_v3	True	True	1						0.861223116
equal_weight	141	GSE292299|GSM8855703_NSCLC_P1|stroma_fibroblast|stroma_fibroblast|CXCL12|CXCR4|CXCL chemokine	GSE292299	GSM8855703_NSCLC_P1	NSCLC	stroma_fibroblast	stroma_fibroblast	CXCL12	CXCR4	CXCL chemokine	0.91162	high_pilot_v3	True	True	1						0.86118983
equal_weight	142	GSE292299|GSM8855712_NSCLC_P10|tumor_like|tumor_like|SPP1|CD44|SPP1	GSE292299	GSM8855712_NSCLC_P10	NSCLC	tumor_like	tumor_like	SPP1	CD44	SPP1	0.915699	high_pilot_v3	True	True	1						0.8611284180000001
equal_weight	143	GSE292299|GSM8855713_NSCLC_P11|tumor_like|tumor_like|CXCL12|CXCR4|CXCL chemokine	GSE292299	GSM8855713_NSCLC_P11	NSCLC	tumor_like	tumor_like	CXCL12	CXCR4	CXCL chemokine	0.891726	medium_pilot_v3	False	True	1						0.861067944
equal_weight	144	GSE292299|GSM8855716_NSCLC_P14|stroma_fibroblast|stroma_fibroblast|MIF|CD74|MIF	GSE292299	GSM8855716_NSCLC_P14	NSCLC	stroma_fibroblast	stroma_fibroblast	MIF	CD74	MIF	0.91545	high_pilot_v3	True	True	1						0.860796978
equal_weight	145	GSE283052|GSM8655168_P24|stroma_fibroblast|stroma_fibroblast|SPP1|ITGAV|SPP1	GSE283052	GSM8655168_P24	colorectal cancer	stroma_fibroblast	stroma_fibroblast	SPP1	ITGAV	SPP1	0.914592	high_pilot_v3	True	True	1						0.8607524439999998
equal_weight	146	GSE292299|GSM8855719_DLBCL_P1|immune|immune|CXCL9|CXCR3|CXCL chemokine	GSE292299	GSM8855719_DLBCL_P1	DLBCL	immune	immune	CXCL9	CXCR3	CXCL chemokine	0.914705	high_pilot_v3	True	True	1						0.85980266
equal_weight	147	GSE283052|GSM8655167_P18|stroma_fibroblast|stroma_fibroblast|SPP1|ITGAV|SPP1	GSE283052	GSM8655167_P18	colorectal cancer	stroma_fibroblast	stroma_fibroblast	SPP1	ITGAV	SPP1	0.914492	high_pilot_v3	True	True	1						0.85951857
equal_weight	148	GSE292299|GSM8855709_NSCLC_P7|tumor_like|tumor_like|TGFB1|TGFBR2|TGFB	GSE292299	GSM8855709_NSCLC_P7	NSCLC	tumor_like	tumor_like	TGFB1	TGFBR2	TGFB	0.914314	high_pilot_v3	True	True	0						0.859281828
equal_weight	149	GSE292299|GSM8855713_NSCLC_P11|stroma_fibroblast|stroma_fibroblast|CXCL12|CXCR4|CXCL chemokine	GSE292299	GSM8855713_NSCLC_P11	NSCLC	stroma_fibroblast	stroma_fibroblast	CXCL12	CXCR4	CXCL chemokine	0.891029	medium_pilot_v3	False	True	0						0.8588254620000001
equal_weight	150	GSE283052|GSM8655159_P05|stroma_fibroblast|stroma_fibroblast|SPP1|ITGAV|SPP1	GSE283052	GSM8655159_P05	colorectal cancer	stroma_fibroblast	stroma_fibroblast	SPP1	ITGAV	SPP1	0.913959	high_pilot_v3	True	True	1						0.858808342
equal_weight	151	GSE283052|GSM8655158_P04|stroma_fibroblast|stroma_fibroblast|SPP1|ITGAV|SPP1	GSE283052	GSM8655158_P04	colorectal cancer	stroma_fibroblast	stroma_fibroblast	SPP1	ITGAV	SPP1	0.905743	medium_pilot_v3	False	True	0						0.85860673
equal_weight	152	GSE292299|GSM8855711_NSCLC_P9|stroma_fibroblast|stroma_fibroblast|SPP1|ITGAV|SPP1	GSE292299	GSM8855711_NSCLC_P9	NSCLC	stroma_fibroblast	stroma_fibroblast	SPP1	ITGAV	SPP1	0.908021	high_pilot_v3	True	True	1						0.85859129
equal_weight	153	GSE292299|GSM8855713_NSCLC_P11|tumor_like|tumor_like|EGF|EGFR|EGF/ERBB	GSE292299	GSM8855713_NSCLC_P11	NSCLC	tumor_like	tumor_like	EGF	EGFR	EGF/ERBB	0.896357	medium_pilot_v3	False	True	1						0.8584412739999999
equal_weight	154	GSE292299|GSM8855707_NSCLC_P5|tumor_like|immune|MIF|CD74|MIF	GSE292299	GSM8855707_NSCLC_P5	NSCLC	tumor_like	immune	MIF	CD74	MIF	0.913568	high_pilot_v3	True	True	1						0.8582875099999999
equal_weight	155	GSE283052|GSM8655162_P10|tumor_like|stroma_fibroblast|MIF|CD74|MIF	GSE283052	GSM8655162_P10	colorectal cancer	tumor_like	stroma_fibroblast	MIF	CD74	MIF	0.887399	medium_pilot_v3	False	True	1						0.8582531579999999
equal_weight	156	GSE292299|GSM8855720_DLBCL_P2|immune|immune|CXCL12|CXCR4|CXCL chemokine	GSE292299	GSM8855720_DLBCL_P2	DLBCL	immune	immune	CXCL12	CXCR4	CXCL chemokine	0.913497	high_pilot_v3	True	True	1						0.8581928120000001
equal_weight	157	GSE292299|GSM8855720_DLBCL_P2|immune|immune|CXCL9|CXCR3|CXCL chemokine	GSE292299	GSM8855720_DLBCL_P2	DLBCL	immune	immune	CXCL9	CXCR3	CXCL chemokine	0.91332	high_pilot_v3	True	True	1						0.85795607
equal_weight	158	GSE283052|GSM8655168_P24|immune|immune|MIF|CD74|MIF	GSE283052	GSM8655168_P24	colorectal cancer	immune	immune	MIF	CD74	MIF	0.913213	high_pilot_v3	True	True	1						0.857814024
equal_weight	159	GSE283052|GSM8655159_P05|stroma_fibroblast|stroma_fibroblast|SPP1|CD44|SPP1	GSE283052	GSM8655159_P05	colorectal cancer	stroma_fibroblast	stroma_fibroblast	SPP1	CD44	SPP1	0.913071	high_pilot_v3	True	True	1						0.8576246300000001
equal_weight	160	GSE292299|GSM8855713_NSCLC_P11|tumor_like|tumor_like|JAG1|NOTCH2|NOTCH	GSE292299	GSM8855713_NSCLC_P11	NSCLC	tumor_like	tumor_like	JAG1	NOTCH2	NOTCH	0.894072	medium_pilot_v3	False	True	1						0.857594628
equal_weight	161	GSE292299|GSM8855712_NSCLC_P10|tumor_like|tumor_like|HBEGF|EGFR|EGF/ERBB	GSE292299	GSM8855712_NSCLC_P10	NSCLC	tumor_like	tumor_like	HBEGF	EGFR	EGF/ERBB	0.912894	high_pilot_v3	True	True	1						0.8573878879999999
equal_weight	162	GSE292299|GSM8855704_NSCLC_P2|stroma_fibroblast|stroma_fibroblast|MIF|CD74|MIF	GSE292299	GSM8855704_NSCLC_P2	NSCLC	stroma_fibroblast	stroma_fibroblast	MIF	CD74	MIF	0.872099	medium_pilot_v3	False	True	0						0.8567586119999999
equal_weight	163	GSE283052|GSM8655160_P07|tumor_like|tumor_like|JAG1|NOTCH2|NOTCH	GSE283052	GSM8655160_P07	colorectal cancer	tumor_like	tumor_like	JAG1	NOTCH2	NOTCH	0.912325	high_pilot_v3	True	True	1						0.8566303120000001
equal_weight	164	GSE292299|GSM8855713_NSCLC_P11|tumor_like|tumor_like|TGFB1|TGFBR1|TGFB	GSE292299	GSM8855713_NSCLC_P11	NSCLC	tumor_like	tumor_like	TGFB1	TGFBR1	TGFB	0.896582	medium_pilot_v3	False	True	0						0.8565417100000001
equal_weight	165	GSE292299|GSM8855704_NSCLC_P2|tumor_like|tumor_like|TGFB1|TGFBR1|TGFB	GSE292299	GSM8855704_NSCLC_P2	NSCLC	tumor_like	tumor_like	TGFB1	TGFBR1	TGFB	0.912148	high_pilot_v3	True	True	0						0.85639357
equal_weight	166	GSE292299|GSM8855712_NSCLC_P10|tumor_like|tumor_like|TGFB1|TGFBR2|TGFB	GSE292299	GSM8855712_NSCLC_P10	NSCLC	tumor_like	tumor_like	TGFB1	TGFBR2	TGFB	0.899697	medium_pilot_v3	False	True	1						0.856293716
equal_weight	167	GSE292299|GSM8855717_NSCLC_P15|immune|immune|SPP1|CD44|SPP1	GSE292299	GSM8855717_NSCLC_P15	NSCLC	immune	immune	SPP1	CD44	SPP1	0.90782	high_pilot_v3	True	True	1						0.856123542
equal_weight	168	GSE292299|GSM8855710_NSCLC_P8|tumor_like|tumor_like|SPP1|CD44|SPP1	GSE292299	GSM8855710_NSCLC_P8	NSCLC	tumor_like	tumor_like	SPP1	CD44	SPP1	0.899484	medium_pilot_v3	False	True	0						0.856009626
equal_weight	169	GSE292299|GSM8855719_DLBCL_P1|immune|immune|CXCL12|CXCR4|CXCL chemokine	GSE292299	GSM8855719_DLBCL_P1	DLBCL	immune	immune	CXCL12	CXCR4	CXCL chemokine	0.90872	high_pilot_v3	True	True	1						0.8551235979999999
equal_weight	170	GSE292299|GSM8855714_NSCLC_P12|stroma_fibroblast|stroma_fibroblast|SPP1|ITGAV|SPP1	GSE292299	GSM8855714_NSCLC_P12	NSCLC	stroma_fibroblast	stroma_fibroblast	SPP1	ITGAV	SPP1	0.902604	medium_pilot_v3	False	True	1						0.8546698039999999
equal_weight	171	GSE292299|GSM8855704_NSCLC_P2|tumor_like|tumor_like|HBEGF|EGFR|EGF/ERBB	GSE292299	GSM8855704_NSCLC_P2	NSCLC	tumor_like	tumor_like	HBEGF	EGFR	EGF/ERBB	0.905825	high_pilot_v3	True	True	1						0.8545638560000001
equal_weight	172	GSE292299|GSM8855709_NSCLC_P7|stroma_fibroblast|stroma_fibroblast|TGFB1|TGFBR2|TGFB	GSE292299	GSM8855709_NSCLC_P7	NSCLC	stroma_fibroblast	stroma_fibroblast	TGFB1	TGFBR2	TGFB	0.900426	medium_pilot_v3	False	True	1						0.853965202
equal_weight	173	GSE283052|GSM8655159_P05|tumor_like|tumor_like|SPP1|CD44|SPP1	GSE283052	GSM8655159_P05	colorectal cancer	tumor_like	tumor_like	SPP1	CD44	SPP1	0.901965	medium_pilot_v3	False	True	0						0.8538175299999999
equal_weight	174	GSE283052|GSM8655167_P18|stroma_fibroblast|stroma_fibroblast|SPP1|CD44|SPP1	GSE283052	GSM8655167_P18	colorectal cancer	stroma_fibroblast	stroma_fibroblast	SPP1	CD44	SPP1	0.894012	medium_pilot_v3	False	True	1						0.8537176179999999
equal_weight	175	GSE292299|GSM8855717_NSCLC_P15|immune|immune|TGFB1|TGFBR2|TGFB	GSE292299	GSM8855717_NSCLC_P15	NSCLC	immune	immune	TGFB1	TGFBR2	TGFB	0.897531	medium_pilot_v3	False	True	0						0.8534054579999999
equal_weight	176	GSE292299|GSM8855705_NSCLC_P3|stroma_fibroblast|stroma_fibroblast|COL1A1|ITGA2|ECM-integrin	GSE292299	GSM8855705_NSCLC_P3	NSCLC	stroma_fibroblast	stroma_fibroblast	COL1A1	ITGA2	ECM-integrin	0.883022	medium_pilot_v3	False	True	1						0.853401452
equal_weight	177	GSE292299|GSM8855712_NSCLC_P10|tumor_like|tumor_like|COL1A1|ITGA2|ECM-integrin	GSE292299	GSM8855712_NSCLC_P10	NSCLC	tumor_like	tumor_like	COL1A1	ITGA2	ECM-integrin	0.903043	high_pilot_v3	True	True	1						0.85305433
equal_weight	178	GSE283052|GSM8655165_P15|tumor_like|tumor_like|SPP1|CD44|SPP1	GSE283052	GSM8655165_P15	colorectal cancer	tumor_like	tumor_like	SPP1	CD44	SPP1	0.909023	high_pilot_v3	True	True	0						0.852226902
equal_weight	179	GSE292299|GSM8855703_NSCLC_P1|immune|immune|SPP1|ITGAV|SPP1	GSE292299	GSM8855703_NSCLC_P1	NSCLC	immune	immune	SPP1	ITGAV	SPP1	0.887505	medium_pilot_v3	False	True	0						0.8522101020000001
equal_weight	180	GSE292299|GSM8855708_NSCLC_P6|tumor_like|tumor_like|TGFB1|TGFBR1|TGFB	GSE292299	GSM8855708_NSCLC_P6	NSCLC	tumor_like	tumor_like	TGFB1	TGFBR1	TGFB	0.908987	high_pilot_v3	True	True	0						0.8521795539999999
equal_weight	181	GSE300445|GSM9060733_AdjIII-0022|tumor_like|tumor_like|HBEGF|EGFR|EGF/ERBB	GSE300445	GSM9060733_AdjIII-0022	melanoma	tumor_like	tumor_like	HBEGF	EGFR	EGF/ERBB	0.902226	high_pilot_v3	True	True	1						0.8519653139999999
equal_weight	182	GSE292299|GSM8855717_NSCLC_P15|tumor_like|tumor_like|SPP1|CD44|SPP1	GSE292299	GSM8855717_NSCLC_P15	NSCLC	tumor_like	tumor_like	SPP1	CD44	SPP1	0.908632	high_pilot_v3	True	True	0						0.85170607
equal_weight	183	GSE300445|GSM9060734_AdjIII-0113|tumor_like|tumor_like|CXCL9|CXCR3|CXCL chemokine	GSE300445	GSM9060734_AdjIII-0113	melanoma	tumor_like	tumor_like	CXCL9	CXCR3	CXCL chemokine	0.873925	medium_pilot_v3	False	True	1						0.851634812
equal_weight	184	GSE300445|GSM9060733_AdjIII-0022|tumor_like|tumor_like|SPP1|ITGAV|SPP1	GSE300445	GSM9060733_AdjIII-0022	melanoma	tumor_like	tumor_like	SPP1	ITGAV	SPP1	0.892889	medium_pilot_v3	False	True	1						0.8516174679999999
equal_weight	185	GSE283052|GSM8655162_P10|stroma_fibroblast|tumor_like|COL1A1|ITGA2|ECM-integrin	GSE283052	GSM8655162_P10	colorectal cancer	stroma_fibroblast	tumor_like	COL1A1	ITGA2	ECM-integrin	0.882072	medium_pilot_v3	False	True	0						0.8511508859999999
equal_weight	186	GSE292299|GSM8855704_NSCLC_P2|tumor_like|tumor_like|JAG1|NOTCH2|NOTCH	GSE292299	GSM8855704_NSCLC_P2	NSCLC	tumor_like	tumor_like	JAG1	NOTCH2	NOTCH	0.897117	medium_pilot_v3	False	True	1						0.8506536199999999
equal_weight	187	GSE283052|GSM8655165_P15|stroma_fibroblast|stroma_fibroblast|COL1A1|ITGA2|ECM-integrin	GSE283052	GSM8655165_P15	colorectal cancer	stroma_fibroblast	stroma_fibroblast	COL1A1	ITGA2	ECM-integrin	0.900927	high_pilot_v3	True	True	1						0.8505165680000001
equal_weight	188	GSE292299|GSM8855719_DLBCL_P1|immune|immune|TGFB1|TGFBR2|TGFB	GSE292299	GSM8855719_DLBCL_P1	DLBCL	immune	immune	TGFB1	TGFBR2	TGFB	0.906028	high_pilot_v3	True	True	0						0.850433286
equal_weight	189	GSE292299|GSM8855717_NSCLC_P15|immune|immune|CCL2|CCR2|CCL chemokine	GSE292299	GSM8855717_NSCLC_P15	NSCLC	immune	immune	CCL2	CCR2	CCL chemokine	0.907567	high_pilot_v3	True	True	1						0.8502856160000001
equal_weight	190	GSE283052|GSM8655167_P18|immune|immune|MIF|CD74|MIF	GSE283052	GSM8655167_P18	colorectal cancer	immune	immune	MIF	CD74	MIF	0.904722	high_pilot_v3	True	True	1						0.850076366
equal_weight	191	GSE300445|GSM9060735_AdjIII-0133|tumor_like|tumor_like|SPP1|CD44|SPP1	GSE300445	GSM9060735_AdjIII-0133	melanoma	tumor_like	tumor_like	SPP1	CD44	SPP1	0.850874	medium_pilot_v3	False	True	0						0.8499633400000001
equal_weight	192	GSE292299|GSM8855715_NSCLC_P13|tumor_like|tumor_like|WNT5A|FZD5|WNT	GSE292299	GSM8855715_NSCLC_P13	NSCLC	tumor_like	tumor_like	WNT5A	FZD5	WNT	0.889752	medium_pilot_v3	False	True	1						0.8496344560000001
equal_weight	193	GSE292299|GSM8855718_NSCLC_P16|tumor_like|tumor_like|VEGFA|KDR|VEGF	GSE292299	GSM8855718_NSCLC_P16	NSCLC	tumor_like	tumor_like	VEGFA	KDR	VEGF	0.898769	medium_pilot_v3	False	True	1						0.849556168
equal_weight	194	GSE283052|GSM8655164_P13|immune|immune|MIF|CD74|MIF	GSE283052	GSM8655164_P13	colorectal cancer	immune	immune	MIF	CD74	MIF	0.906644	high_pilot_v3	True	True	1						0.849054554
equal_weight	195	GSE300445|GSM9060735_AdjIII-0133|immune|tumor_like|SPP1|CD44|SPP1	GSE300445	GSM9060735_AdjIII-0133	melanoma	immune	tumor_like	SPP1	CD44	SPP1	0.849444	medium_pilot_v3	False	True	0						0.8490415559999999
equal_weight	196	GSE292299|GSM8855703_NSCLC_P1|stroma_fibroblast|stroma_fibroblast|TGFB1|TGFBR2|TGFB	GSE292299	GSM8855703_NSCLC_P1	NSCLC	stroma_fibroblast	stroma_fibroblast	TGFB1	TGFBR2	TGFB	0.901564	high_pilot_v3	True	True	1						0.848882038
equal_weight	197	GSE292299|GSM8855718_NSCLC_P16|stroma_fibroblast|stroma_fibroblast|CXCL12|CXCR4|CXCL chemokine	GSE292299	GSM8855718_NSCLC_P16	NSCLC	stroma_fibroblast	stroma_fibroblast	CXCL12	CXCR4	CXCL chemokine	0.904856	high_pilot_v3	True	True	0						0.848870786
equal_weight	198	GSE292299|GSM8855714_NSCLC_P12|stroma_fibroblast|stroma_fibroblast|CXCL12|CXCR4|CXCL chemokine	GSE292299	GSM8855714_NSCLC_P12	NSCLC	stroma_fibroblast	stroma_fibroblast	CXCL12	CXCR4	CXCL chemokine	0.900705	high_pilot_v3	True	True	0						0.848837502
equal_weight	199	GSE283052|GSM8655161_P09|tumor_like|tumor_like|MIF|CD74|MIF	GSE283052	GSM8655161_P09	colorectal cancer	tumor_like	tumor_like	MIF	CD74	MIF	0.863146	medium_pilot_v3	False	True	0						0.8484054220000001
equal_weight	200	GSE300445|GSM9060735_AdjIII-0133|immune|tumor_like|SPP1|ITGAV|SPP1	GSE300445	GSM9060735_AdjIII-0133	melanoma	immune	tumor_like	SPP1	ITGAV	SPP1	0.848379	medium_pilot_v3	False	True	0						0.8476211020000001
equal_weight	201	GSE292299|GSM8855714_NSCLC_P12|tumor_like|tumor_like|VEGFA|KDR|VEGF	GSE292299	GSM8855714_NSCLC_P12	NSCLC	tumor_like	tumor_like	VEGFA	KDR	VEGF	0.905294	high_pilot_v3	True	True	0						0.847255312
equal_weight	202	GSE283052|GSM8655161_P09|stroma_fibroblast|stroma_fibroblast|SPP1|CD44|SPP1	GSE283052	GSM8655161_P09	colorectal cancer	stroma_fibroblast	stroma_fibroblast	SPP1	CD44	SPP1	0.905223	high_pilot_v3	True	True	1						0.847160616
equal_weight	203	GSE292299|GSM8855711_NSCLC_P9|stroma_fibroblast|stroma_fibroblast|CXCL12|CXCR4|CXCL chemokine	GSE292299	GSM8855711_NSCLC_P9	NSCLC	stroma_fibroblast	stroma_fibroblast	CXCL12	CXCR4	CXCL chemokine	0.883577	medium_pilot_v3	False	True	0						0.846902308
equal_weight	204	GSE292299|GSM8855703_NSCLC_P1|tumor_like|tumor_like|VEGFA|KDR|VEGF	GSE292299	GSM8855703_NSCLC_P1	NSCLC	tumor_like	tumor_like	VEGFA	KDR	VEGF	0.890949	medium_pilot_v3	False	True	0						0.8468296439999999
equal_weight	205	GSE292299|GSM8855709_NSCLC_P7|stroma_fibroblast|stroma_fibroblast|JAG1|NOTCH2|NOTCH	GSE292299	GSM8855709_NSCLC_P7	NSCLC	stroma_fibroblast	stroma_fibroblast	JAG1	NOTCH2	NOTCH	0.891416	medium_pilot_v3	False	True	1						0.8463533460000001
equal_weight	206	GSE283052|GSM8655158_P04|stroma_fibroblast|stroma_fibroblast|COL1A1|ITGA2|ECM-integrin	GSE283052	GSM8655158_P04	colorectal cancer	stroma_fibroblast	stroma_fibroblast	COL1A1	ITGA2	ECM-integrin	0.864003	medium_pilot_v3	False	True	1						0.845963158
equal_weight	207	GSE283052|GSM8655163_P11|immune|immune|MIF|CD74|MIF	GSE283052	GSM8655163_P11	colorectal cancer	immune	immune	MIF	CD74	MIF	0.903909	high_pilot_v3	True	True	1						0.84540872
equal_weight	208	GSE292299|GSM8855704_NSCLC_P2|tumor_like|tumor_like|WNT5A|FZD5|WNT	GSE292299	GSM8855704_NSCLC_P2	NSCLC	tumor_like	tumor_like	WNT5A	FZD5	WNT	0.894786	medium_pilot_v3	False	True	1						0.845344964
equal_weight	209	GSE292299|GSM8855713_NSCLC_P11|tumor_like|tumor_like|VEGFA|KDR|VEGF	GSE292299	GSM8855713_NSCLC_P11	NSCLC	tumor_like	tumor_like	VEGFA	KDR	VEGF	0.875147	medium_pilot_v3	False	True	1						0.84446269
equal_weight	210	GSE292299|GSM8855704_NSCLC_P2|stroma_fibroblast|stroma_fibroblast|CXCL12|CXCR4|CXCL chemokine	GSE292299	GSM8855704_NSCLC_P2	NSCLC	stroma_fibroblast	stroma_fibroblast	CXCL12	CXCR4	CXCL chemokine	0.899659	high_pilot_v3	True	True	0						0.8441415639999998
equal_weight	211	GSE283052|GSM8655164_P13|stroma_fibroblast|stroma_fibroblast|TGFB1|TGFBR2|TGFB	GSE283052	GSM8655164_P13	colorectal cancer	stroma_fibroblast	stroma_fibroblast	TGFB1	TGFBR2	TGFB	0.90295	high_pilot_v3	True	True	1						0.8441303120000001
equal_weight	212	GSE300445|GSM9060732_AdjIII-0019|stroma_fibroblast|stroma_fibroblast|TGFB1|TGFBR1|TGFB	GSE300445	GSM9060732_AdjIII-0019	melanoma	stroma_fibroblast	stroma_fibroblast	TGFB1	TGFBR1	TGFB	0.868173	medium_pilot_v3	False	True	1						0.843964358
equal_weight	213	GSE300445|GSM9060733_AdjIII-0022|stroma_fibroblast|stroma_fibroblast|CXCL12|CXCR4|CXCL chemokine	GSE300445	GSM9060733_AdjIII-0022	melanoma	stroma_fibroblast	stroma_fibroblast	CXCL12	CXCR4	CXCL chemokine	0.890357	medium_pilot_v3	False	True	0						0.843841064
equal_weight	214	GSE283052|GSM8655168_P24|stroma_fibroblast|stroma_fibroblast|TGFB1|TGFBR2|TGFB	GSE283052	GSM8655168_P24	colorectal cancer	stroma_fibroblast	stroma_fibroblast	TGFB1	TGFBR2	TGFB	0.901346	high_pilot_v3	True	True	1						0.843091458
equal_weight	215	GSE283052|GSM8655161_P09|stroma_fibroblast|stroma_fibroblast|TGFB1|TGFBR2|TGFB	GSE283052	GSM8655161_P09	colorectal cancer	stroma_fibroblast	stroma_fibroblast	TGFB1	TGFBR2	TGFB	0.902098	high_pilot_v3	True	True	1						0.8429939479999999
equal_weight	216	GSE292299|GSM8855719_DLBCL_P1|immune|immune|SPP1|CD44|SPP1	GSE292299	GSM8855719_DLBCL_P1	DLBCL	immune	immune	SPP1	CD44	SPP1	0.901814	high_pilot_v3	True	True	1						0.84261516
equal_weight	217	GSE292299|GSM8855717_NSCLC_P15|immune|immune|SPP1|ITGAV|SPP1	GSE292299	GSM8855717_NSCLC_P15	NSCLC	immune	immune	SPP1	ITGAV	SPP1	0.901566	high_pilot_v3	True	True	1						0.842283722
equal_weight	218	GSE292299|GSM8855712_NSCLC_P10|tumor_like|tumor_like|VEGFA|KDR|VEGF	GSE292299	GSM8855712_NSCLC_P10	NSCLC	tumor_like	tumor_like	VEGFA	KDR	VEGF	0.892087	medium_pilot_v3	False	True	1						0.8417464800000001
