dataset	sample_id	cancer	pathway	receiver_compartment	target_genes_in_panel	target_genes_detected	target_genes_detected_list	receiver_spots	receiver_target_mean	other_compartment_target_mean	receiver_target_enrichment	receiver_target_positive_spot_fraction	receiver_target_percentile	target_activation_support	matrix_rows	matrix_cols	matrix_nnz
GSE300445	GSM9060732_AdjIII-0019	melanoma	CCL chemokine	tumor_like	6	6	CCL2,CCL3,CCL4,CCR2,LST1,IL1B	1187	0.2865768	0.9193787	0.31170703	0.64279697	0.6	0	18085	2539	20010567
GSE300445	GSM9060732_AdjIII-0019	melanoma	CCL chemokine	immune	6	6	CCL2,CCL3,CCL4,CCR2,LST1,IL1B	0	0	0.62353945	1.6037478e-09	0	0.4	0	18085	2539	20010567
GSE300445	GSM9060732_AdjIII-0019	melanoma	CCL chemokine	stroma_fibroblast	6	6	CCL2,CCL3,CCL4,CCR2,LST1,IL1B	992	0.97395833	0.39883646	2.4419993	0.92842742	1	1	18085	2539	20010567
GSE300445	GSM9060732_AdjIII-0019	melanoma	CCL chemokine	endothelial	6	6	CCL2,CCL3,CCL4,CCR2,LST1,IL1B	0	0	0.62353945	1.6037478e-09	0	0.4	0	18085	2539	20010567
GSE300445	GSM9060732_AdjIII-0019	melanoma	CCL chemokine	ambiguous_or_low_signal	6	6	CCL2,CCL3,CCL4,CCR2,LST1,IL1B	360	0.76898148	0.59951048	1.2826823	0.90277778	0.8	1	18085	2539	20010567
GSE300445	GSM9060732_AdjIII-0019	melanoma	CXCL chemokine	tumor_like	7	7	CXCL9,CXCL10,CXCL11,CXCR3,CXCR4,ISG15,STAT1	1187	2.2035143	3.7376374	0.58954737	0.99663016	0.6	0	18085	2539	20010567
GSE300445	GSM9060732_AdjIII-0019	melanoma	CXCL chemokine	immune	7	7	CXCL9,CXCL10,CXCL11,CXCR3,CXCR4,ISG15,STAT1	0	0	3.0204242	3.3107932e-10	0	0.4	0	18085	2539	20010567
GSE300445	GSM9060732_AdjIII-0019	melanoma	CXCL chemokine	stroma_fibroblast	7	7	CXCL9,CXCL10,CXCL11,CXCR3,CXCR4,ISG15,STAT1	992	3.7786578	2.5342137	1.4910573	0.99495968	1	1	18085	2539	20010567
GSE300445	GSM9060732_AdjIII-0019	melanoma	CXCL chemokine	endothelial	7	7	CXCL9,CXCL10,CXCL11,CXCR3,CXCR4,ISG15,STAT1	0	0	3.0204242	3.3107932e-10	0	0.4	0	18085	2539	20010567
GSE300445	GSM9060732_AdjIII-0019	melanoma	CXCL chemokine	ambiguous_or_low_signal	7	7	CXCL9,CXCL10,CXCL11,CXCR3,CXCR4,ISG15,STAT1	360	3.6246032	2.9206058	1.241045	0.98888889	0.8	0	18085	2539	20010567
GSE300445	GSM9060732_AdjIII-0019	melanoma	ECM-integrin	tumor_like	9	9	COL1A1,COL1A2,COL3A1,FN1,ITGA2,ITGAV,ITGB1,ACTA2,TAGLN	1187	9.3436301	51.027531	0.18310959	0.99915754	0.6	0	18085	2539	20010567
GSE300445	GSM9060732_AdjIII-0019	melanoma	ECM-integrin	immune	9	9	COL1A1,COL1A2,COL3A1,FN1,ITGA2,ITGAV,ITGB1,ACTA2,TAGLN	0	0	31.54002	3.170575e-11	0	0.4	0	18085	2539	20010567
GSE300445	GSM9060732_AdjIII-0019	melanoma	ECM-integrin	stroma_fibroblast	9	9	COL1A1,COL1A2,COL3A1,FN1,ITGA2,ITGAV,ITGB1,ACTA2,TAGLN	992	57.4319	14.937083	3.8449208	1	1	1	18085	2539	20010567
GSE300445	GSM9060732_AdjIII-0019	melanoma	ECM-integrin	endothelial	9	9	COL1A1,COL1A2,COL3A1,FN1,ITGA2,ITGAV,ITGB1,ACTA2,TAGLN	0	0	31.54002	3.170575e-11	0	0.4	0	18085	2539	20010567
GSE300445	GSM9060732_AdjIII-0019	melanoma	ECM-integrin	ambiguous_or_low_signal	9	9	COL1A1,COL1A2,COL3A1,FN1,ITGA2,ITGAV,ITGB1,ACTA2,TAGLN	360	33.379938	31.236041	1.0686354	0.99722222	0.8	0	18085	2539	20010567
GSE300445	GSM9060732_AdjIII-0019	melanoma	EGF/ERBB	tumor_like	8	8	EGFR,EGR1,FOS,JUN,DUSP6,SPRY2,AREG,EREG	1187	7.7168281	5.6629068	1.3626974	0.99915754	0.8	1	18085	2539	20010567
GSE300445	GSM9060732_AdjIII-0019	melanoma	EGF/ERBB	immune	8	8	EGFR,EGR1,FOS,JUN,DUSP6,SPRY2,AREG,EREG	0	0	6.6231292	1.5098603e-10	0	0.4	0	18085	2539	20010567
GSE300445	GSM9060732_AdjIII-0019	melanoma	EGF/ERBB	stroma_fibroblast	8	8	EGFR,EGR1,FOS,JUN,DUSP6,SPRY2,AREG,EREG	992	4.7852823	7.8016322	0.61336937	0.99899194	0.6	0	18085	2539	20010567
GSE300445	GSM9060732_AdjIII-0019	melanoma	EGF/ERBB	endothelial	8	8	EGFR,EGR1,FOS,JUN,DUSP6,SPRY2,AREG,EREG	0	0	6.6231292	1.5098603e-10	0	0.4	0	18085	2539	20010567
GSE300445	GSM9060732_AdjIII-0019	melanoma	EGF/ERBB	ambiguous_or_low_signal	8	8	EGFR,EGR1,FOS,JUN,DUSP6,SPRY2,AREG,EREG	360	8.08125	6.3822281	1.2662114	0.99722222	1	1	18085	2539	20010567
GSE300445	GSM9060732_AdjIII-0019	melanoma	MIF	tumor_like	7	5	CD74,CXCR4,CXCR2,NFKBIA,IL1B	1187	2.4810447	11.50429	0.21566256	0.97641112	0.6	0	18085	2539	20010567
GSE300445	GSM9060732_AdjIII-0019	melanoma	MIF	immune	7	5	CD74,CXCR4,CXCR2,NFKBIA,IL1B	0	0	7.2858606	1.3725215e-10	0	0.4	0	18085	2539	20010567
GSE300445	GSM9060732_AdjIII-0019	melanoma	MIF	stroma_fibroblast	7	5	CD74,CXCR4,CXCR2,NFKBIA,IL1B	992	13.272177	3.4471881	3.850146	0.99596774	1	1	18085	2539	20010567
GSE300445	GSM9060732_AdjIII-0019	melanoma	MIF	endothelial	7	5	CD74,CXCR4,CXCR2,NFKBIA,IL1B	0	0	7.2858606	1.3725215e-10	0	0.4	0	18085	2539	20010567
GSE300445	GSM9060732_AdjIII-0019	melanoma	MIF	ambiguous_or_low_signal	7	5	CD74,CXCR4,CXCR2,NFKBIA,IL1B	360	6.6327778	7.3937586	0.89707795	0.99444444	0.8	0	18085	2539	20010567
GSE300445	GSM9060732_AdjIII-0019	melanoma	NOTCH	tumor_like	7	7	HES1,HEY1,HEY2,NOTCH1,NOTCH2,DLL4,JAG1	1187	2.1743892	2.5308538	0.85915245	0.99663016	0.6	0	18085	2539	20010567
GSE300445	GSM9060732_AdjIII-0019	melanoma	NOTCH	immune	7	7	HES1,HEY1,HEY2,NOTCH1,NOTCH2,DLL4,JAG1	0	0	2.3642041	4.2297532e-10	0	0.4	0	18085	2539	20010567
GSE300445	GSM9060732_AdjIII-0019	melanoma	NOTCH	stroma_fibroblast	7	7	HES1,HEY1,HEY2,NOTCH1,NOTCH2,DLL4,JAG1	992	2.4033698	2.3390895	1.0274809	0.99193548	0.8	0	18085	2539	20010567
GSE300445	GSM9060732_AdjIII-0019	melanoma	NOTCH	endothelial	7	7	HES1,HEY1,HEY2,NOTCH1,NOTCH2,DLL4,JAG1	0	0	2.3642041	4.2297532e-10	0	0.4	0	18085	2539	20010567
GSE300445	GSM9060732_AdjIII-0019	melanoma	NOTCH	ambiguous_or_low_signal	7	7	HES1,HEY1,HEY2,NOTCH1,NOTCH2,DLL4,JAG1	360	2.8821429	2.2786337	1.2648557	0.98888889	1	1	18085	2539	20010567
GSE300445	GSM9060732_AdjIII-0019	melanoma	SPP1	tumor_like	6	6	SPP1,CD44,ITGAV,ITGB1,FN1,MMP9	1187	23.478939	16.967209	1.3837832	0.99915754	1	1	18085	2539	20010567
GSE300445	GSM9060732_AdjIII-0019	melanoma	SPP1	immune	6	6	SPP1,CD44,ITGAV,ITGB1,FN1,MMP9	0	0	20.011487	4.9971298e-11	0	0.4	0	18085	2539	20010567
GSE300445	GSM9060732_AdjIII-0019	melanoma	SPP1	stroma_fibroblast	6	6	SPP1,CD44,ITGAV,ITGB1,FN1,MMP9	992	16.117944	22.508188	0.71609246	1	0.6	0	18085	2539	20010567
GSE300445	GSM9060732_AdjIII-0019	melanoma	SPP1	endothelial	6	6	SPP1,CD44,ITGAV,ITGB1,FN1,MMP9	0	0	20.011487	4.9971298e-11	0	0.4	0	18085	2539	20010567
GSE300445	GSM9060732_AdjIII-0019	melanoma	SPP1	ambiguous_or_low_signal	6	6	SPP1,CD44,ITGAV,ITGB1,FN1,MMP9	360	19.307407	20.127811	0.9592403	0.99722222	0.8	0	18085	2539	20010567
GSE300445	GSM9060732_AdjIII-0019	melanoma	TGFB	tumor_like	8	7	SERPINE1,SMAD7,CCN2,COL1A1,COL1A2,FN1,ACTA2	1187	7.2444337	44.338018	0.16339102	0.99915754	0.6	0	18085	2539	20010567
GSE300445	GSM9060732_AdjIII-0019	melanoma	TGFB	immune	8	7	SERPINE1,SMAD7,CCN2,COL1A1,COL1A2,FN1,ACTA2	0	0	26.996512	3.7041823e-11	0	0.4	0	18085	2539	20010567
GSE300445	GSM9060732_AdjIII-0019	melanoma	TGFB	stroma_fibroblast	8	7	SERPINE1,SMAD7,CCN2,COL1A1,COL1A2,FN1,ACTA2	992	49.742944	12.410564	4.008113	1	1	1	18085	2539	20010567
GSE300445	GSM9060732_AdjIII-0019	melanoma	TGFB	endothelial	8	7	SERPINE1,SMAD7,CCN2,COL1A1,COL1A2,FN1,ACTA2	0	0	26.996512	3.7041823e-11	0	0.4	0	18085	2539	20010567
GSE300445	GSM9060732_AdjIII-0019	melanoma	TGFB	ambiguous_or_low_signal	8	7	SERPINE1,SMAD7,CCN2,COL1A1,COL1A2,FN1,ACTA2	360	29.444444	26.59208	1.1072637	0.99722222	0.8	0	18085	2539	20010567
GSE300445	GSM9060732_AdjIII-0019	melanoma	VEGF	tumor_like	7	7	KDR,FLT1,VWF,PECAM1,PLVAP,ENG,ESAM	1187	1.6789024	2.8799662	0.58295906	0.97978096	0.6	0	18085	2539	20010567
GSE300445	GSM9060732_AdjIII-0019	melanoma	VEGF	immune	7	7	KDR,FLT1,VWF,PECAM1,PLVAP,ENG,ESAM	0	0	2.3184606	4.3132068e-10	0	0.4	0	18085	2539	20010567
GSE300445	GSM9060732_AdjIII-0019	melanoma	VEGF	stroma_fibroblast	7	7	KDR,FLT1,VWF,PECAM1,PLVAP,ENG,ESAM	992	3.1175115	1.8060763	1.726124	0.99697581	1	1	18085	2539	20010567
GSE300445	GSM9060732_AdjIII-0019	melanoma	VEGF	endothelial	7	7	KDR,FLT1,VWF,PECAM1,PLVAP,ENG,ESAM	0	0	2.3184606	4.3132068e-10	0	0.4	0	18085	2539	20010567
GSE300445	GSM9060732_AdjIII-0019	melanoma	VEGF	ambiguous_or_low_signal	7	7	KDR,FLT1,VWF,PECAM1,PLVAP,ENG,ESAM	360	2.2253968	2.333836	0.95353609	0.98333333	0.8	0	18085	2539	20010567
GSE300445	GSM9060732_AdjIII-0019	melanoma	WNT	tumor_like	7	7	AXIN2,LEF1,TCF7,DKK1,FZD5,JUN,FOS	1187	5.7546034	4.6637785	1.2338929	0.99831508	0.8	0	18085	2539	20010567
GSE300445	GSM9060732_AdjIII-0019	melanoma	WNT	immune	7	7	AXIN2,LEF1,TCF7,DKK1,FZD5,JUN,FOS	0	0	5.1737467	1.9328353e-10	0	0.4	0	18085	2539	20010567
GSE300445	GSM9060732_AdjIII-0019	melanoma	WNT	stroma_fibroblast	7	7	AXIN2,LEF1,TCF7,DKK1,FZD5,JUN,FOS	992	4.0064804	5.9222458	0.6765137	0.99798387	0.6	0	18085	2539	20010567
GSE300445	GSM9060732_AdjIII-0019	melanoma	WNT	endothelial	7	7	AXIN2,LEF1,TCF7,DKK1,FZD5,JUN,FOS	0	0	5.1737467	1.9328353e-10	0	0.4	0	18085	2539	20010567
GSE300445	GSM9060732_AdjIII-0019	melanoma	WNT	ambiguous_or_low_signal	7	7	AXIN2,LEF1,TCF7,DKK1,FZD5,JUN,FOS	360	6.475	4.9587622	1.3057694	0.99166667	1	1	18085	2539	20010567
GSE300445	GSM9060733_AdjIII-0022	melanoma	CCL chemokine	tumor_like	6	6	CCL2,CCL3,CCL4,CCR2,LST1,IL1B	367	0.1448683	0.10389073	1.3944295	0.51498638	1	1	18085	2783	18900716
GSE300445	GSM9060733_AdjIII-0022	melanoma	CCL chemokine	immune	6	6	CCL2,CCL3,CCL4,CCR2,LST1,IL1B	0	0	0.10929453	9.149589e-09	0	0.4	0	18085	2783	18900716
GSE300445	GSM9060733_AdjIII-0022	melanoma	CCL chemokine	stroma_fibroblast	6	6	CCL2,CCL3,CCL4,CCR2,LST1,IL1B	1687	0.098103142	0.12652068	0.77539214	0.38292828	0.6	0	18085	2783	18900716
GSE300445	GSM9060733_AdjIII-0022	melanoma	CCL chemokine	endothelial	6	6	CCL2,CCL3,CCL4,CCR2,LST1,IL1B	0	0	0.10929453	9.149589e-09	0	0.4	0	18085	2783	18900716
GSE300445	GSM9060733_AdjIII-0022	melanoma	CCL chemokine	ambiguous_or_low_signal	6	6	CCL2,CCL3,CCL4,CCR2,LST1,IL1B	729	0.11728395	0.10645894	1.1016825	0.45816187	0.8	0	18085	2783	18900716
GSE300445	GSM9060733_AdjIII-0022	melanoma	CXCL chemokine	tumor_like	7	7	CXCL9,CXCL10,CXCL11,CXCR3,CXCR4,ISG15,STAT1	367	4.3012845	0.93838694	4.5837003	0.98637602	1	1	18085	2783	18900716
GSE300445	GSM9060733_AdjIII-0022	melanoma	CXCL chemokine	immune	7	7	CXCL9,CXCL10,CXCL11,CXCR3,CXCR4,ISG15,STAT1	0	0	1.3818592	7.236627e-10	0	0.4	0	18085	2783	18900716
GSE300445	GSM9060733_AdjIII-0022	melanoma	CXCL chemokine	stroma_fibroblast	7	7	CXCL9,CXCL10,CXCL11,CXCR3,CXCR4,ISG15,STAT1	1687	0.6185113	2.55683	0.24190552	0.6716064	0.6	0	18085	2783	18900716
GSE300445	GSM9060733_AdjIII-0022	melanoma	CXCL chemokine	endothelial	7	7	CXCL9,CXCL10,CXCL11,CXCR3,CXCR4,ISG15,STAT1	0	0	1.3818592	7.236627e-10	0	0.4	0	18085	2783	18900716
GSE300445	GSM9060733_AdjIII-0022	melanoma	CXCL chemokine	ambiguous_or_low_signal	7	7	CXCL9,CXCL10,CXCL11,CXCR3,CXCR4,ISG15,STAT1	729	1.6786204	1.2765336	1.3149833	0.96433471	0.8	1	18085	2783	18900716
GSE300445	GSM9060733_AdjIII-0022	melanoma	ECM-integrin	tumor_like	9	9	COL1A1,COL1A2,COL3A1,FN1,ITGA2,ITGAV,ITGB1,ACTA2,TAGLN	367	23.943688	23.773685	1.0071509	0.9972752	0.8	0	18085	2783	18900716
GSE300445	GSM9060733_AdjIII-0022	melanoma	ECM-integrin	immune	9	9	COL1A1,COL1A2,COL3A1,FN1,ITGA2,ITGAV,ITGB1,ACTA2,TAGLN	0	0	23.796103	4.2023687e-11	0	0.4	0	18085	2783	18900716
GSE300445	GSM9060733_AdjIII-0022	melanoma	ECM-integrin	stroma_fibroblast	9	9	COL1A1,COL1A2,COL3A1,FN1,ITGA2,ITGAV,ITGB1,ACTA2,TAGLN	1687	24.34723	22.94779	1.0609837	0.99881446	1	0	18085	2783	18900716
GSE300445	GSM9060733_AdjIII-0022	melanoma	ECM-integrin	endothelial	9	9	COL1A1,COL1A2,COL3A1,FN1,ITGA2,ITGAV,ITGB1,ACTA2,TAGLN	0	0	23.796103	4.2023687e-11	0	0.4	0	18085	2783	18900716
GSE300445	GSM9060733_AdjIII-0022	melanoma	ECM-integrin	ambiguous_or_low_signal	9	9	COL1A1,COL1A2,COL3A1,FN1,ITGA2,ITGAV,ITGB1,ACTA2,TAGLN	729	22.446426	24.275127	0.9246677	0.98353909	0.6	0	18085	2783	18900716
GSE300445	GSM9060733_AdjIII-0022	melanoma	EGF/ERBB	tumor_like	8	8	EGFR,EGR1,FOS,JUN,DUSP6,SPRY2,AREG,EREG	367	4.2935967	2.5592405	1.677684	0.9972752	1	1	18085	2783	18900716
GSE300445	GSM9060733_AdjIII-0022	melanoma	EGF/ERBB	immune	8	8	EGFR,EGR1,FOS,JUN,DUSP6,SPRY2,AREG,EREG	0	0	2.7879536	3.5868602e-10	0	0.4	0	18085	2783	18900716
GSE300445	GSM9060733_AdjIII-0022	melanoma	EGF/ERBB	stroma_fibroblast	8	8	EGFR,EGR1,FOS,JUN,DUSP6,SPRY2,AREG,EREG	1687	1.9762893	4.0372947	0.4895083	0.84113811	0.6	0	18085	2783	18900716
GSE300445	GSM9060733_AdjIII-0022	melanoma	EGF/ERBB	endothelial	8	8	EGFR,EGR1,FOS,JUN,DUSP6,SPRY2,AREG,EREG	0	0	2.7879536	3.5868602e-10	0	0.4	0	18085	2783	18900716
GSE300445	GSM9060733_AdjIII-0022	melanoma	EGF/ERBB	ambiguous_or_low_signal	8	8	EGFR,EGR1,FOS,JUN,DUSP6,SPRY2,AREG,EREG	729	3.9082647	2.3903359	1.6350274	0.98216735	0.8	1	18085	2783	18900716
GSE300445	GSM9060733_AdjIII-0022	melanoma	MIF	tumor_like	7	5	CD74,CXCR4,CXCR2,NFKBIA,IL1B	367	4.0844687	3.1762417	1.2859439	0.98365123	1	1	18085	2783	18900716
GSE300445	GSM9060733_AdjIII-0022	melanoma	MIF	immune	7	5	CD74,CXCR4,CXCR2,NFKBIA,IL1B	0	0	3.2960115	3.03397e-10	0	0.4	0	18085	2783	18900716
GSE300445	GSM9060733_AdjIII-0022	melanoma	MIF	stroma_fibroblast	7	5	CD74,CXCR4,CXCR2,NFKBIA,IL1B	1687	3.1621814	3.5020073	0.90296253	0.85358625	0.6	0	18085	2783	18900716
GSE300445	GSM9060733_AdjIII-0022	melanoma	MIF	endothelial	7	5	CD74,CXCR4,CXCR2,NFKBIA,IL1B	0	0	3.2960115	3.03397e-10	0	0.4	0	18085	2783	18900716
GSE300445	GSM9060733_AdjIII-0022	melanoma	MIF	ambiguous_or_low_signal	7	5	CD74,CXCR4,CXCR2,NFKBIA,IL1B	729	3.2087791	3.3269718	0.96447442	0.97942387	0.8	0	18085	2783	18900716
GSE300445	GSM9060733_AdjIII-0022	melanoma	NOTCH	tumor_like	7	7	HES1,HEY1,HEY2,NOTCH1,NOTCH2,DLL4,JAG1	367	3.7520436	1.9097682	1.9646592	0.99455041	1	1	18085	2783	18900716
GSE300445	GSM9060733_AdjIII-0022	melanoma	NOTCH	immune	7	7	HES1,HEY1,HEY2,NOTCH1,NOTCH2,DLL4,JAG1	0	0	2.1527129	4.6453013e-10	0	0.4	0	18085	2783	18900716
GSE300445	GSM9060733_AdjIII-0022	melanoma	NOTCH	stroma_fibroblast	7	7	HES1,HEY1,HEY2,NOTCH1,NOTCH2,DLL4,JAG1	1687	1.4941147	3.1664494	0.47185805	0.84173088	0.6	0	18085	2783	18900716
GSE300445	GSM9060733_AdjIII-0022	melanoma	NOTCH	endothelial	7	7	HES1,HEY1,HEY2,NOTCH1,NOTCH2,DLL4,JAG1	0	0	2.1527129	4.6453013e-10	0	0.4	0	18085	2783	18900716
GSE300445	GSM9060733_AdjIII-0022	melanoma	NOTCH	ambiguous_or_low_signal	7	7	HES1,HEY1,HEY2,NOTCH1,NOTCH2,DLL4,JAG1	729	2.8716441	1.8975518	1.5133416	0.98216735	0.8	1	18085	2783	18900716
GSE300445	GSM9060733_AdjIII-0022	melanoma	SPP1	tumor_like	6	6	SPP1,CD44,ITGAV,ITGB1,FN1,MMP9	367	20.766576	11.585955	1.7923923	0.9972752	1	1	18085	2783	18900716
GSE300445	GSM9060733_AdjIII-0022	melanoma	SPP1	immune	6	6	SPP1,CD44,ITGAV,ITGB1,FN1,MMP9	0	0	12.796622	7.8145621e-11	0	0.4	0	18085	2783	18900716
GSE300445	GSM9060733_AdjIII-0022	melanoma	SPP1	stroma_fibroblast	6	6	SPP1,CD44,ITGAV,ITGB1,FN1,MMP9	1687	8.8607983	18.854775	0.46994983	0.96858328	0.6	0	18085	2783	18900716
GSE300445	GSM9060733_AdjIII-0022	melanoma	SPP1	endothelial	6	6	SPP1,CD44,ITGAV,ITGB1,FN1,MMP9	0	0	12.796622	7.8145621e-11	0	0.4	0	18085	2783	18900716
GSE300445	GSM9060733_AdjIII-0022	melanoma	SPP1	ambiguous_or_low_signal	6	6	SPP1,CD44,ITGAV,ITGB1,FN1,MMP9	729	17.892318	10.988072	1.6283401	0.98491084	0.8	1	18085	2783	18900716
GSE300445	GSM9060733_AdjIII-0022	melanoma	TGFB	tumor_like	8	7	SERPINE1,SMAD7,CCN2,COL1A1,COL1A2,FN1,ACTA2	367	16.544181	16.736223	0.98852536	0.9972752	0.8	0	18085	2783	18900716
GSE300445	GSM9060733_AdjIII-0022	melanoma	TGFB	immune	8	7	SERPINE1,SMAD7,CCN2,COL1A1,COL1A2,FN1,ACTA2	0	0	16.710898	5.9841189e-11	0	0.4	0	18085	2783	18900716
GSE300445	GSM9060733_AdjIII-0022	melanoma	TGFB	stroma_fibroblast	8	7	SERPINE1,SMAD7,CCN2,COL1A1,COL1A2,FN1,ACTA2	1687	17.682446	15.215459	1.1621369	0.9982217	1	0	18085	2783	18900716
GSE300445	GSM9060733_AdjIII-0022	melanoma	TGFB	endothelial	8	7	SERPINE1,SMAD7,CCN2,COL1A1,COL1A2,FN1,ACTA2	0	0	16.710898	5.9841189e-11	0	0.4	0	18085	2783	18900716
GSE300445	GSM9060733_AdjIII-0022	melanoma	TGFB	ambiguous_or_low_signal	8	7	SERPINE1,SMAD7,CCN2,COL1A1,COL1A2,FN1,ACTA2	729	14.546541	17.479065	0.8322265	0.98353909	0.6	0	18085	2783	18900716
GSE300445	GSM9060733_AdjIII-0022	melanoma	VEGF	tumor_like	7	7	KDR,FLT1,VWF,PECAM1,PLVAP,ENG,ESAM	367	0.89723628	0.88576159	1.0129546	0.95095368	0.8	0	18085	2783	18900716
GSE300445	GSM9060733_AdjIII-0022	melanoma	VEGF	immune	7	7	KDR,FLT1,VWF,PECAM1,PLVAP,ENG,ESAM	0	0	0.88727478	1.1270466e-09	0	0.4	0	18085	2783	18900716
GSE300445	GSM9060733_AdjIII-0022	melanoma	VEGF	stroma_fibroblast	7	7	KDR,FLT1,VWF,PECAM1,PLVAP,ENG,ESAM	1687	0.82335507	0.98566215	0.83533193	0.80260818	0.6	0	18085	2783	18900716
GSE300445	GSM9060733_AdjIII-0022	melanoma	VEGF	endothelial	7	7	KDR,FLT1,VWF,PECAM1,PLVAP,ENG,ESAM	0	0	0.88727478	1.1270466e-09	0	0.4	0	18085	2783	18900716
GSE300445	GSM9060733_AdjIII-0022	melanoma	VEGF	ambiguous_or_low_signal	7	7	KDR,FLT1,VWF,PECAM1,PLVAP,ENG,ESAM	729	1.0301783	0.83655585	1.2314519	0.97256516	1	0	18085	2783	18900716
GSE300445	GSM9060733_AdjIII-0022	melanoma	WNT	tumor_like	7	7	AXIN2,LEF1,TCF7,DKK1,FZD5,JUN,FOS	367	2.5325029	1.117254	2.2667208	0.98365123	1	1	18085	2783	18900716
GSE300445	GSM9060733_AdjIII-0022	melanoma	WNT	immune	7	7	AXIN2,LEF1,TCF7,DKK1,FZD5,JUN,FOS	0	0	1.3038858	7.6693831e-10	0	0.4	0	18085	2783	18900716
GSE300445	GSM9060733_AdjIII-0022	melanoma	WNT	stroma_fibroblast	7	7	AXIN2,LEF1,TCF7,DKK1,FZD5,JUN,FOS	1687	0.81785079	2.0520073	0.39856135	0.74510966	0.6	0	18085	2783	18900716
GSE300445	GSM9060733_AdjIII-0022	melanoma	WNT	endothelial	7	7	AXIN2,LEF1,TCF7,DKK1,FZD5,JUN,FOS	0	0	1.3038858	7.6693831e-10	0	0.4	0	18085	2783	18900716
GSE300445	GSM9060733_AdjIII-0022	melanoma	WNT	ambiguous_or_low_signal	7	7	AXIN2,LEF1,TCF7,DKK1,FZD5,JUN,FOS	729	1.8101117	1.1242176	1.610108	0.9739369	0.8	1	18085	2783	18900716
GSE300445	GSM9060734_AdjIII-0113	melanoma	CCL chemokine	tumor_like	6	6	CCL2,CCL3,CCL4,CCR2,LST1,IL1B	179	1	0.41641234	2.4014658	0.83798883	0.6	0	18085	2145	10408619
GSE300445	GSM9060734_AdjIII-0113	melanoma	CCL chemokine	immune	6	6	CCL2,CCL3,CCL4,CCR2,LST1,IL1B	55	2.3818182	0.41467305	5.7438461	1	1	1	18085	2145	10408619
GSE300445	GSM9060734_AdjIII-0113	melanoma	CCL chemokine	stroma_fibroblast	6	6	CCL2,CCL3,CCL4,CCR2,LST1,IL1B	1694	0.20966155	1.424612	0.14717099	0.39905549	0.4	0	18085	2145	10408619
GSE300445	GSM9060734_AdjIII-0113	melanoma	CCL chemokine	endothelial	6	6	CCL2,CCL3,CCL4,CCR2,LST1,IL1B	0	0	0.46511267	2.1500167e-09	0	0.2	0	18085	2145	10408619
GSE300445	GSM9060734_AdjIII-0113	melanoma	CCL chemokine	ambiguous_or_low_signal	6	6	CCL2,CCL3,CCL4,CCR2,LST1,IL1B	217	1.5322581	0.34500346	4.4412832	0.93087558	0.8	1	18085	2145	10408619
GSE300445	GSM9060734_AdjIII-0113	melanoma	CXCL chemokine	tumor_like	7	7	CXCL9,CXCL10,CXCL11,CXCR3,CXCR4,ISG15,STAT1	179	20.155626	4.0559512	4.9693957	0.99441341	0.8	1	18085	2145	10408619
GSE300445	GSM9060734_AdjIII-0113	melanoma	CXCL chemokine	immune	7	7	CXCL9,CXCL10,CXCL11,CXCR3,CXCR4,ISG15,STAT1	55	29.436364	4.7669173	6.1751362	1	1	1	18085	2145	10408619
GSE300445	GSM9060734_AdjIII-0113	melanoma	CXCL chemokine	stroma_fibroblast	7	7	CXCL9,CXCL10,CXCL11,CXCR3,CXCR4,ISG15,STAT1	1694	1.3656603	20.550839	0.066452775	0.78158205	0.4	0	18085	2145	10408619
GSE300445	GSM9060734_AdjIII-0113	melanoma	CXCL chemokine	endothelial	7	7	CXCL9,CXCL10,CXCL11,CXCR3,CXCR4,ISG15,STAT1	0	0	5.3994672	1.8520346e-10	0	0.2	0	18085	2145	10408619
GSE300445	GSM9060734_AdjIII-0113	melanoma	CXCL chemokine	ambiguous_or_low_signal	7	7	CXCL9,CXCL10,CXCL11,CXCR3,CXCR4,ISG15,STAT1	217	18.624753	3.9109366	4.7622233	1	0.6	0	18085	2145	10408619
GSE300445	GSM9060734_AdjIII-0113	melanoma	ECM-integrin	tumor_like	9	9	COL1A1,COL1A2,COL3A1,FN1,ITGA2,ITGAV,ITGB1,ACTA2,TAGLN	179	19.326505	45.037301	0.42912219	1	0.4	0	18085	2145	10408619
GSE300445	GSM9060734_AdjIII-0113	melanoma	ECM-integrin	immune	9	9	COL1A1,COL1A2,COL3A1,FN1,ITGA2,ITGAV,ITGB1,ACTA2,TAGLN	55	19.589899	43.504944	0.45029133	1	0.6	0	18085	2145	10408619
GSE300445	GSM9060734_AdjIII-0113	melanoma	ECM-integrin	stroma_fibroblast	9	9	COL1A1,COL1A2,COL3A1,FN1,ITGA2,ITGAV,ITGB1,ACTA2,TAGLN	1694	47.298767	26.338507	1.7958029	1	1	1	18085	2145	10408619
GSE300445	GSM9060734_AdjIII-0113	melanoma	ECM-integrin	endothelial	9	9	COL1A1,COL1A2,COL3A1,FN1,ITGA2,ITGAV,ITGB1,ACTA2,TAGLN	0	0	42.891738	2.3314513e-11	0	0.2	0	18085	2145	10408619
GSE300445	GSM9060734_AdjIII-0113	melanoma	ECM-integrin	ambiguous_or_low_signal	9	9	COL1A1,COL1A2,COL3A1,FN1,ITGA2,ITGAV,ITGB1,ACTA2,TAGLN	217	33.833077	43.911307	0.77048668	1	0.8	0	18085	2145	10408619
GSE300445	GSM9060734_AdjIII-0113	melanoma	EGF/ERBB	tumor_like	8	8	EGFR,EGR1,FOS,JUN,DUSP6,SPRY2,AREG,EREG	179	4.0963687	0.81631485	5.0181235	0.99441341	1	1	18085	2145	10408619
GSE300445	GSM9060734_AdjIII-0113	melanoma	EGF/ERBB	immune	8	8	EGFR,EGR1,FOS,JUN,DUSP6,SPRY2,AREG,EREG	55	2.1772727	1.0614234	2.0512763	1	0.6	0	18085	2145	10408619
GSE300445	GSM9060734_AdjIII-0113	melanoma	EGF/ERBB	stroma_fibroblast	8	8	EGFR,EGR1,FOS,JUN,DUSP6,SPRY2,AREG,EREG	1694	0.52007084	3.2308758	0.160969	0.82821724	0.4	0	18085	2145	10408619
GSE300445	GSM9060734_AdjIII-0113	melanoma	EGF/ERBB	endothelial	8	8	EGFR,EGR1,FOS,JUN,DUSP6,SPRY2,AREG,EREG	0	0	1.090035	9.1740176e-10	0	0.2	0	18085	2145	10408619
GSE300445	GSM9060734_AdjIII-0113	melanoma	EGF/ERBB	ambiguous_or_low_signal	8	8	EGFR,EGR1,FOS,JUN,DUSP6,SPRY2,AREG,EREG	217	2.7839862	0.89937759	3.0954587	0.99078341	0.8	1	18085	2145	10408619
GSE300445	GSM9060734_AdjIII-0113	melanoma	MIF	tumor_like	7	5	CD74,CXCR4,CXCR2,NFKBIA,IL1B	179	49.881564	28.10763	1.7746628	1	0.6	0	18085	2145	10408619
GSE300445	GSM9060734_AdjIII-0113	melanoma	MIF	immune	7	5	CD74,CXCR4,CXCR2,NFKBIA,IL1B	55	166.24727	26.337225	6.3122547	1	1	1	18085	2145	10408619
GSE300445	GSM9060734_AdjIII-0113	melanoma	MIF	stroma_fibroblast	7	5	CD74,CXCR4,CXCR2,NFKBIA,IL1B	1694	14.737072	86.970732	0.16944864	0.98170012	0.4	0	18085	2145	10408619
GSE300445	GSM9060734_AdjIII-0113	melanoma	MIF	endothelial	7	5	CD74,CXCR4,CXCR2,NFKBIA,IL1B	0	0	29.924662	3.3417253e-11	0	0.2	0	18085	2145	10408619
GSE300445	GSM9060734_AdjIII-0113	melanoma	MIF	ambiguous_or_low_signal	7	5	CD74,CXCR4,CXCR2,NFKBIA,IL1B	217	97.471889	22.322095	4.3666102	1	0.8	1	18085	2145	10408619
GSE300445	GSM9060734_AdjIII-0113	melanoma	NOTCH	tumor_like	7	7	HES1,HEY1,HEY2,NOTCH1,NOTCH2,DLL4,JAG1	179	3.6767757	0.82284552	4.468367	0.99441341	1	1	18085	2145	10408619
GSE300445	GSM9060734_AdjIII-0113	melanoma	NOTCH	immune	7	7	HES1,HEY1,HEY2,NOTCH1,NOTCH2,DLL4,JAG1	55	1.7662338	1.042447	1.6943151	1	0.6	0	18085	2145	10408619
GSE300445	GSM9060734_AdjIII-0113	melanoma	NOTCH	stroma_fibroblast	7	7	HES1,HEY1,HEY2,NOTCH1,NOTCH2,DLL4,JAG1	1694	0.57741609	2.8774153	0.2006718	0.78394333	0.4	0	18085	2145	10408619
GSE300445	GSM9060734_AdjIII-0113	melanoma	NOTCH	endothelial	7	7	HES1,HEY1,HEY2,NOTCH1,NOTCH2,DLL4,JAG1	0	0	1.0610057	9.4250204e-10	0	0.2	0	18085	2145	10408619
GSE300445	GSM9060734_AdjIII-0113	melanoma	NOTCH	ambiguous_or_low_signal	7	7	HES1,HEY1,HEY2,NOTCH1,NOTCH2,DLL4,JAG1	217	2.4996708	0.89908121	2.7802503	0.99078341	0.8	1	18085	2145	10408619
GSE300445	GSM9060734_AdjIII-0113	melanoma	SPP1	tumor_like	6	6	SPP1,CD44,ITGAV,ITGB1,FN1,MMP9	179	15.751397	5.9469312	2.6486597	1	0.6	0	18085	2145	10408619
GSE300445	GSM9060734_AdjIII-0113	melanoma	SPP1	immune	6	6	SPP1,CD44,ITGAV,ITGB1,FN1,MMP9	55	27.112121	6.2296651	4.3520993	1	1	1	18085	2145	10408619
GSE300445	GSM9060734_AdjIII-0113	melanoma	SPP1	stroma_fibroblast	6	6	SPP1,CD44,ITGAV,ITGB1,FN1,MMP9	1694	3.4633018	19.167036	0.18069053	0.97992916	0.4	0	18085	2145	10408619
GSE300445	GSM9060734_AdjIII-0113	melanoma	SPP1	endothelial	6	6	SPP1,CD44,ITGAV,ITGB1,FN1,MMP9	0	0	6.7651127	1.478172e-10	0	0.2	0	18085	2145	10408619
GSE300445	GSM9060734_AdjIII-0113	melanoma	SPP1	ambiguous_or_low_signal	6	6	SPP1,CD44,ITGAV,ITGB1,FN1,MMP9	217	19.970814	5.2787863	3.7832208	1	0.8	1	18085	2145	10408619
GSE300445	GSM9060734_AdjIII-0113	melanoma	TGFB	tumor_like	8	7	SERPINE1,SMAD7,CCN2,COL1A1,COL1A2,FN1,ACTA2	179	13.200319	37.223005	0.35462798	1	0.4	0	18085	2145	10408619
GSE300445	GSM9060734_AdjIII-0113	melanoma	TGFB	immune	8	7	SERPINE1,SMAD7,CCN2,COL1A1,COL1A2,FN1,ACTA2	55	13.532468	35.788995	0.37811812	1	0.6	0	18085	2145	10408619
GSE300445	GSM9060734_AdjIII-0113	melanoma	TGFB	stroma_fibroblast	8	7	SERPINE1,SMAD7,CCN2,COL1A1,COL1A2,FN1,ACTA2	1694	39.678782	18.464365	2.1489384	1	1	1	18085	2145	10408619
GSE300445	GSM9060734_AdjIII-0113	melanoma	TGFB	endothelial	8	7	SERPINE1,SMAD7,CCN2,COL1A1,COL1A2,FN1,ACTA2	0	0	35.218315	2.8394317e-11	0	0.2	0	18085	2145	10408619
GSE300445	GSM9060734_AdjIII-0113	melanoma	TGFB	ambiguous_or_low_signal	8	7	SERPINE1,SMAD7,CCN2,COL1A1,COL1A2,FN1,ACTA2	217	24.056616	36.474585	0.65954462	1	0.8	0	18085	2145	10408619
GSE300445	GSM9060734_AdjIII-0113	melanoma	VEGF	tumor_like	7	7	KDR,FLT1,VWF,PECAM1,PLVAP,ENG,ESAM	179	1.7414206	1.8981979	0.91740727	0.96648045	0.6	0	18085	2145	10408619
GSE300445	GSM9060734_AdjIII-0113	melanoma	VEGF	immune	7	7	KDR,FLT1,VWF,PECAM1,PLVAP,ENG,ESAM	55	3.3350649	1.8469583	1.8057067	1	0.8	1	18085	2145	10408619
GSE300445	GSM9060734_AdjIII-0113	melanoma	VEGF	stroma_fibroblast	7	7	KDR,FLT1,VWF,PECAM1,PLVAP,ENG,ESAM	1694	1.6222803	2.8723472	0.56479256	0.86127509	0.4	0	18085	2145	10408619
GSE300445	GSM9060734_AdjIII-0113	melanoma	VEGF	endothelial	7	7	KDR,FLT1,VWF,PECAM1,PLVAP,ENG,ESAM	0	0	1.8851149	5.3047165e-10	0	0.2	0	18085	2145	10408619
GSE300445	GSM9060734_AdjIII-0113	melanoma	VEGF	ambiguous_or_low_signal	7	7	KDR,FLT1,VWF,PECAM1,PLVAP,ENG,ESAM	217	3.6879526	1.6822021	2.1923362	0.99078341	1	1	18085	2145	10408619
GSE300445	GSM9060734_AdjIII-0113	melanoma	WNT	tumor_like	7	7	AXIN2,LEF1,TCF7,DKK1,FZD5,JUN,FOS	179	2.4469274	0.6025287	4.0610968	0.98882682	1	1	18085	2145	10408619
GSE300445	GSM9060734_AdjIII-0113	melanoma	WNT	immune	7	7	AXIN2,LEF1,TCF7,DKK1,FZD5,JUN,FOS	55	2.2155844	0.71804511	3.0855783	1	0.6	0	18085	2145	10408619
GSE300445	GSM9060734_AdjIII-0113	melanoma	WNT	stroma_fibroblast	7	7	AXIN2,LEF1,TCF7,DKK1,FZD5,JUN,FOS	1694	0.33909597	2.3240418	0.14590786	0.68063754	0.4	0	18085	2145	10408619
GSE300445	GSM9060734_AdjIII-0113	melanoma	WNT	endothelial	7	7	AXIN2,LEF1,TCF7,DKK1,FZD5,JUN,FOS	0	0	0.75644356	1.3219757e-09	0	0.2	0	18085	2145	10408619
GSE300445	GSM9060734_AdjIII-0113	melanoma	WNT	ambiguous_or_low_signal	7	7	AXIN2,LEF1,TCF7,DKK1,FZD5,JUN,FOS	217	2.2501646	0.58832247	3.824713	0.99078341	0.8	1	18085	2145	10408619
GSE300445	GSM9060735_AdjIII-0133	melanoma	CCL chemokine	tumor_like	6	6	CCL2,CCL3,CCL4,CCR2,LST1,IL1B	2170	0.16298003	0.20676949	0.78822087	0.5202765	0.6	0	18085	4115	30414762
GSE300445	GSM9060735_AdjIII-0133	melanoma	CCL chemokine	immune	6	6	CCL2,CCL3,CCL4,CCR2,LST1,IL1B	3	0.11111111	0.18373054	0.60475035	0.66666667	0.4	0	18085	4115	30414762
GSE300445	GSM9060735_AdjIII-0133	melanoma	CCL chemokine	stroma_fibroblast	6	6	CCL2,CCL3,CCL4,CCR2,LST1,IL1B	751	0.23501997	0.17221562	1.3646844	0.58721704	1	1	18085	4115	30414762
GSE300445	GSM9060735_AdjIII-0133	melanoma	CCL chemokine	endothelial	6	6	CCL2,CCL3,CCL4,CCR2,LST1,IL1B	0	0	0.1836776	5.4443219e-09	0	0.2	0	18085	4115	30414762
GSE300445	GSM9060735_AdjIII-0133	melanoma	CCL chemokine	ambiguous_or_low_signal	6	6	CCL2,CCL3,CCL4,CCR2,LST1,IL1B	1191	0.18919675	0.18142955	1.0428111	0.56675063	0.8	0	18085	4115	30414762
GSE300445	GSM9060735_AdjIII-0133	melanoma	CXCL chemokine	tumor_like	7	7	CXCL9,CXCL10,CXCL11,CXCR3,CXCR4,ISG15,STAT1	2170	0.63923634	0.82166728	0.77797468	0.94423963	0.6	0	18085	4115	30414762
GSE300445	GSM9060735_AdjIII-0133	melanoma	CXCL chemokine	immune	7	7	CXCL9,CXCL10,CXCL11,CXCR3,CXCR4,ISG15,STAT1	3	0.19047619	0.72585464	0.26241644	0.66666667	0.4	0	18085	4115	30414762
GSE300445	GSM9060735_AdjIII-0133	melanoma	CXCL chemokine	stroma_fibroblast	7	7	CXCL9,CXCL10,CXCL11,CXCR3,CXCR4,ISG15,STAT1	751	0.93874834	0.6778495	1.384892	0.89214381	1	1	18085	4115	30414762
GSE300445	GSM9060735_AdjIII-0133	melanoma	CXCL chemokine	endothelial	7	7	CXCL9,CXCL10,CXCL11,CXCR3,CXCR4,ISG15,STAT1	0	0	0.72546433	1.3784275e-09	0	0.2	0	18085	4115	30414762
GSE300445	GSM9060735_AdjIII-0133	melanoma	CXCL chemokine	ambiguous_or_low_signal	7	7	CXCL9,CXCL10,CXCL11,CXCR3,CXCR4,ISG15,STAT1	1191	0.74943025	0.71570256	1.0471253	0.9286314	0.8	0	18085	4115	30414762
GSE300445	GSM9060735_AdjIII-0133	melanoma	ECM-integrin	tumor_like	9	9	COL1A1,COL1A2,COL3A1,FN1,ITGA2,ITGAV,ITGB1,ACTA2,TAGLN	2170	6.2695341	13.736075	0.45642834	0.99447005	0.6	0	18085	4115	30414762
GSE300445	GSM9060735_AdjIII-0133	melanoma	ECM-integrin	immune	9	9	COL1A1,COL1A2,COL3A1,FN1,ITGA2,ITGAV,ITGB1,ACTA2,TAGLN	3	2.1481481	9.8042585	0.21910358	0.66666667	0.4	0	18085	4115	30414762
GSE300445	GSM9060735_AdjIII-0133	melanoma	ECM-integrin	stroma_fibroblast	9	9	COL1A1,COL1A2,COL3A1,FN1,ITGA2,ITGAV,ITGB1,ACTA2,TAGLN	751	21.226661	7.2474237	2.928856	0.99334221	1	1	18085	4115	30414762
GSE300445	GSM9060735_AdjIII-0133	melanoma	ECM-integrin	endothelial	9	9	COL1A1,COL1A2,COL3A1,FN1,ITGA2,ITGAV,ITGB1,ACTA2,TAGLN	0	0	9.7986769	1.0205459e-10	0	0.2	0	18085	4115	30414762
GSE300445	GSM9060735_AdjIII-0133	melanoma	ECM-integrin	ambiguous_or_low_signal	9	9	COL1A1,COL1A2,COL3A1,FN1,ITGA2,ITGAV,ITGB1,ACTA2,TAGLN	1191	9.0419815	10.106893	0.89463512	0.99244332	0.8	0	18085	4115	30414762
GSE300445	GSM9060735_AdjIII-0133	melanoma	EGF/ERBB	tumor_like	8	8	EGFR,EGR1,FOS,JUN,DUSP6,SPRY2,AREG,EREG	2170	7.2921083	5.9751285	1.2204103	0.99262673	1	0	18085	4115	30414762
GSE300445	GSM9060735_AdjIII-0133	melanoma	EGF/ERBB	immune	8	8	EGFR,EGR1,FOS,JUN,DUSP6,SPRY2,AREG,EREG	3	1.1666667	6.6736381	0.17481719	0.66666667	0.4	0	18085	4115	30414762
GSE300445	GSM9060735_AdjIII-0133	melanoma	EGF/ERBB	stroma_fibroblast	8	8	EGFR,EGR1,FOS,JUN,DUSP6,SPRY2,AREG,EREG	751	5.4875166	6.9335241	0.79144697	0.98135819	0.6	0	18085	4115	30414762
GSE300445	GSM9060735_AdjIII-0133	melanoma	EGF/ERBB	endothelial	8	8	EGFR,EGR1,FOS,JUN,DUSP6,SPRY2,AREG,EREG	0	0	6.6696233	1.499335e-10	0	0.2	0	18085	4115	30414762
GSE300445	GSM9060735_AdjIII-0133	melanoma	EGF/ERBB	ambiguous_or_low_signal	8	8	EGFR,EGR1,FOS,JUN,DUSP6,SPRY2,AREG,EREG	1191	6.2947103	6.8223324	0.92266251	0.98656591	0.8	0	18085	4115	30414762
GSE300445	GSM9060735_AdjIII-0133	melanoma	MIF	tumor_like	7	5	CD74,CXCR4,CXCR2,NFKBIA,IL1B	2170	12.036682	14.218201	0.84656859	0.99354839	0.6	0	18085	4115	30414762
GSE300445	GSM9060735_AdjIII-0133	melanoma	MIF	immune	7	5	CD74,CXCR4,CXCR2,NFKBIA,IL1B	3	2.8	13.075292	0.21414436	1	0.4	0	18085	4115	30414762
GSE300445	GSM9060735_AdjIII-0133	melanoma	MIF	stroma_fibroblast	7	5	CD74,CXCR4,CXCR2,NFKBIA,IL1B	751	15.115846	12.610583	1.1986635	0.98135819	1	0	18085	4115	30414762
GSE300445	GSM9060735_AdjIII-0133	melanoma	MIF	endothelial	7	5	CD74,CXCR4,CXCR2,NFKBIA,IL1B	0	0	13.067801	7.6523971e-11	0	0.2	0	18085	4115	30414762
GSE300445	GSM9060735_AdjIII-0133	melanoma	MIF	ambiguous_or_low_signal	7	5	CD74,CXCR4,CXCR2,NFKBIA,IL1B	1191	13.68094	12.818057	1.0673178	0.98320739	0.8	0	18085	4115	30414762
GSE300445	GSM9060735_AdjIII-0133	melanoma	NOTCH	tumor_like	7	7	HES1,HEY1,HEY2,NOTCH1,NOTCH2,DLL4,JAG1	2170	2.1298223	2.0095483	1.0598512	0.98248848	1	0	18085	4115	30414762
GSE300445	GSM9060735_AdjIII-0133	melanoma	NOTCH	immune	7	7	HES1,HEY1,HEY2,NOTCH1,NOTCH2,DLL4,JAG1	3	0.57142857	2.0740689	0.27551089	0.66666667	0.4	0	18085	4115	30414762
GSE300445	GSM9060735_AdjIII-0133	melanoma	NOTCH	stroma_fibroblast	7	7	HES1,HEY1,HEY2,NOTCH1,NOTCH2,DLL4,JAG1	751	1.8797793	2.1161033	0.88832117	0.91211718	0.6	0	18085	4115	30414762
GSE300445	GSM9060735_AdjIII-0133	melanoma	NOTCH	endothelial	7	7	HES1,HEY1,HEY2,NOTCH1,NOTCH2,DLL4,JAG1	0	0	2.0729734	4.8239885e-10	0	0.2	0	18085	4115	30414762
GSE300445	GSM9060735_AdjIII-0133	melanoma	NOTCH	ambiguous_or_low_signal	7	7	HES1,HEY1,HEY2,NOTCH1,NOTCH2,DLL4,JAG1	1191	2.0949982	2.0640023	1.0150174	0.9504618	0.8	0	18085	4115	30414762
GSE300445	GSM9060735_AdjIII-0133	melanoma	SPP1	tumor_like	6	6	SPP1,CD44,ITGAV,ITGB1,FN1,MMP9	2170	16.525346	18.323051	0.90188834	0.99769585	0.4	0	18085	4115	30414762
GSE300445	GSM9060735_AdjIII-0133	melanoma	SPP1	immune	6	6	SPP1,CD44,ITGAV,ITGB1,FN1,MMP9	3	23.666667	17.37046	1.3624663	0.66666667	1	1	18085	4115	30414762
GSE300445	GSM9060735_AdjIII-0133	melanoma	SPP1	stroma_fibroblast	6	6	SPP1,CD44,ITGAV,ITGB1,FN1,MMP9	751	16.946294	17.470769	0.96997985	0.99201065	0.6	0	18085	4115	30414762
GSE300445	GSM9060735_AdjIII-0133	melanoma	SPP1	endothelial	6	6	SPP1,CD44,ITGAV,ITGB1,FN1,MMP9	0	0	17.375051	5.7553789e-11	0	0.2	0	18085	4115	30414762
GSE300445	GSM9060735_AdjIII-0133	melanoma	SPP1	ambiguous_or_low_signal	6	6	SPP1,CD44,ITGAV,ITGB1,FN1,MMP9	1191	19.177722	16.640789	1.1524527	0.99328296	0.8	0	18085	4115	30414762
GSE300445	GSM9060735_AdjIII-0133	melanoma	TGFB	tumor_like	8	7	SERPINE1,SMAD7,CCN2,COL1A1,COL1A2,FN1,ACTA2	2170	3.9463463	10.31906	0.38243273	0.99308756	0.6	0	18085	4115	30414762
GSE300445	GSM9060735_AdjIII-0133	melanoma	TGFB	immune	8	7	SERPINE1,SMAD7,CCN2,COL1A1,COL1A2,FN1,ACTA2	3	2.3333333	6.9618538	0.33515977	0.66666667	0.4	0	18085	4115	30414762
GSE300445	GSM9060735_AdjIII-0133	melanoma	TGFB	stroma_fibroblast	8	7	SERPINE1,SMAD7,CCN2,COL1A1,COL1A2,FN1,ACTA2	751	16.424577	4.8452098	3.3898587	0.98535286	1	1	18085	4115	30414762
GSE300445	GSM9060735_AdjIII-0133	melanoma	TGFB	endothelial	8	7	SERPINE1,SMAD7,CCN2,COL1A1,COL1A2,FN1,ACTA2	0	0	6.9584794	1.4370956e-10	0	0.2	0	18085	4115	30414762
GSE300445	GSM9060735_AdjIII-0133	melanoma	TGFB	ambiguous_or_low_signal	8	7	SERPINE1,SMAD7,CCN2,COL1A1,COL1A2,FN1,ACTA2	1191	6.4892647	7.1495994	0.90764033	0.98740554	0.8	0	18085	4115	30414762
GSE300445	GSM9060735_AdjIII-0133	melanoma	VEGF	tumor_like	7	7	KDR,FLT1,VWF,PECAM1,PLVAP,ENG,ESAM	2170	0.46991442	1.076166	0.43665607	0.86589862	0.6	0	18085	4115	30414762
GSE300445	GSM9060735_AdjIII-0133	melanoma	VEGF	immune	7	7	KDR,FLT1,VWF,PECAM1,PLVAP,ENG,ESAM	3	0.23809524	0.75684408	0.31458955	0.66666667	0.4	0	18085	4115	30414762
GSE300445	GSM9060735_AdjIII-0133	melanoma	VEGF	stroma_fibroblast	7	7	KDR,FLT1,VWF,PECAM1,PLVAP,ENG,ESAM	751	1.8276584	0.51732631	3.5328927	0.82023968	1	1	18085	4115	30414762
GSE300445	GSM9060735_AdjIII-0133	melanoma	VEGF	endothelial	7	7	KDR,FLT1,VWF,PECAM1,PLVAP,ENG,ESAM	0	0	0.75646589	1.3219367e-09	0	0.2	0	18085	4115	30414762
GSE300445	GSM9060735_AdjIII-0133	melanoma	VEGF	ambiguous_or_low_signal	7	7	KDR,FLT1,VWF,PECAM1,PLVAP,ENG,ESAM	1191	0.60441406	0.81839945	0.73853185	0.84466835	0.8	0	18085	4115	30414762
GSE300445	GSM9060735_AdjIII-0133	melanoma	WNT	tumor_like	7	7	AXIN2,LEF1,TCF7,DKK1,FZD5,JUN,FOS	2170	2.7142857	2.4558208	1.1052458	0.9875576	1	0	18085	4115	30414762
GSE300445	GSM9060735_AdjIII-0133	melanoma	WNT	immune	7	7	AXIN2,LEF1,TCF7,DKK1,FZD5,JUN,FOS	3	0.71428571	2.5934894	0.27541493	0.66666667	0.4	0	18085	4115	30414762
GSE300445	GSM9060735_AdjIII-0133	melanoma	WNT	stroma_fibroblast	7	7	AXIN2,LEF1,TCF7,DKK1,FZD5,JUN,FOS	751	2.6140384	2.5872261	1.0103634	0.94407457	0.8	0	18085	4115	30414762
GSE300445	GSM9060735_AdjIII-0133	melanoma	WNT	endothelial	7	7	AXIN2,LEF1,TCF7,DKK1,FZD5,JUN,FOS	0	0	2.5921194	3.8578469e-10	0	0.2	0	18085	4115	30414762
GSE300445	GSM9060735_AdjIII-0133	melanoma	WNT	ambiguous_or_low_signal	7	7	AXIN2,LEF1,TCF7,DKK1,FZD5,JUN,FOS	1191	2.3604414	2.6864862	0.87863522	0.9588581	0.6	0	18085	4115	30414762
GSE283052	GSM8655157_P02	colorectal cancer	CCL chemokine	tumor_like	6	6	CCL2,CCL3,CCL4,CCR2,LST1,IL1B	4809	0.042767034	0.070127505	0.6098468	0.18569349	0.6	0	36601	4992	15729017
GSE283052	GSM8655157_P02	colorectal cancer	CCL chemokine	immune	6	6	CCL2,CCL3,CCL4,CCR2,LST1,IL1B	2	0	0.043787575	2.2837528e-08	0	0.4	0	36601	4992	15729017
GSE283052	GSM8655157_P02	colorectal cancer	CCL chemokine	stroma_fibroblast	6	6	CCL2,CCL3,CCL4,CCR2,LST1,IL1B	31	0.075268817	0.043573204	1.7274106	0.22580645	1	1	36601	4992	15729017
GSE283052	GSM8655157_P02	colorectal cancer	CCL chemokine	endothelial	6	6	CCL2,CCL3,CCL4,CCR2,LST1,IL1B	0	0	0.043770032	2.2846681e-08	0	0.4	0	36601	4992	15729017
GSE283052	GSM8655157_P02	colorectal cancer	CCL chemokine	ambiguous_or_low_signal	6	6	CCL2,CCL3,CCL4,CCR2,LST1,IL1B	150	0.07	0.042957456	1.6295192	0.20666667	0.8	1	36601	4992	15729017
GSE283052	GSM8655157_P02	colorectal cancer	CXCL chemokine	tumor_like	7	7	CXCL9,CXCL10,CXCL11,CXCR3,CXCR4,ISG15,STAT1	4809	0.26022636	0.36065574	0.72153673	0.6165523	0.6	0	36601	4992	15729017
GSE283052	GSM8655157_P02	colorectal cancer	CXCL chemokine	immune	7	7	CXCL9,CXCL10,CXCL11,CXCR3,CXCR4,ISG15,STAT1	2	0	0.26401374	3.7876816e-09	0	0.4	0	36601	4992	15729017
GSE283052	GSM8655157_P02	colorectal cancer	CXCL chemokine	stroma_fibroblast	7	7	CXCL9,CXCL10,CXCL11,CXCR3,CXCR4,ISG15,STAT1	31	0.43778802	0.26282144	1.6657242	0.4516129	1	1	36601	4992	15729017
GSE283052	GSM8655157_P02	colorectal cancer	CXCL chemokine	endothelial	7	7	CXCL9,CXCL10,CXCL11,CXCR3,CXCR4,ISG15,STAT1	0	0	0.26390797	3.7891997e-09	0	0.4	0	36601	4992	15729017
GSE283052	GSM8655157_P02	colorectal cancer	CXCL chemokine	ambiguous_or_low_signal	7	7	CXCL9,CXCL10,CXCL11,CXCR3,CXCR4,ISG15,STAT1	150	0.34952381	0.26125568	1.3378611	0.36	0.8	1	36601	4992	15729017
GSE283052	GSM8655157_P02	colorectal cancer	ECM-integrin	tumor_like	9	9	COL1A1,COL1A2,COL3A1,FN1,ITGA2,ITGAV,ITGB1,ACTA2,TAGLN	4809	1.4842079	5.1287189	0.28939154	0.89124558	0.6	0	36601	4992	15729017
GSE283052	GSM8655157_P02	colorectal cancer	ECM-integrin	immune	9	9	COL1A1,COL1A2,COL3A1,FN1,ITGA2,ITGAV,ITGB1,ACTA2,TAGLN	2	0	1.6184591	6.1787164e-10	0	0.4	0	36601	4992	15729017
GSE283052	GSM8655157_P02	colorectal cancer	ECM-integrin	stroma_fibroblast	9	9	COL1A1,COL1A2,COL3A1,FN1,ITGA2,ITGAV,ITGB1,ACTA2,TAGLN	31	8.5770609	1.5743242	5.4480907	0.96774194	1	1	36601	4992	15729017
GSE283052	GSM8655157_P02	colorectal cancer	ECM-integrin	endothelial	9	9	COL1A1,COL1A2,COL3A1,FN1,ITGA2,ITGAV,ITGB1,ACTA2,TAGLN	0	0	1.6178107	6.1811928e-10	0	0.4	0	36601	4992	15729017
GSE283052	GSM8655157_P02	colorectal cancer	ECM-integrin	ambiguous_or_low_signal	9	9	COL1A1,COL1A2,COL3A1,FN1,ITGA2,ITGAV,ITGB1,ACTA2,TAGLN	150	4.4844444	1.5290055	2.9329159	0.61333333	0.8	1	36601	4992	15729017
GSE283052	GSM8655157_P02	colorectal cancer	EGF/ERBB	tumor_like	8	8	EGFR,EGR1,FOS,JUN,DUSP6,SPRY2,AREG,EREG	4809	1.0580162	0.65437158	1.6168432	0.84092327	1	1	36601	4992	15729017
GSE283052	GSM8655157_P02	colorectal cancer	EGF/ERBB	immune	8	8	EGFR,EGR1,FOS,JUN,DUSP6,SPRY2,AREG,EREG	2	0	1.0436373	9.5818732e-10	0	0.4	0	36601	4992	15729017
GSE283052	GSM8655157_P02	colorectal cancer	EGF/ERBB	stroma_fibroblast	8	8	EGFR,EGR1,FOS,JUN,DUSP6,SPRY2,AREG,EREG	31	0.51209677	1.046538	0.48932459	0.41935484	0.6	0	36601	4992	15729017
GSE283052	GSM8655157_P02	colorectal cancer	EGF/ERBB	endothelial	8	8	EGFR,EGR1,FOS,JUN,DUSP6,SPRY2,AREG,EREG	0	0	1.0432192	9.5857136e-10	0	0.4	0	36601	4992	15729017
GSE283052	GSM8655157_P02	colorectal cancer	EGF/ERBB	ambiguous_or_low_signal	8	8	EGFR,EGR1,FOS,JUN,DUSP6,SPRY2,AREG,EREG	150	0.6925	1.0540841	0.65696848	0.51333333	0.8	0	36601	4992	15729017
GSE283052	GSM8655157_P02	colorectal cancer	MIF	tumor_like	7	7	CD74,CXCR4,CXCR2,HLA-DRA,HLA-DRB1,NFKBIA,IL1B	4809	4.2317084	3.323185	1.2733894	0.9588272	1	1	36601	4992	15729017
GSE283052	GSM8655157_P02	colorectal cancer	MIF	immune	7	7	CD74,CXCR4,CXCR2,HLA-DRA,HLA-DRB1,NFKBIA,IL1B	2	0.071428571	4.2000573	0.017006571	0.5	0.4	0	36601	4992	15729017
GSE283052	GSM8655157_P02	colorectal cancer	MIF	stroma_fibroblast	7	7	CD74,CXCR4,CXCR2,HLA-DRA,HLA-DRB1,NFKBIA,IL1B	31	3.0046083	4.2058629	0.7143857	0.77419355	0.6	0	36601	4992	15729017
GSE283052	GSM8655157_P02	colorectal cancer	MIF	endothelial	7	7	CD74,CXCR4,CXCR2,HLA-DRA,HLA-DRB1,NFKBIA,IL1B	0	0	4.1984032	2.381858e-10	0	0.2	0	36601	4992	15729017
GSE283052	GSM8655157_P02	colorectal cancer	MIF	ambiguous_or_low_signal	7	7	CD74,CXCR4,CXCR2,HLA-DRA,HLA-DRB1,NFKBIA,IL1B	150	3.432381	4.2221337	0.81294937	0.70666667	0.8	0	36601	4992	15729017
GSE283052	GSM8655157_P02	colorectal cancer	NOTCH	tumor_like	7	7	HES1,HEY1,HEY2,NOTCH1,NOTCH2,DLL4,JAG1	4809	0.5758548	0.39266198	1.4665407	0.74568517	1	1	36601	4992	15729017
GSE283052	GSM8655157_P02	colorectal cancer	NOTCH	immune	7	7	HES1,HEY1,HEY2,NOTCH1,NOTCH2,DLL4,JAG1	2	0	0.56936731	1.7563355e-09	0	0.4	0	36601	4992	15729017
GSE283052	GSM8655157_P02	colorectal cancer	NOTCH	stroma_fibroblast	7	7	HES1,HEY1,HEY2,NOTCH1,NOTCH2,DLL4,JAG1	31	0.3640553	0.57042071	0.63822244	0.35483871	0.6	0	36601	4992	15729017
GSE283052	GSM8655157_P02	colorectal cancer	NOTCH	endothelial	7	7	HES1,HEY1,HEY2,NOTCH1,NOTCH2,DLL4,JAG1	0	0	0.56913919	1.7570394e-09	0	0.4	0	36601	4992	15729017
GSE283052	GSM8655157_P02	colorectal cancer	NOTCH	ambiguous_or_low_signal	7	7	HES1,HEY1,HEY2,NOTCH1,NOTCH2,DLL4,JAG1	150	0.40380952	0.57426093	0.70318126	0.36	0.8	0	36601	4992	15729017
GSE283052	GSM8655157_P02	colorectal cancer	SPP1	tumor_like	6	6	SPP1,CD44,ITGAV,ITGB1,FN1,MMP9	4809	1.4372011	1.5409836	0.93265177	0.85402371	0.6	0	36601	4992	15729017
GSE283052	GSM8655157_P02	colorectal cancer	SPP1	immune	6	6	SPP1,CD44,ITGAV,ITGB1,FN1,MMP9	2	0.16666667	1.4415164	0.11561899	1	0.4	0	36601	4992	15729017
GSE283052	GSM8655157_P02	colorectal cancer	SPP1	stroma_fibroblast	6	6	SPP1,CD44,ITGAV,ITGB1,FN1,MMP9	31	1.8709677	1.4383189	1.3008018	0.48387097	1	1	36601	4992	15729017
GSE283052	GSM8655157_P02	colorectal cancer	SPP1	endothelial	6	6	SPP1,CD44,ITGAV,ITGB1,FN1,MMP9	0	0	1.4410056	6.9395982e-10	0	0.2	0	36601	4992	15729017
GSE283052	GSM8655157_P02	colorectal cancer	SPP1	ambiguous_or_low_signal	6	6	SPP1,CD44,ITGAV,ITGB1,FN1,MMP9	150	1.4911111	1.4394534	1.035887	0.45333333	0.8	0	36601	4992	15729017
GSE283052	GSM8655157_P02	colorectal cancer	TGFB	tumor_like	8	7	SERPINE1,SMAD7,CCN2,COL1A1,COL1A2,FN1,ACTA2	4809	1.0147937	4.8750976	0.20815864	0.81014764	0.6	0	36601	4992	15729017
GSE283052	GSM8655157_P02	colorectal cancer	TGFB	immune	8	7	SERPINE1,SMAD7,CCN2,COL1A1,COL1A2,FN1,ACTA2	2	0	1.1567707	8.6447557e-10	0	0.4	0	36601	4992	15729017
GSE283052	GSM8655157_P02	colorectal cancer	TGFB	stroma_fibroblast	8	7	SERPINE1,SMAD7,CCN2,COL1A1,COL1A2,FN1,ACTA2	31	8.2304147	1.112103	7.4007668	0.83870968	1	1	36601	4992	15729017
GSE283052	GSM8655157_P02	colorectal cancer	TGFB	endothelial	8	7	SERPINE1,SMAD7,CCN2,COL1A1,COL1A2,FN1,ACTA2	0	0	1.1563072	8.6482206e-10	0	0.4	0	36601	4992	15729017
GSE283052	GSM8655157_P02	colorectal cancer	TGFB	ambiguous_or_low_signal	8	7	SERPINE1,SMAD7,CCN2,COL1A1,COL1A2,FN1,ACTA2	150	4.2466667	1.0605712	4.0041316	0.56	0.8	1	36601	4992	15729017
GSE283052	GSM8655157_P02	colorectal cancer	VEGF	tumor_like	7	7	KDR,FLT1,VWF,PECAM1,PLVAP,ENG,ESAM	4809	0.12785551	0.23185012	0.5514576	0.4121439	0.6	0	36601	4992	15729017
GSE283052	GSM8655157_P02	colorectal cancer	VEGF	immune	7	7	KDR,FLT1,VWF,PECAM1,PLVAP,ENG,ESAM	2	0	0.13172058	7.5918278e-09	0	0.4	0	36601	4992	15729017
GSE283052	GSM8655157_P02	colorectal cancer	VEGF	stroma_fibroblast	7	7	KDR,FLT1,VWF,PECAM1,PLVAP,ENG,ESAM	31	0.18894009	0.13130993	1.4388865	0.32258065	0.8	1	36601	4992	15729017
GSE283052	GSM8655157_P02	colorectal cancer	VEGF	endothelial	7	7	KDR,FLT1,VWF,PECAM1,PLVAP,ENG,ESAM	0	0	0.13166781	7.5948706e-09	0	0.4	0	36601	4992	15729017
GSE283052	GSM8655157_P02	colorectal cancer	VEGF	ambiguous_or_low_signal	7	7	KDR,FLT1,VWF,PECAM1,PLVAP,ENG,ESAM	150	0.24380952	0.12819378	1.9018826	0.35333333	1	1	36601	4992	15729017
GSE283052	GSM8655157_P02	colorectal cancer	WNT	tumor_like	7	7	AXIN2,LEF1,TCF7,DKK1,FZD5,JUN,FOS	4809	0.89861272	0.55425449	1.6212999	0.8113953	1	1	36601	4992	15729017
GSE283052	GSM8655157_P02	colorectal cancer	WNT	immune	7	7	AXIN2,LEF1,TCF7,DKK1,FZD5,JUN,FOS	2	0	0.88634412	1.12823e-09	0	0.4	0	36601	4992	15729017
GSE283052	GSM8655157_P02	colorectal cancer	WNT	stroma_fibroblast	7	7	AXIN2,LEF1,TCF7,DKK1,FZD5,JUN,FOS	31	0.42396313	0.88887609	0.47696539	0.48387097	0.6	0	36601	4992	15729017
GSE283052	GSM8655157_P02	colorectal cancer	WNT	endothelial	7	7	AXIN2,LEF1,TCF7,DKK1,FZD5,JUN,FOS	0	0	0.88598901	1.1286822e-09	0	0.4	0	36601	4992	15729017
GSE283052	GSM8655157_P02	colorectal cancer	WNT	ambiguous_or_low_signal	7	7	AXIN2,LEF1,TCF7,DKK1,FZD5,JUN,FOS	150	0.58857143	0.89520269	0.65747281	0.44666667	0.8	0	36601	4992	15729017
GSE283052	GSM8655158_P04	colorectal cancer	CCL chemokine	tumor_like	6	6	CCL2,CCL3,CCL4,CCR2,LST1,IL1B	2247	0.39103991	0.27279903	1.4334358	0.63150868	1	1	36601	4992	13067116
GSE283052	GSM8655158_P04	colorectal cancer	CCL chemokine	immune	6	6	CCL2,CCL3,CCL4,CCR2,LST1,IL1B	31	0.032258065	0.32785729	0.09839057	0.16129032	0.4	0	36601	4992	13067116
GSE283052	GSM8655158_P04	colorectal cancer	CCL chemokine	stroma_fibroblast	6	6	CCL2,CCL3,CCL4,CCR2,LST1,IL1B	1189	0.36038688	0.31527741	1.1430787	0.49873844	0.8	0	36601	4992	13067116
GSE283052	GSM8655158_P04	colorectal cancer	CCL chemokine	endothelial	6	6	CCL2,CCL3,CCL4,CCR2,LST1,IL1B	7	0	0.32647944	3.06298e-09	0	0.2	0	36601	4992	13067116
GSE283052	GSM8655158_P04	colorectal cancer	CCL chemokine	ambiguous_or_low_signal	6	6	CCL2,CCL3,CCL4,CCR2,LST1,IL1B	1518	0.21036451	0.3765592	0.55864925	0.45849802	0.6	0	36601	4992	13067116
GSE283052	GSM8655158_P04	colorectal cancer	CXCL chemokine	tumor_like	7	7	CXCL9,CXCL10,CXCL11,CXCR3,CXCR4,ISG15,STAT1	2247	0.35196135	0.32308093	1.0893907	0.66488652	0.8	0	36601	4992	13067116
GSE283052	GSM8655158_P04	colorectal cancer	CXCL chemokine	immune	7	7	CXCL9,CXCL10,CXCL11,CXCR3,CXCR4,ISG15,STAT1	31	0.24423963	0.33665448	0.72549052	0.16129032	0.4	0	36601	4992	13067116
GSE283052	GSM8655158_P04	colorectal cancer	CXCL chemokine	stroma_fibroblast	7	7	CXCL9,CXCL10,CXCL11,CXCR3,CXCR4,ISG15,STAT1	1189	0.35600144	0.32985237	1.0792751	0.48612279	1	0	36601	4992	13067116
GSE283052	GSM8655158_P04	colorectal cancer	CXCL chemokine	endothelial	7	7	CXCL9,CXCL10,CXCL11,CXCR3,CXCR4,ISG15,STAT1	7	0	0.33655251	2.9713045e-09	0	0.2	0	36601	4992	13067116
GSE283052	GSM8655158_P04	colorectal cancer	CXCL chemokine	ambiguous_or_low_signal	7	7	CXCL9,CXCL10,CXCL11,CXCR3,CXCR4,ISG15,STAT1	1518	0.30039526	0.35167366	0.85418754	0.52173913	0.6	0	36601	4992	13067116
GSE283052	GSM8655158_P04	colorectal cancer	ECM-integrin	tumor_like	9	9	COL1A1,COL1A2,COL3A1,FN1,ITGA2,ITGAV,ITGB1,ACTA2,TAGLN	2247	5.2391337	9.0826553	0.57682841	0.98264352	0.6	0	36601	4992	13067116
GSE283052	GSM8655158_P04	colorectal cancer	ECM-integrin	immune	9	9	COL1A1,COL1A2,COL3A1,FN1,ITGA2,ITGAV,ITGB1,ACTA2,TAGLN	31	0.35842294	7.3963135	0.048459674	0.5483871	0.4	0	36601	4992	13067116
GSE283052	GSM8655158_P04	colorectal cancer	ECM-integrin	stroma_fibroblast	9	9	COL1A1,COL1A2,COL3A1,FN1,ITGA2,ITGAV,ITGB1,ACTA2,TAGLN	1189	13.136155	5.5443948	2.3692677	0.9882254	1	1	36601	4992	13067116
GSE283052	GSM8655158_P04	colorectal cancer	ECM-integrin	endothelial	9	9	COL1A1,COL1A2,COL3A1,FN1,ITGA2,ITGAV,ITGB1,ACTA2,TAGLN	7	0.095238095	7.3627995	0.012935039	0.42857143	0.2	0	36601	4992	13067116
GSE283052	GSM8655158_P04	colorectal cancer	ECM-integrin	ambiguous_or_low_signal	9	9	COL1A1,COL1A2,COL3A1,FN1,ITGA2,ITGAV,ITGB1,ACTA2,TAGLN	1518	6.1272874	7.8880253	0.77678343	0.96310935	0.8	0	36601	4992	13067116
GSE283052	GSM8655158_P04	colorectal cancer	EGF/ERBB	tumor_like	8	8	EGFR,EGR1,FOS,JUN,DUSP6,SPRY2,AREG,EREG	2247	2.8293836	1.1378871	2.4865241	0.95015576	1	1	36601	4992	13067116
GSE283052	GSM8655158_P04	colorectal cancer	EGF/ERBB	immune	8	8	EGFR,EGR1,FOS,JUN,DUSP6,SPRY2,AREG,EREG	31	0.22580645	1.9097208	0.11824056	0.32258065	0.4	0	36601	4992	13067116
GSE283052	GSM8655158_P04	colorectal cancer	EGF/ERBB	stroma_fibroblast	8	8	EGFR,EGR1,FOS,JUN,DUSP6,SPRY2,AREG,EREG	1189	1.1615854	2.1298974	0.5453715	0.74011775	0.8	0	36601	4992	13067116
GSE283052	GSM8655158_P04	colorectal cancer	EGF/ERBB	endothelial	8	8	EGFR,EGR1,FOS,JUN,DUSP6,SPRY2,AREG,EREG	7	0.053571429	1.9018556	0.02816798	0.42857143	0.2	0	36601	4992	13067116
GSE283052	GSM8655158_P04	colorectal cancer	EGF/ERBB	ambiguous_or_low_signal	8	8	EGFR,EGR1,FOS,JUN,DUSP6,SPRY2,AREG,EREG	1518	1.1429513	2.2297424	0.51259341	0.81554677	0.6	0	36601	4992	13067116
GSE283052	GSM8655158_P04	colorectal cancer	MIF	tumor_like	7	7	CD74,CXCR4,CXCR2,HLA-DRA,HLA-DRB1,NFKBIA,IL1B	2247	0.97806599	1.3215196	0.74010704	0.88295505	0.6	0	36601	4992	13067116
GSE283052	GSM8655158_P04	colorectal cancer	MIF	immune	7	7	CD74,CXCR4,CXCR2,HLA-DRA,HLA-DRB1,NFKBIA,IL1B	31	1.4516129	1.1651453	1.2458643	0.4516129	0.8	0	36601	4992	13067116
GSE283052	GSM8655158_P04	colorectal cancer	MIF	stroma_fibroblast	7	7	CD74,CXCR4,CXCR2,HLA-DRA,HLA-DRB1,NFKBIA,IL1B	1189	1.8850174	0.94241388	2.0002012	0.79899075	1	1	36601	4992	13067116
GSE283052	GSM8655158_P04	colorectal cancer	MIF	endothelial	7	7	CD74,CXCR4,CXCR2,HLA-DRA,HLA-DRB1,NFKBIA,IL1B	7	0.081632653	1.1684482	0.069864162	0.57142857	0.2	0	36601	4992	13067116
GSE283052	GSM8655158_P04	colorectal cancer	MIF	ambiguous_or_low_signal	7	7	CD74,CXCR4,CXCR2,HLA-DRA,HLA-DRB1,NFKBIA,IL1B	1518	0.88321099	1.2908956	0.68418466	0.79644269	0.4	0	36601	4992	13067116
GSE283052	GSM8655158_P04	colorectal cancer	NOTCH	tumor_like	7	7	HES1,HEY1,HEY2,NOTCH1,NOTCH2,DLL4,JAG1	2247	0.52489033	0.27795993	1.8883669	0.72719181	1	1	36601	4992	13067116
GSE283052	GSM8655158_P04	colorectal cancer	NOTCH	immune	7	7	HES1,HEY1,HEY2,NOTCH1,NOTCH2,DLL4,JAG1	31	0.10138249	0.39090621	0.25935246	0.096774194	0.4	0	36601	4992	13067116
GSE283052	GSM8655158_P04	colorectal cancer	NOTCH	stroma_fibroblast	7	7	HES1,HEY1,HEY2,NOTCH1,NOTCH2,DLL4,JAG1	1189	0.27333894	0.42530333	0.64269175	0.43650126	0.6	0	36601	4992	13067116
GSE283052	GSM8655158_P04	colorectal cancer	NOTCH	endothelial	7	7	HES1,HEY1,HEY2,NOTCH1,NOTCH2,DLL4,JAG1	7	0	0.38965468	2.5663749e-09	0	0.2	0	36601	4992	13067116
GSE283052	GSM8655158_P04	colorectal cancer	NOTCH	ambiguous_or_low_signal	7	7	HES1,HEY1,HEY2,NOTCH1,NOTCH2,DLL4,JAG1	1518	0.28646716	0.43395838	0.66012587	0.51449275	0.8	0	36601	4992	13067116
GSE283052	GSM8655158_P04	colorectal cancer	SPP1	tumor_like	6	6	SPP1,CD44,ITGAV,ITGB1,FN1,MMP9	2247	3.0168373	2.6883424	1.1221923	0.95638629	0.8	0	36601	4992	13067116
GSE283052	GSM8655158_P04	colorectal cancer	SPP1	immune	6	6	SPP1,CD44,ITGAV,ITGB1,FN1,MMP9	31	0.3655914	2.8516428	0.12820378	0.38709677	0.4	0	36601	4992	13067116
GSE283052	GSM8655158_P04	colorectal cancer	SPP1	stroma_fibroblast	6	6	SPP1,CD44,ITGAV,ITGB1,FN1,MMP9	1189	3.2255397	2.7144798	1.1882718	0.79730866	1	0	36601	4992	13067116
GSE283052	GSM8655158_P04	colorectal cancer	SPP1	endothelial	6	6	SPP1,CD44,ITGAV,ITGB1,FN1,MMP9	7	0.047619048	2.8401204	0.01676656	0.28571429	0.2	0	36601	4992	13067116
GSE283052	GSM8655158_P04	colorectal cancer	SPP1	ambiguous_or_low_signal	6	6	SPP1,CD44,ITGAV,ITGB1,FN1,MMP9	1518	2.3271849	3.058626	0.76085958	0.87812912	0.6	0	36601	4992	13067116
GSE283052	GSM8655158_P04	colorectal cancer	TGFB	tumor_like	8	7	SERPINE1,SMAD7,CCN2,COL1A1,COL1A2,FN1,ACTA2	2247	4.7398436	8.6032787	0.55093456	0.97908322	0.6	0	36601	4992	13067116
GSE283052	GSM8655158_P04	colorectal cancer	TGFB	immune	8	7	SERPINE1,SMAD7,CCN2,COL1A1,COL1A2,FN1,ACTA2	31	0.30875576	6.9052322	0.044713306	0.51612903	0.4	0	36601	4992	13067116
GSE283052	GSM8655158_P04	colorectal cancer	TGFB	stroma_fibroblast	8	7	SERPINE1,SMAD7,CCN2,COL1A1,COL1A2,FN1,ACTA2	1189	12.394689	5.135194	2.413675	0.96383516	1	1	36601	4992	13067116
GSE283052	GSM8655158_P04	colorectal cancer	TGFB	endothelial	8	7	SERPINE1,SMAD7,CCN2,COL1A1,COL1A2,FN1,ACTA2	7	0.10204082	6.8737641	0.014844969	0.57142857	0.2	0	36601	4992	13067116
GSE283052	GSM8655158_P04	colorectal cancer	TGFB	ambiguous_or_low_signal	8	7	SERPINE1,SMAD7,CCN2,COL1A1,COL1A2,FN1,ACTA2	1518	5.8421796	7.3108808	0.79910748	0.95388669	0.8	0	36601	4992	13067116
GSE283052	GSM8655158_P04	colorectal cancer	VEGF	tumor_like	7	7	KDR,FLT1,VWF,PECAM1,PLVAP,ENG,ESAM	2247	0.23523428	0.41857923	0.56198268	0.59635069	0.6	0	36601	4992	13067116
GSE283052	GSM8655158_P04	colorectal cancer	VEGF	immune	7	7	KDR,FLT1,VWF,PECAM1,PLVAP,ENG,ESAM	31	0.055299539	0.33780632	0.16370191	0.064516129	0.2	0	36601	4992	13067116
GSE283052	GSM8655158_P04	colorectal cancer	VEGF	stroma_fibroblast	7	7	KDR,FLT1,VWF,PECAM1,PLVAP,ENG,ESAM	1189	0.62777845	0.2448443	2.5639905	0.5508831	1	1	36601	4992	13067116
GSE283052	GSM8655158_P04	colorectal cancer	VEGF	endothelial	7	7	KDR,FLT1,VWF,PECAM1,PLVAP,ENG,ESAM	7	0.2244898	0.33620863	0.66770981	1	0.4	0	36601	4992	13067116
GSE283052	GSM8655158_P04	colorectal cancer	VEGF	ambiguous_or_low_signal	7	7	KDR,FLT1,VWF,PECAM1,PLVAP,ENG,ESAM	1518	0.26303407	0.36795789	0.71484829	0.48353096	0.8	0	36601	4992	13067116
GSE283052	GSM8655158_P04	colorectal cancer	WNT	tumor_like	7	7	AXIN2,LEF1,TCF7,DKK1,FZD5,JUN,FOS	2247	2.3689999	0.93135571	2.5436038	0.91633289	1	1	36601	4992	13067116
GSE283052	GSM8655158_P04	colorectal cancer	WNT	immune	7	7	AXIN2,LEF1,TCF7,DKK1,FZD5,JUN,FOS	31	0.16129032	1.587324	0.10161147	0.16129032	0.4	0	36601	4992	13067116
GSE283052	GSM8655158_P04	colorectal cancer	WNT	stroma_fibroblast	7	7	AXIN2,LEF1,TCF7,DKK1,FZD5,JUN,FOS	1189	0.92502703	1.7827655	0.51887197	0.66442389	0.6	0	36601	4992	13067116
GSE283052	GSM8655158_P04	colorectal cancer	WNT	endothelial	7	7	AXIN2,LEF1,TCF7,DKK1,FZD5,JUN,FOS	7	0.020408163	1.5806563	0.012911197	0.14285714	0.2	0	36601	4992	13067116
GSE283052	GSM8655158_P04	colorectal cancer	WNT	ambiguous_or_low_signal	7	7	AXIN2,LEF1,TCF7,DKK1,FZD5,JUN,FOS	1518	0.95623941	1.8503578	0.51678623	0.7602108	0.8	0	36601	4992	13067116
GSE283052	GSM8655159_P05	colorectal cancer	CCL chemokine	tumor_like	6	6	CCL2,CCL3,CCL4,CCR2,LST1,IL1B	2710	0.075522755	0.12036226	0.62746212	0.24132841	0.6	0	36601	4992	10953776
GSE283052	GSM8655159_P05	colorectal cancer	CCL chemokine	immune	6	6	CCL2,CCL3,CCL4,CCR2,LST1,IL1B	15	0	0.096309691	1.0383171e-08	0	0.4	0	36601	4992	10953776
GSE283052	GSM8655159_P05	colorectal cancer	CCL chemokine	stroma_fibroblast	6	6	CCL2,CCL3,CCL4,CCR2,LST1,IL1B	841	0.19124059	0.076728499	2.4924322	0.25564804	1	1	36601	4992	10953776
GSE283052	GSM8655159_P05	colorectal cancer	CCL chemokine	endothelial	6	6	CCL2,CCL3,CCL4,CCR2,LST1,IL1B	5	0	0.09611657	1.0404033e-08	0	0.4	0	36601	4992	10953776
GSE283052	GSM8655159_P05	colorectal cancer	CCL chemokine	ambiguous_or_low_signal	6	6	CCL2,CCL3,CCL4,CCR2,LST1,IL1B	1421	0.080107905	0.10235228	0.78266848	0.19211823	0.8	0	36601	4992	10953776
GSE283052	GSM8655159_P05	colorectal cancer	CXCL chemokine	tumor_like	7	7	CXCL9,CXCL10,CXCL11,CXCR3,CXCR4,ISG15,STAT1	2710	0.45187138	0.54200576	0.83370217	0.57638376	0.8	0	36601	4992	10953776
GSE283052	GSM8655159_P05	colorectal cancer	CXCL chemokine	immune	7	7	CXCL9,CXCL10,CXCL11,CXCR3,CXCR4,ISG15,STAT1	15	0	0.49456069	2.0219965e-09	0	0.4	0	36601	4992	10953776
GSE283052	GSM8655159_P05	colorectal cancer	CXCL chemokine	stroma_fibroblast	7	7	CXCL9,CXCL10,CXCL11,CXCR3,CXCR4,ISG15,STAT1	841	0.84864957	0.42103452	2.0156294	0.46373365	1	1	36601	4992	10953776
GSE283052	GSM8655159_P05	colorectal cancer	CXCL chemokine	endothelial	7	7	CXCL9,CXCL10,CXCL11,CXCR3,CXCR4,ISG15,STAT1	5	0	0.49356899	2.0260592e-09	0	0.4	0	36601	4992	10953776
GSE283052	GSM8655159_P05	colorectal cancer	CXCL chemokine	ambiguous_or_low_signal	7	7	CXCL9,CXCL10,CXCL11,CXCR3,CXCR4,ISG15,STAT1	1421	0.3681512	0.54278513	0.67826324	0.45742435	0.6	0	36601	4992	10953776
GSE283052	GSM8655159_P05	colorectal cancer	ECM-integrin	tumor_like	9	9	COL1A1,COL1A2,COL3A1,FN1,ITGA2,ITGAV,ITGB1,ACTA2,TAGLN	2710	3.2246412	7.7772422	0.41462528	0.93321033	0.6	0	36601	4992	10953776
GSE283052	GSM8655159_P05	colorectal cancer	ECM-integrin	immune	9	9	COL1A1,COL1A2,COL3A1,FN1,ITGA2,ITGAV,ITGB1,ACTA2,TAGLN	15	0.059259259	5.3215904	0.01113563	0.33333333	0.4	0	36601	4992	10953776
GSE283052	GSM8655159_P05	colorectal cancer	ECM-integrin	stroma_fibroblast	9	9	COL1A1,COL1A2,COL3A1,FN1,ITGA2,ITGAV,ITGB1,ACTA2,TAGLN	841	13.991412	3.5460532	3.9456296	0.98216409	1	1	36601	4992	10953776
GSE283052	GSM8655159_P05	colorectal cancer	ECM-integrin	endothelial	9	9	COL1A1,COL1A2,COL3A1,FN1,ITGA2,ITGAV,ITGB1,ACTA2,TAGLN	5	0.044444444	5.3110532	0.0083682923	0.2	0.2	0	36601	4992	10953776
GSE283052	GSM8655159_P05	colorectal cancer	ECM-integrin	ambiguous_or_low_signal	9	9	COL1A1,COL1A2,COL3A1,FN1,ITGA2,ITGAV,ITGB1,ACTA2,TAGLN	1421	4.2081476	5.7425558	0.73280048	0.89584799	0.8	0	36601	4992	10953776
GSE283052	GSM8655159_P05	colorectal cancer	EGF/ERBB	tumor_like	8	8	EGFR,EGR1,FOS,JUN,DUSP6,SPRY2,AREG,EREG	2710	0.58030443	0.29042507	1.998121	0.60405904	1	1	36601	4992	10953776
GSE283052	GSM8655159_P05	colorectal cancer	EGF/ERBB	immune	8	8	EGFR,EGR1,FOS,JUN,DUSP6,SPRY2,AREG,EREG	15	0.025	0.4490657	0.055671143	0.2	0.4	0	36601	4992	10953776
GSE283052	GSM8655159_P05	colorectal cancer	EGF/ERBB	stroma_fibroblast	8	8	EGFR,EGR1,FOS,JUN,DUSP6,SPRY2,AREG,EREG	841	0.37158145	0.46323175	0.80215022	0.4137931	0.8	0	36601	4992	10953776
GSE283052	GSM8655159_P05	colorectal cancer	EGF/ERBB	endothelial	8	8	EGFR,EGR1,FOS,JUN,DUSP6,SPRY2,AREG,EREG	5	0	0.44824043	2.2309456e-09	0	0.2	0	36601	4992	10953776
GSE283052	GSM8655159_P05	colorectal cancer	EGF/ERBB	ambiguous_or_low_signal	8	8	EGFR,EGR1,FOS,JUN,DUSP6,SPRY2,AREG,EREG	1421	0.24621745	0.52800336	0.46631797	0.46235046	0.6	0	36601	4992	10953776
GSE283052	GSM8655159_P05	colorectal cancer	MIF	tumor_like	7	7	CD74,CXCR4,CXCR2,HLA-DRA,HLA-DRB1,NFKBIA,IL1B	2710	1.0640485	1.5727432	0.67655577	0.75498155	0.8	0	36601	4992	10953776
GSE283052	GSM8655159_P05	colorectal cancer	MIF	immune	7	7	CD74,CXCR4,CXCR2,HLA-DRA,HLA-DRB1,NFKBIA,IL1B	15	0.0095238095	1.3004679	0.0073233724	0.066666667	0.2	0	36601	4992	10953776
GSE283052	GSM8655159_P05	colorectal cancer	MIF	stroma_fibroblast	7	7	CD74,CXCR4,CXCR2,HLA-DRA,HLA-DRB1,NFKBIA,IL1B	841	2.5389842	1.0448773	2.4299352	0.58263971	1	1	36601	4992	10953776
GSE283052	GSM8655159_P05	colorectal cancer	MIF	endothelial	7	7	CD74,CXCR4,CXCR2,HLA-DRA,HLA-DRB1,NFKBIA,IL1B	5	0.057142857	1.2978315	0.044029489	0.2	0.4	0	36601	4992	10953776
GSE283052	GSM8655159_P05	colorectal cancer	MIF	ambiguous_or_low_signal	7	7	CD74,CXCR4,CXCR2,HLA-DRA,HLA-DRB1,NFKBIA,IL1B	1421	1.0227204	1.4055687	0.72762039	0.65376495	0.6	0	36601	4992	10953776
GSE283052	GSM8655159_P05	colorectal cancer	NOTCH	tumor_like	7	7	HES1,HEY1,HEY2,NOTCH1,NOTCH2,DLL4,JAG1	2710	0.51238798	0.31707775	1.6159695	0.53099631	1	1	36601	4992	10953776
GSE283052	GSM8655159_P05	colorectal cancer	NOTCH	immune	7	7	HES1,HEY1,HEY2,NOTCH1,NOTCH2,DLL4,JAG1	15	0	0.42438072	2.3563747e-09	0	0.4	0	36601	4992	10953776
GSE283052	GSM8655159_P05	colorectal cancer	NOTCH	stroma_fibroblast	7	7	HES1,HEY1,HEY2,NOTCH1,NOTCH2,DLL4,JAG1	841	0.44351962	0.41896961	1.0585962	0.38287753	0.8	0	36601	4992	10953776
GSE283052	GSM8655159_P05	colorectal cancer	NOTCH	endothelial	7	7	HES1,HEY1,HEY2,NOTCH1,NOTCH2,DLL4,JAG1	5	0	0.42352975	2.3611092e-09	0	0.4	0	36601	4992	10953776
GSE283052	GSM8655159_P05	colorectal cancer	NOTCH	ambiguous_or_low_signal	7	7	HES1,HEY1,HEY2,NOTCH1,NOTCH2,DLL4,JAG1	1421	0.24670755	0.4932992	0.50011748	0.39268121	0.6	0	36601	4992	10953776
GSE283052	GSM8655159_P05	colorectal cancer	SPP1	tumor_like	6	6	SPP1,CD44,ITGAV,ITGB1,FN1,MMP9	2710	2.1814268	2.522714	0.86471428	0.84464945	0.8	0	36601	4992	10953776
GSE283052	GSM8655159_P05	colorectal cancer	SPP1	immune	6	6	SPP1,CD44,ITGAV,ITGB1,FN1,MMP9	15	0.044444444	2.3443507	0.018958105	0.2	0.2	0	36601	4992	10953776
GSE283052	GSM8655159_P05	colorectal cancer	SPP1	stroma_fibroblast	6	6	SPP1,CD44,ITGAV,ITGB1,FN1,MMP9	841	4.0097107	1.9986349	2.0062247	0.7098692	1	1	36601	4992	10953776
GSE283052	GSM8655159_P05	colorectal cancer	SPP1	endothelial	6	6	SPP1,CD44,ITGAV,ITGB1,FN1,MMP9	5	0.066666667	2.3397166	0.02849348	0.2	0.4	0	36601	4992	10953776
GSE283052	GSM8655159_P05	colorectal cancer	SPP1	ambiguous_or_low_signal	6	6	SPP1,CD44,ITGAV,ITGB1,FN1,MMP9	1421	1.6774572	2.6000653	0.64515963	0.73328642	0.6	0	36601	4992	10953776
GSE283052	GSM8655159_P05	colorectal cancer	TGFB	tumor_like	8	7	SERPINE1,SMAD7,CCN2,COL1A1,COL1A2,FN1,ACTA2	2710	2.6648919	7.0349944	0.37880513	0.89926199	0.6	0	36601	4992	10953776
GSE283052	GSM8655159_P05	colorectal cancer	TGFB	immune	8	7	SERPINE1,SMAD7,CCN2,COL1A1,COL1A2,FN1,ACTA2	15	0.047619048	4.676512	0.0101826	0.2	0.2	0	36601	4992	10953776
GSE283052	GSM8655159_P05	colorectal cancer	TGFB	stroma_fibroblast	8	7	SERPINE1,SMAD7,CCN2,COL1A1,COL1A2,FN1,ACTA2	841	12.764226	3.0211997	4.2248866	0.93579073	1	1	36601	4992	10953776
GSE283052	GSM8655159_P05	colorectal cancer	TGFB	endothelial	8	7	SERPINE1,SMAD7,CCN2,COL1A1,COL1A2,FN1,ACTA2	5	0.085714286	4.6671918	0.01836528	0.4	0.4	0	36601	4992	10953776
GSE283052	GSM8655159_P05	colorectal cancer	TGFB	ambiguous_or_low_signal	8	7	SERPINE1,SMAD7,CCN2,COL1A1,COL1A2,FN1,ACTA2	1421	3.7424349	5.0287635	0.7442058	0.86840253	0.8	0	36601	4992	10953776
GSE283052	GSM8655159_P05	colorectal cancer	VEGF	tumor_like	7	7	KDR,FLT1,VWF,PECAM1,PLVAP,ENG,ESAM	2710	0.18703216	0.41179417	0.45418846	0.45239852	0.6	0	36601	4992	10953776
GSE283052	GSM8655159_P05	colorectal cancer	VEGF	immune	7	7	KDR,FLT1,VWF,PECAM1,PLVAP,ENG,ESAM	15	0.0095238095	0.29062258	0.032770374	0.066666667	0.2	0	36601	4992	10953776
GSE283052	GSM8655159_P05	colorectal cancer	VEGF	stroma_fibroblast	7	7	KDR,FLT1,VWF,PECAM1,PLVAP,ENG,ESAM	841	0.70375403	0.20590563	3.4178474	0.39833532	1	1	36601	4992	10953776
GSE283052	GSM8655159_P05	colorectal cancer	VEGF	endothelial	7	7	KDR,FLT1,VWF,PECAM1,PLVAP,ENG,ESAM	5	0.17142857	0.28989659	0.59134387	1	0.4	0	36601	4992	10953776
GSE283052	GSM8655159_P05	colorectal cancer	VEGF	ambiguous_or_low_signal	7	7	KDR,FLT1,VWF,PECAM1,PLVAP,ENG,ESAM	1421	0.2440937	0.30795695	0.79262278	0.3757917	0.8	0	36601	4992	10953776
GSE283052	GSM8655159_P05	colorectal cancer	WNT	tumor_like	7	7	AXIN2,LEF1,TCF7,DKK1,FZD5,JUN,FOS	2710	0.56136004	0.25391261	2.2108396	0.55719557	1	1	36601	4992	10953776
GSE283052	GSM8655159_P05	colorectal cancer	WNT	immune	7	7	AXIN2,LEF1,TCF7,DKK1,FZD5,JUN,FOS	15	0.019047619	0.42202704	0.045133648	0.13333333	0.4	0	36601	4992	10953776
GSE283052	GSM8655159_P05	colorectal cancer	WNT	stroma_fibroblast	7	7	AXIN2,LEF1,TCF7,DKK1,FZD5,JUN,FOS	841	0.31221335	0.44281929	0.70505816	0.37812128	0.8	0	36601	4992	10953776
GSE283052	GSM8655159_P05	colorectal cancer	WNT	endothelial	7	7	AXIN2,LEF1,TCF7,DKK1,FZD5,JUN,FOS	5	0	0.42123808	2.3739544e-09	0	0.2	0	36601	4992	10953776
GSE283052	GSM8655159_P05	colorectal cancer	WNT	ambiguous_or_low_signal	7	7	AXIN2,LEF1,TCF7,DKK1,FZD5,JUN,FOS	1421	0.22278074	0.49961995	0.4459004	0.39127375	0.6	0	36601	4992	10953776
GSE283052	GSM8655160_P07	colorectal cancer	CCL chemokine	tumor_like	6	6	CCL2,CCL3,CCL4,CCR2,LST1,IL1B	1606	0.2107721	0.17085056	1.2336635	0.52552927	0.8	0	36601	4992	15613980
GSE283052	GSM8655160_P07	colorectal cancer	CCL chemokine	immune	6	6	CCL2,CCL3,CCL4,CCR2,LST1,IL1B	1	0	0.18373072	5.4427481e-09	0	0.4	0	36601	4992	15613980
GSE283052	GSM8655160_P07	colorectal cancer	CCL chemokine	stroma_fibroblast	6	6	CCL2,CCL3,CCL4,CCR2,LST1,IL1B	1540	0.21396104	0.17019119	1.2571804	0.44090909	1	1	36601	4992	15613980
GSE283052	GSM8655160_P07	colorectal cancer	CCL chemokine	endothelial	6	6	CCL2,CCL3,CCL4,CCR2,LST1,IL1B	0	0	0.18369391	5.4438386e-09	0	0.4	0	36601	4992	15613980
GSE283052	GSM8655160_P07	colorectal cancer	CCL chemokine	ambiguous_or_low_signal	6	6	CCL2,CCL3,CCL4,CCR2,LST1,IL1B	1845	0.13495935	0.21226565	0.635804	0.38482385	0.6	0	36601	4992	15613980
GSE283052	GSM8655160_P07	colorectal cancer	CXCL chemokine	tumor_like	7	7	CXCL9,CXCL10,CXCL11,CXCR3,CXCR4,ISG15,STAT1	1606	1.2618751	0.99485276	1.2684039	0.80946451	0.8	1	36601	4992	15613980
GSE283052	GSM8655160_P07	colorectal cancer	CXCL chemokine	immune	7	7	CXCL9,CXCL10,CXCL11,CXCR3,CXCR4,ISG15,STAT1	1	0	1.0809743	9.2509135e-10	0	0.4	0	36601	4992	15613980
GSE283052	GSM8655160_P07	colorectal cancer	CXCL chemokine	stroma_fibroblast	7	7	CXCL9,CXCL10,CXCL11,CXCR3,CXCR4,ISG15,STAT1	1540	1.2940631	0.98559841	1.312972	0.68571429	1	1	36601	4992	15613980
GSE283052	GSM8655160_P07	colorectal cancer	CXCL chemokine	endothelial	7	7	CXCL9,CXCL10,CXCL11,CXCR3,CXCR4,ISG15,STAT1	0	0	1.0807578	9.252767e-10	0	0.4	0	36601	4992	15613980
GSE283052	GSM8655160_P07	colorectal cancer	CXCL chemokine	ambiguous_or_low_signal	7	7	CXCL9,CXCL10,CXCL11,CXCR3,CXCR4,ISG15,STAT1	1845	0.7456446	1.2772255	0.58380029	0.70243902	0.6	0	36601	4992	15613980
GSE283052	GSM8655160_P07	colorectal cancer	ECM-integrin	tumor_like	9	9	COL1A1,COL1A2,COL3A1,FN1,ITGA2,ITGAV,ITGB1,ACTA2,TAGLN	1606	8.4706656	19.316532	0.43851896	0.97633873	0.6	0	36601	4992	15613980
GSE283052	GSM8655160_P07	colorectal cancer	ECM-integrin	immune	9	9	COL1A1,COL1A2,COL3A1,FN1,ITGA2,ITGAV,ITGB1,ACTA2,TAGLN	1	0	15.830428	6.3169486e-11	0	0.4	0	36601	4992	15613980
GSE283052	GSM8655160_P07	colorectal cancer	ECM-integrin	stroma_fibroblast	9	9	COL1A1,COL1A2,COL3A1,FN1,ITGA2,ITGAV,ITGB1,ACTA2,TAGLN	1540	30.466522	9.2964143	3.2772337	0.9974026	1	1	36601	4992	15613980
GSE283052	GSM8655160_P07	colorectal cancer	ECM-integrin	endothelial	9	9	COL1A1,COL1A2,COL3A1,FN1,ITGA2,ITGAV,ITGB1,ACTA2,TAGLN	0	0	15.827257	6.3182142e-11	0	0.4	0	36601	4992	15613980
GSE283052	GSM8655160_P07	colorectal cancer	ECM-integrin	ambiguous_or_low_signal	9	9	COL1A1,COL1A2,COL3A1,FN1,ITGA2,ITGAV,ITGB1,ACTA2,TAGLN	1845	10.020235	19.231755	0.5210255	0.98699187	0.8	0	36601	4992	15613980
GSE283052	GSM8655160_P07	colorectal cancer	EGF/ERBB	tumor_like	8	8	EGFR,EGR1,FOS,JUN,DUSP6,SPRY2,AREG,EREG	1606	1.3549969	0.85465889	1.5854242	0.80386052	1	1	36601	4992	15613980
GSE283052	GSM8655160_P07	colorectal cancer	EGF/ERBB	immune	8	8	EGFR,EGR1,FOS,JUN,DUSP6,SPRY2,AREG,EREG	1	0	1.0158285	9.8441814e-10	0	0.4	0	36601	4992	15613980
GSE283052	GSM8655160_P07	colorectal cancer	EGF/ERBB	stroma_fibroblast	8	8	EGFR,EGR1,FOS,JUN,DUSP6,SPRY2,AREG,EREG	1540	0.99439935	1.0250941	0.97005661	0.68376623	0.8	0	36601	4992	15613980
GSE283052	GSM8655160_P07	colorectal cancer	EGF/ERBB	endothelial	8	8	EGFR,EGR1,FOS,JUN,DUSP6,SPRY2,AREG,EREG	0	0	1.015625	9.8461538e-10	0	0.4	0	36601	4992	15613980
GSE283052	GSM8655160_P07	colorectal cancer	EGF/ERBB	ambiguous_or_low_signal	8	8	EGFR,EGR1,FOS,JUN,DUSP6,SPRY2,AREG,EREG	1845	0.73848238	1.1781061	0.62683859	0.71273713	0.6	0	36601	4992	15613980
GSE283052	GSM8655160_P07	colorectal cancer	MIF	tumor_like	7	7	CD74,CXCR4,CXCR2,HLA-DRA,HLA-DRB1,NFKBIA,IL1B	1606	1.4968867	1.5532023	0.96374227	0.87795766	0.8	0	36601	4992	15613980
GSE283052	GSM8655160_P07	colorectal cancer	MIF	immune	7	7	CD74,CXCR4,CXCR2,HLA-DRA,HLA-DRB1,NFKBIA,IL1B	1	0	1.5353923	6.5129935e-10	0	0.4	0	36601	4992	15613980
GSE283052	GSM8655160_P07	colorectal cancer	MIF	stroma_fibroblast	7	7	CD74,CXCR4,CXCR2,HLA-DRA,HLA-DRB1,NFKBIA,IL1B	1540	2.0279221	1.315221	1.5418869	0.81103896	1	1	36601	4992	15613980
GSE283052	GSM8655160_P07	colorectal cancer	MIF	endothelial	7	7	CD74,CXCR4,CXCR2,HLA-DRA,HLA-DRB1,NFKBIA,IL1B	0	0	1.5350847	6.5142985e-10	0	0.4	0	36601	4992	15613980
GSE283052	GSM8655160_P07	colorectal cancer	MIF	ambiguous_or_low_signal	7	7	CD74,CXCR4,CXCR2,HLA-DRA,HLA-DRB1,NFKBIA,IL1B	1845	1.157801	1.7562758	0.65923643	0.8303523	0.6	0	36601	4992	15613980
GSE283052	GSM8655160_P07	colorectal cancer	NOTCH	tumor_like	7	7	HES1,HEY1,HEY2,NOTCH1,NOTCH2,DLL4,JAG1	1606	0.78224515	0.47244958	1.655722	0.71855542	1	1	36601	4992	15613980
GSE283052	GSM8655160_P07	colorectal cancer	NOTCH	immune	7	7	HES1,HEY1,HEY2,NOTCH1,NOTCH2,DLL4,JAG1	1	0	0.57223001	1.747549e-09	0	0.4	0	36601	4992	15613980
GSE283052	GSM8655160_P07	colorectal cancer	NOTCH	stroma_fibroblast	7	7	HES1,HEY1,HEY2,NOTCH1,NOTCH2,DLL4,JAG1	1540	0.53404453	0.58909949	0.90654387	0.60194805	0.8	0	36601	4992	15613980
GSE283052	GSM8655160_P07	colorectal cancer	NOTCH	endothelial	7	7	HES1,HEY1,HEY2,NOTCH1,NOTCH2,DLL4,JAG1	0	0	0.57211538	1.7478992e-09	0	0.4	0	36601	4992	15613980
GSE283052	GSM8655160_P07	colorectal cancer	NOTCH	ambiguous_or_low_signal	7	7	HES1,HEY1,HEY2,NOTCH1,NOTCH2,DLL4,JAG1	1845	0.42129307	0.66053838	0.63780256	0.58265583	0.6	0	36601	4992	15613980
GSE283052	GSM8655160_P07	colorectal cancer	SPP1	tumor_like	6	6	SPP1,CD44,ITGAV,ITGB1,FN1,MMP9	1606	4.4430262	4.8603564	0.91413588	0.92777086	0.8	0	36601	4992	15613980
GSE283052	GSM8655160_P07	colorectal cancer	SPP1	immune	6	6	SPP1,CD44,ITGAV,ITGB1,FN1,MMP9	1	0	4.727042	2.1154879e-10	0	0.4	0	36601	4992	15613980
GSE283052	GSM8655160_P07	colorectal cancer	SPP1	stroma_fibroblast	6	6	SPP1,CD44,ITGAV,ITGB1,FN1,MMP9	1540	6.5042208	3.9328409	1.6538225	0.88766234	1	1	36601	4992	15613980
GSE283052	GSM8655160_P07	colorectal cancer	SPP1	endothelial	6	6	SPP1,CD44,ITGAV,ITGB1,FN1,MMP9	0	0	4.7260951	2.1159117e-10	0	0.4	0	36601	4992	15613980
GSE283052	GSM8655160_P07	colorectal cancer	SPP1	ambiguous_or_low_signal	6	6	SPP1,CD44,ITGAV,ITGB1,FN1,MMP9	1845	3.4908762	5.4502701	0.64049601	0.9100271	0.6	0	36601	4992	15613980
GSE283052	GSM8655160_P07	colorectal cancer	TGFB	tumor_like	8	7	SERPINE1,SMAD7,CCN2,COL1A1,COL1A2,FN1,ACTA2	1606	7.2262943	17.134461	0.42174038	0.97011208	0.6	0	36601	4992	15613980
GSE283052	GSM8655160_P07	colorectal cancer	TGFB	immune	8	7	SERPINE1,SMAD7,CCN2,COL1A1,COL1A2,FN1,ACTA2	1	0	13.949652	7.1686375e-11	0	0.4	0	36601	4992	15613980
GSE283052	GSM8655160_P07	colorectal cancer	TGFB	stroma_fibroblast	8	7	SERPINE1,SMAD7,CCN2,COL1A1,COL1A2,FN1,ACTA2	1540	26.829963	8.1994703	3.2721581	0.99090909	1	1	36601	4992	15613980
GSE283052	GSM8655160_P07	colorectal cancer	TGFB	endothelial	8	7	SERPINE1,SMAD7,CCN2,COL1A1,COL1A2,FN1,ACTA2	0	0	13.946858	7.1700738e-11	0	0.4	0	36601	4992	15613980
GSE283052	GSM8655160_P07	colorectal cancer	TGFB	ambiguous_or_low_signal	8	7	SERPINE1,SMAD7,CCN2,COL1A1,COL1A2,FN1,ACTA2	1845	9.0510259	16.81715	0.53820213	0.98211382	0.8	0	36601	4992	15613980
GSE283052	GSM8655160_P07	colorectal cancer	VEGF	tumor_like	7	7	KDR,FLT1,VWF,PECAM1,PLVAP,ENG,ESAM	1606	0.62755737	0.67306556	0.93238669	0.7117061	0.8	0	36601	4992	15613980
GSE283052	GSM8655160_P07	colorectal cancer	VEGF	immune	7	7	KDR,FLT1,VWF,PECAM1,PLVAP,ENG,ESAM	1	0	0.65855683	1.5184718e-09	0	0.4	0	36601	4992	15613980
GSE283052	GSM8655160_P07	colorectal cancer	VEGF	stroma_fibroblast	7	7	KDR,FLT1,VWF,PECAM1,PLVAP,ENG,ESAM	1540	0.90343228	0.54912266	1.6452286	0.62207792	1	1	36601	4992	15613980
GSE283052	GSM8655160_P07	colorectal cancer	VEGF	endothelial	7	7	KDR,FLT1,VWF,PECAM1,PLVAP,ENG,ESAM	0	0	0.65842491	1.5187761e-09	0	0.4	0	36601	4992	15613980
GSE283052	GSM8655160_P07	colorectal cancer	VEGF	ambiguous_or_low_signal	7	7	KDR,FLT1,VWF,PECAM1,PLVAP,ENG,ESAM	1845	0.48114595	0.76235871	0.63112804	0.56910569	0.6	0	36601	4992	15613980
GSE283052	GSM8655160_P07	colorectal cancer	WNT	tumor_like	7	7	AXIN2,LEF1,TCF7,DKK1,FZD5,JUN,FOS	1606	1.2126846	0.73719517	1.644998	0.76712329	1	1	36601	4992	15613980
GSE283052	GSM8655160_P07	colorectal cancer	WNT	immune	7	7	AXIN2,LEF1,TCF7,DKK1,FZD5,JUN,FOS	1	0	0.89034548	1.1231595e-09	0	0.4	0	36601	4992	15613980
GSE283052	GSM8655160_P07	colorectal cancer	WNT	stroma_fibroblast	7	7	AXIN2,LEF1,TCF7,DKK1,FZD5,JUN,FOS	1540	0.83330241	0.91553551	0.91018033	0.6461039	0.8	0	36601	4992	15613980
GSE283052	GSM8655160_P07	colorectal cancer	WNT	endothelial	7	7	AXIN2,LEF1,TCF7,DKK1,FZD5,JUN,FOS	0	0	0.89016712	1.1233846e-09	0	0.4	0	36601	4992	15613980
GSE283052	GSM8655160_P07	colorectal cancer	WNT	ambiguous_or_low_signal	7	7	AXIN2,LEF1,TCF7,DKK1,FZD5,JUN,FOS	1845	0.65737515	1.0266467	0.64031292	0.66178862	0.6	0	36601	4992	15613980
GSE283052	GSM8655161_P09	colorectal cancer	CCL chemokine	tumor_like	6	6	CCL2,CCL3,CCL4,CCR2,LST1,IL1B	3135	0.016321106	0.019834859	0.82284961	0.083253589	0.8	0	36601	4992	11925923
GSE283052	GSM8655161_P09	colorectal cancer	CCL chemokine	immune	6	6	CCL2,CCL3,CCL4,CCR2,LST1,IL1B	65	0.0025641026	0.01782694	0.14383307	0.015384615	0.4	0	36601	4992	11925923
GSE283052	GSM8655161_P09	colorectal cancer	CCL chemokine	stroma_fibroblast	6	6	CCL2,CCL3,CCL4,CCR2,LST1,IL1B	539	0.035250464	0.015495172	2.274932	0.14656772	1	1	36601	4992	11925923
GSE283052	GSM8655161_P09	colorectal cancer	CCL chemokine	endothelial	6	6	CCL2,CCL3,CCL4,CCR2,LST1,IL1B	4	0	0.017642342	5.6681815e-08	0	0.2	0	36601	4992	11925923
GSE283052	GSM8655161_P09	colorectal cancer	CCL chemokine	ambiguous_or_low_signal	6	6	CCL2,CCL3,CCL4,CCR2,LST1,IL1B	1249	0.014144649	0.018790631	0.75275008	0.070456365	0.6	0	36601	4992	11925923
GSE283052	GSM8655161_P09	colorectal cancer	CXCL chemokine	tumor_like	7	7	CXCL9,CXCL10,CXCL11,CXCR3,CXCR4,ISG15,STAT1	3135	0.23759398	0.14370336	1.6533641	0.62264753	1	1	36601	4992	11925923
GSE283052	GSM8655161_P09	colorectal cancer	CXCL chemokine	immune	7	7	CXCL9,CXCL10,CXCL11,CXCR3,CXCR4,ISG15,STAT1	65	0.057142857	0.20458697	0.27930839	0.12307692	0.4	0	36601	4992	11925923
GSE283052	GSM8655161_P09	colorectal cancer	CXCL chemokine	stroma_fibroblast	7	7	CXCL9,CXCL10,CXCL11,CXCR3,CXCR4,ISG15,STAT1	539	0.22289955	0.20021815	1.1132834	0.39332096	0.8	0	36601	4992	11925923
GSE283052	GSM8655161_P09	colorectal cancer	CXCL chemokine	endothelial	7	7	CXCL9,CXCL10,CXCL11,CXCR3,CXCR4,ISG15,STAT1	4	0	0.20282965	4.9302457e-09	0	0.2	0	36601	4992	11925923
GSE283052	GSM8655161_P09	colorectal cancer	CXCL chemokine	ambiguous_or_low_signal	7	7	CXCL9,CXCL10,CXCL11,CXCR3,CXCR4,ISG15,STAT1	1249	0.11449159	0.23209038	0.49330608	0.34107286	0.6	0	36601	4992	11925923
GSE283052	GSM8655161_P09	colorectal cancer	ECM-integrin	tumor_like	9	9	COL1A1,COL1A2,COL3A1,FN1,ITGA2,ITGAV,ITGB1,ACTA2,TAGLN	3135	2.0855219	4.34171	0.48034573	0.93429027	0.6	0	36601	4992	11925923
GSE283052	GSM8655161_P09	colorectal cancer	ECM-integrin	immune	9	9	COL1A1,COL1A2,COL3A1,FN1,ITGA2,ITGAV,ITGB1,ACTA2,TAGLN	65	0.1042735	2.9620233	0.035203472	0.33846154	0.4	0	36601	4992	11925923
GSE283052	GSM8655161_P09	colorectal cancer	ECM-integrin	stroma_fibroblast	9	9	COL1A1,COL1A2,COL3A1,FN1,ITGA2,ITGAV,ITGB1,ACTA2,TAGLN	539	9.7540713	2.098186	4.6488116	0.9554731	1	1	36601	4992	11925923
GSE283052	GSM8655161_P09	colorectal cancer	ECM-integrin	endothelial	9	9	COL1A1,COL1A2,COL3A1,FN1,ITGA2,ITGAV,ITGB1,ACTA2,TAGLN	4	0.027777778	2.9271362	0.0094897458	0.25	0.2	0	36601	4992	11925923
GSE283052	GSM8655161_P09	colorectal cancer	ECM-integrin	ambiguous_or_low_signal	9	9	COL1A1,COL1A2,COL3A1,FN1,ITGA2,ITGAV,ITGB1,ACTA2,TAGLN	1249	2.2403701	3.1532045	0.7105058	0.69575661	0.8	0	36601	4992	11925923
GSE283052	GSM8655161_P09	colorectal cancer	EGF/ERBB	tumor_like	8	8	EGFR,EGR1,FOS,JUN,DUSP6,SPRY2,AREG,EREG	3135	1.0347687	0.35749865	2.8944689	0.83189793	1	1	36601	4992	11925923
GSE283052	GSM8655161_P09	colorectal cancer	EGF/ERBB	immune	8	8	EGFR,EGR1,FOS,JUN,DUSP6,SPRY2,AREG,EREG	65	0.026923077	0.79279988	0.033959488	0.18461538	0.2	0	36601	4992	11925923
GSE283052	GSM8655161_P09	colorectal cancer	EGF/ERBB	stroma_fibroblast	8	8	EGFR,EGR1,FOS,JUN,DUSP6,SPRY2,AREG,EREG	539	0.46938776	0.8207669	0.57188924	0.57884972	0.8	0	36601	4992	11925923
GSE283052	GSM8655161_P09	colorectal cancer	EGF/ERBB	endothelial	8	8	EGFR,EGR1,FOS,JUN,DUSP6,SPRY2,AREG,EREG	4	0.03125	0.78343023	0.039888684	0.25	0.4	0	36601	4992	11925923
GSE283052	GSM8655161_P09	colorectal cancer	EGF/ERBB	ambiguous_or_low_signal	8	8	EGFR,EGR1,FOS,JUN,DUSP6,SPRY2,AREG,EREG	1249	0.32746197	0.93477825	0.35030979	0.5236189	0.6	0	36601	4992	11925923
GSE283052	GSM8655161_P09	colorectal cancer	MIF	tumor_like	7	7	CD74,CXCR4,CXCR2,HLA-DRA,HLA-DRB1,NFKBIA,IL1B	3135	0.41740715	0.63520271	0.65712433	0.75023923	0.6	0	36601	4992	11925923
GSE283052	GSM8655161_P09	colorectal cancer	MIF	immune	7	7	CD74,CXCR4,CXCR2,HLA-DRA,HLA-DRB1,NFKBIA,IL1B	65	1.1208791	0.49021427	2.2865085	0.16923077	0.8	1	36601	4992	11925923
GSE283052	GSM8655161_P09	colorectal cancer	MIF	stroma_fibroblast	7	7	CD74,CXCR4,CXCR2,HLA-DRA,HLA-DRB1,NFKBIA,IL1B	539	1.2048768	0.41291585	2.9179717	0.56586271	1	1	36601	4992	11925923
GSE283052	GSM8655161_P09	colorectal cancer	MIF	endothelial	7	7	CD74,CXCR4,CXCR2,HLA-DRA,HLA-DRB1,NFKBIA,IL1B	4	0	0.49882575	2.004708e-09	0	0.2	0	36601	4992	11925923
GSE283052	GSM8655161_P09	colorectal cancer	MIF	ambiguous_or_low_signal	7	7	CD74,CXCR4,CXCR2,HLA-DRA,HLA-DRB1,NFKBIA,IL1B	1249	0.36612147	0.54257471	0.67478536	0.52041633	0.4	0	36601	4992	11925923
GSE283052	GSM8655161_P09	colorectal cancer	NOTCH	tumor_like	7	7	HES1,HEY1,HEY2,NOTCH1,NOTCH2,DLL4,JAG1	3135	0.69542037	0.3138703	2.2156297	0.77448166	1	1	36601	4992	11925923
GSE283052	GSM8655161_P09	colorectal cancer	NOTCH	immune	7	7	HES1,HEY1,HEY2,NOTCH1,NOTCH2,DLL4,JAG1	65	0.026373626	0.56043956	0.047058825	0.13846154	0.4	0	36601	4992	11925923
GSE283052	GSM8655161_P09	colorectal cancer	NOTCH	stroma_fibroblast	7	7	HES1,HEY1,HEY2,NOTCH1,NOTCH2,DLL4,JAG1	539	0.48873575	0.56132302	0.87068539	0.52690167	0.8	0	36601	4992	11925923
GSE283052	GSM8655161_P09	colorectal cancer	NOTCH	endothelial	7	7	HES1,HEY1,HEY2,NOTCH1,NOTCH2,DLL4,JAG1	4	0	0.55392943	1.8052841e-09	0	0.2	0	36601	4992	11925923
GSE283052	GSM8655161_P09	colorectal cancer	NOTCH	ambiguous_or_low_signal	7	7	HES1,HEY1,HEY2,NOTCH1,NOTCH2,DLL4,JAG1	1249	0.25437493	0.65329568	0.38937182	0.46196958	0.6	0	36601	4992	11925923
GSE283052	GSM8655161_P09	colorectal cancer	SPP1	tumor_like	6	6	SPP1,CD44,ITGAV,ITGB1,FN1,MMP9	3135	1.786656	1.5044875	1.1875512	0.89314195	0.8	0	36601	4992	11925923
GSE283052	GSM8655161_P09	colorectal cancer	SPP1	immune	6	6	SPP1,CD44,ITGAV,ITGB1,FN1,MMP9	65	0.11025641	1.702422	0.064764441	0.32307692	0.4	0	36601	4992	11925923
GSE283052	GSM8655161_P09	colorectal cancer	SPP1	stroma_fibroblast	6	6	SPP1,CD44,ITGAV,ITGB1,FN1,MMP9	539	2.9381571	1.5296055	1.9208594	0.66419295	1	1	36601	4992	11925923
GSE283052	GSM8655161_P09	colorectal cancer	SPP1	endothelial	6	6	SPP1,CD44,ITGAV,ITGB1,FN1,MMP9	4	0.041666667	1.6830059	0.024757292	0.25	0.2	0	36601	4992	11925923
GSE283052	GSM8655161_P09	colorectal cancer	SPP1	ambiguous_or_low_signal	6	6	SPP1,CD44,ITGAV,ITGB1,FN1,MMP9	1249	0.9630371	1.9214979	0.50119081	0.63490793	0.6	0	36601	4992	11925923
GSE283052	GSM8655161_P09	colorectal cancer	TGFB	tumor_like	8	7	SERPINE1,SMAD7,CCN2,COL1A1,COL1A2,FN1,ACTA2	3135	1.6102985	3.807139	0.42296813	0.91323764	0.6	0	36601	4992	11925923
GSE283052	GSM8655161_P09	colorectal cancer	TGFB	immune	8	7	SERPINE1,SMAD7,CCN2,COL1A1,COL1A2,FN1,ACTA2	65	0.096703297	2.4582621	0.039338075	0.27692308	0.4	0	36601	4992	11925923
GSE283052	GSM8655161_P09	colorectal cancer	TGFB	stroma_fibroblast	8	7	SERPINE1,SMAD7,CCN2,COL1A1,COL1A2,FN1,ACTA2	539	8.6946727	1.668923	5.2097505	0.88682746	1	1	36601	4992	11925923
GSE283052	GSM8655161_P09	colorectal cancer	TGFB	endothelial	8	7	SERPINE1,SMAD7,CCN2,COL1A1,COL1A2,FN1,ACTA2	4	0	2.4294593	4.1161423e-10	0	0.2	0	36601	4992	11925923
GSE283052	GSM8655161_P09	colorectal cancer	TGFB	ambiguous_or_low_signal	8	7	SERPINE1,SMAD7,CCN2,COL1A1,COL1A2,FN1,ACTA2	1249	1.9032369	2.6024579	0.73132282	0.67734187	0.8	0	36601	4992	11925923
GSE283052	GSM8655161_P09	colorectal cancer	VEGF	tumor_like	7	7	KDR,FLT1,VWF,PECAM1,PLVAP,ENG,ESAM	3135	0.074322169	0.1525502	0.48719813	0.32822967	0.4	0	36601	4992	11925923
GSE283052	GSM8655161_P09	colorectal cancer	VEGF	immune	7	7	KDR,FLT1,VWF,PECAM1,PLVAP,ENG,ESAM	65	0.0087912088	0.10467105	0.083988928	0.046153846	0.2	0	36601	4992	11925923
GSE283052	GSM8655161_P09	colorectal cancer	VEGF	stroma_fibroblast	7	7	KDR,FLT1,VWF,PECAM1,PLVAP,ENG,ESAM	539	0.34349324	0.074363992	4.6190801	0.38961039	1	1	36601	4992	11925923
GSE283052	GSM8655161_P09	colorectal cancer	VEGF	endothelial	7	7	KDR,FLT1,VWF,PECAM1,PLVAP,ENG,ESAM	4	0.14285714	0.103391	1.3817174	0.75	0.8	1	36601	4992	11925923
GSE283052	GSM8655161_P09	colorectal cancer	VEGF	ambiguous_or_low_signal	7	7	KDR,FLT1,VWF,PECAM1,PLVAP,ENG,ESAM	1249	0.07766213	0.11201863	0.69329658	0.25380304	0.6	0	36601	4992	11925923
GSE283052	GSM8655161_P09	colorectal cancer	WNT	tumor_like	7	7	AXIN2,LEF1,TCF7,DKK1,FZD5,JUN,FOS	3135	1.2082935	0.43949535	2.7492748	0.85167464	1	1	36601	4992	11925923
GSE283052	GSM8655161_P09	colorectal cancer	WNT	immune	7	7	AXIN2,LEF1,TCF7,DKK1,FZD5,JUN,FOS	65	0.024175824	0.93415292	0.025879944	0.15384615	0.2	0	36601	4992	11925923
GSE283052	GSM8655161_P09	colorectal cancer	WNT	stroma_fibroblast	7	7	AXIN2,LEF1,TCF7,DKK1,FZD5,JUN,FOS	539	0.58282534	0.96339546	0.60496998	0.56586271	0.8	0	36601	4992	11925923
GSE283052	GSM8655161_P09	colorectal cancer	WNT	endothelial	7	7	AXIN2,LEF1,TCF7,DKK1,FZD5,JUN,FOS	4	0.071428571	0.9229866	0.077388526	0.25	0.4	0	36601	4992	11925923
GSE283052	GSM8655161_P09	colorectal cancer	WNT	ambiguous_or_low_signal	7	7	AXIN2,LEF1,TCF7,DKK1,FZD5,JUN,FOS	1249	0.40043463	1.0964467	0.36521122	0.53642914	0.6	0	36601	4992	11925923
GSE283052	GSM8655162_P10	colorectal cancer	CCL chemokine	tumor_like	6	6	CCL2,CCL3,CCL4,CCR2,LST1,IL1B	4845	0.020605435	0.13718821	0.1501983	0.10980392	0.6	0	36601	4992	13467851
GSE283052	GSM8655162_P10	colorectal cancer	CCL chemokine	immune	6	6	CCL2,CCL3,CCL4,CCR2,LST1,IL1B	0	0	0.024038462	4.1599998e-08	0	0.4	0	36601	4992	13467851
GSE283052	GSM8655162_P10	colorectal cancer	CCL chemokine	stroma_fibroblast	6	6	CCL2,CCL3,CCL4,CCR2,LST1,IL1B	29	0.20689655	0.022969978	9.0072592	0.55172414	1	1	36601	4992	13467851
GSE283052	GSM8655162_P10	colorectal cancer	CCL chemokine	endothelial	6	6	CCL2,CCL3,CCL4,CCR2,LST1,IL1B	0	0	0.024038462	4.1599998e-08	0	0.4	0	36601	4992	13467851
GSE283052	GSM8655162_P10	colorectal cancer	CCL chemokine	ambiguous_or_low_signal	6	6	CCL2,CCL3,CCL4,CCR2,LST1,IL1B	118	0.1200565	0.021713856	5.5290269	0.31355932	0.8	1	36601	4992	13467851
GSE283052	GSM8655162_P10	colorectal cancer	CXCL chemokine	tumor_like	7	7	CXCL9,CXCL10,CXCL11,CXCR3,CXCR4,ISG15,STAT1	4845	0.56225859	0.60349854	0.9316652	0.83013416	0.8	0	36601	4992	13467851
GSE283052	GSM8655162_P10	colorectal cancer	CXCL chemokine	immune	7	7	CXCL9,CXCL10,CXCL11,CXCR3,CXCR4,ISG15,STAT1	0	0	0.56347299	1.774708e-09	0	0.4	0	36601	4992	13467851
GSE283052	GSM8655162_P10	colorectal cancer	CXCL chemokine	stroma_fibroblast	7	7	CXCL9,CXCL10,CXCL11,CXCR3,CXCR4,ISG15,STAT1	29	1.1231527	0.56020264	2.0049043	0.75862069	1	1	36601	4992	13467851
GSE283052	GSM8655162_P10	colorectal cancer	CXCL chemokine	endothelial	7	7	CXCL9,CXCL10,CXCL11,CXCR3,CXCR4,ISG15,STAT1	0	0	0.56347299	1.774708e-09	0	0.4	0	36601	4992	13467851
GSE283052	GSM8655162_P10	colorectal cancer	CXCL chemokine	ambiguous_or_low_signal	7	7	CXCL9,CXCL10,CXCL11,CXCR3,CXCR4,ISG15,STAT1	118	0.47578692	0.56559587	0.84121357	0.69491525	0.6	0	36601	4992	13467851
GSE283052	GSM8655162_P10	colorectal cancer	ECM-integrin	tumor_like	9	9	COL1A1,COL1A2,COL3A1,FN1,ITGA2,ITGAV,ITGB1,ACTA2,TAGLN	4845	0.90716661	5.4232804	0.16727267	0.96078431	0.6	0	36601	4992	13467851
GSE283052	GSM8655162_P10	colorectal cancer	ECM-integrin	immune	9	9	COL1A1,COL1A2,COL3A1,FN1,ITGA2,ITGAV,ITGB1,ACTA2,TAGLN	0	0	1.0401531	9.613969e-10	0	0.4	0	36601	4992	13467851
GSE283052	GSM8655162_P10	colorectal cancer	ECM-integrin	stroma_fibroblast	9	9	COL1A1,COL1A2,COL3A1,FN1,ITGA2,ITGAV,ITGB1,ACTA2,TAGLN	29	10.137931	0.98699263	10.271537	1	1	1	36601	4992	13467851
GSE283052	GSM8655162_P10	colorectal cancer	ECM-integrin	endothelial	9	9	COL1A1,COL1A2,COL3A1,FN1,ITGA2,ITGAV,ITGB1,ACTA2,TAGLN	0	0	1.0401531	9.613969e-10	0	0.4	0	36601	4992	13467851
GSE283052	GSM8655162_P10	colorectal cancer	ECM-integrin	ambiguous_or_low_signal	9	9	COL1A1,COL1A2,COL3A1,FN1,ITGA2,ITGAV,ITGB1,ACTA2,TAGLN	118	4.2645951	0.96208909	4.4326405	0.99152542	0.8	1	36601	4992	13467851
GSE283052	GSM8655162_P10	colorectal cancer	EGF/ERBB	tumor_like	8	8	EGFR,EGR1,FOS,JUN,DUSP6,SPRY2,AREG,EREG	4845	0.67608359	0.58163265	1.1623893	0.87327141	0.8	0	36601	4992	13467851
GSE283052	GSM8655162_P10	colorectal cancer	EGF/ERBB	immune	8	8	EGFR,EGR1,FOS,JUN,DUSP6,SPRY2,AREG,EREG	0	0	0.67330228	1.485217e-09	0	0.4	0	36601	4992	13467851
GSE283052	GSM8655162_P10	colorectal cancer	EGF/ERBB	stroma_fibroblast	8	8	EGFR,EGR1,FOS,JUN,DUSP6,SPRY2,AREG,EREG	29	0.69396552	0.67318154	1.0308742	1	1	0	36601	4992	13467851
GSE283052	GSM8655162_P10	colorectal cancer	EGF/ERBB	endothelial	8	8	EGFR,EGR1,FOS,JUN,DUSP6,SPRY2,AREG,EREG	0	0	0.67330228	1.485217e-09	0	0.4	0	36601	4992	13467851
GSE283052	GSM8655162_P10	colorectal cancer	EGF/ERBB	ambiguous_or_low_signal	8	8	EGFR,EGR1,FOS,JUN,DUSP6,SPRY2,AREG,EREG	118	0.55402542	0.67618999	0.81933397	0.83898305	0.6	0	36601	4992	13467851
GSE283052	GSM8655162_P10	colorectal cancer	MIF	tumor_like	7	7	CD74,CXCR4,CXCR2,HLA-DRA,HLA-DRB1,NFKBIA,IL1B	4845	0.18434321	0.48202138	0.38243783	0.55995872	0.6	0	36601	4992	13467851
GSE283052	GSM8655162_P10	colorectal cancer	MIF	immune	7	7	CD74,CXCR4,CXCR2,HLA-DRA,HLA-DRB1,NFKBIA,IL1B	0	0	0.19310897	5.1784232e-09	0	0.4	0	36601	4992	13467851
GSE283052	GSM8655162_P10	colorectal cancer	MIF	stroma_fibroblast	7	7	CD74,CXCR4,CXCR2,HLA-DRA,HLA-DRB1,NFKBIA,IL1B	29	0.82758621	0.18940157	4.3694791	0.79310345	1	1	36601	4992	13467851
GSE283052	GSM8655162_P10	colorectal cancer	MIF	endothelial	7	7	CD74,CXCR4,CXCR2,HLA-DRA,HLA-DRB1,NFKBIA,IL1B	0	0	0.19310897	5.1784232e-09	0	0.4	0	36601	4992	13467851
GSE283052	GSM8655162_P10	colorectal cancer	MIF	ambiguous_or_low_signal	7	7	CD74,CXCR4,CXCR2,HLA-DRA,HLA-DRB1,NFKBIA,IL1B	118	0.39709443	0.18817047	2.1102909	0.66101695	0.8	1	36601	4992	13467851
GSE283052	GSM8655162_P10	colorectal cancer	NOTCH	tumor_like	7	7	HES1,HEY1,HEY2,NOTCH1,NOTCH2,DLL4,JAG1	4845	0.38039216	0.37512148	1.0140506	0.7246646	1	0	36601	4992	13467851
GSE283052	GSM8655162_P10	colorectal cancer	NOTCH	immune	7	7	HES1,HEY1,HEY2,NOTCH1,NOTCH2,DLL4,JAG1	0	0	0.38023695	2.629939e-09	0	0.4	0	36601	4992	13467851
GSE283052	GSM8655162_P10	colorectal cancer	NOTCH	stroma_fibroblast	7	7	HES1,HEY1,HEY2,NOTCH1,NOTCH2,DLL4,JAG1	29	0.37931034	0.38024236	0.99754888	0.79310345	0.8	0	36601	4992	13467851
GSE283052	GSM8655162_P10	colorectal cancer	NOTCH	endothelial	7	7	HES1,HEY1,HEY2,NOTCH1,NOTCH2,DLL4,JAG1	0	0	0.38023695	2.629939e-09	0	0.4	0	36601	4992	13467851
GSE283052	GSM8655162_P10	colorectal cancer	NOTCH	ambiguous_or_low_signal	7	7	HES1,HEY1,HEY2,NOTCH1,NOTCH2,DLL4,JAG1	118	0.37409201	0.38038572	0.9834544	0.69491525	0.6	0	36601	4992	13467851
GSE283052	GSM8655162_P10	colorectal cancer	SPP1	tumor_like	6	6	SPP1,CD44,ITGAV,ITGB1,FN1,MMP9	4845	0.93267974	1.1621315	0.80255954	0.88648091	0.6	0	36601	4992	13467851
GSE283052	GSM8655162_P10	colorectal cancer	SPP1	immune	6	6	SPP1,CD44,ITGAV,ITGB1,FN1,MMP9	0	0	0.93943643	1.064468e-09	0	0.4	0	36601	4992	13467851
GSE283052	GSM8655162_P10	colorectal cancer	SPP1	stroma_fibroblast	6	6	SPP1,CD44,ITGAV,ITGB1,FN1,MMP9	29	1.5574713	0.93582511	1.664276	0.93103448	1	1	36601	4992	13467851
GSE283052	GSM8655162_P10	colorectal cancer	SPP1	endothelial	6	6	SPP1,CD44,ITGAV,ITGB1,FN1,MMP9	0	0	0.93943643	1.064468e-09	0	0.4	0	36601	4992	13467851
GSE283052	GSM8655162_P10	colorectal cancer	SPP1	ambiguous_or_low_signal	6	6	SPP1,CD44,ITGAV,ITGB1,FN1,MMP9	118	1.0649718	0.93639721	1.1373077	0.80508475	0.8	0	36601	4992	13467851
GSE283052	GSM8655162_P10	colorectal cancer	TGFB	tumor_like	8	7	SERPINE1,SMAD7,CCN2,COL1A1,COL1A2,FN1,ACTA2	4845	0.55745245	4.829932	0.11541621	0.88503612	0.6	0	36601	4992	13467851
GSE283052	GSM8655162_P10	colorectal cancer	TGFB	immune	8	7	SERPINE1,SMAD7,CCN2,COL1A1,COL1A2,FN1,ACTA2	0	0	0.68326465	1.4635617e-09	0	0.4	0	36601	4992	13467851
GSE283052	GSM8655162_P10	colorectal cancer	TGFB	stroma_fibroblast	8	7	SERPINE1,SMAD7,CCN2,COL1A1,COL1A2,FN1,ACTA2	29	9.1182266	0.63397715	14.382579	1	1	1	36601	4992	13467851
GSE283052	GSM8655162_P10	colorectal cancer	TGFB	endothelial	8	7	SERPINE1,SMAD7,CCN2,COL1A1,COL1A2,FN1,ACTA2	0	0	0.68326465	1.4635617e-09	0	0.4	0	36601	4992	13467851
GSE283052	GSM8655162_P10	colorectal cancer	TGFB	ambiguous_or_low_signal	8	7	SERPINE1,SMAD7,CCN2,COL1A1,COL1A2,FN1,ACTA2	118	3.7760291	0.60838853	6.2066079	0.99152542	0.8	1	36601	4992	13467851
GSE283052	GSM8655162_P10	colorectal cancer	VEGF	tumor_like	7	7	KDR,FLT1,VWF,PECAM1,PLVAP,ENG,ESAM	4845	0.083945157	0.5393586	0.15563886	0.3628483	0.6	0	36601	4992	13467851
GSE283052	GSM8655162_P10	colorectal cancer	VEGF	immune	7	7	KDR,FLT1,VWF,PECAM1,PLVAP,ENG,ESAM	0	0	0.097355769	1.0271605e-08	0	0.4	0	36601	4992	13467851
GSE283052	GSM8655162_P10	colorectal cancer	VEGF	stroma_fibroblast	7	7	KDR,FLT1,VWF,PECAM1,PLVAP,ENG,ESAM	29	0.99014778	0.092138971	10.746243	0.68965517	1	1	36601	4992	13467851
GSE283052	GSM8655162_P10	colorectal cancer	VEGF	endothelial	7	7	KDR,FLT1,VWF,PECAM1,PLVAP,ENG,ESAM	0	0	0.097355769	1.0271605e-08	0	0.4	0	36601	4992	13467851
GSE283052	GSM8655162_P10	colorectal cancer	VEGF	ambiguous_or_low_signal	7	7	KDR,FLT1,VWF,PECAM1,PLVAP,ENG,ESAM	118	0.42857143	0.089337007	4.7972441	0.56779661	0.8	1	36601	4992	13467851
GSE283052	GSM8655162_P10	colorectal cancer	WNT	tumor_like	7	7	AXIN2,LEF1,TCF7,DKK1,FZD5,JUN,FOS	4845	0.59224532	0.5335277	1.1100554	0.83632611	0.8	0	36601	4992	13467851
GSE283052	GSM8655162_P10	colorectal cancer	WNT	immune	7	7	AXIN2,LEF1,TCF7,DKK1,FZD5,JUN,FOS	0	0	0.59051625	1.6934335e-09	0	0.4	0	36601	4992	13467851
GSE283052	GSM8655162_P10	colorectal cancer	WNT	stroma_fibroblast	7	7	AXIN2,LEF1,TCF7,DKK1,FZD5,JUN,FOS	29	0.69950739	0.58987939	1.1858482	0.86206897	1	0	36601	4992	13467851
GSE283052	GSM8655162_P10	colorectal cancer	WNT	endothelial	7	7	AXIN2,LEF1,TCF7,DKK1,FZD5,JUN,FOS	0	0	0.59051625	1.6934335e-09	0	0.4	0	36601	4992	13467851
GSE283052	GSM8655162_P10	colorectal cancer	WNT	ambiguous_or_low_signal	7	7	AXIN2,LEF1,TCF7,DKK1,FZD5,JUN,FOS	118	0.49273608	0.59288352	0.83108412	0.73728814	0.6	0	36601	4992	13467851
GSE283052	GSM8655163_P11	colorectal cancer	CCL chemokine	tumor_like	6	6	CCL2,CCL3,CCL4,CCR2,LST1,IL1B	3481	0.053863832	0.1732848	0.31083992	0.21918989	0.4	0	36601	4992	9579880
GSE283052	GSM8655163_P11	colorectal cancer	CCL chemokine	immune	6	6	CCL2,CCL3,CCL4,CCR2,LST1,IL1B	29	0.074712644	0.090100074	0.82921845	0.17241379	0.6	0	36601	4992	9579880
GSE283052	GSM8655163_P11	colorectal cancer	CCL chemokine	stroma_fibroblast	6	6	CCL2,CCL3,CCL4,CCR2,LST1,IL1B	483	0.26846101	0.070895247	3.7867279	0.53623188	1	1	36601	4992	9579880
GSE283052	GSM8655163_P11	colorectal cancer	CCL chemokine	endothelial	6	6	CCL2,CCL3,CCL4,CCR2,LST1,IL1B	1	0	0.090028718	1.1107567e-08	0	0.2	0	36601	4992	9579880
GSE283052	GSM8655163_P11	colorectal cancer	CCL chemokine	ambiguous_or_low_signal	6	6	CCL2,CCL3,CCL4,CCR2,LST1,IL1B	998	0.13026052	0.079953263	1.6292083	0.38376754	0.8	1	36601	4992	9579880
GSE283052	GSM8655163_P11	colorectal cancer	CXCL chemokine	tumor_like	7	7	CXCL9,CXCL10,CXCL11,CXCR3,CXCR4,ISG15,STAT1	3481	0.23240448	0.42828779	0.54263625	0.52714737	0.4	0	36601	4992	9579880
GSE283052	GSM8655163_P11	colorectal cancer	CXCL chemokine	immune	7	7	CXCL9,CXCL10,CXCL11,CXCR3,CXCR4,ISG15,STAT1	29	0.96059113	0.28778676	3.3378572	0.48275862	1	1	36601	4992	9579880
GSE283052	GSM8655163_P11	colorectal cancer	CXCL chemokine	stroma_fibroblast	7	7	CXCL9,CXCL10,CXCL11,CXCR3,CXCR4,ISG15,STAT1	483	0.50990831	0.2683205	1.9003703	0.69358178	0.8	1	36601	4992	9579880
GSE283052	GSM8655163_P11	colorectal cancer	CXCL chemokine	endothelial	7	7	CXCL9,CXCL10,CXCL11,CXCR3,CXCR4,ISG15,STAT1	1	0	0.29175373	3.4275483e-09	0	0.2	0	36601	4992	9579880
GSE283052	GSM8655163_P11	colorectal cancer	CXCL chemokine	ambiguous_or_low_signal	7	7	CXCL9,CXCL10,CXCL11,CXCR3,CXCR4,ISG15,STAT1	998	0.37374749	0.2711925	1.3781631	0.66132265	0.6	0	36601	4992	9579880
GSE283052	GSM8655163_P11	colorectal cancer	ECM-integrin	tumor_like	9	9	COL1A1,COL1A2,COL3A1,FN1,ITGA2,ITGAV,ITGB1,ACTA2,TAGLN	3481	0.8920489	4.2020001	0.2122915	0.8138466	0.6	0	36601	4992	9579880
GSE283052	GSM8655163_P11	colorectal cancer	ECM-integrin	immune	9	9	COL1A1,COL1A2,COL3A1,FN1,ITGA2,ITGAV,ITGB1,ACTA2,TAGLN	29	0.5862069	1.9015604	0.30827676	0.44827586	0.4	0	36601	4992	9579880
GSE283052	GSM8655163_P11	colorectal cancer	ECM-integrin	stroma_fibroblast	9	9	COL1A1,COL1A2,COL3A1,FN1,ITGA2,ITGAV,ITGB1,ACTA2,TAGLN	483	7.2311939	1.3221951	5.4690823	0.97515528	1	1	36601	4992	9579880
GSE283052	GSM8655163_P11	colorectal cancer	ECM-integrin	endothelial	9	9	COL1A1,COL1A2,COL3A1,FN1,ITGA2,ITGAV,ITGB1,ACTA2,TAGLN	1	0	1.8942986	5.2789987e-10	0	0.2	0	36601	4992	9579880
GSE283052	GSM8655163_P11	colorectal cancer	ECM-integrin	ambiguous_or_low_signal	9	9	COL1A1,COL1A2,COL3A1,FN1,ITGA2,ITGAV,ITGB1,ACTA2,TAGLN	998	2.845246	1.6562065	1.7179295	0.91783567	0.8	1	36601	4992	9579880
GSE283052	GSM8655163_P11	colorectal cancer	EGF/ERBB	tumor_like	8	8	EGFR,EGR1,FOS,JUN,DUSP6,SPRY2,AREG,EREG	3481	0.69179115	0.85547651	0.80866178	0.78483194	0.6	0	36601	4992	9579880
GSE283052	GSM8655163_P11	colorectal cancer	EGF/ERBB	immune	8	8	EGFR,EGR1,FOS,JUN,DUSP6,SPRY2,AREG,EREG	29	0.23275862	0.74430788	0.3127182	0.44827586	0.4	0	36601	4992	9579880
GSE283052	GSM8655163_P11	colorectal cancer	EGF/ERBB	stroma_fibroblast	8	8	EGFR,EGR1,FOS,JUN,DUSP6,SPRY2,AREG,EREG	483	1.2088509	0.69125638	1.7487736	0.83229814	1	1	36601	4992	9579880
GSE283052	GSM8655163_P11	colorectal cancer	EGF/ERBB	endothelial	8	8	EGFR,EGR1,FOS,JUN,DUSP6,SPRY2,AREG,EREG	1	0	0.74148467	1.3486455e-09	0	0.2	0	36601	4992	9579880
GSE283052	GSM8655163_P11	colorectal cancer	EGF/ERBB	ambiguous_or_low_signal	8	8	EGFR,EGR1,FOS,JUN,DUSP6,SPRY2,AREG,EREG	998	0.70340681	0.75081372	0.9368593	0.80661323	0.8	0	36601	4992	9579880
GSE283052	GSM8655163_P11	colorectal cancer	MIF	tumor_like	7	7	CD74,CXCR4,CXCR2,HLA-DRA,HLA-DRB1,NFKBIA,IL1B	3481	1.2902696	3.1836059	0.4052856	0.83912669	0.4	0	36601	4992	9579880
GSE283052	GSM8655163_P11	colorectal cancer	MIF	immune	7	7	CD74,CXCR4,CXCR2,HLA-DRA,HLA-DRB1,NFKBIA,IL1B	29	5.9211823	1.8396419	3.2186602	0.65517241	1	1	36601	4992	9579880
GSE283052	GSM8655163_P11	colorectal cancer	MIF	stroma_fibroblast	7	7	CD74,CXCR4,CXCR2,HLA-DRA,HLA-DRB1,NFKBIA,IL1B	483	4.0059154	1.6338434	2.4518356	0.87163561	0.8	1	36601	4992	9579880
GSE283052	GSM8655163_P11	colorectal cancer	MIF	endothelial	7	7	CD74,CXCR4,CXCR2,HLA-DRA,HLA-DRB1,NFKBIA,IL1B	1	0	1.8637261	5.3655952e-10	0	0.2	0	36601	4992	9579880
GSE283052	GSM8655163_P11	colorectal cancer	MIF	ambiguous_or_low_signal	7	7	CD74,CXCR4,CXCR2,HLA-DRA,HLA-DRB1,NFKBIA,IL1B	998	2.7092757	1.651978	1.6400193	0.88376754	0.6	0	36601	4992	9579880
GSE283052	GSM8655163_P11	colorectal cancer	NOTCH	tumor_like	7	7	HES1,HEY1,HEY2,NOTCH1,NOTCH2,DLL4,JAG1	3481	0.16588008	0.22378746	0.7412394	0.44814708	0.6	0	36601	4992	9579880
GSE283052	GSM8655163_P11	colorectal cancer	NOTCH	immune	7	7	HES1,HEY1,HEY2,NOTCH1,NOTCH2,DLL4,JAG1	29	0.078817734	0.18401888	0.4283133	0.31034483	0.4	0	36601	4992	9579880
GSE283052	GSM8655163_P11	colorectal cancer	NOTCH	stroma_fibroblast	7	7	HES1,HEY1,HEY2,NOTCH1,NOTCH2,DLL4,JAG1	483	0.28364389	0.17267053	1.6426885	0.63561077	1	1	36601	4992	9579880
GSE283052	GSM8655163_P11	colorectal cancer	NOTCH	endothelial	7	7	HES1,HEY1,HEY2,NOTCH1,NOTCH2,DLL4,JAG1	1	0	0.18344449	5.4512404e-09	0	0.2	0	36601	4992	9579880
GSE283052	GSM8655163_P11	colorectal cancer	NOTCH	ambiguous_or_low_signal	7	7	HES1,HEY1,HEY2,NOTCH1,NOTCH2,DLL4,JAG1	998	0.19925565	0.17944774	1.1103826	0.5741483	0.8	0	36601	4992	9579880
GSE283052	GSM8655163_P11	colorectal cancer	SPP1	tumor_like	6	6	SPP1,CD44,ITGAV,ITGB1,FN1,MMP9	3481	0.5118261	0.99944849	0.51210854	0.66532606	0.6	0	36601	4992	9579880
GSE283052	GSM8655163_P11	colorectal cancer	SPP1	immune	6	6	SPP1,CD44,ITGAV,ITGB1,FN1,MMP9	29	0.41954023	0.66082343	0.63487494	0.37931034	0.4	0	36601	4992	9579880
GSE283052	GSM8655163_P11	colorectal cancer	SPP1	stroma_fibroblast	6	6	SPP1,CD44,ITGAV,ITGB1,FN1,MMP9	483	1.4009662	0.57998817	2.4155082	0.80745342	1	1	36601	4992	9579880
GSE283052	GSM8655163_P11	colorectal cancer	SPP1	endothelial	6	6	SPP1,CD44,ITGAV,ITGB1,FN1,MMP9	1	0	0.65955386	1.5161764e-09	0	0.2	0	36601	4992	9579880
GSE283052	GSM8655163_P11	colorectal cancer	SPP1	ambiguous_or_low_signal	6	6	SPP1,CD44,ITGAV,ITGB1,FN1,MMP9	998	0.82297929	0.61855283	1.3304915	0.7745491	0.8	1	36601	4992	9579880
GSE283052	GSM8655163_P11	colorectal cancer	TGFB	tumor_like	8	7	SERPINE1,SMAD7,CCN2,COL1A1,COL1A2,FN1,ACTA2	3481	0.69298642	3.3816772	0.20492388	0.71904625	0.6	0	36601	4992	9579880
GSE283052	GSM8655163_P11	colorectal cancer	TGFB	immune	8	7	SERPINE1,SMAD7,CCN2,COL1A1,COL1A2,FN1,ACTA2	29	0.43842365	1.5130537	0.28976079	0.51724138	0.4	0	36601	4992	9579880
GSE283052	GSM8655163_P11	colorectal cancer	TGFB	stroma_fibroblast	8	7	SERPINE1,SMAD7,CCN2,COL1A1,COL1A2,FN1,ACTA2	483	5.8237208	1.0443874	5.5762074	0.94616977	1	1	36601	4992	9579880
GSE283052	GSM8655163_P11	colorectal cancer	TGFB	endothelial	8	7	SERPINE1,SMAD7,CCN2,COL1A1,COL1A2,FN1,ACTA2	1	0.14285714	1.5070842	0.094790421	1	0.2	0	36601	4992	9579880
GSE283052	GSM8655163_P11	colorectal cancer	TGFB	ambiguous_or_low_signal	8	7	SERPINE1,SMAD7,CCN2,COL1A1,COL1A2,FN1,ACTA2	998	2.2885772	1.3114672	1.745051	0.88777555	0.8	1	36601	4992	9579880
GSE283052	GSM8655163_P11	colorectal cancer	VEGF	tumor_like	7	7	KDR,FLT1,VWF,PECAM1,PLVAP,ENG,ESAM	3481	0.093076702	0.30793231	0.30226352	0.32490664	0.2	0	36601	4992	9579880
GSE283052	GSM8655163_P11	colorectal cancer	VEGF	immune	7	7	KDR,FLT1,VWF,PECAM1,PLVAP,ENG,ESAM	29	0.10837438	0.15840074	0.68417854	0.34482759	0.4	0	36601	4992	9579880
GSE283052	GSM8655163_P11	colorectal cancer	VEGF	stroma_fibroblast	7	7	KDR,FLT1,VWF,PECAM1,PLVAP,ENG,ESAM	483	0.48062703	0.1235624	3.8897515	0.66252588	1	1	36601	4992	9579880
GSE283052	GSM8655163_P11	colorectal cancer	VEGF	endothelial	7	7	KDR,FLT1,VWF,PECAM1,PLVAP,ENG,ESAM	1	0.14285714	0.15811318	0.90351195	1	0.6	0	36601	4992	9579880
GSE283052	GSM8655163_P11	colorectal cancer	VEGF	ambiguous_or_low_signal	7	7	KDR,FLT1,VWF,PECAM1,PLVAP,ENG,ESAM	998	0.23031778	0.14006724	1.6443372	0.56312625	0.8	1	36601	4992	9579880
GSE283052	GSM8655163_P11	colorectal cancer	WNT	tumor_like	7	7	AXIN2,LEF1,TCF7,DKK1,FZD5,JUN,FOS	3481	0.58328887	0.64120261	0.90967951	0.72191899	0.8	0	36601	4992	9579880
GSE283052	GSM8655163_P11	colorectal cancer	WNT	immune	7	7	AXIN2,LEF1,TCF7,DKK1,FZD5,JUN,FOS	29	0.2364532	0.60294753	0.39216216	0.4137931	0.4	0	36601	4992	9579880
GSE283052	GSM8655163_P11	colorectal cancer	WNT	stroma_fibroblast	7	7	AXIN2,LEF1,TCF7,DKK1,FZD5,JUN,FOS	483	0.82756581	0.57652948	1.4354267	0.80538302	1	1	36601	4992	9579880
GSE283052	GSM8655163_P11	colorectal cancer	WNT	endothelial	7	7	AXIN2,LEF1,TCF7,DKK1,FZD5,JUN,FOS	1	0	0.60093883	1.6640629e-09	0	0.2	0	36601	4992	9579880
GSE283052	GSM8655163_P11	colorectal cancer	WNT	ambiguous_or_low_signal	7	7	AXIN2,LEF1,TCF7,DKK1,FZD5,JUN,FOS	998	0.56341254	0.61016525	0.92337697	0.75851703	0.6	0	36601	4992	9579880
GSE283052	GSM8655164_P13	colorectal cancer	CCL chemokine	tumor_like	6	6	CCL2,CCL3,CCL4,CCR2,LST1,IL1B	2205	0.038548753	0.059861261	0.64396828	0.16190476	0.4	0	36601	4992	10326943
GSE283052	GSM8655164_P13	colorectal cancer	CCL chemokine	immune	6	6	CCL2,CCL3,CCL4,CCR2,LST1,IL1B	67	0.10447761	0.049712352	2.1016429	0.25373134	1	1	36601	4992	10326943
GSE283052	GSM8655164_P13	colorectal cancer	CCL chemokine	stroma_fibroblast	6	6	CCL2,CCL3,CCL4,CCR2,LST1,IL1B	1592	0.07150335	0.040588235	1.7616767	0.21545226	0.8	1	36601	4992	10326943
GSE283052	GSM8655164_P13	colorectal cancer	CCL chemokine	endothelial	6	6	CCL2,CCL3,CCL4,CCR2,LST1,IL1B	3	0	0.050477718	1.9810721e-08	0	0.2	0	36601	4992	10326943
GSE283052	GSM8655164_P13	colorectal cancer	CCL chemokine	ambiguous_or_low_signal	6	6	CCL2,CCL3,CCL4,CCR2,LST1,IL1B	1125	0.040888889	0.05322817	0.76818138	0.13777778	0.6	0	36601	4992	10326943
GSE283052	GSM8655164_P13	colorectal cancer	CXCL chemokine	tumor_like	7	7	CXCL9,CXCL10,CXCL11,CXCR3,CXCR4,ISG15,STAT1	2205	0.38652413	0.29709365	1.3010178	0.6675737	0.8	1	36601	4992	10326943
GSE283052	GSM8655164_P13	colorectal cancer	CXCL chemokine	immune	7	7	CXCL9,CXCL10,CXCL11,CXCR3,CXCR4,ISG15,STAT1	67	0.90405117	0.328876	2.748912	0.49253731	1	1	36601	4992	10326943
GSE283052	GSM8655164_P13	colorectal cancer	CXCL chemokine	stroma_fibroblast	7	7	CXCL9,CXCL10,CXCL11,CXCR3,CXCR4,ISG15,STAT1	1592	0.32331299	0.34281513	0.94311181	0.52826633	0.6	0	36601	4992	10326943
GSE283052	GSM8655164_P13	colorectal cancer	CXCL chemokine	endothelial	7	7	CXCL9,CXCL10,CXCL11,CXCR3,CXCR4,ISG15,STAT1	3	0.047619048	0.33676946	0.14139954	0.33333333	0.2	0	36601	4992	10326943
GSE283052	GSM8655164_P13	colorectal cancer	CXCL chemokine	ambiguous_or_low_signal	7	7	CXCL9,CXCL10,CXCL11,CXCR3,CXCR4,ISG15,STAT1	1125	0.22450794	0.36920463	0.60808539	0.46311111	0.4	0	36601	4992	10326943
GSE283052	GSM8655164_P13	colorectal cancer	ECM-integrin	tumor_like	9	9	COL1A1,COL1A2,COL3A1,FN1,ITGA2,ITGAV,ITGB1,ACTA2,TAGLN	2205	1.792643	8.2590998	0.21705065	0.9170068	0.6	0	36601	4992	10326943
GSE283052	GSM8655164_P13	colorectal cancer	ECM-integrin	immune	9	9	COL1A1,COL1A2,COL3A1,FN1,ITGA2,ITGAV,ITGB1,ACTA2,TAGLN	67	0.54063018	5.4689679	0.098854153	0.76119403	0.4	0	36601	4992	10326943
GSE283052	GSM8655164_P13	colorectal cancer	ECM-integrin	stroma_fibroblast	9	9	COL1A1,COL1A2,COL3A1,FN1,ITGA2,ITGAV,ITGB1,ACTA2,TAGLN	1592	11.312256	2.635817	4.2917455	0.98680905	1	1	36601	4992	10326943
GSE283052	GSM8655164_P13	colorectal cancer	ECM-integrin	endothelial	9	9	COL1A1,COL1A2,COL3A1,FN1,ITGA2,ITGAV,ITGB1,ACTA2,TAGLN	3	0.037037037	5.4060489	0.0068510365	0.33333333	0.2	0	36601	4992	10326943
GSE283052	GSM8655164_P13	colorectal cancer	ECM-integrin	ambiguous_or_low_signal	9	9	COL1A1,COL1A2,COL3A1,FN1,ITGA2,ITGAV,ITGB1,ACTA2,TAGLN	1125	4.4201481	5.688705	0.77700428	0.92355556	0.8	0	36601	4992	10326943
GSE283052	GSM8655164_P13	colorectal cancer	EGF/ERBB	tumor_like	8	8	EGFR,EGR1,FOS,JUN,DUSP6,SPRY2,AREG,EREG	2205	0.85992063	0.57665052	1.4912336	0.76054422	1	1	36601	4992	10326943
GSE283052	GSM8655164_P13	colorectal cancer	EGF/ERBB	immune	8	8	EGFR,EGR1,FOS,JUN,DUSP6,SPRY2,AREG,EREG	67	0.45895522	0.70507614	0.65093002	0.47761194	0.4	0	36601	4992	10326943
GSE283052	GSM8655164_P13	colorectal cancer	EGF/ERBB	stroma_fibroblast	8	8	EGFR,EGR1,FOS,JUN,DUSP6,SPRY2,AREG,EREG	1592	0.66041143	0.72113971	0.91578848	0.64761307	0.8	0	36601	4992	10326943
GSE283052	GSM8655164_P13	colorectal cancer	EGF/ERBB	endothelial	8	8	EGFR,EGR1,FOS,JUN,DUSP6,SPRY2,AREG,EREG	3	0.083333333	0.70214472	0.11868399	0.33333333	0.2	0	36601	4992	10326943
GSE283052	GSM8655164_P13	colorectal cancer	EGF/ERBB	ambiguous_or_low_signal	8	8	EGFR,EGR1,FOS,JUN,DUSP6,SPRY2,AREG,EREG	1125	0.46644444	0.77023532	0.60558693	0.608	0.6	0	36601	4992	10326943
GSE283052	GSM8655164_P13	colorectal cancer	MIF	tumor_like	7	7	CD74,CXCR4,CXCR2,HLA-DRA,HLA-DRB1,NFKBIA,IL1B	2205	0.52296728	1.5461582	0.3382366	0.75873016	0.4	0	36601	4992	10326943
GSE283052	GSM8655164_P13	colorectal cancer	MIF	immune	7	7	CD74,CXCR4,CXCR2,HLA-DRA,HLA-DRB1,NFKBIA,IL1B	67	5.2452026	1.0377375	5.0544599	0.56716418	1	1	36601	4992	10326943
GSE283052	GSM8655164_P13	colorectal cancer	MIF	stroma_fibroblast	7	7	CD74,CXCR4,CXCR2,HLA-DRA,HLA-DRB1,NFKBIA,IL1B	1592	1.798995	0.76420168	2.354084	0.74057789	0.8	1	36601	4992	10326943
GSE283052	GSM8655164_P13	colorectal cancer	MIF	endothelial	7	7	CD74,CXCR4,CXCR2,HLA-DRA,HLA-DRB1,NFKBIA,IL1B	3	0	1.0948658	9.1335391e-10	0	0.2	0	36601	4992	10326943
GSE283052	GSM8655164_P13	colorectal cancer	MIF	ambiguous_or_low_signal	7	7	CD74,CXCR4,CXCR2,HLA-DRA,HLA-DRB1,NFKBIA,IL1B	1125	0.97219048	1.1297056	0.86056978	0.66844444	0.6	0	36601	4992	10326943
GSE283052	GSM8655164_P13	colorectal cancer	NOTCH	tumor_like	7	7	HES1,HEY1,HEY2,NOTCH1,NOTCH2,DLL4,JAG1	2205	0.23258827	0.22881747	1.0164795	0.52970522	0.8	0	36601	4992	10326943
GSE283052	GSM8655164_P13	colorectal cancer	NOTCH	immune	7	7	HES1,HEY1,HEY2,NOTCH1,NOTCH2,DLL4,JAG1	67	0.13859275	0.23173314	0.59807048	0.34328358	0.4	0	36601	4992	10326943
GSE283052	GSM8655164_P13	colorectal cancer	NOTCH	stroma_fibroblast	7	7	HES1,HEY1,HEY2,NOTCH1,NOTCH2,DLL4,JAG1	1592	0.27144652	0.21130252	1.2846345	0.48806533	1	1	36601	4992	10326943
GSE283052	GSM8655164_P13	colorectal cancer	NOTCH	endothelial	7	7	HES1,HEY1,HEY2,NOTCH1,NOTCH2,DLL4,JAG1	3	0.047619048	0.23059302	0.2065069	0.33333333	0.2	0	36601	4992	10326943
GSE283052	GSM8655164_P13	colorectal cancer	NOTCH	ambiguous_or_low_signal	7	7	HES1,HEY1,HEY2,NOTCH1,NOTCH2,DLL4,JAG1	1125	0.17434921	0.2468137	0.70640004	0.40888889	0.6	0	36601	4992	10326943
GSE283052	GSM8655164_P13	colorectal cancer	SPP1	tumor_like	6	6	SPP1,CD44,ITGAV,ITGB1,FN1,MMP9	2205	0.94512472	2.9762588	0.31755461	0.81133787	0.6	0	36601	4992	10326943
GSE283052	GSM8655164_P13	colorectal cancer	SPP1	immune	6	6	SPP1,CD44,ITGAV,ITGB1,FN1,MMP9	67	0.64179104	2.0986464	0.30581191	0.70149254	0.4	0	36601	4992	10326943
GSE283052	GSM8655164_P13	colorectal cancer	SPP1	stroma_fibroblast	6	6	SPP1,CD44,ITGAV,ITGB1,FN1,MMP9	1592	3.9301717	1.2123529	3.2417719	0.84359296	1	1	36601	4992	10326943
GSE283052	GSM8655164_P13	colorectal cancer	SPP1	endothelial	6	6	SPP1,CD44,ITGAV,ITGB1,FN1,MMP9	3	0.055555556	2.08031	0.026705422	0.33333333	0.2	0	36601	4992	10326943
GSE283052	GSM8655164_P13	colorectal cancer	SPP1	ambiguous_or_low_signal	6	6	SPP1,CD44,ITGAV,ITGB1,FN1,MMP9	1125	1.7731852	2.168089	0.81785629	0.77066667	0.8	0	36601	4992	10326943
GSE283052	GSM8655164_P13	colorectal cancer	TGFB	tumor_like	8	7	SERPINE1,SMAD7,CCN2,COL1A1,COL1A2,FN1,ACTA2	2205	1.5191448	7.7532421	0.19593672	0.87573696	0.6	0	36601	4992	10326943
GSE283052	GSM8655164_P13	colorectal cancer	TGFB	immune	8	7	SERPINE1,SMAD7,CCN2,COL1A1,COL1A2,FN1,ACTA2	67	0.42217484	5.0618709	0.083402925	0.62686567	0.4	0	36601	4992	10326943
GSE283052	GSM8655164_P13	colorectal cancer	TGFB	stroma_fibroblast	8	7	SERPINE1,SMAD7,CCN2,COL1A1,COL1A2,FN1,ACTA2	1592	10.59799	2.3782353	4.4562411	0.96231156	1	1	36601	4992	10326943
GSE283052	GSM8655164_P13	colorectal cancer	TGFB	endothelial	8	7	SERPINE1,SMAD7,CCN2,COL1A1,COL1A2,FN1,ACTA2	3	0.047619048	5.0025771	0.0095189035	0.33333333	0.2	0	36601	4992	10326943
GSE283052	GSM8655164_P13	colorectal cancer	TGFB	ambiguous_or_low_signal	8	7	SERPINE1,SMAD7,CCN2,COL1A1,COL1A2,FN1,ACTA2	1125	4.1847619	5.2366545	0.7991289	0.88	0.8	0	36601	4992	10326943
GSE283052	GSM8655164_P13	colorectal cancer	VEGF	tumor_like	7	7	KDR,FLT1,VWF,PECAM1,PLVAP,ENG,ESAM	2205	0.14473599	0.28919986	0.50047048	0.42358277	0.4	0	36601	4992	10326943
GSE283052	GSM8655164_P13	colorectal cancer	VEGF	immune	7	7	KDR,FLT1,VWF,PECAM1,PLVAP,ENG,ESAM	67	0.14925373	0.22642495	0.6591753	0.31343284	0.6	0	36601	4992	10326943
GSE283052	GSM8655164_P13	colorectal cancer	VEGF	stroma_fibroblast	7	7	KDR,FLT1,VWF,PECAM1,PLVAP,ENG,ESAM	1592	0.37679469	0.1544958	2.4388669	0.46922111	1	1	36601	4992	10326943
GSE283052	GSM8655164_P13	colorectal cancer	VEGF	endothelial	7	7	KDR,FLT1,VWF,PECAM1,PLVAP,ENG,ESAM	3	0.14285714	0.22543882	0.63368475	1	0.2	0	36601	4992	10326943
GSE283052	GSM8655164_P13	colorectal cancer	VEGF	ambiguous_or_low_signal	7	7	KDR,FLT1,VWF,PECAM1,PLVAP,ENG,ESAM	1125	0.17396825	0.24034874	0.72381597	0.37422222	0.8	0	36601	4992	10326943
GSE283052	GSM8655164_P13	colorectal cancer	WNT	tumor_like	7	7	AXIN2,LEF1,TCF7,DKK1,FZD5,JUN,FOS	2205	0.74758665	0.47639551	1.5692563	0.72244898	1	1	36601	4992	10326943
GSE283052	GSM8655164_P13	colorectal cancer	WNT	immune	7	7	AXIN2,LEF1,TCF7,DKK1,FZD5,JUN,FOS	67	0.74413646	0.59416969	1.2523972	0.44776119	0.8	1	36601	4992	10326943
GSE283052	GSM8655164_P13	colorectal cancer	WNT	stroma_fibroblast	7	7	AXIN2,LEF1,TCF7,DKK1,FZD5,JUN,FOS	1592	0.53580402	0.62445378	0.85803631	0.60364322	0.6	0	36601	4992	10326943
GSE283052	GSM8655164_P13	colorectal cancer	WNT	endothelial	7	7	AXIN2,LEF1,TCF7,DKK1,FZD5,JUN,FOS	3	0.095238095	0.59648369	0.15966588	0.33333333	0.2	0	36601	4992	10326943
GSE283052	GSM8655164_P13	colorectal cancer	WNT	ambiguous_or_low_signal	7	7	AXIN2,LEF1,TCF7,DKK1,FZD5,JUN,FOS	1125	0.37739683	0.65983228	0.57195872	0.55377778	0.4	0	36601	4992	10326943
GSE283052	GSM8655165_P15	colorectal cancer	CCL chemokine	tumor_like	6	6	CCL2,CCL3,CCL4,CCR2,LST1,IL1B	3195	0.045957225	0.13902801	0.33056091	0.19687011	0.6	0	36601	4992	12784996
GSE283052	GSM8655165_P15	colorectal cancer	CCL chemokine	immune	6	6	CCL2,CCL3,CCL4,CCR2,LST1,IL1B	2	0	0.079492318	1.2579832e-08	0	0.4	0	36601	4992	12784996
GSE283052	GSM8655165_P15	colorectal cancer	CCL chemokine	stroma_fibroblast	6	6	CCL2,CCL3,CCL4,CCR2,LST1,IL1B	906	0.19113319	0.054698972	3.4942738	0.4790287	1	1	36601	4992	12784996
GSE283052	GSM8655165_P15	colorectal cancer	CCL chemokine	endothelial	6	6	CCL2,CCL3,CCL4,CCR2,LST1,IL1B	0	0	0.07946047	1.2584874e-08	0	0.4	0	36601	4992	12784996
GSE283052	GSM8655165_P15	colorectal cancer	CCL chemokine	ambiguous_or_low_signal	6	6	CCL2,CCL3,CCL4,CCR2,LST1,IL1B	889	0.08623922	0.077991713	1.1057485	0.29696288	0.8	0	36601	4992	12784996
GSE283052	GSM8655165_P15	colorectal cancer	CXCL chemokine	tumor_like	7	7	CXCL9,CXCL10,CXCL11,CXCR3,CXCR4,ISG15,STAT1	3195	0.16718086	0.23992368	0.69680851	0.53176839	0.6	0	36601	4992	12784996
GSE283052	GSM8655165_P15	colorectal cancer	CXCL chemokine	immune	7	7	CXCL9,CXCL10,CXCL11,CXCR3,CXCR4,ISG15,STAT1	2	0	0.19344403	5.1694539e-09	0	0.4	0	36601	4992	12784996
GSE283052	GSM8655165_P15	colorectal cancer	CXCL chemokine	stroma_fibroblast	7	7	CXCL9,CXCL10,CXCL11,CXCR3,CXCR4,ISG15,STAT1	906	0.30983917	0.16754073	1.8493364	0.66777042	1	1	36601	4992	12784996
GSE283052	GSM8655165_P15	colorectal cancer	CXCL chemokine	endothelial	7	7	CXCL9,CXCL10,CXCL11,CXCR3,CXCR4,ISG15,STAT1	0	0	0.19336653	5.1715258e-09	0	0.4	0	36601	4992	12784996
GSE283052	GSM8655165_P15	colorectal cancer	CXCL chemokine	ambiguous_or_low_signal	7	7	CXCL9,CXCL10,CXCL11,CXCR3,CXCR4,ISG15,STAT1	889	0.16921099	0.19860033	0.85201769	0.45556805	0.8	0	36601	4992	12784996
GSE283052	GSM8655165_P15	colorectal cancer	ECM-integrin	tumor_like	9	9	COL1A1,COL1A2,COL3A1,FN1,ITGA2,ITGAV,ITGB1,ACTA2,TAGLN	3195	1.8864545	7.151858	0.26377125	0.96901408	0.6	0	36601	4992	12784996
GSE283052	GSM8655165_P15	colorectal cancer	ECM-integrin	immune	9	9	COL1A1,COL1A2,COL3A1,FN1,ITGA2,ITGAV,ITGB1,ACTA2,TAGLN	2	0	3.783389	2.6431329e-10	0	0.4	0	36601	4992	12784996
GSE283052	GSM8655165_P15	colorectal cancer	ECM-integrin	stroma_fibroblast	9	9	COL1A1,COL1A2,COL3A1,FN1,ITGA2,ITGAV,ITGB1,ACTA2,TAGLN	906	10.615158	2.2667102	4.6830681	0.99668874	1	1	36601	4992	12784996
GSE283052	GSM8655165_P15	colorectal cancer	ECM-integrin	endothelial	9	9	COL1A1,COL1A2,COL3A1,FN1,ITGA2,ITGAV,ITGB1,ACTA2,TAGLN	0	0	3.7818732	2.6441923e-10	0	0.4	0	36601	4992	12784996
GSE283052	GSM8655165_P15	colorectal cancer	ECM-integrin	ambiguous_or_low_signal	9	9	COL1A1,COL1A2,COL3A1,FN1,ITGA2,ITGAV,ITGB1,ACTA2,TAGLN	889	3.6384202	3.8129553	0.95422577	0.97862767	0.8	0	36601	4992	12784996
GSE283052	GSM8655165_P15	colorectal cancer	EGF/ERBB	tumor_like	8	8	EGFR,EGR1,FOS,JUN,DUSP6,SPRY2,AREG,EREG	3195	0.78356808	0.73198386	1.0704718	0.82128326	0.8	0	36601	4992	12784996
GSE283052	GSM8655165_P15	colorectal cancer	EGF/ERBB	immune	8	8	EGFR,EGR1,FOS,JUN,DUSP6,SPRY2,AREG,EREG	2	0	0.76530561	1.3066675e-09	0	0.4	0	36601	4992	12784996
GSE283052	GSM8655165_P15	colorectal cancer	EGF/ERBB	stroma_fibroblast	8	8	EGFR,EGR1,FOS,JUN,DUSP6,SPRY2,AREG,EREG	906	0.96523179	0.72060083	1.3394819	0.8598234	1	1	36601	4992	12784996
GSE283052	GSM8655165_P15	colorectal cancer	EGF/ERBB	endothelial	8	8	EGFR,EGR1,FOS,JUN,DUSP6,SPRY2,AREG,EREG	0	0	0.764999	1.3071913e-09	0	0.4	0	36601	4992	12784996
GSE283052	GSM8655165_P15	colorectal cancer	EGF/ERBB	ambiguous_or_low_signal	8	8	EGFR,EGR1,FOS,JUN,DUSP6,SPRY2,AREG,EREG	889	0.49592238	0.82330002	0.60235925	0.74690664	0.6	0	36601	4992	12784996
GSE283052	GSM8655165_P15	colorectal cancer	MIF	tumor_like	7	7	CD74,CXCR4,CXCR2,HLA-DRA,HLA-DRB1,NFKBIA,IL1B	3195	0.90628214	2.6461563	0.34249003	0.89014085	0.6	0	36601	4992	12784996
GSE283052	GSM8655165_P15	colorectal cancer	MIF	immune	7	7	CD74,CXCR4,CXCR2,HLA-DRA,HLA-DRB1,NFKBIA,IL1B	2	0	1.5332093	6.5222668e-10	0	0.4	0	36601	4992	12784996
GSE283052	GSM8655165_P15	colorectal cancer	MIF	stroma_fibroblast	7	7	CD74,CXCR4,CXCR2,HLA-DRA,HLA-DRB1,NFKBIA,IL1B	906	3.5911384	1.0761485	3.3370286	0.94039735	1	1	36601	4992	12784996
GSE283052	GSM8655165_P15	colorectal cancer	MIF	endothelial	7	7	CD74,CXCR4,CXCR2,HLA-DRA,HLA-DRB1,NFKBIA,IL1B	0	0	1.532595	6.524881e-10	0	0.4	0	36601	4992	12784996
GSE283052	GSM8655165_P15	colorectal cancer	MIF	ambiguous_or_low_signal	7	7	CD74,CXCR4,CXCR2,HLA-DRA,HLA-DRB1,NFKBIA,IL1B	889	1.6890567	1.4986943	1.1270188	0.86951631	0.8	0	36601	4992	12784996
GSE283052	GSM8655165_P15	colorectal cancer	NOTCH	tumor_like	7	7	HES1,HEY1,HEY2,NOTCH1,NOTCH2,DLL4,JAG1	3195	0.31088755	0.24048017	1.2927783	0.63223787	1	1	36601	4992	12784996
GSE283052	GSM8655165_P15	colorectal cancer	NOTCH	immune	7	7	HES1,HEY1,HEY2,NOTCH1,NOTCH2,DLL4,JAG1	2	0	0.28565703	3.5007015e-09	0	0.4	0	36601	4992	12784996
GSE283052	GSM8655165_P15	colorectal cancer	NOTCH	stroma_fibroblast	7	7	HES1,HEY1,HEY2,NOTCH1,NOTCH2,DLL4,JAG1	906	0.26852728	0.28931543	0.9281471	0.65342163	0.8	0	36601	4992	12784996
GSE283052	GSM8655165_P15	colorectal cancer	NOTCH	endothelial	7	7	HES1,HEY1,HEY2,NOTCH1,NOTCH2,DLL4,JAG1	0	0	0.28554258	3.5021046e-09	0	0.4	0	36601	4992	12784996
GSE283052	GSM8655165_P15	colorectal cancer	NOTCH	ambiguous_or_low_signal	7	7	HES1,HEY1,HEY2,NOTCH1,NOTCH2,DLL4,JAG1	889	0.21243773	0.30138226	0.70487801	0.52980877	0.6	0	36601	4992	12784996
GSE283052	GSM8655165_P15	colorectal cancer	SPP1	tumor_like	6	6	SPP1,CD44,ITGAV,ITGB1,FN1,MMP9	3195	1.247157	1.5448896	0.80727904	0.89233177	0.8	0	36601	4992	12784996
GSE283052	GSM8655165_P15	colorectal cancer	SPP1	immune	6	6	SPP1,CD44,ITGAV,ITGB1,FN1,MMP9	2	0	1.3548764	7.3807469e-10	0	0.4	0	36601	4992	12784996
GSE283052	GSM8655165_P15	colorectal cancer	SPP1	stroma_fibroblast	6	6	SPP1,CD44,ITGAV,ITGB1,FN1,MMP9	906	1.9990802	1.2113722	1.650261	0.89293598	1	1	36601	4992	12784996
GSE283052	GSM8655165_P15	colorectal cancer	SPP1	endothelial	6	6	SPP1,CD44,ITGAV,ITGB1,FN1,MMP9	0	0	1.3543336	7.3837052e-10	0	0.4	0	36601	4992	12784996
GSE283052	GSM8655165_P15	colorectal cancer	SPP1	ambiguous_or_low_signal	6	6	SPP1,CD44,ITGAV,ITGB1,FN1,MMP9	889	1.0854893	1.4125843	0.76844215	0.83014623	0.6	0	36601	4992	12784996
GSE283052	GSM8655165_P15	colorectal cancer	TGFB	tumor_like	8	7	SERPINE1,SMAD7,CCN2,COL1A1,COL1A2,FN1,ACTA2	3195	1.4957299	4.5953573	0.32548719	0.93740219	0.6	0	36601	4992	12784996
GSE283052	GSM8655165_P15	colorectal cancer	TGFB	immune	8	7	SERPINE1,SMAD7,CCN2,COL1A1,COL1A2,FN1,ACTA2	2	0.071428571	2.6125394	0.027340668	0.5	0.4	0	36601	4992	12784996
GSE283052	GSM8655165_P15	colorectal cancer	TGFB	stroma_fibroblast	8	7	SERPINE1,SMAD7,CCN2,COL1A1,COL1A2,FN1,ACTA2	906	6.3617155	1.7799804	3.5740368	0.98896247	1	1	36601	4992	12784996
GSE283052	GSM8655165_P15	colorectal cancer	TGFB	endothelial	8	7	SERPINE1,SMAD7,CCN2,COL1A1,COL1A2,FN1,ACTA2	0	0	2.6115213	3.8291857e-10	0	0.2	0	36601	4992	12784996
GSE283052	GSM8655165_P15	colorectal cancer	TGFB	ambiguous_or_low_signal	8	7	SERPINE1,SMAD7,CCN2,COL1A1,COL1A2,FN1,ACTA2	889	2.8053993	2.5695136	1.0918017	0.94488189	0.8	0	36601	4992	12784996
GSE283052	GSM8655165_P15	colorectal cancer	VEGF	tumor_like	7	7	KDR,FLT1,VWF,PECAM1,PLVAP,ENG,ESAM	3195	0.16646546	0.55338262	0.3008144	0.50829421	0.6	0	36601	4992	12784996
GSE283052	GSM8655165_P15	colorectal cancer	VEGF	immune	7	7	KDR,FLT1,VWF,PECAM1,PLVAP,ENG,ESAM	2	0	0.30586888	3.2693748e-09	0	0.4	0	36601	4992	12784996
GSE283052	GSM8655165_P15	colorectal cancer	VEGF	stroma_fibroblast	7	7	KDR,FLT1,VWF,PECAM1,PLVAP,ENG,ESAM	906	0.77656891	0.20134956	3.8568195	0.78807947	1	1	36601	4992	12784996
GSE283052	GSM8655165_P15	colorectal cancer	VEGF	endothelial	7	7	KDR,FLT1,VWF,PECAM1,PLVAP,ENG,ESAM	0	0	0.30574634	3.2706851e-09	0	0.4	0	36601	4992	12784996
GSE283052	GSM8655165_P15	colorectal cancer	VEGF	ambiguous_or_low_signal	7	7	KDR,FLT1,VWF,PECAM1,PLVAP,ENG,ESAM	889	0.32717339	0.30110372	1.0865804	0.57817773	0.8	0	36601	4992	12784996
GSE283052	GSM8655165_P15	colorectal cancer	WNT	tumor_like	7	7	AXIN2,LEF1,TCF7,DKK1,FZD5,JUN,FOS	3195	0.68888889	0.61077987	1.1278841	0.79843505	0.8	0	36601	4992	12784996
GSE283052	GSM8655165_P15	colorectal cancer	WNT	immune	7	7	AXIN2,LEF1,TCF7,DKK1,FZD5,JUN,FOS	2	0	0.66103636	1.5127761e-09	0	0.4	0	36601	4992	12784996
GSE283052	GSM8655165_P15	colorectal cancer	WNT	stroma_fibroblast	7	7	AXIN2,LEF1,TCF7,DKK1,FZD5,JUN,FOS	906	0.78208767	0.63387176	1.2338263	0.8388521	1	0	36601	4992	12784996
GSE283052	GSM8655165_P15	colorectal cancer	WNT	endothelial	7	7	AXIN2,LEF1,TCF7,DKK1,FZD5,JUN,FOS	0	0	0.66077152	1.5133824e-09	0	0.4	0	36601	4992	12784996
GSE283052	GSM8655165_P15	colorectal cancer	WNT	ambiguous_or_low_signal	7	7	AXIN2,LEF1,TCF7,DKK1,FZD5,JUN,FOS	889	0.4375703	0.70913269	0.61704997	0.69291339	0.6	0	36601	4992	12784996
GSE283052	GSM8655166_P17	colorectal cancer	CCL chemokine	tumor_like	6	6	CCL2,CCL3,CCL4,CCR2,LST1,IL1B	3286	0.063501724	0.09632669	0.65923292	0.23006695	0.8	0	36601	4992	11329515
GSE283052	GSM8655166_P17	colorectal cancer	CCL chemokine	immune	6	6	CCL2,CCL3,CCL4,CCR2,LST1,IL1B	4	0	0.074779471	1.3372654e-08	0	0.4	0	36601	4992	11329515
GSE283052	GSM8655166_P17	colorectal cancer	CCL chemokine	stroma_fibroblast	6	6	CCL2,CCL3,CCL4,CCR2,LST1,IL1B	772	0.13752159	0.063230648	2.1749198	0.22797927	1	1	36601	4992	11329515
GSE283052	GSM8655166_P17	colorectal cancer	CCL chemokine	endothelial	6	6	CCL2,CCL3,CCL4,CCR2,LST1,IL1B	0	0	0.074719551	1.3383378e-08	0	0.4	0	36601	4992	11329515
GSE283052	GSM8655166_P17	colorectal cancer	CCL chemokine	ambiguous_or_low_signal	6	6	CCL2,CCL3,CCL4,CCR2,LST1,IL1B	930	0.062544803	0.077506975	0.80695709	0.20860215	0.6	0	36601	4992	11329515
GSE283052	GSM8655166_P17	colorectal cancer	CXCL chemokine	tumor_like	7	7	CXCL9,CXCL10,CXCL11,CXCR3,CXCR4,ISG15,STAT1	3286	0.32784106	0.24200301	1.3546982	0.61594644	1	1	36601	4992	11329515
GSE283052	GSM8655166_P17	colorectal cancer	CXCL chemokine	immune	7	7	CXCL9,CXCL10,CXCL11,CXCR3,CXCR4,ISG15,STAT1	4	0.035714286	0.29871692	0.11955897	0.25	0.4	0	36601	4992	11329515
GSE283052	GSM8655166_P17	colorectal cancer	CXCL chemokine	stroma_fibroblast	7	7	CXCL9,CXCL10,CXCL11,CXCR3,CXCR4,ISG15,STAT1	772	0.23593634	0.30995261	0.76120135	0.37953368	0.6	0	36601	4992	11329515
GSE283052	GSM8655166_P17	colorectal cancer	CXCL chemokine	endothelial	7	7	CXCL9,CXCL10,CXCL11,CXCR3,CXCR4,ISG15,STAT1	0	0	0.29850618	3.3500144e-09	0	0.2	0	36601	4992	11329515
GSE283052	GSM8655166_P17	colorectal cancer	CXCL chemokine	ambiguous_or_low_signal	7	7	CXCL9,CXCL10,CXCL11,CXCR3,CXCR4,ISG15,STAT1	930	0.24792627	0.31008652	0.79953901	0.42903226	0.8	0	36601	4992	11329515
GSE283052	GSM8655166_P17	colorectal cancer	ECM-integrin	tumor_like	9	9	COL1A1,COL1A2,COL3A1,FN1,ITGA2,ITGAV,ITGB1,ACTA2,TAGLN	3286	1.8705282	6.9434675	0.26939395	0.96378576	0.6	0	36601	4992	11329515
GSE283052	GSM8655166_P17	colorectal cancer	ECM-integrin	immune	9	9	COL1A1,COL1A2,COL3A1,FN1,ITGA2,ITGAV,ITGB1,ACTA2,TAGLN	4	0.083333333	3.6070124	0.023103146	0.5	0.4	0	36601	4992	11329515
GSE283052	GSM8655166_P17	colorectal cancer	ECM-integrin	stroma_fibroblast	9	9	COL1A1,COL1A2,COL3A1,FN1,ITGA2,ITGAV,ITGB1,ACTA2,TAGLN	772	9.4654577	2.5319379	3.7384242	0.99611399	1	1	36601	4992	11329515
GSE283052	GSM8655166_P17	colorectal cancer	ECM-integrin	endothelial	9	9	COL1A1,COL1A2,COL3A1,FN1,ITGA2,ITGAV,ITGB1,ACTA2,TAGLN	0	0	3.6041889	2.7745493e-10	0	0.2	0	36601	4992	11329515
GSE283052	GSM8655166_P17	colorectal cancer	ECM-integrin	ambiguous_or_low_signal	9	9	COL1A1,COL1A2,COL3A1,FN1,ITGA2,ITGAV,ITGB1,ACTA2,TAGLN	930	4.8794504	3.3122162	1.4731678	0.97419355	0.8	1	36601	4992	11329515
GSE283052	GSM8655166_P17	colorectal cancer	EGF/ERBB	tumor_like	8	8	EGFR,EGR1,FOS,JUN,DUSP6,SPRY2,AREG,EREG	3286	1.0254489	0.35331184	2.9023903	0.8618381	1	1	36601	4992	11329515
GSE283052	GSM8655166_P17	colorectal cancer	EGF/ERBB	immune	8	8	EGFR,EGR1,FOS,JUN,DUSP6,SPRY2,AREG,EREG	4	0	0.79638633	1.255672e-09	0	0.4	0	36601	4992	11329515
GSE283052	GSM8655166_P17	colorectal cancer	EGF/ERBB	stroma_fibroblast	8	8	EGFR,EGR1,FOS,JUN,DUSP6,SPRY2,AREG,EREG	772	0.37532383	0.87265995	0.43009174	0.53626943	0.8	0	36601	4992	11329515
GSE283052	GSM8655166_P17	colorectal cancer	EGF/ERBB	endothelial	8	8	EGFR,EGR1,FOS,JUN,DUSP6,SPRY2,AREG,EREG	0	0	0.7957482	1.2566789e-09	0	0.4	0	36601	4992	11329515
GSE283052	GSM8655166_P17	colorectal cancer	EGF/ERBB	ambiguous_or_low_signal	8	8	EGFR,EGR1,FOS,JUN,DUSP6,SPRY2,AREG,EREG	930	0.33655914	0.90088011	0.37358927	0.59354839	0.6	0	36601	4992	11329515
GSE283052	GSM8655166_P17	colorectal cancer	MIF	tumor_like	7	7	CD74,CXCR4,CXCR2,HLA-DRA,HLA-DRB1,NFKBIA,IL1B	3286	0.89044431	0.99589683	0.894113	0.84601339	0.6	0	36601	4992	11329515
GSE283052	GSM8655166_P17	colorectal cancer	MIF	immune	7	7	CD74,CXCR4,CXCR2,HLA-DRA,HLA-DRB1,NFKBIA,IL1B	4	0.10714286	0.92713942	0.11556283	0.5	0.4	0	36601	4992	11329515
GSE283052	GSM8655166_P17	colorectal cancer	MIF	stroma_fibroblast	7	7	CD74,CXCR4,CXCR2,HLA-DRA,HLA-DRB1,NFKBIA,IL1B	772	1.1217617	0.89075829	1.2593334	0.63341969	1	1	36601	4992	11329515
GSE283052	GSM8655166_P17	colorectal cancer	MIF	endothelial	7	7	CD74,CXCR4,CXCR2,HLA-DRA,HLA-DRB1,NFKBIA,IL1B	0	0	0.92648237	1.0793514e-09	0	0.2	0	36601	4992	11329515
GSE283052	GSM8655166_P17	colorectal cancer	MIF	ambiguous_or_low_signal	7	7	CD74,CXCR4,CXCR2,HLA-DRA,HLA-DRB1,NFKBIA,IL1B	930	0.8952381	0.93363579	0.95887294	0.68709677	0.8	0	36601	4992	11329515
GSE283052	GSM8655166_P17	colorectal cancer	NOTCH	tumor_like	7	7	HES1,HEY1,HEY2,NOTCH1,NOTCH2,DLL4,JAG1	3286	0.39579167	0.21436945	1.8463063	0.6965916	1	1	36601	4992	11329515
GSE283052	GSM8655166_P17	colorectal cancer	NOTCH	immune	7	7	HES1,HEY1,HEY2,NOTCH1,NOTCH2,DLL4,JAG1	4	0.035714286	0.33403024	0.10691932	0.25	0.4	0	36601	4992	11329515
GSE283052	GSM8655166_P17	colorectal cancer	NOTCH	stroma_fibroblast	7	7	HES1,HEY1,HEY2,NOTCH1,NOTCH2,DLL4,JAG1	772	0.22168764	0.35429926	0.62570732	0.38082902	0.8	0	36601	4992	11329515
GSE283052	GSM8655166_P17	colorectal cancer	NOTCH	endothelial	7	7	HES1,HEY1,HEY2,NOTCH1,NOTCH2,DLL4,JAG1	0	0	0.33379121	2.9958848e-09	0	0.2	0	36601	4992	11329515
GSE283052	GSM8655166_P17	colorectal cancer	NOTCH	ambiguous_or_low_signal	7	7	HES1,HEY1,HEY2,NOTCH1,NOTCH2,DLL4,JAG1	930	0.20906298	0.36234789	0.57696756	0.45268817	0.6	0	36601	4992	11329515
GSE283052	GSM8655166_P17	colorectal cancer	SPP1	tumor_like	6	6	SPP1,CD44,ITGAV,ITGB1,FN1,MMP9	3286	1.5160783	1.9262407	0.78706586	0.89926963	0.6	0	36601	4992	11329515
GSE283052	GSM8655166_P17	colorectal cancer	SPP1	immune	6	6	SPP1,CD44,ITGAV,ITGB1,FN1,MMP9	4	0	1.6575782	6.0328979e-10	0	0.4	0	36601	4992	11329515
GSE283052	GSM8655166_P17	colorectal cancer	SPP1	stroma_fibroblast	6	6	SPP1,CD44,ITGAV,ITGB1,FN1,MMP9	772	1.9818653	1.5966825	1.2412395	0.76683938	1	0	36601	4992	11329515
GSE283052	GSM8655166_P17	colorectal cancer	SPP1	endothelial	6	6	SPP1,CD44,ITGAV,ITGB1,FN1,MMP9	0	0	1.65625	6.0377358e-10	0	0.4	0	36601	4992	11329515
GSE283052	GSM8655166_P17	colorectal cancer	SPP1	ambiguous_or_low_signal	6	6	SPP1,CD44,ITGAV,ITGB1,FN1,MMP9	930	1.8883513	1.6031101	1.1779298	0.83655914	0.8	0	36601	4992	11329515
GSE283052	GSM8655166_P17	colorectal cancer	TGFB	tumor_like	8	7	SERPINE1,SMAD7,CCN2,COL1A1,COL1A2,FN1,ACTA2	3286	1.736849	7.1411824	0.24321588	0.94856969	0.6	0	36601	4992	11329515
GSE283052	GSM8655166_P17	colorectal cancer	TGFB	immune	8	7	SERPINE1,SMAD7,CCN2,COL1A1,COL1A2,FN1,ACTA2	4	0.10714286	3.5865506	0.029873511	0.5	0.4	0	36601	4992	11329515
GSE283052	GSM8655166_P17	colorectal cancer	TGFB	stroma_fibroblast	8	7	SERPINE1,SMAD7,CCN2,COL1A1,COL1A2,FN1,ACTA2	772	9.6380459	2.4762018	3.89227	0.98834197	1	1	36601	4992	11329515
GSE283052	GSM8655166_P17	colorectal cancer	TGFB	endothelial	8	7	SERPINE1,SMAD7,CCN2,COL1A1,COL1A2,FN1,ACTA2	0	0	3.5837626	2.7903634e-10	0	0.2	0	36601	4992	11329515
GSE283052	GSM8655166_P17	colorectal cancer	TGFB	ambiguous_or_low_signal	8	7	SERPINE1,SMAD7,CCN2,COL1A1,COL1A2,FN1,ACTA2	930	5.0987711	3.2368995	1.5752022	0.97096774	0.8	1	36601	4992	11329515
GSE283052	GSM8655166_P17	colorectal cancer	VEGF	tumor_like	7	7	KDR,FLT1,VWF,PECAM1,PLVAP,ENG,ESAM	3286	0.11603339	0.18162787	0.63885234	0.37857578	0.6	0	36601	4992	11329515
GSE283052	GSM8655166_P17	colorectal cancer	VEGF	immune	7	7	KDR,FLT1,VWF,PECAM1,PLVAP,ENG,ESAM	4	0	0.13856112	7.2170318e-09	0	0.4	0	36601	4992	11329515
GSE283052	GSM8655166_P17	colorectal cancer	VEGF	stroma_fibroblast	7	7	KDR,FLT1,VWF,PECAM1,PLVAP,ENG,ESAM	772	0.24870466	0.1182803	2.1026719	0.29792746	1	1	36601	4992	11329515
GSE283052	GSM8655166_P17	colorectal cancer	VEGF	endothelial	7	7	KDR,FLT1,VWF,PECAM1,PLVAP,ENG,ESAM	0	0	0.13845009	7.2228193e-09	0	0.4	0	36601	4992	11329515
GSE283052	GSM8655166_P17	colorectal cancer	VEGF	ambiguous_or_low_signal	7	7	KDR,FLT1,VWF,PECAM1,PLVAP,ENG,ESAM	930	0.12672811	0.14113385	0.89792851	0.30967742	0.8	0	36601	4992	11329515
GSE283052	GSM8655166_P17	colorectal cancer	WNT	tumor_like	7	7	AXIN2,LEF1,TCF7,DKK1,FZD5,JUN,FOS	3286	0.79736545	0.30179199	2.6421027	0.81162508	1	1	36601	4992	11329515
GSE283052	GSM8655166_P17	colorectal cancer	WNT	immune	7	7	AXIN2,LEF1,TCF7,DKK1,FZD5,JUN,FOS	4	0	0.62850842	1.5910686e-09	0	0.4	0	36601	4992	11329515
GSE283052	GSM8655166_P17	colorectal cancer	WNT	stroma_fibroblast	7	7	AXIN2,LEF1,TCF7,DKK1,FZD5,JUN,FOS	772	0.30606958	0.68689912	0.44558156	0.48056995	0.8	0	36601	4992	11329515
GSE283052	GSM8655166_P17	colorectal cancer	WNT	endothelial	7	7	AXIN2,LEF1,TCF7,DKK1,FZD5,JUN,FOS	0	0	0.62800481	1.5923445e-09	0	0.4	0	36601	4992	11329515
GSE283052	GSM8655166_P17	colorectal cancer	WNT	ambiguous_or_low_signal	7	7	AXIN2,LEF1,TCF7,DKK1,FZD5,JUN,FOS	930	0.29953917	0.70320743	0.42596133	0.50860215	0.6	0	36601	4992	11329515
GSE283052	GSM8655167_P18	colorectal cancer	CCL chemokine	tumor_like	6	6	CCL2,CCL3,CCL4,CCR2,LST1,IL1B	1293	0.079273009	0.081959088	0.96722658	0.27300851	0.8	0	36601	4992	9481202
GSE283052	GSM8655167_P18	colorectal cancer	CCL chemokine	immune	6	6	CCL2,CCL3,CCL4,CCR2,LST1,IL1B	239	0.056485356	0.082509292	0.68459387	0.22594142	0.4	0	36601	4992	9481202
GSE283052	GSM8655167_P18	colorectal cancer	CCL chemokine	stroma_fibroblast	6	6	CCL2,CCL3,CCL4,CCR2,LST1,IL1B	1772	0.092456734	0.07510352	1.2310573	0.23927765	1	0	36601	4992	9481202
GSE283052	GSM8655167_P18	colorectal cancer	CCL chemokine	endothelial	6	6	CCL2,CCL3,CCL4,CCR2,LST1,IL1B	6	0	0.081361145	1.2290879e-08	0	0.2	0	36601	4992	9481202
GSE283052	GSM8655167_P18	colorectal cancer	CCL chemokine	ambiguous_or_low_signal	6	6	CCL2,CCL3,CCL4,CCR2,LST1,IL1B	1682	0.074811732	0.084541793	0.88490828	0.25505351	0.6	0	36601	4992	9481202
GSE283052	GSM8655167_P18	colorectal cancer	CXCL chemokine	tumor_like	7	7	CXCL9,CXCL10,CXCL11,CXCR3,CXCR4,ISG15,STAT1	1293	0.73251574	0.54597768	1.3416588	0.63959783	1	1	36601	4992	9481202
GSE283052	GSM8655167_P18	colorectal cancer	CXCL chemokine	immune	7	7	CXCL9,CXCL10,CXCL11,CXCR3,CXCR4,ISG15,STAT1	239	0.43693963	0.60220613	0.7255649	0.64853556	0.4	0	36601	4992	9481202
GSE283052	GSM8655167_P18	colorectal cancer	CXCL chemokine	stroma_fibroblast	7	7	CXCL9,CXCL10,CXCL11,CXCR3,CXCR4,ISG15,STAT1	1772	0.55207997	0.6175244	0.89402131	0.53837472	0.6	0	36601	4992	9481202
GSE283052	GSM8655167_P18	colorectal cancer	CXCL chemokine	endothelial	7	7	CXCL9,CXCL10,CXCL11,CXCR3,CXCR4,ISG15,STAT1	6	0.095238095	0.59489428	0.16009247	0.5	0.2	0	36601	4992	9481202
GSE283052	GSM8655167_P18	colorectal cancer	CXCL chemokine	ambiguous_or_low_signal	7	7	CXCL9,CXCL10,CXCL11,CXCR3,CXCR4,ISG15,STAT1	1682	0.55665025	0.61342253	0.90744995	0.62782402	0.8	0	36601	4992	9481202
GSE283052	GSM8655167_P18	colorectal cancer	ECM-integrin	tumor_like	9	9	COL1A1,COL1A2,COL3A1,FN1,ITGA2,ITGAV,ITGB1,ACTA2,TAGLN	1293	3.0828392	6.8280616	0.45149552	0.91569992	0.6	0	36601	4992	9481202
GSE283052	GSM8655167_P18	colorectal cancer	ECM-integrin	immune	9	9	COL1A1,COL1A2,COL3A1,FN1,ITGA2,ITGAV,ITGB1,ACTA2,TAGLN	239	0.31613203	6.1366622	0.051515306	0.83682008	0.4	0	36601	4992	9481202
GSE283052	GSM8655167_P18	colorectal cancer	ECM-integrin	stroma_fibroblast	9	9	COL1A1,COL1A2,COL3A1,FN1,ITGA2,ITGAV,ITGB1,ACTA2,TAGLN	1772	9.7668046	3.7069358	2.634738	0.99266366	1	1	36601	4992	9481202
GSE283052	GSM8655167_P18	colorectal cancer	ECM-integrin	endothelial	9	9	COL1A1,COL1A2,COL3A1,FN1,ITGA2,ITGAV,ITGB1,ACTA2,TAGLN	6	0.12962963	5.8648884	0.02210266	0.66666667	0.2	0	36601	4992	9481202
GSE283052	GSM8655167_P18	colorectal cancer	ECM-integrin	ambiguous_or_low_signal	9	9	COL1A1,COL1A2,COL3A1,FN1,ITGA2,ITGAV,ITGB1,ACTA2,TAGLN	1682	4.6812657	6.4559584	0.72510779	0.9548157	0.8	0	36601	4992	9481202
GSE283052	GSM8655167_P18	colorectal cancer	EGF/ERBB	tumor_like	8	8	EGFR,EGR1,FOS,JUN,DUSP6,SPRY2,AREG,EREG	1293	1.1740139	0.40024331	2.9332506	0.71848415	1	1	36601	4992	9481202
GSE283052	GSM8655167_P18	colorectal cancer	EGF/ERBB	immune	8	8	EGFR,EGR1,FOS,JUN,DUSP6,SPRY2,AREG,EREG	239	0.10146444	0.62576268	0.16214523	0.50209205	0.4	0	36601	4992	9481202
GSE283052	GSM8655167_P18	colorectal cancer	EGF/ERBB	stroma_fibroblast	8	8	EGFR,EGR1,FOS,JUN,DUSP6,SPRY2,AREG,EREG	1772	0.38000847	0.72208851	0.526263	0.58577878	0.6	0	36601	4992	9481202
GSE283052	GSM8655167_P18	colorectal cancer	EGF/ERBB	endothelial	8	8	EGFR,EGR1,FOS,JUN,DUSP6,SPRY2,AREG,EREG	6	0.0625	0.60130866	0.10393996	0.5	0.2	0	36601	4992	9481202
GSE283052	GSM8655167_P18	colorectal cancer	EGF/ERBB	ambiguous_or_low_signal	8	8	EGFR,EGR1,FOS,JUN,DUSP6,SPRY2,AREG,EREG	1682	0.46521998	0.6694864	0.69489085	0.64744352	0.8	0	36601	4992	9481202
GSE283052	GSM8655167_P18	colorectal cancer	MIF	tumor_like	7	7	CD74,CXCR4,CXCR2,HLA-DRA,HLA-DRB1,NFKBIA,IL1B	1293	1.4825986	1.1830997	1.2531477	0.79350348	0.8	1	36601	4992	9481202
GSE283052	GSM8655167_P18	colorectal cancer	MIF	immune	7	7	CD74,CXCR4,CXCR2,HLA-DRA,HLA-DRB1,NFKBIA,IL1B	239	4.5355649	1.0959995	4.1382909	0.92887029	1	1	36601	4992	9481202
GSE283052	GSM8655167_P18	colorectal cancer	MIF	stroma_fibroblast	7	7	CD74,CXCR4,CXCR2,HLA-DRA,HLA-DRB1,NFKBIA,IL1B	1772	0.95977104	1.4262644	0.67292644	0.71670429	0.6	0	36601	4992	9481202
GSE283052	GSM8655167_P18	colorectal cancer	MIF	endothelial	7	7	CD74,CXCR4,CXCR2,HLA-DRA,HLA-DRB1,NFKBIA,IL1B	6	0.26190476	1.2618761	0.20755188	0.66666667	0.2	0	36601	4992	9481202
GSE283052	GSM8655167_P18	colorectal cancer	MIF	ambiguous_or_low_signal	7	7	CD74,CXCR4,CXCR2,HLA-DRA,HLA-DRB1,NFKBIA,IL1B	1682	0.94530321	1.4209322	0.66526973	0.78418549	0.4	0	36601	4992	9481202
GSE283052	GSM8655167_P18	colorectal cancer	NOTCH	tumor_like	7	7	HES1,HEY1,HEY2,NOTCH1,NOTCH2,DLL4,JAG1	1293	0.47342835	0.21870776	2.1646619	0.58700696	1	1	36601	4992	9481202
GSE283052	GSM8655167_P18	colorectal cancer	NOTCH	immune	7	7	HES1,HEY1,HEY2,NOTCH1,NOTCH2,DLL4,JAG1	239	0.085475194	0.29470109	0.29004031	0.30543933	0.4	0	36601	4992	9481202
GSE283052	GSM8655167_P18	colorectal cancer	NOTCH	stroma_fibroblast	7	7	HES1,HEY1,HEY2,NOTCH1,NOTCH2,DLL4,JAG1	1772	0.22508868	0.31748004	0.70898531	0.42042889	0.6	0	36601	4992	9481202
GSE283052	GSM8655167_P18	colorectal cancer	NOTCH	endothelial	7	7	HES1,HEY1,HEY2,NOTCH1,NOTCH2,DLL4,JAG1	6	0.023809524	0.28499799	0.08354278	0.16666667	0.2	0	36601	4992	9481202
GSE283052	GSM8655167_P18	colorectal cancer	NOTCH	ambiguous_or_low_signal	7	7	HES1,HEY1,HEY2,NOTCH1,NOTCH2,DLL4,JAG1	1682	0.23161203	0.311653	0.74317278	0.49167658	0.8	0	36601	4992	9481202
GSE283052	GSM8655167_P18	colorectal cancer	SPP1	tumor_like	6	6	SPP1,CD44,ITGAV,ITGB1,FN1,MMP9	1293	1.5399588	1.6685591	0.92292732	0.76798144	0.8	0	36601	4992	9481202
GSE283052	GSM8655167_P18	colorectal cancer	SPP1	immune	6	6	SPP1,CD44,ITGAV,ITGB1,FN1,MMP9	239	0.38423989	1.6981556	0.22626896	0.68200837	0.4	0	36601	4992	9481202
GSE283052	GSM8655167_P18	colorectal cancer	SPP1	stroma_fibroblast	6	6	SPP1,CD44,ITGAV,ITGB1,FN1,MMP9	1772	2.0542701	1.4046584	1.4624696	0.76015801	1	1	36601	4992	9481202
GSE283052	GSM8655167_P18	colorectal cancer	SPP1	endothelial	6	6	SPP1,CD44,ITGAV,ITGB1,FN1,MMP9	6	0.13888889	1.6370504	0.084840937	0.5	0.2	0	36601	4992	9481202
GSE283052	GSM8655167_P18	colorectal cancer	SPP1	ambiguous_or_low_signal	6	6	SPP1,CD44,ITGAV,ITGB1,FN1,MMP9	1682	1.4501585	1.7293051	0.83857875	0.7568371	0.6	0	36601	4992	9481202
GSE283052	GSM8655167_P18	colorectal cancer	TGFB	tumor_like	8	7	SERPINE1,SMAD7,CCN2,COL1A1,COL1A2,FN1,ACTA2	1293	2.6353994	6.4142046	0.41086924	0.85924207	0.6	0	36601	4992	9481202
GSE283052	GSM8655167_P18	colorectal cancer	TGFB	immune	8	7	SERPINE1,SMAD7,CCN2,COL1A1,COL1A2,FN1,ACTA2	239	0.25224148	5.6960717	0.044283411	0.69456067	0.4	0	36601	4992	9481202
GSE283052	GSM8655167_P18	colorectal cancer	TGFB	stroma_fibroblast	8	7	SERPINE1,SMAD7,CCN2,COL1A1,COL1A2,FN1,ACTA2	1772	9.2981296	3.3097604	2.8093059	0.96952596	1	1	36601	4992	9481202
GSE283052	GSM8655167_P18	colorectal cancer	TGFB	endothelial	8	7	SERPINE1,SMAD7,CCN2,COL1A1,COL1A2,FN1,ACTA2	6	0.11904762	5.4418371	0.021876366	0.66666667	0.2	0	36601	4992	9481202
GSE283052	GSM8655167_P18	colorectal cancer	TGFB	ambiguous_or_low_signal	8	7	SERPINE1,SMAD7,CCN2,COL1A1,COL1A2,FN1,ACTA2	1682	4.2739935	6.0256366	0.70930158	0.91854935	0.8	0	36601	4992	9481202
GSE283052	GSM8655167_P18	colorectal cancer	VEGF	tumor_like	7	7	KDR,FLT1,VWF,PECAM1,PLVAP,ENG,ESAM	1293	0.13236107	0.19240721	0.68792153	0.44624903	0.4	0	36601	4992	9481202
GSE283052	GSM8655167_P18	colorectal cancer	VEGF	immune	7	7	KDR,FLT1,VWF,PECAM1,PLVAP,ENG,ESAM	239	0.079497908	0.18174987	0.43740283	0.28033473	0.2	0	36601	4992	9481202
GSE283052	GSM8655167_P18	colorectal cancer	VEGF	stroma_fibroblast	7	7	KDR,FLT1,VWF,PECAM1,PLVAP,ENG,ESAM	1772	0.24846824	0.13744454	1.8077708	0.38318284	0.8	1	36601	4992	9481202
GSE283052	GSM8655167_P18	colorectal cancer	VEGF	endothelial	7	7	KDR,FLT1,VWF,PECAM1,PLVAP,ENG,ESAM	6	0.26190476	0.17675205	1.4817637	0.83333333	1	1	36601	4992	9481202
GSE283052	GSM8655167_P18	colorectal cancer	VEGF	ambiguous_or_low_signal	7	7	KDR,FLT1,VWF,PECAM1,PLVAP,ENG,ESAM	1682	0.14914218	0.19093656	0.78110856	0.4274673	0.6	0	36601	4992	9481202
GSE283052	GSM8655167_P18	colorectal cancer	WNT	tumor_like	7	7	AXIN2,LEF1,TCF7,DKK1,FZD5,JUN,FOS	1293	1.0450779	0.3468505	3.01305	0.67285383	1	1	36601	4992	9481202
GSE283052	GSM8655167_P18	colorectal cancer	WNT	immune	7	7	AXIN2,LEF1,TCF7,DKK1,FZD5,JUN,FOS	239	0.097429767	0.54933726	0.17735875	0.43514644	0.4	0	36601	4992	9481202
GSE283052	GSM8655167_P18	colorectal cancer	WNT	stroma_fibroblast	7	7	AXIN2,LEF1,TCF7,DKK1,FZD5,JUN,FOS	1772	0.31747823	0.64338953	0.49344638	0.52539503	0.6	0	36601	4992	9481202
GSE283052	GSM8655167_P18	colorectal cancer	WNT	endothelial	7	7	AXIN2,LEF1,TCF7,DKK1,FZD5,JUN,FOS	6	0.047619048	0.52827918	0.09013993	0.33333333	0.2	0	36601	4992	9481202
GSE283052	GSM8655167_P18	colorectal cancer	WNT	ambiguous_or_low_signal	7	7	AXIN2,LEF1,TCF7,DKK1,FZD5,JUN,FOS	1682	0.4143027	0.58532585	0.70781548	0.62247325	0.8	0	36601	4992	9481202
GSE283052	GSM8655168_P24	colorectal cancer	CCL chemokine	tumor_like	6	6	CCL2,CCL3,CCL4,CCR2,LST1,IL1B	2937	0.033934854	0.095377129	0.35579656	0.13891726	0.4	0	36601	4992	10342065
GSE283052	GSM8655168_P24	colorectal cancer	CCL chemokine	immune	6	6	CCL2,CCL3,CCL4,CCR2,LST1,IL1B	13	0.26923077	0.058679788	4.5881346	0.38461538	1	1	36601	4992	10342065
GSE283052	GSM8655168_P24	colorectal cancer	CCL chemokine	stroma_fibroblast	6	6	CCL2,CCL3,CCL4,CCR2,LST1,IL1B	925	0.12234234	0.044873371	2.7263907	0.3427027	0.8	1	36601	4992	10342065
GSE283052	GSM8655168_P24	colorectal cancer	CCL chemokine	endothelial	6	6	CCL2,CCL3,CCL4,CCR2,LST1,IL1B	1	0	0.059239965	1.6880496e-08	0	0.2	0	36601	4992	10342065
GSE283052	GSM8655168_P24	colorectal cancer	CCL chemokine	ambiguous_or_low_signal	6	6	CCL2,CCL3,CCL4,CCR2,LST1,IL1B	1116	0.071087216	0.055813553	1.2736551	0.27329749	0.6	0	36601	4992	10342065
GSE283052	GSM8655168_P24	colorectal cancer	CXCL chemokine	tumor_like	7	7	CXCL9,CXCL10,CXCL11,CXCR3,CXCR4,ISG15,STAT1	2937	0.16999854	0.58533194	0.290431	0.36465781	0.4	0	36601	4992	10342065
GSE283052	GSM8655168_P24	colorectal cancer	CXCL chemokine	immune	7	7	CXCL9,CXCL10,CXCL11,CXCR3,CXCR4,ISG15,STAT1	13	0.86813187	0.33959774	2.5563535	0.61538462	1	1	36601	4992	10342065
GSE283052	GSM8655168_P24	colorectal cancer	CXCL chemokine	stroma_fibroblast	7	7	CXCL9,CXCL10,CXCL11,CXCR3,CXCR4,ISG15,STAT1	925	0.76324324	0.24493309	3.1161296	0.65405405	0.8	1	36601	4992	10342065
GSE283052	GSM8655168_P24	colorectal cancer	CXCL chemokine	endothelial	7	7	CXCL9,CXCL10,CXCL11,CXCR3,CXCR4,ISG15,STAT1	1	0	0.34104245	2.9321863e-09	0	0.2	0	36601	4992	10342065
GSE283052	GSM8655168_P24	colorectal cancer	CXCL chemokine	ambiguous_or_low_signal	7	7	CXCL9,CXCL10,CXCL11,CXCR3,CXCR4,ISG15,STAT1	1116	0.43509985	0.31387292	1.3862293	0.58781362	0.6	0	36601	4992	10342065
GSE283052	GSM8655168_P24	colorectal cancer	ECM-integrin	tumor_like	9	9	COL1A1,COL1A2,COL3A1,FN1,ITGA2,ITGAV,ITGB1,ACTA2,TAGLN	2937	1.4524647	11.670668	0.12445429	0.91794348	0.6	0	36601	4992	10342065
GSE283052	GSM8655168_P24	colorectal cancer	ECM-integrin	immune	9	9	COL1A1,COL1A2,COL3A1,FN1,ITGA2,ITGAV,ITGB1,ACTA2,TAGLN	13	0.92307692	5.6712414	0.16276453	0.92307692	0.4	0	36601	4992	10342065
GSE283052	GSM8655168_P24	colorectal cancer	ECM-integrin	stroma_fibroblast	9	9	COL1A1,COL1A2,COL3A1,FN1,ITGA2,ITGAV,ITGB1,ACTA2,TAGLN	925	17.915315	2.8712674	6.2395148	0.99027027	1	1	36601	4992	10342065
GSE283052	GSM8655168_P24	colorectal cancer	ECM-integrin	endothelial	9	9	COL1A1,COL1A2,COL3A1,FN1,ITGA2,ITGAV,ITGB1,ACTA2,TAGLN	1	0	5.6600102	1.7667813e-10	0	0.2	0	36601	4992	10342065
GSE283052	GSM8655168_P24	colorectal cancer	ECM-integrin	ambiguous_or_low_signal	9	9	COL1A1,COL1A2,COL3A1,FN1,ITGA2,ITGAV,ITGB1,ACTA2,TAGLN	1116	6.6304261	5.3791423	1.2326177	0.97043011	0.8	0	36601	4992	10342065
GSE283052	GSM8655168_P24	colorectal cancer	EGF/ERBB	tumor_like	8	8	EGFR,EGR1,FOS,JUN,DUSP6,SPRY2,AREG,EREG	2937	1.019365	0.72329684	1.4093315	0.87299966	1	1	36601	4992	10342065
GSE283052	GSM8655168_P24	colorectal cancer	EGF/ERBB	immune	8	8	EGFR,EGR1,FOS,JUN,DUSP6,SPRY2,AREG,EREG	13	0.33653846	0.89895059	0.37436814	0.69230769	0.4	0	36601	4992	10342065
GSE283052	GSM8655168_P24	colorectal cancer	EGF/ERBB	stroma_fibroblast	8	8	EGFR,EGR1,FOS,JUN,DUSP6,SPRY2,AREG,EREG	925	0.87689189	0.9021699	0.97198087	0.81621622	0.8	0	36601	4992	10342065
GSE283052	GSM8655168_P24	colorectal cancer	EGF/ERBB	endothelial	8	8	EGFR,EGR1,FOS,JUN,DUSP6,SPRY2,AREG,EREG	1	0	0.8976658	1.1140003e-09	0	0.2	0	36601	4992	10342065
GSE283052	GSM8655168_P24	colorectal cancer	EGF/ERBB	ambiguous_or_low_signal	8	8	EGFR,EGR1,FOS,JUN,DUSP6,SPRY2,AREG,EREG	1116	0.60114247	0.98281089	0.6116563	0.82168459	0.6	0	36601	4992	10342065
GSE283052	GSM8655168_P24	colorectal cancer	MIF	tumor_like	7	7	CD74,CXCR4,CXCR2,HLA-DRA,HLA-DRB1,NFKBIA,IL1B	2937	0.49486843	1.6057004	0.30819475	0.73272046	0.4	0	36601	4992	10342065
GSE283052	GSM8655168_P24	colorectal cancer	MIF	immune	7	7	CD74,CXCR4,CXCR2,HLA-DRA,HLA-DRB1,NFKBIA,IL1B	13	14.098901	0.9178263	15.361187	0.92307692	1	1	36601	4992	10342065
GSE283052	GSM8655168_P24	colorectal cancer	MIF	stroma_fibroblast	7	7	CD74,CXCR4,CXCR2,HLA-DRA,HLA-DRB1,NFKBIA,IL1B	925	2.1518147	0.67930029	3.1676928	0.82594595	0.8	1	36601	4992	10342065
GSE283052	GSM8655168_P24	colorectal cancer	MIF	endothelial	7	7	CD74,CXCR4,CXCR2,HLA-DRA,HLA-DRB1,NFKBIA,IL1B	1	0	0.95234279	1.0500421e-09	0	0.2	0	36601	4992	10342065
GSE283052	GSM8655168_P24	colorectal cancer	MIF	ambiguous_or_low_signal	7	7	CD74,CXCR4,CXCR2,HLA-DRA,HLA-DRB1,NFKBIA,IL1B	1116	1.0089606	0.93579537	1.078185	0.78853047	0.6	0	36601	4992	10342065
GSE283052	GSM8655168_P24	colorectal cancer	NOTCH	tumor_like	7	7	HES1,HEY1,HEY2,NOTCH1,NOTCH2,DLL4,JAG1	2937	0.35940464	0.37142857	0.96762788	0.62410623	0.8	0	36601	4992	10342065
GSE283052	GSM8655168_P24	colorectal cancer	NOTCH	immune	7	7	HES1,HEY1,HEY2,NOTCH1,NOTCH2,DLL4,JAG1	13	0.18681319	0.36481795	0.51207236	0.61538462	0.4	0	36601	4992	10342065
GSE283052	GSM8655168_P24	colorectal cancer	NOTCH	stroma_fibroblast	7	7	HES1,HEY1,HEY2,NOTCH1,NOTCH2,DLL4,JAG1	925	0.40818533	0.35438547	1.1518117	0.66054054	1	0	36601	4992	10342065
GSE283052	GSM8655168_P24	colorectal cancer	NOTCH	endothelial	7	7	HES1,HEY1,HEY2,NOTCH1,NOTCH2,DLL4,JAG1	1	0	0.3644274	2.7440308e-09	0	0.2	0	36601	4992	10342065
GSE283052	GSM8655168_P24	colorectal cancer	NOTCH	ambiguous_or_low_signal	7	7	HES1,HEY1,HEY2,NOTCH1,NOTCH2,DLL4,JAG1	1116	0.34344598	0.37037447	0.92729389	0.63888889	0.6	0	36601	4992	10342065
GSE283052	GSM8655168_P24	colorectal cancer	SPP1	tumor_like	6	6	SPP1,CD44,ITGAV,ITGB1,FN1,MMP9	2937	0.67881058	2.3395783	0.29014228	0.73340143	0.4	0	36601	4992	10342065
GSE283052	GSM8655168_P24	colorectal cancer	SPP1	immune	6	6	SPP1,CD44,ITGAV,ITGB1,FN1,MMP9	13	1.3205128	1.3625895	0.96912003	0.69230769	0.6	0	36601	4992	10342065
GSE283052	GSM8655168_P24	colorectal cancer	SPP1	stroma_fibroblast	6	6	SPP1,CD44,ITGAV,ITGB1,FN1,MMP9	925	3.2005405	0.94443078	3.3888566	0.84972973	1	1	36601	4992	10342065
GSE283052	GSM8655168_P24	colorectal cancer	SPP1	endothelial	6	6	SPP1,CD44,ITGAV,ITGB1,FN1,MMP9	1	0	1.362753	7.3380872e-10	0	0.2	0	36601	4992	10342065
GSE283052	GSM8655168_P24	colorectal cancer	SPP1	ambiguous_or_low_signal	6	6	SPP1,CD44,ITGAV,ITGB1,FN1,MMP9	1116	1.6399343	1.2825937	1.2786077	0.81362007	0.8	1	36601	4992	10342065
GSE283052	GSM8655168_P24	colorectal cancer	TGFB	tumor_like	8	7	SERPINE1,SMAD7,CCN2,COL1A1,COL1A2,FN1,ACTA2	2937	1.2436403	10.615016	0.11715859	0.85325162	0.6	0	36601	4992	10342065
GSE283052	GSM8655168_P24	colorectal cancer	TGFB	immune	8	7	SERPINE1,SMAD7,CCN2,COL1A1,COL1A2,FN1,ACTA2	13	0.91208791	5.1123863	0.17840747	0.84615385	0.4	0	36601	4992	10342065
GSE283052	GSM8655168_P24	colorectal cancer	TGFB	stroma_fibroblast	8	7	SERPINE1,SMAD7,CCN2,COL1A1,COL1A2,FN1,ACTA2	925	16.37251	2.5379536	6.4510675	0.9772973	1	1	36601	4992	10342065
GSE283052	GSM8655168_P24	colorectal cancer	TGFB	endothelial	8	7	SERPINE1,SMAD7,CCN2,COL1A1,COL1A2,FN1,ACTA2	1	0	5.1024702	1.9598351e-10	0	0.2	0	36601	4992	10342065
GSE283052	GSM8655168_P24	colorectal cancer	TGFB	ambiguous_or_low_signal	8	7	SERPINE1,SMAD7,CCN2,COL1A1,COL1A2,FN1,ACTA2	1116	5.9654378	4.8526832	1.2293071	0.95698925	0.8	0	36601	4992	10342065
GSE283052	GSM8655168_P24	colorectal cancer	VEGF	tumor_like	7	7	KDR,FLT1,VWF,PECAM1,PLVAP,ENG,ESAM	2937	0.082397004	0.35849844	0.22983923	0.25195778	0.2	0	36601	4992	10342065
GSE283052	GSM8655168_P24	colorectal cancer	VEGF	immune	7	7	KDR,FLT1,VWF,PECAM1,PLVAP,ENG,ESAM	13	0.12087912	0.19625283	0.61593567	0.38461538	0.4	0	36601	4992	10342065
GSE283052	GSM8655168_P24	colorectal cancer	VEGF	stroma_fibroblast	7	7	KDR,FLT1,VWF,PECAM1,PLVAP,ENG,ESAM	925	0.47073359	0.1335839	3.5238797	0.60432432	1	1	36601	4992	10342065
GSE283052	GSM8655168_P24	colorectal cancer	VEGF	endothelial	7	7	KDR,FLT1,VWF,PECAM1,PLVAP,ENG,ESAM	1	0.14285714	0.19606721	0.72861314	1	0.6	0	36601	4992	10342065
GSE283052	GSM8655168_P24	colorectal cancer	VEGF	ambiguous_or_low_signal	7	7	KDR,FLT1,VWF,PECAM1,PLVAP,ENG,ESAM	1116	0.26843318	0.17521746	1.5320002	0.50896057	0.8	1	36601	4992	10342065
GSE283052	GSM8655168_P24	colorectal cancer	WNT	tumor_like	7	7	AXIN2,LEF1,TCF7,DKK1,FZD5,JUN,FOS	2937	1.0725716	0.69676747	1.5393538	0.85257065	1	1	36601	4992	10342065
GSE283052	GSM8655168_P24	colorectal cancer	WNT	immune	7	7	AXIN2,LEF1,TCF7,DKK1,FZD5,JUN,FOS	13	0.30769231	0.91946174	0.33464395	0.76923077	0.4	0	36601	4992	10342065
GSE283052	GSM8655168_P24	colorectal cancer	WNT	stroma_fibroblast	7	7	AXIN2,LEF1,TCF7,DKK1,FZD5,JUN,FOS	925	0.81513514	0.94123433	0.86602785	0.78918919	0.8	0	36601	4992	10342065
GSE283052	GSM8655168_P24	colorectal cancer	WNT	endothelial	7	7	AXIN2,LEF1,TCF7,DKK1,FZD5,JUN,FOS	1	0	0.91805249	1.0892623e-09	0	0.2	0	36601	4992	10342065
GSE283052	GSM8655168_P24	colorectal cancer	WNT	ambiguous_or_low_signal	7	7	AXIN2,LEF1,TCF7,DKK1,FZD5,JUN,FOS	1116	0.60381464	1.0082928	0.59884852	0.78315412	0.6	0	36601	4992	10342065
GSE292299	GSM8855703_NSCLC_P1	NSCLC	CCL chemokine	tumor_like	6	6	CCL2,CCL3,CCL4,CCR2,LST1,IL1B	3475	0.13558753	0.19947823	0.67971093	0.48316547	0.4	0	18120	8458	27542232
GSE292299	GSM8855703_NSCLC_P1	NSCLC	CCL chemokine	immune	6	6	CCL2,CCL3,CCL4,CCR2,LST1,IL1B	232	0.25862069	0.17082016	1.5139939	0.59051724	1	1	18120	8458	27542232
GSE292299	GSM8855703_NSCLC_P1	NSCLC	CCL chemokine	stroma_fibroblast	6	6	CCL2,CCL3,CCL4,CCR2,LST1,IL1B	2895	0.22659758	0.14545509	1.5578525	0.56338515	0.8	1	18120	8458	27542232
GSE292299	GSM8855703_NSCLC_P1	NSCLC	CCL chemokine	endothelial	6	6	CCL2,CCL3,CCL4,CCR2,LST1,IL1B	58	0.08045977	0.17386905	0.46276075	0.39655172	0.2	0	18120	8458	27542232
GSE292299	GSM8855703_NSCLC_P1	NSCLC	CCL chemokine	ambiguous_or_low_signal	6	6	CCL2,CCL3,CCL4,CCR2,LST1,IL1B	1798	0.15202076	0.17895395	0.84949654	0.4727475	0.6	0	18120	8458	27542232
GSE292299	GSM8855703_NSCLC_P1	NSCLC	CXCL chemokine	tumor_like	7	7	CXCL9,CXCL10,CXCL11,CXCR3,CXCR4,ISG15,STAT1	3475	0.31909558	0.36845274	0.86604209	0.61611511	0.8	0	18120	8458	27542232
GSE292299	GSM8855703_NSCLC_P1	NSCLC	CXCL chemokine	immune	7	7	CXCL9,CXCL10,CXCL11,CXCR3,CXCR4,ISG15,STAT1	232	0.25862069	0.35069987	0.73744164	0.61637931	0.6	0	18120	8458	27542232
GSE292299	GSM8855703_NSCLC_P1	NSCLC	CXCL chemokine	stroma_fibroblast	7	7	CXCL9,CXCL10,CXCL11,CXCR3,CXCR4,ISG15,STAT1	2895	0.45482359	0.29267353	1.5540305	0.70811744	1	1	18120	8458	27542232
GSE292299	GSM8855703_NSCLC_P1	NSCLC	CXCL chemokine	endothelial	7	7	CXCL9,CXCL10,CXCL11,CXCR3,CXCR4,ISG15,STAT1	58	0.086206897	0.34998299	0.24631739	0.46551724	0.2	0	18120	8458	27542232
GSE292299	GSM8855703_NSCLC_P1	NSCLC	CXCL chemokine	ambiguous_or_low_signal	7	7	CXCL9,CXCL10,CXCL11,CXCR3,CXCR4,ISG15,STAT1	1798	0.25266169	0.37395967	0.67563886	0.58676307	0.4	0	18120	8458	27542232
GSE292299	GSM8855703_NSCLC_P1	NSCLC	ECM-integrin	tumor_like	9	9	COL1A1,COL1A2,COL3A1,FN1,ITGA2,ITGAV,ITGB1,ACTA2,TAGLN	3475	1.0777618	7.1419716	0.15090536	0.89151079	0.6	0	18120	8458	27542232
GSE292299	GSM8855703_NSCLC_P1	NSCLC	ECM-integrin	immune	9	9	COL1A1,COL1A2,COL3A1,FN1,ITGA2,ITGAV,ITGB1,ACTA2,TAGLN	232	1.0234674	4.7527622	0.2153416	0.84051724	0.4	0	18120	8458	27542232
GSE292299	GSM8855703_NSCLC_P1	NSCLC	ECM-integrin	stroma_fibroblast	9	9	COL1A1,COL1A2,COL3A1,FN1,ITGA2,ITGAV,ITGB1,ACTA2,TAGLN	2895	11.150489	1.2678411	8.7948635	0.99620035	1	1	18120	8458	27542232
GSE292299	GSM8855703_NSCLC_P1	NSCLC	ECM-integrin	endothelial	9	9	COL1A1,COL1A2,COL3A1,FN1,ITGA2,ITGAV,ITGB1,ACTA2,TAGLN	58	0.27394636	4.6806878	0.058526945	0.68965517	0.2	0	18120	8458	27542232
GSE292299	GSM8855703_NSCLC_P1	NSCLC	ECM-integrin	ambiguous_or_low_signal	9	9	COL1A1,COL1A2,COL3A1,FN1,ITGA2,ITGAV,ITGB1,ACTA2,TAGLN	1798	1.6988011	5.4473307	0.31185938	0.93325918	0.8	0	18120	8458	27542232
GSE292299	GSM8855703_NSCLC_P1	NSCLC	EGF/ERBB	tumor_like	8	8	EGFR,EGR1,FOS,JUN,DUSP6,SPRY2,AREG,EREG	3475	0.61061151	0.81692755	0.74744879	0.79309353	0.6	0	18120	8458	27542232
GSE292299	GSM8855703_NSCLC_P1	NSCLC	EGF/ERBB	immune	8	8	EGFR,EGR1,FOS,JUN,DUSP6,SPRY2,AREG,EREG	232	0.64331897	0.73466752	0.87566001	0.76293103	0.8	0	18120	8458	27542232
GSE292299	GSM8855703_NSCLC_P1	NSCLC	EGF/ERBB	stroma_fibroblast	8	8	EGFR,EGR1,FOS,JUN,DUSP6,SPRY2,AREG,EREG	2895	1.0098877	0.58763257	1.71857	0.82936097	1	1	18120	8458	27542232
GSE292299	GSM8855703_NSCLC_P1	NSCLC	EGF/ERBB	endothelial	8	8	EGFR,EGR1,FOS,JUN,DUSP6,SPRY2,AREG,EREG	58	0.17025862	0.73604167	0.23131655	0.68965517	0.2	0	18120	8458	27542232
GSE292299	GSM8855703_NSCLC_P1	NSCLC	EGF/ERBB	ambiguous_or_low_signal	8	8	EGFR,EGR1,FOS,JUN,DUSP6,SPRY2,AREG,EREG	1798	0.54949944	0.78147523	0.70315658	0.77141268	0.4	0	18120	8458	27542232
GSE292299	GSM8855703_NSCLC_P1	NSCLC	MIF	tumor_like	7	5	CD74,CXCR4,CXCR2,NFKBIA,IL1B	3475	1.3696115	2.8563917	0.47949008	0.80489209	0.4	0	18120	8458	27542232
GSE292299	GSM8855703_NSCLC_P1	NSCLC	MIF	immune	7	5	CD74,CXCR4,CXCR2,NFKBIA,IL1B	232	3.5431034	2.2089472	1.6039783	0.77155172	1	1	18120	8458	27542232
GSE292299	GSM8855703_NSCLC_P1	NSCLC	MIF	stroma_fibroblast	7	5	CD74,CXCR4,CXCR2,NFKBIA,IL1B	2895	3.4280484	1.6301636	2.1028861	0.88497409	0.8	1	18120	8458	27542232
GSE292299	GSM8855703_NSCLC_P1	NSCLC	MIF	endothelial	7	5	CD74,CXCR4,CXCR2,NFKBIA,IL1B	58	0.2862069	2.2590714	0.12669227	0.56896552	0.2	0	18120	8458	27542232
GSE292299	GSM8855703_NSCLC_P1	NSCLC	MIF	ambiguous_or_low_signal	7	5	CD74,CXCR4,CXCR2,NFKBIA,IL1B	1798	1.9302558	2.3306607	0.82820115	0.80867631	0.6	0	18120	8458	27542232
GSE292299	GSM8855703_NSCLC_P1	NSCLC	NOTCH	tumor_like	7	7	HES1,HEY1,HEY2,NOTCH1,NOTCH2,DLL4,JAG1	3475	0.30811922	0.30535248	1.0090608	0.64172662	0.8	0	18120	8458	27542232
GSE292299	GSM8855703_NSCLC_P1	NSCLC	NOTCH	immune	7	7	HES1,HEY1,HEY2,NOTCH1,NOTCH2,DLL4,JAG1	232	0.1453202	0.3110347	0.46721539	0.49137931	0.4	0	18120	8458	27542232
GSE292299	GSM8855703_NSCLC_P1	NSCLC	NOTCH	stroma_fibroblast	7	7	HES1,HEY1,HEY2,NOTCH1,NOTCH2,DLL4,JAG1	2895	0.37907723	0.26871421	1.4107078	0.70811744	1	1	18120	8458	27542232
GSE292299	GSM8855703_NSCLC_P1	NSCLC	NOTCH	endothelial	7	7	HES1,HEY1,HEY2,NOTCH1,NOTCH2,DLL4,JAG1	58	0.073891626	0.30809524	0.23983372	0.32758621	0.2	0	18120	8458	27542232
GSE292299	GSM8855703_NSCLC_P1	NSCLC	NOTCH	ambiguous_or_low_signal	7	7	HES1,HEY1,HEY2,NOTCH1,NOTCH2,DLL4,JAG1	1798	0.21476243	0.33125268	0.64833418	0.59510567	0.6	0	18120	8458	27542232
GSE292299	GSM8855703_NSCLC_P1	NSCLC	SPP1	tumor_like	6	6	SPP1,CD44,ITGAV,ITGB1,FN1,MMP9	3475	2.0336211	5.3111579	0.382896	0.86014388	0.4	0	18120	8458	27542232
GSE292299	GSM8855703_NSCLC_P1	NSCLC	SPP1	immune	6	6	SPP1,CD44,ITGAV,ITGB1,FN1,MMP9	232	3.75	3.9706216	0.94443651	0.81896552	0.8	0	18120	8458	27542232
GSE292299	GSM8855703_NSCLC_P1	NSCLC	SPP1	stroma_fibroblast	6	6	SPP1,CD44,ITGAV,ITGB1,FN1,MMP9	2895	6.8744963	2.4502367	2.8056458	0.94680484	1	1	18120	8458	27542232
GSE292299	GSM8855703_NSCLC_P1	NSCLC	SPP1	endothelial	6	6	SPP1,CD44,ITGAV,ITGB1,FN1,MMP9	58	0.33333333	3.9896429	0.083549668	0.62068966	0.2	0	18120	8458	27542232
GSE292299	GSM8855703_NSCLC_P1	NSCLC	SPP1	ambiguous_or_low_signal	6	6	SPP1,CD44,ITGAV,ITGB1,FN1,MMP9	1798	3.1560067	4.1828579	0.75450966	0.85761958	0.6	0	18120	8458	27542232
GSE292299	GSM8855703_NSCLC_P1	NSCLC	TGFB	tumor_like	8	7	SERPINE1,SMAD7,CCN2,COL1A1,COL1A2,FN1,ACTA2	3475	0.98088386	6.1616066	0.15919287	0.83597122	0.4	0	18120	8458	27542232
GSE292299	GSM8855703_NSCLC_P1	NSCLC	TGFB	immune	8	7	SERPINE1,SMAD7,CCN2,COL1A1,COL1A2,FN1,ACTA2	232	0.99076355	4.1188913	0.24054132	0.78448276	0.6	0	18120	8458	27542232
GSE292299	GSM8855703_NSCLC_P1	NSCLC	TGFB	stroma_fibroblast	8	7	SERPINE1,SMAD7,CCN2,COL1A1,COL1A2,FN1,ACTA2	2895	9.601135	1.1354613	8.4557128	0.98376511	1	1	18120	8458	27542232
GSE292299	GSM8855703_NSCLC_P1	NSCLC	TGFB	endothelial	8	7	SERPINE1,SMAD7,CCN2,COL1A1,COL1A2,FN1,ACTA2	58	0.33004926	4.0586565	0.081319832	0.65517241	0.2	0	18120	8458	27542232
GSE292299	GSM8855703_NSCLC_P1	NSCLC	TGFB	ambiguous_or_low_signal	8	7	SERPINE1,SMAD7,CCN2,COL1A1,COL1A2,FN1,ACTA2	1798	1.4788654	4.7226512	0.31314305	0.87764182	0.8	0	18120	8458	27542232
GSE292299	GSM8855703_NSCLC_P1	NSCLC	VEGF	tumor_like	7	7	KDR,FLT1,VWF,PECAM1,PLVAP,ENG,ESAM	3475	0.46565262	1.1036381	0.42192511	0.69151079	0.4	0	18120	8458	27542232
GSE292299	GSM8855703_NSCLC_P1	NSCLC	VEGF	immune	7	7	KDR,FLT1,VWF,PECAM1,PLVAP,ENG,ESAM	232	0.35098522	0.8553541	0.41033909	0.68103448	0.2	0	18120	8458	27542232
GSE292299	GSM8855703_NSCLC_P1	NSCLC	VEGF	stroma_fibroblast	7	7	KDR,FLT1,VWF,PECAM1,PLVAP,ENG,ESAM	2895	1.4700716	0.51441925	2.8577304	0.80241796	1	1	18120	8458	27542232
GSE292299	GSM8855703_NSCLC_P1	NSCLC	VEGF	endothelial	7	7	KDR,FLT1,VWF,PECAM1,PLVAP,ENG,ESAM	58	0.4729064	0.84406463	0.56027274	0.96551724	0.6	0	18120	8458	27542232
GSE292299	GSM8855703_NSCLC_P1	NSCLC	VEGF	ambiguous_or_low_signal	7	7	KDR,FLT1,VWF,PECAM1,PLVAP,ENG,ESAM	1798	0.63109805	0.8983269	0.70252605	0.68854283	0.8	0	18120	8458	27542232
GSE292299	GSM8855703_NSCLC_P1	NSCLC	WNT	tumor_like	7	7	AXIN2,LEF1,TCF7,DKK1,FZD5,JUN,FOS	3475	0.48332991	0.72999627	0.66209914	0.75856115	0.4	0	18120	8458	27542232
GSE292299	GSM8855703_NSCLC_P1	NSCLC	WNT	immune	7	7	AXIN2,LEF1,TCF7,DKK1,FZD5,JUN,FOS	232	0.57389163	0.63019694	0.91065442	0.75431034	0.8	0	18120	8458	27542232
GSE292299	GSM8855703_NSCLC_P1	NSCLC	WNT	stroma_fibroblast	7	7	AXIN2,LEF1,TCF7,DKK1,FZD5,JUN,FOS	2895	0.90520602	0.48473331	1.867431	0.79654577	1	1	18120	8458	27542232
GSE292299	GSM8855703_NSCLC_P1	NSCLC	WNT	endothelial	7	7	AXIN2,LEF1,TCF7,DKK1,FZD5,JUN,FOS	58	0.15763547	0.63190476	0.2494608	0.65517241	0.2	0	18120	8458	27542232
GSE292299	GSM8855703_NSCLC_P1	NSCLC	WNT	ambiguous_or_low_signal	7	7	AXIN2,LEF1,TCF7,DKK1,FZD5,JUN,FOS	1798	0.48649293	0.66703132	0.72934046	0.72580645	0.6	0	18120	8458	27542232
GSE292299	GSM8855704_NSCLC_P2	NSCLC	CCL chemokine	tumor_like	6	6	CCL2,CCL3,CCL4,CCR2,LST1,IL1B	732	0.15186703	0.18105263	0.83880046	0.46038251	0.6	0	18120	6907	24104220
GSE292299	GSM8855704_NSCLC_P2	NSCLC	CCL chemokine	immune	6	6	CCL2,CCL3,CCL4,CCR2,LST1,IL1B	56	0.098214286	0.17861139	0.54987693	0.28571429	0.4	0	18120	6907	24104220
GSE292299	GSM8855704_NSCLC_P2	NSCLC	CCL chemokine	stroma_fibroblast	6	6	CCL2,CCL3,CCL4,CCR2,LST1,IL1B	4784	0.18938127	0.1522217	1.2441148	0.51588629	1	0	18120	6907	24104220
GSE292299	GSM8855704_NSCLC_P2	NSCLC	CCL chemokine	endothelial	6	6	CCL2,CCL3,CCL4,CCR2,LST1,IL1B	20	0.05	0.17833116	0.28037726	0.25	0.2	0	18120	6907	24104220
GSE292299	GSM8855704_NSCLC_P2	NSCLC	CCL chemokine	ambiguous_or_low_signal	6	6	CCL2,CCL3,CCL4,CCR2,LST1,IL1B	1315	0.15627376	0.18305913	0.85367915	0.46539924	0.8	0	18120	6907	24104220
GSE292299	GSM8855704_NSCLC_P2	NSCLC	CXCL chemokine	tumor_like	7	7	CXCL9,CXCL10,CXCL11,CXCR3,CXCR4,ISG15,STAT1	732	1.2605386	0.96117987	1.3114493	0.69535519	1	1	18120	6907	24104220
GSE292299	GSM8855704_NSCLC_P2	NSCLC	CXCL chemokine	immune	7	7	CXCL9,CXCL10,CXCL11,CXCR3,CXCR4,ISG15,STAT1	56	0.16326531	0.99968722	0.16331639	0.41071429	0.4	0	18120	6907	24104220
GSE292299	GSM8855704_NSCLC_P2	NSCLC	CXCL chemokine	stroma_fibroblast	7	7	CXCL9,CXCL10,CXCL11,CXCR3,CXCR4,ISG15,STAT1	4784	0.96924271	1.0462284	0.926416	0.73014214	0.6	0	18120	6907	24104220
GSE292299	GSM8855704_NSCLC_P2	NSCLC	CXCL chemokine	endothelial	7	7	CXCL9,CXCL10,CXCL11,CXCR3,CXCR4,ISG15,STAT1	20	0.057142857	0.99562322	0.057394059	0.4	0.2	0	18120	6907	24104220
GSE292299	GSM8855704_NSCLC_P2	NSCLC	CXCL chemokine	ambiguous_or_low_signal	7	7	CXCL9,CXCL10,CXCL11,CXCR3,CXCR4,ISG15,STAT1	1315	0.97957632	0.99604026	0.9834706	0.68897338	0.8	0	18120	6907	24104220
GSE292299	GSM8855704_NSCLC_P2	NSCLC	ECM-integrin	tumor_like	9	9	COL1A1,COL1A2,COL3A1,FN1,ITGA2,ITGAV,ITGB1,ACTA2,TAGLN	732	5.301609	17.902024	0.29614578	0.92213115	0.6	0	18120	6907	24104220
GSE292299	GSM8855704_NSCLC_P2	NSCLC	ECM-integrin	immune	9	9	COL1A1,COL1A2,COL3A1,FN1,ITGA2,ITGAV,ITGB1,ACTA2,TAGLN	56	0.625	16.696946	0.037431995	0.83928571	0.4	0	18120	6907	24104220
GSE292299	GSM8855704_NSCLC_P2	NSCLC	ECM-integrin	stroma_fibroblast	9	9	COL1A1,COL1A2,COL3A1,FN1,ITGA2,ITGAV,ITGB1,ACTA2,TAGLN	4784	20.171405	8.4436071	2.3889559	0.99707358	1	1	18120	6907	24104220
GSE292299	GSM8855704_NSCLC_P2	NSCLC	ECM-integrin	endothelial	9	9	COL1A1,COL1A2,COL3A1,FN1,ITGA2,ITGAV,ITGB1,ACTA2,TAGLN	20	0.13333333	16.614362	0.0080251853	0.55	0.2	0	18120	6907	24104220
GSE292299	GSM8855704_NSCLC_P2	NSCLC	ECM-integrin	ambiguous_or_low_signal	9	9	COL1A1,COL1A2,COL3A1,FN1,ITGA2,ITGAV,ITGB1,ACTA2,TAGLN	1315	10.651965	17.957519	0.59317574	0.9634981	0.8	0	18120	6907	24104220
GSE292299	GSM8855704_NSCLC_P2	NSCLC	EGF/ERBB	tumor_like	8	8	EGFR,EGR1,FOS,JUN,DUSP6,SPRY2,AREG,EREG	732	2.1970628	1.1801417	1.8616941	0.80464481	1	1	18120	6907	24104220
GSE292299	GSM8855704_NSCLC_P2	NSCLC	EGF/ERBB	immune	8	8	EGFR,EGR1,FOS,JUN,DUSP6,SPRY2,AREG,EREG	56	0.29241071	1.2960517	0.22561656	0.5	0.4	0	18120	6907	24104220
GSE292299	GSM8855704_NSCLC_P2	NSCLC	EGF/ERBB	stroma_fibroblast	8	8	EGFR,EGR1,FOS,JUN,DUSP6,SPRY2,AREG,EREG	4784	1.0835075	1.748528	0.61966838	0.83653846	0.6	0	18120	6907	24104220
GSE292299	GSM8855704_NSCLC_P2	NSCLC	EGF/ERBB	endothelial	8	8	EGFR,EGR1,FOS,JUN,DUSP6,SPRY2,AREG,EREG	20	0.1	1.2913642	0.077437491	0.65	0.2	0	18120	6907	24104220
GSE292299	GSM8855704_NSCLC_P2	NSCLC	EGF/ERBB	ambiguous_or_low_signal	8	8	EGFR,EGR1,FOS,JUN,DUSP6,SPRY2,AREG,EREG	1315	1.5859316	1.2178335	1.3022565	0.80076046	0.8	1	18120	6907	24104220
GSE292299	GSM8855704_NSCLC_P2	NSCLC	MIF	tumor_like	7	5	CD74,CXCR4,CXCR2,NFKBIA,IL1B	732	2.7576503	2.4850526	1.1096949	0.74453552	1	0	18120	6907	24104220
GSE292299	GSM8855704_NSCLC_P2	NSCLC	MIF	immune	7	5	CD74,CXCR4,CXCR2,NFKBIA,IL1B	56	2.3857143	2.5149905	0.94859773	0.44642857	0.6	0	18120	6907	24104220
GSE292299	GSM8855704_NSCLC_P2	NSCLC	MIF	stroma_fibroblast	7	5	CD74,CXCR4,CXCR2,NFKBIA,IL1B	4784	2.5565635	2.4178992	1.0573491	0.82462375	0.8	0	18120	6907	24104220
GSE292299	GSM8855704_NSCLC_P2	NSCLC	MIF	endothelial	7	5	CD74,CXCR4,CXCR2,NFKBIA,IL1B	20	0.09	2.5209816	0.035700381	0.4	0.2	0	18120	6907	24104220
GSE292299	GSM8855704_NSCLC_P2	NSCLC	MIF	ambiguous_or_low_signal	7	5	CD74,CXCR4,CXCR2,NFKBIA,IL1B	1315	2.2655513	2.5723534	0.88073099	0.76121673	0.4	0	18120	6907	24104220
GSE292299	GSM8855704_NSCLC_P2	NSCLC	NOTCH	tumor_like	7	7	HES1,HEY1,HEY2,NOTCH1,NOTCH2,DLL4,JAG1	732	1.2217018	0.7237247	1.6880753	0.71174863	1	1	18120	6907	24104220
GSE292299	GSM8855704_NSCLC_P2	NSCLC	NOTCH	immune	7	7	HES1,HEY1,HEY2,NOTCH1,NOTCH2,DLL4,JAG1	56	0.11734694	0.78188794	0.15008153	0.46428571	0.4	0	18120	6907	24104220
GSE292299	GSM8855704_NSCLC_P2	NSCLC	NOTCH	stroma_fibroblast	7	7	HES1,HEY1,HEY2,NOTCH1,NOTCH2,DLL4,JAG1	4784	0.66913521	1.0184375	0.65702137	0.69753344	0.6	0	18120	6907	24104220
GSE292299	GSM8855704_NSCLC_P2	NSCLC	NOTCH	endothelial	7	7	HES1,HEY1,HEY2,NOTCH1,NOTCH2,DLL4,JAG1	20	0.042857143	0.77863055	0.055041693	0.25	0.2	0	18120	6907	24104220
GSE292299	GSM8855704_NSCLC_P2	NSCLC	NOTCH	ambiguous_or_low_signal	7	7	HES1,HEY1,HEY2,NOTCH1,NOTCH2,DLL4,JAG1	1315	0.95850081	0.73370121	1.3063912	0.71634981	0.8	1	18120	6907	24104220
GSE292299	GSM8855704_NSCLC_P2	NSCLC	SPP1	tumor_like	6	6	SPP1,CD44,ITGAV,ITGB1,FN1,MMP9	732	12.727687	15.34332	0.82952626	0.93032787	0.6	0	18120	6907	24104220
GSE292299	GSM8855704_NSCLC_P2	NSCLC	SPP1	immune	6	6	SPP1,CD44,ITGAV,ITGB1,FN1,MMP9	56	4.1845238	15.155063	0.27611393	0.94642857	0.4	0	18120	6907	24104220
GSE292299	GSM8855704_NSCLC_P2	NSCLC	SPP1	stroma_fibroblast	6	6	SPP1,CD44,ITGAV,ITGB1,FN1,MMP9	4784	15.754843	13.514131	1.1658051	0.98996656	1	0	18120	6907	24104220
GSE292299	GSM8855704_NSCLC_P2	NSCLC	SPP1	endothelial	6	6	SPP1,CD44,ITGAV,ITGB1,FN1,MMP9	20	0.325	15.108925	0.021510465	0.65	0.2	0	18120	6907	24104220
GSE292299	GSM8855704_NSCLC_P2	NSCLC	SPP1	ambiguous_or_low_signal	6	6	SPP1,CD44,ITGAV,ITGB1,FN1,MMP9	1315	14.54981	15.18753	0.95801029	0.95893536	0.8	0	18120	6907	24104220
GSE292299	GSM8855704_NSCLC_P2	NSCLC	TGFB	tumor_like	8	7	SERPINE1,SMAD7,CCN2,COL1A1,COL1A2,FN1,ACTA2	732	5.234192	16.984662	0.3081717	0.91939891	0.6	0	18120	6907	24104220
GSE292299	GSM8855704_NSCLC_P2	NSCLC	TGFB	immune	8	7	SERPINE1,SMAD7,CCN2,COL1A1,COL1A2,FN1,ACTA2	56	0.6122449	15.863002	0.038595777	0.75	0.4	0	18120	6907	24104220
GSE292299	GSM8855704_NSCLC_P2	NSCLC	TGFB	stroma_fibroblast	8	7	SERPINE1,SMAD7,CCN2,COL1A1,COL1A2,FN1,ACTA2	4784	18.998895	8.3942534	2.2633216	0.99456522	1	1	18120	6907	24104220
GSE292299	GSM8855704_NSCLC_P2	NSCLC	TGFB	endothelial	8	7	SERPINE1,SMAD7,CCN2,COL1A1,COL1A2,FN1,ACTA2	20	0.16428571	15.784584	0.010407985	0.5	0.2	0	18120	6907	24104220
GSE292299	GSM8855704_NSCLC_P2	NSCLC	TGFB	ambiguous_or_low_signal	8	7	SERPINE1,SMAD7,CCN2,COL1A1,COL1A2,FN1,ACTA2	1315	10.609886	16.945586	0.62611504	0.94904943	0.8	0	18120	6907	24104220
GSE292299	GSM8855704_NSCLC_P2	NSCLC	VEGF	tumor_like	7	7	KDR,FLT1,VWF,PECAM1,PLVAP,ENG,ESAM	732	0.35909446	0.45075766	0.79664637	0.59562842	0.6	0	18120	6907	24104220
GSE292299	GSM8855704_NSCLC_P2	NSCLC	VEGF	immune	7	7	KDR,FLT1,VWF,PECAM1,PLVAP,ENG,ESAM	56	0.16071429	0.44333465	0.36251235	0.30357143	0.2	0	18120	6907	24104220
GSE292299	GSM8855704_NSCLC_P2	NSCLC	VEGF	stroma_fibroblast	7	7	KDR,FLT1,VWF,PECAM1,PLVAP,ENG,ESAM	4784	0.47028786	0.37514299	1.253623	0.6312709	1	1	18120	6907	24104220
GSE292299	GSM8855704_NSCLC_P2	NSCLC	VEGF	endothelial	7	7	KDR,FLT1,VWF,PECAM1,PLVAP,ENG,ESAM	20	0.27142857	0.44153581	0.61473739	0.9	0.4	0	18120	6907	24104220
GSE292299	GSM8855704_NSCLC_P2	NSCLC	VEGF	ambiguous_or_low_signal	7	7	KDR,FLT1,VWF,PECAM1,PLVAP,ENG,ESAM	1315	0.39478544	0.45192111	0.87357159	0.61140684	0.8	0	18120	6907	24104220
GSE292299	GSM8855704_NSCLC_P2	NSCLC	WNT	tumor_like	7	7	AXIN2,LEF1,TCF7,DKK1,FZD5,JUN,FOS	732	1.239071	0.70368999	1.7608195	0.76229508	1	1	18120	6907	24104220
GSE292299	GSM8855704_NSCLC_P2	NSCLC	WNT	immune	7	7	AXIN2,LEF1,TCF7,DKK1,FZD5,JUN,FOS	56	0.2755102	0.7643931	0.36043	0.46428571	0.4	0	18120	6907	24104220
GSE292299	GSM8855704_NSCLC_P2	NSCLC	WNT	stroma_fibroblast	7	7	AXIN2,LEF1,TCF7,DKK1,FZD5,JUN,FOS	4784	0.65154682	1.005787	0.64779804	0.76149666	0.6	0	18120	6907	24104220
GSE292299	GSM8855704_NSCLC_P2	NSCLC	WNT	endothelial	7	7	AXIN2,LEF1,TCF7,DKK1,FZD5,JUN,FOS	20	0.1	0.76234728	0.13117381	0.5	0.2	0	18120	6907	24104220
GSE292299	GSM8855704_NSCLC_P2	NSCLC	WNT	ambiguous_or_low_signal	7	7	AXIN2,LEF1,TCF7,DKK1,FZD5,JUN,FOS	1315	0.92080391	0.72271613	1.274088	0.74524715	0.8	1	18120	6907	24104220
GSE292299	GSM8855705_NSCLC_P3	NSCLC	CCL chemokine	tumor_like	6	6	CCL2,CCL3,CCL4,CCR2,LST1,IL1B	2366	0.28155819	0.29080781	0.96819333	0.63271344	0.8	0	18120	9158	25236279
GSE292299	GSM8855705_NSCLC_P3	NSCLC	CCL chemokine	immune	6	6	CCL2,CCL3,CCL4,CCR2,LST1,IL1B	424	0.25511006	0.29003511	0.87958338	0.61556604	0.4	0	18120	9158	25236279
GSE292299	GSM8855705_NSCLC_P3	NSCLC	CCL chemokine	stroma_fibroblast	6	6	CCL2,CCL3,CCL4,CCR2,LST1,IL1B	3253	0.2615022	0.30324584	0.86234392	0.6080541	0.6	0	18120	9158	25236279
GSE292299	GSM8855705_NSCLC_P3	NSCLC	CCL chemokine	endothelial	6	6	CCL2,CCL3,CCL4,CCR2,LST1,IL1B	12	0.069444444	0.28870545	0.24053736	0.16666667	0.2	0	18120	9158	25236279
GSE292299	GSM8855705_NSCLC_P3	NSCLC	CCL chemokine	ambiguous_or_low_signal	6	6	CCL2,CCL3,CCL4,CCR2,LST1,IL1B	3103	0.32726394	0.26851087	1.2188107	0.64904931	1	0	18120	9158	25236279
GSE292299	GSM8855705_NSCLC_P3	NSCLC	CXCL chemokine	tumor_like	7	7	CXCL9,CXCL10,CXCL11,CXCR3,CXCR4,ISG15,STAT1	2366	0.61466007	0.57876914	1.0620125	0.83516484	0.8	0	18120	9158	25236279
GSE292299	GSM8855705_NSCLC_P3	NSCLC	CXCL chemokine	immune	7	7	CXCL9,CXCL10,CXCL11,CXCR3,CXCR4,ISG15,STAT1	424	0.61051213	0.58695083	1.0401419	0.79009434	0.6	0	18120	9158	25236279
GSE292299	GSM8855705_NSCLC_P3	NSCLC	CXCL chemokine	stroma_fibroblast	7	7	CXCL9,CXCL10,CXCL11,CXCR3,CXCR4,ISG15,STAT1	3253	0.49176584	0.64107899	0.76709088	0.79711036	0.4	0	18120	9158	25236279
GSE292299	GSM8855705_NSCLC_P3	NSCLC	CXCL chemokine	endothelial	7	7	CXCL9,CXCL10,CXCL11,CXCR3,CXCR4,ISG15,STAT1	12	0.095238095	0.58868826	0.16178018	0.41666667	0.2	0	18120	9158	25236279
GSE292299	GSM8855705_NSCLC_P3	NSCLC	CXCL chemokine	ambiguous_or_low_signal	7	7	CXCL9,CXCL10,CXCL11,CXCR3,CXCR4,ISG15,STAT1	3103	0.6675107	0.54731627	1.2196069	0.83048663	1	0	18120	9158	25236279
GSE292299	GSM8855705_NSCLC_P3	NSCLC	ECM-integrin	tumor_like	9	9	COL1A1,COL1A2,COL3A1,FN1,ITGA2,ITGAV,ITGB1,ACTA2,TAGLN	2366	3.3156288	5.5218558	0.60045553	0.98436179	0.6	0	18120	9158	25236279
GSE292299	GSM8855705_NSCLC_P3	NSCLC	ECM-integrin	immune	9	9	COL1A1,COL1A2,COL3A1,FN1,ITGA2,ITGAV,ITGB1,ACTA2,TAGLN	424	1.7583857	5.1069002	0.34431566	0.96462264	0.4	0	18120	9158	25236279
GSE292299	GSM8855705_NSCLC_P3	NSCLC	ECM-integrin	stroma_fibroblast	9	9	COL1A1,COL1A2,COL3A1,FN1,ITGA2,ITGAV,ITGB1,ACTA2,TAGLN	3253	6.3781125	4.166168	1.5309302	0.99907777	1	1	18120	9158	25236279
GSE292299	GSM8855705_NSCLC_P3	NSCLC	ECM-integrin	endothelial	9	9	COL1A1,COL1A2,COL3A1,FN1,ITGA2,ITGAV,ITGB1,ACTA2,TAGLN	12	0.16666667	4.9581481	0.033614702	0.83333333	0.2	0	18120	9158	25236279
GSE292299	GSM8855705_NSCLC_P3	NSCLC	ECM-integrin	ambiguous_or_low_signal	9	9	COL1A1,COL1A2,COL3A1,FN1,ITGA2,ITGAV,ITGB1,ACTA2,TAGLN	3103	5.159165	4.8456372	1.0647031	0.99097647	0.8	0	18120	9158	25236279
GSE292299	GSM8855705_NSCLC_P3	NSCLC	EGF/ERBB	tumor_like	8	8	EGFR,EGR1,FOS,JUN,DUSP6,SPRY2,AREG,EREG	2366	1.7528529	0.92835321	1.8881315	0.9408284	1	1	18120	9158	25236279
GSE292299	GSM8855705_NSCLC_P3	NSCLC	EGF/ERBB	immune	8	8	EGFR,EGR1,FOS,JUN,DUSP6,SPRY2,AREG,EREG	424	0.5910967	1.1680788	0.50604181	0.87264151	0.4	0	18120	9158	25236279
GSE292299	GSM8855705_NSCLC_P3	NSCLC	EGF/ERBB	stroma_fibroblast	8	8	EGFR,EGR1,FOS,JUN,DUSP6,SPRY2,AREG,EREG	3253	0.83050261	1.3126164	0.63270777	0.85551798	0.6	0	18120	9158	25236279
GSE292299	GSM8855705_NSCLC_P3	NSCLC	EGF/ERBB	endothelial	8	8	EGFR,EGR1,FOS,JUN,DUSP6,SPRY2,AREG,EREG	12	0.16666667	1.1426443	0.1458605	0.41666667	0.2	0	18120	9158	25236279
GSE292299	GSM8855705_NSCLC_P3	NSCLC	EGF/ERBB	ambiguous_or_low_signal	8	8	EGFR,EGR1,FOS,JUN,DUSP6,SPRY2,AREG,EREG	3103	1.0799629	1.1728324	0.92081611	0.89816307	0.8	0	18120	9158	25236279
GSE292299	GSM8855705_NSCLC_P3	NSCLC	MIF	tumor_like	7	5	CD74,CXCR4,CXCR2,NFKBIA,IL1B	2366	3.1033812	3.1612191	0.98170394	0.94843618	0.6	0	18120	9158	25236279
GSE292299	GSM8855705_NSCLC_P3	NSCLC	MIF	immune	7	5	CD74,CXCR4,CXCR2,NFKBIA,IL1B	424	3.6646226	3.1211129	1.1741397	0.94339623	0.8	0	18120	9158	25236279
GSE292299	GSM8855705_NSCLC_P3	NSCLC	MIF	stroma_fibroblast	7	5	CD74,CXCR4,CXCR2,NFKBIA,IL1B	3253	2.4116815	3.5509568	0.67916386	0.92745158	0.4	0	18120	9158	25236279
GSE292299	GSM8855705_NSCLC_P3	NSCLC	MIF	endothelial	7	5	CD74,CXCR4,CXCR2,NFKBIA,IL1B	12	0.31666667	3.1499891	0.10052945	0.66666667	0.2	0	18120	9158	25236279
GSE292299	GSM8855705_NSCLC_P3	NSCLC	MIF	ambiguous_or_low_signal	7	5	CD74,CXCR4,CXCR2,NFKBIA,IL1B	3103	3.889204	2.7655491	1.4063044	0.95842733	1	1	18120	9158	25236279
GSE292299	GSM8855705_NSCLC_P3	NSCLC	NOTCH	tumor_like	7	7	HES1,HEY1,HEY2,NOTCH1,NOTCH2,DLL4,JAG1	2366	0.32302862	0.24770739	1.3040734	0.70667794	1	1	18120	9158	25236279
GSE292299	GSM8855705_NSCLC_P3	NSCLC	NOTCH	immune	7	7	HES1,HEY1,HEY2,NOTCH1,NOTCH2,DLL4,JAG1	424	0.19103774	0.27086264	0.70529379	0.55188679	0.4	0	18120	9158	25236279
GSE292299	GSM8855705_NSCLC_P3	NSCLC	NOTCH	stroma_fibroblast	7	7	HES1,HEY1,HEY2,NOTCH1,NOTCH2,DLL4,JAG1	3253	0.22124632	0.29246401	0.75649075	0.60866892	0.6	0	18120	9158	25236279
GSE292299	GSM8855705_NSCLC_P3	NSCLC	NOTCH	endothelial	7	7	HES1,HEY1,HEY2,NOTCH1,NOTCH2,DLL4,JAG1	12	0.071428571	0.2674237	0.26709889	0.41666667	0.2	0	18120	9158	25236279
GSE292299	GSM8855705_NSCLC_P3	NSCLC	NOTCH	ambiguous_or_low_signal	7	7	HES1,HEY1,HEY2,NOTCH1,NOTCH2,DLL4,JAG1	3103	0.28387275	0.25860564	1.0977052	0.67418627	0.8	0	18120	9158	25236279
GSE292299	GSM8855705_NSCLC_P3	NSCLC	SPP1	tumor_like	6	6	SPP1,CD44,ITGAV,ITGB1,FN1,MMP9	2366	4.9709073	4.0881675	1.2159256	0.98478445	1	0	18120	9158	25236279
GSE292299	GSM8855705_NSCLC_P3	NSCLC	SPP1	immune	6	6	SPP1,CD44,ITGAV,ITGB1,FN1,MMP9	424	2.6674528	4.3962675	0.60675399	0.96226415	0.4	0	18120	9158	25236279
GSE292299	GSM8855705_NSCLC_P3	NSCLC	SPP1	stroma_fibroblast	6	6	SPP1,CD44,ITGAV,ITGB1,FN1,MMP9	3253	3.6830106	4.6650579	0.78948872	0.97755918	0.6	0	18120	9158	25236279
GSE292299	GSM8855705_NSCLC_P3	NSCLC	SPP1	endothelial	6	6	SPP1,CD44,ITGAV,ITGB1,FN1,MMP9	12	0.52777778	4.3211969	0.12213694	0.91666667	0.2	0	18120	9158	25236279
GSE292299	GSM8855705_NSCLC_P3	NSCLC	SPP1	ambiguous_or_low_signal	6	6	SPP1,CD44,ITGAV,ITGB1,FN1,MMP9	3103	4.7208078	4.1088907	1.1489251	0.98163068	0.8	0	18120	9158	25236279
GSE292299	GSM8855705_NSCLC_P3	NSCLC	TGFB	tumor_like	8	7	SERPINE1,SMAD7,CCN2,COL1A1,COL1A2,FN1,ACTA2	2366	2.9518174	4.9325257	0.59843934	0.97421809	0.6	0	18120	9158	25236279
GSE292299	GSM8855705_NSCLC_P3	NSCLC	TGFB	immune	8	7	SERPINE1,SMAD7,CCN2,COL1A1,COL1A2,FN1,ACTA2	424	1.7503369	4.5504433	0.38465196	0.93867925	0.4	0	18120	9158	25236279
GSE292299	GSM8855705_NSCLC_P3	NSCLC	TGFB	stroma_fibroblast	8	7	SERPINE1,SMAD7,CCN2,COL1A1,COL1A2,FN1,ACTA2	3253	5.583681	3.7801863	1.4770915	0.99477405	1	1	18120	9158	25236279
GSE292299	GSM8855705_NSCLC_P3	NSCLC	TGFB	endothelial	8	7	SERPINE1,SMAD7,CCN2,COL1A1,COL1A2,FN1,ACTA2	12	0.14285714	4.4264159	0.032273773	0.58333333	0.2	0	18120	9158	25236279
GSE292299	GSM8855705_NSCLC_P3	NSCLC	TGFB	ambiguous_or_low_signal	8	7	SERPINE1,SMAD7,CCN2,COL1A1,COL1A2,FN1,ACTA2	3103	4.7032365	4.2760646	1.0998984	0.9803416	0.8	0	18120	9158	25236279
GSE292299	GSM8855705_NSCLC_P3	NSCLC	VEGF	tumor_like	7	7	KDR,FLT1,VWF,PECAM1,PLVAP,ENG,ESAM	2366	0.38153605	0.47318274	0.80631861	0.72442942	0.4	0	18120	9158	25236279
GSE292299	GSM8855705_NSCLC_P3	NSCLC	VEGF	immune	7	7	KDR,FLT1,VWF,PECAM1,PLVAP,ENG,ESAM	424	0.41442049	0.45120874	0.91846733	0.68396226	0.6	0	18120	9158	25236279
GSE292299	GSM8855705_NSCLC_P3	NSCLC	VEGF	stroma_fibroblast	7	7	KDR,FLT1,VWF,PECAM1,PLVAP,ENG,ESAM	3253	0.43753019	0.45610258	0.95928025	0.73347679	0.8	0	18120	9158	25236279
GSE292299	GSM8855705_NSCLC_P3	NSCLC	VEGF	endothelial	7	7	KDR,FLT1,VWF,PECAM1,PLVAP,ENG,ESAM	12	0.25	0.44976727	0.55584303	0.83333333	0.2	0	18120	9158	25236279
GSE292299	GSM8855705_NSCLC_P3	NSCLC	VEGF	ambiguous_or_low_signal	7	7	KDR,FLT1,VWF,PECAM1,PLVAP,ENG,ESAM	3103	0.51945122	0.41366049	1.2557429	0.75765388	1	1	18120	9158	25236279
GSE292299	GSM8855705_NSCLC_P3	NSCLC	WNT	tumor_like	7	7	AXIN2,LEF1,TCF7,DKK1,FZD5,JUN,FOS	2366	1.3866683	0.82881121	1.673081	0.91631445	1	1	18120	9158	25236279
GSE292299	GSM8855705_NSCLC_P3	NSCLC	WNT	immune	7	7	AXIN2,LEF1,TCF7,DKK1,FZD5,JUN,FOS	424	0.63746631	0.98922111	0.64441236	0.83962264	0.4	0	18120	9158	25236279
GSE292299	GSM8855705_NSCLC_P3	NSCLC	WNT	stroma_fibroblast	7	7	AXIN2,LEF1,TCF7,DKK1,FZD5,JUN,FOS	3253	0.7496377	1.0959477	0.68400861	0.81524746	0.6	0	18120	9158	25236279
GSE292299	GSM8855705_NSCLC_P3	NSCLC	WNT	endothelial	7	7	AXIN2,LEF1,TCF7,DKK1,FZD5,JUN,FOS	12	0.22619048	0.97391522	0.23224863	0.41666667	0.2	0	18120	9158	25236279
GSE292299	GSM8855705_NSCLC_P3	NSCLC	WNT	ambiguous_or_low_signal	7	7	AXIN2,LEF1,TCF7,DKK1,FZD5,JUN,FOS	3103	0.9402882	0.98966616	0.95010645	0.866903	0.8	0	18120	9158	25236279
GSE292299	GSM8855706_NSCLC_P4	NSCLC	CCL chemokine	tumor_like	6	6	CCL2,CCL3,CCL4,CCR2,LST1,IL1B	4184	0.12472116	0.13584646	0.91810385	0.43355641	0.8	0	18120	9516	21881344
GSE292299	GSM8855706_NSCLC_P4	NSCLC	CCL chemokine	immune	6	6	CCL2,CCL3,CCL4,CCR2,LST1,IL1B	765	0.29825708	0.11632956	2.5638975	0.61960784	1	1	18120	9516	21881344
GSE292299	GSM8855706_NSCLC_P4	NSCLC	CCL chemokine	stroma_fibroblast	6	6	CCL2,CCL3,CCL4,CCR2,LST1,IL1B	2000	0.10191667	0.13868192	0.73489511	0.387	0.4	0	18120	9516	21881344
GSE292299	GSM8855706_NSCLC_P4	NSCLC	CCL chemokine	endothelial	6	6	CCL2,CCL3,CCL4,CCR2,LST1,IL1B	142	0.073943662	0.13181851	0.56095055	0.35211268	0.2	0	18120	9516	21881344
GSE292299	GSM8855706_NSCLC_P4	NSCLC	CCL chemokine	ambiguous_or_low_signal	6	6	CCL2,CCL3,CCL4,CCR2,LST1,IL1B	2425	0.11621993	0.13599398	0.85459613	0.40701031	0.6	0	18120	9516	21881344
GSE292299	GSM8855706_NSCLC_P4	NSCLC	CXCL chemokine	tumor_like	7	7	CXCL9,CXCL10,CXCL11,CXCR3,CXCR4,ISG15,STAT1	4184	0.63121415	0.35191834	1.7936381	0.72108031	1	1	18120	9516	21881344
GSE292299	GSM8855706_NSCLC_P4	NSCLC	CXCL chemokine	immune	7	7	CXCL9,CXCL10,CXCL11,CXCR3,CXCR4,ISG15,STAT1	765	0.49000934	0.47338263	1.0351232	0.69281046	0.8	0	18120	9516	21881344
GSE292299	GSM8855706_NSCLC_P4	NSCLC	CXCL chemokine	stroma_fibroblast	7	7	CXCL9,CXCL10,CXCL11,CXCR3,CXCR4,ISG15,STAT1	2000	0.33385714	0.51220254	0.65180689	0.622	0.4	0	18120	9516	21881344
GSE292299	GSM8855706_NSCLC_P4	NSCLC	CXCL chemokine	endothelial	7	7	CXCL9,CXCL10,CXCL11,CXCR3,CXCR4,ISG15,STAT1	142	0.099597586	0.48040172	0.20732146	0.3943662	0.2	0	18120	9516	21881344
GSE292299	GSM8855706_NSCLC_P4	NSCLC	CXCL chemokine	ambiguous_or_low_signal	7	7	CXCL9,CXCL10,CXCL11,CXCR3,CXCR4,ISG15,STAT1	2425	0.33802651	0.52146584	0.64822369	0.59876289	0.6	0	18120	9516	21881344
GSE292299	GSM8855706_NSCLC_P4	NSCLC	ECM-integrin	tumor_like	9	9	COL1A1,COL1A2,COL3A1,FN1,ITGA2,ITGAV,ITGB1,ACTA2,TAGLN	4184	1.0022838	2.7229099	0.36809291	0.83245698	0.6	0	18120	9516	21881344
GSE292299	GSM8855706_NSCLC_P4	NSCLC	ECM-integrin	immune	9	9	COL1A1,COL1A2,COL3A1,FN1,ITGA2,ITGAV,ITGB1,ACTA2,TAGLN	765	0.3382716	2.1087114	0.16041627	0.72941176	0.4	0	18120	9516	21881344
GSE292299	GSM8855706_NSCLC_P4	NSCLC	ECM-integrin	stroma_fibroblast	9	9	COL1A1,COL1A2,COL3A1,FN1,ITGA2,ITGAV,ITGB1,ACTA2,TAGLN	2000	5.5801111	1.004775	5.5535927	0.9655	1	1	18120	9516	21881344
GSE292299	GSM8855706_NSCLC_P4	NSCLC	ECM-integrin	endothelial	9	9	COL1A1,COL1A2,COL3A1,FN1,ITGA2,ITGAV,ITGB1,ACTA2,TAGLN	142	0.21752739	1.9928763	0.10915248	0.64084507	0.2	0	18120	9516	21881344
GSE292299	GSM8855706_NSCLC_P4	NSCLC	ECM-integrin	ambiguous_or_low_signal	9	9	COL1A1,COL1A2,COL3A1,FN1,ITGA2,ITGAV,ITGB1,ACTA2,TAGLN	2425	1.2654296	2.2060985	0.57360519	0.8371134	0.8	0	18120	9516	21881344
GSE292299	GSM8855706_NSCLC_P4	NSCLC	EGF/ERBB	tumor_like	8	8	EGFR,EGR1,FOS,JUN,DUSP6,SPRY2,AREG,EREG	4184	1.3948375	0.70843492	1.9688999	0.83723709	1	1	18120	9516	21881344
GSE292299	GSM8855706_NSCLC_P4	NSCLC	EGF/ERBB	immune	8	8	EGFR,EGR1,FOS,JUN,DUSP6,SPRY2,AREG,EREG	765	0.64869281	1.0418381	0.62264264	0.80915033	0.4	0	18120	9516	21881344
GSE292299	GSM8855706_NSCLC_P4	NSCLC	EGF/ERBB	stroma_fibroblast	8	8	EGFR,EGR1,FOS,JUN,DUSP6,SPRY2,AREG,EREG	2000	0.8323125	1.0575772	0.78699931	0.7805	0.8	0	18120	9516	21881344
GSE292299	GSM8855706_NSCLC_P4	NSCLC	EGF/ERBB	endothelial	8	8	EGFR,EGR1,FOS,JUN,DUSP6,SPRY2,AREG,EREG	142	0.20598592	1.0224157	0.20146982	0.64788732	0.2	0	18120	9516	21881344
GSE292299	GSM8855706_NSCLC_P4	NSCLC	EGF/ERBB	ambiguous_or_low_signal	8	8	EGFR,EGR1,FOS,JUN,DUSP6,SPRY2,AREG,EREG	2425	0.65453608	1.1318749	0.57827599	0.75917526	0.6	0	18120	9516	21881344
GSE292299	GSM8855706_NSCLC_P4	NSCLC	MIF	tumor_like	7	5	CD74,CXCR4,CXCR2,NFKBIA,IL1B	4184	3.3197419	1.5723931	2.1112671	0.83795411	1	1	18120	9516	21881344
GSE292299	GSM8855706_NSCLC_P4	NSCLC	MIF	immune	7	5	CD74,CXCR4,CXCR2,NFKBIA,IL1B	765	1.9762092	2.3725289	0.83295474	0.80392157	0.8	0	18120	9516	21881344
GSE292299	GSM8855706_NSCLC_P4	NSCLC	MIF	stroma_fibroblast	7	5	CD74,CXCR4,CXCR2,NFKBIA,IL1B	2000	1.5545	2.549867	0.60963965	0.7695	0.6	0	18120	9516	21881344
GSE292299	GSM8855706_NSCLC_P4	NSCLC	MIF	endothelial	7	5	CD74,CXCR4,CXCR2,NFKBIA,IL1B	142	0.26197183	2.372157	0.11043613	0.51408451	0.2	0	18120	9516	21881344
GSE292299	GSM8855706_NSCLC_P4	NSCLC	MIF	ambiguous_or_low_signal	7	5	CD74,CXCR4,CXCR2,NFKBIA,IL1B	2425	1.5364948	2.6156819	0.58741656	0.73979381	0.4	0	18120	9516	21881344
GSE292299	GSM8855706_NSCLC_P4	NSCLC	NOTCH	tumor_like	7	7	HES1,HEY1,HEY2,NOTCH1,NOTCH2,DLL4,JAG1	4184	0.31087818	0.18071482	1.7202694	0.62691205	1	1	18120	9516	21881344
GSE292299	GSM8855706_NSCLC_P4	NSCLC	NOTCH	immune	7	7	HES1,HEY1,HEY2,NOTCH1,NOTCH2,DLL4,JAG1	765	0.10438842	0.24962045	0.41818858	0.45882353	0.4	0	18120	9516	21881344
GSE292299	GSM8855706_NSCLC_P4	NSCLC	NOTCH	stroma_fibroblast	7	7	HES1,HEY1,HEY2,NOTCH1,NOTCH2,DLL4,JAG1	2000	0.22485714	0.24142781	0.93136388	0.5705	0.8	0	18120	9516	21881344
GSE292299	GSM8855706_NSCLC_P4	NSCLC	NOTCH	endothelial	7	7	HES1,HEY1,HEY2,NOTCH1,NOTCH2,DLL4,JAG1	142	0.078470825	0.24036088	0.32647087	0.37323944	0.2	0	18120	9516	21881344
GSE292299	GSM8855706_NSCLC_P4	NSCLC	NOTCH	ambiguous_or_low_signal	7	7	HES1,HEY1,HEY2,NOTCH1,NOTCH2,DLL4,JAG1	2425	0.17437408	0.25968532	0.67148225	0.49072165	0.6	0	18120	9516	21881344
GSE292299	GSM8855706_NSCLC_P4	NSCLC	SPP1	tumor_like	6	6	SPP1,CD44,ITGAV,ITGB1,FN1,MMP9	4184	2.7779238	3.2466867	0.85561809	0.90654876	0.8	0	18120	9516	21881344
GSE292299	GSM8855706_NSCLC_P4	NSCLC	SPP1	immune	6	6	SPP1,CD44,ITGAV,ITGB1,FN1,MMP9	765	8.3237473	2.5787339	3.2278427	0.89934641	1	1	18120	9516	21881344
GSE292299	GSM8855706_NSCLC_P4	NSCLC	SPP1	stroma_fibroblast	6	6	SPP1,CD44,ITGAV,ITGB1,FN1,MMP9	2000	2.3760833	3.2174029	0.73850973	0.87	0.4	0	18120	9516	21881344
GSE292299	GSM8855706_NSCLC_P4	NSCLC	SPP1	endothelial	6	6	SPP1,CD44,ITGAV,ITGB1,FN1,MMP9	142	0.54694836	3.078355	0.17767553	0.66901408	0.2	0	18120	9516	21881344
GSE292299	GSM8855706_NSCLC_P4	NSCLC	SPP1	ambiguous_or_low_signal	6	6	SPP1,CD44,ITGAV,ITGB1,FN1,MMP9	2425	2.5211684	3.2182109	0.78340683	0.8371134	0.6	0	18120	9516	21881344
GSE292299	GSM8855706_NSCLC_P4	NSCLC	TGFB	tumor_like	8	7	SERPINE1,SMAD7,CCN2,COL1A1,COL1A2,FN1,ACTA2	4184	0.98617181	2.3758172	0.41508742	0.78107075	0.6	0	18120	9516	21881344
GSE292299	GSM8855706_NSCLC_P4	NSCLC	TGFB	immune	8	7	SERPINE1,SMAD7,CCN2,COL1A1,COL1A2,FN1,ACTA2	765	0.33613445	1.8897106	0.17787616	0.67058824	0.4	0	18120	9516	21881344
GSE292299	GSM8855706_NSCLC_P4	NSCLC	TGFB	stroma_fibroblast	8	7	SERPINE1,SMAD7,CCN2,COL1A1,COL1A2,FN1,ACTA2	2000	4.8139286	0.95345168	5.0489486	0.91	1	1	18120	9516	21881344
GSE292299	GSM8855706_NSCLC_P4	NSCLC	TGFB	endothelial	8	7	SERPINE1,SMAD7,CCN2,COL1A1,COL1A2,FN1,ACTA2	142	0.24245473	1.7878783	0.13561031	0.63380282	0.2	0	18120	9516	21881344
GSE292299	GSM8855706_NSCLC_P4	NSCLC	TGFB	ambiguous_or_low_signal	8	7	SERPINE1,SMAD7,CCN2,COL1A1,COL1A2,FN1,ACTA2	2425	1.1333726	1.9807603	0.57219069	0.76164948	0.8	0	18120	9516	21881344
GSE292299	GSM8855706_NSCLC_P4	NSCLC	VEGF	tumor_like	7	7	KDR,FLT1,VWF,PECAM1,PLVAP,ENG,ESAM	4184	0.24098607	0.37946094	0.63507478	0.58508604	0.4	0	18120	9516	21881344
GSE292299	GSM8855706_NSCLC_P4	NSCLC	VEGF	immune	7	7	KDR,FLT1,VWF,PECAM1,PLVAP,ENG,ESAM	765	0.18151261	0.33055814	0.54910947	0.55163399	0.2	0	18120	9516	21881344
GSE292299	GSM8855706_NSCLC_P4	NSCLC	VEGF	stroma_fibroblast	7	7	KDR,FLT1,VWF,PECAM1,PLVAP,ENG,ESAM	2000	0.59728571	0.24441192	2.4437667	0.635	1	1	18120	9516	21881344
GSE292299	GSM8855706_NSCLC_P4	NSCLC	VEGF	endothelial	7	7	KDR,FLT1,VWF,PECAM1,PLVAP,ENG,ESAM	142	0.34909457	0.31811393	1.0973885	0.9084507	0.8	0	18120	9516	21881344
GSE292299	GSM8855706_NSCLC_P4	NSCLC	VEGF	ambiguous_or_low_signal	7	7	KDR,FLT1,VWF,PECAM1,PLVAP,ENG,ESAM	2425	0.26403535	0.33722828	0.78295731	0.56247423	0.6	0	18120	9516	21881344
GSE292299	GSM8855706_NSCLC_P4	NSCLC	WNT	tumor_like	7	7	AXIN2,LEF1,TCF7,DKK1,FZD5,JUN,FOS	4184	1.0666485	0.57689422	1.8489498	0.79541109	1	1	18120	9516	21881344
GSE292299	GSM8855706_NSCLC_P4	NSCLC	WNT	immune	7	7	AXIN2,LEF1,TCF7,DKK1,FZD5,JUN,FOS	765	0.54883287	0.81350703	0.67465043	0.73594771	0.6	0	18120	9516	21881344
GSE292299	GSM8855706_NSCLC_P4	NSCLC	WNT	stroma_fibroblast	7	7	AXIN2,LEF1,TCF7,DKK1,FZD5,JUN,FOS	2000	0.68378571	0.82108644	0.83278164	0.738	0.8	0	18120	9516	21881344
GSE292299	GSM8855706_NSCLC_P4	NSCLC	WNT	endothelial	7	7	AXIN2,LEF1,TCF7,DKK1,FZD5,JUN,FOS	142	0.19818913	0.80122832	0.24735663	0.57746479	0.2	0	18120	9516	21881344
GSE292299	GSM8855706_NSCLC_P4	NSCLC	WNT	ambiguous_or_low_signal	7	7	AXIN2,LEF1,TCF7,DKK1,FZD5,JUN,FOS	2425	0.51976436	0.88540806	0.58703369	0.70515464	0.4	0	18120	9516	21881344
GSE292299	GSM8855707_NSCLC_P5	NSCLC	CCL chemokine	tumor_like	6	6	CCL2,CCL3,CCL4,CCR2,LST1,IL1B	540	0.10555556	0.14328933	0.73666027	0.36666667	0.6	0	18120	5388	9415589
GSE292299	GSM8855707_NSCLC_P5	NSCLC	CCL chemokine	immune	6	6	CCL2,CCL3,CCL4,CCR2,LST1,IL1B	191	0.085514834	0.14149189	0.60437978	0.36125654	0.4	0	18120	5388	9415589
GSE292299	GSM8855707_NSCLC_P5	NSCLC	CCL chemokine	stroma_fibroblast	6	6	CCL2,CCL3,CCL4,CCR2,LST1,IL1B	3752	0.15556148	0.10268949	1.5148725	0.48560768	1	1	18120	5388	9415589
GSE292299	GSM8855707_NSCLC_P5	NSCLC	CCL chemokine	endothelial	6	6	CCL2,CCL3,CCL4,CCR2,LST1,IL1B	63	0.058201058	0.14046948	0.4143324	0.25396825	0.2	0	18120	5388	9415589
GSE292299	GSM8855707_NSCLC_P5	NSCLC	CCL chemokine	ambiguous_or_low_signal	6	6	CCL2,CCL3,CCL4,CCR2,LST1,IL1B	842	0.10807601	0.14532923	0.74366328	0.39192399	0.8	0	18120	5388	9415589
GSE292299	GSM8855707_NSCLC_P5	NSCLC	CXCL chemokine	tumor_like	7	7	CXCL9,CXCL10,CXCL11,CXCR3,CXCR4,ISG15,STAT1	540	0.1542328	0.17975012	0.85804007	0.49814815	0.4	0	18120	5388	9415589
GSE292299	GSM8855707_NSCLC_P5	NSCLC	CXCL chemokine	immune	7	7	CXCL9,CXCL10,CXCL11,CXCR3,CXCR4,ISG15,STAT1	191	0.18997756	0.17672283	1.0750029	0.54450262	1	0	18120	5388	9415589
GSE292299	GSM8855707_NSCLC_P5	NSCLC	CXCL chemokine	stroma_fibroblast	7	7	CXCL9,CXCL10,CXCL11,CXCR3,CXCR4,ISG15,STAT1	3752	0.18397807	0.16163116	1.1382587	0.59301706	0.8	0	18120	5388	9415589
GSE292299	GSM8855707_NSCLC_P5	NSCLC	CXCL chemokine	endothelial	7	7	CXCL9,CXCL10,CXCL11,CXCR3,CXCR4,ISG15,STAT1	63	0.058956916	0.17859155	0.33012154	0.31746032	0.2	0	18120	5388	9415589
GSE292299	GSM8855707_NSCLC_P5	NSCLC	CXCL chemokine	ambiguous_or_low_signal	7	7	CXCL9,CXCL10,CXCL11,CXCR3,CXCR4,ISG15,STAT1	842	0.1676281	0.17896424	0.93665694	0.50831354	0.6	0	18120	5388	9415589
GSE292299	GSM8855707_NSCLC_P5	NSCLC	ECM-integrin	tumor_like	9	9	COL1A1,COL1A2,COL3A1,FN1,ITGA2,ITGAV,ITGB1,ACTA2,TAGLN	540	1.0662551	6.1341447	0.17382295	0.8037037	0.6	0	18120	5388	9415589
GSE292299	GSM8855707_NSCLC_P5	NSCLC	ECM-integrin	immune	9	9	COL1A1,COL1A2,COL3A1,FN1,ITGA2,ITGAV,ITGB1,ACTA2,TAGLN	191	0.23851076	5.8242362	0.040951423	0.73298429	0.4	0	18120	5388	9415589
GSE292299	GSM8855707_NSCLC_P5	NSCLC	ECM-integrin	stroma_fibroblast	9	9	COL1A1,COL1A2,COL3A1,FN1,ITGA2,ITGAV,ITGB1,ACTA2,TAGLN	3752	7.5708955	1.1663271	6.4912284	0.99386994	1	1	18120	5388	9415589
GSE292299	GSM8855707_NSCLC_P5	NSCLC	ECM-integrin	endothelial	9	9	COL1A1,COL1A2,COL3A1,FN1,ITGA2,ITGAV,ITGB1,ACTA2,TAGLN	63	0.10934744	5.6914971	0.019212422	0.55555556	0.2	0	18120	5388	9415589
GSE292299	GSM8855707_NSCLC_P5	NSCLC	ECM-integrin	ambiguous_or_low_signal	9	9	COL1A1,COL1A2,COL3A1,FN1,ITGA2,ITGAV,ITGB1,ACTA2,TAGLN	842	1.5200581	6.3867625	0.23800135	0.85154394	0.8	0	18120	5388	9415589
GSE292299	GSM8855707_NSCLC_P5	NSCLC	EGF/ERBB	tumor_like	8	8	EGFR,EGR1,FOS,JUN,DUSP6,SPRY2,AREG,EREG	540	1.7791667	1.8227877	0.97606903	0.83518519	0.8	0	18120	5388	9415589
GSE292299	GSM8855707_NSCLC_P5	NSCLC	EGF/ERBB	immune	8	8	EGFR,EGR1,FOS,JUN,DUSP6,SPRY2,AREG,EREG	191	0.61518325	1.8626371	0.33027542	0.79057592	0.4	0	18120	5388	9415589
GSE292299	GSM8855707_NSCLC_P5	NSCLC	EGF/ERBB	stroma_fibroblast	8	8	EGFR,EGR1,FOS,JUN,DUSP6,SPRY2,AREG,EREG	3752	2.0166578	1.3637683	1.4787393	0.9283049	1	1	18120	5388	9415589
GSE292299	GSM8855707_NSCLC_P5	NSCLC	EGF/ERBB	endothelial	8	8	EGFR,EGR1,FOS,JUN,DUSP6,SPRY2,AREG,EREG	63	0.23611111	1.8371362	0.12852129	0.66666667	0.2	0	18120	5388	9415589
GSE292299	GSM8855707_NSCLC_P5	NSCLC	EGF/ERBB	ambiguous_or_low_signal	8	8	EGFR,EGR1,FOS,JUN,DUSP6,SPRY2,AREG,EREG	842	1.3515439	1.9048889	0.70951326	0.82779097	0.6	0	18120	5388	9415589
GSE292299	GSM8855707_NSCLC_P5	NSCLC	MIF	tumor_like	7	5	CD74,CXCR4,CXCR2,NFKBIA,IL1B	540	0.57407407	0.86419142	0.66429041	0.63333333	0.4	0	18120	5388	9415589
GSE292299	GSM8855707_NSCLC_P5	NSCLC	MIF	immune	7	5	CD74,CXCR4,CXCR2,NFKBIA,IL1B	191	1.0387435	0.82763133	1.2550799	0.66492147	1	1	18120	5388	9415589
GSE292299	GSM8855707_NSCLC_P5	NSCLC	MIF	stroma_fibroblast	7	5	CD74,CXCR4,CXCR2,NFKBIA,IL1B	3752	0.9163113	0.64889976	1.4120999	0.80810235	0.8	1	18120	5388	9415589
GSE292299	GSM8855707_NSCLC_P5	NSCLC	MIF	endothelial	7	5	CD74,CXCR4,CXCR2,NFKBIA,IL1B	63	0.1015873	0.84379343	0.12039357	0.34920635	0.2	0	18120	5388	9415589
GSE292299	GSM8855707_NSCLC_P5	NSCLC	MIF	ambiguous_or_low_signal	7	5	CD74,CXCR4,CXCR2,NFKBIA,IL1B	842	0.64940618	0.86951166	0.7468631	0.66627078	0.6	0	18120	5388	9415589
GSE292299	GSM8855707_NSCLC_P5	NSCLC	NOTCH	tumor_like	7	7	HES1,HEY1,HEY2,NOTCH1,NOTCH2,DLL4,JAG1	540	0.097883598	0.12726898	0.76910808	0.42037037	0.6	0	18120	5388	9415589
GSE292299	GSM8855707_NSCLC_P5	NSCLC	NOTCH	immune	7	7	HES1,HEY1,HEY2,NOTCH1,NOTCH2,DLL4,JAG1	191	0.093492895	0.12545699	0.74521867	0.41361257	0.4	0	18120	5388	9415589
GSE292299	GSM8855707_NSCLC_P5	NSCLC	NOTCH	stroma_fibroblast	7	7	HES1,HEY1,HEY2,NOTCH1,NOTCH2,DLL4,JAG1	3752	0.13634633	0.096751659	1.4092402	0.51918977	1	1	18120	5388	9415589
GSE292299	GSM8855707_NSCLC_P5	NSCLC	NOTCH	endothelial	7	7	HES1,HEY1,HEY2,NOTCH1,NOTCH2,DLL4,JAG1	63	0.029478458	0.12544601	0.23498921	0.15873016	0.2	0	18120	5388	9415589
GSE292299	GSM8855707_NSCLC_P5	NSCLC	NOTCH	ambiguous_or_low_signal	7	7	HES1,HEY1,HEY2,NOTCH1,NOTCH2,DLL4,JAG1	842	0.10179844	0.12849601	0.79223036	0.41805226	0.8	0	18120	5388	9415589
GSE292299	GSM8855707_NSCLC_P5	NSCLC	SPP1	tumor_like	6	6	SPP1,CD44,ITGAV,ITGB1,FN1,MMP9	540	1.4654321	2.5157797	0.58249619	0.71666667	0.8	0	18120	5388	9415589
GSE292299	GSM8855707_NSCLC_P5	NSCLC	SPP1	immune	6	6	SPP1,CD44,ITGAV,ITGB1,FN1,MMP9	191	0.38481675	2.4849593	0.15485838	0.68586387	0.4	0	18120	5388	9415589
GSE292299	GSM8855707_NSCLC_P5	NSCLC	SPP1	stroma_fibroblast	6	6	SPP1,CD44,ITGAV,ITGB1,FN1,MMP9	3752	2.9078714	1.2698655	2.289905	0.89898721	1	1	18120	5388	9415589
GSE292299	GSM8855707_NSCLC_P5	NSCLC	SPP1	endothelial	6	6	SPP1,CD44,ITGAV,ITGB1,FN1,MMP9	63	0.15343915	2.4372144	0.062956773	0.58730159	0.2	0	18120	5388	9415589
GSE292299	GSM8855707_NSCLC_P5	NSCLC	SPP1	ambiguous_or_low_signal	6	6	SPP1,CD44,ITGAV,ITGB1,FN1,MMP9	842	1.4287411	2.5923523	0.55113694	0.7327791	0.6	0	18120	5388	9415589
GSE292299	GSM8855707_NSCLC_P5	NSCLC	TGFB	tumor_like	8	7	SERPINE1,SMAD7,CCN2,COL1A1,COL1A2,FN1,ACTA2	540	1.0201058	5.1456271	0.19824713	0.73703704	0.6	0	18120	5388	9415589
GSE292299	GSM8855707_NSCLC_P5	NSCLC	TGFB	immune	8	7	SERPINE1,SMAD7,CCN2,COL1A1,COL1A2,FN1,ACTA2	191	0.2131638	4.898238	0.043518465	0.63874346	0.4	0	18120	5388	9415589
GSE292299	GSM8855707_NSCLC_P5	NSCLC	TGFB	stroma_fibroblast	8	7	SERPINE1,SMAD7,CCN2,COL1A1,COL1A2,FN1,ACTA2	3752	6.3290055	1.0699441	5.9152673	0.97654584	1	1	18120	5388	9415589
GSE292299	GSM8855707_NSCLC_P5	NSCLC	TGFB	endothelial	8	7	SERPINE1,SMAD7,CCN2,COL1A1,COL1A2,FN1,ACTA2	63	0.10430839	4.7869081	0.021790347	0.46031746	0.2	0	18120	5388	9415589
GSE292299	GSM8855707_NSCLC_P5	NSCLC	TGFB	ambiguous_or_low_signal	8	7	SERPINE1,SMAD7,CCN2,COL1A1,COL1A2,FN1,ACTA2	842	1.3685103	5.3551631	0.25554971	0.75771971	0.8	0	18120	5388	9415589
GSE292299	GSM8855707_NSCLC_P5	NSCLC	VEGF	tumor_like	7	7	KDR,FLT1,VWF,PECAM1,PLVAP,ENG,ESAM	540	0.11190476	0.26264144	0.42607428	0.40740741	0.4	0	18120	5388	9415589
GSE292299	GSM8855707_NSCLC_P5	NSCLC	VEGF	immune	7	7	KDR,FLT1,VWF,PECAM1,PLVAP,ENG,ESAM	191	0.11069559	0.25256329	0.43828851	0.43455497	0.2	0	18120	5388	9415589
GSE292299	GSM8855707_NSCLC_P5	NSCLC	VEGF	stroma_fibroblast	7	7	KDR,FLT1,VWF,PECAM1,PLVAP,ENG,ESAM	3752	0.29447152	0.13988823	2.1050486	0.67350746	1	1	18120	5388	9415589
GSE292299	GSM8855707_NSCLC_P5	NSCLC	VEGF	endothelial	7	7	KDR,FLT1,VWF,PECAM1,PLVAP,ENG,ESAM	63	0.26303855	0.24735077	1.0634232	0.92063492	0.8	0	18120	5388	9415589
GSE292299	GSM8855707_NSCLC_P5	NSCLC	VEGF	ambiguous_or_low_signal	7	7	KDR,FLT1,VWF,PECAM1,PLVAP,ENG,ESAM	842	0.15524262	0.26462824	0.58664418	0.54394299	0.6	0	18120	5388	9415589
GSE292299	GSM8855707_NSCLC_P5	NSCLC	WNT	tumor_like	7	7	AXIN2,LEF1,TCF7,DKK1,FZD5,JUN,FOS	540	1.3542328	1.4637848	0.92515842	0.78518519	0.8	0	18120	5388	9415589
GSE292299	GSM8855707_NSCLC_P5	NSCLC	WNT	immune	7	7	AXIN2,LEF1,TCF7,DKK1,FZD5,JUN,FOS	191	0.50635752	1.487589	0.34038805	0.76439791	0.4	0	18120	5388	9415589
GSE292299	GSM8855707_NSCLC_P5	NSCLC	WNT	stroma_fibroblast	7	7	AXIN2,LEF1,TCF7,DKK1,FZD5,JUN,FOS	3752	1.6286171	1.0495983	1.5516575	0.90751599	1	1	18120	5388	9415589
GSE292299	GSM8855707_NSCLC_P5	NSCLC	WNT	endothelial	7	7	AXIN2,LEF1,TCF7,DKK1,FZD5,JUN,FOS	63	0.1814059	1.4678471	0.12358637	0.50793651	0.2	0	18120	5388	9415589
GSE292299	GSM8855707_NSCLC_P5	NSCLC	WNT	ambiguous_or_low_signal	7	7	AXIN2,LEF1,TCF7,DKK1,FZD5,JUN,FOS	842	1.042416	1.5288165	0.68184507	0.79691211	0.6	0	18120	5388	9415589
GSE292299	GSM8855708_NSCLC_P6	NSCLC	CCL chemokine	tumor_like	6	6	CCL2,CCL3,CCL4,CCR2,LST1,IL1B	6043	0.22199239	0.46980587	0.47251941	0.59970213	0.4	0	18120	10078	55903480
GSE292299	GSM8855708_NSCLC_P6	NSCLC	CCL chemokine	immune	6	6	CCL2,CCL3,CCL4,CCR2,LST1,IL1B	168	0.27083333	0.32206525	0.84092689	0.54761905	0.6	0	18120	10078	55903480
GSE292299	GSM8855708_NSCLC_P6	NSCLC	CCL chemokine	stroma_fibroblast	6	6	CCL2,CCL3,CCL4,CCR2,LST1,IL1B	1994	0.61651622	0.24837127	2.4822364	0.81444333	1	1	18120	10078	55903480
GSE292299	GSM8855708_NSCLC_P6	NSCLC	CCL chemokine	endothelial	6	6	CCL2,CCL3,CCL4,CCR2,LST1,IL1B	46	0.079710145	0.32231858	0.24730236	0.2826087	0.2	0	18120	10078	55903480
GSE292299	GSM8855708_NSCLC_P6	NSCLC	CCL chemokine	ambiguous_or_low_signal	6	6	CCL2,CCL3,CCL4,CCR2,LST1,IL1B	1827	0.33780332	0.31753727	1.0638226	0.63054187	0.8	0	18120	10078	55903480
GSE292299	GSM8855708_NSCLC_P6	NSCLC	CXCL chemokine	tumor_like	7	7	CXCL9,CXCL10,CXCL11,CXCR3,CXCR4,ISG15,STAT1	6043	1.4320702	1.5280227	0.9372048	0.92305146	0.6	0	18120	10078	55903480
GSE292299	GSM8855708_NSCLC_P6	NSCLC	CXCL chemokine	immune	7	7	CXCL9,CXCL10,CXCL11,CXCR3,CXCR4,ISG15,STAT1	168	1.1658163	1.4756523	0.79003457	0.6547619	0.4	0	18120	10078	55903480
GSE292299	GSM8855708_NSCLC_P6	NSCLC	CXCL chemokine	stroma_fibroblast	7	7	CXCL9,CXCL10,CXCL11,CXCR3,CXCR4,ISG15,STAT1	1994	1.6222955	1.4330423	1.1320639	0.89317954	1	0	18120	10078	55903480
GSE292299	GSM8855708_NSCLC_P6	NSCLC	CXCL chemokine	endothelial	7	7	CXCL9,CXCL10,CXCL11,CXCR3,CXCR4,ISG15,STAT1	46	0.11801242	1.4766889	0.079916917	0.47826087	0.2	0	18120	10078	55903480
GSE292299	GSM8855708_NSCLC_P6	NSCLC	CXCL chemokine	ambiguous_or_low_signal	7	7	CXCL9,CXCL10,CXCL11,CXCR3,CXCR4,ISG15,STAT1	1827	1.4939401	1.4652943	1.0195496	0.82156541	0.8	0	18120	10078	55903480
GSE292299	GSM8855708_NSCLC_P6	NSCLC	ECM-integrin	tumor_like	9	9	COL1A1,COL1A2,COL3A1,FN1,ITGA2,ITGAV,ITGB1,ACTA2,TAGLN	6043	4.584956	10.389536	0.44130517	0.97302664	0.6	0	18120	10078	55903480
GSE292299	GSM8855708_NSCLC_P6	NSCLC	ECM-integrin	immune	9	9	COL1A1,COL1A2,COL3A1,FN1,ITGA2,ITGAV,ITGB1,ACTA2,TAGLN	168	1.3048942	7.0039803	0.18630752	0.82738095	0.4	0	18120	10078	55903480
GSE292299	GSM8855708_NSCLC_P6	NSCLC	ECM-integrin	stroma_fibroblast	9	9	COL1A1,COL1A2,COL3A1,FN1,ITGA2,ITGAV,ITGB1,ACTA2,TAGLN	1994	14.863145	4.9470009	3.0044759	0.99197593	1	1	18120	10078	55903480
GSE292299	GSM8855708_NSCLC_P6	NSCLC	ECM-integrin	endothelial	9	9	COL1A1,COL1A2,COL3A1,FN1,ITGA2,ITGAV,ITGB1,ACTA2,TAGLN	46	0.30434783	6.939261	0.043858824	0.73913043	0.2	0	18120	10078	55903480
GSE292299	GSM8855708_NSCLC_P6	NSCLC	ECM-integrin	ambiguous_or_low_signal	9	9	COL1A1,COL1A2,COL3A1,FN1,ITGA2,ITGAV,ITGB1,ACTA2,TAGLN	1827	6.5963024	6.9782114	0.94527122	0.94143404	0.8	0	18120	10078	55903480
GSE292299	GSM8855708_NSCLC_P6	NSCLC	EGF/ERBB	tumor_like	8	8	EGFR,EGR1,FOS,JUN,DUSP6,SPRY2,AREG,EREG	6043	10.767313	4.2026642	2.5620209	0.98477577	1	1	18120	10078	55903480
GSE292299	GSM8855708_NSCLC_P6	NSCLC	EGF/ERBB	immune	8	8	EGFR,EGR1,FOS,JUN,DUSP6,SPRY2,AREG,EREG	168	1.8095238	8.246279	0.21943519	0.91071429	0.4	0	18120	10078	55903480
GSE292299	GSM8855708_NSCLC_P6	NSCLC	EGF/ERBB	stroma_fibroblast	8	8	EGFR,EGR1,FOS,JUN,DUSP6,SPRY2,AREG,EREG	1994	4.8322467	8.9546171	0.53963745	0.97893681	0.8	0	18120	10078	55903480
GSE292299	GSM8855708_NSCLC_P6	NSCLC	EGF/ERBB	endothelial	8	8	EGFR,EGR1,FOS,JUN,DUSP6,SPRY2,AREG,EREG	46	0.63586957	8.1733827	0.077797601	0.91304348	0.2	0	18120	10078	55903480
GSE292299	GSM8855708_NSCLC_P6	NSCLC	EGF/ERBB	ambiguous_or_low_signal	8	8	EGFR,EGR1,FOS,JUN,DUSP6,SPRY2,AREG,EREG	1827	3.8253968	9.094125	0.42064485	0.95128626	0.6	0	18120	10078	55903480
GSE292299	GSM8855708_NSCLC_P6	NSCLC	MIF	tumor_like	7	5	CD74,CXCR4,CXCR2,NFKBIA,IL1B	6043	6.1623035	8.6977943	0.70849037	0.97716366	0.6	0	18120	10078	55903480
GSE292299	GSM8855708_NSCLC_P6	NSCLC	MIF	immune	7	5	CD74,CXCR4,CXCR2,NFKBIA,IL1B	168	6.0452381	7.1966498	0.84000726	0.83928571	0.4	0	18120	10078	55903480
GSE292299	GSM8855708_NSCLC_P6	NSCLC	MIF	stroma_fibroblast	7	5	CD74,CXCR4,CXCR2,NFKBIA,IL1B	1994	10.042528	6.4707571	1.5519865	0.9663992	1	1	18120	10078	55903480
GSE292299	GSM8855708_NSCLC_P6	NSCLC	MIF	endothelial	7	5	CD74,CXCR4,CXCR2,NFKBIA,IL1B	46	0.96521739	7.205941	0.13394745	0.89130435	0.2	0	18120	10078	55903480
GSE292299	GSM8855708_NSCLC_P6	NSCLC	MIF	ambiguous_or_low_signal	7	5	CD74,CXCR4,CXCR2,NFKBIA,IL1B	1827	7.6687466	7.0686705	1.0848924	0.9408867	0.8	0	18120	10078	55903480
GSE292299	GSM8855708_NSCLC_P6	NSCLC	NOTCH	tumor_like	7	7	HES1,HEY1,HEY2,NOTCH1,NOTCH2,DLL4,JAG1	6043	0.7193447	0.4559391	1.577721	0.89376138	1	1	18120	10078	55903480
GSE292299	GSM8855708_NSCLC_P6	NSCLC	NOTCH	immune	7	7	HES1,HEY1,HEY2,NOTCH1,NOTCH2,DLL4,JAG1	168	0.19387755	0.62100332	0.31220051	0.54761905	0.4	0	18120	10078	55903480
GSE292299	GSM8855708_NSCLC_P6	NSCLC	NOTCH	stroma_fibroblast	7	7	HES1,HEY1,HEY2,NOTCH1,NOTCH2,DLL4,JAG1	1994	0.47334862	0.6485474	0.72985972	0.84503511	0.8	0	18120	10078	55903480
GSE292299	GSM8855708_NSCLC_P6	NSCLC	NOTCH	endothelial	7	7	HES1,HEY1,HEY2,NOTCH1,NOTCH2,DLL4,JAG1	46	0.10559006	0.61621383	0.17135296	0.45652174	0.2	0	18120	10078	55903480
GSE292299	GSM8855708_NSCLC_P6	NSCLC	NOTCH	ambiguous_or_low_signal	7	7	HES1,HEY1,HEY2,NOTCH1,NOTCH2,DLL4,JAG1	1827	0.46985691	0.64577454	0.72758661	0.77285167	0.6	0	18120	10078	55903480
GSE292299	GSM8855708_NSCLC_P6	NSCLC	SPP1	tumor_like	6	6	SPP1,CD44,ITGAV,ITGB1,FN1,MMP9	6043	6.05163	6.8713755	0.8807014	0.9725302	0.6	0	18120	10078	55903480
GSE292299	GSM8855708_NSCLC_P6	NSCLC	SPP1	immune	6	6	SPP1,CD44,ITGAV,ITGB1,FN1,MMP9	168	3.2886905	6.4322402	0.51128229	0.85119048	0.4	0	18120	10078	55903480
GSE292299	GSM8855708_NSCLC_P6	NSCLC	SPP1	stroma_fibroblast	6	6	SPP1,CD44,ITGAV,ITGB1,FN1,MMP9	1994	8.0258275	5.9738372	1.3434962	0.95787362	1	1	18120	10078	55903480
GSE292299	GSM8855708_NSCLC_P6	NSCLC	SPP1	endothelial	6	6	SPP1,CD44,ITGAV,ITGB1,FN1,MMP9	46	0.46014493	6.406981	0.071819306	0.73913043	0.2	0	18120	10078	55903480
GSE292299	GSM8855708_NSCLC_P6	NSCLC	SPP1	ambiguous_or_low_signal	6	6	SPP1,CD44,ITGAV,ITGB1,FN1,MMP9	1827	6.1022624	6.4413	0.94736502	0.92172961	0.8	0	18120	10078	55903480
GSE292299	GSM8855708_NSCLC_P6	NSCLC	TGFB	tumor_like	8	7	SERPINE1,SMAD7,CCN2,COL1A1,COL1A2,FN1,ACTA2	6043	4.3508428	9.7704727	0.44530525	0.96425616	0.6	0	18120	10078	55903480
GSE292299	GSM8855708_NSCLC_P6	NSCLC	TGFB	immune	8	7	SERPINE1,SMAD7,CCN2,COL1A1,COL1A2,FN1,ACTA2	168	1.3129252	6.6090241	0.19865644	0.80952381	0.4	0	18120	10078	55903480
GSE292299	GSM8855708_NSCLC_P6	NSCLC	TGFB	stroma_fibroblast	8	7	SERPINE1,SMAD7,CCN2,COL1A1,COL1A2,FN1,ACTA2	1994	13.755911	4.7361101	2.9044744	0.98345035	1	1	18120	10078	55903480
GSE292299	GSM8855708_NSCLC_P6	NSCLC	TGFB	endothelial	8	7	SERPINE1,SMAD7,CCN2,COL1A1,COL1A2,FN1,ACTA2	46	0.31677019	6.5491855	0.048367876	0.82608696	0.2	0	18120	10078	55903480
GSE292299	GSM8855708_NSCLC_P6	NSCLC	TGFB	ambiguous_or_low_signal	8	7	SERPINE1,SMAD7,CCN2,COL1A1,COL1A2,FN1,ACTA2	1827	6.4364688	6.5393978	0.98426017	0.92063492	0.8	0	18120	10078	55903480
GSE292299	GSM8855708_NSCLC_P6	NSCLC	VEGF	tumor_like	7	7	KDR,FLT1,VWF,PECAM1,PLVAP,ENG,ESAM	6043	1.0648684	0.98445743	1.0816805	0.92569916	0.8	0	18120	10078	55903480
GSE292299	GSM8855708_NSCLC_P6	NSCLC	VEGF	immune	7	7	KDR,FLT1,VWF,PECAM1,PLVAP,ENG,ESAM	168	0.44982993	1.0425544	0.43146902	0.58928571	0.2	0	18120	10078	55903480
GSE292299	GSM8855708_NSCLC_P6	NSCLC	VEGF	stroma_fibroblast	7	7	KDR,FLT1,VWF,PECAM1,PLVAP,ENG,ESAM	1994	1.1266657	1.0094896	1.1160746	0.89719157	1	0	18120	10078	55903480
GSE292299	GSM8855708_NSCLC_P6	NSCLC	VEGF	endothelial	7	7	KDR,FLT1,VWF,PECAM1,PLVAP,ENG,ESAM	46	0.59937888	1.0346605	0.57930004	0.91304348	0.4	0	18120	10078	55903480
GSE292299	GSM8855708_NSCLC_P6	NSCLC	VEGF	ambiguous_or_low_signal	7	7	KDR,FLT1,VWF,PECAM1,PLVAP,ENG,ESAM	1827	0.88810697	1.0646848	0.83415013	0.83853311	0.6	0	18120	10078	55903480
GSE292299	GSM8855708_NSCLC_P6	NSCLC	WNT	tumor_like	7	7	AXIN2,LEF1,TCF7,DKK1,FZD5,JUN,FOS	6043	5.1842982	2.9959285	1.7304479	0.97352308	1	1	18120	10078	55903480
GSE292299	GSM8855708_NSCLC_P6	NSCLC	WNT	immune	7	7	AXIN2,LEF1,TCF7,DKK1,FZD5,JUN,FOS	168	1.2636054	4.3597376	0.2898352	0.83928571	0.4	0	18120	10078	55903480
GSE292299	GSM8855708_NSCLC_P6	NSCLC	WNT	stroma_fibroblast	7	7	AXIN2,LEF1,TCF7,DKK1,FZD5,JUN,FOS	1994	3.803052	4.4327066	0.85795257	0.96138415	0.8	0	18120	10078	55903480
GSE292299	GSM8855708_NSCLC_P6	NSCLC	WNT	endothelial	7	7	AXIN2,LEF1,TCF7,DKK1,FZD5,JUN,FOS	46	0.53416149	4.3254301	0.12349327	0.80434783	0.2	0	18120	10078	55903480
GSE292299	GSM8855708_NSCLC_P6	NSCLC	WNT	ambiguous_or_low_signal	7	7	AXIN2,LEF1,TCF7,DKK1,FZD5,JUN,FOS	1827	2.3363046	4.7447409	0.49239878	0.92829776	0.6	0	18120	10078	55903480
GSE292299	GSM8855709_NSCLC_P7	NSCLC	CCL chemokine	tumor_like	6	6	CCL2,CCL3,CCL4,CCR2,LST1,IL1B	2536	0.357847	0.36599348	0.97774147	0.58793375	0.6	0	18120	5705	23931393
GSE292299	GSM8855709_NSCLC_P7	NSCLC	CCL chemokine	immune	6	6	CCL2,CCL3,CCL4,CCR2,LST1,IL1B	334	0.39520958	0.36033017	1.0967985	0.56287425	0.8	0	18120	5705	23931393
GSE292299	GSM8855709_NSCLC_P7	NSCLC	CCL chemokine	stroma_fibroblast	6	6	CCL2,CCL3,CCL4,CCR2,LST1,IL1B	933	0.48999643	0.33741967	1.4521869	0.6227224	1	1	18120	5705	23931393
GSE292299	GSM8855709_NSCLC_P7	NSCLC	CCL chemokine	endothelial	6	6	CCL2,CCL3,CCL4,CCR2,LST1,IL1B	34	0.068627451	0.36413331	0.18846793	0.20588235	0.2	0	18120	5705	23931393
GSE292299	GSM8855709_NSCLC_P7	NSCLC	CCL chemokine	ambiguous_or_low_signal	6	6	CCL2,CCL3,CCL4,CCR2,LST1,IL1B	1868	0.30424697	0.39066979	0.77878293	0.54122056	0.4	0	18120	5705	23931393
GSE292299	GSM8855709_NSCLC_P7	NSCLC	CXCL chemokine	tumor_like	7	7	CXCL9,CXCL10,CXCL11,CXCR3,CXCR4,ISG15,STAT1	2536	1.2509013	0.67862778	1.8432804	0.78746057	1	1	18120	5705	23931393
GSE292299	GSM8855709_NSCLC_P7	NSCLC	CXCL chemokine	immune	7	7	CXCL9,CXCL10,CXCL11,CXCR3,CXCR4,ISG15,STAT1	334	0.5402053	0.95744341	0.56421643	0.59281437	0.4	0	18120	5705	23931393
GSE292299	GSM8855709_NSCLC_P7	NSCLC	CXCL chemokine	stroma_fibroblast	7	7	CXCL9,CXCL10,CXCL11,CXCR3,CXCR4,ISG15,STAT1	933	0.88899097	0.94162376	0.94410422	0.76205788	0.8	0	18120	5705	23931393
GSE292299	GSM8855709_NSCLC_P7	NSCLC	CXCL chemokine	endothelial	7	7	CXCL9,CXCL10,CXCL11,CXCR3,CXCR4,ISG15,STAT1	34	0.096638655	0.93803058	0.10302293	0.44117647	0.2	0	18120	5705	23931393
GSE292299	GSM8855709_NSCLC_P7	NSCLC	CXCL chemokine	ambiguous_or_low_signal	7	7	CXCL9,CXCL10,CXCL11,CXCR3,CXCR4,ISG15,STAT1	1868	0.6089018	1.0908076	0.55821195	0.67826552	0.6	0	18120	5705	23931393
GSE292299	GSM8855709_NSCLC_P7	NSCLC	ECM-integrin	tumor_like	9	9	COL1A1,COL1A2,COL3A1,FN1,ITGA2,ITGAV,ITGB1,ACTA2,TAGLN	2536	9.8313617	11.502647	0.85470428	0.96648265	0.8	0	18120	5705	23931393
GSE292299	GSM8855709_NSCLC_P7	NSCLC	ECM-integrin	immune	9	9	COL1A1,COL1A2,COL3A1,FN1,ITGA2,ITGAV,ITGB1,ACTA2,TAGLN	334	2.1510313	11.295062	0.19043997	0.94011976	0.4	0	18120	5705	23931393
GSE292299	GSM8855709_NSCLC_P7	NSCLC	ECM-integrin	stroma_fibroblast	9	9	COL1A1,COL1A2,COL3A1,FN1,ITGA2,ITGAV,ITGB1,ACTA2,TAGLN	933	24.10861	8.1498091	2.958181	0.99249732	1	1	18120	5705	23931393
GSE292299	GSM8855709_NSCLC_P7	NSCLC	ECM-integrin	endothelial	9	9	COL1A1,COL1A2,COL3A1,FN1,ITGA2,ITGAV,ITGB1,ACTA2,TAGLN	34	0.45424837	10.821509	0.041976435	0.82352941	0.2	0	18120	5705	23931393
GSE292299	GSM8855709_NSCLC_P7	NSCLC	ECM-integrin	ambiguous_or_low_signal	9	9	COL1A1,COL1A2,COL3A1,FN1,ITGA2,ITGAV,ITGB1,ACTA2,TAGLN	1868	7.079586	12.551357	0.56404946	0.9732334	0.6	0	18120	5705	23931393
GSE292299	GSM8855709_NSCLC_P7	NSCLC	EGF/ERBB	tumor_like	8	8	EGFR,EGR1,FOS,JUN,DUSP6,SPRY2,AREG,EREG	2536	5.3098383	2.3921979	2.2196485	0.94755521	1	1	18120	5705	23931393
GSE292299	GSM8855709_NSCLC_P7	NSCLC	EGF/ERBB	immune	8	8	EGFR,EGR1,FOS,JUN,DUSP6,SPRY2,AREG,EREG	334	1.7986527	3.8067166	0.47249451	0.90718563	0.4	0	18120	5705	23931393
GSE292299	GSM8855709_NSCLC_P7	NSCLC	EGF/ERBB	stroma_fibroblast	8	8	EGFR,EGR1,FOS,JUN,DUSP6,SPRY2,AREG,EREG	933	3.1483119	3.7948973	0.82961715	0.92068596	0.8	0	18120	5705	23931393
GSE292299	GSM8855709_NSCLC_P7	NSCLC	EGF/ERBB	endothelial	8	8	EGFR,EGR1,FOS,JUN,DUSP6,SPRY2,AREG,EREG	34	0.31617647	3.7093767	0.08523709	0.73529412	0.2	0	18120	5705	23931393
GSE292299	GSM8855709_NSCLC_P7	NSCLC	EGF/ERBB	ambiguous_or_low_signal	8	8	EGFR,EGR1,FOS,JUN,DUSP6,SPRY2,AREG,EREG	1868	2.1584582	4.4343563	0.48675797	0.93683084	0.6	0	18120	5705	23931393
GSE292299	GSM8855709_NSCLC_P7	NSCLC	MIF	tumor_like	7	5	CD74,CXCR4,CXCR2,NFKBIA,IL1B	2536	5.6347792	6.2579363	0.90042131	0.93059937	0.6	0	18120	5705	23931393
GSE292299	GSM8855709_NSCLC_P7	NSCLC	MIF	immune	7	5	CD74,CXCR4,CXCR2,NFKBIA,IL1B	334	7.0658683	5.9134612	1.1948786	0.95808383	0.8	0	18120	5705	23931393
GSE292299	GSM8855709_NSCLC_P7	NSCLC	MIF	stroma_fibroblast	7	5	CD74,CXCR4,CXCR2,NFKBIA,IL1B	933	7.9202572	5.6017603	1.4138872	0.96463023	1	1	18120	5705	23931393
GSE292299	GSM8855709_NSCLC_P7	NSCLC	MIF	endothelial	7	5	CD74,CXCR4,CXCR2,NFKBIA,IL1B	34	1.1235294	6.0100511	0.18694174	0.94117647	0.2	0	18120	5705	23931393
GSE292299	GSM8855709_NSCLC_P7	NSCLC	MIF	ambiguous_or_low_signal	7	5	CD74,CXCR4,CXCR2,NFKBIA,IL1B	1868	5.3766595	6.2751108	0.85682305	0.95396146	0.4	0	18120	5705	23931393
GSE292299	GSM8855709_NSCLC_P7	NSCLC	NOTCH	tumor_like	7	7	HES1,HEY1,HEY2,NOTCH1,NOTCH2,DLL4,JAG1	2536	0.7668995	0.53387729	1.4364715	0.75670347	0.8	1	18120	5705	23931393
GSE292299	GSM8855709_NSCLC_P7	NSCLC	NOTCH	immune	7	7	HES1,HEY1,HEY2,NOTCH1,NOTCH2,DLL4,JAG1	334	0.33233533	0.65643535	0.50627275	0.66766467	0.4	0	18120	5705	23931393
GSE292299	GSM8855709_NSCLC_P7	NSCLC	NOTCH	stroma_fibroblast	7	7	HES1,HEY1,HEY2,NOTCH1,NOTCH2,DLL4,JAG1	933	0.78012556	0.60956772	1.2798013	0.75241158	1	1	18120	5705	23931393
GSE292299	GSM8855709_NSCLC_P7	NSCLC	NOTCH	endothelial	7	7	HES1,HEY1,HEY2,NOTCH1,NOTCH2,DLL4,JAG1	34	0.13865546	0.64045142	0.21649646	0.61764706	0.2	0	18120	5705	23931393
GSE292299	GSM8855709_NSCLC_P7	NSCLC	NOTCH	ambiguous_or_low_signal	7	7	HES1,HEY1,HEY2,NOTCH1,NOTCH2,DLL4,JAG1	1868	0.45411441	0.72672102	0.62488134	0.71788009	0.6	0	18120	5705	23931393
GSE292299	GSM8855709_NSCLC_P7	NSCLC	SPP1	tumor_like	6	6	SPP1,CD44,ITGAV,ITGB1,FN1,MMP9	2536	19.012684	17.424319	1.0911579	0.99290221	0.8	0	18120	5705	23931393
GSE292299	GSM8855709_NSCLC_P7	NSCLC	SPP1	immune	6	6	SPP1,CD44,ITGAV,ITGB1,FN1,MMP9	334	16.497006	18.231956	0.90484018	1	0.6	0	18120	5705	23931393
GSE292299	GSM8855709_NSCLC_P7	NSCLC	SPP1	stroma_fibroblast	6	6	SPP1,CD44,ITGAV,ITGB1,FN1,MMP9	933	22.189353	17.336791	1.2798997	0.99356913	1	1	18120	5705	23931393
GSE292299	GSM8855709_NSCLC_P7	NSCLC	SPP1	endothelial	6	6	SPP1,CD44,ITGAV,ITGB1,FN1,MMP9	34	3.2254902	18.219744	0.17703269	0.97058824	0.2	0	18120	5705	23931393
GSE292299	GSM8855709_NSCLC_P7	NSCLC	SPP1	ambiguous_or_low_signal	6	6	SPP1,CD44,ITGAV,ITGB1,FN1,MMP9	1868	15.468594	19.426244	0.796273	0.99625268	0.4	0	18120	5705	23931393
GSE292299	GSM8855709_NSCLC_P7	NSCLC	TGFB	tumor_like	8	7	SERPINE1,SMAD7,CCN2,COL1A1,COL1A2,FN1,ACTA2	2536	10.401645	11.438579	0.90934764	0.94716088	0.8	0	18120	5705	23931393
GSE292299	GSM8855709_NSCLC_P7	NSCLC	TGFB	immune	8	7	SERPINE1,SMAD7,CCN2,COL1A1,COL1A2,FN1,ACTA2	334	2.0543199	11.532542	0.17813244	0.90718563	0.4	0	18120	5705	23931393
GSE292299	GSM8855709_NSCLC_P7	NSCLC	TGFB	stroma_fibroblast	8	7	SERPINE1,SMAD7,CCN2,COL1A1,COL1A2,FN1,ACTA2	933	23.348339	8.558975	2.7279363	0.98499464	1	1	18120	5705	23931393
GSE292299	GSM8855709_NSCLC_P7	NSCLC	TGFB	endothelial	8	7	SERPINE1,SMAD7,CCN2,COL1A1,COL1A2,FN1,ACTA2	34	0.52521008	11.040305	0.047572062	0.85294118	0.2	0	18120	5705	23931393
GSE292299	GSM8855709_NSCLC_P7	NSCLC	TGFB	ambiguous_or_low_signal	8	7	SERPINE1,SMAD7,CCN2,COL1A1,COL1A2,FN1,ACTA2	1868	7.3666259	12.735619	0.57842698	0.92719486	0.6	0	18120	5705	23931393
GSE292299	GSM8855709_NSCLC_P7	NSCLC	VEGF	tumor_like	7	7	KDR,FLT1,VWF,PECAM1,PLVAP,ENG,ESAM	2536	0.83984903	1.4150926	0.59349403	0.78864353	0.6	0	18120	5705	23931393
GSE292299	GSM8855709_NSCLC_P7	NSCLC	VEGF	immune	7	7	KDR,FLT1,VWF,PECAM1,PLVAP,ENG,ESAM	334	0.8182207	1.1805995	0.69305526	0.77844311	0.4	0	18120	5705	23931393
GSE292299	GSM8855709_NSCLC_P7	NSCLC	VEGF	stroma_fibroblast	7	7	KDR,FLT1,VWF,PECAM1,PLVAP,ENG,ESAM	933	2.4809371	0.90099988	2.7535376	0.88210075	1	1	18120	5705	23931393
GSE292299	GSM8855709_NSCLC_P7	NSCLC	VEGF	endothelial	7	7	KDR,FLT1,VWF,PECAM1,PLVAP,ENG,ESAM	34	0.75210084	1.1618258	0.64734388	0.97058824	0.2	0	18120	5705	23931393
GSE292299	GSM8855709_NSCLC_P7	NSCLC	VEGF	ambiguous_or_low_signal	7	7	KDR,FLT1,VWF,PECAM1,PLVAP,ENG,ESAM	1868	1.0015295	1.2362337	0.81014581	0.84796574	0.8	0	18120	5705	23931393
GSE292299	GSM8855709_NSCLC_P7	NSCLC	WNT	tumor_like	7	7	AXIN2,LEF1,TCF7,DKK1,FZD5,JUN,FOS	2536	2.4950991	1.6403552	1.5210724	0.88170347	1	1	18120	5705	23931393
GSE292299	GSM8855709_NSCLC_P7	NSCLC	WNT	immune	7	7	AXIN2,LEF1,TCF7,DKK1,FZD5,JUN,FOS	334	1.4888794	2.0533553	0.72509583	0.84131737	0.6	0	18120	5705	23931393
GSE292299	GSM8855709_NSCLC_P7	NSCLC	WNT	stroma_fibroblast	7	7	AXIN2,LEF1,TCF7,DKK1,FZD5,JUN,FOS	933	2.2659623	1.9722788	1.1489057	0.8960343	0.8	0	18120	5705	23931393
GSE292299	GSM8855709_NSCLC_P7	NSCLC	WNT	endothelial	7	7	AXIN2,LEF1,TCF7,DKK1,FZD5,JUN,FOS	34	0.24369748	2.0309595	0.1199913	0.76470588	0.2	0	18120	5705	23931393
GSE292299	GSM8855709_NSCLC_P7	NSCLC	WNT	ambiguous_or_low_signal	7	7	AXIN2,LEF1,TCF7,DKK1,FZD5,JUN,FOS	1868	1.3803916	2.3318441	0.59197421	0.87259101	0.4	0	18120	5705	23931393
GSE292299	GSM8855710_NSCLC_P8	NSCLC	CCL chemokine	tumor_like	6	6	CCL2,CCL3,CCL4,CCR2,LST1,IL1B	251	0.17264276	0.1494195	1.1554232	0.52191235	0.8	0	18120	5218	9546924
GSE292299	GSM8855710_NSCLC_P8	NSCLC	CCL chemokine	immune	6	6	CCL2,CCL3,CCL4,CCR2,LST1,IL1B	8	0.020833333	0.15073576	0.13821096	0.125	0.4	0	18120	5218	9546924
GSE292299	GSM8855710_NSCLC_P8	NSCLC	CCL chemokine	stroma_fibroblast	6	6	CCL2,CCL3,CCL4,CCR2,LST1,IL1B	4664	0.14697684	0.18050542	0.81425172	0.4738422	0.6	0	18120	5218	9546924
GSE292299	GSM8855710_NSCLC_P8	NSCLC	CCL chemokine	endothelial	6	6	CCL2,CCL3,CCL4,CCR2,LST1,IL1B	1	0	0.15056546	6.6416295e-09	0	0.2	0	18120	5218	9546924
GSE292299	GSM8855710_NSCLC_P8	NSCLC	CCL chemokine	ambiguous_or_low_signal	6	6	CCL2,CCL3,CCL4,CCR2,LST1,IL1B	294	0.19217687	0.14805037	1.2980506	0.45918367	1	1	18120	5218	9546924
GSE292299	GSM8855710_NSCLC_P8	NSCLC	CXCL chemokine	tumor_like	7	7	CXCL9,CXCL10,CXCL11,CXCR3,CXCR4,ISG15,STAT1	251	0.82071713	0.47179959	1.7395461	0.86055777	1	1	18120	5218	9546924
GSE292299	GSM8855710_NSCLC_P8	NSCLC	CXCL chemokine	immune	7	7	CXCL9,CXCL10,CXCL11,CXCR3,CXCR4,ISG15,STAT1	8	0.017857143	0.48930628	0.036494818	0.125	0.4	0	18120	5218	9546924
GSE292299	GSM8855710_NSCLC_P8	NSCLC	CXCL chemokine	stroma_fibroblast	7	7	CXCL9,CXCL10,CXCL11,CXCR3,CXCR4,ISG15,STAT1	4664	0.46321367	0.70216606	0.65969248	0.77229846	0.6	0	18120	5218	9546924
GSE292299	GSM8855710_NSCLC_P8	NSCLC	CXCL chemokine	endothelial	7	7	CXCL9,CXCL10,CXCL11,CXCR3,CXCR4,ISG15,STAT1	1	0	0.48867713	2.0463409e-09	0	0.2	0	18120	5218	9546924
GSE292299	GSM8855710_NSCLC_P8	NSCLC	CXCL chemokine	ambiguous_or_low_signal	7	7	CXCL9,CXCL10,CXCL11,CXCR3,CXCR4,ISG15,STAT1	294	0.62196307	0.48061971	1.2940857	0.65646259	0.8	1	18120	5218	9546924
GSE292299	GSM8855710_NSCLC_P8	NSCLC	ECM-integrin	tumor_like	9	9	COL1A1,COL1A2,COL3A1,FN1,ITGA2,ITGAV,ITGB1,ACTA2,TAGLN	251	3.0522355	10.238552	0.29811202	0.99203187	0.6	0	18120	5218	9546924
GSE292299	GSM8855710_NSCLC_P8	NSCLC	ECM-integrin	immune	9	9	COL1A1,COL1A2,COL3A1,FN1,ITGA2,ITGAV,ITGB1,ACTA2,TAGLN	8	0.16666667	9.9078055	0.016821754	0.75	0.2	0	18120	5218	9546924
GSE292299	GSM8855710_NSCLC_P8	NSCLC	ECM-integrin	stroma_fibroblast	9	9	COL1A1,COL1A2,COL3A1,FN1,ITGA2,ITGAV,ITGB1,ACTA2,TAGLN	4664	10.383624	5.7613317	1.8022958	0.99957118	1	1	18120	5218	9546924
GSE292299	GSM8855710_NSCLC_P8	NSCLC	ECM-integrin	endothelial	9	9	COL1A1,COL1A2,COL3A1,FN1,ITGA2,ITGAV,ITGB1,ACTA2,TAGLN	1	0.33333333	9.8947032	0.033688058	1	0.4	0	18120	5218	9546924
GSE292299	GSM8855710_NSCLC_P8	NSCLC	ECM-integrin	ambiguous_or_low_signal	9	9	COL1A1,COL1A2,COL3A1,FN1,ITGA2,ITGAV,ITGB1,ACTA2,TAGLN	294	8.244898	9.9912673	0.82521043	0.9829932	0.8	0	18120	5218	9546924
GSE292299	GSM8855710_NSCLC_P8	NSCLC	EGF/ERBB	tumor_like	8	8	EGFR,EGR1,FOS,JUN,DUSP6,SPRY2,AREG,EREG	251	1.9825697	0.92857862	2.1350586	0.91633466	1	1	18120	5218	9546924
GSE292299	GSM8855710_NSCLC_P8	NSCLC	EGF/ERBB	immune	8	8	EGFR,EGR1,FOS,JUN,DUSP6,SPRY2,AREG,EREG	8	0.078125	0.98066219	0.079665559	0.625	0.2	0	18120	5218	9546924
GSE292299	GSM8855710_NSCLC_P8	NSCLC	EGF/ERBB	stroma_fibroblast	8	8	EGFR,EGR1,FOS,JUN,DUSP6,SPRY2,AREG,EREG	4664	0.87746569	1.836417	0.47781398	0.88872213	0.6	0	18120	5218	9546924
GSE292299	GSM8855710_NSCLC_P8	NSCLC	EGF/ERBB	endothelial	8	8	EGFR,EGR1,FOS,JUN,DUSP6,SPRY2,AREG,EREG	1	0.375	0.97939429	0.38288972	1	0.4	0	18120	5218	9546924
GSE292299	GSM8855710_NSCLC_P8	NSCLC	EGF/ERBB	ambiguous_or_low_signal	8	8	EGFR,EGR1,FOS,JUN,DUSP6,SPRY2,AREG,EREG	294	1.7644558	0.93239744	1.8923859	0.83333333	0.8	1	18120	5218	9546924
GSE292299	GSM8855710_NSCLC_P8	NSCLC	MIF	tumor_like	7	5	CD74,CXCR4,CXCR2,NFKBIA,IL1B	251	1.7314741	1.3511979	1.2814363	0.87649402	0.8	1	18120	5218	9546924
GSE292299	GSM8855710_NSCLC_P8	NSCLC	MIF	immune	7	5	CD74,CXCR4,CXCR2,NFKBIA,IL1B	8	0.1	1.3714395	0.072916084	0.25	0.4	0	18120	5218	9546924
GSE292299	GSM8855710_NSCLC_P8	NSCLC	MIF	stroma_fibroblast	7	5	CD74,CXCR4,CXCR2,NFKBIA,IL1B	4664	1.3205403	1.7815884	0.74121513	0.86213551	0.6	0	18120	5218	9546924
GSE292299	GSM8855710_NSCLC_P8	NSCLC	MIF	endothelial	7	5	CD74,CXCR4,CXCR2,NFKBIA,IL1B	1	0	1.3697527	7.3005877e-10	0	0.2	0	18120	5218	9546924
GSE292299	GSM8855710_NSCLC_P8	NSCLC	MIF	ambiguous_or_low_signal	7	5	CD74,CXCR4,CXCR2,NFKBIA,IL1B	294	1.8761905	1.3392364	1.4009405	0.7755102	1	1	18120	5218	9546924
GSE292299	GSM8855710_NSCLC_P8	NSCLC	NOTCH	tumor_like	7	7	HES1,HEY1,HEY2,NOTCH1,NOTCH2,DLL4,JAG1	251	0.42629482	0.16160948	2.6378083	0.7250996	1	1	18120	5218	9546924
GSE292299	GSM8855710_NSCLC_P8	NSCLC	NOTCH	immune	7	7	HES1,HEY1,HEY2,NOTCH1,NOTCH2,DLL4,JAG1	8	0	0.17460927	5.7270728e-09	0	0.4	0	18120	5218	9546924
GSE292299	GSM8855710_NSCLC_P8	NSCLC	NOTCH	stroma_fibroblast	7	7	HES1,HEY1,HEY2,NOTCH1,NOTCH2,DLL4,JAG1	4664	0.15541534	0.33367715	0.4657656	0.53709262	0.6	0	18120	5218	9546924
GSE292299	GSM8855710_NSCLC_P8	NSCLC	NOTCH	endothelial	7	7	HES1,HEY1,HEY2,NOTCH1,NOTCH2,DLL4,JAG1	1	0	0.17437498	5.7347676e-09	0	0.4	0	18120	5218	9546924
GSE292299	GSM8855710_NSCLC_P8	NSCLC	NOTCH	ambiguous_or_low_signal	7	7	HES1,HEY1,HEY2,NOTCH1,NOTCH2,DLL4,JAG1	294	0.26482021	0.16893931	1.5675465	0.55102041	0.8	1	18120	5218	9546924
GSE292299	GSM8855710_NSCLC_P8	NSCLC	SPP1	tumor_like	6	6	SPP1,CD44,ITGAV,ITGB1,FN1,MMP9	251	2.6420983	4.2040132	0.62847051	0.9561753	0.6	0	18120	5218	9546924
GSE292299	GSM8855710_NSCLC_P8	NSCLC	SPP1	immune	6	6	SPP1,CD44,ITGAV,ITGB1,FN1,MMP9	8	0.16666667	4.1349648	0.040306671	0.5	0.2	0	18120	5218	9546924
GSE292299	GSM8855710_NSCLC_P8	NSCLC	SPP1	stroma_fibroblast	6	6	SPP1,CD44,ITGAV,ITGB1,FN1,MMP9	4664	4.0580689	4.7250301	0.85884509	0.9766295	0.8	0	18120	5218	9546924
GSE292299	GSM8855710_NSCLC_P8	NSCLC	SPP1	endothelial	6	6	SPP1,CD44,ITGAV,ITGB1,FN1,MMP9	1	0.33333333	4.1296083	0.080717905	1	0.4	0	18120	5218	9546924
GSE292299	GSM8855710_NSCLC_P8	NSCLC	SPP1	ambiguous_or_low_signal	6	6	SPP1,CD44,ITGAV,ITGB1,FN1,MMP9	294	6.6422902	3.9788113	1.6694158	0.93537415	1	1	18120	5218	9546924
GSE292299	GSM8855710_NSCLC_P8	NSCLC	TGFB	tumor_like	8	7	SERPINE1,SMAD7,CCN2,COL1A1,COL1A2,FN1,ACTA2	251	3.0415481	9.7190026	0.31294858	0.97609562	0.6	0	18120	5218	9546924
GSE292299	GSM8855710_NSCLC_P8	NSCLC	TGFB	immune	8	7	SERPINE1,SMAD7,CCN2,COL1A1,COL1A2,FN1,ACTA2	8	0.17857143	9.411955	0.018972831	0.75	0.2	0	18120	5218	9546924
GSE292299	GSM8855710_NSCLC_P8	NSCLC	TGFB	stroma_fibroblast	8	7	SERPINE1,SMAD7,CCN2,COL1A1,COL1A2,FN1,ACTA2	4664	9.7926672	6.0734915	1.6123621	0.99849914	1	1	18120	5218	9546924
GSE292299	GSM8855710_NSCLC_P8	NSCLC	TGFB	endothelial	8	7	SERPINE1,SMAD7,CCN2,COL1A1,COL1A2,FN1,ACTA2	1	0.28571429	9.3995454	0.030396607	1	0.4	0	18120	5218	9546924
GSE292299	GSM8855710_NSCLC_P8	NSCLC	TGFB	ambiguous_or_low_signal	8	7	SERPINE1,SMAD7,CCN2,COL1A1,COL1A2,FN1,ACTA2	294	8.8420797	9.4309795	0.93755688	0.95918367	0.8	0	18120	5218	9546924
GSE292299	GSM8855710_NSCLC_P8	NSCLC	VEGF	tumor_like	7	7	KDR,FLT1,VWF,PECAM1,PLVAP,ENG,ESAM	251	0.12066022	0.25255256	0.47776279	0.4940239	0.4	0	18120	5218	9546924
GSE292299	GSM8855710_NSCLC_P8	NSCLC	VEGF	immune	7	7	KDR,FLT1,VWF,PECAM1,PLVAP,ENG,ESAM	8	0.053571429	0.24650398	0.21732481	0.25	0.2	0	18120	5218	9546924
GSE292299	GSM8855710_NSCLC_P8	NSCLC	VEGF	stroma_fibroblast	7	7	KDR,FLT1,VWF,PECAM1,PLVAP,ENG,ESAM	4664	0.25716736	0.15394533	1.6705109	0.64408233	0.8	1	18120	5218	9546924
GSE292299	GSM8855710_NSCLC_P8	NSCLC	VEGF	endothelial	7	7	KDR,FLT1,VWF,PECAM1,PLVAP,ENG,ESAM	1	0.28571429	0.24620061	1.1604938	1	1	0	18120	5218	9546924
GSE292299	GSM8855710_NSCLC_P8	NSCLC	VEGF	ambiguous_or_low_signal	7	7	KDR,FLT1,VWF,PECAM1,PLVAP,ENG,ESAM	294	0.18464529	0.24988395	0.73892416	0.51360544	0.6	0	18120	5218	9546924
GSE292299	GSM8855710_NSCLC_P8	NSCLC	WNT	tumor_like	7	7	AXIN2,LEF1,TCF7,DKK1,FZD5,JUN,FOS	251	1.528173	0.6442233	2.372117	0.87250996	1	1	18120	5218	9546924
GSE292299	GSM8855710_NSCLC_P8	NSCLC	WNT	immune	7	7	AXIN2,LEF1,TCF7,DKK1,FZD5,JUN,FOS	8	0.053571429	0.68771593	0.077897613	0.25	0.2	0	18120	5218	9546924
GSE292299	GSM8855710_NSCLC_P8	NSCLC	WNT	stroma_fibroblast	7	7	AXIN2,LEF1,TCF7,DKK1,FZD5,JUN,FOS	4664	0.61642367	1.2787519	0.48205102	0.807247	0.6	0	18120	5218	9546924
GSE292299	GSM8855710_NSCLC_P8	NSCLC	WNT	endothelial	7	7	AXIN2,LEF1,TCF7,DKK1,FZD5,JUN,FOS	1	0.14285714	0.68684794	0.20798948	1	0.4	0	18120	5218	9546924
GSE292299	GSM8855710_NSCLC_P8	NSCLC	WNT	ambiguous_or_low_signal	7	7	AXIN2,LEF1,TCF7,DKK1,FZD5,JUN,FOS	294	1.1030126	0.66188929	1.6664609	0.78911565	0.8	1	18120	5218	9546924
GSE292299	GSM8855711_NSCLC_P9	NSCLC	CCL chemokine	tumor_like	6	6	CCL2,CCL3,CCL4,CCR2,LST1,IL1B	8953	0.14929819	0.16519712	0.9037578	0.55445102	0.6	0	18120	12242	57823269
GSE292299	GSM8855711_NSCLC_P9	NSCLC	CCL chemokine	immune	6	6	CCL2,CCL3,CCL4,CCR2,LST1,IL1B	379	0.10290237	0.1551884	0.66308032	0.4116095	0.4	0	18120	12242	57823269
GSE292299	GSM8855711_NSCLC_P9	NSCLC	CCL chemokine	stroma_fibroblast	6	6	CCL2,CCL3,CCL4,CCR2,LST1,IL1B	946	0.21229739	0.14865144	1.4281556	0.61099366	1	1	18120	12242	57823269
GSE292299	GSM8855711_NSCLC_P9	NSCLC	CCL chemokine	endothelial	6	6	CCL2,CCL3,CCL4,CCR2,LST1,IL1B	58	0.086206897	0.15389035	0.56018391	0.46551724	0.2	0	18120	12242	57823269
GSE292299	GSM8855711_NSCLC_P9	NSCLC	CCL chemokine	ambiguous_or_low_signal	6	6	CCL2,CCL3,CCL4,CCR2,LST1,IL1B	1906	0.1566107	0.1530089	1.0235398	0.51416579	0.8	0	18120	12242	57823269
GSE292299	GSM8855711_NSCLC_P9	NSCLC	CXCL chemokine	tumor_like	7	7	CXCL9,CXCL10,CXCL11,CXCR3,CXCR4,ISG15,STAT1	8953	1.9282124	0.68162273	2.8288558	0.97330504	1	1	18120	12242	57823269
GSE292299	GSM8855711_NSCLC_P9	NSCLC	CXCL chemokine	immune	7	7	CXCL9,CXCL10,CXCL11,CXCR3,CXCR4,ISG15,STAT1	379	0.22238975	1.6370949	0.13584414	0.59366755	0.4	0	18120	12242	57823269
GSE292299	GSM8855711_NSCLC_P9	NSCLC	CXCL chemokine	stroma_fibroblast	7	7	CXCL9,CXCL10,CXCL11,CXCR3,CXCR4,ISG15,STAT1	946	0.84007853	1.6563765	0.5071785	0.91437632	0.8	0	18120	12242	57823269
GSE292299	GSM8855711_NSCLC_P9	NSCLC	CXCL chemokine	endothelial	7	7	CXCL9,CXCL10,CXCL11,CXCR3,CXCR4,ISG15,STAT1	58	0.21182266	1.5998734	0.13239964	0.65517241	0.2	0	18120	12242	57823269
GSE292299	GSM8855711_NSCLC_P9	NSCLC	CXCL chemokine	ambiguous_or_low_signal	7	7	CXCL9,CXCL10,CXCL11,CXCR3,CXCR4,ISG15,STAT1	1906	0.70858942	1.7564407	0.40342347	0.83420776	0.6	0	18120	12242	57823269
GSE292299	GSM8855711_NSCLC_P9	NSCLC	ECM-integrin	tumor_like	9	9	COL1A1,COL1A2,COL3A1,FN1,ITGA2,ITGAV,ITGB1,ACTA2,TAGLN	8953	2.0414759	5.7807507	0.35315065	0.9899475	0.6	0	18120	12242	57823269
GSE292299	GSM8855711_NSCLC_P9	NSCLC	ECM-integrin	immune	9	9	COL1A1,COL1A2,COL3A1,FN1,ITGA2,ITGAV,ITGB1,ACTA2,TAGLN	379	0.42421577	3.1298529	0.13553857	0.8707124	0.2	0	18120	12242	57823269
GSE292299	GSM8855711_NSCLC_P9	NSCLC	ECM-integrin	stroma_fibroblast	9	9	COL1A1,COL1A2,COL3A1,FN1,ITGA2,ITGAV,ITGB1,ACTA2,TAGLN	946	11.808433	2.3122738	5.1068491	0.99471459	1	1	18120	12242	57823269
GSE292299	GSM8855711_NSCLC_P9	NSCLC	ECM-integrin	endothelial	9	9	COL1A1,COL1A2,COL3A1,FN1,ITGA2,ITGAV,ITGB1,ACTA2,TAGLN	58	0.51915709	3.0581181	0.16976358	0.9137931	0.4	0	18120	12242	57823269
GSE292299	GSM8855711_NSCLC_P9	NSCLC	ECM-integrin	ambiguous_or_low_signal	9	9	COL1A1,COL1A2,COL3A1,FN1,ITGA2,ITGAV,ITGB1,ACTA2,TAGLN	1906	4.0142824	2.8675503	1.3998995	0.97324239	0.8	1	18120	12242	57823269
GSE292299	GSM8855711_NSCLC_P9	NSCLC	EGF/ERBB	tumor_like	8	8	EGFR,EGR1,FOS,JUN,DUSP6,SPRY2,AREG,EREG	8953	4.445535	1.8178018	2.4455555	0.99631408	1	1	18120	12242	57823269
GSE292299	GSM8855711_NSCLC_P9	NSCLC	EGF/ERBB	immune	8	8	EGFR,EGR1,FOS,JUN,DUSP6,SPRY2,AREG,EREG	379	0.80738786	3.8332315	0.21062852	0.96306069	0.4	0	18120	12242	57823269
GSE292299	GSM8855711_NSCLC_P9	NSCLC	EGF/ERBB	stroma_fibroblast	8	8	EGFR,EGR1,FOS,JUN,DUSP6,SPRY2,AREG,EREG	946	2.1662262	3.8713151	0.55955823	0.98837209	0.8	0	18120	12242	57823269
GSE292299	GSM8855711_NSCLC_P9	NSCLC	EGF/ERBB	endothelial	8	8	EGFR,EGR1,FOS,JUN,DUSP6,SPRY2,AREG,EREG	58	0.76293103	3.7537241	0.20324643	0.98275862	0.2	0	18120	12242	57823269
GSE292299	GSM8855711_NSCLC_P9	NSCLC	EGF/ERBB	ambiguous_or_low_signal	8	8	EGFR,EGR1,FOS,JUN,DUSP6,SPRY2,AREG,EREG	1906	1.8778856	4.0828536	0.45994439	0.98268625	0.6	0	18120	12242	57823269
GSE292299	GSM8855711_NSCLC_P9	NSCLC	MIF	tumor_like	7	5	CD74,CXCR4,CXCR2,NFKBIA,IL1B	8953	3.7934324	2.9762238	1.274579	0.9960907	1	1	18120	12242	57823269
GSE292299	GSM8855711_NSCLC_P9	NSCLC	MIF	immune	7	5	CD74,CXCR4,CXCR2,NFKBIA,IL1B	379	2.0316623	3.6231476	0.5607451	0.99472296	0.4	0	18120	12242	57823269
GSE292299	GSM8855711_NSCLC_P9	NSCLC	MIF	stroma_fibroblast	7	5	CD74,CXCR4,CXCR2,NFKBIA,IL1B	946	3.6325581	3.5689625	1.0178191	0.99260042	0.8	0	18120	12242	57823269
GSE292299	GSM8855711_NSCLC_P9	NSCLC	MIF	endothelial	7	5	CD74,CXCR4,CXCR2,NFKBIA,IL1B	58	1.4137931	3.5841596	0.39445596	1	0.2	0	18120	12242	57823269
GSE292299	GSM8855711_NSCLC_P9	NSCLC	MIF	ambiguous_or_low_signal	7	5	CD74,CXCR4,CXCR2,NFKBIA,IL1B	1906	2.8858342	3.7007546	0.77979615	0.9884575	0.6	0	18120	12242	57823269
GSE292299	GSM8855711_NSCLC_P9	NSCLC	NOTCH	tumor_like	7	7	HES1,HEY1,HEY2,NOTCH1,NOTCH2,DLL4,JAG1	8953	0.31322302	0.26286757	1.1915621	0.81313526	0.8	0	18120	12242	57823269
GSE292299	GSM8855711_NSCLC_P9	NSCLC	NOTCH	immune	7	7	HES1,HEY1,HEY2,NOTCH1,NOTCH2,DLL4,JAG1	379	0.1044101	0.30593321	0.34128397	0.45382586	0.2	0	18120	12242	57823269
GSE292299	GSM8855711_NSCLC_P9	NSCLC	NOTCH	stroma_fibroblast	7	7	HES1,HEY1,HEY2,NOTCH1,NOTCH2,DLL4,JAG1	946	0.36439142	0.2942761	1.2382637	0.80761099	1	0	18120	12242	57823269
GSE292299	GSM8855711_NSCLC_P9	NSCLC	NOTCH	endothelial	7	7	HES1,HEY1,HEY2,NOTCH1,NOTCH2,DLL4,JAG1	58	0.13793103	0.30046431	0.45905963	0.53448276	0.4	0	18120	12242	57823269
GSE292299	GSM8855711_NSCLC_P9	NSCLC	NOTCH	ambiguous_or_low_signal	7	7	HES1,HEY1,HEY2,NOTCH1,NOTCH2,DLL4,JAG1	1906	0.24778894	0.30926581	0.80121671	0.68572928	0.6	0	18120	12242	57823269
GSE292299	GSM8855711_NSCLC_P9	NSCLC	SPP1	tumor_like	6	6	SPP1,CD44,ITGAV,ITGB1,FN1,MMP9	8953	1.9197662	3.3301409	0.57648197	0.98838378	0.6	0	18120	12242	57823269
GSE292299	GSM8855711_NSCLC_P9	NSCLC	SPP1	immune	6	6	SPP1,CD44,ITGAV,ITGB1,FN1,MMP9	379	0.83685136	2.3453876	0.35680727	0.93403694	0.4	0	18120	12242	57823269
GSE292299	GSM8855711_NSCLC_P9	NSCLC	SPP1	stroma_fibroblast	6	6	SPP1,CD44,ITGAV,ITGB1,FN1,MMP9	946	5.782241	2.0069494	2.8811096	0.99048626	1	1	18120	12242	57823269
GSE292299	GSM8855711_NSCLC_P9	NSCLC	SPP1	endothelial	6	6	SPP1,CD44,ITGAV,ITGB1,FN1,MMP9	58	0.74137931	2.3060982	0.32148645	0.87931034	0.2	0	18120	12242	57823269
GSE292299	GSM8855711_NSCLC_P9	NSCLC	SPP1	ambiguous_or_low_signal	6	6	SPP1,CD44,ITGAV,ITGB1,FN1,MMP9	1906	2.687653	2.2269576	1.2068721	0.97009444	0.8	0	18120	12242	57823269
GSE292299	GSM8855711_NSCLC_P9	NSCLC	TGFB	tumor_like	8	7	SERPINE1,SMAD7,CCN2,COL1A1,COL1A2,FN1,ACTA2	8953	1.752932	5.2861052	0.33161125	0.97565062	0.6	0	18120	12242	57823269
GSE292299	GSM8855711_NSCLC_P9	NSCLC	TGFB	immune	8	7	SERPINE1,SMAD7,CCN2,COL1A1,COL1A2,FN1,ACTA2	379	0.40897098	2.7754362	0.14735376	0.82585752	0.2	0	18120	12242	57823269
GSE292299	GSM8855711_NSCLC_P9	NSCLC	TGFB	stroma_fibroblast	8	7	SERPINE1,SMAD7,CCN2,COL1A1,COL1A2,FN1,ACTA2	946	10.741619	2.0288977	5.2943127	0.99260042	1	1	18120	12242	57823269
GSE292299	GSM8855711_NSCLC_P9	NSCLC	TGFB	endothelial	8	7	SERPINE1,SMAD7,CCN2,COL1A1,COL1A2,FN1,ACTA2	58	0.62807882	2.7120462	0.23158854	0.89655172	0.4	0	18120	12242	57823269
GSE292299	GSM8855711_NSCLC_P9	NSCLC	TGFB	ambiguous_or_low_signal	8	7	SERPINE1,SMAD7,CCN2,COL1A1,COL1A2,FN1,ACTA2	1906	3.6899265	2.5200271	1.4642408	0.95435467	0.8	1	18120	12242	57823269
GSE292299	GSM8855711_NSCLC_P9	NSCLC	VEGF	tumor_like	7	7	KDR,FLT1,VWF,PECAM1,PLVAP,ENG,ESAM	8953	0.39756825	0.96503497	0.4119729	0.82988942	0.4	0	18120	12242	57823269
GSE292299	GSM8855711_NSCLC_P9	NSCLC	VEGF	immune	7	7	KDR,FLT1,VWF,PECAM1,PLVAP,ENG,ESAM	379	0.31926121	0.55739936	0.57276925	0.83905013	0.2	0	18120	12242	57823269
GSE292299	GSM8855711_NSCLC_P9	NSCLC	VEGF	stroma_fibroblast	7	7	KDR,FLT1,VWF,PECAM1,PLVAP,ENG,ESAM	946	1.5339777	0.46762444	3.2803624	0.95877378	1	1	18120	12242	57823269
GSE292299	GSM8855711_NSCLC_P9	NSCLC	VEGF	endothelial	7	7	KDR,FLT1,VWF,PECAM1,PLVAP,ENG,ESAM	58	1.0295567	0.54774411	1.8796307	1	0.8	1	18120	12242	57823269
GSE292299	GSM8855711_NSCLC_P9	NSCLC	VEGF	ambiguous_or_low_signal	7	7	KDR,FLT1,VWF,PECAM1,PLVAP,ENG,ESAM	1906	0.80909909	0.50225287	1.6109397	0.909234	0.6	0	18120	12242	57823269
GSE292299	GSM8855711_NSCLC_P9	NSCLC	WNT	tumor_like	7	7	AXIN2,LEF1,TCF7,DKK1,FZD5,JUN,FOS	8953	3.5813694	1.5726013	2.2773537	0.99095275	1	1	18120	12242	57823269
GSE292299	GSM8855711_NSCLC_P9	NSCLC	WNT	immune	7	7	AXIN2,LEF1,TCF7,DKK1,FZD5,JUN,FOS	379	0.73237844	3.115461	0.23507867	0.93931398	0.4	0	18120	12242	57823269
GSE292299	GSM8855711_NSCLC_P9	NSCLC	WNT	stroma_fibroblast	7	7	AXIN2,LEF1,TCF7,DKK1,FZD5,JUN,FOS	946	1.898067	3.137457	0.6049699	0.97357294	0.8	0	18120	12242	57823269
GSE292299	GSM8855711_NSCLC_P9	NSCLC	WNT	endothelial	7	7	AXIN2,LEF1,TCF7,DKK1,FZD5,JUN,FOS	58	0.71674877	3.0527507	0.23478785	0.96551724	0.2	0	18120	12242	57823269
GSE292299	GSM8855711_NSCLC_P9	NSCLC	WNT	ambiguous_or_low_signal	7	7	AXIN2,LEF1,TCF7,DKK1,FZD5,JUN,FOS	1906	1.6041823	3.3067642	0.48512147	0.97114376	0.6	0	18120	12242	57823269
GSE292299	GSM8855712_NSCLC_P10	NSCLC	CCL chemokine	tumor_like	6	6	CCL2,CCL3,CCL4,CCR2,LST1,IL1B	8688	0.072820749	0.01532567	4.7515536	0.29316298	1	1	18120	8862	43704922
GSE292299	GSM8855712_NSCLC_P10	NSCLC	CCL chemokine	immune	6	6	CCL2,CCL3,CCL4,CCR2,LST1,IL1B	18	0.027777778	0.071781245	0.38697822	0.16666667	0.8	0	18120	8862	43704922
GSE292299	GSM8855712_NSCLC_P10	NSCLC	CCL chemokine	stroma_fibroblast	6	6	CCL2,CCL3,CCL4,CCR2,LST1,IL1B	18	0.0092592593	0.071818936	0.12892505	0.055555556	0.2	0	18120	8862	43704922
GSE292299	GSM8855712_NSCLC_P10	NSCLC	CCL chemokine	endothelial	6	6	CCL2,CCL3,CCL4,CCR2,LST1,IL1B	7	0.023809524	0.07172972	0.33193388	0.14285714	0.6	0	18120	8862	43704922
GSE292299	GSM8855712_NSCLC_P10	NSCLC	CCL chemokine	ambiguous_or_low_signal	6	6	CCL2,CCL3,CCL4,CCR2,LST1,IL1B	131	0.013994911	0.072557554	0.19288015	0.06870229	0.4	0	18120	8862	43704922
GSE292299	GSM8855712_NSCLC_P10	NSCLC	CXCL chemokine	tumor_like	7	7	CXCL9,CXCL10,CXCL11,CXCR3,CXCR4,ISG15,STAT1	8688	2.1557485	0.042692939	50.494261	0.83344843	1	1	18120	8862	43704922
GSE292299	GSM8855712_NSCLC_P10	NSCLC	CXCL chemokine	immune	7	7	CXCL9,CXCL10,CXCL11,CXCR3,CXCR4,ISG15,STAT1	18	0.0079365079	2.1185469	0.0037462041	0.055555556	0.4	0	18120	8862	43704922
GSE292299	GSM8855712_NSCLC_P10	NSCLC	CXCL chemokine	stroma_fibroblast	7	7	CXCL9,CXCL10,CXCL11,CXCR3,CXCR4,ISG15,STAT1	18	0.015873016	2.1185307	0.0074924648	0.11111111	0.6	0	18120	8862	43704922
GSE292299	GSM8855712_NSCLC_P10	NSCLC	CXCL chemokine	endothelial	7	7	CXCL9,CXCL10,CXCL11,CXCR3,CXCR4,ISG15,STAT1	7	0	2.1159313	4.7260514e-10	0	0.2	0	18120	8862	43704922
GSE292299	GSM8855712_NSCLC_P10	NSCLC	CXCL chemokine	ambiguous_or_low_signal	7	7	CXCL9,CXCL10,CXCL11,CXCR3,CXCR4,ISG15,STAT1	131	0.053435115	2.1451806	0.024909379	0.14503817	0.8	0	18120	8862	43704922
GSE292299	GSM8855712_NSCLC_P10	NSCLC	ECM-integrin	tumor_like	9	9	COL1A1,COL1A2,COL3A1,FN1,ITGA2,ITGAV,ITGB1,ACTA2,TAGLN	8688	12.247097	0.65772669	18.620343	0.98779926	1	1	18120	8862	43704922
GSE292299	GSM8855712_NSCLC_P10	NSCLC	ECM-integrin	immune	9	9	COL1A1,COL1A2,COL3A1,FN1,ITGA2,ITGAV,ITGB1,ACTA2,TAGLN	18	0.17283951	12.043658	0.014351081	0.66666667	0.4	0	18120	8862	43704922
GSE292299	GSM8855712_NSCLC_P10	NSCLC	ECM-integrin	stroma_fibroblast	9	9	COL1A1,COL1A2,COL3A1,FN1,ITGA2,ITGAV,ITGB1,ACTA2,TAGLN	18	0.22839506	12.043545	0.018964106	0.66666667	0.6	0	18120	8862	43704922
GSE292299	GSM8855712_NSCLC_P10	NSCLC	ECM-integrin	endothelial	9	9	COL1A1,COL1A2,COL3A1,FN1,ITGA2,ITGAV,ITGB1,ACTA2,TAGLN	7	0.11111111	12.02896	0.0092369671	0.57142857	0.2	0	18120	8862	43704922
GSE292299	GSM8855712_NSCLC_P10	NSCLC	ECM-integrin	ambiguous_or_low_signal	9	9	COL1A1,COL1A2,COL3A1,FN1,ITGA2,ITGAV,ITGB1,ACTA2,TAGLN	131	0.81255301	12.187696	0.066669942	0.60305344	0.8	0	18120	8862	43704922
GSE292299	GSM8855712_NSCLC_P10	NSCLC	EGF/ERBB	tumor_like	8	8	EGFR,EGR1,FOS,JUN,DUSP6,SPRY2,AREG,EREG	8688	5.5934335	0.14224138	39.323532	0.92219153	1	1	18120	8862	43704922
GSE292299	GSM8855712_NSCLC_P10	NSCLC	EGF/ERBB	immune	8	8	EGFR,EGR1,FOS,JUN,DUSP6,SPRY2,AREG,EREG	18	0.041666667	5.4974842	0.0075792247	0.27777778	0.2	0	18120	8862	43704922
GSE292299	GSM8855712_NSCLC_P10	NSCLC	EGF/ERBB	stroma_fibroblast	8	8	EGFR,EGR1,FOS,JUN,DUSP6,SPRY2,AREG,EREG	18	0.0625	5.4974418	0.011368925	0.27777778	0.6	0	18120	8862	43704922
GSE292299	GSM8855712_NSCLC_P10	NSCLC	EGF/ERBB	endothelial	8	8	EGFR,EGR1,FOS,JUN,DUSP6,SPRY2,AREG,EREG	7	0.053571429	5.4906973	0.0097567624	0.42857143	0.4	0	18120	8862	43704922
GSE292299	GSM8855712_NSCLC_P10	NSCLC	EGF/ERBB	ambiguous_or_low_signal	8	8	EGFR,EGR1,FOS,JUN,DUSP6,SPRY2,AREG,EREG	131	0.17175573	5.5661436	0.030857221	0.29770992	0.8	0	18120	8862	43704922
GSE292299	GSM8855712_NSCLC_P10	NSCLC	MIF	tumor_like	7	5	CD74,CXCR4,CXCR2,NFKBIA,IL1B	8688	2.0560543	0.17701149	11.615372	0.83874309	1	1	18120	8862	43704922
GSE292299	GSM8855712_NSCLC_P10	NSCLC	MIF	immune	7	5	CD74,CXCR4,CXCR2,NFKBIA,IL1B	18	0.055555556	2.0231569	0.027459835	0.16666667	0.4	0	18120	8862	43704922
GSE292299	GSM8855712_NSCLC_P10	NSCLC	MIF	stroma_fibroblast	7	5	CD74,CXCR4,CXCR2,NFKBIA,IL1B	18	0.066666667	2.0231343	0.032952171	0.22222222	0.6	0	18120	8862	43704922
GSE292299	GSM8855712_NSCLC_P10	NSCLC	MIF	endothelial	7	5	CD74,CXCR4,CXCR2,NFKBIA,IL1B	7	0.028571429	2.020734	0.014139134	0.14285714	0.2	0	18120	8862	43704922
GSE292299	GSM8855712_NSCLC_P10	NSCLC	MIF	ambiguous_or_low_signal	7	5	CD74,CXCR4,CXCR2,NFKBIA,IL1B	131	0.21679389	2.0462032	0.10594935	0.15267176	0.8	0	18120	8862	43704922
GSE292299	GSM8855712_NSCLC_P10	NSCLC	NOTCH	tumor_like	7	7	HES1,HEY1,HEY2,NOTCH1,NOTCH2,DLL4,JAG1	8688	0.72124112	0.05500821	13.111517	0.77912063	1	1	18120	8862	43704922
GSE292299	GSM8855712_NSCLC_P10	NSCLC	NOTCH	immune	7	7	HES1,HEY1,HEY2,NOTCH1,NOTCH2,DLL4,JAG1	18	0.0079365079	0.70958519	0.011184716	0.055555556	0.4	0	18120	8862	43704922
GSE292299	GSM8855712_NSCLC_P10	NSCLC	NOTCH	stroma_fibroblast	7	7	HES1,HEY1,HEY2,NOTCH1,NOTCH2,DLL4,JAG1	18	0.031746032	0.70953673	0.044741916	0.22222222	0.6	0	18120	8862	43704922
GSE292299	GSM8855712_NSCLC_P10	NSCLC	NOTCH	endothelial	7	7	HES1,HEY1,HEY2,NOTCH1,NOTCH2,DLL4,JAG1	7	0	0.70871985	1.4109948e-09	0	0.2	0	18120	8862	43704922
GSE292299	GSM8855712_NSCLC_P10	NSCLC	NOTCH	ambiguous_or_low_signal	7	7	HES1,HEY1,HEY2,NOTCH1,NOTCH2,DLL4,JAG1	131	0.067611778	0.71777083	0.094196888	0.17557252	0.8	0	18120	8862	43704922
GSE292299	GSM8855712_NSCLC_P10	NSCLC	SPP1	tumor_like	6	6	SPP1,CD44,ITGAV,ITGB1,FN1,MMP9	8688	17.941433	0.61590038	29.130413	0.98722376	1	1	18120	8862	43704922
GSE292299	GSM8855712_NSCLC_P10	NSCLC	SPP1	immune	6	6	SPP1,CD44,ITGAV,ITGB1,FN1,MMP9	18	0.24074074	17.63659	0.013650073	0.61111111	0.6	0	18120	8862	43704922
GSE292299	GSM8855712_NSCLC_P10	NSCLC	SPP1	stroma_fibroblast	6	6	SPP1,CD44,ITGAV,ITGB1,FN1,MMP9	18	0.17592593	17.636722	0.0099749789	0.44444444	0.4	0	18120	8862	43704922
GSE292299	GSM8855712_NSCLC_P10	NSCLC	SPP1	endothelial	6	6	SPP1,CD44,ITGAV,ITGB1,FN1,MMP9	7	0.16666667	17.615039	0.0094616124	0.57142857	0.2	0	18120	8862	43704922
GSE292299	GSM8855712_NSCLC_P10	NSCLC	SPP1	ambiguous_or_low_signal	6	6	SPP1,CD44,ITGAV,ITGB1,FN1,MMP9	131	0.7519084	17.854064	0.042114131	0.60305344	0.8	0	18120	8862	43704922
GSE292299	GSM8855712_NSCLC_P10	NSCLC	TGFB	tumor_like	8	7	SERPINE1,SMAD7,CCN2,COL1A1,COL1A2,FN1,ACTA2	8688	14.021639	0.65845649	21.294709	0.98745396	1	1	18120	8862	43704922
GSE292299	GSM8855712_NSCLC_P10	NSCLC	TGFB	immune	8	7	SERPINE1,SMAD7,CCN2,COL1A1,COL1A2,FN1,ACTA2	18	0.20634921	13.786845	0.014967109	0.61111111	0.4	0	18120	8862	43704922
GSE292299	GSM8855712_NSCLC_P10	NSCLC	TGFB	stroma_fibroblast	8	7	SERPINE1,SMAD7,CCN2,COL1A1,COL1A2,FN1,ACTA2	18	0.30952381	13.786635	0.022451005	0.61111111	0.6	0	18120	8862	43704922
GSE292299	GSM8855712_NSCLC_P10	NSCLC	TGFB	endothelial	8	7	SERPINE1,SMAD7,CCN2,COL1A1,COL1A2,FN1,ACTA2	7	0.14285714	13.770025	0.010374501	0.57142857	0.2	0	18120	8862	43704922
GSE292299	GSM8855712_NSCLC_P10	NSCLC	TGFB	ambiguous_or_low_signal	8	7	SERPINE1,SMAD7,CCN2,COL1A1,COL1A2,FN1,ACTA2	131	0.79607415	13.953761	0.057050867	0.54961832	0.8	0	18120	8862	43704922
GSE292299	GSM8855712_NSCLC_P10	NSCLC	VEGF	tumor_like	7	7	KDR,FLT1,VWF,PECAM1,PLVAP,ENG,ESAM	8688	0.47477637	0.16091954	2.950396	0.63973297	1	1	18120	8862	43704922
GSE292299	GSM8855712_NSCLC_P10	NSCLC	VEGF	immune	7	7	KDR,FLT1,VWF,PECAM1,PLVAP,ENG,ESAM	18	0.015873016	0.46953544	0.033805791	0.055555556	0.4	0	18120	8862	43704922
GSE292299	GSM8855712_NSCLC_P10	NSCLC	VEGF	stroma_fibroblast	7	7	KDR,FLT1,VWF,PECAM1,PLVAP,ENG,ESAM	18	0.0079365079	0.46955159	0.016902315	0.055555556	0.2	0	18120	8862	43704922
GSE292299	GSM8855712_NSCLC_P10	NSCLC	VEGF	endothelial	7	7	KDR,FLT1,VWF,PECAM1,PLVAP,ENG,ESAM	7	0.10204082	0.46890377	0.21761569	0.71428571	0.6	0	18120	8862	43704922
GSE292299	GSM8855712_NSCLC_P10	NSCLC	VEGF	ambiguous_or_low_signal	7	7	KDR,FLT1,VWF,PECAM1,PLVAP,ENG,ESAM	131	0.20501636	0.47256901	0.43383369	0.17557252	0.8	0	18120	8862	43704922
GSE292299	GSM8855712_NSCLC_P10	NSCLC	WNT	tumor_like	7	7	AXIN2,LEF1,TCF7,DKK1,FZD5,JUN,FOS	8688	3.7952512	0.11001642	34.497134	0.90481123	1	1	18120	8862	43704922
GSE292299	GSM8855712_NSCLC_P10	NSCLC	WNT	immune	7	7	AXIN2,LEF1,TCF7,DKK1,FZD5,JUN,FOS	18	0.055555556	3.730358	0.014892822	0.33333333	0.4	0	18120	8862	43704922
GSE292299	GSM8855712_NSCLC_P10	NSCLC	WNT	stroma_fibroblast	7	7	AXIN2,LEF1,TCF7,DKK1,FZD5,JUN,FOS	18	0.031746032	3.7304064	0.0085100735	0.22222222	0.2	0	18120	8862	43704922
GSE292299	GSM8855712_NSCLC_P10	NSCLC	WNT	endothelial	7	7	AXIN2,LEF1,TCF7,DKK1,FZD5,JUN,FOS	7	0.06122449	3.7257885	0.016432626	0.42857143	0.6	0	18120	8862	43704922
GSE292299	GSM8855712_NSCLC_P10	NSCLC	WNT	ambiguous_or_low_signal	7	7	AXIN2,LEF1,TCF7,DKK1,FZD5,JUN,FOS	131	0.1308615	3.7767888	0.034648881	0.28244275	0.8	0	18120	8862	43704922
GSE292299	GSM8855713_NSCLC_P11	NSCLC	CCL chemokine	tumor_like	6	6	CCL2,CCL3,CCL4,CCR2,LST1,IL1B	8364	0.99129205	0.36013504	2.7525565	0.94978479	1	1	18120	13202	100594401
GSE292299	GSM8855713_NSCLC_P11	NSCLC	CCL chemokine	immune	6	6	CCL2,CCL3,CCL4,CCR2,LST1,IL1B	270	0.18148148	0.77207702	0.23505619	0.45555556	0.6	0	18120	13202	100594401
GSE292299	GSM8855713_NSCLC_P11	NSCLC	CCL chemokine	stroma_fibroblast	6	6	CCL2,CCL3,CCL4,CCR2,LST1,IL1B	1586	0.17749054	0.83953168	0.21141613	0.55485498	0.4	0	18120	13202	100594401
GSE292299	GSM8855713_NSCLC_P11	NSCLC	CCL chemokine	endothelial	6	6	CCL2,CCL3,CCL4,CCR2,LST1,IL1B	0	0	0.75999849	1.3157921e-09	0	0.2	0	18120	13202	100594401
GSE292299	GSM8855713_NSCLC_P11	NSCLC	CCL chemokine	ambiguous_or_low_signal	6	6	CCL2,CCL3,CCL4,CCR2,LST1,IL1B	2982	0.47345182	0.84360731	0.561223	0.77598927	0.8	0	18120	13202	100594401
GSE292299	GSM8855713_NSCLC_P11	NSCLC	CXCL chemokine	tumor_like	7	7	CXCL9,CXCL10,CXCL11,CXCR3,CXCR4,ISG15,STAT1	8364	3.1222074	1.6148349	1.933453	0.99772836	1	1	18120	13202	100594401
GSE292299	GSM8855713_NSCLC_P11	NSCLC	CXCL chemokine	immune	7	7	CXCL9,CXCL10,CXCL11,CXCR3,CXCR4,ISG15,STAT1	270	0.99047619	2.6027904	0.38054397	0.87777778	0.4	0	18120	13202	100594401
GSE292299	GSM8855713_NSCLC_P11	NSCLC	CXCL chemokine	stroma_fibroblast	7	7	CXCL9,CXCL10,CXCL11,CXCR3,CXCR4,ISG15,STAT1	1586	1.0503513	2.7772776	0.37819456	0.97162673	0.6	0	18120	13202	100594401
GSE292299	GSM8855713_NSCLC_P11	NSCLC	CXCL chemokine	endothelial	7	7	CXCL9,CXCL10,CXCL11,CXCR3,CXCR4,ISG15,STAT1	0	0	2.5698163	3.8913288e-10	0	0.2	0	18120	13202	100594401
GSE292299	GSM8855713_NSCLC_P11	NSCLC	CXCL chemokine	ambiguous_or_low_signal	7	7	CXCL9,CXCL10,CXCL11,CXCR3,CXCR4,ISG15,STAT1	2982	1.9715915	2.7443668	0.71841398	0.98021462	0.8	0	18120	13202	100594401
GSE292299	GSM8855713_NSCLC_P11	NSCLC	ECM-integrin	tumor_like	9	9	COL1A1,COL1A2,COL3A1,FN1,ITGA2,ITGAV,ITGB1,ACTA2,TAGLN	8364	10.288551	10.150774	1.0135731	1	0.8	0	18120	13202	100594401
GSE292299	GSM8855713_NSCLC_P11	NSCLC	ECM-integrin	immune	9	9	COL1A1,COL1A2,COL3A1,FN1,ITGA2,ITGAV,ITGB1,ACTA2,TAGLN	270	3.3144033	10.382617	0.3192262	1	0.4	0	18120	13202	100594401
GSE292299	GSM8855713_NSCLC_P11	NSCLC	ECM-integrin	stroma_fibroblast	9	9	COL1A1,COL1A2,COL3A1,FN1,ITGA2,ITGAV,ITGB1,ACTA2,TAGLN	1586	12.689786	9.9033134	1.2813677	1	1	1	18120	13202	100594401
GSE292299	GSM8855713_NSCLC_P11	NSCLC	ECM-integrin	endothelial	9	9	COL1A1,COL1A2,COL3A1,FN1,ITGA2,ITGAV,ITGB1,ACTA2,TAGLN	0	0	10.238062	9.767474e-11	0	0.2	0	18120	13202	100594401
GSE292299	GSM8855713_NSCLC_P11	NSCLC	ECM-integrin	ambiguous_or_low_signal	9	9	COL1A1,COL1A2,COL3A1,FN1,ITGA2,ITGAV,ITGB1,ACTA2,TAGLN	2982	9.4193681	10.476941	0.89905712	1	0.6	0	18120	13202	100594401
GSE292299	GSM8855713_NSCLC_P11	NSCLC	EGF/ERBB	tumor_like	8	8	EGFR,EGR1,FOS,JUN,DUSP6,SPRY2,AREG,EREG	8364	2.8752989	1.8564748	1.548795	0.99832616	1	1	18120	13202	100594401
GSE292299	GSM8855713_NSCLC_P11	NSCLC	EGF/ERBB	immune	8	8	EGFR,EGR1,FOS,JUN,DUSP6,SPRY2,AREG,EREG	270	1.1453704	2.5302641	0.45266831	0.94444444	0.4	0	18120	13202	100594401
GSE292299	GSM8855713_NSCLC_P11	NSCLC	EGF/ERBB	stroma_fibroblast	8	8	EGFR,EGR1,FOS,JUN,DUSP6,SPRY2,AREG,EREG	1586	1.5222257	2.6357072	0.57753977	0.99558638	0.6	0	18120	13202	100594401
GSE292299	GSM8855713_NSCLC_P11	NSCLC	EGF/ERBB	endothelial	8	8	EGFR,EGR1,FOS,JUN,DUSP6,SPRY2,AREG,EREG	0	0	2.501941	3.9968968e-10	0	0.2	0	18120	13202	100594401
GSE292299	GSM8855713_NSCLC_P11	NSCLC	EGF/ERBB	ambiguous_or_low_signal	8	8	EGFR,EGR1,FOS,JUN,DUSP6,SPRY2,AREG,EREG	2982	2.0986335	2.6196184	0.80112182	0.99094567	0.8	0	18120	13202	100594401
GSE292299	GSM8855713_NSCLC_P11	NSCLC	MIF	tumor_like	7	5	CD74,CXCR4,CXCR2,NFKBIA,IL1B	8364	30.250861	14.411534	2.099073	1	1	1	18120	13202	100594401
GSE292299	GSM8855713_NSCLC_P11	NSCLC	MIF	immune	7	5	CD74,CXCR4,CXCR2,NFKBIA,IL1B	270	9.4533333	24.759418	0.38180757	1	0.6	0	18120	13202	100594401
GSE292299	GSM8855713_NSCLC_P11	NSCLC	MIF	stroma_fibroblast	7	5	CD74,CXCR4,CXCR2,NFKBIA,IL1B	1586	7.295082	26.788154	0.27232492	1	0.4	0	18120	13202	100594401
GSE292299	GSM8855713_NSCLC_P11	NSCLC	MIF	endothelial	7	5	CD74,CXCR4,CXCR2,NFKBIA,IL1B	0	0	24.446387	4.090584e-11	0	0.2	0	18120	13202	100594401
GSE292299	GSM8855713_NSCLC_P11	NSCLC	MIF	ambiguous_or_low_signal	7	5	CD74,CXCR4,CXCR2,NFKBIA,IL1B	2982	18.645406	26.139002	0.71331743	0.99932931	0.8	0	18120	13202	100594401
GSE292299	GSM8855713_NSCLC_P11	NSCLC	NOTCH	tumor_like	7	7	HES1,HEY1,HEY2,NOTCH1,NOTCH2,DLL4,JAG1	8364	1.3280215	0.51275616	2.5899669	0.98230512	1	1	18120	13202	100594401
GSE292299	GSM8855713_NSCLC_P11	NSCLC	NOTCH	immune	7	7	HES1,HEY1,HEY2,NOTCH1,NOTCH2,DLL4,JAG1	270	0.16666667	1.0472692	0.15914405	0.55555556	0.4	0	18120	13202	100594401
GSE292299	GSM8855713_NSCLC_P11	NSCLC	NOTCH	stroma_fibroblast	7	7	HES1,HEY1,HEY2,NOTCH1,NOTCH2,DLL4,JAG1	1586	0.38011169	1.1178916	0.34002554	0.81778058	0.6	0	18120	13202	100594401
GSE292299	GSM8855713_NSCLC_P11	NSCLC	NOTCH	endothelial	7	7	HES1,HEY1,HEY2,NOTCH1,NOTCH2,DLL4,JAG1	0	0	1.0292596	9.7157215e-10	0	0.2	0	18120	13202	100594401
GSE292299	GSM8855713_NSCLC_P11	NSCLC	NOTCH	ambiguous_or_low_signal	7	7	HES1,HEY1,HEY2,NOTCH1,NOTCH2,DLL4,JAG1	2982	0.61464022	1.1502376	0.53435934	0.87156271	0.8	0	18120	13202	100594401
GSE292299	GSM8855713_NSCLC_P11	NSCLC	SPP1	tumor_like	6	6	SPP1,CD44,ITGAV,ITGB1,FN1,MMP9	8364	39.888291	15.693985	2.5416292	1	1	1	18120	13202	100594401
GSE292299	GSM8855713_NSCLC_P11	NSCLC	SPP1	immune	6	6	SPP1,CD44,ITGAV,ITGB1,FN1,MMP9	270	9.5450617	31.470461	0.30330225	0.9962963	0.6	0	18120	13202	100594401
GSE292299	GSM8855713_NSCLC_P11	NSCLC	SPP1	stroma_fibroblast	6	6	SPP1,CD44,ITGAV,ITGB1,FN1,MMP9	1586	9.3808323	33.976857	0.27609477	1	0.4	0	18120	13202	100594401
GSE292299	GSM8855713_NSCLC_P11	NSCLC	SPP1	endothelial	6	6	SPP1,CD44,ITGAV,ITGB1,FN1,MMP9	0	0	31.022055	3.2235131e-11	0	0.2	0	18120	13202	100594401
GSE292299	GSM8855713_NSCLC_P11	NSCLC	SPP1	ambiguous_or_low_signal	6	6	SPP1,CD44,ITGAV,ITGB1,FN1,MMP9	2982	19.608428	34.352332	0.57080341	1	0.8	0	18120	13202	100594401
GSE292299	GSM8855713_NSCLC_P11	NSCLC	TGFB	tumor_like	8	7	SERPINE1,SMAD7,CCN2,COL1A1,COL1A2,FN1,ACTA2	8364	10.483723	10.695122	0.98023405	0.99988044	0.8	0	18120	13202	100594401
GSE292299	GSM8855713_NSCLC_P11	NSCLC	TGFB	immune	8	7	SERPINE1,SMAD7,CCN2,COL1A1,COL1A2,FN1,ACTA2	270	3.9851852	10.698489	0.37249982	0.9962963	0.4	0	18120	13202	100594401
GSE292299	GSM8855713_NSCLC_P11	NSCLC	TGFB	stroma_fibroblast	8	7	SERPINE1,SMAD7,CCN2,COL1A1,COL1A2,FN1,ACTA2	1586	12.986129	10.230101	1.2694037	1	1	1	18120	13202	100594401
GSE292299	GSM8855713_NSCLC_P11	NSCLC	TGFB	endothelial	8	7	SERPINE1,SMAD7,CCN2,COL1A1,COL1A2,FN1,ACTA2	0	0	10.561192	9.4686281e-11	0	0.2	0	18120	13202	100594401
GSE292299	GSM8855713_NSCLC_P11	NSCLC	TGFB	ambiguous_or_low_signal	8	7	SERPINE1,SMAD7,CCN2,COL1A1,COL1A2,FN1,ACTA2	2982	10.084172	10.700377	0.94241271	1	0.6	0	18120	13202	100594401
GSE292299	GSM8855713_NSCLC_P11	NSCLC	VEGF	tumor_like	7	7	KDR,FLT1,VWF,PECAM1,PLVAP,ENG,ESAM	8364	1.7587962	1.3034902	1.3492976	0.9898374	1	1	18120	13202	100594401
GSE292299	GSM8855713_NSCLC_P11	NSCLC	VEGF	immune	7	7	KDR,FLT1,VWF,PECAM1,PLVAP,ENG,ESAM	270	0.43280423	1.616146	0.26780021	0.74444444	0.4	0	18120	13202	100594401
GSE292299	GSM8855713_NSCLC_P11	NSCLC	VEGF	stroma_fibroblast	7	7	KDR,FLT1,VWF,PECAM1,PLVAP,ENG,ESAM	1586	1.4312736	1.6138823	0.8868513	0.93379571	0.8	0	18120	13202	100594401
GSE292299	GSM8855713_NSCLC_P11	NSCLC	VEGF	endothelial	7	7	KDR,FLT1,VWF,PECAM1,PLVAP,ENG,ESAM	0	0	1.5919449	6.2816243e-10	0	0.2	0	18120	13202	100594401
GSE292299	GSM8855713_NSCLC_P11	NSCLC	VEGF	ambiguous_or_low_signal	7	7	KDR,FLT1,VWF,PECAM1,PLVAP,ENG,ESAM	2982	1.3143624	1.6729382	0.78566103	0.92991281	0.6	0	18120	13202	100594401
GSE292299	GSM8855713_NSCLC_P11	NSCLC	WNT	tumor_like	7	7	AXIN2,LEF1,TCF7,DKK1,FZD5,JUN,FOS	8364	2.7279497	1.8430875	1.4800978	0.99784792	1	1	18120	13202	100594401
GSE292299	GSM8855713_NSCLC_P11	NSCLC	WNT	immune	7	7	AXIN2,LEF1,TCF7,DKK1,FZD5,JUN,FOS	270	1.1793651	2.4292453	0.48548621	0.94814815	0.4	0	18120	13202	100594401
GSE292299	GSM8855713_NSCLC_P11	NSCLC	WNT	stroma_fibroblast	7	7	AXIN2,LEF1,TCF7,DKK1,FZD5,JUN,FOS	1586	1.5058548	2.5262692	0.59607852	0.99432535	0.6	0	18120	13202	100594401
GSE292299	GSM8855713_NSCLC_P11	NSCLC	WNT	endothelial	7	7	AXIN2,LEF1,TCF7,DKK1,FZD5,JUN,FOS	0	0	2.4036834	4.1602816e-10	0	0.2	0	18120	13202	100594401
GSE292299	GSM8855713_NSCLC_P11	NSCLC	WNT	ambiguous_or_low_signal	7	7	AXIN2,LEF1,TCF7,DKK1,FZD5,JUN,FOS	2982	2.0825429	2.4973861	0.83388904	0.9889336	0.8	0	18120	13202	100594401
GSE292299	GSM8855714_NSCLC_P12	NSCLC	CCL chemokine	tumor_like	6	6	CCL2,CCL3,CCL4,CCR2,LST1,IL1B	64	0.12239583	0.23060797	0.53075284	0.359375	0.4	0	18120	2131	5492791
GSE292299	GSM8855714_NSCLC_P12	NSCLC	CCL chemokine	immune	6	6	CCL2,CCL3,CCL4,CCR2,LST1,IL1B	80	0.17708333	0.22931903	0.77221386	0.4	0.6	0	18120	2131	5492791
GSE292299	GSM8855714_NSCLC_P12	NSCLC	CCL chemokine	stroma_fibroblast	6	6	CCL2,CCL3,CCL4,CCR2,LST1,IL1B	1594	0.22772898	0.22625698	1.0065059	0.51003764	0.8	0	18120	2131	5492791
GSE292299	GSM8855714_NSCLC_P12	NSCLC	CCL chemokine	endothelial	6	6	CCL2,CCL3,CCL4,CCR2,LST1,IL1B	8	0	0.22821479	4.3818369e-09	0	0.2	0	18120	2131	5492791
GSE292299	GSM8855714_NSCLC_P12	NSCLC	CCL chemokine	ambiguous_or_low_signal	6	6	CCL2,CCL3,CCL4,CCR2,LST1,IL1B	385	0.25844156	0.22050401	1.1720492	0.47012987	1	0	18120	2131	5492791
GSE292299	GSM8855714_NSCLC_P12	NSCLC	CXCL chemokine	tumor_like	7	7	CXCL9,CXCL10,CXCL11,CXCR3,CXCR4,ISG15,STAT1	64	0.95982143	0.64911189	1.4786687	0.578125	1	1	18120	2131	5492791
GSE292299	GSM8855714_NSCLC_P12	NSCLC	CXCL chemokine	immune	7	7	CXCL9,CXCL10,CXCL11,CXCR3,CXCR4,ISG15,STAT1	80	0.28214286	0.67312113	0.41915615	0.4875	0.4	0	18120	2131	5492791
GSE292299	GSM8855714_NSCLC_P12	NSCLC	CXCL chemokine	stroma_fibroblast	7	7	CXCL9,CXCL10,CXCL11,CXCR3,CXCR4,ISG15,STAT1	1594	0.64052698	0.71162543	0.90009006	0.72271016	0.6	0	18120	2131	5492791
GSE292299	GSM8855714_NSCLC_P12	NSCLC	CXCL chemokine	endothelial	7	7	CXCL9,CXCL10,CXCL11,CXCR3,CXCR4,ISG15,STAT1	8	0.071428571	0.66065541	0.10811774	0.25	0.2	0	18120	2131	5492791
GSE292299	GSM8855714_NSCLC_P12	NSCLC	CXCL chemokine	ambiguous_or_low_signal	7	7	CXCL9,CXCL10,CXCL11,CXCR3,CXCR4,ISG15,STAT1	385	0.7729128	0.63320242	1.2206409	0.63636364	0.8	0	18120	2131	5492791
GSE292299	GSM8855714_NSCLC_P12	NSCLC	ECM-integrin	tumor_like	9	9	COL1A1,COL1A2,COL3A1,FN1,ITGA2,ITGAV,ITGB1,ACTA2,TAGLN	64	3.2604167	17.277912	0.18870432	0.71875	0.6	0	18120	2131	5492791
GSE292299	GSM8855714_NSCLC_P12	NSCLC	ECM-integrin	immune	9	9	COL1A1,COL1A2,COL3A1,FN1,ITGA2,ITGAV,ITGB1,ACTA2,TAGLN	80	1.55	17.453979	0.088804965	0.7375	0.4	0	18120	2131	5492791
GSE292299	GSM8855714_NSCLC_P12	NSCLC	ECM-integrin	stroma_fibroblast	9	9	COL1A1,COL1A2,COL3A1,FN1,ITGA2,ITGAV,ITGB1,ACTA2,TAGLN	1594	20.844556	5.0202773	4.1520727	0.99372647	1	1	18120	2131	5492791
GSE292299	GSM8855714_NSCLC_P12	NSCLC	ECM-integrin	endothelial	9	9	COL1A1,COL1A2,COL3A1,FN1,ITGA2,ITGAV,ITGB1,ACTA2,TAGLN	8	0.15277778	16.919872	0.0090294877	0.625	0.2	0	18120	2131	5492791
GSE292299	GSM8855714_NSCLC_P12	NSCLC	ECM-integrin	ambiguous_or_low_signal	9	9	COL1A1,COL1A2,COL3A1,FN1,ITGA2,ITGAV,ITGB1,ACTA2,TAGLN	385	6.1350649	19.22114	0.31918319	0.9012987	0.8	0	18120	2131	5492791
GSE292299	GSM8855714_NSCLC_P12	NSCLC	EGF/ERBB	tumor_like	8	8	EGFR,EGR1,FOS,JUN,DUSP6,SPRY2,AREG,EREG	64	0.8125	1.4499274	0.56037287	0.5625	0.4	0	18120	2131	5492791
GSE292299	GSM8855714_NSCLC_P12	NSCLC	EGF/ERBB	immune	8	8	EGFR,EGR1,FOS,JUN,DUSP6,SPRY2,AREG,EREG	80	1.1296875	1.442528	0.78313036	0.625	0.6	0	18120	2131	5492791
GSE292299	GSM8855714_NSCLC_P12	NSCLC	EGF/ERBB	stroma_fibroblast	8	8	EGFR,EGR1,FOS,JUN,DUSP6,SPRY2,AREG,EREG	1594	1.3623745	1.6338454	0.83384542	0.89272271	0.8	0	18120	2131	5492791
GSE292299	GSM8855714_NSCLC_P12	NSCLC	EGF/ERBB	endothelial	8	8	EGFR,EGR1,FOS,JUN,DUSP6,SPRY2,AREG,EREG	8	0.0625	1.4359397	0.043525505	0.25	0.2	0	18120	2131	5492791
GSE292299	GSM8855714_NSCLC_P12	NSCLC	EGF/ERBB	ambiguous_or_low_signal	8	8	EGFR,EGR1,FOS,JUN,DUSP6,SPRY2,AREG,EREG	385	1.9077922	1.3256014	1.43919	0.77662338	1	1	18120	2131	5492791
GSE292299	GSM8855714_NSCLC_P12	NSCLC	MIF	tumor_like	7	5	CD74,CXCR4,CXCR2,NFKBIA,IL1B	64	1.6125	2.9637155	0.54408056	0.578125	0.4	0	18120	2131	5492791
GSE292299	GSM8855714_NSCLC_P12	NSCLC	MIF	immune	7	5	CD74,CXCR4,CXCR2,NFKBIA,IL1B	80	3.3675	2.905802	1.1588883	0.625	0.8	0	18120	2131	5492791
GSE292299	GSM8855714_NSCLC_P12	NSCLC	MIF	stroma_fibroblast	7	5	CD74,CXCR4,CXCR2,NFKBIA,IL1B	1594	2.7335006	3.4860335	0.78412919	0.88582183	0.6	0	18120	2131	5492791
GSE292299	GSM8855714_NSCLC_P12	NSCLC	MIF	endothelial	7	5	CD74,CXCR4,CXCR2,NFKBIA,IL1B	8	0.05	2.9339614	0.017041806	0.25	0.2	0	18120	2131	5492791
GSE292299	GSM8855714_NSCLC_P12	NSCLC	MIF	ambiguous_or_low_signal	7	5	CD74,CXCR4,CXCR2,NFKBIA,IL1B	385	3.8935065	2.7091638	1.4371617	0.73246753	1	1	18120	2131	5492791
GSE292299	GSM8855714_NSCLC_P12	NSCLC	NOTCH	tumor_like	7	7	HES1,HEY1,HEY2,NOTCH1,NOTCH2,DLL4,JAG1	64	0.27232143	0.36851199	0.73897576	0.5	0.6	0	18120	2131	5492791
GSE292299	GSM8855714_NSCLC_P12	NSCLC	NOTCH	immune	7	7	HES1,HEY1,HEY2,NOTCH1,NOTCH2,DLL4,JAG1	80	0.16785714	0.37333705	0.44961287	0.3875	0.4	0	18120	2131	5492791
GSE292299	GSM8855714_NSCLC_P12	NSCLC	NOTCH	stroma_fibroblast	7	7	HES1,HEY1,HEY2,NOTCH1,NOTCH2,DLL4,JAG1	1594	0.36807672	0.35833998	1.0271718	0.70263488	0.8	0	18120	2131	5492791
GSE292299	GSM8855714_NSCLC_P12	NSCLC	NOTCH	endothelial	7	7	HES1,HEY1,HEY2,NOTCH1,NOTCH2,DLL4,JAG1	8	0.035714286	0.36686629	0.097349599	0.25	0.2	0	18120	2131	5492791
GSE292299	GSM8855714_NSCLC_P12	NSCLC	NOTCH	ambiguous_or_low_signal	7	7	HES1,HEY1,HEY2,NOTCH1,NOTCH2,DLL4,JAG1	385	0.41892393	0.35387007	1.1838354	0.56883117	1	0	18120	2131	5492791
GSE292299	GSM8855714_NSCLC_P12	NSCLC	SPP1	tumor_like	6	6	SPP1,CD44,ITGAV,ITGB1,FN1,MMP9	64	1.328125	3.9537171	0.33591806	0.53125	0.4	0	18120	2131	5492791
GSE292299	GSM8855714_NSCLC_P12	NSCLC	SPP1	immune	6	6	SPP1,CD44,ITGAV,ITGB1,FN1,MMP9	80	1.5520833	3.965464	0.39140018	0.625	0.6	0	18120	2131	5492791
GSE292299	GSM8855714_NSCLC_P12	NSCLC	SPP1	stroma_fibroblast	6	6	SPP1,CD44,ITGAV,ITGB1,FN1,MMP9	1594	4.3064617	2.5937306	1.660335	0.90903388	1	1	18120	2131	5492791
GSE292299	GSM8855714_NSCLC_P12	NSCLC	SPP1	endothelial	6	6	SPP1,CD44,ITGAV,ITGB1,FN1,MMP9	8	0.1875	3.888758	0.048215908	0.5	0.2	0	18120	2131	5492791
GSE292299	GSM8855714_NSCLC_P12	NSCLC	SPP1	ambiguous_or_low_signal	6	6	SPP1,CD44,ITGAV,ITGB1,FN1,MMP9	385	3.0705628	4.0522146	0.7577493	0.76103896	0.8	0	18120	2131	5492791
GSE292299	GSM8855714_NSCLC_P12	NSCLC	TGFB	tumor_like	8	7	SERPINE1,SMAD7,CCN2,COL1A1,COL1A2,FN1,ACTA2	64	2.7678571	13.566176	0.20402633	0.59375	0.6	0	18120	2131	5492791
GSE292299	GSM8855714_NSCLC_P12	NSCLC	TGFB	immune	8	7	SERPINE1,SMAD7,CCN2,COL1A1,COL1A2,FN1,ACTA2	80	1.5571429	13.697639	0.11367966	0.6875	0.4	0	18120	2131	5492791
GSE292299	GSM8855714_NSCLC_P12	NSCLC	TGFB	stroma_fibroblast	8	7	SERPINE1,SMAD7,CCN2,COL1A1,COL1A2,FN1,ACTA2	1594	16.231045	4.3689811	3.7150641	0.97867001	1	1	18120	2131	5492791
GSE292299	GSM8855714_NSCLC_P12	NSCLC	TGFB	endothelial	8	7	SERPINE1,SMAD7,CCN2,COL1A1,COL1A2,FN1,ACTA2	8	0.17857143	13.291098	0.013435416	0.625	0.2	0	18120	2131	5492791
GSE292299	GSM8855714_NSCLC_P12	NSCLC	TGFB	ambiguous_or_low_signal	8	7	SERPINE1,SMAD7,CCN2,COL1A1,COL1A2,FN1,ACTA2	385	5.3064935	14.991654	0.35396317	0.85194805	0.8	0	18120	2131	5492791
GSE292299	GSM8855714_NSCLC_P12	NSCLC	VEGF	tumor_like	7	7	KDR,FLT1,VWF,PECAM1,PLVAP,ENG,ESAM	64	0.38392857	1.0498307	0.36570523	0.453125	0.4	0	18120	2131	5492791
GSE292299	GSM8855714_NSCLC_P12	NSCLC	VEGF	immune	7	7	KDR,FLT1,VWF,PECAM1,PLVAP,ENG,ESAM	80	0.71607143	1.0420701	0.68716246	0.4375	0.6	0	18120	2131	5492791
GSE292299	GSM8855714_NSCLC_P12	NSCLC	VEGF	stroma_fibroblast	7	7	KDR,FLT1,VWF,PECAM1,PLVAP,ENG,ESAM	1594	0.99139631	1.1439213	0.86666482	0.8531995	0.8	0	18120	2131	5492791
GSE292299	GSM8855714_NSCLC_P12	NSCLC	VEGF	endothelial	7	7	KDR,FLT1,VWF,PECAM1,PLVAP,ENG,ESAM	8	0.32142857	1.0325012	0.31131061	0.875	0.2	0	18120	2131	5492791
GSE292299	GSM8855714_NSCLC_P12	NSCLC	VEGF	ambiguous_or_low_signal	7	7	KDR,FLT1,VWF,PECAM1,PLVAP,ENG,ESAM	385	1.3762523	0.95344461	1.4434528	0.71948052	1	1	18120	2131	5492791
GSE292299	GSM8855714_NSCLC_P12	NSCLC	WNT	tumor_like	7	7	AXIN2,LEF1,TCF7,DKK1,FZD5,JUN,FOS	64	0.57366071	1.1993227	0.47832057	0.5625	0.4	0	18120	2131	5492791
GSE292299	GSM8855714_NSCLC_P12	NSCLC	WNT	immune	7	7	AXIN2,LEF1,TCF7,DKK1,FZD5,JUN,FOS	80	1.0625	1.1851362	0.89652145	0.6	0.6	0	18120	2131	5492791
GSE292299	GSM8855714_NSCLC_P12	NSCLC	WNT	stroma_fibroblast	7	7	AXIN2,LEF1,TCF7,DKK1,FZD5,JUN,FOS	1594	1.1136404	1.3790902	0.80751821	0.85821832	0.8	0	18120	2131	5492791
GSE292299	GSM8855714_NSCLC_P12	NSCLC	WNT	endothelial	7	7	AXIN2,LEF1,TCF7,DKK1,FZD5,JUN,FOS	8	0.053571429	1.184779	0.045216392	0.375	0.2	0	18120	2131	5492791
GSE292299	GSM8855714_NSCLC_P12	NSCLC	WNT	ambiguous_or_low_signal	7	7	AXIN2,LEF1,TCF7,DKK1,FZD5,JUN,FOS	385	1.606308	1.086647	1.4782242	0.75324675	1	1	18120	2131	5492791
GSE292299	GSM8855715_NSCLC_P13	NSCLC	CCL chemokine	tumor_like	6	6	CCL2,CCL3,CCL4,CCR2,LST1,IL1B	420	0.59007937	0.39824598	1.4816957	0.80952381	1	1	18120	5247	45634755
GSE292299	GSM8855715_NSCLC_P13	NSCLC	CCL chemokine	immune	6	6	CCL2,CCL3,CCL4,CCR2,LST1,IL1B	0	0	0.41360142	2.4177866e-09	0	0.4	0	18120	5247	45634755
GSE292299	GSM8855715_NSCLC_P13	NSCLC	CCL chemokine	stroma_fibroblast	6	6	CCL2,CCL3,CCL4,CCR2,LST1,IL1B	4129	0.39674659	0.47584973	0.83376445	0.83434246	0.6	0	18120	5247	45634755
GSE292299	GSM8855715_NSCLC_P13	NSCLC	CCL chemokine	endothelial	6	6	CCL2,CCL3,CCL4,CCR2,LST1,IL1B	0	0	0.41360142	2.4177866e-09	0	0.4	0	18120	5247	45634755
GSE292299	GSM8855715_NSCLC_P13	NSCLC	CCL chemokine	ambiguous_or_low_signal	6	6	CCL2,CCL3,CCL4,CCR2,LST1,IL1B	698	0.40711557	0.41459661	0.98195584	0.81375358	0.8	0	18120	5247	45634755
GSE292299	GSM8855715_NSCLC_P13	NSCLC	CXCL chemokine	tumor_like	7	7	CXCL9,CXCL10,CXCL11,CXCR3,CXCR4,ISG15,STAT1	420	1.3690476	1.3795318	0.99240019	0.99047619	0.8	0	18120	5247	45634755
GSE292299	GSM8855715_NSCLC_P13	NSCLC	CXCL chemokine	immune	7	7	CXCL9,CXCL10,CXCL11,CXCR3,CXCR4,ISG15,STAT1	0	0	1.3786926	7.2532485e-10	0	0.4	0	18120	5247	45634755
GSE292299	GSM8855715_NSCLC_P13	NSCLC	CXCL chemokine	stroma_fibroblast	7	7	CXCL9,CXCL10,CXCL11,CXCR3,CXCR4,ISG15,STAT1	4129	1.3358475	1.5369282	0.86916715	0.96996852	0.6	0	18120	5247	45634755
GSE292299	GSM8855715_NSCLC_P13	NSCLC	CXCL chemokine	endothelial	7	7	CXCL9,CXCL10,CXCL11,CXCR3,CXCR4,ISG15,STAT1	0	0	1.3786926	7.2532485e-10	0	0.4	0	18120	5247	45634755
GSE292299	GSM8855715_NSCLC_P13	NSCLC	CXCL chemokine	ambiguous_or_low_signal	7	7	CXCL9,CXCL10,CXCL11,CXCR3,CXCR4,ISG15,STAT1	698	1.6379451	1.3389128	1.2233397	0.98853868	1	0	18120	5247	45634755
GSE292299	GSM8855715_NSCLC_P13	NSCLC	ECM-integrin	tumor_like	9	9	COL1A1,COL1A2,COL3A1,FN1,ITGA2,ITGAV,ITGB1,ACTA2,TAGLN	420	38.878307	202.20597	0.19227082	1	0.6	0	18120	5247	45634755
GSE292299	GSM8855715_NSCLC_P13	NSCLC	ECM-integrin	immune	9	9	COL1A1,COL1A2,COL3A1,FN1,ITGA2,ITGAV,ITGB1,ACTA2,TAGLN	0	0	189.13229	5.2873045e-12	0	0.4	0	18120	5247	45634755
GSE292299	GSM8855715_NSCLC_P13	NSCLC	ECM-integrin	stroma_fibroblast	9	9	COL1A1,COL1A2,COL3A1,FN1,ITGA2,ITGAV,ITGB1,ACTA2,TAGLN	4129	218.3209	81.332836	2.6842898	1	1	1	18120	5247	45634755
GSE292299	GSM8855715_NSCLC_P13	NSCLC	ECM-integrin	endothelial	9	9	COL1A1,COL1A2,COL3A1,FN1,ITGA2,ITGAV,ITGB1,ACTA2,TAGLN	0	0	189.13229	5.2873045e-12	0	0.4	0	18120	5247	45634755
GSE292299	GSM8855715_NSCLC_P13	NSCLC	ECM-integrin	ambiguous_or_low_signal	9	9	COL1A1,COL1A2,COL3A1,FN1,ITGA2,ITGAV,ITGB1,ACTA2,TAGLN	698	106.87854	201.75333	0.52974859	0.99713467	0.8	0	18120	5247	45634755
GSE292299	GSM8855715_NSCLC_P13	NSCLC	EGF/ERBB	tumor_like	8	8	EGFR,EGR1,FOS,JUN,DUSP6,SPRY2,AREG,EREG	420	19.508929	8.967889	2.1754204	0.9952381	1	1	18120	5247	45634755
GSE292299	GSM8855715_NSCLC_P13	NSCLC	EGF/ERBB	immune	8	8	EGFR,EGR1,FOS,JUN,DUSP6,SPRY2,AREG,EREG	0	0	9.8116543	1.0191961e-10	0	0.4	0	18120	5247	45634755
GSE292299	GSM8855715_NSCLC_P13	NSCLC	EGF/ERBB	stroma_fibroblast	8	8	EGFR,EGR1,FOS,JUN,DUSP6,SPRY2,AREG,EREG	4129	8.3178433	15.3286	0.54263554	0.99878905	0.6	0	18120	5247	45634755
GSE292299	GSM8855715_NSCLC_P13	NSCLC	EGF/ERBB	endothelial	8	8	EGFR,EGR1,FOS,JUN,DUSP6,SPRY2,AREG,EREG	0	0	9.8116543	1.0191961e-10	0	0.4	0	18120	5247	45634755
GSE292299	GSM8855715_NSCLC_P13	NSCLC	EGF/ERBB	ambiguous_or_low_signal	8	8	EGFR,EGR1,FOS,JUN,DUSP6,SPRY2,AREG,EREG	698	12.813216	9.3510936	1.3702372	0.99570201	0.8	1	18120	5247	45634755
GSE292299	GSM8855715_NSCLC_P13	NSCLC	MIF	tumor_like	7	5	CD74,CXCR4,CXCR2,NFKBIA,IL1B	420	6.7904762	5.732919	1.184471	0.99761905	1	0	18120	5247	45634755
GSE292299	GSM8855715_NSCLC_P13	NSCLC	MIF	immune	7	5	CD74,CXCR4,CXCR2,NFKBIA,IL1B	0	0	5.8175719	1.7189302e-10	0	0.4	0	18120	5247	45634755
GSE292299	GSM8855715_NSCLC_P13	NSCLC	MIF	stroma_fibroblast	7	5	CD74,CXCR4,CXCR2,NFKBIA,IL1B	4129	5.6046016	6.6041145	0.848653	0.99709373	0.6	0	18120	5247	45634755
GSE292299	GSM8855715_NSCLC_P13	NSCLC	MIF	endothelial	7	5	CD74,CXCR4,CXCR2,NFKBIA,IL1B	0	0	5.8175719	1.7189302e-10	0	0.4	0	18120	5247	45634755
GSE292299	GSM8855715_NSCLC_P13	NSCLC	MIF	ambiguous_or_low_signal	7	5	CD74,CXCR4,CXCR2,NFKBIA,IL1B	698	6.4919771	5.714091	1.1361347	0.99713467	0.8	0	18120	5247	45634755
GSE292299	GSM8855715_NSCLC_P13	NSCLC	NOTCH	tumor_like	7	7	HES1,HEY1,HEY2,NOTCH1,NOTCH2,DLL4,JAG1	420	5.3952381	3.7266862	1.4477307	0.99761905	1	1	18120	5247	45634755
GSE292299	GSM8855715_NSCLC_P13	NSCLC	NOTCH	immune	7	7	HES1,HEY1,HEY2,NOTCH1,NOTCH2,DLL4,JAG1	0	0	3.8602467	2.590508e-10	0	0.4	0	18120	5247	45634755
GSE292299	GSM8855715_NSCLC_P13	NSCLC	NOTCH	stroma_fibroblast	7	7	HES1,HEY1,HEY2,NOTCH1,NOTCH2,DLL4,JAG1	4129	3.5254126	5.0968566	0.69168369	0.99031242	0.6	0	18120	5247	45634755
GSE292299	GSM8855715_NSCLC_P13	NSCLC	NOTCH	endothelial	7	7	HES1,HEY1,HEY2,NOTCH1,NOTCH2,DLL4,JAG1	0	0	3.8602467	2.590508e-10	0	0.4	0	18120	5247	45634755
GSE292299	GSM8855715_NSCLC_P13	NSCLC	NOTCH	ambiguous_or_low_signal	7	7	HES1,HEY1,HEY2,NOTCH1,NOTCH2,DLL4,JAG1	698	4.9173148	3.6980498	1.3297049	0.99570201	0.8	1	18120	5247	45634755
GSE292299	GSM8855715_NSCLC_P13	NSCLC	SPP1	tumor_like	6	6	SPP1,CD44,ITGAV,ITGB1,FN1,MMP9	420	22.803175	39.061494	0.5837763	1	0.6	0	18120	5247	45634755
GSE292299	GSM8855715_NSCLC_P13	NSCLC	SPP1	immune	6	6	SPP1,CD44,ITGAV,ITGB1,FN1,MMP9	0	0	37.760085	2.6482991e-11	0	0.4	0	18120	5247	45634755
GSE292299	GSM8855715_NSCLC_P13	NSCLC	SPP1	stroma_fibroblast	6	6	SPP1,CD44,ITGAV,ITGB1,FN1,MMP9	4129	40.129006	29.011181	1.3832255	0.99975781	1	1	18120	5247	45634755
GSE292299	GSM8855715_NSCLC_P13	NSCLC	SPP1	endothelial	6	6	SPP1,CD44,ITGAV,ITGB1,FN1,MMP9	0	0	37.760085	2.6482991e-11	0	0.4	0	18120	5247	45634755
GSE292299	GSM8855715_NSCLC_P13	NSCLC	SPP1	ambiguous_or_low_signal	6	6	SPP1,CD44,ITGAV,ITGB1,FN1,MMP9	698	32.746657	38.529347	0.84991466	0.99713467	0.8	0	18120	5247	45634755
GSE292299	GSM8855715_NSCLC_P13	NSCLC	TGFB	tumor_like	8	7	SERPINE1,SMAD7,CCN2,COL1A1,COL1A2,FN1,ACTA2	420	35.131633	192.00181	0.18297553	1	0.6	0	18120	5247	45634755
GSE292299	GSM8855715_NSCLC_P13	NSCLC	TGFB	immune	8	7	SERPINE1,SMAD7,CCN2,COL1A1,COL1A2,FN1,ACTA2	0	0	179.44502	5.5727377e-12	0	0.4	0	18120	5247	45634755
GSE292299	GSM8855715_NSCLC_P13	NSCLC	TGFB	stroma_fibroblast	8	7	SERPINE1,SMAD7,CCN2,COL1A1,COL1A2,FN1,ACTA2	4129	207.36719	76.32277	2.7169768	1	1	1	18120	5247	45634755
GSE292299	GSM8855715_NSCLC_P13	NSCLC	TGFB	endothelial	8	7	SERPINE1,SMAD7,CCN2,COL1A1,COL1A2,FN1,ACTA2	0	0	179.44502	5.5727377e-12	0	0.4	0	18120	5247	45634755
GSE292299	GSM8855715_NSCLC_P13	NSCLC	TGFB	ambiguous_or_low_signal	8	7	SERPINE1,SMAD7,CCN2,COL1A1,COL1A2,FN1,ACTA2	698	101.10827	191.46503	0.52807694	0.99713467	0.8	0	18120	5247	45634755
GSE292299	GSM8855715_NSCLC_P13	NSCLC	VEGF	tumor_like	7	7	KDR,FLT1,VWF,PECAM1,PLVAP,ENG,ESAM	420	2.2989796	3.662109	0.62777476	0.98571429	0.6	0	18120	5247	45634755
GSE292299	GSM8855715_NSCLC_P13	NSCLC	VEGF	immune	7	7	KDR,FLT1,VWF,PECAM1,PLVAP,ENG,ESAM	0	0	3.5529963	2.8145259e-10	0	0.4	0	18120	5247	45634755
GSE292299	GSM8855715_NSCLC_P13	NSCLC	VEGF	stroma_fibroblast	7	7	KDR,FLT1,VWF,PECAM1,PLVAP,ENG,ESAM	4129	3.7278137	2.9073601	1.2821988	0.99055461	1	1	18120	5247	45634755
GSE292299	GSM8855715_NSCLC_P13	NSCLC	VEGF	endothelial	7	7	KDR,FLT1,VWF,PECAM1,PLVAP,ENG,ESAM	0	0	3.5529963	2.8145259e-10	0	0.4	0	18120	5247	45634755
GSE292299	GSM8855715_NSCLC_P13	NSCLC	VEGF	ambiguous_or_low_signal	7	7	KDR,FLT1,VWF,PECAM1,PLVAP,ENG,ESAM	698	3.2734343	3.5958923	0.910326	0.99570201	0.8	0	18120	5247	45634755
GSE292299	GSM8855715_NSCLC_P13	NSCLC	WNT	tumor_like	7	7	AXIN2,LEF1,TCF7,DKK1,FZD5,JUN,FOS	420	14.463946	7.0771257	2.0437599	0.9952381	1	1	18120	5247	45634755
GSE292299	GSM8855715_NSCLC_P13	NSCLC	WNT	immune	7	7	AXIN2,LEF1,TCF7,DKK1,FZD5,JUN,FOS	0	0	7.6684092	1.3040514e-10	0	0.4	0	18120	5247	45634755
GSE292299	GSM8855715_NSCLC_P13	NSCLC	WNT	stroma_fibroblast	7	7	AXIN2,LEF1,TCF7,DKK1,FZD5,JUN,FOS	4129	6.6014255	11.608996	0.56864742	0.99903124	0.6	0	18120	5247	45634755
GSE292299	GSM8855715_NSCLC_P13	NSCLC	WNT	endothelial	7	7	AXIN2,LEF1,TCF7,DKK1,FZD5,JUN,FOS	0	0	7.6684092	1.3040514e-10	0	0.4	0	18120	5247	45634755
GSE292299	GSM8855715_NSCLC_P13	NSCLC	WNT	ambiguous_or_low_signal	7	7	AXIN2,LEF1,TCF7,DKK1,FZD5,JUN,FOS	698	9.8911175	7.3273561	1.349889	0.99570201	0.8	1	18120	5247	45634755
GSE292299	GSM8855716_NSCLC_P14	NSCLC	CCL chemokine	tumor_like	6	6	CCL2,CCL3,CCL4,CCR2,LST1,IL1B	5	0	0.04361874	2.2925925e-08	0	0.4	0	18120	1862	983820
GSE292299	GSM8855716_NSCLC_P14	NSCLC	CCL chemokine	immune	6	6	CCL2,CCL3,CCL4,CCR2,LST1,IL1B	21	0.03968254	0.043545175	0.91129591	0.047619048	0.8	0	18120	1862	983820
GSE292299	GSM8855716_NSCLC_P14	NSCLC	CCL chemokine	stroma_fibroblast	6	6	CCL2,CCL3,CCL4,CCR2,LST1,IL1B	1779	0.04440697	0.024096386	1.8428892	0.16526138	1	1	18120	1862	983820
GSE292299	GSM8855716_NSCLC_P14	NSCLC	CCL chemokine	endothelial	6	6	CCL2,CCL3,CCL4,CCR2,LST1,IL1B	1	0	0.043524987	2.2975308e-08	0	0.4	0	18120	1862	983820
GSE292299	GSM8855716_NSCLC_P14	NSCLC	CCL chemokine	ambiguous_or_low_signal	6	6	CCL2,CCL3,CCL4,CCR2,LST1,IL1B	56	0.020833333	0.044204504	0.47129438	0.10714286	0.6	0	18120	1862	983820
GSE292299	GSM8855716_NSCLC_P14	NSCLC	CXCL chemokine	tumor_like	7	6	CXCL9,CXCL10,CXCR3,CXCR4,ISG15,STAT1	5	0.2	0.056632561	3.5315372	0.4	1	1	18120	1862	983820
GSE292299	GSM8855716_NSCLC_P14	NSCLC	CXCL chemokine	immune	7	6	CXCL9,CXCL10,CXCR3,CXCR4,ISG15,STAT1	21	0.031746032	0.057305812	0.55397578	0.19047619	0.4	0	18120	1862	983820
GSE292299	GSM8855716_NSCLC_P14	NSCLC	CXCL chemokine	stroma_fibroblast	7	6	CXCL9,CXCL10,CXCR3,CXCR4,ISG15,STAT1	1779	0.057616639	0.044176707	1.3042312	0.22259696	0.8	1	18120	1862	983820
GSE292299	GSM8855716_NSCLC_P14	NSCLC	CXCL chemokine	endothelial	7	6	CXCL9,CXCL10,CXCR3,CXCR4,ISG15,STAT1	1	0	0.057048182	1.7529042e-08	0	0.2	0	18120	1862	983820
GSE292299	GSM8855716_NSCLC_P14	NSCLC	CXCL chemokine	ambiguous_or_low_signal	7	6	CXCL9,CXCL10,CXCR3,CXCR4,ISG15,STAT1	56	0.035714286	0.05767811	0.61920001	0.19642857	0.6	0	18120	1862	983820
GSE292299	GSM8855716_NSCLC_P14	NSCLC	ECM-integrin	tumor_like	9	9	COL1A1,COL1A2,COL3A1,FN1,ITGA2,ITGAV,ITGB1,ACTA2,TAGLN	5	0.51111111	10.888231	0.046941613	0.8	0.6	0	18120	1862	983820
GSE292299	GSM8855716_NSCLC_P14	NSCLC	ECM-integrin	immune	9	9	COL1A1,COL1A2,COL3A1,FN1,ITGA2,ITGAV,ITGB1,ACTA2,TAGLN	21	0.18518519	10.982135	0.016862403	0.76190476	0.4	0	18120	1862	983820
GSE292299	GSM8855716_NSCLC_P14	NSCLC	ECM-integrin	stroma_fibroblast	9	9	COL1A1,COL1A2,COL3A1,FN1,ITGA2,ITGAV,ITGB1,ACTA2,TAGLN	1779	11.346574	0.43908969	25.841131	0.99775155	1	1	18120	1862	983820
GSE292299	GSM8855716_NSCLC_P14	NSCLC	ECM-integrin	endothelial	9	9	COL1A1,COL1A2,COL3A1,FN1,ITGA2,ITGAV,ITGB1,ACTA2,TAGLN	1	0	10.866201	9.2028484e-11	0	0.2	0	18120	1862	983820
GSE292299	GSM8855716_NSCLC_P14	NSCLC	ECM-integrin	ambiguous_or_low_signal	9	9	COL1A1,COL1A2,COL3A1,FN1,ITGA2,ITGAV,ITGB1,ACTA2,TAGLN	56	0.53571429	11.180509	0.047915016	0.75	0.8	0	18120	1862	983820
GSE292299	GSM8855716_NSCLC_P14	NSCLC	EGF/ERBB	tumor_like	8	8	EGFR,EGR1,FOS,JUN,DUSP6,SPRY2,AREG,EREG	5	0.475	0.41760905	1.1374275	0.4	1	0	18120	1862	983820
GSE292299	GSM8855716_NSCLC_P14	NSCLC	EGF/ERBB	immune	8	8	EGFR,EGR1,FOS,JUN,DUSP6,SPRY2,AREG,EREG	21	0.11904762	0.42117056	0.28265893	0.38095238	0.4	0	18120	1862	983820
GSE292299	GSM8855716_NSCLC_P14	NSCLC	EGF/ERBB	stroma_fibroblast	8	8	EGFR,EGR1,FOS,JUN,DUSP6,SPRY2,AREG,EREG	1779	0.43029792	0.14909639	2.8860386	0.6970208	0.8	1	18120	1862	983820
GSE292299	GSM8855716_NSCLC_P14	NSCLC	EGF/ERBB	endothelial	8	8	EGFR,EGR1,FOS,JUN,DUSP6,SPRY2,AREG,EREG	1	0	0.41798764	2.3924152e-09	0	0.2	0	18120	1862	983820
GSE292299	GSM8855716_NSCLC_P14	NSCLC	EGF/ERBB	ambiguous_or_low_signal	8	8	EGFR,EGR1,FOS,JUN,DUSP6,SPRY2,AREG,EREG	56	0.13392857	0.42656423	0.31397047	0.41071429	0.6	0	18120	1862	983820
GSE292299	GSM8855716_NSCLC_P14	NSCLC	MIF	tumor_like	7	4	CD74,CXCR4,NFKBIA,IL1B	5	0.35	0.70476575	0.49661891	0.6	0.6	0	18120	1862	983820
GSE292299	GSM8855716_NSCLC_P14	NSCLC	MIF	immune	7	4	CD74,CXCR4,NFKBIA,IL1B	21	0.32142857	0.7081749	0.45388303	0.47619048	0.4	0	18120	1862	983820
GSE292299	GSM8855716_NSCLC_P14	NSCLC	MIF	stroma_fibroblast	7	4	CD74,CXCR4,NFKBIA,IL1B	1779	0.72287802	0.29518072	2.4489337	0.67453626	0.8	1	18120	1862	983820
GSE292299	GSM8855716_NSCLC_P14	NSCLC	MIF	endothelial	7	4	CD74,CXCR4,NFKBIA,IL1B	1	0.75	0.70378829	1.0656614	1	1	0	18120	1862	983820
GSE292299	GSM8855716_NSCLC_P14	NSCLC	MIF	ambiguous_or_low_signal	7	4	CD74,CXCR4,NFKBIA,IL1B	56	0.27232143	0.71719269	0.37970469	0.48214286	0.2	0	18120	1862	983820
GSE292299	GSM8855716_NSCLC_P14	NSCLC	NOTCH	tumor_like	7	7	HES1,HEY1,HEY2,NOTCH1,NOTCH2,DLL4,JAG1	5	0	0.031617817	3.1627736e-08	0	0.6	0	18120	1862	983820
GSE292299	GSM8855716_NSCLC_P14	NSCLC	NOTCH	immune	7	7	HES1,HEY1,HEY2,NOTCH1,NOTCH2,DLL4,JAG1	21	0	0.031892605	3.135523e-08	0	0.6	0	18120	1862	983820
GSE292299	GSM8855716_NSCLC_P14	NSCLC	NOTCH	stroma_fibroblast	7	7	HES1,HEY1,HEY2,NOTCH1,NOTCH2,DLL4,JAG1	1779	0.032843492	0.0034423408	9.5410318	0.15008432	1	1	18120	1862	983820
GSE292299	GSM8855716_NSCLC_P14	NSCLC	NOTCH	endothelial	7	7	HES1,HEY1,HEY2,NOTCH1,NOTCH2,DLL4,JAG1	1	0	0.031549858	3.1695863e-08	0	0.6	0	18120	1862	983820
GSE292299	GSM8855716_NSCLC_P14	NSCLC	NOTCH	ambiguous_or_low_signal	7	7	HES1,HEY1,HEY2,NOTCH1,NOTCH2,DLL4,JAG1	56	0.0051020408	0.032352476	0.15770174	0.035714286	0.8	0	18120	1862	983820
GSE292299	GSM8855716_NSCLC_P14	NSCLC	SPP1	tumor_like	6	6	SPP1,CD44,ITGAV,ITGB1,FN1,MMP9	5	0.53333333	0.73981332	0.72090258	0.8	0.8	0	18120	1862	983820
GSE292299	GSM8855716_NSCLC_P14	NSCLC	SPP1	immune	6	6	SPP1,CD44,ITGAV,ITGB1,FN1,MMP9	21	0.38095238	0.74334601	0.51248325	0.76190476	0.6	0	18120	1862	983820
GSE292299	GSM8855716_NSCLC_P14	NSCLC	SPP1	stroma_fibroblast	6	6	SPP1,CD44,ITGAV,ITGB1,FN1,MMP9	1779	0.75669852	0.36546185	2.0705267	0.79033165	1	1	18120	1862	983820
GSE292299	GSM8855716_NSCLC_P14	NSCLC	SPP1	endothelial	6	6	SPP1,CD44,ITGAV,ITGB1,FN1,MMP9	1	0	0.7396561	1.3519797e-09	0	0.2	0	18120	1862	983820
GSE292299	GSM8855716_NSCLC_P14	NSCLC	SPP1	ambiguous_or_low_signal	6	6	SPP1,CD44,ITGAV,ITGB1,FN1,MMP9	56	0.35119048	0.75129199	0.46744872	0.57142857	0.4	0	18120	1862	983820
GSE292299	GSM8855716_NSCLC_P14	NSCLC	TGFB	tumor_like	8	7	SERPINE1,SMAD7,CCN2,COL1A1,COL1A2,FN1,ACTA2	5	0.65714286	8.5510424	0.076849445	0.8	0.8	0	18120	1862	983820
GSE292299	GSM8855716_NSCLC_P14	NSCLC	TGFB	immune	8	7	SERPINE1,SMAD7,CCN2,COL1A1,COL1A2,FN1,ACTA2	21	0.2244898	8.6245829	0.026029061	0.61904762	0.4	0	18120	1862	983820
GSE292299	GSM8855716_NSCLC_P14	NSCLC	TGFB	stroma_fibroblast	8	7	SERPINE1,SMAD7,CCN2,COL1A1,COL1A2,FN1,ACTA2	1779	8.9067695	0.45094664	19.751271	0.98875773	1	1	18120	1862	983820
GSE292299	GSM8855716_NSCLC_P14	NSCLC	TGFB	endothelial	8	7	SERPINE1,SMAD7,CCN2,COL1A1,COL1A2,FN1,ACTA2	1	0	8.5344285	1.1717246e-10	0	0.2	0	18120	1862	983820
GSE292299	GSM8855716_NSCLC_P14	NSCLC	TGFB	ambiguous_or_low_signal	8	7	SERPINE1,SMAD7,CCN2,COL1A1,COL1A2,FN1,ACTA2	56	0.5255102	8.7780414	0.059866453	0.69642857	0.6	0	18120	1862	983820
GSE292299	GSM8855716_NSCLC_P14	NSCLC	VEGF	tumor_like	7	7	KDR,FLT1,VWF,PECAM1,PLVAP,ENG,ESAM	5	0	0.19193784	5.21002e-09	0	0.2	0	18120	1862	983820
GSE292299	GSM8855716_NSCLC_P14	NSCLC	VEGF	immune	7	7	KDR,FLT1,VWF,PECAM1,PLVAP,ENG,ESAM	21	0.013605442	0.19345076	0.070330263	0.047619048	0.4	0	18120	1862	983820
GSE292299	GSM8855716_NSCLC_P14	NSCLC	VEGF	stroma_fibroblast	7	7	KDR,FLT1,VWF,PECAM1,PLVAP,ENG,ESAM	1779	0.19336706	0.14974182	1.2913363	0.45868465	0.6	0	18120	1862	983820
GSE292299	GSM8855716_NSCLC_P14	NSCLC	VEGF	endothelial	7	7	KDR,FLT1,VWF,PECAM1,PLVAP,ENG,ESAM	1	0.42857143	0.191295	2.2403692	1	1	1	18120	1862	983820
GSE292299	GSM8855716_NSCLC_P14	NSCLC	VEGF	ambiguous_or_low_signal	7	7	KDR,FLT1,VWF,PECAM1,PLVAP,ENG,ESAM	56	0.20918367	0.1908717	1.0959387	0.30357143	0.8	0	18120	1862	983820
GSE292299	GSM8855716_NSCLC_P14	NSCLC	WNT	tumor_like	7	7	AXIN2,LEF1,TCF7,DKK1,FZD5,JUN,FOS	5	0.31428571	0.36518194	0.86062777	0.4	0.8	0	18120	1862	983820
GSE292299	GSM8855716_NSCLC_P14	NSCLC	WNT	immune	7	7	AXIN2,LEF1,TCF7,DKK1,FZD5,JUN,FOS	21	0.13605442	0.36765733	0.37005769	0.38095238	0.6	0	18120	1862	983820
GSE292299	GSM8855716_NSCLC_P14	NSCLC	WNT	stroma_fibroblast	7	7	AXIN2,LEF1,TCF7,DKK1,FZD5,JUN,FOS	1779	0.37597366	0.13080895	2.8742197	0.6306914	1	1	18120	1862	983820
GSE292299	GSM8855716_NSCLC_P14	NSCLC	WNT	endothelial	7	7	AXIN2,LEF1,TCF7,DKK1,FZD5,JUN,FOS	1	0	0.36524142	2.7379151e-09	0	0.2	0	18120	1862	983820
GSE292299	GSM8855716_NSCLC_P14	NSCLC	WNT	ambiguous_or_low_signal	7	7	AXIN2,LEF1,TCF7,DKK1,FZD5,JUN,FOS	56	0.11479592	0.37280494	0.30792489	0.375	0.4	0	18120	1862	983820
GSE292299	GSM8855717_NSCLC_P15	NSCLC	CCL chemokine	tumor_like	6	6	CCL2,CCL3,CCL4,CCR2,LST1,IL1B	98	0.25680272	0.45732589	0.56153112	0.69387755	0.6	0	18120	13002	46679551
GSE292299	GSM8855717_NSCLC_P15	NSCLC	CCL chemokine	immune	6	6	CCL2,CCL3,CCL4,CCR2,LST1,IL1B	2192	0.69282238	0.40775516	1.6991137	0.89872263	0.8	1	18120	13002	46679551
GSE292299	GSM8855717_NSCLC_P15	NSCLC	CCL chemokine	stroma_fibroblast	6	6	CCL2,CCL3,CCL4,CCR2,LST1,IL1B	6453	0.22157653	0.68661882	0.32270675	0.58995816	0.4	0	18120	13002	46679551
GSE292299	GSM8855717_NSCLC_P15	NSCLC	CCL chemokine	endothelial	6	6	CCL2,CCL3,CCL4,CCR2,LST1,IL1B	32	0.046875	0.45682344	0.10261076	0.28125	0.2	0	18120	13002	46679551
GSE292299	GSM8855717_NSCLC_P15	NSCLC	CCL chemokine	ambiguous_or_low_signal	6	6	CCL2,CCL3,CCL4,CCR2,LST1,IL1B	4227	0.69820992	0.33905033	2.0593105	0.8817128	1	1	18120	13002	46679551
GSE292299	GSM8855717_NSCLC_P15	NSCLC	CXCL chemokine	tumor_like	7	7	CXCL9,CXCL10,CXCL11,CXCR3,CXCR4,ISG15,STAT1	98	0.68950437	0.94002967	0.73349214	0.87755102	0.6	0	18120	13002	46679551
GSE292299	GSM8855717_NSCLC_P15	NSCLC	CXCL chemokine	immune	7	7	CXCL9,CXCL10,CXCL11,CXCR3,CXCR4,ISG15,STAT1	2192	1.5485532	0.81436501	1.9015468	0.95985401	1	1	18120	13002	46679551
GSE292299	GSM8855717_NSCLC_P15	NSCLC	CXCL chemokine	stroma_fibroblast	7	7	CXCL9,CXCL10,CXCL11,CXCR3,CXCR4,ISG15,STAT1	6453	0.39321689	1.475078	0.26657363	0.78056718	0.4	0	18120	13002	46679551
GSE292299	GSM8855717_NSCLC_P15	NSCLC	CXCL chemokine	endothelial	7	7	CXCL9,CXCL10,CXCL11,CXCR3,CXCR4,ISG15,STAT1	32	0.080357143	0.94025774	0.08546289	0.28125	0.2	0	18120	13002	46679551
GSE292299	GSM8855717_NSCLC_P15	NSCLC	CXCL chemokine	ambiguous_or_low_signal	7	7	CXCL9,CXCL10,CXCL11,CXCR3,CXCR4,ISG15,STAT1	4227	1.4657474	0.6839886	2.1429413	0.94866335	0.8	1	18120	13002	46679551
GSE292299	GSM8855717_NSCLC_P15	NSCLC	ECM-integrin	tumor_like	9	9	COL1A1,COL1A2,COL3A1,FN1,ITGA2,ITGAV,ITGB1,ACTA2,TAGLN	98	0.95238095	2.8699714	0.33184336	0.93877551	0.4	0	18120	13002	46679551
GSE292299	GSM8855717_NSCLC_P15	NSCLC	ECM-integrin	immune	9	9	COL1A1,COL1A2,COL3A1,FN1,ITGA2,ITGAV,ITGB1,ACTA2,TAGLN	2192	2.1001115	3.0086957	0.69801394	0.97034672	0.6	0	18120	13002	46679551
GSE292299	GSM8855717_NSCLC_P15	NSCLC	ECM-integrin	stroma_fibroblast	9	9	COL1A1,COL1A2,COL3A1,FN1,ITGA2,ITGAV,ITGB1,ACTA2,TAGLN	6453	2.8556227	2.8554147	1.0000728	0.9972106	0.8	0	18120	13002	46679551
GSE292299	GSM8855717_NSCLC_P15	NSCLC	ECM-integrin	endothelial	9	9	COL1A1,COL1A2,COL3A1,FN1,ITGA2,ITGAV,ITGB1,ACTA2,TAGLN	32	0.09375	2.8623319	0.032753016	0.46875	0.2	0	18120	13002	46679551
GSE292299	GSM8855717_NSCLC_P15	NSCLC	ECM-integrin	ambiguous_or_low_signal	9	9	COL1A1,COL1A2,COL3A1,FN1,ITGA2,ITGAV,ITGB1,ACTA2,TAGLN	4227	3.3121205	2.6355682	1.2567007	0.97847173	1	1	18120	13002	46679551
GSE292299	GSM8855717_NSCLC_P15	NSCLC	EGF/ERBB	tumor_like	8	8	EGFR,EGR1,FOS,JUN,DUSP6,SPRY2,AREG,EREG	98	1.1734694	2.3893948	0.49111574	0.95918367	0.4	0	18120	13002	46679551
GSE292299	GSM8855717_NSCLC_P15	NSCLC	EGF/ERBB	immune	8	8	EGFR,EGR1,FOS,JUN,DUSP6,SPRY2,AREG,EREG	2192	2.4532391	2.3654255	1.0371238	0.97855839	0.8	0	18120	13002	46679551
GSE292299	GSM8855717_NSCLC_P15	NSCLC	EGF/ERBB	stroma_fibroblast	8	8	EGFR,EGR1,FOS,JUN,DUSP6,SPRY2,AREG,EREG	6453	1.9384007	2.8155825	0.6884546	0.98574307	0.6	0	18120	13002	46679551
GSE292299	GSM8855717_NSCLC_P15	NSCLC	EGF/ERBB	endothelial	8	8	EGFR,EGR1,FOS,JUN,DUSP6,SPRY2,AREG,EREG	32	0.2421875	2.385505	0.10152462	0.65625	0.2	0	18120	13002	46679551
GSE292299	GSM8855717_NSCLC_P15	NSCLC	EGF/ERBB	ambiguous_or_low_signal	8	8	EGFR,EGR1,FOS,JUN,DUSP6,SPRY2,AREG,EREG	4227	3.0610362	2.0522792	1.4915301	0.97705228	1	1	18120	13002	46679551
GSE292299	GSM8855717_NSCLC_P15	NSCLC	MIF	tumor_like	7	5	CD74,CXCR4,CXCR2,NFKBIA,IL1B	98	2.6387755	6.0272009	0.43781111	0.92857143	0.6	0	18120	13002	46679551
GSE292299	GSM8855717_NSCLC_P15	NSCLC	MIF	immune	7	5	CD74,CXCR4,CXCR2,NFKBIA,IL1B	2192	10.37135	5.1155967	2.027398	0.98448905	1	1	18120	13002	46679551
GSE292299	GSM8855717_NSCLC_P15	NSCLC	MIF	stroma_fibroblast	7	5	CD74,CXCR4,CXCR2,NFKBIA,IL1B	6453	2.4583295	9.4930524	0.25896091	0.9725709	0.4	0	18120	13002	46679551
GSE292299	GSM8855717_NSCLC_P15	NSCLC	MIF	endothelial	7	5	CD74,CXCR4,CXCR2,NFKBIA,IL1B	32	0.44375	6.0153739	0.073769313	0.78125	0.2	0	18120	13002	46679551
GSE292299	GSM8855717_NSCLC_P15	NSCLC	MIF	ambiguous_or_low_signal	7	5	CD74,CXCR4,CXCR2,NFKBIA,IL1B	4227	9.2650106	4.4296752	2.0915779	0.98131062	0.8	1	18120	13002	46679551
GSE292299	GSM8855717_NSCLC_P15	NSCLC	NOTCH	tumor_like	7	7	HES1,HEY1,HEY2,NOTCH1,NOTCH2,DLL4,JAG1	98	0.56997085	0.28586928	1.9938164	0.82653061	1	1	18120	13002	46679551
GSE292299	GSM8855717_NSCLC_P15	NSCLC	NOTCH	immune	7	7	HES1,HEY1,HEY2,NOTCH1,NOTCH2,DLL4,JAG1	2192	0.39025026	0.26727897	1.4600859	0.83759124	0.6	0	18120	13002	46679551
GSE292299	GSM8855717_NSCLC_P15	NSCLC	NOTCH	stroma_fibroblast	7	7	HES1,HEY1,HEY2,NOTCH1,NOTCH2,DLL4,JAG1	6453	0.16824954	0.40601619	0.41439122	0.57988532	0.4	0	18120	13002	46679551
GSE292299	GSM8855717_NSCLC_P15	NSCLC	NOTCH	endothelial	7	7	HES1,HEY1,HEY2,NOTCH1,NOTCH2,DLL4,JAG1	32	0.040178571	0.28862209	0.13920823	0.25	0.2	0	18120	13002	46679551
GSE292299	GSM8855717_NSCLC_P15	NSCLC	NOTCH	ambiguous_or_low_signal	7	7	HES1,HEY1,HEY2,NOTCH1,NOTCH2,DLL4,JAG1	4227	0.4131603	0.22772487	1.8142959	0.83794653	0.8	1	18120	13002	46679551
GSE292299	GSM8855717_NSCLC_P15	NSCLC	SPP1	tumor_like	6	6	SPP1,CD44,ITGAV,ITGB1,FN1,MMP9	98	1.2244898	1.1048512	1.1082848	0.91836735	0.6	0	18120	13002	46679551
GSE292299	GSM8855717_NSCLC_P15	NSCLC	SPP1	immune	6	6	SPP1,CD44,ITGAV,ITGB1,FN1,MMP9	2192	1.6367853	0.99807277	1.6399458	0.95711679	0.8	1	18120	13002	46679551
GSE292299	GSM8855717_NSCLC_P15	NSCLC	SPP1	stroma_fibroblast	6	6	SPP1,CD44,ITGAV,ITGB1,FN1,MMP9	6453	0.57032905	1.6333282	0.34918214	0.84410352	0.4	0	18120	13002	46679551
GSE292299	GSM8855717_NSCLC_P15	NSCLC	SPP1	endothelial	6	6	SPP1,CD44,ITGAV,ITGB1,FN1,MMP9	32	0.052083333	1.1083526	0.046991665	0.25	0.2	0	18120	13002	46679551
GSE292299	GSM8855717_NSCLC_P15	NSCLC	SPP1	ambiguous_or_low_signal	6	6	SPP1,CD44,ITGAV,ITGB1,FN1,MMP9	4227	1.6529848	0.84214625	1.9628239	0.95528744	1	1	18120	13002	46679551
GSE292299	GSM8855717_NSCLC_P15	NSCLC	TGFB	tumor_like	8	7	SERPINE1,SMAD7,CCN2,COL1A1,COL1A2,FN1,ACTA2	98	0.55539359	1.7021854	0.32628267	0.86734694	0.4	0	18120	13002	46679551
GSE292299	GSM8855717_NSCLC_P15	NSCLC	TGFB	immune	8	7	SERPINE1,SMAD7,CCN2,COL1A1,COL1A2,FN1,ACTA2	2192	1.3108055	1.7711511	0.74008681	0.95620438	0.6	0	18120	13002	46679551
GSE292299	GSM8855717_NSCLC_P15	NSCLC	TGFB	stroma_fibroblast	8	7	SERPINE1,SMAD7,CCN2,COL1A1,COL1A2,FN1,ACTA2	6453	1.6369795	1.7492747	0.9358047	0.986053	0.8	0	18120	13002	46679551
GSE292299	GSM8855717_NSCLC_P15	NSCLC	TGFB	endothelial	8	7	SERPINE1,SMAD7,CCN2,COL1A1,COL1A2,FN1,ACTA2	32	0.080357143	1.6975218	0.047337917	0.375	0.2	0	18120	13002	46679551
GSE292299	GSM8855717_NSCLC_P15	NSCLC	TGFB	ambiguous_or_low_signal	8	7	SERPINE1,SMAD7,CCN2,COL1A1,COL1A2,FN1,ACTA2	4227	2.0169658	1.5377452	1.3116385	0.96924533	1	1	18120	13002	46679551
GSE292299	GSM8855717_NSCLC_P15	NSCLC	VEGF	tumor_like	7	7	KDR,FLT1,VWF,PECAM1,PLVAP,ENG,ESAM	98	0.29883382	1.4795302	0.20197886	0.78571429	0.2	0	18120	13002	46679551
GSE292299	GSM8855717_NSCLC_P15	NSCLC	VEGF	immune	7	7	KDR,FLT1,VWF,PECAM1,PLVAP,ENG,ESAM	2192	2.0548097	1.3521739	1.5196342	0.95711679	0.8	1	18120	13002	46679551
GSE292299	GSM8855717_NSCLC_P15	NSCLC	VEGF	stroma_fibroblast	7	7	KDR,FLT1,VWF,PECAM1,PLVAP,ENG,ESAM	6453	0.77939386	2.1517353	0.36221643	0.92065706	0.6	0	18120	13002	46679551
GSE292299	GSM8855717_NSCLC_P15	NSCLC	VEGF	endothelial	7	7	KDR,FLT1,VWF,PECAM1,PLVAP,ENG,ESAM	32	0.38392857	1.473312	0.26058877	0.96875	0.4	0	18120	13002	46679551
GSE292299	GSM8855717_NSCLC_P15	NSCLC	VEGF	ambiguous_or_low_signal	7	7	KDR,FLT1,VWF,PECAM1,PLVAP,ENG,ESAM	4227	2.2583392	1.0911844	2.0696221	0.96285782	1	1	18120	13002	46679551
GSE292299	GSM8855717_NSCLC_P15	NSCLC	WNT	tumor_like	7	7	AXIN2,LEF1,TCF7,DKK1,FZD5,JUN,FOS	98	0.99708455	2.1017735	0.47440151	0.91836735	0.4	0	18120	13002	46679551
GSE292299	GSM8855717_NSCLC_P15	NSCLC	WNT	immune	7	7	AXIN2,LEF1,TCF7,DKK1,FZD5,JUN,FOS	2192	2.2701382	2.0576186	1.1032842	0.97262774	0.8	0	18120	13002	46679551
GSE292299	GSM8855717_NSCLC_P15	NSCLC	WNT	stroma_fibroblast	7	7	AXIN2,LEF1,TCF7,DKK1,FZD5,JUN,FOS	6453	1.6426911	2.5375957	0.64734154	0.98031923	0.6	0	18120	13002	46679551
GSE292299	GSM8855717_NSCLC_P15	NSCLC	WNT	endothelial	7	7	AXIN2,LEF1,TCF7,DKK1,FZD5,JUN,FOS	32	0.21875	2.0980725	0.10426237	0.5625	0.2	0	18120	13002	46679551
GSE292299	GSM8855717_NSCLC_P15	NSCLC	WNT	ambiguous_or_low_signal	7	7	AXIN2,LEF1,TCF7,DKK1,FZD5,JUN,FOS	4227	2.7295617	1.7870248	1.5274335	0.97492311	1	1	18120	13002	46679551
GSE292299	GSM8855718_NSCLC_P16	NSCLC	CCL chemokine	tumor_like	6	6	CCL2,CCL3,CCL4,CCR2,LST1,IL1B	108	0.055555556	0.073081569	0.76018559	0.23148148	0.4	0	18120	5351	10300812
GSE292299	GSM8855718_NSCLC_P16	NSCLC	CCL chemokine	immune	6	6	CCL2,CCL3,CCL4,CCR2,LST1,IL1B	1	0.33333333	0.072679128	4.5863694	1	1	1	18120	5351	10300812
GSE292299	GSM8855718_NSCLC_P16	NSCLC	CCL chemokine	stroma_fibroblast	6	6	CCL2,CCL3,CCL4,CCR2,LST1,IL1B	5076	0.073515892	0.058181818	1.2635544	0.25571316	0.8	1	18120	5351	10300812
GSE292299	GSM8855718_NSCLC_P16	NSCLC	CCL chemokine	endothelial	6	6	CCL2,CCL3,CCL4,CCR2,LST1,IL1B	0	0	0.072727839	1.3749893e-08	0	0.2	0	18120	5351	10300812
GSE292299	GSM8855718_NSCLC_P16	NSCLC	CCL chemokine	ambiguous_or_low_signal	6	6	CCL2,CCL3,CCL4,CCR2,LST1,IL1B	166	0.058232932	0.0731919	0.7956199	0.24698795	0.6	0	18120	5351	10300812
GSE292299	GSM8855718_NSCLC_P16	NSCLC	CXCL chemokine	tumor_like	7	7	CXCL9,CXCL10,CXCL11,CXCR3,CXCR4,ISG15,STAT1	108	1.1468254	0.28759434	3.9876493	0.9537037	1	1	18120	5351	10300812
GSE292299	GSM8855718_NSCLC_P16	NSCLC	CXCL chemokine	immune	7	7	CXCL9,CXCL10,CXCL11,CXCR3,CXCR4,ISG15,STAT1	1	0.42857143	0.30491322	1.4055521	1	0.6	0	18120	5351	10300812
GSE292299	GSM8855718_NSCLC_P16	NSCLC	CXCL chemokine	stroma_fibroblast	7	7	CXCL9,CXCL10,CXCL11,CXCR3,CXCR4,ISG15,STAT1	5076	0.27687718	0.82285714	0.33648269	0.63081166	0.4	0	18120	5351	10300812
GSE292299	GSM8855718_NSCLC_P16	NSCLC	CXCL chemokine	endothelial	7	7	CXCL9,CXCL10,CXCL11,CXCR3,CXCR4,ISG15,STAT1	0	0	0.30493633	3.2793731e-09	0	0.2	0	18120	5351	10300812
GSE292299	GSM8855718_NSCLC_P16	NSCLC	CXCL chemokine	ambiguous_or_low_signal	7	7	CXCL9,CXCL10,CXCL11,CXCR3,CXCR4,ISG15,STAT1	166	0.61445783	0.29502686	2.0827182	0.81927711	0.8	1	18120	5351	10300812
GSE292299	GSM8855718_NSCLC_P16	NSCLC	ECM-integrin	tumor_like	9	9	COL1A1,COL1A2,COL3A1,FN1,ITGA2,ITGAV,ITGB1,ACTA2,TAGLN	108	6.4773663	41.209104	0.15718289	0.99074074	0.6	0	18120	5351	10300812
GSE292299	GSM8855718_NSCLC_P16	NSCLC	ECM-integrin	immune	9	9	COL1A1,COL1A2,COL3A1,FN1,ITGA2,ITGAV,ITGB1,ACTA2,TAGLN	1	1.2222222	40.515452	0.030166817	1	0.4	0	18120	5351	10300812
GSE292299	GSM8855718_NSCLC_P16	NSCLC	ECM-integrin	stroma_fibroblast	9	9	COL1A1,COL1A2,COL3A1,FN1,ITGA2,ITGAV,ITGB1,ACTA2,TAGLN	5076	42.189848	9.4662626	4.4568643	1	1	1	18120	5351	10300812
GSE292299	GSM8855718_NSCLC_P16	NSCLC	ECM-integrin	endothelial	9	9	COL1A1,COL1A2,COL3A1,FN1,ITGA2,ITGAV,ITGB1,ACTA2,TAGLN	0	0	40.508109	2.4686416e-11	0	0.2	0	18120	5351	10300812
GSE292299	GSM8855718_NSCLC_P16	NSCLC	ECM-integrin	ambiguous_or_low_signal	9	9	COL1A1,COL1A2,COL3A1,FN1,ITGA2,ITGAV,ITGB1,ACTA2,TAGLN	166	11.460509	41.43808	0.27656949	1	0.8	0	18120	5351	10300812
GSE292299	GSM8855718_NSCLC_P16	NSCLC	EGF/ERBB	tumor_like	8	8	EGFR,EGR1,FOS,JUN,DUSP6,SPRY2,AREG,EREG	108	1.5486111	0.37860004	4.0903617	0.99074074	1	1	18120	5351	10300812
GSE292299	GSM8855718_NSCLC_P16	NSCLC	EGF/ERBB	immune	8	8	EGFR,EGR1,FOS,JUN,DUSP6,SPRY2,AREG,EREG	1	0.75	0.40214953	1.8649779	1	0.6	0	18120	5351	10300812
GSE292299	GSM8855718_NSCLC_P16	NSCLC	EGF/ERBB	stroma_fibroblast	8	8	EGFR,EGR1,FOS,JUN,DUSP6,SPRY2,AREG,EREG	5076	0.35399429	1.2922727	0.27393156	0.7107959	0.4	0	18120	5351	10300812
GSE292299	GSM8855718_NSCLC_P16	NSCLC	EGF/ERBB	endothelial	8	8	EGFR,EGR1,FOS,JUN,DUSP6,SPRY2,AREG,EREG	0	0	0.40221454	2.4862353e-09	0	0.2	0	18120	5351	10300812
GSE292299	GSM8855718_NSCLC_P16	NSCLC	EGF/ERBB	ambiguous_or_low_signal	8	8	EGFR,EGR1,FOS,JUN,DUSP6,SPRY2,AREG,EREG	166	1.1287651	0.37895371	2.9786357	0.90963855	0.8	1	18120	5351	10300812
GSE292299	GSM8855718_NSCLC_P16	NSCLC	MIF	tumor_like	7	5	CD74,CXCR4,CXCR2,NFKBIA,IL1B	108	3.837037	1.6418081	2.3370801	0.99074074	1	1	18120	5351	10300812
GSE292299	GSM8855718_NSCLC_P16	NSCLC	MIF	immune	7	5	CD74,CXCR4,CXCR2,NFKBIA,IL1B	1	2.4	1.6859813	1.4235033	1	0.6	0	18120	5351	10300812
GSE292299	GSM8855718_NSCLC_P16	NSCLC	MIF	stroma_fibroblast	7	5	CD74,CXCR4,CXCR2,NFKBIA,IL1B	5076	1.5991726	3.2909091	0.48593642	0.90524035	0.4	0	18120	5351	10300812
GSE292299	GSM8855718_NSCLC_P16	NSCLC	MIF	endothelial	7	5	CD74,CXCR4,CXCR2,NFKBIA,IL1B	0	0	1.6861147	5.9307945e-10	0	0.2	0	18120	5351	10300812
GSE292299	GSM8855718_NSCLC_P16	NSCLC	MIF	ambiguous_or_low_signal	7	5	CD74,CXCR4,CXCR2,NFKBIA,IL1B	166	2.9409639	1.6459402	1.7867987	0.96987952	0.8	1	18120	5351	10300812
GSE292299	GSM8855718_NSCLC_P16	NSCLC	NOTCH	tumor_like	7	7	HES1,HEY1,HEY2,NOTCH1,NOTCH2,DLL4,JAG1	108	0.73677249	0.28511485	2.5841253	0.97222222	1	1	18120	5351	10300812
GSE292299	GSM8855718_NSCLC_P16	NSCLC	NOTCH	immune	7	7	HES1,HEY1,HEY2,NOTCH1,NOTCH2,DLL4,JAG1	1	0	0.29428571	3.3980582e-09	0	0.4	0	18120	5351	10300812
GSE292299	GSM8855718_NSCLC_P16	NSCLC	NOTCH	stroma_fibroblast	7	7	HES1,HEY1,HEY2,NOTCH1,NOTCH2,DLL4,JAG1	5076	0.27696161	0.61298701	0.45182297	0.64243499	0.6	0	18120	5351	10300812
GSE292299	GSM8855718_NSCLC_P16	NSCLC	NOTCH	endothelial	7	7	HES1,HEY1,HEY2,NOTCH1,NOTCH2,DLL4,JAG1	0	0	0.29423072	3.3986934e-09	0	0.4	0	18120	5351	10300812
GSE292299	GSM8855718_NSCLC_P16	NSCLC	NOTCH	ambiguous_or_low_signal	7	7	HES1,HEY1,HEY2,NOTCH1,NOTCH2,DLL4,JAG1	166	0.53614458	0.28648574	1.8714529	0.84337349	0.8	1	18120	5351	10300812
GSE292299	GSM8855718_NSCLC_P16	NSCLC	SPP1	tumor_like	6	6	SPP1,CD44,ITGAV,ITGB1,FN1,MMP9	108	2.4722222	6.0245089	0.41036079	0.99074074	0.4	0	18120	5351	10300812
GSE292299	GSM8855718_NSCLC_P16	NSCLC	SPP1	immune	6	6	SPP1,CD44,ITGAV,ITGB1,FN1,MMP9	1	5.6666667	5.952866	0.95192242	1	0.8	0	18120	5351	10300812
GSE292299	GSM8855718_NSCLC_P16	NSCLC	SPP1	stroma_fibroblast	6	6	SPP1,CD44,ITGAV,ITGB1,FN1,MMP9	5076	6.1230628	2.810303	2.1787909	0.98286052	1	1	18120	5351	10300812
GSE292299	GSM8855718_NSCLC_P16	NSCLC	SPP1	endothelial	6	6	SPP1,CD44,ITGAV,ITGB1,FN1,MMP9	0	0	5.9528126	1.6798782e-10	0	0.2	0	18120	5351	10300812
GSE292299	GSM8855718_NSCLC_P16	NSCLC	SPP1	ambiguous_or_low_signal	6	6	SPP1,CD44,ITGAV,ITGB1,FN1,MMP9	166	3.0130522	6.0469302	0.49827798	0.97590361	0.6	0	18120	5351	10300812
GSE292299	GSM8855718_NSCLC_P16	NSCLC	TGFB	tumor_like	8	7	SERPINE1,SMAD7,CCN2,COL1A1,COL1A2,FN1,ACTA2	108	5.8849206	39.203509	0.15011209	1	0.6	0	18120	5351	10300812
GSE292299	GSM8855718_NSCLC_P16	NSCLC	TGFB	immune	8	7	SERPINE1,SMAD7,CCN2,COL1A1,COL1A2,FN1,ACTA2	1	1.4285714	38.537971	0.037069192	1	0.4	0	18120	5351	10300812
GSE292299	GSM8855718_NSCLC_P16	NSCLC	TGFB	stroma_fibroblast	8	7	SERPINE1,SMAD7,CCN2,COL1A1,COL1A2,FN1,ACTA2	5076	40.148542	8.6748052	4.628178	1	1	1	18120	5351	10300812
GSE292299	GSM8855718_NSCLC_P16	NSCLC	TGFB	endothelial	8	7	SERPINE1,SMAD7,CCN2,COL1A1,COL1A2,FN1,ACTA2	0	0	38.531036	2.5953105e-11	0	0.2	0	18120	5351	10300812
GSE292299	GSM8855718_NSCLC_P16	NSCLC	TGFB	ambiguous_or_low_signal	8	7	SERPINE1,SMAD7,CCN2,COL1A1,COL1A2,FN1,ACTA2	166	10.533563	39.427387	0.26716361	1	0.8	0	18120	5351	10300812
GSE292299	GSM8855718_NSCLC_P16	NSCLC	VEGF	tumor_like	7	7	KDR,FLT1,VWF,PECAM1,PLVAP,ENG,ESAM	108	0.67592593	0.49442794	1.3670868	0.86111111	0.8	1	18120	5351	10300812
GSE292299	GSM8855718_NSCLC_P16	NSCLC	VEGF	immune	7	7	KDR,FLT1,VWF,PECAM1,PLVAP,ENG,ESAM	1	0.42857143	0.49810414	0.86040528	1	0.4	0	18120	5351	10300812
GSE292299	GSM8855718_NSCLC_P16	NSCLC	VEGF	stroma_fibroblast	7	7	KDR,FLT1,VWF,PECAM1,PLVAP,ENG,ESAM	5076	0.48758865	0.69194805	0.70466078	0.68735225	0.6	0	18120	5351	10300812
GSE292299	GSM8855718_NSCLC_P16	NSCLC	VEGF	endothelial	7	7	KDR,FLT1,VWF,PECAM1,PLVAP,ENG,ESAM	0	0	0.49809114	2.0076647e-09	0	0.2	0	18120	5351	10300812
GSE292299	GSM8855718_NSCLC_P16	NSCLC	VEGF	ambiguous_or_low_signal	7	7	KDR,FLT1,VWF,PECAM1,PLVAP,ENG,ESAM	166	0.70395869	0.49150021	1.4322653	0.79518072	1	1	18120	5351	10300812
GSE292299	GSM8855718_NSCLC_P16	NSCLC	WNT	tumor_like	7	7	AXIN2,LEF1,TCF7,DKK1,FZD5,JUN,FOS	108	1.5039683	0.32059072	4.6912408	0.97222222	1	1	18120	5351	10300812
GSE292299	GSM8855718_NSCLC_P16	NSCLC	WNT	immune	7	7	AXIN2,LEF1,TCF7,DKK1,FZD5,JUN,FOS	1	0.57142857	0.34443258	1.6590433	1	0.6	0	18120	5351	10300812
GSE292299	GSM8855718_NSCLC_P16	NSCLC	WNT	stroma_fibroblast	7	7	AXIN2,LEF1,TCF7,DKK1,FZD5,JUN,FOS	5076	0.29756276	1.2103896	0.24584048	0.65445232	0.4	0	18120	5351	10300812
GSE292299	GSM8855718_NSCLC_P16	NSCLC	WNT	endothelial	7	7	AXIN2,LEF1,TCF7,DKK1,FZD5,JUN,FOS	0	0	0.344475	2.9029683e-09	0	0.2	0	18120	5351	10300812
GSE292299	GSM8855718_NSCLC_P16	NSCLC	WNT	ambiguous_or_low_signal	7	7	AXIN2,LEF1,TCF7,DKK1,FZD5,JUN,FOS	166	1.0232358	0.32274418	3.1704237	0.89156627	0.8	1	18120	5351	10300812
GSE292299	GSM8855719_DLBCL_P1	DLBCL	CCL chemokine	tumor_like	6	6	CCL2,CCL3,CCL4,CCR2,LST1,IL1B	1	0	0.3154877	3.1696957e-09	0	0.4	0	18085	12413	29053600
GSE292299	GSM8855719_DLBCL_P1	DLBCL	CCL chemokine	immune	6	6	CCL2,CCL3,CCL4,CCR2,LST1,IL1B	12094	0.32097183	0.10658307	3.011471	0.80213329	1	1	18085	12413	29053600
GSE292299	GSM8855719_DLBCL_P1	DLBCL	CCL chemokine	stroma_fibroblast	6	6	CCL2,CCL3,CCL4,CCR2,LST1,IL1B	62	0.056451613	0.31676248	0.17821433	0.25806452	0.6	0	18085	12413	29053600
GSE292299	GSM8855719_DLBCL_P1	DLBCL	CCL chemokine	endothelial	6	6	CCL2,CCL3,CCL4,CCR2,LST1,IL1B	2	0	0.31551312	3.1694403e-09	0	0.4	0	18085	12413	29053600
GSE292299	GSM8855719_DLBCL_P1	DLBCL	CCL chemokine	ambiguous_or_low_signal	6	6	CCL2,CCL3,CCL4,CCR2,LST1,IL1B	254	0.12007874	0.31954382	0.37578176	0.46062992	0.8	0	18085	12413	29053600
GSE292299	GSM8855719_DLBCL_P1	DLBCL	CXCL chemokine	tumor_like	7	7	CXCL9,CXCL10,CXCL11,CXCR3,CXCR4,ISG15,STAT1	1	0.14285714	2.2446135	0.063644428	1	0.4	0	18085	12413	29053600
GSE292299	GSM8855719_DLBCL_P1	DLBCL	CXCL chemokine	immune	7	7	CXCL9,CXCL10,CXCL11,CXCR3,CXCR4,ISG15,STAT1	12094	2.2887618	0.56426332	4.0561946	0.98933355	1	1	18085	12413	29053600
GSE292299	GSM8855719_DLBCL_P1	DLBCL	CXCL chemokine	stroma_fibroblast	7	7	CXCL9,CXCL10,CXCL11,CXCR3,CXCR4,ISG15,STAT1	62	0.26497696	2.2543808	0.11753869	0.69354839	0.6	0	18085	12413	29053600
GSE292299	GSM8855719_DLBCL_P1	DLBCL	CXCL chemokine	endothelial	7	7	CXCL9,CXCL10,CXCL11,CXCR3,CXCR4,ISG15,STAT1	2	0.14285714	2.2447829	0.063639627	0.5	0.4	0	18085	12413	29053600
GSE292299	GSM8855719_DLBCL_P1	DLBCL	CXCL chemokine	ambiguous_or_low_signal	7	7	CXCL9,CXCL10,CXCL11,CXCR3,CXCR4,ISG15,STAT1	254	0.64229471	2.2779129	0.28196632	0.86220472	0.8	0	18085	12413	29053600
GSE292299	GSM8855719_DLBCL_P1	DLBCL	ECM-integrin	tumor_like	9	9	COL1A1,COL1A2,COL3A1,FN1,ITGA2,ITGAV,ITGB1,ACTA2,TAGLN	1	0	0.51367852	1.9467429e-09	0	0.2	0	18085	12413	29053600
GSE292299	GSM8855719_DLBCL_P1	DLBCL	ECM-integrin	immune	9	9	COL1A1,COL1A2,COL3A1,FN1,ITGA2,ITGAV,ITGB1,ACTA2,TAGLN	12094	0.50716609	0.758969	0.66823031	0.93939143	0.6	0	18085	12413	29053600
GSE292299	GSM8855719_DLBCL_P1	DLBCL	ECM-integrin	stroma_fibroblast	9	9	COL1A1,COL1A2,COL3A1,FN1,ITGA2,ITGAV,ITGB1,ACTA2,TAGLN	62	0.92293907	0.51158251	1.8040864	0.91935484	1	1	18085	12413	29053600
GSE292299	GSM8855719_DLBCL_P1	DLBCL	ECM-integrin	endothelial	9	9	COL1A1,COL1A2,COL3A1,FN1,ITGA2,ITGAV,ITGB1,ACTA2,TAGLN	2	0.055555556	0.51371096	0.10814556	0.5	0.4	0	18085	12413	29053600
GSE292299	GSM8855719_DLBCL_P1	DLBCL	ECM-integrin	ambiguous_or_low_signal	9	9	COL1A1,COL1A2,COL3A1,FN1,ITGA2,ITGAV,ITGB1,ACTA2,TAGLN	254	0.72747157	0.50917016	1.4287396	0.94094488	0.8	1	18085	12413	29053600
GSE292299	GSM8855719_DLBCL_P1	DLBCL	EGF/ERBB	tumor_like	8	8	EGFR,EGR1,FOS,JUN,DUSP6,SPRY2,AREG,EREG	1	0	0.17534442	5.7030613e-09	0	0.2	0	18085	12413	29053600
GSE292299	GSM8855719_DLBCL_P1	DLBCL	EGF/ERBB	immune	8	8	EGFR,EGR1,FOS,JUN,DUSP6,SPRY2,AREG,EREG	12094	0.17699893	0.11206897	1.579375	0.72788159	0.8	1	18085	12413	29053600
GSE292299	GSM8855719_DLBCL_P1	DLBCL	EGF/ERBB	stroma_fibroblast	8	8	EGFR,EGR1,FOS,JUN,DUSP6,SPRY2,AREG,EREG	62	0.10282258	0.17569428	0.58523581	0.4516129	0.4	0	18085	12413	29053600
GSE292299	GSM8855719_DLBCL_P1	DLBCL	EGF/ERBB	endothelial	8	8	EGFR,EGR1,FOS,JUN,DUSP6,SPRY2,AREG,EREG	2	0.1875	0.17532834	1.0694221	1	1	0	18085	12413	29053600
GSE292299	GSM8855719_DLBCL_P1	DLBCL	EGF/ERBB	ambiguous_or_low_signal	8	8	EGFR,EGR1,FOS,JUN,DUSP6,SPRY2,AREG,EREG	254	0.11417323	0.17660786	0.64647874	0.51181102	0.6	0	18085	12413	29053600
GSE292299	GSM8855719_DLBCL_P1	DLBCL	MIF	tumor_like	7	5	CD74,CXCR4,CXCR2,NFKBIA,IL1B	1	0.4	7.554544	0.052948266	1	0.2	0	18085	12413	29053600
GSE292299	GSM8855719_DLBCL_P1	DLBCL	MIF	immune	7	5	CD74,CXCR4,CXCR2,NFKBIA,IL1B	12094	7.6917314	2.3310345	3.2997073	0.99966926	1	1	18085	12413	29053600
GSE292299	GSM8855719_DLBCL_P1	DLBCL	MIF	stroma_fibroblast	7	5	CD74,CXCR4,CXCR2,NFKBIA,IL1B	62	1.6387097	7.5836612	0.21608424	1	0.6	0	18085	12413	29053600
GSE292299	GSM8855719_DLBCL_P1	DLBCL	MIF	endothelial	7	5	CD74,CXCR4,CXCR2,NFKBIA,IL1B	2	1.6	7.5549271	0.21178232	1	0.4	0	18085	12413	29053600
GSE292299	GSM8855719_DLBCL_P1	DLBCL	MIF	ambiguous_or_low_signal	7	5	CD74,CXCR4,CXCR2,NFKBIA,IL1B	254	2.5133858	7.6592647	0.32814975	0.99606299	0.8	0	18085	12413	29053600
GSE292299	GSM8855719_DLBCL_P1	DLBCL	NOTCH	tumor_like	7	7	HES1,HEY1,HEY2,NOTCH1,NOTCH2,DLL4,JAG1	1	0	0.12562727	7.9600549e-09	0	0.2	0	18085	12413	29053600
GSE292299	GSM8855719_DLBCL_P1	DLBCL	NOTCH	immune	7	7	HES1,HEY1,HEY2,NOTCH1,NOTCH2,DLL4,JAG1	12094	0.12741855	0.057321988	2.2228565	0.56606582	1	1	18085	12413	29053600
GSE292299	GSM8855719_DLBCL_P1	DLBCL	NOTCH	stroma_fibroblast	7	7	HES1,HEY1,HEY2,NOTCH1,NOTCH2,DLL4,JAG1	62	0.034562212	0.12607423	0.27414176	0.19354839	0.4	0	18085	12413	29053600
GSE292299	GSM8855719_DLBCL_P1	DLBCL	NOTCH	endothelial	7	7	HES1,HEY1,HEY2,NOTCH1,NOTCH2,DLL4,JAG1	2	0.071428571	0.12562588	0.56858164	0.5	0.8	0	18085	12413	29053600
GSE292299	GSM8855719_DLBCL_P1	DLBCL	NOTCH	ambiguous_or_low_signal	7	7	HES1,HEY1,HEY2,NOTCH1,NOTCH2,DLL4,JAG1	254	0.062992126	0.12692538	0.49629259	0.32677165	0.6	0	18085	12413	29053600
GSE292299	GSM8855719_DLBCL_P1	DLBCL	SPP1	tumor_like	6	6	SPP1,CD44,ITGAV,ITGB1,FN1,MMP9	1	0	0.74774412	1.3373559e-09	0	0.2	0	18085	12413	29053600
GSE292299	GSM8855719_DLBCL_P1	DLBCL	SPP1	immune	6	6	SPP1,CD44,ITGAV,ITGB1,FN1,MMP9	12094	0.76032192	0.26854754	2.8312377	0.92798082	1	1	18085	12413	29053600
GSE292299	GSM8855719_DLBCL_P1	DLBCL	SPP1	stroma_fibroblast	6	6	SPP1,CD44,ITGAV,ITGB1,FN1,MMP9	62	0.20967742	0.75038458	0.27942661	0.4516129	0.6	0	18085	12413	29053600
GSE292299	GSM8855719_DLBCL_P1	DLBCL	SPP1	endothelial	6	6	SPP1,CD44,ITGAV,ITGB1,FN1,MMP9	2	0.16666667	0.74777751	0.2228827	1	0.4	0	18085	12413	29053600
GSE292299	GSM8855719_DLBCL_P1	DLBCL	SPP1	ambiguous_or_low_signal	6	6	SPP1,CD44,ITGAV,ITGB1,FN1,MMP9	254	0.2847769	0.75735395	0.37601561	0.62598425	0.8	0	18085	12413	29053600
GSE292299	GSM8855719_DLBCL_P1	DLBCL	TGFB	tumor_like	8	7	SERPINE1,SMAD7,CCN2,COL1A1,COL1A2,FN1,ACTA2	1	0	0.34334285	2.9125406e-09	0	0.4	0	18085	12413	29053600
GSE292299	GSM8855719_DLBCL_P1	DLBCL	TGFB	immune	8	7	SERPINE1,SMAD7,CCN2,COL1A1,COL1A2,FN1,ACTA2	12094	0.33843228	0.52843708	0.64044007	0.82933686	0.6	0	18085	12413	29053600
GSE292299	GSM8855719_DLBCL_P1	DLBCL	TGFB	stroma_fibroblast	8	7	SERPINE1,SMAD7,CCN2,COL1A1,COL1A2,FN1,ACTA2	62	0.70737327	0.34148768	2.071446	0.70967742	1	1	18085	12413	29053600
GSE292299	GSM8855719_DLBCL_P1	DLBCL	TGFB	endothelial	8	7	SERPINE1,SMAD7,CCN2,COL1A1,COL1A2,FN1,ACTA2	2	0	0.34337051	2.912306e-09	0	0.4	0	18085	12413	29053600
GSE292299	GSM8855719_DLBCL_P1	DLBCL	TGFB	ambiguous_or_low_signal	8	7	SERPINE1,SMAD7,CCN2,COL1A1,COL1A2,FN1,ACTA2	254	0.49100112	0.34023005	1.4431445	0.81102362	0.8	1	18085	12413	29053600
GSE292299	GSM8855719_DLBCL_P1	DLBCL	VEGF	tumor_like	7	7	KDR,FLT1,VWF,PECAM1,PLVAP,ENG,ESAM	1	0	0.30098752	3.3223968e-09	0	0.2	0	18085	12413	29053600
GSE292299	GSM8855719_DLBCL_P1	DLBCL	VEGF	immune	7	7	KDR,FLT1,VWF,PECAM1,PLVAP,ENG,ESAM	12094	0.30362163	0.20017913	1.5167497	0.83016372	0.8	1	18085	12413	29053600
GSE292299	GSM8855719_DLBCL_P1	DLBCL	VEGF	stroma_fibroblast	7	7	KDR,FLT1,VWF,PECAM1,PLVAP,ENG,ESAM	62	0.11981567	0.30187261	0.39690805	0.53225806	0.4	0	18085	12413	29053600
GSE292299	GSM8855719_DLBCL_P1	DLBCL	VEGF	endothelial	7	7	KDR,FLT1,VWF,PECAM1,PLVAP,ENG,ESAM	2	0.35714286	0.30095422	1.1867016	1	1	0	18085	12413	29053600
GSE292299	GSM8855719_DLBCL_P1	DLBCL	VEGF	ambiguous_or_low_signal	7	7	KDR,FLT1,VWF,PECAM1,PLVAP,ENG,ESAM	254	0.21934758	0.30266822	0.72471297	0.68110236	0.6	0	18085	12413	29053600
GSE292299	GSM8855719_DLBCL_P1	DLBCL	WNT	tumor_like	7	7	AXIN2,LEF1,TCF7,DKK1,FZD5,JUN,FOS	1	0	0.20788638	4.81032e-09	0	0.2	0	18085	12413	29053600
GSE292299	GSM8855719_DLBCL_P1	DLBCL	WNT	immune	7	7	AXIN2,LEF1,TCF7,DKK1,FZD5,JUN,FOS	12094	0.21024593	0.11777877	1.7850919	0.7347445	0.8	1	18085	12413	29053600
GSE292299	GSM8855719_DLBCL_P1	DLBCL	WNT	stroma_fibroblast	7	7	AXIN2,LEF1,TCF7,DKK1,FZD5,JUN,FOS	62	0.085253456	0.20848514	0.40891862	0.33870968	0.4	0	18085	12413	29053600
GSE292299	GSM8855719_DLBCL_P1	DLBCL	WNT	endothelial	7	7	AXIN2,LEF1,TCF7,DKK1,FZD5,JUN,FOS	2	0.21428571	0.2078686	1.030871	0.5	1	0	18085	12413	29053600
GSE292299	GSM8855719_DLBCL_P1	DLBCL	WNT	ambiguous_or_low_signal	7	7	AXIN2,LEF1,TCF7,DKK1,FZD5,JUN,FOS	254	0.12542182	0.20959195	0.59840953	0.50787402	0.6	0	18085	12413	29053600
GSE292299	GSM8855720_DLBCL_P2	DLBCL	CCL chemokine	tumor_like	6	6	CCL2,CCL3,CCL4,CCR2,LST1,IL1B	24	0.027777778	0.33530572	0.08284314	0.16666667	0.6	0	18085	13713	22620443
GSE292299	GSM8855720_DLBCL_P2	DLBCL	CCL chemokine	immune	6	6	CCL2,CCL3,CCL4,CCR2,LST1,IL1B	12745	0.35752583	0.035123967	10.17897	0.70051	1	1	18085	13713	22620443
GSE292299	GSM8855720_DLBCL_P2	DLBCL	CCL chemokine	stroma_fibroblast	6	6	CCL2,CCL3,CCL4,CCR2,LST1,IL1B	260	0.025641026	0.34074184	0.075250596	0.14230769	0.4	0	18085	13713	22620443
GSE292299	GSM8855720_DLBCL_P2	DLBCL	CCL chemokine	endothelial	6	6	CCL2,CCL3,CCL4,CCR2,LST1,IL1B	49	0.017006803	0.33590701	0.0506295	0.10204082	0.2	0	18085	13713	22620443
GSE292299	GSM8855720_DLBCL_P2	DLBCL	CCL chemokine	ambiguous_or_low_signal	6	6	CCL2,CCL3,CCL4,CCR2,LST1,IL1B	635	0.040682415	0.34904675	0.11655291	0.19212598	0.8	0	18085	13713	22620443
GSE292299	GSM8855720_DLBCL_P2	DLBCL	CXCL chemokine	tumor_like	7	7	CXCL9,CXCL10,CXCL11,CXCR3,CXCR4,ISG15,STAT1	24	0.10119048	1.8910491	0.053510232	0.41666667	0.4	0	18085	13713	22620443
GSE292299	GSM8855720_DLBCL_P2	DLBCL	CXCL chemokine	immune	7	7	CXCL9,CXCL10,CXCL11,CXCR3,CXCR4,ISG15,STAT1	12745	2.0192569	0.15864817	12.727892	0.92287171	1	1	18085	13713	22620443
GSE292299	GSM8855720_DLBCL_P2	DLBCL	CXCL chemokine	stroma_fibroblast	7	7	CXCL9,CXCL10,CXCL11,CXCR3,CXCR4,ISG15,STAT1	260	0.12417582	1.9220036	0.064607489	0.50769231	0.6	0	18085	13713	22620443
GSE292299	GSM8855720_DLBCL_P2	DLBCL	CXCL chemokine	endothelial	7	7	CXCL9,CXCL10,CXCL11,CXCR3,CXCR4,ISG15,STAT1	49	0.075801749	1.8944149	0.040013277	0.36734694	0.2	0	18085	13713	22620443
GSE292299	GSM8855720_DLBCL_P2	DLBCL	CXCL chemokine	ambiguous_or_low_signal	7	7	CXCL9,CXCL10,CXCL11,CXCR3,CXCR4,ISG15,STAT1	635	0.18132733	1.9707797	0.092007916	0.55748031	0.8	0	18085	13713	22620443
GSE292299	GSM8855720_DLBCL_P2	DLBCL	ECM-integrin	tumor_like	9	9	COL1A1,COL1A2,COL3A1,FN1,ITGA2,ITGAV,ITGB1,ACTA2,TAGLN	24	0.027777778	0.53088855	0.052323183	0.20833333	0.2	0	18085	13713	22620443
GSE292299	GSM8855720_DLBCL_P2	DLBCL	ECM-integrin	immune	9	9	COL1A1,COL1A2,COL3A1,FN1,ITGA2,ITGAV,ITGB1,ACTA2,TAGLN	12745	0.55398631	0.21430211	2.5850716	0.84527266	1	1	18085	13713	22620443
GSE292299	GSM8855720_DLBCL_P2	DLBCL	ECM-integrin	stroma_fibroblast	9	9	COL1A1,COL1A2,COL3A1,FN1,ITGA2,ITGAV,ITGB1,ACTA2,TAGLN	260	0.26965812	0.53503969	0.50399648	0.88461538	0.8	0	18085	13713	22620443
GSE292299	GSM8855720_DLBCL_P2	DLBCL	ECM-integrin	endothelial	9	9	COL1A1,COL1A2,COL3A1,FN1,ITGA2,ITGAV,ITGB1,ACTA2,TAGLN	49	0.052154195	0.53172164	0.098085525	0.34693878	0.4	0	18085	13713	22620443
GSE292299	GSM8855720_DLBCL_P2	DLBCL	ECM-integrin	ambiguous_or_low_signal	9	9	COL1A1,COL1A2,COL3A1,FN1,ITGA2,ITGAV,ITGB1,ACTA2,TAGLN	635	0.2111986	0.54548776	0.38717386	0.66456693	0.6	0	18085	13713	22620443
GSE292299	GSM8855720_DLBCL_P2	DLBCL	EGF/ERBB	tumor_like	8	8	EGFR,EGR1,FOS,JUN,DUSP6,SPRY2,AREG,EREG	24	0.015625	0.10422602	0.14991459	0.125	0.2	0	18085	13713	22620443
GSE292299	GSM8855720_DLBCL_P2	DLBCL	EGF/ERBB	immune	8	8	EGFR,EGR1,FOS,JUN,DUSP6,SPRY2,AREG,EREG	12745	0.10822872	0.049328512	2.1940397	0.5069439	1	1	18085	13713	22620443
GSE292299	GSM8855720_DLBCL_P2	DLBCL	EGF/ERBB	stroma_fibroblast	8	8	EGFR,EGR1,FOS,JUN,DUSP6,SPRY2,AREG,EREG	260	0.060576923	0.10491154	0.57740951	0.30384615	0.8	0	18085	13713	22620443
GSE292299	GSM8855720_DLBCL_P2	DLBCL	EGF/ERBB	endothelial	8	8	EGFR,EGR1,FOS,JUN,DUSP6,SPRY2,AREG,EREG	49	0.035714286	0.10431609	0.34236605	0.2244898	0.4	0	18085	13713	22620443
GSE292299	GSM8855720_DLBCL_P2	DLBCL	EGF/ERBB	ambiguous_or_low_signal	8	8	EGFR,EGR1,FOS,JUN,DUSP6,SPRY2,AREG,EREG	635	0.047047244	0.10683973	0.44035346	0.2488189	0.6	0	18085	13713	22620443
GSE292299	GSM8855720_DLBCL_P2	DLBCL	MIF	tumor_like	7	5	CD74,CXCR4,CXCR2,NFKBIA,IL1B	24	0.275	4.0001899	0.068746736	0.66666667	0.2	0	18085	13713	22620443
GSE292299	GSM8855720_DLBCL_P2	DLBCL	MIF	immune	7	5	CD74,CXCR4,CXCR2,NFKBIA,IL1B	12745	4.2559435	0.54049587	7.8741462	0.9715967	1	1	18085	13713	22620443
GSE292299	GSM8855720_DLBCL_P2	DLBCL	MIF	stroma_fibroblast	7	5	CD74,CXCR4,CXCR2,NFKBIA,IL1B	260	0.41384615	4.0628559	0.1018609	0.81153846	0.6	0	18085	13713	22620443
GSE292299	GSM8855720_DLBCL_P2	DLBCL	MIF	endothelial	7	5	CD74,CXCR4,CXCR2,NFKBIA,IL1B	49	0.31428571	4.0068648	0.078436816	0.81632653	0.4	0	18085	13713	22620443
GSE292299	GSM8855720_DLBCL_P2	DLBCL	MIF	ambiguous_or_low_signal	7	5	CD74,CXCR4,CXCR2,NFKBIA,IL1B	635	0.61984252	4.1574859	0.14909071	0.78740157	0.8	0	18085	13713	22620443
GSE292299	GSM8855720_DLBCL_P2	DLBCL	NOTCH	tumor_like	7	7	HES1,HEY1,HEY2,NOTCH1,NOTCH2,DLL4,JAG1	24	0.029761905	0.098421047	0.30239371	0.125	0.8	0	18085	13713	22620443
GSE292299	GSM8855720_DLBCL_P2	DLBCL	NOTCH	immune	7	7	HES1,HEY1,HEY2,NOTCH1,NOTCH2,DLL4,JAG1	12745	0.10363728	0.028040142	3.6960326	0.46771283	1	1	18085	13713	22620443
GSE292299	GSM8855720_DLBCL_P2	DLBCL	NOTCH	stroma_fibroblast	7	7	HES1,HEY1,HEY2,NOTCH1,NOTCH2,DLL4,JAG1	260	0.023626374	0.099744083	0.23686994	0.15384615	0.2	0	18085	13713	22620443
GSE292299	GSM8855720_DLBCL_P2	DLBCL	NOTCH	endothelial	7	7	HES1,HEY1,HEY2,NOTCH1,NOTCH2,DLL4,JAG1	49	0.029154519	0.098548846	0.29583827	0.16326531	0.4	0	18085	13713	22620443
GSE292299	GSM8855720_DLBCL_P2	DLBCL	NOTCH	ambiguous_or_low_signal	7	7	HES1,HEY1,HEY2,NOTCH1,NOTCH2,DLL4,JAG1	635	0.029696288	0.10163197	0.29219437	0.17795276	0.6	0	18085	13713	22620443
GSE292299	GSM8855720_DLBCL_P2	DLBCL	SPP1	tumor_like	6	6	SPP1,CD44,ITGAV,ITGB1,FN1,MMP9	24	0.034722222	0.63645993	0.054555238	0.20833333	0.2	0	18085	13713	22620443
GSE292299	GSM8855720_DLBCL_P2	DLBCL	SPP1	immune	6	6	SPP1,CD44,ITGAV,ITGB1,FN1,MMP9	12745	0.67767752	0.078856749	8.5937795	0.80015692	1	1	18085	13713	22620443
GSE292299	GSM8855720_DLBCL_P2	DLBCL	SPP1	stroma_fibroblast	6	6	SPP1,CD44,ITGAV,ITGB1,FN1,MMP9	260	0.067307692	0.64638618	0.10412923	0.27307692	0.6	0	18085	13713	22620443
GSE292299	GSM8855720_DLBCL_P2	DLBCL	SPP1	endothelial	6	6	SPP1,CD44,ITGAV,ITGB1,FN1,MMP9	49	0.057823129	0.63747804	0.090706073	0.30612245	0.4	0	18085	13713	22620443
GSE292299	GSM8855720_DLBCL_P2	DLBCL	SPP1	ambiguous_or_low_signal	6	6	SPP1,CD44,ITGAV,ITGB1,FN1,MMP9	635	0.08687664	0.66204058	0.13122555	0.35433071	0.8	0	18085	13713	22620443
GSE292299	GSM8855720_DLBCL_P2	DLBCL	TGFB	tumor_like	8	7	SERPINE1,SMAD7,CCN2,COL1A1,COL1A2,FN1,ACTA2	24	0.017857143	0.40224163	0.044394071	0.125	0.2	0	18085	13713	22620443
GSE292299	GSM8855720_DLBCL_P2	DLBCL	TGFB	immune	8	7	SERPINE1,SMAD7,CCN2,COL1A1,COL1A2,FN1,ACTA2	12745	0.42205907	0.13178867	3.2025445	0.73675951	1	1	18085	13713	22620443
GSE292299	GSM8855720_DLBCL_P2	DLBCL	TGFB	stroma_fibroblast	8	7	SERPINE1,SMAD7,CCN2,COL1A1,COL1A2,FN1,ACTA2	260	0.14725275	0.40648395	0.36225969	0.6	0.8	0	18085	13713	22620443
GSE292299	GSM8855720_DLBCL_P2	DLBCL	TGFB	endothelial	8	7	SERPINE1,SMAD7,CCN2,COL1A1,COL1A2,FN1,ACTA2	49	0.040816327	0.40286258	0.10131576	0.26530612	0.4	0	18085	13713	22620443
GSE292299	GSM8855720_DLBCL_P2	DLBCL	TGFB	ambiguous_or_low_signal	8	7	SERPINE1,SMAD7,CCN2,COL1A1,COL1A2,FN1,ACTA2	635	0.1367829	0.41442553	0.33005423	0.4503937	0.6	0	18085	13713	22620443
GSE292299	GSM8855720_DLBCL_P2	DLBCL	VEGF	tumor_like	7	7	KDR,FLT1,VWF,PECAM1,PLVAP,ENG,ESAM	24	0.023809524	0.22452856	0.1060423	0.16666667	0.2	0	18085	13713	22620443
GSE292299	GSM8855720_DLBCL_P2	DLBCL	VEGF	immune	7	7	KDR,FLT1,VWF,PECAM1,PLVAP,ENG,ESAM	12745	0.23499412	0.08175915	2.874224	0.68018831	0.8	1	18085	13713	22620443
GSE292299	GSM8855720_DLBCL_P2	DLBCL	VEGF	stroma_fibroblast	7	7	KDR,FLT1,VWF,PECAM1,PLVAP,ENG,ESAM	260	0.047252747	0.22759661	0.20761622	0.26153846	0.4	0	18085	13713	22620443
GSE292299	GSM8855720_DLBCL_P2	DLBCL	VEGF	endothelial	7	7	KDR,FLT1,VWF,PECAM1,PLVAP,ENG,ESAM	49	0.25947522	0.22405069	1.1581095	0.97959184	1	0	18085	13713	22620443
GSE292299	GSM8855720_DLBCL_P2	DLBCL	VEGF	ambiguous_or_low_signal	7	7	KDR,FLT1,VWF,PECAM1,PLVAP,ENG,ESAM	635	0.084364454	0.23096585	0.36526809	0.40314961	0.6	0	18085	13713	22620443
GSE292299	GSM8855720_DLBCL_P2	DLBCL	WNT	tumor_like	7	7	AXIN2,LEF1,TCF7,DKK1,FZD5,JUN,FOS	24	0.029761905	0.10097784	0.29473699	0.16666667	0.2	0	18085	13713	22620443
GSE292299	GSM8855720_DLBCL_P2	DLBCL	WNT	immune	7	7	AXIN2,LEF1,TCF7,DKK1,FZD5,JUN,FOS	12745	0.10474696	0.049586777	2.112397	0.4659082	1	1	18085	13713	22620443
GSE292299	GSM8855720_DLBCL_P2	DLBCL	WNT	stroma_fibroblast	7	7	AXIN2,LEF1,TCF7,DKK1,FZD5,JUN,FOS	260	0.056043956	0.10171921	0.55096726	0.25384615	0.8	0	18085	13713	22620443
GSE292299	GSM8855720_DLBCL_P2	DLBCL	WNT	endothelial	7	7	AXIN2,LEF1,TCF7,DKK1,FZD5,JUN,FOS	49	0.043731778	0.10105805	0.43273921	0.26530612	0.4	0	18085	13713	22620443
GSE292299	GSM8855720_DLBCL_P2	DLBCL	WNT	ambiguous_or_low_signal	7	7	AXIN2,LEF1,TCF7,DKK1,FZD5,JUN,FOS	635	0.048143982	0.10341249	0.46555287	0.23779528	0.6	0	18085	13713	22620443
